[LOG 15:44:13.774] ******* Log Initiated for Kerbal Space Program - 1.12.5.3190 (WindowsPlayer x64) fr-fr *******
Kerbal Space Program - 1.12.5.3190 (WindowsPlayer x64) fr-fr


OS: Windows 10  (10.0.0) 64bit
CPU: Intel(R) Core(TM) Ultra 7 155H (22)
RAM: 32265
GPU: Intel(R) Arc(TM) Pro Graphics (18391MB)
SM: 50 (Direct3D 11.0 [level 11.1])
RT Formats: ARGB32, Depth, ARGBHalf, Shadowmap, RGB565, ARGB4444, ARGB1555, Default, ARGB2101010, DefaultHDR, ARGB64, ARGBFloat, RGFloat, RGHalf, RFloat, RHalf, R8, ARGBInt, RGInt, RInt, BGRA32, RGB111110Float, RG32, RGBAUShort, RG16, BGRA10101010_XR, BGR101010_XR, R16


Log started: Wed, Sep 23, 2026 15:44:13


[LOG 15:44:13.791] ActionCanvas MASK: 3458764513820540928
[LOG 15:44:13.792] AppCanvas MASK: 3458764513820540928
[LOG 15:44:13.793] MainCanvas MASK: 3458764513820540928
[LOG 15:44:14.914] Load(Assembly): /ModuleManager.4.2.3
[LOG 15:44:14.915] AssemblyLoader: Loading assembly at C:\Users\lhervier\Perso\ksp-dev\GameData\ModuleManager.4.2.3.dll
[LOG 15:44:14.935] AssemblyLoader: KSPAssembly 'ModuleManager' V2.5.0
[LOG 15:44:14.935] Load(Assembly): 000_Harmony/0Harmony
[LOG 15:44:14.935] AssemblyLoader: Loading assembly at C:\Users\lhervier\Perso\ksp-dev\GameData\000_Harmony\0Harmony.dll
[LOG 15:44:14.939] Load(Assembly): 000_Harmony/HarmonyInstallChecker
[LOG 15:44:14.939] AssemblyLoader: Loading assembly at C:\Users\lhervier\Perso\ksp-dev\GameData\000_Harmony\HarmonyInstallChecker.dll
[LOG 15:44:14.940] AssemblyLoader: KSPAssembly 'HarmonyKSP' V1.0.0
[LOG 15:44:14.940] Load(Assembly): KSPCommunityFixes/Plugins/0_MultipleModuleInPartAPI
[LOG 15:44:14.940] AssemblyLoader: Loading assembly at C:\Users\lhervier\Perso\ksp-dev\GameData\KSPCommunityFixes\Plugins\0_MultipleModuleInPartAPI.dll
[LOG 15:44:14.941] AssemblyLoader: KSPAssembly 'MultipleModulePartAPI' V1.0.0
[LOG 15:44:14.941] Load(Assembly): KSPCommunityFixes/Plugins/KSPCommunityFixes
[LOG 15:44:14.941] AssemblyLoader: Loading assembly at C:\Users\lhervier\Perso\ksp-dev\GameData\KSPCommunityFixes\Plugins\KSPCommunityFixes.dll
[LOG 15:44:14.948] AssemblyLoader: KSPAssembly 'KSPCommunityFixes' V1.41.1
[LOG 15:44:14.949] AssemblyLoader: KSPAssemblyDependency 'HarmonyKSP' V1.0.0
[LOG 15:44:14.949] AssemblyLoader: KSPAssemblyDependency 'ModuleManager' V1.0.0
[LOG 15:44:14.949] AssemblyLoader: KSPAssemblyDependency 'MultipleModulePartAPI' V1.0.0
[LOG 15:44:14.949] Load(Assembly): Squad/Plugins/KSPSteamCtrlr
[LOG 15:44:14.949] AssemblyLoader: Loading assembly at C:\Users\lhervier\Perso\ksp-dev\GameData\Squad\Plugins\KSPSteamCtrlr.dll
[LOG 15:44:14.951] Load(Assembly): TerrainPrecisionFixDiagMod/TerrainPrecisionFixDiagMod
[LOG 15:44:14.951] AssemblyLoader: Loading assembly at C:\Users\lhervier\Perso\ksp-dev\GameData\TerrainPrecisionFixDiagMod\TerrainPrecisionFixDiagMod.dll
[LOG 15:44:14.952] AssemblyLoader: Loading assemblies
[LOG 15:44:15.018] VesselModules: Found VesselModule of type AxisGroupsModule with order 999
[LOG 15:44:15.051] VesselModules: Found VesselModule of type CometVessel with order 999
[LOG 15:44:15.053] VesselModules: Found VesselModule of type SuspensionLoadBalancer with order 999
[LOG 15:44:15.054] VesselModules: Found VesselModule of type FlightIntegrator with order 0
[LOG 15:44:15.057] VesselModules: Found VesselModule of type CommNetVessel with order 999
[LOG 15:44:15.060] VesselModules: Found 5 VesselModule types
[LOG 15:44:15.068] 
************************************************************************

Environment Info
Win32NT 7FFFFFFFFFFFFFFF  Args: KSP_x64.exe 

Mod DLLs found:
Stock assembly: Assembly-CSharp v0.0.0.0
ModuleManager v4.2.3.0
0Harmony v2.2.1.0
HarmonyInstallChecker v2.2.1.0
0_MultipleModuleInPartAPI v1.0.0.0 / v1.0.0+7969fdc50bf4e350193abe5ba2e89533b12ca02f
KSPCommunityFixes v1.41.0.0 / v1.41.1+7969fdc50bf4e350193abe5ba2e89533b12ca02f / v1.41.1.0
Stock assembly: KSPSteamCtrlr v0.0.1.35
TerrainPrecisionFixDiagMod v1.0.9762.27666

Folders and files in GameData:
000_Harmony
KSPCommunityFixes
Stock folder: Squad

Stock folder: SquadExpansion

TerrainPrecisionFixDiagMod
ModuleManager.4.2.3.dll
ModuleManager.ConfigCache
ModuleManager.ConfigSHA
ModuleManager.Physics
ModuleManager.TechTree

************************************************************************

[LOG 15:44:15.079] [AddonLoader]: Instantiating addon 'ModuleManager' from assembly 'ModuleManager'
[LOG 15:44:15.089] [ModuleManager] Adding post patch to the loading screen 4
[LOG 15:44:15.091] [ModuleManager] Patching started on a new thread, all output will be directed to C:\Users\lhervier\Perso\ksp-dev\Logs\ModuleManager\ModuleManager.log
[LOG 15:44:15.094] [AddonLoader]: Instantiating addon 'HarmonyInstallChecker' from assembly 'HarmonyKSP'
[LOG 15:44:15.095] [AddonLoader]: Instantiating addon 'KSPCommunityFixes' from assembly 'KSPCommunityFixes'
[LOG 15:44:15.096] [AddonLoader]: Instantiating addon 'NoIVA' from assembly 'KSPCommunityFixes'
[LOG 15:44:15.096] [AddonLoader]: Instantiating addon 'ConfigNodePerf' from assembly 'KSPCommunityFixes'
[LOG 15:44:15.283] [AddonLoader]: Instantiating addon 'KSPCFFastLoader' from assembly 'KSPCommunityFixes'
[LOG 15:44:15.285] [KSPCF] Injecting FastLoader...
[LOG 15:44:15.307] [KSPCommunityFixes] Patch GameDatabasePerf applied.
[LOG 15:44:15.373] [AddonLoader]: Instantiating addon 'ReflectionTypeLoadExceptionHandler' from assembly 'KSPCommunityFixes'
[LOG 15:44:15.375] [AddonLoader]: Instantiating addon 'KSPSteamController' from assembly 'KSPSteamCtrlr'
[LOG 15:44:16.648] [KSPCF] Taking over stock loader. An exception will follow, this is intended.
[EXC 15:44:16.651] Exception: Terminating stock loader coroutine, this is intended and not an error
	KSPCommunityFixes.Performance.KSPCFFastLoader.GameDatabase_SetupMainLoaders_Prefix () (at <62bb7f5420994f409a34377c091e8538>:0)
	(wrapper dynamic-method) GameDatabase.GameDatabase.SetupMainLoaders_Patch1(GameDatabase)
	GameDatabase+<LoadObjects>d__90.MoveNext () (at <4b449f2841f84227adfaad3149c8fdba>:0)
	UnityEngine.SetupCoroutine.InvokeMoveNext (System.Collections.IEnumerator enumerator, System.IntPtr returnValueAddress) (at <12e76cd50cc64cf19e759e981cb725af>:0)
	UnityEngine.DebugLogHandler:LogException(Exception, Object)
	ModuleManager.UnityLogHandle.InterceptLogHandler:LogException(Exception, Object)
	UnityEngine.MonoBehaviour:StartCoroutine(IEnumerator)
	<CreateDatabase>d__71:MoveNext()
	UnityEngine.MonoBehaviour:StartCoroutine(IEnumerator)
	GameDatabase:StartLoad()
	<LoadSystems>d__11:MoveNext()
	UnityEngine.MonoBehaviour:StartCoroutine(IEnumerator)
	LoadingScreen:Start()
[LOG 15:44:16.780] Preloading Asset Bundle Definitions
[LOG 15:44:17.095] Load Audio: Squad/Alarms/Sounds/Chirps
[LOG 15:44:17.115] Load Audio: Squad/Alarms/Sounds/Classic
[LOG 15:44:17.116] Load Audio: Squad/Alarms/Sounds/ClockTower
[LOG 15:44:17.116] Load Audio: Squad/Alarms/Sounds/ComputerGlass1
[LOG 15:44:17.117] Load Audio: Squad/Alarms/Sounds/ComputerGlass2
[LOG 15:44:17.117] Load Audio: Squad/Alarms/Sounds/ComputerShort
[LOG 15:44:17.117] Load Audio: Squad/Alarms/Sounds/ComputerTriad
[LOG 15:44:17.118] Load Audio: Squad/Alarms/Sounds/DoorBell
[LOG 15:44:17.118] Load Audio: Squad/Alarms/Sounds/Glass
[LOG 15:44:17.118] Load Audio: Squad/Alarms/Sounds/Klaxon
[LOG 15:44:17.118] Load Audio: Squad/Alarms/Sounds/Mobile
[LOG 15:44:17.119] Load Audio: Squad/Alarms/Sounds/Morning
[LOG 15:44:17.119] Load Audio: Squad/Alarms/Sounds/OldClock
[LOG 15:44:17.119] Load Audio: Squad/Alarms/Sounds/OldHorn
[LOG 15:44:17.119] Load Audio: Squad/Alarms/Sounds/Ripple
[LOG 15:44:17.120] Load Audio: Squad/Sounds/editorLoop01
[LOG 15:44:17.120] Load Audio: Squad/Sounds/elev_loop
[LOG 15:44:17.120] Load Audio: Squad/Sounds/elev_start
[LOG 15:44:17.120] Load Audio: Squad/Sounds/elev_stop
[LOG 15:44:17.121] Load Audio: Squad/Sounds/fireworks_explosion_2
[LOG 15:44:17.121] Load Audio: Squad/Sounds/fireworks_explosion_3
[LOG 15:44:17.121] Load Audio: Squad/Sounds/fireworks_explosion_4
[LOG 15:44:17.121] Load Audio: Squad/Sounds/fireworks_launch_boom
[LOG 15:44:17.122] Load Audio: Squad/Sounds/fireworks_only_crackle_crackle_1
[LOG 15:44:17.122] Load Audio: Squad/Sounds/fireworks_only_crackle_dragon_1
[LOG 15:44:17.274] Load Audio: Squad/Sounds/fireworks_only_crackle_palm_1
[LOG 15:44:17.274] Load Audio: Squad/Sounds/fireworks_whistle
[LOG 15:44:17.274] Load Audio: Squad/Sounds/ksp1_banana_V2_01
[LOG 15:44:17.275] Load Audio: Squad/Sounds/ksp1_banana_V2_04
[LOG 15:44:17.275] Load Audio: Squad/Sounds/ksp1_banana_V2_05
[LOG 15:44:17.275] Load Audio: Squad/Sounds/ksp1_golf_swing_normal
[LOG 15:44:17.275] Load Audio: Squad/Sounds/ksp1_ground_anchor_v2_1
[LOG 15:44:17.275] Load Audio: Squad/Sounds/ksp1_strunts_disconnect_v3_pitched2
[LOG 15:44:17.275] Load Audio: Squad/Sounds/repairKit_repair1
[LOG 15:44:17.275] Load Audio: Squad/Sounds/repairKit_repair2
[LOG 15:44:17.276] Load Audio: Squad/Sounds/sound_ambience_nature
[LOG 15:44:17.276] Load Audio: Squad/Sounds/sound_click_flick
[LOG 15:44:17.276] Load Audio: Squad/Sounds/sound_click_latch
[LOG 15:44:17.276] Load Audio: Squad/Sounds/sound_click_sharp
[LOG 15:44:17.277] Load Audio: Squad/Sounds/sound_click_tick
[LOG 15:44:17.277] Load Audio: Squad/Sounds/sound_click_tock
[LOG 15:44:17.277] Load Audio: Squad/Sounds/sound_decoupler_fire
[LOG 15:44:17.277] Load Audio: Squad/Sounds/sound_delete_bin
[LOG 15:44:17.277] Load Audio: Squad/Sounds/sound_explosion_debris1
[LOG 15:44:17.277] Load Audio: Squad/Sounds/sound_explosion_debris2
[LOG 15:44:17.277] Load Audio: Squad/Sounds/sound_explosion_large
[LOG 15:44:17.278] Load Audio: Squad/Sounds/sound_rocket_mini
[LOG 15:44:17.278] Load Audio: Squad/Sounds/sound_rocket_spurts
[LOG 15:44:17.278] Load Audio: Squad/Sounds/sound_servomotor
[LOG 15:44:17.278] Load Audio: Squad/Sounds/sound_tab_extend
[LOG 15:44:17.285] Load Audio: Squad/Sounds/sound_tab_retreat
[LOG 15:44:17.286] Load Audio: SquadExpansion/Serenity/Sounds/robo_arm_large_end
[LOG 15:44:17.286] Load Audio: SquadExpansion/Serenity/Sounds/robo_arm_large_motor_00
[LOG 15:44:17.286] Load Audio: SquadExpansion/Serenity/Sounds/robo_arm_large_scan
[LOG 15:44:17.286] Load Audio: SquadExpansion/Serenity/Sounds/robo_arm_large_start
[LOG 15:44:17.286] Load Audio: SquadExpansion/Serenity/Sounds/robo_arm_medium_end
[LOG 15:44:17.286] Load Audio: SquadExpansion/Serenity/Sounds/robo_arm_medium_motor_00
[LOG 15:44:17.286] Load Audio: SquadExpansion/Serenity/Sounds/robo_arm_medium_scan
[LOG 15:44:17.287] Load Audio: SquadExpansion/Serenity/Sounds/robo_arm_medium_start
[LOG 15:44:17.287] Load Audio: SquadExpansion/Serenity/Sounds/robo_arm_small_end
[LOG 15:44:17.287] Load Audio: SquadExpansion/Serenity/Sounds/robo_arm_small_motor_00
[LOG 15:44:17.287] Load Audio: SquadExpansion/Serenity/Sounds/robo_arm_small_scan
[LOG 15:44:17.287] Load Audio: SquadExpansion/Serenity/Sounds/robo_arm_small_start
[LOG 15:44:17.287] Load Audio: SquadExpansion/Serenity/Sounds/sfx_cryoVolcano_burst
[LOG 15:44:17.287] Load Audio: SquadExpansion/Serenity/Sounds/sfx_cryoVolcano_idle
[LOG 15:44:17.288] Load Audio: SquadExpansion/Serenity/Sounds/sfx_deployable_booster_antena_end
[LOG 15:44:17.288] Load Audio: SquadExpansion/Serenity/Sounds/sfx_deployable_booster_antena_start
[LOG 15:44:17.288] Load Audio: SquadExpansion/Serenity/Sounds/sfx_deployable_central_station_end
[LOG 15:44:17.288] Load Audio: SquadExpansion/Serenity/Sounds/sfx_deployable_central_station_loop
[LOG 15:44:17.288] Load Audio: SquadExpansion/Serenity/Sounds/sfx_deployable_central_station_start
[LOG 15:44:17.288] Load Audio: SquadExpansion/Serenity/Sounds/sfx_deployable_detector_end
[LOG 15:44:17.288] Load Audio: SquadExpansion/Serenity/Sounds/sfx_deployable_detector_start
[LOG 15:44:17.289] Load Audio: SquadExpansion/Serenity/Sounds/sfx_deployable_GoObEd_end
[LOG 15:44:17.289] Load Audio: SquadExpansion/Serenity/Sounds/sfx_deployable_GoObEd_loop
[LOG 15:44:17.289] Load Audio: SquadExpansion/Serenity/Sounds/sfx_deployable_GoObEd_start
[LOG 15:44:17.325] Load Audio: SquadExpansion/Serenity/Sounds/sfx_deployable_rtg_end
[LOG 15:44:17.325] Load Audio: SquadExpansion/Serenity/Sounds/sfx_deployable_rtg_start
[LOG 15:44:17.325] Load Audio: SquadExpansion/Serenity/Sounds/sfx_deployable_seismometer_end
[LOG 15:44:17.325] Load Audio: SquadExpansion/Serenity/Sounds/sfx_deployable_seismometer_start
[LOG 15:44:17.325] Load Audio: SquadExpansion/Serenity/Sounds/sfx_deployable_solar_panel_end
[LOG 15:44:17.326] Load Audio: SquadExpansion/Serenity/Sounds/sfx_deployable_solar_panel_start
[LOG 15:44:17.326] Load Audio: SquadExpansion/Serenity/Sounds/sfx_deployable_weather_station_end
[LOG 15:44:17.326] Load Audio: SquadExpansion/Serenity/Sounds/sfx_deployable_weather_station_loop
[LOG 15:44:17.326] Load Audio: SquadExpansion/Serenity/Sounds/sfx_deployable_weather_station_start
[LOG 15:44:17.326] Load Audio: SquadExpansion/Serenity/Sounds/sfx_geyser_burst
[LOG 15:44:17.326] Load Audio: SquadExpansion/Serenity/Sounds/sfx_geyser_idle
[LOG 15:44:17.343] Load DDS texture: KSPCommunityFixes/MMPatches/StockTweaks/Icons/Clamp-O-Tron
[LOG 15:44:17.346] Load TRUECOLOR texture: KSPCommunityFixes/MMPatches/StockTweaks/Icons/Clamp-O-Tron_scaled
[LOG 15:44:17.346] Load DDS texture: KSPCommunityFixes/MMPatches/StockTweaks/Icons/FreeFallParachutes
[LOG 15:44:17.346] Load TRUECOLOR texture: KSPCommunityFixes/MMPatches/StockTweaks/Icons/FreeFallParachutes_scaled
[LOG 15:44:17.346] Load DDS texture: KSPCommunityFixes/MMPatches/StockTweaks/Icons/LightYearTireCompany
[LOG 15:44:17.346] Load TRUECOLOR texture: KSPCommunityFixes/MMPatches/StockTweaks/Icons/LightYearTireCompany_scaled
[LOG 15:44:17.346] Load DDS texture: KSPCommunityFixes/MMPatches/StockTweaks/Icons/StratusCorporation
[LOG 15:44:17.347] Load TRUECOLOR texture: KSPCommunityFixes/MMPatches/StockTweaks/Icons/StratusCorporation_scaled
[LOG 15:44:17.347] Load DDS texture: Squad/Agencies/C7AerospaceDivision
[LOG 15:44:17.347] Load TRUECOLOR texture: Squad/Agencies/C7AerospaceDivision_scaled
[LOG 15:44:17.347] Load DDS texture: Squad/Agencies/DinkelsteinKermansConstructionEmporium
[LOG 15:44:17.347] Load TRUECOLOR texture: Squad/Agencies/DinkelsteinKermansConstructionEmporium_scaled
[LOG 15:44:17.347] Load DDS texture: Squad/Agencies/ExperimentalEngineering
[LOG 15:44:17.347] Load TRUECOLOR texture: Squad/Agencies/ExperimentalEngineering_scaled
[LOG 15:44:17.348] Load DDS texture: Squad/Agencies/FlooydResearchLab
[LOG 15:44:17.348] Load TRUECOLOR texture: Squad/Agencies/FlooydResearchLab_scaled
[LOG 15:44:17.348] Load DDS texture: Squad/Agencies/GoliathNationalProducts
[LOG 15:44:17.348] Load TRUECOLOR texture: Squad/Agencies/GoliathNationalProducts_scaled
[LOG 15:44:17.348] Load DDS texture: Squad/Agencies/IntegratedIntegrals
[LOG 15:44:17.348] Load TRUECOLOR texture: Squad/Agencies/IntegratedIntegrals_scaled
[LOG 15:44:17.348] Load DDS texture: Squad/Agencies/IonicSymphonicProtonicElectronics
[LOG 15:44:17.348] Load TRUECOLOR texture: Squad/Agencies/IonicSymphonicProtonicElectronics_scaled
[LOG 15:44:17.349] Load DDS texture: Squad/Agencies/JebsJunkyard
[LOG 15:44:17.349] Load TRUECOLOR texture: Squad/Agencies/JebsJunkyard_scaled
[LOG 15:44:17.349] Load DDS texture: Squad/Agencies/KerbalMotion
[LOG 15:44:17.349] Load TRUECOLOR texture: Squad/Agencies/KerbalMotion_scaled
[LOG 15:44:17.350] Load DDS texture: Squad/Agencies/KerbinWorldFirstRecordKeepingSociety
[LOG 15:44:17.350] Load TRUECOLOR texture: Squad/Agencies/KerbinWorldFirstRecordKeepingSociety_scaled
[LOG 15:44:17.350] Load DDS texture: Squad/Agencies/Kerbodyne
[LOG 15:44:17.351] Load TRUECOLOR texture: Squad/Agencies/Kerbodyne_scaled
[LOG 15:44:17.351] Load DDS texture: Squad/Agencies/Kerlington
[LOG 15:44:17.351] Load TRUECOLOR texture: Squad/Agencies/Kerlington_scaled
[LOG 15:44:17.351] Load DDS texture: Squad/Agencies/MaxoConstructionToys
[LOG 15:44:17.351] Load TRUECOLOR texture: Squad/Agencies/MaxoConstructionToys_scaled
[LOG 15:44:17.352] Load DDS texture: Squad/Agencies/MovingPartsExpertsGroup
[LOG 15:44:17.352] Load TRUECOLOR texture: Squad/Agencies/MovingPartsExpertsGroup_scaled
[LOG 15:44:17.352] Load DDS texture: Squad/Agencies/OMBDemolition
[LOG 15:44:17.353] Load TRUECOLOR texture: Squad/Agencies/OMBDemolition_scaled
[LOG 15:44:17.353] Load DDS texture: Squad/Agencies/PeriapsisCo
[LOG 15:44:17.353] Load TRUECOLOR texture: Squad/Agencies/PeriapsisCo_scaled
[LOG 15:44:17.357] Load DDS texture: Squad/Agencies/Probodobodyne
[LOG 15:44:17.357] Load TRUECOLOR texture: Squad/Agencies/Probodobodyne_scaled
[LOG 15:44:17.357] Load DDS texture: Squad/Agencies/R&D
[LOG 15:44:17.357] Load TRUECOLOR texture: Squad/Agencies/R&D_scaled
[LOG 15:44:17.357] Load DDS texture: Squad/Agencies/ReactionSystemsLtd
[LOG 15:44:17.357] Load TRUECOLOR texture: Squad/Agencies/ReactionSystemsLtd_scaled
[LOG 15:44:17.358] Load DDS texture: Squad/Agencies/Rockomax
[LOG 15:44:17.358] Load TRUECOLOR texture: Squad/Agencies/Rockomax_scaled
[LOG 15:44:17.358] Load DDS texture: Squad/Agencies/Rokea
[LOG 15:44:17.359] Load TRUECOLOR texture: Squad/Agencies/Rokea_scaled
[LOG 15:44:17.359] Load DDS texture: Squad/Agencies/SeansCannery
[LOG 15:44:17.359] Load TRUECOLOR texture: Squad/Agencies/SeansCannery_scaled
[LOG 15:44:17.359] Load DDS texture: Squad/Agencies/SteadlerEngineeringCorps
[LOG 15:44:17.359] Load TRUECOLOR texture: Squad/Agencies/SteadlerEngineeringCorps_scaled
[LOG 15:44:17.360] Load DDS texture: Squad/Agencies/StrutCo
[LOG 15:44:17.360] Load TRUECOLOR texture: Squad/Agencies/StrutCo_scaled
[LOG 15:44:17.360] Load DDS texture: Squad/Agencies/Vac-Co
[LOG 15:44:17.360] Load TRUECOLOR texture: Squad/Agencies/Vac-Co_scaled
[LOG 15:44:17.360] Load DDS texture: Squad/Agencies/WinterOwl
[LOG 15:44:17.361] Load TRUECOLOR texture: Squad/Agencies/WinterOwl_scaled
[LOG 15:44:17.361] Load DDS texture: Squad/Agencies/ZaltonicElectronics
[LOG 15:44:17.361] Load TRUECOLOR texture: Squad/Agencies/ZaltonicElectronics_scaled
[LOG 15:44:17.362] Load Cached PNG Texture: Squad/Alarms/Icons/ap
[LOG 15:44:17.362] Load Cached PNG Texture: Squad/Alarms/Icons/default
[LOG 15:44:17.362] Load Cached PNG Texture: Squad/Alarms/Icons/maneuver
[LOG 15:44:17.362] Load Cached PNG Texture: Squad/Alarms/Icons/pe
[LOG 15:44:17.363] Load Cached PNG Texture: Squad/Alarms/Icons/raw
[LOG 15:44:17.363] Load Cached PNG Texture: Squad/Alarms/Icons/soi
[LOG 15:44:17.363] Load Cached PNG Texture: Squad/Alarms/Icons/xfer
[LOG 15:44:17.363] Load DDS texture: Squad/Contracts/Icons/balloon
[LOG 15:44:17.363] Load DDS texture: Squad/Contracts/Icons/custom
[LOG 15:44:17.364] Load DDS texture: Squad/Contracts/Icons/default
[LOG 15:44:17.364] Load DDS texture: Squad/Contracts/Icons/dish
[LOG 15:44:17.364] Load DDS texture: Squad/Contracts/Icons/eva
[LOG 15:44:17.364] Load DDS texture: Squad/Contracts/Icons/gravity
[LOG 15:44:17.364] Load Cached PNG Texture: Squad/Contracts/Icons/ksc
[LOG 15:44:17.365] Load DDS texture: Squad/Contracts/Icons/launchsite
[LOG 15:44:17.365] Load DDS texture: Squad/Contracts/Icons/marker
[LOG 15:44:17.365] Load DDS texture: Squad/Contracts/Icons/pressure
[LOG 15:44:17.365] Load DDS texture: Squad/Contracts/Icons/report
[LOG 15:44:17.365] Load DDS texture: Squad/Contracts/Icons/runway
[LOG 15:44:17.365] Load DDS texture: Squad/Contracts/Icons/sample
[LOG 15:44:17.365] Load DDS texture: Squad/Contracts/Icons/seismic
[LOG 15:44:17.366] Load DDS texture: Squad/Contracts/Icons/thermometer
[LOG 15:44:17.366] Load DDS texture: Squad/Contracts/Icons/vessel
[LOG 15:44:17.366] Load Cached PNG Texture: Squad/Flags/09
[LOG 15:44:17.367] Load Cached PNG Texture: Squad/Flags/blorbs
[LOG 15:44:17.368] Load Cached PNG Texture: Squad/Flags/bullseye
[LOG 15:44:17.368] Load Cached PNG Texture: Squad/Flags/capsule
[LOG 15:44:17.369] Load Cached PNG Texture: Squad/Flags/circles
[LOG 15:44:17.369] Load Cached PNG Texture: Squad/Flags/default
[LOG 15:44:17.370] Load Cached PNG Texture: Squad/Flags/hexagon
[LOG 15:44:17.371] Load Cached PNG Texture: Squad/Flags/hexagonCircles
[LOG 15:44:17.372] Load Cached PNG Texture: Squad/Flags/kerbal1
[LOG 15:44:17.374] Load Cached PNG Texture: Squad/Flags/kerbal2
[LOG 15:44:17.374] Load Cached PNG Texture: Squad/Flags/kerbin
[LOG 15:44:17.374] Load Cached PNG Texture: Squad/Flags/kerbinmunflag
[LOG 15:44:17.375] Load Cached PNG Texture: Squad/Flags/line
[LOG 15:44:17.376] Load Cached PNG Texture: Squad/Flags/minimalistic
[LOG 15:44:17.380] Load Cached PNG Texture: Squad/Flags/orbit
[LOG 15:44:17.380] Load Cached PNG Texture: Squad/Flags/orbs
[LOG 15:44:17.380] Load Cached PNG Texture: Squad/Flags/retro
[LOG 15:44:17.380] Load Cached PNG Texture: Squad/Flags/rings
[LOG 15:44:17.381] Load Cached PNG Texture: Squad/Flags/rocketScience
[LOG 15:44:17.381] Load Cached PNG Texture: Squad/Flags/satellite
[LOG 15:44:17.381] Load Cached PNG Texture: Squad/Flags/Sentinel_Flag
[LOG 15:44:17.381] Load Cached PNG Texture: Squad/Flags/spheres
[LOG 15:44:17.382] Load Cached PNG Texture: Squad/Flags/squadLogo
[LOG 15:44:17.382] Load Cached PNG Texture: Squad/Flags/squadLogo2
[LOG 15:44:17.382] Load Cached PNG Texture: Squad/Flags/stripes
[LOG 15:44:17.383] Load Cached PNG Texture: Squad/Flags/trees
[LOG 15:44:17.383] Load Cached PNG Texture: Squad/Flags/trippy
[LOG 15:44:17.383] Load Cached PNG Texture: Squad/FlagsAgency/esa_dark_blue
[LOG 15:44:17.383] Load Cached PNG Texture: Squad/FlagsAgency/NASA
[LOG 15:44:17.384] Load Cached PNG Texture: Squad/FlagsAgency/uk_space_agency
[LOG 15:44:17.384] Load Cached PNG Texture: Squad/FlagsOrganization/B612_Foundation_flag
[LOG 15:44:17.384] Load Cached PNG Texture: Squad/FlagsOrganization/electron
[LOG 15:44:17.384] Load Cached PNG Texture: Squad/FlagsOrganization/ESA_Arianespace
[LOG 15:44:17.385] Load Cached PNG Texture: Squad/FlagsOrganization/rocketlab
[LOG 15:44:17.385] Load DDS texture: Squad/FX/DiamondBlue
[LOG 15:44:17.385] Load DDS texture: Squad/FX/FlameBlueOrange
[LOG 15:44:17.385] Load DDS texture: Squad/FX/FlamePurple
[LOG 15:44:17.385] Load DDS texture: Squad/FX/FlameRed
[LOG 15:44:17.386] Load DDS texture: Squad/FX/FlameRedOrange
[LOG 15:44:17.386] Load DDS texture: Squad/FX/Monoprop
[LOG 15:44:17.387] Load DDS texture: Squad/FX/plasma2
[LOG 15:44:17.387] Load DDS texture: Squad/FX/rocketplume2
[LOG 15:44:17.387] Load DDS texture: Squad/FX/shockDiamond2
[LOG 15:44:17.387] Load DDS texture: Squad/FX/smokepuff1
[LOG 15:44:17.391] Load DDS texture: Squad/Interiors/Administration/AdminBuilding_Lvl1
[LOG 15:44:17.396] Load DDS texture: Squad/Interiors/Administration/AdminBuilding_Lvl2
[LOG 15:44:17.399] Load DDS texture: Squad/Interiors/Administration/AdminBuilding_Lvl3
[LOG 15:44:17.403] Load DDS texture: Squad/MenuProps/MunOrBust
[LOG 15:44:17.404] Load Cached PNG Texture: Squad/Missions/Banners/Fail/default
[LOG 15:44:17.404] Load PNG texture: Squad/Missions/Banners/Menu/default
[WRN 15:44:17.410] Texture isn't eligible for DXT compression, width and height must be multiples of 4
[LOG 15:44:17.420] Load Cached PNG Texture: Squad/Missions/Banners/Success/default
[LOG 15:44:17.421] Load PNG texture: Squad/Missions/ESA-BepiColombo/Banners/Fail/ESA_MB_Fail_01
[WRN 15:44:17.424] Texture isn't eligible for DXT compression, width and height must be multiples of 4
[LOG 15:44:17.424] Load PNG texture: Squad/Missions/ESA-BepiColombo/Banners/Menu/ESA_MB_Select_01
[WRN 15:44:17.428] Texture isn't eligible for DXT compression, width and height must be multiples of 4
[LOG 15:44:17.428] Load PNG texture: Squad/Missions/ESA-BepiColombo/Banners/Success/ESA_MB_Success_01
[WRN 15:44:17.432] Texture isn't eligible for DXT compression, width and height must be multiples of 4
[LOG 15:44:17.432] Load PNG texture: Squad/Missions/ESA-BepiColombo-Short/Banners/Fail/ESA_MB_Fail_01
[WRN 15:44:17.436] Texture isn't eligible for DXT compression, width and height must be multiples of 4
[LOG 15:44:17.436] Load PNG texture: Squad/Missions/ESA-BepiColombo-Short/Banners/Menu/ESA_MB_Select_01
[WRN 15:44:17.439] Texture isn't eligible for DXT compression, width and height must be multiples of 4
[LOG 15:44:17.439] Load PNG texture: Squad/Missions/ESA-BepiColombo-Short/Banners/Success/ESA_MB_Success_01
[WRN 15:44:17.443] Texture isn't eligible for DXT compression, width and height must be multiples of 4
[LOG 15:44:17.451] Load PNG texture: Squad/Missions/ESA-Rosetta/Banners/Fail/ESA_MB_Fail_02
[WRN 15:44:17.455] Texture isn't eligible for DXT compression, width and height must be multiples of 4
[LOG 15:44:17.455] Load PNG texture: Squad/Missions/ESA-Rosetta/Banners/Menu/ESA_MB_Select_02
[WRN 15:44:17.458] Texture isn't eligible for DXT compression, width and height must be multiples of 4
[LOG 15:44:17.458] Load PNG texture: Squad/Missions/ESA-Rosetta/Banners/Success/ESA_MB_Success_02
[WRN 15:44:17.462] Texture isn't eligible for DXT compression, width and height must be multiples of 4
[LOG 15:44:17.462] Load Cached PNG Texture: Squad/PartList/SimpleIcons/ablator
[LOG 15:44:17.462] Load Cached PNG Texture: Squad/PartList/SimpleIcons/active_radiator
[LOG 15:44:17.462] Load Cached PNG Texture: Squad/PartList/SimpleIcons/asteroid_drill
[LOG 15:44:17.462] Load Cached PNG Texture: Squad/PartList/SimpleIcons/cargo_part
[LOG 15:44:17.462] Load Cached PNG Texture: Squad/PartList/SimpleIcons/comet_drill
[LOG 15:44:17.462] Load Cached PNG Texture: Squad/PartList/SimpleIcons/core_heat
[LOG 15:44:17.462] Load Cached PNG Texture: Squad/PartList/SimpleIcons/cs_main
[LOG 15:44:17.462] Load Cached PNG Texture: Squad/PartList/SimpleIcons/cs_mk2
[LOG 15:44:17.462] Load Cached PNG Texture: Squad/PartList/SimpleIcons/cs_mk3
[LOG 15:44:17.462] Load Cached PNG Texture: Squad/PartList/SimpleIcons/cs_size0
[LOG 15:44:17.462] Load Cached PNG Texture: Squad/PartList/SimpleIcons/cs_size1
[LOG 15:44:17.462] Load Cached PNG Texture: Squad/PartList/SimpleIcons/cs_size1p5
[LOG 15:44:17.462] Load Cached PNG Texture: Squad/PartList/SimpleIcons/cs_size2
[LOG 15:44:17.463] Load Cached PNG Texture: Squad/PartList/SimpleIcons/cs_size3
[LOG 15:44:17.463] Load Cached PNG Texture: Squad/PartList/SimpleIcons/cs_size4
[LOG 15:44:17.463] Load Cached PNG Texture: Squad/PartList/SimpleIcons/cs_surface
[LOG 15:44:17.463] Load Cached PNG Texture: Squad/PartList/SimpleIcons/custom_built_fairing
[LOG 15:44:17.463] Load Cached PNG Texture: Squad/PartList/SimpleIcons/deployable_antenna
[LOG 15:44:17.463] Load Cached PNG Texture: Squad/PartList/SimpleIcons/deployable_comms_part
[LOG 15:44:17.463] Load Cached PNG Texture: Squad/PartList/SimpleIcons/deployable_ground_part
[LOG 15:44:17.463] Load Cached PNG Texture: Squad/PartList/SimpleIcons/deployable_part
[LOG 15:44:17.463] Load Cached PNG Texture: Squad/PartList/SimpleIcons/deployable_radiator
[LOG 15:44:17.463] Load Cached PNG Texture: Squad/PartList/SimpleIcons/deployed_science_control_unit
[LOG 15:44:17.463] Load Cached PNG Texture: Squad/PartList/SimpleIcons/deployed_science_experiment
[LOG 15:44:17.463] Load Cached PNG Texture: Squad/PartList/SimpleIcons/deployed_science_part
[LOG 15:44:17.463] Load Cached PNG Texture: Squad/PartList/SimpleIcons/enviro_sensor
[LOG 15:44:17.463] Load Cached PNG Texture: Squad/PartList/SimpleIcons/experience_management
[LOG 15:44:17.463] Load Cached PNG Texture: Squad/PartList/SimpleIcons/fuels_monopropellant
[LOG 15:44:17.463] Load Cached PNG Texture: Squad/PartList/SimpleIcons/fuels_ore
[LOG 15:44:17.463] Load Cached PNG Texture: Squad/PartList/SimpleIcons/fuels_oxidizer
[LOG 15:44:17.463] Load Cached PNG Texture: Squad/PartList/SimpleIcons/fuels_solidfuel
[LOG 15:44:17.463] Load Cached PNG Texture: Squad/PartList/SimpleIcons/fuels_xenongas
[LOG 15:44:17.463] Load Cached PNG Texture: Squad/PartList/SimpleIcons/inventory_part
[LOG 15:44:17.463] Load Cached PNG Texture: Squad/PartList/SimpleIcons/kerbnet_access
[LOG 15:44:17.463] Load Cached PNG Texture: Squad/PartList/SimpleIcons/number1
[LOG 15:44:17.463] Load Cached PNG Texture: Squad/PartList/SimpleIcons/number2
[LOG 15:44:17.463] Load Cached PNG Texture: Squad/PartList/SimpleIcons/number3
[LOG 15:44:17.463] Load Cached PNG Texture: Squad/PartList/SimpleIcons/number4
[LOG 15:44:17.463] Load Cached PNG Texture: Squad/PartList/SimpleIcons/number5
[LOG 15:44:17.463] Load Cached PNG Texture: Squad/PartList/SimpleIcons/number6
[LOG 15:44:17.463] Load Cached PNG Texture: Squad/PartList/SimpleIcons/number7
[LOG 15:44:17.463] Load Cached PNG Texture: Squad/PartList/SimpleIcons/number8
[LOG 15:44:17.464] Load Cached PNG Texture: Squad/PartList/SimpleIcons/number9
[LOG 15:44:17.464] Load Cached PNG Texture: Squad/PartList/SimpleIcons/probe_control_unit
[LOG 15:44:17.464] Load Cached PNG Texture: Squad/PartList/SimpleIcons/R&D_node_icon_advaerodynamics
[LOG 15:44:17.464] Load Cached PNG Texture: Squad/PartList/SimpleIcons/R&D_node_icon_advancedmotors
[LOG 15:44:17.464] Load Cached PNG Texture: Squad/PartList/SimpleIcons/R&D_node_icon_advconstruction
[LOG 15:44:17.464] Load Cached PNG Texture: Squad/PartList/SimpleIcons/R&D_node_icon_advelectrics
[LOG 15:44:17.464] Load Cached PNG Texture: Squad/PartList/SimpleIcons/R&D_node_icon_advexploration
[LOG 15:44:17.464] Load Cached PNG Texture: Squad/PartList/SimpleIcons/R&D_node_icon_advflightcontrol
[LOG 15:44:17.464] Load Cached PNG Texture: Squad/PartList/SimpleIcons/R&D_node_icon_advlanding
[LOG 15:44:17.464] Load Cached PNG Texture: Squad/PartList/SimpleIcons/R&D_node_icon_advmetalworks
[LOG 15:44:17.464] Load Cached PNG Texture: Squad/PartList/SimpleIcons/R&D_node_icon_advrocketry
[LOG 15:44:17.464] Load Cached PNG Texture: Squad/PartList/SimpleIcons/R&D_node_icon_advsciencetech
[LOG 15:44:17.464] Load Cached PNG Texture: Squad/PartList/SimpleIcons/R&D_node_icon_advunmanned
[LOG 15:44:17.464] Load Cached PNG Texture: Squad/PartList/SimpleIcons/R&D_node_icon_aerodynamicsystems
[LOG 15:44:17.464] Load Cached PNG Texture: Squad/PartList/SimpleIcons/R&D_node_icon_aerospacetech
[LOG 15:44:17.464] Load Cached PNG Texture: Squad/PartList/SimpleIcons/R&D_node_icon_automation
[LOG 15:44:17.464] Load Cached PNG Texture: Squad/PartList/SimpleIcons/R&D_node_icon_basicprobes
[LOG 15:44:17.464] Load Cached PNG Texture: Squad/PartList/SimpleIcons/R&D_node_icon_basicrocketry
[LOG 15:44:17.464] Load Cached PNG Texture: Squad/PartList/SimpleIcons/R&D_node_icon_composites
[LOG 15:44:17.464] Load Cached PNG Texture: Squad/PartList/SimpleIcons/R&D_node_icon_electrics
[LOG 15:44:17.464] Load Cached PNG Texture: Squad/PartList/SimpleIcons/R&D_node_icon_electronics
[LOG 15:44:17.464] Load Cached PNG Texture: Squad/PartList/SimpleIcons/R&D_node_icon_evatech
[LOG 15:44:17.464] Load Cached PNG Texture: Squad/PartList/SimpleIcons/R&D_node_icon_experimentalaerodynamics
[LOG 15:44:17.464] Load Cached PNG Texture: Squad/PartList/SimpleIcons/R&D_node_icon_experimentalelectrics
[LOG 15:44:17.464] Load Cached PNG Texture: Squad/PartList/SimpleIcons/R&D_node_icon_experimentalmotors
[LOG 15:44:17.464] Load Cached PNG Texture: Squad/PartList/SimpleIcons/R&D_node_icon_experimentalrocketry
[LOG 15:44:17.464] Load Cached PNG Texture: Squad/PartList/SimpleIcons/R&D_node_icon_experimentalscience
[LOG 15:44:17.464] Load Cached PNG Texture: Squad/PartList/SimpleIcons/R&D_node_icon_fieldscience
[LOG 15:44:17.464] Load Cached PNG Texture: Squad/PartList/SimpleIcons/R&D_node_icon_flightcontrol
[LOG 15:44:17.464] Load Cached PNG Texture: Squad/PartList/SimpleIcons/R&D_node_icon_fuelsystems
[LOG 15:44:17.464] Load Cached PNG Texture: Squad/PartList/SimpleIcons/R&D_node_icon_generalconstruction
[LOG 15:44:17.464] Load Cached PNG Texture: Squad/PartList/SimpleIcons/R&D_node_icon_generalrocketry
[LOG 15:44:17.464] Load Cached PNG Texture: Squad/PartList/SimpleIcons/R&D_node_icon_generic
[LOG 15:44:17.464] Load Cached PNG Texture: Squad/PartList/SimpleIcons/R&D_node_icon_heavierrocketry
[LOG 15:44:17.464] Load Cached PNG Texture: Squad/PartList/SimpleIcons/R&D_node_icon_heavyaerodynamics
[LOG 15:44:17.464] Load Cached PNG Texture: Squad/PartList/SimpleIcons/R&D_node_icon_heavyrocketry
[LOG 15:44:17.464] Load Cached PNG Texture: Squad/PartList/SimpleIcons/R&D_node_icon_highaltitudeflight
[LOG 15:44:17.464] Load Cached PNG Texture: Squad/PartList/SimpleIcons/R&D_node_icon_highaltitudepropulsion
[LOG 15:44:17.464] Load Cached PNG Texture: Squad/PartList/SimpleIcons/R&D_node_icon_hypersonicflight
[LOG 15:44:17.464] Load Cached PNG Texture: Squad/PartList/SimpleIcons/R&D_node_icon_ionpropulsion
[LOG 15:44:17.466] Load Cached PNG Texture: Squad/PartList/SimpleIcons/R&D_node_icon_landing
[LOG 15:44:17.466] Load Cached PNG Texture: Squad/PartList/SimpleIcons/R&D_node_icon_largecontrol
[LOG 15:44:17.466] Load Cached PNG Texture: Squad/PartList/SimpleIcons/R&D_node_icon_largeelectrics
[LOG 15:44:17.466] Load Cached PNG Texture: Squad/PartList/SimpleIcons/R&D_node_icon_largeprobes
[LOG 15:44:17.466] Load Cached PNG Texture: Squad/PartList/SimpleIcons/R&D_node_icon_metamaterials
[LOG 15:44:17.466] Load Cached PNG Texture: Squad/PartList/SimpleIcons/R&D_node_icon_nanolathing
[LOG 15:44:17.466] Load Cached PNG Texture: Squad/PartList/SimpleIcons/R&D_node_icon_nuclearpropulsion
[LOG 15:44:17.466] Load Cached PNG Texture: Squad/PartList/SimpleIcons/R&D_node_icon_precisionengineering
[LOG 15:44:17.466] Load Cached PNG Texture: Squad/PartList/SimpleIcons/R&D_node_icon_robotics
[LOG 15:44:17.466] Load Cached PNG Texture: Squad/PartList/SimpleIcons/R&D_node_icon_sciencetech
[LOG 15:44:17.466] Load Cached PNG Texture: Squad/PartList/SimpleIcons/R&D_node_icon_specializedconstruction
[LOG 15:44:17.466] Load Cached PNG Texture: Squad/PartList/SimpleIcons/R&D_node_icon_specializedcontrol
[LOG 15:44:17.466] Load Cached PNG Texture: Squad/PartList/SimpleIcons/R&D_node_icon_specializedelectrics
[LOG 15:44:17.466] Load Cached PNG Texture: Squad/PartList/SimpleIcons/R&D_node_icon_stability
[LOG 15:44:17.466] Load Cached PNG Texture: Squad/PartList/SimpleIcons/R&D_node_icon_start
[LOG 15:44:17.466] Load Cached PNG Texture: Squad/PartList/SimpleIcons/R&D_node_icon_supersonicflight
[LOG 15:44:17.466] Load Cached PNG Texture: Squad/PartList/SimpleIcons/R&D_node_icon_survivability
[LOG 15:44:17.466] Load Cached PNG Texture: Squad/PartList/SimpleIcons/R&D_node_icon_unmannedtech
[LOG 15:44:17.466] Load Cached PNG Texture: Squad/PartList/SimpleIcons/R&D_node_icon_veryheavyrocketry
[LOG 15:44:17.466] Load Cached PNG Texture: Squad/PartList/SimpleIcons/rcsfx
[LOG 15:44:17.466] Load Cached PNG Texture: Squad/PartList/SimpleIcons/RDicon_aerospaceTech2
[LOG 15:44:17.466] Load Cached PNG Texture: Squad/PartList/SimpleIcons/RDicon_commandmodules
[LOG 15:44:17.466] Load Cached PNG Texture: Squad/PartList/SimpleIcons/RDicon_fuelSystems-advanced
[LOG 15:44:17.466] Load Cached PNG Texture: Squad/PartList/SimpleIcons/RDicon_fuelSystems-highPerformance
[LOG 15:44:17.466] Load Cached PNG Texture: Squad/PartList/SimpleIcons/RDicon_largeVolumeContainment
[LOG 15:44:17.466] Load Cached PNG Texture: Squad/PartList/SimpleIcons/RDicon_miniaturization
[LOG 15:44:17.466] Load Cached PNG Texture: Squad/PartList/SimpleIcons/RDicon_propulsion-precision
[LOG 15:44:17.467] Load Cached PNG Texture: Squad/PartList/SimpleIcons/RDicon_propulsionSystems
[LOG 15:44:17.467] Load Cached PNG Texture: Squad/PartList/SimpleIcons/RDicon_telescope
[LOG 15:44:17.467] Load Cached PNG Texture: Squad/PartList/SimpleIcons/robotic_controller
[LOG 15:44:17.467] Load Cached PNG Texture: Squad/PartList/SimpleIcons/robotic_rotation_servo
[LOG 15:44:17.467] Load Cached PNG Texture: Squad/PartList/SimpleIcons/robotic_servo_hinge
[LOG 15:44:17.467] Load Cached PNG Texture: Squad/PartList/SimpleIcons/robotic_servo_piston
[LOG 15:44:17.467] Load Cached PNG Texture: Squad/PartList/SimpleIcons/robotic_servo_rotor
[LOG 15:44:17.467] Load Cached PNG Texture: Squad/PartList/SimpleIcons/scanner_arm
[LOG 15:44:17.467] Load Cached PNG Texture: Squad/PartList/SimpleIcons/variant
[LOG 15:44:17.467] Load Cached PNG Texture: Squad/Parts/@thumbs/adapterSmallMiniShort_icon0
[LOG 15:44:17.467] Load Cached PNG Texture: Squad/Parts/@thumbs/adapterSmallMiniShort_icon1
[LOG 15:44:17.467] Load Cached PNG Texture: Squad/Parts/@thumbs/adapterSmallMiniTall_icon0
[LOG 15:44:17.467] Load Cached PNG Texture: Squad/Parts/@thumbs/adapterSmallMiniTall_icon1
[LOG 15:44:17.467] Load Cached PNG Texture: Squad/Parts/@thumbs/AdvancedCanard_icon
[LOG 15:44:17.467] Load Cached PNG Texture: Squad/Parts/@thumbs/advSasModule_icon
[LOG 15:44:17.467] Load Cached PNG Texture: Squad/Parts/@thumbs/airbrake1_icon
[LOG 15:44:17.468] Load Cached PNG Texture: Squad/Parts/@thumbs/airScoop_icon
[LOG 15:44:17.468] Load Cached PNG Texture: Squad/Parts/@thumbs/avionicsNoseCone_icon
[LOG 15:44:17.468] Load Cached PNG Texture: Squad/Parts/@thumbs/basicFin_icon
[LOG 15:44:17.468] Load Cached PNG Texture: Squad/Parts/@thumbs/batteryBankMini_icon
[LOG 15:44:17.468] Load Cached PNG Texture: Squad/Parts/@thumbs/batteryBank_icon
[LOG 15:44:17.468] Load Cached PNG Texture: Squad/Parts/@thumbs/batteryPack_icon
[LOG 15:44:17.468] Load Cached PNG Texture: Squad/Parts/@thumbs/cargoContainer_icon
[LOG 15:44:17.468] Load Cached PNG Texture: Squad/Parts/@thumbs/CircularIntake_icon
[LOG 15:44:17.468] Load Cached PNG Texture: Squad/Parts/@thumbs/commDish_icon
[LOG 15:44:17.468] Load Cached PNG Texture: Squad/Parts/@thumbs/Decoupler.0_icon0
[LOG 15:44:17.468] Load Cached PNG Texture: Squad/Parts/@thumbs/Decoupler.0_icon1
[LOG 15:44:17.468] Load Cached PNG Texture: Squad/Parts/@thumbs/Decoupler.1_icon0
[LOG 15:44:17.469] Load Cached PNG Texture: Squad/Parts/@thumbs/Decoupler.1_icon1
[LOG 15:44:17.469] Load Cached PNG Texture: Squad/Parts/@thumbs/dockingPort1_icon
[LOG 15:44:17.469] Load Cached PNG Texture: Squad/Parts/@thumbs/dockingPort2_icon
[LOG 15:44:17.469] Load Cached PNG Texture: Squad/Parts/@thumbs/dockingPort3_icon
[LOG 15:44:17.469] Load Cached PNG Texture: Squad/Parts/@thumbs/domeLight1_icon0
[LOG 15:44:17.469] Load Cached PNG Texture: Squad/Parts/@thumbs/domeLight1_icon1
[LOG 15:44:17.469] Load Cached PNG Texture: Squad/Parts/@thumbs/elevon2_icon
[LOG 15:44:17.469] Load Cached PNG Texture: Squad/Parts/@thumbs/elevon3_icon
[LOG 15:44:17.469] Load Cached PNG Texture: Squad/Parts/@thumbs/elevon5_icon
[LOG 15:44:17.469] Load Cached PNG Texture: Squad/Parts/@thumbs/evaChute_icon
[LOG 15:44:17.469] Load Cached PNG Texture: Squad/Parts/@thumbs/evaCylinder_icon
[LOG 15:44:17.469] Load Cached PNG Texture: Squad/Parts/@thumbs/evaJetpack_icon
[LOG 15:44:17.469] Load Cached PNG Texture: Squad/Parts/@thumbs/evaRepairKit_icon
[LOG 15:44:17.469] Load Cached PNG Texture: Squad/Parts/@thumbs/evaScienceKit_icon
[LOG 15:44:17.469] Load Cached PNG Texture: Squad/Parts/@thumbs/externalTankCapsule_icon0
[LOG 15:44:17.469] Load Cached PNG Texture: Squad/Parts/@thumbs/externalTankCapsule_icon1
[LOG 15:44:17.469] Load Cached PNG Texture: Squad/Parts/@thumbs/externalTankRound_icon0
[LOG 15:44:17.469] Load Cached PNG Texture: Squad/Parts/@thumbs/externalTankRound_icon1
[LOG 15:44:17.469] Load Cached PNG Texture: Squad/Parts/@thumbs/externalTankToroid_icon0
[LOG 15:44:17.469] Load Cached PNG Texture: Squad/Parts/@thumbs/externalTankToroid_icon1
[LOG 15:44:17.471] Load Cached PNG Texture: Squad/Parts/@thumbs/fireworksLauncherBig_icon
[LOG 15:44:17.471] Load Cached PNG Texture: Squad/Parts/@thumbs/fireworksLauncherSmall_icon
[LOG 15:44:17.471] Load Cached PNG Texture: Squad/Parts/@thumbs/foldingRadMed_icon
[LOG 15:44:17.471] Load Cached PNG Texture: Squad/Parts/@thumbs/foldingRadSmall_icon
[LOG 15:44:17.471] Load Cached PNG Texture: Squad/Parts/@thumbs/FuelCellArray_icon
[LOG 15:44:17.471] Load Cached PNG Texture: Squad/Parts/@thumbs/FuelCell_icon
[LOG 15:44:17.471] Load Cached PNG Texture: Squad/Parts/@thumbs/fuelTank.long_icon0
[LOG 15:44:17.471] Load Cached PNG Texture: Squad/Parts/@thumbs/fuelTankSmallFlat_icon0
[LOG 15:44:17.471] Load Cached PNG Texture: Squad/Parts/@thumbs/fuelTankSmallFlat_icon1
[LOG 15:44:17.471] Load Cached PNG Texture: Squad/Parts/@thumbs/fuelTankSmallFlat_icon2
[LOG 15:44:17.471] Load Cached PNG Texture: Squad/Parts/@thumbs/fuelTankSmallFlat_icon3
[LOG 15:44:17.471] Load Cached PNG Texture: Squad/Parts/@thumbs/fuelTankSmall_icon0
[LOG 15:44:17.471] Load Cached PNG Texture: Squad/Parts/@thumbs/fuelTankSmall_icon1
[LOG 15:44:17.471] Load Cached PNG Texture: Squad/Parts/@thumbs/fuelTankSmall_icon2
[LOG 15:44:17.471] Load Cached PNG Texture: Squad/Parts/@thumbs/fuelTankSmall_icon3
[LOG 15:44:17.471] Load Cached PNG Texture: Squad/Parts/@thumbs/GearFixed_icon
[LOG 15:44:17.471] Load Cached PNG Texture: Squad/Parts/@thumbs/GearFree_icon
[LOG 15:44:17.471] Load Cached PNG Texture: Squad/Parts/@thumbs/GearSmall_icon
[LOG 15:44:17.471] Load Cached PNG Texture: Squad/Parts/@thumbs/GooExperiment_icon
[LOG 15:44:17.471] Load Cached PNG Texture: Squad/Parts/@thumbs/groundAnchor_icon
[LOG 15:44:17.471] Load Cached PNG Texture: Squad/Parts/@thumbs/groundLight1_icon
[LOG 15:44:17.471] Load Cached PNG Texture: Squad/Parts/@thumbs/groundLight2_icon
[LOG 15:44:17.471] Load Cached PNG Texture: Squad/Parts/@thumbs/HeatShield0_icon
[LOG 15:44:17.471] Load Cached PNG Texture: Squad/Parts/@thumbs/HeatShield1_icon
[LOG 15:44:17.471] Load Cached PNG Texture: Squad/Parts/@thumbs/HECS2.ProbeCore_icon
[LOG 15:44:17.471] Load Cached PNG Texture: Squad/Parts/@thumbs/HighGainAntenna5.v2_icon
[LOG 15:44:17.471] Load Cached PNG Texture: Squad/Parts/@thumbs/HighGainAntenna5_icon
[LOG 15:44:17.471] Load Cached PNG Texture: Squad/Parts/@thumbs/HighGainAntenna_icon
[LOG 15:44:17.471] Load Cached PNG Texture: Squad/Parts/@thumbs/IntakeRadialLong_icon
[LOG 15:44:17.472] Load Cached PNG Texture: Squad/Parts/@thumbs/ionEngine_icon
[LOG 15:44:17.472] Load Cached PNG Texture: Squad/Parts/@thumbs/ksp.r.largeBatteryPack_icon
[LOG 15:44:17.472] Load Cached PNG Texture: Squad/Parts/@thumbs/ladder1_icon
[LOG 15:44:17.472] Load Cached PNG Texture: Squad/Parts/@thumbs/landingLeg1-2_icon
[LOG 15:44:17.472] Load Cached PNG Texture: Squad/Parts/@thumbs/landingLeg1_icon
[LOG 15:44:17.472] Load Cached PNG Texture: Squad/Parts/@thumbs/LgRadialSolarPanel_icon
[LOG 15:44:17.472] Load Cached PNG Texture: Squad/Parts/@thumbs/linearRcs_icon
[LOG 15:44:17.472] Load Cached PNG Texture: Squad/Parts/@thumbs/liquidEngine3.v2_icon0
[LOG 15:44:17.472] Load Cached PNG Texture: Squad/Parts/@thumbs/liquidEngine3.v2_icon1
[LOG 15:44:17.472] Load Cached PNG Texture: Squad/Parts/@thumbs/liquidEngine3.v2_icon2
[LOG 15:44:17.472] Load Cached PNG Texture: Squad/Parts/@thumbs/liquidEngineMini.v2_icon0
[LOG 15:44:17.472] Load Cached PNG Texture: Squad/Parts/@thumbs/liquidEngineMini.v2_icon1
[LOG 15:44:17.472] Load Cached PNG Texture: Squad/Parts/@thumbs/liquidEngineMini.v2_icon2
[LOG 15:44:17.472] Load Cached PNG Texture: Squad/Parts/@thumbs/longAntenna_icon
[LOG 15:44:17.472] Load Cached PNG Texture: Squad/Parts/@thumbs/Magnetometer_icon
[LOG 15:44:17.472] Load Cached PNG Texture: Squad/Parts/@thumbs/mediumDishAntenna_icon
[LOG 15:44:17.472] Load Cached PNG Texture: Squad/Parts/@thumbs/microEngine.v2_icon0
[LOG 15:44:17.473] Load Cached PNG Texture: Squad/Parts/@thumbs/microEngine.v2_icon1
[LOG 15:44:17.473] Load Cached PNG Texture: Squad/Parts/@thumbs/MiniDrill_icon
[LOG 15:44:17.473] Load Cached PNG Texture: Squad/Parts/@thumbs/miniFuelTank_icon
[LOG 15:44:17.473] Load Cached PNG Texture: Squad/Parts/@thumbs/miniFuselage_icon
[LOG 15:44:17.473] Load Cached PNG Texture: Squad/Parts/@thumbs/miniIntake_icon
[LOG 15:44:17.473] Load Cached PNG Texture: Squad/Parts/@thumbs/miniJetEngine_icon
[LOG 15:44:17.473] Load Cached PNG Texture: Squad/Parts/@thumbs/miniLandingLeg_icon
[LOG 15:44:17.473] Load Cached PNG Texture: Squad/Parts/@thumbs/Mite_icon
[LOG 15:44:17.473] Load Cached PNG Texture: Squad/Parts/@thumbs/mk1pod.v2_icon0
[LOG 15:44:17.473] Load Cached PNG Texture: Squad/Parts/@thumbs/mk2DroneCore_icon
[LOG 15:44:17.473] Load Cached PNG Texture: Squad/Parts/@thumbs/mk2LanderCabin.v2_icon0
[LOG 15:44:17.473] Load Cached PNG Texture: Squad/Parts/@thumbs/mk2LanderCabin.v2_icon1
[LOG 15:44:17.473] Load Cached PNG Texture: Squad/Parts/@thumbs/MpoProbe_icon
[LOG 15:44:17.473] Load Cached PNG Texture: Squad/Parts/@thumbs/navLight1_icon0
[LOG 15:44:17.473] Load Cached PNG Texture: Squad/Parts/@thumbs/navLight1_icon1
[LOG 15:44:17.473] Load Cached PNG Texture: Squad/Parts/@thumbs/noseCone_icon0
[LOG 15:44:17.473] Load Cached PNG Texture: Squad/Parts/@thumbs/noseCone_icon1
[LOG 15:44:17.474] Load Cached PNG Texture: Squad/Parts/@thumbs/noseCone_icon2
[LOG 15:44:17.474] Load Cached PNG Texture: Squad/Parts/@thumbs/omsEngine_icon
[LOG 15:44:17.474] Load Cached PNG Texture: Squad/Parts/@thumbs/OrbitalScanner_icon
[LOG 15:44:17.474] Load Cached PNG Texture: Squad/Parts/@thumbs/parachuteDrogue_icon
[LOG 15:44:17.474] Load Cached PNG Texture: Squad/Parts/@thumbs/parachuteLarge_icon
[LOG 15:44:17.474] Load Cached PNG Texture: Squad/Parts/@thumbs/parachuteRadial_icon
[LOG 15:44:17.474] Load Cached PNG Texture: Squad/Parts/@thumbs/parachuteSingle_icon
[LOG 15:44:17.474] Load Cached PNG Texture: Squad/Parts/@thumbs/probeCoreCube_icon
[LOG 15:44:17.474] Load Cached PNG Texture: Squad/Parts/@thumbs/probeCoreHex.v2_icon
[LOG 15:44:17.476] Load Cached PNG Texture: Squad/Parts/@thumbs/probeCoreOcto.v2_icon
[LOG 15:44:17.479] Load Cached PNG Texture: Squad/Parts/@thumbs/probeCoreOcto2.v2_icon
[LOG 15:44:17.479] Load Cached PNG Texture: Squad/Parts/@thumbs/probeCoreSphere.v2_icon
[LOG 15:44:17.479] Load Cached PNG Texture: Squad/Parts/@thumbs/probeStackSmall_icon
[LOG 15:44:17.479] Load Cached PNG Texture: Squad/Parts/@thumbs/R8winglet_icon
[LOG 15:44:17.479] Load Cached PNG Texture: Squad/Parts/@thumbs/radialDecoupler1-2_icon
[LOG 15:44:17.479] Load Cached PNG Texture: Squad/Parts/@thumbs/radialDecoupler2_icon
[LOG 15:44:17.480] Load Cached PNG Texture: Squad/Parts/@thumbs/radialDecoupler_icon
[LOG 15:44:17.480] Load Cached PNG Texture: Squad/Parts/@thumbs/radialDrogue_icon
[LOG 15:44:17.480] Load Cached PNG Texture: Squad/Parts/@thumbs/radialEngineMini.v2_icon0
[LOG 15:44:17.480] Load Cached PNG Texture: Squad/Parts/@thumbs/radialEngineMini.v2_icon1
[LOG 15:44:17.480] Load Cached PNG Texture: Squad/Parts/@thumbs/radialLiquidEngine1-2_icon
[LOG 15:44:17.480] Load Cached PNG Texture: Squad/Parts/@thumbs/RadialOreTank_icon
[LOG 15:44:17.480] Load Cached PNG Texture: Squad/Parts/@thumbs/radialRCSTank_icon
[LOG 15:44:17.480] Load Cached PNG Texture: Squad/Parts/@thumbs/radPanelEdge_icon
[LOG 15:44:17.480] Load Cached PNG Texture: Squad/Parts/@thumbs/radPanelLg_icon
[LOG 15:44:17.480] Load Cached PNG Texture: Squad/Parts/@thumbs/radPanelSm_icon
[LOG 15:44:17.480] Load Cached PNG Texture: Squad/Parts/@thumbs/RCSblock.01.small_icon0
[LOG 15:44:17.480] Load Cached PNG Texture: Squad/Parts/@thumbs/RCSblock.01.small_icon1
[LOG 15:44:17.480] Load Cached PNG Texture: Squad/Parts/@thumbs/RCSblock.01.small_icon2
[LOG 15:44:17.480] Load Cached PNG Texture: Squad/Parts/@thumbs/RCSblock.01.small_icon3
[LOG 15:44:17.480] Load Cached PNG Texture: Squad/Parts/@thumbs/RCSblock.01.small_icon4
[LOG 15:44:17.480] Load Cached PNG Texture: Squad/Parts/@thumbs/RCSBlock.v2_icon
[LOG 15:44:17.480] Load Cached PNG Texture: Squad/Parts/@thumbs/RCSBlock.v2_icon0
[LOG 15:44:17.480] Load Cached PNG Texture: Squad/Parts/@thumbs/RCSBlock.v2_icon1
[LOG 15:44:17.480] Load Cached PNG Texture: Squad/Parts/@thumbs/RCSBlock.v2_icon2
[LOG 15:44:17.481] Load Cached PNG Texture: Squad/Parts/@thumbs/RCSBlock.v2_icon3
[LOG 15:44:17.481] Load Cached PNG Texture: Squad/Parts/@thumbs/RCSBlock.v2_icon4
[LOG 15:44:17.481] Load Cached PNG Texture: Squad/Parts/@thumbs/RCSFuelTank_icon
[LOG 15:44:17.481] Load Cached PNG Texture: Squad/Parts/@thumbs/RCSLinearSmall_icon
[LOG 15:44:17.482] Load Cached PNG Texture: Squad/Parts/@thumbs/rcsTankMini_icon
[LOG 15:44:17.482] Load Cached PNG Texture: Squad/Parts/@thumbs/RelayAntenna5_icon
[LOG 15:44:17.482] Load Cached PNG Texture: Squad/Parts/@thumbs/ReleaseValve_icon
[LOG 15:44:17.483] Load Cached PNG Texture: Squad/Parts/@thumbs/roverBody.v2_icon0
[LOG 15:44:17.483] Load Cached PNG Texture: Squad/Parts/@thumbs/roverBody.v2_icon1
[LOG 15:44:17.483] Load Cached PNG Texture: Squad/Parts/@thumbs/roverBody.v2_icon2
[LOG 15:44:17.483] Load Cached PNG Texture: Squad/Parts/@thumbs/roverWheel1_icon
[LOG 15:44:17.483] Load Cached PNG Texture: Squad/Parts/@thumbs/roverWheel2_icon
[LOG 15:44:17.484] Load Cached PNG Texture: Squad/Parts/@thumbs/rtg_icon
[LOG 15:44:17.484] Load Cached PNG Texture: Squad/Parts/@thumbs/sasModule_icon
[LOG 15:44:17.484] Load Cached PNG Texture: Squad/Parts/@thumbs/science.module_icon
[LOG 15:44:17.484] Load Cached PNG Texture: Squad/Parts/@thumbs/ScienceBox_icon
[LOG 15:44:17.484] Load Cached PNG Texture: Squad/Parts/@thumbs/seatExternalCmd_icon
[LOG 15:44:17.485] Load Cached PNG Texture: Squad/Parts/@thumbs/sensorAccelerometer_icon
[LOG 15:44:17.485] Load Cached PNG Texture: Squad/Parts/@thumbs/sensorAtmosphere_icon
[LOG 15:44:17.485] Load Cached PNG Texture: Squad/Parts/@thumbs/sensorBarometer_icon
[LOG 15:44:17.485] Load Cached PNG Texture: Squad/Parts/@thumbs/sensorGravimeter_icon
[LOG 15:44:17.486] Load Cached PNG Texture: Squad/Parts/@thumbs/sensorThermometer_icon
[LOG 15:44:17.486] Load Cached PNG Texture: Squad/Parts/@thumbs/Separator.0_icon0
[LOG 15:44:17.486] Load Cached PNG Texture: Squad/Parts/@thumbs/Separator.0_icon1
[LOG 15:44:17.486] Load Cached PNG Texture: Squad/Parts/@thumbs/Separator.1_icon0
[LOG 15:44:17.486] Load Cached PNG Texture: Squad/Parts/@thumbs/Separator.1_icon1
[LOG 15:44:17.486] Load Cached PNG Texture: Squad/Parts/@thumbs/sepMotor1_icon
[LOG 15:44:17.487] Load Cached PNG Texture: Squad/Parts/@thumbs/ServiceBay.125.v2_icon
[LOG 15:44:17.487] Load Cached PNG Texture: Squad/Parts/@thumbs/shockConeIntake_icon
[LOG 15:44:17.487] Load Cached PNG Texture: Squad/Parts/@thumbs/Shrimp_icon
[LOG 15:44:17.487] Load Cached PNG Texture: Squad/Parts/@thumbs/smallCargoContainer_icon
[LOG 15:44:17.487] Load Cached PNG Texture: Squad/Parts/@thumbs/smallClaw_icon0
[LOG 15:44:17.488] Load Cached PNG Texture: Squad/Parts/@thumbs/smallClaw_icon1
[LOG 15:44:17.488] Load Cached PNG Texture: Squad/Parts/@thumbs/smallCtrlSrf_icon
[LOG 15:44:17.488] Load Cached PNG Texture: Squad/Parts/@thumbs/SmallGearBay_icon
[LOG 15:44:17.488] Load Cached PNG Texture: Squad/Parts/@thumbs/smallHardpoint_icon
[LOG 15:44:17.488] Load Cached PNG Texture: Squad/Parts/@thumbs/smallRadialEngine.v2_icon0
[LOG 15:44:17.489] Load Cached PNG Texture: Squad/Parts/@thumbs/smallRadialEngine.v2_icon1
[LOG 15:44:17.489] Load Cached PNG Texture: Squad/Parts/@thumbs/solarPanelOX10C_icon
[LOG 15:44:17.489] Load Cached PNG Texture: Squad/Parts/@thumbs/solarPanelOX10L_icon
[LOG 15:44:17.489] Load Cached PNG Texture: Squad/Parts/@thumbs/solarPanels1_icon
[LOG 15:44:17.489] Load Cached PNG Texture: Squad/Parts/@thumbs/solarPanels2_icon
[LOG 15:44:17.489] Load Cached PNG Texture: Squad/Parts/@thumbs/solarPanels3_icon
[LOG 15:44:17.489] Load Cached PNG Texture: Squad/Parts/@thumbs/solarPanels4_icon
[LOG 15:44:17.491] Load Cached PNG Texture: Squad/Parts/@thumbs/solarPanels5_icon
[LOG 15:44:17.491] Load Cached PNG Texture: Squad/Parts/@thumbs/solarPanelSP10C_icon
[LOG 15:44:17.491] Load Cached PNG Texture: Squad/Parts/@thumbs/solarPanelSP10L_icon
[LOG 15:44:17.491] Load Cached PNG Texture: Squad/Parts/@thumbs/spotLight1_icon
[LOG 15:44:17.491] Load Cached PNG Texture: Squad/Parts/@thumbs/spotLight2_icon
[LOG 15:44:17.491] Load Cached PNG Texture: Squad/Parts/@thumbs/spotLight3_icon0
[LOG 15:44:17.491] Load Cached PNG Texture: Squad/Parts/@thumbs/spotLight3_icon1
[LOG 15:44:17.492] Load Cached PNG Texture: Squad/Parts/@thumbs/stackPoint1_icon
[LOG 15:44:17.492] Load Cached PNG Texture: Squad/Parts/@thumbs/StandardCtrlSrf_icon
[LOG 15:44:17.492] Load Cached PNG Texture: Squad/Parts/@thumbs/standardNoseCone_icon
[LOG 15:44:17.492] Load Cached PNG Texture: Squad/Parts/@thumbs/stripLight1_icon0
[LOG 15:44:17.492] Load Cached PNG Texture: Squad/Parts/@thumbs/stripLight1_icon1
[LOG 15:44:17.493] Load Cached PNG Texture: Squad/Parts/@thumbs/structuralIBeam1_icon
[LOG 15:44:17.493] Load Cached PNG Texture: Squad/Parts/@thumbs/structuralIBeam3_icon
[LOG 15:44:17.493] Load Cached PNG Texture: Squad/Parts/@thumbs/structuralMiniNode_icon
[LOG 15:44:17.493] Load Cached PNG Texture: Squad/Parts/@thumbs/structuralPanel1_icon
[LOG 15:44:17.497] Load Cached PNG Texture: Squad/Parts/@thumbs/structuralPanel2_icon
[LOG 15:44:17.497] Load Cached PNG Texture: Squad/Parts/@thumbs/structuralWing4_icon
[LOG 15:44:17.497] Load Cached PNG Texture: Squad/Parts/@thumbs/strutCube_icon
[LOG 15:44:17.498] Load Cached PNG Texture: Squad/Parts/@thumbs/strutOcto_icon
[LOG 15:44:17.498] Load Cached PNG Texture: Squad/Parts/@thumbs/SurfaceScanner_icon
[LOG 15:44:17.498] Load Cached PNG Texture: Squad/Parts/@thumbs/SurfAntenna_icon
[LOG 15:44:17.498] Load Cached PNG Texture: Squad/Parts/@thumbs/telescopicLadderBay_icon
[LOG 15:44:17.499] Load Cached PNG Texture: Squad/Parts/@thumbs/telescopicLadder_icon
[LOG 15:44:17.499] Load Cached PNG Texture: Squad/Parts/@thumbs/toroidalAerospike_icon
[LOG 15:44:17.499] Load Cached PNG Texture: Squad/Parts/@thumbs/trussAdapter_icon
[LOG 15:44:17.499] Load Cached PNG Texture: Squad/Parts/@thumbs/trussPiece1x_icon
[LOG 15:44:17.500] Load Cached PNG Texture: Squad/Parts/@thumbs/trussPiece3x_icon
[LOG 15:44:17.500] Load Cached PNG Texture: Squad/Parts/@thumbs/vernierEngine_icon
[LOG 15:44:17.500] Load Cached PNG Texture: Squad/Parts/@thumbs/wheelMed_icon
[LOG 15:44:17.501] Load Cached PNG Texture: Squad/Parts/@thumbs/wingConnector4_icon
[LOG 15:44:17.501] Load Cached PNG Texture: Squad/Parts/@thumbs/wingConnector5_icon
[LOG 15:44:17.501] Load Cached PNG Texture: Squad/Parts/@thumbs/winglet3_icon
[LOG 15:44:17.501] Load Cached PNG Texture: Squad/Parts/@thumbs/winglet_icon
[LOG 15:44:17.502] Load Cached PNG Texture: Squad/Parts/@thumbs/wingShuttleElevon1_icon
[LOG 15:44:17.502] Load Cached PNG Texture: Squad/Parts/@thumbs/xenonTankLarge_icon
[LOG 15:44:17.503] Load Cached PNG Texture: Squad/Parts/@thumbs/xenonTankRadial_icon
[LOG 15:44:17.503] Load Cached PNG Texture: Squad/Parts/@thumbs/xenonTank_icon
[LOG 15:44:17.503] Load DDS texture: Squad/Parts/Aero/aerodynamicNoseCone/Rockomax_Adapters_diffuse
[LOG 15:44:17.504] Load DDS texture: Squad/Parts/Aero/aerodynamicNoseCone/Rockomax_Adapters_normal
[LOG 15:44:17.504] Load DDS texture: Squad/Parts/Aero/airbrake/airbrake
[LOG 15:44:17.504] Load DDS texture: Squad/Parts/Aero/airIntakeRadialXM-G50/RadialIntake
[LOG 15:44:17.505] Load DDS texture: Squad/Parts/Aero/airlinerWings/AirlinerWings
[LOG 15:44:17.508] Load DDS texture: Squad/Parts/Aero/airplaneFins/AirplaneFins
[LOG 15:44:17.514] Load DDS texture: Squad/Parts/Aero/basicFin/BasicFin
[LOG 15:44:17.514] Load DDS texture: Squad/Parts/Aero/circularIntake/CircluarIntakes
[LOG 15:44:17.514] Load DDS texture: Squad/Parts/Aero/circularIntake/CircluarIntakes_Heat
[LOG 15:44:17.514] Load DDS texture: Squad/Parts/Aero/cones/Assets/Cones
[LOG 15:44:17.516] Load DDS texture: Squad/Parts/Aero/cones/Assets/ConesDiffuse
[LOG 15:44:17.517] Load DDS texture: Squad/Parts/Aero/cones/Assets/ConesDiffuse_Orange
[LOG 15:44:17.518] Load DDS texture: Squad/Parts/Aero/cones/Assets/ConesDiffuse_White
[LOG 15:44:17.519] Load DDS texture: Squad/Parts/Aero/cones/Assets/ConesHeat
[LOG 15:44:17.520] Load DDS texture: Squad/Parts/Aero/cones/Assets/ConesHeat_Orange
[LOG 15:44:17.522] Load DDS texture: Squad/Parts/Aero/cones/Assets/ConesHeat_White
[LOG 15:44:17.526] Load DDS texture: Squad/Parts/Aero/cones/Assets/Cones_Heat
[LOG 15:44:17.526] Load Cached PNG Texture: Squad/Parts/Aero/cones/Assets/rocketNoseCones_O
[LOG 15:44:17.529] Load Cached PNG Texture: Squad/Parts/Aero/cones/Assets/rocketNoseCones_O_Normal
[LOG 15:44:17.530] Load DDS texture: Squad/Parts/Aero/cones/Assets/rocketNoseCones_W
[LOG 15:44:17.533] Load DDS texture: Squad/Parts/Aero/cones/Assets/Rockomax_Adapters_diffuse
[LOG 15:44:17.534] Load DDS texture: Squad/Parts/Aero/cones/Assets/Rockomax_Adapters_normal
[LOG 15:44:17.534] Load DDS texture: Squad/Parts/Aero/fairings/AutoTruss
[LOG 15:44:17.534] Load DDS texture: Squad/Parts/Aero/fairings/FairingBase
[LOG 15:44:17.537] Load DDS texture: Squad/Parts/Aero/fairings/FairingBaseNormals
[LOG 15:44:17.537] Load DDS texture: Squad/Parts/Aero/fairings/FairingBaseNormals_bw
[LOG 15:44:17.537] Load DDS texture: Squad/Parts/Aero/fairings/FairingBaseNormals_goldSilver
[LOG 15:44:17.537] Load DDS texture: Squad/Parts/Aero/fairings/FairingBaseNormals_orange
[LOG 15:44:17.538] Load Cached PNG Texture: Squad/Parts/Aero/fairings/FairingBase_black
[LOG 15:44:17.538] Load DDS texture: Squad/Parts/Aero/fairings/FairingBase_bw
[LOG 15:44:17.539] Load DDS texture: Squad/Parts/Aero/fairings/FairingBase_goldDiffuse
[LOG 15:44:17.539] Load DDS texture: Squad/Parts/Aero/fairings/FairingBase_goldSpecular
[LOG 15:44:17.539] Load DDS texture: Squad/Parts/Aero/fairings/FairingBase_orange
[LOG 15:44:17.539] Load DDS texture: Squad/Parts/Aero/fairings/FairingBase_silverDiffuse
[LOG 15:44:17.539] Load DDS texture: Squad/Parts/Aero/fairings/FairingBase_silverSpecular
[LOG 15:44:17.539] Load DDS texture: Squad/Parts/Aero/fairings/fairingsCap
[LOG 15:44:17.540] Load DDS texture: Squad/Parts/Aero/fairings/FairingsMat_silverSpecular
[LOG 15:44:17.546] Load DDS texture: Squad/Parts/Aero/fairings/fairings_diff
[LOG 15:44:17.548] Load DDS texture: Squad/Parts/Aero/fairings/fairings_diff_grey
[LOG 15:44:17.549] Load DDS texture: Squad/Parts/Aero/fairings/fairings_diff_orange
[LOG 15:44:17.549] Load DDS texture: Squad/Parts/Aero/fairings/fairings_grey_normals
[LOG 15:44:17.549] Load DDS texture: Squad/Parts/Aero/fairings/fairings_normals
[LOG 15:44:17.550] Load DDS texture: Squad/Parts/Aero/fairings/fairings_normals_silver
[LOG 15:44:17.551] Load DDS texture: Squad/Parts/Aero/fairings/fairings_orange_normals
[LOG 15:44:17.551] Load DDS texture: Squad/Parts/Aero/fairings/fairings_silverDiffuse
[LOG 15:44:17.551] Load DDS texture: Squad/Parts/Aero/HeatShield/Fairing
[LOG 15:44:17.551] Load DDS texture: Squad/Parts/Aero/HeatShield/heatshield
[LOG 15:44:17.552] Load DDS texture: Squad/Parts/Aero/InflatableHeatShield/HeatShield
[LOG 15:44:17.553] Load DDS texture: Squad/Parts/Aero/InflatableHeatShield/HeatShieldFairing
[LOG 15:44:17.553] Load DDS texture: Squad/Parts/Aero/InflatableHeatShield/HeatShield_NRM
[LOG 15:44:17.553] Load DDS texture: Squad/Parts/Aero/intakeRadialLong/Radial_long
[LOG 15:44:17.553] Load DDS texture: Squad/Parts/Aero/miniIntake/SmallIntake
[LOG 15:44:17.553] Load DDS texture: Squad/Parts/Aero/ramAirIntake/RampIntake
[LOG 15:44:17.553] Load DDS texture: Squad/Parts/Aero/ramAirIntake/RampIntake_Heat
[LOG 15:44:17.554] Load DDS texture: Squad/Parts/Aero/shuttleWings/ShuttleWings
[LOG 15:44:17.557] Load DDS texture: Squad/Parts/Aero/wingletAV-R8/model000
[LOG 15:44:17.557] Load DDS texture: Squad/Parts/Aero/wingletAV-R8/model001
[LOG 15:44:17.558] Load DDS texture: Squad/Parts/Aero/wingletAV-T1/model000
[LOG 15:44:17.558] Load DDS texture: Squad/Parts/Aero/wingletAV-T1/model001
[LOG 15:44:17.558] Load DDS texture: Squad/Parts/Aero/wingletDeltaDeluxe/model000
[LOG 15:44:17.558] Load DDS texture: Squad/Parts/Aero/wings/Wings
[LOG 15:44:17.558] Load DDS texture: Squad/Parts/Cargo/CargoContainers/cargoContainer_diff
[LOG 15:44:17.560] Load DDS texture: Squad/Parts/Cargo/CargoContainers/smallCargoContainer_diffuse
[LOG 15:44:17.560] Load DDS texture: Squad/Parts/Cargo/CargoContainers/smallCargoContainer_nrm
[LOG 15:44:17.560] Load DDS texture: Squad/Parts/Cargo/CargoContainers/smallCargoContainer_specular
[LOG 15:44:17.560] Load DDS texture: Squad/Parts/Cargo/Cylinder/EVAcylinder_diffuse
[LOG 15:44:17.560] Load DDS texture: Squad/Parts/Cargo/Cylinder/EVAcylinder_nrm
[LOG 15:44:17.561] Load DDS texture: Squad/Parts/Cargo/GroundAnchor/groundAnchor_diffuse
[LOG 15:44:17.561] Load DDS texture: Squad/Parts/Cargo/GroundAnchor/groundAnchor_nrm
[LOG 15:44:17.561] Load DDS texture: Squad/Parts/Cargo/Jetpack/EVAjetpack
[LOG 15:44:17.565] Load DDS texture: Squad/Parts/Cargo/Jetpack/EVAjetpackEmmisive
[LOG 15:44:17.565] Load DDS texture: Squad/Parts/Cargo/Jetpack/EVAjetpackNRM
[LOG 15:44:17.566] Load DDS texture: Squad/Parts/Cargo/Parachute/backpack_Diff
[LOG 15:44:17.569] Load DDS texture: Squad/Parts/Cargo/Parachute/backpack_NM
[LOG 15:44:17.574] Load DDS texture: Squad/Parts/Cargo/RepairKit/RepairKit_Diffuse
[LOG 15:44:17.574] Load DDS texture: Squad/Parts/Cargo/RepairKit/RepairKit_Normal
[LOG 15:44:17.575] Load DDS texture: Squad/Parts/Cargo/ScienceKit/ExperimentKit_Material_Diffuse
[LOG 15:44:17.577] Load DDS texture: Squad/Parts/Cargo/ScienceKit/ExperimentKit_Material_Emissive
[LOG 15:44:17.581] Load DDS texture: Squad/Parts/Cargo/ScienceKit/ExperimentKit_Material_Normal
[LOG 15:44:17.583] Load DDS texture: Squad/Parts/Cargo/StorageUnits/Assets/Cargo_Material_Diffuse
[LOG 15:44:17.586] Load DDS texture: Squad/Parts/Cargo/StorageUnits/Assets/Cargo_Material_Normal
[LOG 15:44:17.590] Load DDS texture: Squad/Parts/Command/advancedSasModuleLarge/model000
[LOG 15:44:17.591] Load DDS texture: Squad/Parts/Command/advancedSasModuleLarge/model001
[LOG 15:44:17.591] Load DDS texture: Squad/Parts/Command/cupola/cupola_Emissive
[LOG 15:44:17.591] Load DDS texture: Squad/Parts/Command/cupola/ksp_l_cupola_diff
[LOG 15:44:17.592] Load DDS texture: Squad/Parts/Command/cupola/ksp_l_cupola_normal
[LOG 15:44:17.593] Load DDS texture: Squad/Parts/Command/cupola/window
[LOG 15:44:17.593] Load DDS texture: Squad/Parts/Command/externalCommandSeat/model000
[LOG 15:44:17.593] Load DDS texture: Squad/Parts/Command/hitchhikerStorageContainer/cabin
[LOG 15:44:17.594] Load DDS texture: Squad/Parts/Command/hitchhikerStorageContainer/cabin_Illum
[LOG 15:44:17.594] Load DDS texture: Squad/Parts/Command/hitchhikerStorageContainer/cabin_n
[LOG 15:44:17.594] Load DDS texture: Squad/Parts/Command/hitchhikerStorageContainer/window
[LOG 15:44:17.594] Load DDS texture: Squad/Parts/Command/inlineAdvancedStabilizer/model000
[LOG 15:44:17.594] Load DDS texture: Squad/Parts/Command/inlineAdvancedStabilizer/model001
[LOG 15:44:17.595] Load DDS texture: Squad/Parts/Command/inlineReactionWheel/model000
[LOG 15:44:17.595] Load DDS texture: Squad/Parts/Command/inlineReactionWheel/model001
[LOG 15:44:17.595] Load DDS texture: Squad/Parts/Command/inlineReactionWheel/model002
[LOG 15:44:17.595] Load DDS texture: Squad/Parts/Command/Mk1-2Pod/mk 1-2 external shell Variant-Hatch
[LOG 15:44:17.599] Load DDS texture: Squad/Parts/Command/Mk1-3Pod/M1-3 Pod
[LOG 15:44:17.600] Load DDS texture: Squad/Parts/Command/Mk1-3Pod/M1-3 Pod_GLOW
[LOG 15:44:17.601] Load DDS texture: Squad/Parts/Command/mk1Cockpits/GLOW
[LOG 15:44:17.601] Load DDS texture: Squad/Parts/Command/mk1Cockpits/Mk1Cockpit
[LOG 15:44:17.601] Load DDS texture: Squad/Parts/Command/mk1LanderCan/ksp_s_landerCan_diff
[LOG 15:44:17.602] Load DDS texture: Squad/Parts/Command/mk1LanderCan/ksp_s_landerCan_normal
[LOG 15:44:17.602] Load DDS texture: Squad/Parts/Command/mk1LanderCan/ksp_s_landerCan_psd_illum
[LOG 15:44:17.602] Load DDS texture: Squad/Parts/Command/mk1pod/outer shell
[LOG 15:44:17.602] Load DDS texture: Squad/Parts/Command/mk1pod_v2/Mk1_v2
[LOG 15:44:17.603] Load DDS texture: Squad/Parts/Command/mk1pod_v2/Mk1_v2_GLOW
[LOG 15:44:17.603] Load DDS texture: Squad/Parts/Command/mk1pod_v2/Mk1_v2_GW
[LOG 15:44:17.604] Load DDS texture: Squad/Parts/Command/mk1pod_v2/Mk1_v2_N
[LOG 15:44:17.605] Load DDS texture: Squad/Parts/Command/mk1pod_v2/Mk1_v2_W
[LOG 15:44:17.605] Load DDS texture: Squad/Parts/Command/mk1pod_v2/Mk1_v2_W_N
[LOG 15:44:17.605] Load DDS texture: Squad/Parts/Command/mk2CockpitInline/Cockpit_inline_A
[LOG 15:44:17.607] Load DDS texture: Squad/Parts/Command/mk2CockpitInline/Cockpit_inline_Emissive
[LOG 15:44:17.607] Load DDS texture: Squad/Parts/Command/mk2CockpitInline/Cockpit_inline_normal
[LOG 15:44:17.608] Load DDS texture: Squad/Parts/Command/mk2CockpitStandard/Cockpit
[LOG 15:44:17.609] Load DDS texture: Squad/Parts/Command/mk2CockpitStandard/Cockpit_Lum
[LOG 15:44:17.610] Load DDS texture: Squad/Parts/Command/mk2CockpitStandard/Cockpit_NRM
[LOG 15:44:17.611] Load DDS texture: Squad/Parts/Command/mk2DroneCore/mk2Dronecore
[LOG 15:44:17.612] Load DDS texture: Squad/Parts/Command/mk2LanderCan/Illum
[LOG 15:44:17.612] Load DDS texture: Squad/Parts/Command/mk2LanderCan/ladder
[LOG 15:44:17.612] Load DDS texture: Squad/Parts/Command/mk2LanderCan/outershell
[LOG 15:44:17.612] Load DDS texture: Squad/Parts/Command/mk2LanderCan/outershell_n
[LOG 15:44:17.612] Load DDS texture: Squad/Parts/Command/mk2LanderCan/window
[LOG 15:44:17.612] Load DDS texture: Squad/Parts/Command/mk2LanderCan_v2/Mk2Can
[LOG 15:44:17.618] Load DDS texture: Squad/Parts/Command/mk2LanderCan_v2/Mk2Can_glow
[LOG 15:44:17.622] Load DDS texture: Squad/Parts/Command/mk3CockpitShuttle/Mk3CockpitShuttle
[LOG 15:44:17.623] Load DDS texture: Squad/Parts/Command/mk3CockpitShuttle/Mk3CockpitShuttle_LUM
[LOG 15:44:17.624] Load DDS texture: Squad/Parts/Command/MpoProbe/MpoProbe_diffuse
[LOG 15:44:17.624] Load DDS texture: Squad/Parts/Command/MpoProbe/MpoProbe_nrm
[LOG 15:44:17.628] Load DDS texture: Squad/Parts/Command/MpoProbe/MpoProbe_specular
[LOG 15:44:17.631] Load DDS texture: Squad/Parts/Command/MtmStage/mtmStage_diffuse
[LOG 15:44:17.632] Load DDS texture: Squad/Parts/Command/MtmStage/mtmStage_nrm
[LOG 15:44:17.633] Load DDS texture: Squad/Parts/Command/MtmStage/mtmStage_specular
[LOG 15:44:17.633] Load DDS texture: Squad/Parts/Command/probeCoreCube/QBE_New_diffuse
[LOG 15:44:17.633] Load Cached PNG Texture: Squad/Parts/Command/probeCoreCube/QBE_New_NRM
[LOG 15:44:17.634] Load DDS texture: Squad/Parts/Command/probeCoreCube/QBE_New_specular
[LOG 15:44:17.635] Load DDS texture: Squad/Parts/Command/probeCoreHex/ksp_m_hexProbe_diff
[LOG 15:44:17.635] Load DDS texture: Squad/Parts/Command/probeCoreHex/ksp_m_hexProbe_normal
[LOG 15:44:17.636] Load DDS texture: Squad/Parts/Command/probeCoreHex_v2/hecsDiffuse
[LOG 15:44:17.636] Load DDS texture: Squad/Parts/Command/probeCoreHex_v2/hecsNormal
[LOG 15:44:17.636] Load DDS texture: Squad/Parts/Command/probeCoreOcto2_v2/octoDiffuse
[LOG 15:44:17.636] Load DDS texture: Squad/Parts/Command/probeCoreOcto2_v2/octoNormal
[LOG 15:44:17.636] Load DDS texture: Squad/Parts/Command/probeCoreOcto2_v2/octoSpecular
[LOG 15:44:17.636] Load DDS texture: Squad/Parts/Command/probeCoreOcto_v2/octoDiffuse
[LOG 15:44:17.636] Load DDS texture: Squad/Parts/Command/probeCoreOcto_v2/octoNormal
[LOG 15:44:17.636] Load DDS texture: Squad/Parts/Command/probeCoreOcto_v2/octoSpecular
[LOG 15:44:17.637] Load DDS texture: Squad/Parts/Command/probeRoverBody/model000
[LOG 15:44:17.637] Load DDS texture: Squad/Parts/Command/probeRoverBody/model001
[LOG 15:44:17.637] Load DDS texture: Squad/Parts/Command/probeRoverBody_v2/probeRoverBody_v2_gold_diffuse
[LOG 15:44:17.638] Load Cached PNG Texture: Squad/Parts/Command/probeRoverBody_v2/probeRoverBody_v2_gold_NRM
[LOG 15:44:17.639] Load DDS texture: Squad/Parts/Command/probeRoverBody_v2/probeRoverBody_v2_gold_specular
[LOG 15:44:17.640] Load DDS texture: Squad/Parts/Command/probeRoverBody_v2/probeRoverBody_v2_silver_diffuse
[LOG 15:44:17.640] Load Cached PNG Texture: Squad/Parts/Command/probeRoverBody_v2/probeRoverBody_v2_silver_NRM
[LOG 15:44:17.641] Load DDS texture: Squad/Parts/Command/probeRoverBody_v2/probeRoverBody_v2_silver_specular
[LOG 15:44:17.641] Load DDS texture: Squad/Parts/Command/probeRoverBody_v2/QBE_New_diffuse
[LOG 15:44:17.641] Load DDS texture: Squad/Parts/Command/probeRoverBody_v2/QBE_New_NRM
[LOG 15:44:17.641] Load DDS texture: Squad/Parts/Command/probeRoverBody_v2/QBE_New_specular
[LOG 15:44:17.641] Load DDS texture: Squad/Parts/Command/probeStackLarge/model000
[LOG 15:44:17.643] Load DDS texture: Squad/Parts/Command/probeStackLarge/model001
[LOG 15:44:17.643] Load DDS texture: Squad/Parts/Command/probeStackSmall/model000
[LOG 15:44:17.644] Load DDS texture: Squad/Parts/Command/probeStackSmall/model001
[LOG 15:44:17.644] Load DDS texture: Squad/Parts/Command/probeStackSphere_v2/probeStackSphere_diffuse
[LOG 15:44:17.646] Load DDS texture: Squad/Parts/Command/probeStackSphere_v2/probeStackSphere_normal
[LOG 15:44:17.649] Load DDS texture: Squad/Parts/Command/probeStackSphere_v2/probeStackSphere_specular
[LOG 15:44:17.652] Load Cached PNG Texture: Squad/Parts/CompoundParts/@thumbs/fuelLine_icon0
[LOG 15:44:17.653] Load Cached PNG Texture: Squad/Parts/CompoundParts/@thumbs/fuelLine_icon1
[LOG 15:44:17.653] Load Cached PNG Texture: Squad/Parts/CompoundParts/@thumbs/strutConnector_icon0
[LOG 15:44:17.653] Load Cached PNG Texture: Squad/Parts/CompoundParts/@thumbs/strutConnector_icon1
[LOG 15:44:17.653] Load DDS texture: Squad/Parts/CompoundParts/FuelLine/FTX-2 External Fuel Duct
[LOG 15:44:17.653] Load DDS texture: Squad/Parts/CompoundParts/FuelLine/FTX-2 External Fuel Duct_ESA
[LOG 15:44:17.653] Load DDS texture: Squad/Parts/CompoundParts/strutConnector/EAS-4 Strut Connector
[LOG 15:44:17.653] Load DDS texture: Squad/Parts/CompoundParts/strutConnector/EAS-4 Strut Connector_white
[LOG 15:44:17.653] Load DDS texture: Squad/Parts/Coupling/Assets/Decouplers
[LOG 15:44:17.655] Load DDS texture: Squad/Parts/Coupling/Assets/Decouplers_N
[LOG 15:44:17.656] Load DDS texture: Squad/Parts/Coupling/Assets/Decouplers_whiteYellow
[LOG 15:44:17.657] Load DDS texture: Squad/Parts/Coupling/Assets/Decouplers_whiteYellow_N
[LOG 15:44:17.659] Load DDS texture: Squad/Parts/Electrical/10CSolarPanels/assets/circularSolarPanel_diffuse
[LOG 15:44:17.660] Load DDS texture: Squad/Parts/Electrical/10CSolarPanels/assets/circularSolarPanel_nrm
[LOG 15:44:17.661] Load DDS texture: Squad/Parts/Electrical/10LSolarPanels/assets/retractableSolarPanel_diffuse
[LOG 15:44:17.661] Load DDS texture: Squad/Parts/Electrical/10LSolarPanels/assets/retractableSolarPanel_nrm
[LOG 15:44:17.662] Load DDS texture: Squad/Parts/Electrical/1x6ShroudSolarPanels/model000
[LOG 15:44:17.662] Load DDS texture: Squad/Parts/Electrical/1x6ShroudSolarPanels/model001
[LOG 15:44:17.663] Load DDS texture: Squad/Parts/Electrical/1x6ShroudSolarPanels/model002
[LOG 15:44:17.663] Load DDS texture: Squad/Parts/Electrical/1x6SolarPanels/model000
[LOG 15:44:17.663] Load DDS texture: Squad/Parts/Electrical/1x6SolarPanels/model001
[LOG 15:44:17.663] Load DDS texture: Squad/Parts/Electrical/1x6SolarPanels/model002
[LOG 15:44:17.663] Load DDS texture: Squad/Parts/Electrical/3x2ShroudSolarPanels/model000
[LOG 15:44:17.663] Load DDS texture: Squad/Parts/Electrical/3x2ShroudSolarPanels/model001
[LOG 15:44:17.663] Load DDS texture: Squad/Parts/Electrical/3x2ShroudSolarPanels/model002
[LOG 15:44:17.663] Load DDS texture: Squad/Parts/Electrical/3x2SolarPanels/model000
[LOG 15:44:17.663] Load DDS texture: Squad/Parts/Electrical/3x2SolarPanels/model001
[LOG 15:44:17.663] Load DDS texture: Squad/Parts/Electrical/3x2SolarPanels/model002
[LOG 15:44:17.664] Load DDS texture: Squad/Parts/Electrical/gigantorXlSolarArray/panel
[LOG 15:44:17.664] Load DDS texture: Squad/Parts/Electrical/radialFlatSolarPanel/model000
[LOG 15:44:17.664] Load DDS texture: Squad/Parts/Electrical/RTG/model000
[LOG 15:44:17.664] Load DDS texture: Squad/Parts/Electrical/z-100Battery/model000
[LOG 15:44:17.664] Load DDS texture: Squad/Parts/Electrical/z-1kBattery/model000
[LOG 15:44:17.664] Load DDS texture: Squad/Parts/Electrical/z-1kBattery/model001
[LOG 15:44:17.664] Load DDS texture: Squad/Parts/Electrical/z-200Battery/ksp_m_batteryPack_diff
[LOG 15:44:17.664] Load DDS texture: Squad/Parts/Electrical/z-400Battery/model000
[LOG 15:44:17.664] Load DDS texture: Squad/Parts/Electrical/z-4kBattery/ksp_l_batteryPack_diff
[LOG 15:44:17.664] Load DDS texture: Squad/Parts/Electrical/z-4kBattery/ksp_l_batteryPack_normal
[LOG 15:44:17.664] Load DDS texture: Squad/Parts/Engine/ionEngine/model000
[LOG 15:44:17.666] Load DDS texture: Squad/Parts/Engine/jetEngines/Jet Engines
[LOG 15:44:17.666] Load DDS texture: Squad/Parts/Engine/jetEngines/Jet_Heat
[LOG 15:44:17.666] Load DDS texture: Squad/Parts/Engine/liquidEngine24-77/engine
[LOG 15:44:17.666] Load DDS texture: Squad/Parts/Engine/liquidEngine24-77_v2/Twitch
[LOG 15:44:17.667] Load DDS texture: Squad/Parts/Engine/liquidEngine24-77_v2/Twitch_G
[LOG 15:44:17.667] Load DDS texture: Squad/Parts/Engine/liquidEngine24-77_v2/Twitch_GLOW
[LOG 15:44:17.667] Load DDS texture: Squad/Parts/Engine/liquidEngine48-7S/ksp_m_liquidEngine_diff
[LOG 15:44:17.668] Load DDS texture: Squad/Parts/Engine/liquidEngine48-7S_v2/Spark
[LOG 15:44:17.668] Load DDS texture: Squad/Parts/Engine/liquidEngine48-7S_v2/Spark_Glow
[LOG 15:44:17.668] Load DDS texture: Squad/Parts/Engine/liquidEngineAerospike/Aerospike
[LOG 15:44:17.668] Load DDS texture: Squad/Parts/Engine/liquidEngineAerospike/Aerospike_Heat
[LOG 15:44:17.669] Load DDS texture: Squad/Parts/Engine/liquidEngineLV-1_v2/Assets/Ant_and_Spider_diffuse
[LOG 15:44:17.669] Load DDS texture: Squad/Parts/Engine/liquidEngineLV-1_v2/Assets/Ant_and_Spider_emissive
[LOG 15:44:17.669] Load DDS texture: Squad/Parts/Engine/liquidEngineLV-1_v2/Assets/Ant_and_Spider_normal
[LOG 15:44:17.670] Load DDS texture: Squad/Parts/Engine/liquidEngineLV-1_v2/Assets/Ant_and_Spider_specular
[LOG 15:44:17.671] Load DDS texture: Squad/Parts/Engine/liquidEngineLV-909_v2/Terrier
[LOG 15:44:17.671] Load DDS texture: Squad/Parts/Engine/liquidEngineLV-909_v2/TerrierFairing
[LOG 15:44:17.672] Load DDS texture: Squad/Parts/Engine/liquidEngineLV-909_v2/Terrier_glow
[LOG 15:44:17.672] Load DDS texture: Squad/Parts/Engine/liquidEngineLV-N/model000
[LOG 15:44:17.673] Load DDS texture: Squad/Parts/Engine/liquidEngineLV-N/model001
[LOG 15:44:17.673] Load DDS texture: Squad/Parts/Engine/liquidEngineLV-N/model002
[LOG 15:44:17.673] Load DDS texture: Squad/Parts/Engine/liquidEngineLV-N/model003
[LOG 15:44:17.674] Load DDS texture: Squad/Parts/Engine/liquidEngineLV-T30/model000
[LOG 15:44:17.674] Load DDS texture: Squad/Parts/Engine/liquidEngineLV-T30/model001
[LOG 15:44:17.675] Load DDS texture: Squad/Parts/Engine/liquidEngineLV-T30/model002
[LOG 15:44:17.676] Load DDS texture: Squad/Parts/Engine/liquidEngineLV-T30_v2/Engine_Emissive
[LOG 15:44:17.679] Load DDS texture: Squad/Parts/Engine/liquidEngineLV-T30_v2/Engine_Normal
[LOG 15:44:17.688] Load DDS texture: Squad/Parts/Engine/liquidEngineLV-T30_v2/Fairing
[LOG 15:44:17.689] Load DDS texture: Squad/Parts/Engine/liquidEngineLV-T30_v2/Reliant_v2-shroud_Diffuse
[LOG 15:44:17.693] Load DDS texture: Squad/Parts/Engine/liquidEngineLV-T30_v2/Reliant_v2_Diffuse
[LOG 15:44:17.701] Load DDS texture: Squad/Parts/Engine/liquidEngineLV-T45/model000
[LOG 15:44:17.702] Load DDS texture: Squad/Parts/Engine/liquidEngineLV-T45/model001
[LOG 15:44:17.703] Load DDS texture: Squad/Parts/Engine/liquidEngineLV-T45/model002
[LOG 15:44:17.703] Load DDS texture: Squad/Parts/Engine/liquidEngineLV-T45/model003
[LOG 15:44:17.703] Load DDS texture: Squad/Parts/Engine/liquidEngineLV-T45_v2/Engine_Emissive
[LOG 15:44:17.706] Load DDS texture: Squad/Parts/Engine/liquidEngineLV-T45_v2/Fairing
[LOG 15:44:17.707] Load DDS texture: Squad/Parts/Engine/liquidEngineLV-T45_v2/Swivel_v2_Diffuse
[LOG 15:44:17.711] Load DDS texture: Squad/Parts/Engine/liquidEngineLV-T45_v2/Swivel_v2_Normal
[LOG 15:44:17.715] Load DDS texture: Squad/Parts/Engine/liquidEngineMainsail_v2/mainsail_diffuse
[LOG 15:44:17.718] Load DDS texture: Squad/Parts/Engine/liquidEngineMainsail_v2/mainsail_emissive
[LOG 15:44:17.722] Load DDS texture: Squad/Parts/Engine/liquidEngineMainsail_v2/mainsail_nrm
[LOG 15:44:17.727] Load DDS texture: Squad/Parts/Engine/liquidEngineMainsail_v2/mainsail_specular
[LOG 15:44:17.732] Load DDS texture: Squad/Parts/Engine/liquidEngineMainsail_v2/Shroud
[LOG 15:44:17.737] Load DDS texture: Squad/Parts/Engine/liquidEngineMk55/Thud
[LOG 15:44:17.737] Load DDS texture: Squad/Parts/Engine/liquidEngineMk55/Thud_Heat
[LOG 15:44:17.738] Load DDS texture: Squad/Parts/Engine/liquidEnginePoodle_v2/poodle
[LOG 15:44:17.738] Load DDS texture: Squad/Parts/Engine/liquidEnginePoodle_v2/PoodleShroud
[LOG 15:44:17.738] Load DDS texture: Squad/Parts/Engine/liquidEnginePoodle_v2/poodle_Glow
[LOG 15:44:17.739] Load DDS texture: Squad/Parts/Engine/liquidEnginePoodle_v2/Poodle_SingleBell_Poodle_Diffuse
[LOG 15:44:17.740] Load DDS texture: Squad/Parts/Engine/liquidEnginePoodle_v2/Poodle_SingleBell_Poodle_Emissive
[LOG 15:44:17.740] Load DDS texture: Squad/Parts/Engine/liquidEnginePoodle_v2/Poodle_SingleBell_Poodle_Normal
[LOG 15:44:17.741] Load DDS texture: Squad/Parts/Engine/liquidEngineSkipper_v2/Shroud
[LOG 15:44:17.741] Load DDS texture: Squad/Parts/Engine/liquidEngineSkipper_v2/skipper_v2_diffuse
[LOG 15:44:17.760] Load DDS texture: Squad/Parts/Engine/liquidEngineSkipper_v2/skipper_v2_emissive
[LOG 15:44:17.764] Load DDS texture: Squad/Parts/Engine/liquidEngineSkipper_v2/skipper_v2_normal
[LOG 15:44:17.772] Load DDS texture: Squad/Parts/Engine/liquidEngineSSME/SSME
[LOG 15:44:17.773] Load DDS texture: Squad/Parts/Engine/liquidEngineSSME/SSME_GLOW
[LOG 15:44:17.773] Load DDS texture: Squad/Parts/Engine/liquidEngineSSME/SSME_NRM
[LOG 15:44:17.773] Load DDS texture: Squad/Parts/Engine/MassiveSRB/solid_booster_cm
[LOG 15:44:17.774] Load DDS texture: Squad/Parts/Engine/MassiveSRB/solid_booster_cm_esa
[LOG 15:44:17.774] Load DDS texture: Squad/Parts/Engine/MassiveSRB/solid_booster_em
[LOG 15:44:17.776] Load DDS texture: Squad/Parts/Engine/MassiveSRB/solid_booster_nm
[LOG 15:44:17.776] Load DDS texture: Squad/Parts/Engine/miniJet/SmallJet
[LOG 15:44:17.776] Load DDS texture: Squad/Parts/Engine/OMSEngine/Puff_diffuse
[LOG 15:44:17.776] Load DDS texture: Squad/Parts/Engine/OMSEngine/Puff_emissive
[LOG 15:44:17.776] Load DDS texture: Squad/Parts/Engine/OMSEngine/Puff_normal
[LOG 15:44:17.776] Load DDS texture: Squad/Parts/Engine/OMSEngine/Puff_specular
[LOG 15:44:17.776] Load DDS texture: Squad/Parts/Engine/rapierEngine/rapierDiffuse
[LOG 15:44:17.776] Load DDS texture: Squad/Parts/Engine/rapierEngine/rapieremit
[LOG 15:44:17.776] Load DDS texture: Squad/Parts/Engine/Size1_SRBs/SRB_O
[LOG 15:44:17.777] Load DDS texture: Squad/Parts/Engine/Size1_SRBs/SRB_W
[LOG 15:44:17.777] Load DDS texture: Squad/Parts/Engine/Size1_SRBs/SRB_Y
[LOG 15:44:17.778] Load DDS texture: Squad/Parts/Engine/Size2LFB/Size2LFBEmissive
[LOG 15:44:17.778] Load DDS texture: Squad/Parts/Engine/Size2LFB/twin_nozzle_booster_cm
[LOG 15:44:17.779] Load DDS texture: Squad/Parts/Engine/Size2LFB/twin_nozzle_booster_nm
[LOG 15:44:17.780] Load DDS texture: Squad/Parts/Engine/Size2LFB_v2/Size2LFBEmissive
[LOG 15:44:17.780] Load DDS texture: Squad/Parts/Engine/Size2LFB_v2/twin_nozzle_booster_cm
[LOG 15:44:17.781] Load DDS texture: Squad/Parts/Engine/Size2LFB_v2/twin_nozzle_booster_nm
[LOG 15:44:17.781] Load DDS texture: Squad/Parts/Engine/Size3AdvancedEngine/decoupler_and_adaptor_cm
[LOG 15:44:17.782] Load DDS texture: Squad/Parts/Engine/Size3AdvancedEngine/Size3AdvancedEngineDiffuse
[LOG 15:44:17.784] Load DDS texture: Squad/Parts/Engine/Size3AdvancedEngine/Size3AdvancedEngineEmissive
[LOG 15:44:17.784] Load DDS texture: Squad/Parts/Engine/Size3AdvancedEngine/Size3AdvancedEngineNormal
[LOG 15:44:17.784] Load DDS texture: Squad/Parts/Engine/Size3EngineCluster/ClusterEngineEmit
[LOG 15:44:17.788] Load DDS texture: Squad/Parts/Engine/Size3EngineCluster/four_nozzle_engine_cm
[LOG 15:44:17.790] Load DDS texture: Squad/Parts/Engine/Size3EngineCluster/four_nozzle_engine_nm
[LOG 15:44:17.790] Load DDS texture: Squad/Parts/Engine/solidBoosterBACC/model000
[LOG 15:44:17.791] Load DDS texture: Squad/Parts/Engine/solidBoosterBACC/model001
[LOG 15:44:17.791] Load DDS texture: Squad/Parts/Engine/solidBoosterBACC/model002
[LOG 15:44:17.794] Load DDS texture: Squad/Parts/Engine/solidBoosterRT-5/RT5
[LOG 15:44:17.794] Load DDS texture: Squad/Parts/Engine/solidBoosterS2-17/solidBoosterS2-17_diffuse
[LOG 15:44:17.814] Load DDS texture: Squad/Parts/Engine/solidBoosterS2-17/solidBoosterS2-17_emissive
[LOG 15:44:17.822] Load DDS texture: Squad/Parts/Engine/solidBoosterS2-17/solidBoosterS2-17_normal
[LOG 15:44:17.839] Load DDS texture: Squad/Parts/Engine/solidBoosterS2-33/solidBoosterS2-33_diffuse
[LOG 15:44:17.854] Load DDS texture: Squad/Parts/Engine/solidBoosterS2-33/solidBoosterS2-33_emissive
[LOG 15:44:17.875] Load DDS texture: Squad/Parts/Engine/solidBoosterS2-33/solidBoosterS2-33_normal
[LOG 15:44:17.893] Load DDS texture: Squad/Parts/Engine/solidBoosterSep/model000
[LOG 15:44:17.895] Load DDS texture: Squad/Parts/Engine/solidBoosterSep/motor
[LOG 15:44:17.895] Load DDS texture: Squad/Parts/Engine/SolidBoostersF/Assets/SolidBoosterF3S0_diffuse
[LOG 15:44:17.895] Load DDS texture: Squad/Parts/Engine/SolidBoostersF/Assets/SolidBoosterF3S0_emissive
[LOG 15:44:17.895] Load DDS texture: Squad/Parts/Engine/SolidBoostersF/Assets/SolidBoosterF3S0_normal
[LOG 15:44:17.896] Load DDS texture: Squad/Parts/FuelTank/adapterTanks/Mk3Adapters
[LOG 15:44:17.898] Load DDS texture: Squad/Parts/FuelTank/drainTankFTE-1/fuelValve_diffuse
[LOG 15:44:17.898] Load DDS texture: Squad/Parts/FuelTank/drainTankFTE-1/fuelValve_nrm
[LOG 15:44:17.898] Load DDS texture: Squad/Parts/FuelTank/FoilTanks/RadialTanks
[LOG 15:44:17.899] Load DDS texture: Squad/Parts/FuelTank/FoilTanks/RadialTanksGold_specular
[LOG 15:44:17.900] Load DDS texture: Squad/Parts/FuelTank/FoilTanks/RadialTanksSilver_specular
[LOG 15:44:17.902] Load DDS texture: Squad/Parts/FuelTank/FoilTanks/RadialTanks_N
[LOG 15:44:17.903] Load DDS texture: Squad/Parts/FuelTank/FoilTanks/RadialTanks_silver
[LOG 15:44:17.904] Load DDS texture: Squad/Parts/FuelTank/fuelTankOscarB/model000
[LOG 15:44:17.904] Load DDS texture: Squad/Parts/FuelTank/fuelTankOscarB/model001
[LOG 15:44:17.904] Load DDS texture: Squad/Parts/FuelTank/fuelTankOscarB/tank
[LOG 15:44:17.904] Load DDS texture: Squad/Parts/FuelTank/fuelTankOscarB/tank_n
[LOG 15:44:17.904] Load DDS texture: Squad/Parts/FuelTank/miniFuselage/Fuselage
[LOG 15:44:17.904] Load DDS texture: Squad/Parts/FuelTank/mk2Adapters/mk2adapters1m
[LOG 15:44:17.908] Load DDS texture: Squad/Parts/FuelTank/mk2FuselageLong/mk2Fuselage
[LOG 15:44:17.908] Load DDS texture: Squad/Parts/FuelTank/mk2FuselageShort/mk2FuselageShort
[LOG 15:44:17.910] Load DDS texture: Squad/Parts/FuelTank/mk3Fuselage/Mk3Fuselage
[LOG 15:44:17.911] Load DDS texture: Squad/Parts/FuelTank/mk3Fuselage/Mk3Fuselage_LUM
[LOG 15:44:17.912] Load DDS texture: Squad/Parts/FuelTank/RCSFuelTankR1/RCSFuelTankR1_01
[LOG 15:44:17.912] Load DDS texture: Squad/Parts/FuelTank/RCSFuelTankR1/RCSFuelTankR1_02
[LOG 15:44:17.913] Load DDS texture: Squad/Parts/FuelTank/RCSFuelTankR1/RCSFuelTankR1_N
[LOG 15:44:17.914] Load DDS texture: Squad/Parts/FuelTank/RCSFuelTankR10/ksp_m_rcsTank_diff
[LOG 15:44:17.914] Load DDS texture: Squad/Parts/FuelTank/RCSFuelTankR10/ksp_m_rcsTank_normal
[LOG 15:44:17.914] Load DDS texture: Squad/Parts/FuelTank/RCSFuelTankR25/FL-R25 RCS Fuel Tank_D
[LOG 15:44:17.915] Load DDS texture: Squad/Parts/FuelTank/RCSFuelTankR25/FL-R25 RCS Fuel Tank_N
[LOG 15:44:17.915] Load DDS texture: Squad/Parts/FuelTank/RCSTankRadial/model000
[LOG 15:44:17.915] Load DDS texture: Squad/Parts/FuelTank/RCStankRadialLong/ksp_r_rcsCylTank_diff
[LOG 15:44:17.915] Load DDS texture: Squad/Parts/FuelTank/RockomaxTanks/Assets/rockomax_16 [AlbedoM] BW
[LOG 15:44:17.921] Load DDS texture: Squad/Parts/FuelTank/RockomaxTanks/Assets/rockomax_16 [AlbedoM] ESA
[LOG 15:44:17.925] Load DDS texture: Squad/Parts/FuelTank/RockomaxTanks/Assets/rockomax_16 [AlbedoM] O
[LOG 15:44:17.930] Load DDS texture: Squad/Parts/FuelTank/RockomaxTanks/Assets/rockomax_16 [Normal] BW
[LOG 15:44:17.935] Load DDS texture: Squad/Parts/FuelTank/RockomaxTanks/Assets/rockomax_16 [Normal]ESA
[LOG 15:44:17.940] Load DDS texture: Squad/Parts/FuelTank/RockomaxTanks/Assets/rockomax_16 [Normal]O
[LOG 15:44:17.950] Load DDS texture: Squad/Parts/FuelTank/RockomaxTanks/Assets/rockomax_32 [AlbedoM] ESA
[LOG 15:44:17.953] Load DDS texture: Squad/Parts/FuelTank/RockomaxTanks/Assets/rockomax_32 [Normal]ESA
[LOG 15:44:17.954] Load DDS texture: Squad/Parts/FuelTank/Size1_Tanks/125Tanks_BW
[LOG 15:44:17.956] Load DDS texture: Squad/Parts/FuelTank/Size1_Tanks/125Tanks_D
[LOG 15:44:17.957] Load DDS texture: Squad/Parts/FuelTank/Size1_Tanks/125Tanks_N
[LOG 15:44:17.958] Load DDS texture: Squad/Parts/FuelTank/Size1_Tanks/125Tanks_O
[LOG 15:44:17.962] Load DDS texture: Squad/Parts/FuelTank/Size1_Tanks/125Tanks_W
[LOG 15:44:17.963] Load DDS texture: Squad/Parts/FuelTank/Size3Tanks/fueltTanks_cm
[LOG 15:44:17.964] Load Cached PNG Texture: Squad/Parts/FuelTank/Size3Tanks/Size3Tanks
[LOG 15:44:17.964] Load Cached PNG Texture: Squad/Parts/FuelTank/Size3Tanks/Size3Tanks_Norm
[LOG 15:44:17.965] Load Cached PNG Texture: Squad/Parts/FuelTank/Size3Tanks/Size3Tanks_Orange
[LOG 15:44:17.965] Load Cached PNG Texture: Squad/Parts/FuelTank/Size3Tanks/Size3Tanks_Orange_Norm
[LOG 15:44:17.965] Load DDS texture: Squad/Parts/FuelTank/xenonTank/model000
[LOG 15:44:17.965] Load DDS texture: Squad/Parts/FuelTank/xenonTank/model001
[LOG 15:44:17.965] Load DDS texture: Squad/Parts/FuelTank/xenonTankLarge/tank
[LOG 15:44:17.966] Load DDS texture: Squad/Parts/FuelTank/xenonTankRadial/ksp_r_xenonTank_diff
[LOG 15:44:17.966] Load DDS texture: Squad/Parts/Misc/AsteroidDay/CamSat
[LOG 15:44:17.966] Load DDS texture: Squad/Parts/Misc/AsteroidDay/CamSat_glow
[LOG 15:44:17.966] Load DDS texture: Squad/Parts/Misc/AsteroidDay/CamSat_N_NRM
[LOG 15:44:17.967] Load DDS texture: Squad/Parts/Misc/AsteroidDay/default
[LOG 15:44:17.967] Load DDS texture: Squad/Parts/Misc/AsteroidDay/hecsDiffuse
[LOG 15:44:17.967] Load DDS texture: Squad/Parts/Misc/AsteroidDay/hecsNormal
[LOG 15:44:17.967] Load DDS texture: Squad/Parts/Misc/AsteroidDay/hecsSpecular
[LOG 15:44:17.968] Load DDS texture: Squad/Parts/Misc/AsteroidDay/JumboHexProbe
[LOG 15:44:17.968] Load DDS texture: Squad/Parts/Misc/AsteroidDay/JumboHexProbe_NORM_NRM
[LOG 15:44:17.968] Load DDS texture: Squad/Parts/Resources/FuelCell/FCLamp
[LOG 15:44:17.968] Load DDS texture: Squad/Parts/Resources/FuelCell/FuelCellRack
[LOG 15:44:17.968] Load DDS texture: Squad/Parts/Resources/FuelCell/fuellcell
[LOG 15:44:17.968] Load DDS texture: Squad/Parts/Resources/ISRU/Processor_Large
[LOG 15:44:17.968] Load DDS texture: Squad/Parts/Resources/LargeTank/ksp_l_resourceContainer_diff
[LOG 15:44:17.969] Load DDS texture: Squad/Parts/Resources/LargeTank/ksp_l_resourceContainer_norm
[LOG 15:44:17.970] Load DDS texture: Squad/Parts/Resources/MiniDrill/DustParticle
[LOG 15:44:17.970] Load DDS texture: Squad/Parts/Resources/MiniDrill/ksp_r_rockProbe_diff
[LOG 15:44:17.970] Load DDS texture: Squad/Parts/Resources/MiniDrill/RockParticle
[LOG 15:44:17.970] Load DDS texture: Squad/Parts/Resources/MiniISRU/ksp_s_processorSmall_diff
[LOG 15:44:17.971] Load DDS texture: Squad/Parts/Resources/OrbitalScanner/detector
[LOG 15:44:17.971] Load DDS texture: Squad/Parts/Resources/RadialDrill/DustParticle
[LOG 15:44:17.971] Load DDS texture: Squad/Parts/Resources/RadialDrill/RockParticle
[LOG 15:44:17.971] Load DDS texture: Squad/Parts/Resources/RadialDrill/TriBitDrill
[LOG 15:44:17.971] Load DDS texture: Squad/Parts/Resources/RadialTank/ksp_r_resourceContainer_psd_2
[LOG 15:44:17.971] Load DDS texture: Squad/Parts/Resources/SmallTank/ksp_s_resourceContainer_diff
[LOG 15:44:17.972] Load DDS texture: Squad/Parts/Resources/SmallTank/ksp_s_resourceContainer_normal
[LOG 15:44:17.972] Load DDS texture: Squad/Parts/Resources/SurfaceScanner/ksp_r_samplerAir_diff
[LOG 15:44:17.973] Load DDS texture: Squad/Parts/Resources/SurveyScanner/dish
[LOG 15:44:17.973] Load DDS texture: Squad/Parts/Resources/SurveyScanner/dish_n
[LOG 15:44:17.974] Load DDS texture: Squad/Parts/Science/AtmosphereSensor/ksp_r_hydroscoop_diff
[LOG 15:44:17.975] Load DDS texture: Squad/Parts/Science/GooExperiment/GooExperiment
[LOG 15:44:17.975] Load DDS texture: Squad/Parts/Science/LargeCrewedLab/Large_Crewed_Lab
[LOG 15:44:17.977] Load DDS texture: Squad/Parts/Science/LargeCrewedLab/Large_Crewed_Lab_glow
[LOG 15:44:17.979] Load DDS texture: Squad/Parts/Science/LargeCrewedLab/window
[LOG 15:44:17.979] Load DDS texture: Squad/Parts/Science/Magnetometer/Magnetometer_diffuse
[LOG 15:44:17.979] Load DDS texture: Squad/Parts/Science/Magnetometer/Magnetometer_nrm
[LOG 15:44:17.980] Load DDS texture: Squad/Parts/Science/MaterialBay/science_module_small
[LOG 15:44:17.980] Load DDS texture: Squad/Parts/Science/MaterialBay/science_module_small_emit
[LOG 15:44:17.980] Load DDS texture: Squad/Parts/Science/MaterialBay/science_module_small_nrm
[LOG 15:44:17.980] Load DDS texture: Squad/Parts/Science/MaterialBay/wires
[LOG 15:44:17.981] Load DDS texture: Squad/Parts/Science/ScienceBox/Container
[LOG 15:44:17.981] Load DDS texture: Squad/Parts/Science/sensorAccelerometer/model000
[LOG 15:44:17.981] Load DDS texture: Squad/Parts/Science/sensorBarometer/model000
[LOG 15:44:17.981] Load DDS texture: Squad/Parts/Science/sensorGravimeter/model000
[LOG 15:44:17.981] Load DDS texture: Squad/Parts/Science/sensorThermometer/model000
[LOG 15:44:17.981] Load DDS texture: Squad/Parts/Structural/FLAdapters/Assets/FLA-Adapters_diffuse
[LOG 15:44:17.982] Load DDS texture: Squad/Parts/Structural/FLAdapters/Assets/FLA-Adapters_diffuse_O
[LOG 15:44:17.987] Load DDS texture: Squad/Parts/Structural/FLAdapters/Assets/FLA-Adapters_normal
[LOG 15:44:17.987] Load DDS texture: Squad/Parts/Structural/FLAdapters/Assets/FLA-Adapters_normal_O
[LOG 15:44:17.989] Load DDS texture: Squad/Parts/Structural/mk1Parts/Mk1Structural
[LOG 15:44:17.990] Load DDS texture: Squad/Parts/Structural/mk1Parts/Mk1StructuralHeat
[LOG 15:44:17.990] Load Cached PNG Texture: Squad/Parts/Structural/mk1Parts/@thumbs/MK1Fuselage_icon
[LOG 15:44:17.990] Load DDS texture: Squad/Parts/Structural/Size3To2Adapter_v2/Size2to3_BW_Diffuse
[LOG 15:44:18.000] Load DDS texture: Squad/Parts/Structural/Size3To2Adapter_v2/Size2to3_DUMMY_NRM
[LOG 15:44:18.001] Load DDS texture: Squad/Parts/Structural/Size3To2Adapter_v2/Size2to3_O_Diffuse
[LOG 15:44:18.005] Load DDS texture: Squad/Parts/Structural/Size3To2Adapter_v2/Size2to3_W_Diffuse
[LOG 15:44:18.009] Load DDS texture: Squad/Parts/Structural/Size3To2Adapter_v2/Size2to3_W_NRM
[LOG 15:44:18.013] Load DDS texture: Squad/Parts/Structural/stackAdapters/Assets/stackAdapters_diffuse
[LOG 15:44:18.014] Load DDS texture: Squad/Parts/Structural/stackAdapters/Assets/stackAdapters_diffuse_Dark
[LOG 15:44:18.017] Load DDS texture: Squad/Parts/Structural/stackAdapters/Assets/stackAdapters_diffuse_Orange
[LOG 15:44:18.018] Load DDS texture: Squad/Parts/Structural/stackAdapters/Assets/stackAdapters_normal
[LOG 15:44:18.019] Load DDS texture: Squad/Parts/Structural/stackAdapters/Assets/stackAdapters_normal_Orange
[LOG 15:44:18.019] Load DDS texture: Squad/Parts/Structural/stationHub/model000
[LOG 15:44:18.020] Load DDS texture: Squad/Parts/Structural/stationHub/model001
[LOG 15:44:18.020] Load DDS texture: Squad/Parts/Structural/structuralIBeam200/model000
[LOG 15:44:18.020] Load DDS texture: Squad/Parts/Structural/structuralIBeam200Pocket/model000
[LOG 15:44:18.020] Load DDS texture: Squad/Parts/Structural/structuralIBeam650/model000
[LOG 15:44:18.020] Load DDS texture: Squad/Parts/Structural/structuralMicronode/model000
[LOG 15:44:18.020] Load DDS texture: Squad/Parts/Structural/structuralPanel1x1/model000
[LOG 15:44:18.021] Load DDS texture: Squad/Parts/Structural/structuralPanel1x1/model001
[LOG 15:44:18.021] Load DDS texture: Squad/Parts/Structural/structuralPanel2x2/model000
[LOG 15:44:18.021] Load DDS texture: Squad/Parts/Structural/structuralPanel2x2/model001
[LOG 15:44:18.021] Load DDS texture: Squad/Parts/Structural/structuralPylons/Pylons
[LOG 15:44:18.021] Load DDS texture: Squad/Parts/Structural/strutCubicOcto/cubestrut
[LOG 15:44:18.021] Load DDS texture: Squad/Parts/Structural/strutOcto/model000
[LOG 15:44:18.021] Load DDS texture: Squad/Parts/Structural/trussGirderAdapter/model000
[LOG 15:44:18.021] Load DDS texture: Squad/Parts/Structural/trussGirderAdapter/model001
[LOG 15:44:18.021] Load DDS texture: Squad/Parts/Structural/trussGirderL/model000
[LOG 15:44:18.021] Load DDS texture: Squad/Parts/Structural/trussGirderXL/model000
[LOG 15:44:18.022] Load DDS texture: Squad/Parts/Thermal/FoldingRadiators/radiator
[LOG 15:44:18.022] Load DDS texture: Squad/Parts/Thermal/FoldingRadiators/radiator_N_NRM
[LOG 15:44:18.023] Load DDS texture: Squad/Parts/Thermal/RadiatorPanels/radPanel
[LOG 15:44:18.024] Load DDS texture: Squad/Parts/Thermal/RadiatorPanels/radPanel_N_NRM
[LOG 15:44:18.026] Load DDS texture: Squad/Parts/Utility/commDish88-88/comm_dish_array
[LOG 15:44:18.026] Load DDS texture: Squad/Parts/Utility/commDish88-88/comm_dish_v2_diff
[LOG 15:44:18.026] Load DDS texture: Squad/Parts/Utility/commDish88-88/model000
[LOG 15:44:18.026] Load DDS texture: Squad/Parts/Utility/commsAntennaDTS-M1/mediumDishAntenna
[LOG 15:44:18.027] Load DDS texture: Squad/Parts/Utility/commsAntennaDTS-M1/mediumDishAntenna_Emit
[LOG 15:44:18.027] Load DDS texture: Squad/Parts/Utility/commsDish16/model000
[LOG 15:44:18.035] Load DDS texture: Squad/Parts/Utility/decouplerRadialHDM/model000
[LOG 15:44:18.036] Load DDS texture: Squad/Parts/Utility/decouplerRadialTT-38K/model000
[LOG 15:44:18.036] Load DDS texture: Squad/Parts/Utility/decouplerRadialTT-38K/model001
[LOG 15:44:18.036] Load DDS texture: Squad/Parts/Utility/decouplerRadialTT-70/model000
[LOG 15:44:18.036] Load DDS texture: Squad/Parts/Utility/DirectAntennas/MiniAntenna
[LOG 15:44:18.036] Load DDS texture: Squad/Parts/Utility/dockingPort/Arrow Pointer
[LOG 15:44:18.036] Load DDS texture: Squad/Parts/Utility/dockingPort/DockingPorts_Clampotron_Diffuse
[LOG 15:44:18.039] Load DDS texture: Squad/Parts/Utility/dockingPort/DockingPorts_Clampotron_Emissive
[LOG 15:44:18.040] Load DDS texture: Squad/Parts/Utility/dockingPort/DockingPorts_Clampotron_Normal
[LOG 15:44:18.046] Load DDS texture: Squad/Parts/Utility/dockingPortInline/Arrow Pointer
[LOG 15:44:18.046] Load DDS texture: Squad/Parts/Utility/dockingPortInline/ClampotronLinear_ClampotronLinear_Diffuse
[LOG 15:44:18.051] Load DDS texture: Squad/Parts/Utility/dockingPortInline/ClampotronLinear_ClampotronLinear_Emissive
[LOG 15:44:18.052] Load DDS texture: Squad/Parts/Utility/dockingPortInline/ClampotronLinear_ClampotronLinear_Normal
[LOG 15:44:18.056] Load DDS texture: Squad/Parts/Utility/dockingPortInline/DockingPorts_Clampotron_Diffuse
[LOG 15:44:18.061] Load DDS texture: Squad/Parts/Utility/dockingPortInline/DockingPorts_Clampotron_Emissive
[LOG 15:44:18.062] Load DDS texture: Squad/Parts/Utility/dockingPortInline/DockingPorts_Clampotron_Normal
[LOG 15:44:18.066] Load DDS texture: Squad/Parts/Utility/dockingPortJr/Arrow Pointer
[LOG 15:44:18.067] Load DDS texture: Squad/Parts/Utility/dockingPortJr/DockingPorts_ClampotronJR_Diffuse
[LOG 15:44:18.068] Load DDS texture: Squad/Parts/Utility/dockingPortJr/DockingPorts_ClampotronJR_Normal
[LOG 15:44:18.069] Load DDS texture: Squad/Parts/Utility/dockingPortJr/model000
[LOG 15:44:18.069] Load DDS texture: Squad/Parts/Utility/dockingPortShielded/Arrow Pointer
[LOG 15:44:18.069] Load DDS texture: Squad/Parts/Utility/dockingPortShielded/Clamp-O-Tron Shielded Docking Port_ClampotronShielded_Diffuse
[LOG 15:44:18.073] Load DDS texture: Squad/Parts/Utility/dockingPortShielded/Clamp-O-Tron Shielded Docking Port_ClampotronShielded_Normal
[LOG 15:44:18.077] Load DDS texture: Squad/Parts/Utility/dockingPortShielded/DockingPorts_Clampotron_Diffuse
[LOG 15:44:18.082] Load DDS texture: Squad/Parts/Utility/dockingPortShielded/DockingPorts_Clampotron_Emissive
[LOG 15:44:18.083] Load DDS texture: Squad/Parts/Utility/dockingPortShielded/DockingPorts_Clampotron_Normal
[LOG 15:44:18.088] Load DDS texture: Squad/Parts/Utility/dockingPortSr/Arrow Pointer
[LOG 15:44:18.089] Load DDS texture: Squad/Parts/Utility/dockingPortSr/ClampotronSr_ClampotronSr_Diffuse
[LOG 15:44:18.093] Load DDS texture: Squad/Parts/Utility/dockingPortSr/ClampotronSr_ClampotronSr_Diffuse_gray
[LOG 15:44:18.097] Load DDS texture: Squad/Parts/Utility/dockingPortSr/ClampotronSr_ClampotronSr_Emissive
[LOG 15:44:18.098] Load DDS texture: Squad/Parts/Utility/dockingPortSr/ClampotronSr_ClampotronSr_Normal
[LOG 15:44:18.102] Load Cached PNG Texture: Squad/Parts/Utility/Fireworks/Assets/fireworks_launcher_big 1
[LOG 15:44:18.105] Load Cached PNG Texture: Squad/Parts/Utility/Fireworks/Assets/fireworks_launcher_big
[LOG 15:44:18.108] Load Cached PNG Texture: Squad/Parts/Utility/flags/backgroundTextures/dark_background
[LOG 15:44:18.109] Load Cached PNG Texture: Squad/Parts/Utility/flags/backgroundTextures/orange_background
[LOG 15:44:18.109] Load Cached PNG Texture: Squad/Parts/Utility/flags/backgroundTextures/white_background
[LOG 15:44:18.109] Load DDS texture: Squad/Parts/Utility/GrapplingDevice/grabberDiffuse
[LOG 15:44:18.110] Load DDS texture: Squad/Parts/Utility/GrapplingDevice/grabberDiffuse_dark
[LOG 15:44:18.110] Load DDS texture: Squad/Parts/Utility/GrapplingDevice/grabberNRM
[LOG 15:44:18.111] Load DDS texture: Squad/Parts/Utility/GrapplingDevice/window
[LOG 15:44:18.111] Load DDS texture: Squad/Parts/Utility/ladderRadial/model000
[LOG 15:44:18.111] Load DDS texture: Squad/Parts/Utility/ladderTelescopic/model000
[LOG 15:44:18.112] Load DDS texture: Squad/Parts/Utility/ladderTelescopic/model001
[LOG 15:44:18.112] Load DDS texture: Squad/Parts/Utility/ladderTelescopic/model002
[LOG 15:44:18.113] Load DDS texture: Squad/Parts/Utility/ladderTelescopicBay/model000
[LOG 15:44:18.114] Load DDS texture: Squad/Parts/Utility/ladderTelescopicBay/model001
[LOG 15:44:18.118] Load DDS texture: Squad/Parts/Utility/landingLegLT-1/ksp_r_landingStrut_diff
[LOG 15:44:18.119] Load DDS texture: Squad/Parts/Utility/landingLegLT-2/landingLeg
[LOG 15:44:18.119] Load DDS texture: Squad/Parts/Utility/landingLegLT-5/leg
[LOG 15:44:18.119] Load DDS texture: Squad/Parts/Utility/landingLegLT-5/model000
[LOG 15:44:18.119] Load DDS texture: Squad/Parts/Utility/launchClamp1/model000
[LOG 15:44:18.119] Load DDS texture: Squad/Parts/Utility/launchClamp1/model001
[LOG 15:44:18.119] Load DDS texture: Squad/Parts/Utility/launchEscapeSystem/LES_Diffuse
[LOG 15:44:18.120] Load DDS texture: Squad/Parts/Utility/Lights/Assets/Lights_Attacheable_Lights_Diffuse
[LOG 15:44:18.120] Load DDS texture: Squad/Parts/Utility/Lights/Assets/Lights_Attacheable_Lights_Diffuse_white
[LOG 15:44:18.120] Load DDS texture: Squad/Parts/Utility/Lights/Assets/Lights_Attacheable_Lights_Emissive
[LOG 15:44:18.121] Load DDS texture: Squad/Parts/Utility/Lights/Assets/Lights_Attacheable_Lights_Normal
[LOG 15:44:18.121] Load DDS texture: Squad/Parts/Utility/Lights/Assets/Lights_Rectangle_Light_Diffuse
[LOG 15:44:18.126] Load DDS texture: Squad/Parts/Utility/Lights/Assets/Lights_Rectangle_Light_Diffuse_white
[LOG 15:44:18.132] Load DDS texture: Squad/Parts/Utility/Lights/Assets/Lights_Rectangle_Light_Emissive
[LOG 15:44:18.137] Load DDS texture: Squad/Parts/Utility/Lights/Assets/Lights_Rectangle_Light_Normal
[LOG 15:44:18.142] Load DDS texture: Squad/Parts/Utility/Lights/Assets/Lights_Worklights_Diffuse
[LOG 15:44:18.143] Load DDS texture: Squad/Parts/Utility/Lights/Assets/Lights_Worklights_Emissive
[LOG 15:44:18.144] Load DDS texture: Squad/Parts/Utility/Lights/Assets/Lights_Worklights_Normal
[LOG 15:44:18.145] Load DDS texture: Squad/Parts/Utility/Lights/Assets/Spotlight_Attacheable_Lights_Diffuse
[LOG 15:44:18.145] Load DDS texture: Squad/Parts/Utility/Lights/Assets/Spotlight_Attacheable_Lights_Diffuse_white
[LOG 15:44:18.145] Load DDS texture: Squad/Parts/Utility/Lights/Assets/Spotlight_Attacheable_Lights_Emissive
[LOG 15:44:18.146] Load DDS texture: Squad/Parts/Utility/Lights/Assets/Spotlight_Attacheable_Lights_Normal
[LOG 15:44:18.146] Load DDS texture: Squad/Parts/Utility/linearVernorRCS/Assets/linear_vernor_diffuse
[LOG 15:44:18.146] Load DDS texture: Squad/Parts/Utility/linearVernorRCS/Assets/linear_vernor_emissive
[LOG 15:44:18.146] Load DDS texture: Squad/Parts/Utility/linearVernorRCS/Assets/linear_vernor_normalDummy
[LOG 15:44:18.146] Load DDS texture: Squad/Parts/Utility/linearVernorRCS/Assets/linear_vernor_specular
[LOG 15:44:18.146] Load DDS texture: Squad/Parts/Utility/mk2CargoBay/mk2CargoBay
[LOG 15:44:18.146] Load DDS texture: Squad/Parts/Utility/mk2CrewCabin/mk2CrewCabin
[LOG 15:44:18.147] Load DDS texture: Squad/Parts/Utility/mk2CrewCabin/mk2CrewCabin_LUM
[LOG 15:44:18.147] Load DDS texture: Squad/Parts/Utility/mk2DockingPort/Arrow Pointer
[LOG 15:44:18.147] Load DDS texture: Squad/Parts/Utility/mk2DockingPort/Mk2Clampotron_Caps_Diffuse
[LOG 15:44:18.147] Load DDS texture: Squad/Parts/Utility/mk2DockingPort/Mk2Clampotron_Caps_Emmisive
[LOG 15:44:18.147] Load DDS texture: Squad/Parts/Utility/mk2DockingPort/Mk2Clampotron_Caps_Normal
[LOG 15:44:18.147] Load DDS texture: Squad/Parts/Utility/mk2DockingPort/Mk2Clampotron_Mk2Clampotron_Diffuse
[LOG 15:44:18.152] Load DDS texture: Squad/Parts/Utility/mk2DockingPort/Mk2Clampotron_Mk2Clampotron_Emissive
[LOG 15:44:18.153] Load DDS texture: Squad/Parts/Utility/mk2DockingPort/Mk2Clampotron_Mk2Clampotron_Normal
[LOG 15:44:18.159] Load DDS texture: Squad/Parts/Utility/mk2DockingPort/mk2DockingPort
[LOG 15:44:18.160] Load DDS texture: Squad/Parts/Utility/mk3CargoBay/Mk3CargoBay
[LOG 15:44:18.160] Load DDS texture: Squad/Parts/Utility/parachuteMk1/model000
[LOG 15:44:18.160] Load DDS texture: Squad/Parts/Utility/parachuteMk1/model001
[LOG 15:44:18.162] Load DDS texture: Squad/Parts/Utility/parachuteMk12-R/model000
[LOG 15:44:18.162] Load DDS texture: Squad/Parts/Utility/parachuteMk12-R/model001
[LOG 15:44:18.162] Load DDS texture: Squad/Parts/Utility/parachuteMk16-XL/model000
[LOG 15:44:18.162] Load DDS texture: Squad/Parts/Utility/parachuteMk16-XL/model001
[LOG 15:44:18.162] Load DDS texture: Squad/Parts/Utility/parachuteMk2-R/model000
[LOG 15:44:18.162] Load DDS texture: Squad/Parts/Utility/parachuteMk2-R/model001
[LOG 15:44:18.162] Load DDS texture: Squad/Parts/Utility/parachuteMk25/model000
[LOG 15:44:18.162] Load DDS texture: Squad/Parts/Utility/parachuteMk25/model001
[LOG 15:44:18.162] Load DDS texture: Squad/Parts/Utility/radialAttachmentPoint/model000
[LOG 15:44:18.163] Load DDS texture: Squad/Parts/Utility/radialAttachmentPoint/model001
[LOG 15:44:18.163] Load DDS texture: Squad/Parts/Utility/rcsBlockRV-105_v2/rcsBlock_diffuse
[LOG 15:44:18.163] Load DDS texture: Squad/Parts/Utility/rcsBlockRV-105_v2/rcsThrusterBlock_normal
[LOG 15:44:18.163] Load DDS texture: Squad/Parts/Utility/rcsBlockRV-105_v2/rcsThruster_emissive
[LOG 15:44:18.163] Load DDS texture: Squad/Parts/Utility/rcsBlockRV-105_v2/rcsThruster_specular
[LOG 15:44:18.163] Load DDS texture: Squad/Parts/Utility/rcsBlockRV-105_v2/RCS_Block_Diffuse
[LOG 15:44:18.163] Load DDS texture: Squad/Parts/Utility/rcsBlockRV-105_v2/RCS_Block_Emissive
[LOG 15:44:18.164] Load DDS texture: Squad/Parts/Utility/rcsBlockRV-105_v2/RCS_Block_Normal
[LOG 15:44:18.164] Load DDS texture: Squad/Parts/Utility/rcsBlockRV-105_v2/RCS_Block_Specular
[LOG 15:44:18.164] Load DDS texture: Squad/Parts/Utility/rcsSmallLinear/Assets/RCS_Linear_Base_Diffuse
[LOG 15:44:18.164] Load DDS texture: Squad/Parts/Utility/rcsSmallLinear/Assets/RCS_Linear_Diffuse
[LOG 15:44:18.164] Load DDS texture: Squad/Parts/Utility/rcsSmallLinear/Assets/RCS_Linear_Emissive
[LOG 15:44:18.164] Load DDS texture: Squad/Parts/Utility/rcsSmallLinear/Assets/RCS_Linear_Normal
[LOG 15:44:18.164] Load DDS texture: Squad/Parts/Utility/rcsSmallLinear/Assets/RCS_Linear_Specular
[LOG 15:44:18.164] Load DDS texture: Squad/Parts/Utility/RelayAntennas/DishAntenna
[LOG 15:44:18.165] Load DDS texture: Squad/Parts/Utility/RelayAntennas/MiniAntenna
[LOG 15:44:18.165] Load DDS texture: Squad/Parts/Utility/rockomaxAdapters/Assets/Rockomax_Adapters_diffuse
[LOG 15:44:18.166] Load DDS texture: Squad/Parts/Utility/rockomaxAdapters/Assets/Rockomax_Adapters_diffuse_O
[LOG 15:44:18.167] Load DDS texture: Squad/Parts/Utility/rockomaxAdapters/Assets/Rockomax_Adapters_diffuse_W
[LOG 15:44:18.168] Load DDS texture: Squad/Parts/Utility/rockomaxAdapters/Assets/Rockomax_Adapters_normal
[LOG 15:44:18.169] Load DDS texture: Squad/Parts/Utility/rockomaxAdapters/Assets/Rockomax_Adapters_normal_O
[LOG 15:44:18.170] Load DDS texture: Squad/Parts/Utility/ServiceBay/ServiceBay
[LOG 15:44:18.170] Load Cached PNG Texture: Squad/Parts/Utility/ServiceBay_v2/Assets/Scratch
[LOG 15:44:18.171] Load Cached PNG Texture: Squad/Parts/Utility/ServiceBay_v2/Assets/ServiceBay_bump
[LOG 15:44:18.172] Load Cached PNG Texture: Squad/Parts/Utility/ServiceBay_v2/Assets/ServiceBay_v2
[LOG 15:44:18.172] Load DDS texture: Squad/Parts/Utility/smallClaw/grabberSmallDiffuse
[LOG 15:44:18.173] Load DDS texture: Squad/Parts/Utility/smallClaw/grabberSmallDiffuseDark
[LOG 15:44:18.173] Load DDS texture: Squad/Parts/Utility/smallClaw/grabberSmallNRM
[LOG 15:44:18.173] Load DDS texture: Squad/Parts/Utility/smallClaw/window
[LOG 15:44:18.173] Load DDS texture: Squad/Parts/Utility/spotLightMk1/light1
[LOG 15:44:18.173] Load DDS texture: Squad/Parts/Utility/spotLightMk1/light1_em
[LOG 15:44:18.173] Load DDS texture: Squad/Parts/Utility/spotLightMk1_v2/spotLightMk1_Diffuse
[LOG 15:44:18.173] Load DDS texture: Squad/Parts/Utility/spotLightMk1_v2/spotLightMk1_Diffuse_white
[LOG 15:44:18.174] Load DDS texture: Squad/Parts/Utility/spotLightMk1_v2/spotLightMk1_Emissive
[LOG 15:44:18.174] Load DDS texture: Squad/Parts/Utility/spotLightMk1_v2/spotLightMk1_Normal
[LOG 15:44:18.174] Load DDS texture: Squad/Parts/Utility/spotLightMk2/light2
[LOG 15:44:18.174] Load DDS texture: Squad/Parts/Utility/spotLightMk2/light2_em
[LOG 15:44:18.174] Load DDS texture: Squad/Parts/Utility/spotLightMk2_v2/spotLightMk2_Diffuse
[LOG 15:44:18.174] Load DDS texture: Squad/Parts/Utility/spotLightMk2_v2/spotLightMk2_Diffuse_white
[LOG 15:44:18.174] Load DDS texture: Squad/Parts/Utility/spotLightMk2_v2/spotLightMk2_Emissive
[LOG 15:44:18.174] Load DDS texture: Squad/Parts/Utility/spotLightMk2_v2/spotLightMk2_Normal
[LOG 15:44:18.175] Load DDS texture: Squad/Parts/Utility/stackCouplers/Assets/stackCouplersDiffuse
[LOG 15:44:18.175] Load DDS texture: Squad/Parts/Utility/stackCouplers/Assets/stackCouplersDiffuse_Dark
[LOG 15:44:18.176] Load DDS texture: Squad/Parts/Utility/stackCouplers/Assets/stackCouplersDiffuse_Orange
[LOG 15:44:18.177] Load DDS texture: Squad/Parts/Utility/stackCouplers/Assets/stackCouplers_NRM
[LOG 15:44:18.178] Load DDS texture: Squad/Parts/Utility/stackCouplers/Assets/stackCouplers_Orange_NRM
[LOG 15:44:18.179] Load DDS texture: Squad/Parts/Wheel/LandingGear/Flare
[LOG 15:44:18.179] Load DDS texture: Squad/Parts/Wheel/LandingGear/LandingGear
[LOG 15:44:18.179] Load DDS texture: Squad/Parts/Wheel/LandingGear/LandingGear_Emissive
[LOG 15:44:18.179] Load DDS texture: Squad/Parts/Wheel/roverWheelM1/model000
[LOG 15:44:18.179] Load DDS texture: Squad/Parts/Wheel/roverWheelM1/roverwheel1
[LOG 15:44:18.180] Load DDS texture: Squad/Parts/Wheel/roverWheelS2/model000
[LOG 15:44:18.180] Load DDS texture: Squad/Parts/Wheel/roverWheelS2/model001
[LOG 15:44:18.180] Load DDS texture: Squad/Parts/Wheel/roverWheelS2/roverwheel2
[LOG 15:44:18.180] Load DDS texture: Squad/Parts/Wheel/roverWheelS2/roverwheel2_n
[LOG 15:44:18.180] Load DDS texture: Squad/Parts/Wheel/roverWheelTR-2L/ksp_r_medWheel_diff
[LOG 15:44:18.181] Load DDS texture: Squad/Parts/Wheel/roverWheelTR-2L/ksp_r_medWheel_normal
[LOG 15:44:18.181] Load DDS texture: Squad/Parts/Wheel/roverWheelTR-2L/ksp_r_medWheel_wheel_diff
[LOG 15:44:18.182] Load DDS texture: Squad/Parts/Wheel/roverWheelTR-2L/ksp_r_medWheel_wheel_normal
[LOG 15:44:18.183] Load DDS texture: Squad/Parts/Wheel/roverWheelXL3/mount
[LOG 15:44:18.184] Load DDS texture: Squad/Parts/Wheel/roverWheelXL3/mount_n
[LOG 15:44:18.184] Load DDS texture: Squad/Parts/Wheel/roverWheelXL3/wheel
[LOG 15:44:18.184] Load DDS texture: Squad/Parts/Wheel/roverWheelXL3/wheel_n
[LOG 15:44:18.184] Load DDS texture: Squad/Props/AltimeterThreeHands/model000
[LOG 15:44:18.184] Load DDS texture: Squad/Props/AltimeterThreeHands/model001
[LOG 15:44:18.184] Load DDS texture: Squad/Props/AtmosphereDepth/model000
[LOG 15:44:18.184] Load DDS texture: Squad/Props/AtmosphereDepth/model001
[LOG 15:44:18.184] Load DDS texture: Squad/Props/AxisIndicator/model000
[LOG 15:44:18.185] Load DDS texture: Squad/Props/buttonsGeneric/ButtonsAndSwitches
[LOG 15:44:18.185] Load DDS texture: Squad/Props/ButtonSquare/model000
[LOG 15:44:18.185] Load DDS texture: Squad/Props/circularButton/model000
[LOG 15:44:18.185] Load DDS texture: Squad/Props/Compass/model000
[LOG 15:44:18.185] Load DDS texture: Squad/Props/directionalKnob/model000
[LOG 15:44:18.185] Load DDS texture: Squad/Props/directionalKnob2/model000
[LOG 15:44:18.185] Load DDS texture: Squad/Props/IndicatorPanel/model000
[LOG 15:44:18.185] Load DDS texture: Squad/Props/IndicatorPanel/model001
[LOG 15:44:18.185] Load DDS texture: Squad/Props/IVANavBall/Arrows8dir
[LOG 15:44:18.185] Load DDS texture: Squad/Props/IVANavBall/IVANavBall
[LOG 15:44:18.185] Load DDS texture: Squad/Props/IVANavBall/IVANavBall_Glow
[LOG 15:44:18.185] Load DDS texture: Squad/Props/IVANavBall/ManeuverNode_vectors
[LOG 15:44:18.185] Load DDS texture: Squad/Props/IVANavBall/navball2
[LOG 15:44:18.185] Load DDS texture: Squad/Props/IVANavBall/navBall_DV_IVA
[LOG 15:44:18.185] Load DDS texture: Squad/Props/IVANavBall/navBall_vectors_IVA
[LOG 15:44:18.186] Load Cached PNG Texture: Squad/Props/IVANavBallNoBase/Arrows8dir
[LOG 15:44:18.186] Load Cached PNG Texture: Squad/Props/IVANavBallNoBase/IVANavBall
[LOG 15:44:18.186] Load Cached PNG Texture: Squad/Props/IVANavBallNoBase/ManeuverNode_vectors
[LOG 15:44:18.186] Load Cached PNG Texture: Squad/Props/IVANavBallNoBase/navball2
[LOG 15:44:18.186] Load Cached PNG Texture: Squad/Props/IVANavBallNoBase/navBall_DV_IVA
[LOG 15:44:18.186] Load Cached PNG Texture: Squad/Props/IVANavBallNoBase/navBall_vectors_IVA
[LOG 15:44:18.186] Load DDS texture: Squad/Props/ledPanelSpeed/circularButton
[LOG 15:44:18.186] Load DDS texture: Squad/Props/ledPanelSpeed/ledPanel
[LOG 15:44:18.186] Load DDS texture: Squad/Props/Monitor/Emissives
[LOG 15:44:18.186] Load DDS texture: Squad/Props/Monitor/Emissives_glow
[LOG 15:44:18.186] Load DDS texture: Squad/Props/Monitor/Monitor
[LOG 15:44:18.186] Load DDS texture: Squad/Props/NavBall/GaugeGee
[LOG 15:44:18.186] Load DDS texture: Squad/Props/NavBall/GaugeThrottle
[LOG 15:44:18.186] Load DDS texture: Squad/Props/NavBall/model000
[LOG 15:44:18.186] Load DDS texture: Squad/Props/NavBall/model001
[LOG 15:44:18.187] Load DDS texture: Squad/Props/NavBall/model002
[LOG 15:44:18.187] Load DDS texture: Squad/Props/NavBall/model003
[LOG 15:44:18.187] Load DDS texture: Squad/Props/PropsGeneric/propsGeneric
[LOG 15:44:18.187] Load DDS texture: Squad/Props/pullSwitch/model000
[LOG 15:44:18.187] Load DDS texture: Squad/Props/pullSwitch/model001
[LOG 15:44:18.188] Load DDS texture: Squad/Props/radarAltitude/model000
[LOG 15:44:18.188] Load DDS texture: Squad/Props/squareButton/model000
[LOG 15:44:18.188] Load DDS texture: Squad/Props/standingSwitch/model000
[LOG 15:44:18.188] Load DDS texture: Squad/Props/standingSwitch/model001
[LOG 15:44:18.188] Load DDS texture: Squad/Props/switch/model000
[LOG 15:44:18.188] Load DDS texture: Squad/Props/switchGuard/model000
[LOG 15:44:18.188] Load DDS texture: Squad/Props/switchWithGuards/model000
[LOG 15:44:18.188] Load DDS texture: Squad/Props/switchWithGuards/model001
[LOG 15:44:18.188] Load DDS texture: Squad/Props/switchWithGuards/model002
[LOG 15:44:18.188] Load DDS texture: Squad/Props/throttle/model000
[LOG 15:44:18.188] Load DDS texture: Squad/Props/throttle/model001
[LOG 15:44:18.189] Load DDS texture: Squad/Props/VSI/model000
[LOG 15:44:18.189] Load DDS texture: Squad/Spaces/crewCabinInternals/model000
[LOG 15:44:18.189] Load DDS texture: Squad/Spaces/crewCabinInternals/model001
[LOG 15:44:18.193] Load DDS texture: Squad/Spaces/crewCabinInternals/model002
[LOG 15:44:18.193] Load DDS texture: Squad/Spaces/crewCabinInternals/model003
[LOG 15:44:18.193] Load DDS texture: Squad/Spaces/crewCabinInternals/model004
[LOG 15:44:18.193] Load DDS texture: Squad/Spaces/crewCabinInternals/model005
[LOG 15:44:18.194] Load DDS texture: Squad/Spaces/cupolaInternal/ksp_l_cupola_internal_diff
[LOG 15:44:18.197] Load DDS texture: Squad/Spaces/cupolaInternal/ksp_l_cupola_internal_normal
[LOG 15:44:18.201] Load DDS texture: Squad/Spaces/cupolaInternal/ksp_l_cupola_internal_windows_alpha
[LOG 15:44:18.202] Load DDS texture: Squad/Spaces/cupolaInternal/pilot Seat
[LOG 15:44:18.202] Load DDS texture: Squad/Spaces/GenericSpace1/model000
[LOG 15:44:18.203] Load DDS texture: Squad/Spaces/GenericSpace1/model001
[LOG 15:44:18.203] Load DDS texture: Squad/Spaces/GenericSpace1/model002
[LOG 15:44:18.204] Load DDS texture: Squad/Spaces/GenericSpace1/model003
[LOG 15:44:18.205] Load DDS texture: Squad/Spaces/GenericSpace1/model004
[LOG 15:44:18.206] Load DDS texture: Squad/Spaces/GenericSpace1/model005
[LOG 15:44:18.207] Load DDS texture: Squad/Spaces/GenericSpace3/model000
[LOG 15:44:18.209] Load DDS texture: Squad/Spaces/GenericSpace3/model001
[LOG 15:44:18.209] Load DDS texture: Squad/Spaces/GenericSpace3/model002
[LOG 15:44:18.210] Load DDS texture: Squad/Spaces/GenericSpace3/model003
[LOG 15:44:18.212] Load DDS texture: Squad/Spaces/GenericSpace3/model004
[LOG 15:44:18.213] Load DDS texture: Squad/Spaces/GenericSpace3/model005
[LOG 15:44:18.214] Load DDS texture: Squad/Spaces/GenericSpace3/model006
[LOG 15:44:18.214] Load DDS texture: Squad/Spaces/GenericSpace3/model007
[LOG 15:44:18.216] Load DDS texture: Squad/Spaces/landerCabinInternals/model000
[LOG 15:44:18.216] Load DDS texture: Squad/Spaces/landerCabinInternals/model001
[LOG 15:44:18.217] Load DDS texture: Squad/Spaces/landerCabinInternals/model002
[LOG 15:44:18.217] Load DDS texture: Squad/Spaces/landerCabinInternals/model003
[LOG 15:44:18.221] Load DDS texture: Squad/Spaces/landerCabinInternals/model004
[LOG 15:44:18.222] Load DDS texture: Squad/Spaces/landerCabinInternals/model005
[LOG 15:44:18.222] Load DDS texture: Squad/Spaces/landerCabinInternals/model006
[LOG 15:44:18.223] Load DDS texture: Squad/Spaces/landerCabinInternals/model007
[LOG 15:44:18.223] Load DDS texture: Squad/Spaces/landerCabinSmallInternal/ksp_s_landerCan_internal_diff
[LOG 15:44:18.227] Load DDS texture: Squad/Spaces/landerCabinSmallInternal/ksp_s_landerCan_internal_normal
[LOG 15:44:18.232] Load DDS texture: Squad/Spaces/landerCabinSmallInternal/ksp_s_landerCan_internal_window_alpha
[LOG 15:44:18.233] Load DDS texture: Squad/Spaces/landerCabinSmallInternal/pilot Seat
[LOG 15:44:18.233] Load DDS texture: Squad/Spaces/LargeCrewedLabInternals/Glass
[LOG 15:44:18.234] Load DDS texture: Squad/Spaces/LargeCrewedLabInternals/MPL_Int
[LOG 15:44:18.237] Load DDS texture: Squad/Spaces/LargeCrewedLabInternals/MPL_Int_n_NRM
[LOG 15:44:18.238] Load DDS texture: Squad/Spaces/Mk1-3/Mk1_3_IvaProps_Diffuse
[LOG 15:44:18.242] Load DDS texture: Squad/Spaces/Mk1-3/Mk1_3_IvaProps_Normal
[LOG 15:44:18.246] Load DDS texture: Squad/Spaces/Mk1-3/Mk1_3_IvaShell_Diffuse
[LOG 15:44:18.250] Load DDS texture: Squad/Spaces/Mk1-3/Mk1_3_IvaShell_Emissive
[LOG 15:44:18.253] Load DDS texture: Squad/Spaces/Mk1-3/Mk1_3_IvaShell_Normal
[LOG 15:44:18.258] Load DDS texture: Squad/Spaces/Mk1-3/pilot Seat
[LOG 15:44:18.258] Load DDS texture: Squad/Spaces/mk1CabinInternal/Cabin_Lightmap
[LOG 15:44:18.258] Load DDS texture: Squad/Spaces/mk1CabinInternal/CockpitGeneric
[LOG 15:44:18.259] Load DDS texture: Squad/Spaces/mk1CabinInternal/CockpitGeneric_NRM
[LOG 15:44:18.259] Load DDS texture: Squad/Spaces/mk1CockpitInternal/CockpitGeneric
[LOG 15:44:18.259] Load DDS texture: Squad/Spaces/mk1CockpitInternal/CockpitGeneric_NRM
[LOG 15:44:18.260] Load DDS texture: Squad/Spaces/mk1CockpitInternal/IVAMAP
[LOG 15:44:18.261] Load DDS texture: Squad/Spaces/mk1CockpitInternal/Windows
[LOG 15:44:18.261] Load DDS texture: Squad/Spaces/mk1InlineInternal/Canopy
[LOG 15:44:18.261] Load DDS texture: Squad/Spaces/mk1InlineInternal/CockpitGeneric
[LOG 15:44:18.261] Load DDS texture: Squad/Spaces/mk1InlineInternal/CockpitGeneric_NRM
[LOG 15:44:18.261] Load DDS texture: Squad/Spaces/mk1InlineInternal/Mk1Inline_Lightmap
[LOG 15:44:18.262] Load DDS texture: Squad/Spaces/mk1PodCockpit/model000
[LOG 15:44:18.262] Load DDS texture: Squad/Spaces/mk1PodCockpit/model001
[LOG 15:44:18.263] Load DDS texture: Squad/Spaces/mk1PodCockpit/model002
[LOG 15:44:18.263] Load DDS texture: Squad/Spaces/mk1PodCockpit/model003
[LOG 15:44:18.264] Load DDS texture: Squad/Spaces/mk1PodCockpit/model004
[LOG 15:44:18.266] Load DDS texture: Squad/Spaces/mk1PodCockpit/model005
[LOG 15:44:18.266] Load DDS texture: Squad/Spaces/mk1PodCockpit/model006
[LOG 15:44:18.267] Load DDS texture: Squad/Spaces/mk1PodCockpit/model007
[LOG 15:44:18.267] Load DDS texture: Squad/Spaces/mk1pod_IVA/mk1pod_iva_props_diffuse
[LOG 15:44:18.271] Load DDS texture: Squad/Spaces/mk1pod_IVA/mk1pod_iva_props_emissive
[LOG 15:44:18.272] Load DDS texture: Squad/Spaces/mk1pod_IVA/mk1pod_iva_props_normal
[LOG 15:44:18.277] Load DDS texture: Squad/Spaces/mk1pod_IVA/mk1pod_iva_shell_diffuse
[LOG 15:44:18.282] Load DDS texture: Squad/Spaces/mk1pod_IVA/mk1pod_iva_shell_normal
[LOG 15:44:18.286] Load MBM texture: Squad/Spaces/mk1pod_IVA/pilot Seat
[LOG 15:44:18.322] Load DDS texture: Squad/Spaces/mk2CockpitStandardInternal/CargoBagA
[LOG 15:44:18.323] Load DDS texture: Squad/Spaces/mk2CockpitStandardInternal/Mk2StandardIVA
[LOG 15:44:18.323] Load DDS texture: Squad/Spaces/mk2CockpitStandardInternal/Pilotseat
[LOG 15:44:18.323] Load DDS texture: Squad/Spaces/mk2CockpitStandardInternal/Windows
[LOG 15:44:18.324] Load DDS texture: Squad/Spaces/Mk2CrewCabinInternal/CargoBagA
[LOG 15:44:18.324] Load DDS texture: Squad/Spaces/Mk2CrewCabinInternal/Glass
[LOG 15:44:18.324] Load DDS texture: Squad/Spaces/Mk2CrewCabinInternal/Mk2StandardIVA
[LOG 15:44:18.324] Load DDS texture: Squad/Spaces/Mk2CrewCabinInternal/Pilotseat
[LOG 15:44:18.324] Load DDS texture: Squad/Spaces/mk2InlineInternal/CockpitGeneric
[LOG 15:44:18.325] Load DDS texture: Squad/Spaces/mk2InlineInternal/CockpitGeneric_NRM
[LOG 15:44:18.325] Load DDS texture: Squad/Spaces/mk2InlineInternal/Mk2InlineLightmap
[LOG 15:44:18.325] Load DDS texture: Squad/Spaces/mk2InlineInternal/propsGeneric
[LOG 15:44:18.326] Load DDS texture: Squad/Spaces/mk2LanderCanInternal/mk2LanderCan_props_diffuse
[LOG 15:44:18.333] Load DDS texture: Squad/Spaces/mk2LanderCanInternal/mk2LanderCan_props_normal
[LOG 15:44:18.337] Load DDS texture: Squad/Spaces/mk2LanderCanInternal/mk2LanderCan_shell_diffuse
[LOG 15:44:18.341] Load DDS texture: Squad/Spaces/mk2LanderCanInternal/mk2LanderCan_shell_normal
[LOG 15:44:18.347] Load MBM texture: Squad/Spaces/mk2LanderCanInternal/pilot Seat
[LOG 15:44:18.381] Load DDS texture: Squad/Spaces/MK3CockpitInternal/Glass
[LOG 15:44:18.381] Load DDS texture: Squad/Spaces/MK3CockpitInternal/Mk2StandardIVA
[LOG 15:44:18.381] Load DDS texture: Squad/Spaces/MK3_CrewCab_Int/Glass
[LOG 15:44:18.381] Load DDS texture: Squad/Spaces/MK3_CrewCab_Int/GlassMK3CC
[LOG 15:44:18.382] Load DDS texture: Squad/Spaces/MK3_CrewCab_Int/Mk2StandardIVA
[LOG 15:44:18.382] Load DDS texture: Squad/Spaces/MK3_CrewCab_Int/MK3_CrewCab_Int
[LOG 15:44:18.382] Load DDS texture: Squad/Spaces/MK3_CrewCab_Int/MK3_CrewCab_Int_n
[LOG 15:44:18.382] Load DDS texture: Squad/Spaces/MK3_CrewCab_Int/Pilotseat
[LOG 15:44:18.382] Load DDS texture: Squad/Spaces/Placeholder/PlaceholderIVA
[LOG 15:44:18.382] Load DDS texture: Squad/Spaces/PodCockpit/model000
[LOG 15:44:18.383] Load DDS texture: Squad/Spaces/PodCockpit/model001
[LOG 15:44:18.383] Load DDS texture: Squad/Spaces/PodCockpit/model002
[LOG 15:44:18.384] Load DDS texture: Squad/Spaces/PodCockpit/model003
[LOG 15:44:18.385] Load DDS texture: Squad/Spaces/PodCockpit/model004
[LOG 15:44:18.385] Load DDS texture: Squad/Spaces/PodCockpit/model005
[LOG 15:44:18.386] Load DDS texture: Squad/Spaces/PodCockpit/model006
[LOG 15:44:18.386] Load DDS texture: Squad/Spaces/PodCockpit/model007
[LOG 15:44:18.387] Load DDS texture: Squad/Spaces/sharedAssets/CockpitGeneric
[LOG 15:44:18.387] Load DDS texture: Squad/Spaces/sharedAssets/CockpitGeneric_NRM
[LOG 15:44:18.388] Load Cached PNG Texture: Squad/Strategies/Icons/AggressiveNegotiations
[LOG 15:44:18.388] Load Cached PNG Texture: Squad/Strategies/Icons/AppreciationCampaign
[LOG 15:44:18.388] Load Cached PNG Texture: Squad/Strategies/Icons/BailOutGrant
[LOG 15:44:18.388] Load Cached PNG Texture: Squad/Strategies/Icons/FundraisingCampaign
[LOG 15:44:18.388] Load Cached PNG Texture: Squad/Strategies/Icons/LeadershipInitiative
[LOG 15:44:18.388] Load Cached PNG Texture: Squad/Strategies/Icons/OpenSourceTechProgram
[LOG 15:44:18.388] Load Cached PNG Texture: Squad/Strategies/Icons/OutsourcedResearch
[LOG 15:44:18.388] Load Cached PNG Texture: Squad/Strategies/Icons/PatentsLicensing
[LOG 15:44:18.388] Load Cached PNG Texture: Squad/Strategies/Icons/RecoveryTransponderFitting
[LOG 15:44:18.388] Load Cached PNG Texture: Squad/Strategies/Icons/ResearchRightsSellOut
[LOG 15:44:18.388] Load Cached PNG Texture: Squad/Strategies/Icons/UnpaidResearchProgram
[LOG 15:44:18.388] Load Cached PNG Texture: Squad/Tutorials/ChuteColors
[LOG 15:44:18.390] Load DDS texture: Squad/Tutorials/EditorCoM
[LOG 15:44:18.390] Load Cached PNG Texture: Squad/Tutorials/EditorSnap
[LOG 15:44:18.390] Load Cached PNG Texture: Squad/Tutorials/EditorSnap4x
[LOG 15:44:18.390] Load Cached PNG Texture: Squad/Tutorials/EditorSymm
[LOG 15:44:18.390] Load Cached PNG Texture: Squad/Tutorials/StagingStack
[LOG 15:44:18.390] Load PNG texture: Squad/Tutorials/YPRDiagram
[WRN 15:44:18.391] Texture isn't eligible for DXT compression, width and height must be multiples of 4
[LOG 15:44:18.391] Load Cached PNG Texture: SquadExpansion/MakingHistory/Banners/Fail/default
[LOG 15:44:18.391] Load Cached PNG Texture: SquadExpansion/MakingHistory/Banners/Fail/fail01
[LOG 15:44:18.391] Load Cached PNG Texture: SquadExpansion/MakingHistory/Banners/Fail/fail02
[LOG 15:44:18.392] Load PNG texture: SquadExpansion/MakingHistory/Banners/Menu/default
[WRN 15:44:18.395] Texture isn't eligible for DXT compression, width and height must be multiples of 4
[LOG 15:44:18.395] Load PNG texture: SquadExpansion/MakingHistory/Banners/Menu/MBanner_01
[WRN 15:44:18.398] Texture isn't eligible for DXT compression, width and height must be multiples of 4
[LOG 15:44:18.398] Load PNG texture: SquadExpansion/MakingHistory/Banners/Menu/MBanner_02
[WRN 15:44:18.402] Texture isn't eligible for DXT compression, width and height must be multiples of 4
[LOG 15:44:18.402] Load PNG texture: SquadExpansion/MakingHistory/Banners/Menu/MBanner_03
[WRN 15:44:18.405] Texture isn't eligible for DXT compression, width and height must be multiples of 4
[LOG 15:44:18.405] Load Cached PNG Texture: SquadExpansion/MakingHistory/Banners/Success/default
[LOG 15:44:18.405] Load Cached PNG Texture: SquadExpansion/MakingHistory/Banners/Success/success01
[LOG 15:44:18.405] Load Cached PNG Texture: SquadExpansion/MakingHistory/Banners/Success/success02
[LOG 15:44:18.405] Load Cached PNG Texture: SquadExpansion/MakingHistory/Missions/Acapello 13/Banners/Fail/fail01
[LOG 15:44:18.405] Load PNG texture: SquadExpansion/MakingHistory/Missions/Acapello 13/Banners/Menu/Mun
[WRN 15:44:18.408] Texture isn't eligible for DXT compression, width and height must be multiples of 4
[LOG 15:44:18.408] Load Cached PNG Texture: SquadExpansion/MakingHistory/Missions/Acapello 13/Banners/Success/success01
[LOG 15:44:18.408] Load Cached PNG Texture: SquadExpansion/MakingHistory/Missions/Acapello 15/Banners/Fail/default
[LOG 15:44:18.408] Load Cached PNG Texture: SquadExpansion/MakingHistory/Missions/Acapello 15/Banners/Fail/fail02
[LOG 15:44:18.408] Load PNG texture: SquadExpansion/MakingHistory/Missions/Acapello 15/Banners/Menu/default
[WRN 15:44:18.411] Texture isn't eligible for DXT compression, width and height must be multiples of 4
[LOG 15:44:18.411] Load Cached PNG Texture: SquadExpansion/MakingHistory/Missions/Acapello 15/Banners/Success/default
[LOG 15:44:18.411] Load Cached PNG Texture: SquadExpansion/MakingHistory/Missions/Blue Mun/Banners/Fail/fail01
[LOG 15:44:18.411] Load PNG texture: SquadExpansion/MakingHistory/Missions/Blue Mun/Banners/Menu/default
[WRN 15:44:18.413] Texture isn't eligible for DXT compression, width and height must be multiples of 4
[LOG 15:44:18.414] Load Cached PNG Texture: SquadExpansion/MakingHistory/Missions/Blue Mun/Banners/Success/success02
[LOG 15:44:18.415] Load Cached PNG Texture: SquadExpansion/MakingHistory/Missions/Dawn of the Space Age/Banners/Fail/default
[LOG 15:44:18.415] Load PNG texture: SquadExpansion/MakingHistory/Missions/Dawn of the Space Age/Banners/Menu/default
[WRN 15:44:18.417] Texture isn't eligible for DXT compression, width and height must be multiples of 4
[LOG 15:44:18.417] Load Cached PNG Texture: SquadExpansion/MakingHistory/Missions/Dawn of the Space Age/Banners/Success/default
[LOG 15:44:18.417] Load Cached PNG Texture: SquadExpansion/MakingHistory/Missions/Meet Me in Zero G/Banners/Fail/default
[LOG 15:44:18.417] Load Cached PNG Texture: SquadExpansion/MakingHistory/Missions/Meet Me in Zero G/Banners/Fail/fail01
[LOG 15:44:18.417] Load PNG texture: SquadExpansion/MakingHistory/Missions/Meet Me in Zero G/Banners/Menu/default
[WRN 15:44:18.420] Texture isn't eligible for DXT compression, width and height must be multiples of 4
[LOG 15:44:18.420] Load Cached PNG Texture: SquadExpansion/MakingHistory/Missions/Meet Me in Zero G/Banners/Success/default
[LOG 15:44:18.420] Load Cached PNG Texture: SquadExpansion/MakingHistory/Missions/Meet Me in Zero G/Banners/Success/success02
[LOG 15:44:18.420] Load Cached PNG Texture: SquadExpansion/MakingHistory/Missions/Munar 1/Banners/Fail/default
[LOG 15:44:18.420] Load Cached PNG Texture: SquadExpansion/MakingHistory/Missions/Munar 1/Banners/Fail/fail02
[LOG 15:44:18.420] Load PNG texture: SquadExpansion/MakingHistory/Missions/Munar 1/Banners/Menu/default
[WRN 15:44:18.422] Texture isn't eligible for DXT compression, width and height must be multiples of 4
[LOG 15:44:18.422] Load Cached PNG Texture: SquadExpansion/MakingHistory/Missions/Munar 1/Banners/Success/default
[LOG 15:44:18.422] Load Cached PNG Texture: SquadExpansion/MakingHistory/Missions/Munar 1/Banners/Success/success01
[LOG 15:44:18.422] Load Cached PNG Texture: SquadExpansion/MakingHistory/Missions/Sally-Hut 1/Banners/Fail/default
[LOG 15:44:18.422] Load Cached PNG Texture: SquadExpansion/MakingHistory/Missions/Sally-Hut 1/Banners/Fail/fail01
[LOG 15:44:18.423] Load Cached PNG Texture: SquadExpansion/MakingHistory/Missions/Sally-Hut 1/Banners/Menu/bannerSatellite
[LOG 15:44:18.423] Load Cached PNG Texture: SquadExpansion/MakingHistory/Missions/Sally-Hut 1/Banners/Success/default
[LOG 15:44:18.423] Load Cached PNG Texture: SquadExpansion/MakingHistory/Missions/Sally-Hut 1/Banners/Success/success02
[LOG 15:44:18.423] Load Cached PNG Texture: SquadExpansion/MakingHistory/Missions/To the Mun Via Minmus/Banners/Fail/fail02
[LOG 15:44:18.423] Load PNG texture: SquadExpansion/MakingHistory/Missions/To the Mun Via Minmus/Banners/Menu/MissionBannerKerbin
[WRN 15:44:18.425] Texture isn't eligible for DXT compression, width and height must be multiples of 4
[LOG 15:44:18.425] Load Cached PNG Texture: SquadExpansion/MakingHistory/Missions/To the Mun Via Minmus/Banners/Success/success01
[LOG 15:44:18.425] Load Cached PNG Texture: SquadExpansion/MakingHistory/Missions/Trouble in the Void/Banners/Fail/fail01
[LOG 15:44:18.425] Load PNG texture: SquadExpansion/MakingHistory/Missions/Trouble in the Void/Banners/Menu/default
[WRN 15:44:18.428] Texture isn't eligible for DXT compression, width and height must be multiples of 4
[LOG 15:44:18.428] Load Cached PNG Texture: SquadExpansion/MakingHistory/Missions/Trouble in the Void/Banners/Success/success02
[LOG 15:44:18.428] Load Cached PNG Texture: SquadExpansion/MakingHistory/Missions/Ziggy Kerman and the Spiders from Duna/Banners/Fail/fail02
[LOG 15:44:18.428] Load Cached PNG Texture: SquadExpansion/MakingHistory/Missions/Ziggy Kerman and the Spiders from Duna/Banners/Menu/bannerSatellite
[LOG 15:44:18.428] Load Cached PNG Texture: SquadExpansion/MakingHistory/Missions/Ziggy Kerman and the Spiders from Duna/Banners/Success/success01
[LOG 15:44:18.428] Load Cached PNG Texture: SquadExpansion/MakingHistory/Parts/@thumbs/Decoupler.1p5_icon0
[LOG 15:44:18.428] Load Cached PNG Texture: SquadExpansion/MakingHistory/Parts/@thumbs/Decoupler.1p5_icon1
[LOG 15:44:18.428] Load Cached PNG Texture: SquadExpansion/MakingHistory/Parts/@thumbs/EquiTriangle0_icon0
[LOG 15:44:18.428] Load Cached PNG Texture: SquadExpansion/MakingHistory/Parts/@thumbs/EquiTriangle0_icon1
[LOG 15:44:18.429] Load Cached PNG Texture: SquadExpansion/MakingHistory/Parts/@thumbs/EquiTriangle0_icon2
[LOG 15:44:18.429] Load Cached PNG Texture: SquadExpansion/MakingHistory/Parts/@thumbs/EquiTriangle0_icon3
[LOG 15:44:18.429] Load Cached PNG Texture: SquadExpansion/MakingHistory/Parts/@thumbs/EquiTriangle1p5_icon0
[LOG 15:44:18.429] Load Cached PNG Texture: SquadExpansion/MakingHistory/Parts/@thumbs/EquiTriangle1p5_icon1
[LOG 15:44:18.429] Load Cached PNG Texture: SquadExpansion/MakingHistory/Parts/@thumbs/EquiTriangle1p5_icon2
[LOG 15:44:18.429] Load Cached PNG Texture: SquadExpansion/MakingHistory/Parts/@thumbs/EquiTriangle1p5_icon3
[LOG 15:44:18.429] Load Cached PNG Texture: SquadExpansion/MakingHistory/Parts/@thumbs/EquiTriangle1_icon0
[LOG 15:44:18.429] Load Cached PNG Texture: SquadExpansion/MakingHistory/Parts/@thumbs/EquiTriangle1_icon1
[LOG 15:44:18.429] Load Cached PNG Texture: SquadExpansion/MakingHistory/Parts/@thumbs/EquiTriangle1_icon2
[LOG 15:44:18.429] Load Cached PNG Texture: SquadExpansion/MakingHistory/Parts/@thumbs/EquiTriangle1_icon3
[LOG 15:44:18.429] Load Cached PNG Texture: SquadExpansion/MakingHistory/Parts/@thumbs/EquiTriangle2_icon0
[LOG 15:44:18.429] Load Cached PNG Texture: SquadExpansion/MakingHistory/Parts/@thumbs/EquiTriangle2_icon1
[LOG 15:44:18.429] Load Cached PNG Texture: SquadExpansion/MakingHistory/Parts/@thumbs/EquiTriangle2_icon2
[LOG 15:44:18.429] Load Cached PNG Texture: SquadExpansion/MakingHistory/Parts/@thumbs/EquiTriangle2_icon3
[LOG 15:44:18.429] Load Cached PNG Texture: SquadExpansion/MakingHistory/Parts/@thumbs/HeatShield1p5_icon
[LOG 15:44:18.429] Load Cached PNG Texture: SquadExpansion/MakingHistory/Parts/@thumbs/InflatableAirlock_icon
[LOG 15:44:18.429] Load Cached PNG Texture: SquadExpansion/MakingHistory/Parts/@thumbs/LiquidEngineRV-1_icon
[LOG 15:44:18.429] Load Cached PNG Texture: SquadExpansion/MakingHistory/Parts/@thumbs/monopropMiniSphere_icon
[LOG 15:44:18.429] Load Cached PNG Texture: SquadExpansion/MakingHistory/Parts/@thumbs/Panel0_icon0
[LOG 15:44:18.430] Load Cached PNG Texture: SquadExpansion/MakingHistory/Parts/@thumbs/Panel0_icon1
[LOG 15:44:18.430] Load Cached PNG Texture: SquadExpansion/MakingHistory/Parts/@thumbs/Panel0_icon2
[LOG 15:44:18.430] Load Cached PNG Texture: SquadExpansion/MakingHistory/Parts/@thumbs/Panel0_icon3
[LOG 15:44:18.430] Load Cached PNG Texture: SquadExpansion/MakingHistory/Parts/@thumbs/Panel1p5_icon0
[LOG 15:44:18.430] Load Cached PNG Texture: SquadExpansion/MakingHistory/Parts/@thumbs/Panel1p5_icon1
[LOG 15:44:18.430] Load Cached PNG Texture: SquadExpansion/MakingHistory/Parts/@thumbs/Panel1p5_icon2
[LOG 15:44:18.430] Load Cached PNG Texture: SquadExpansion/MakingHistory/Parts/@thumbs/Panel1p5_icon3
[LOG 15:44:18.430] Load Cached PNG Texture: SquadExpansion/MakingHistory/Parts/@thumbs/Panel1_icon0
[LOG 15:44:18.430] Load Cached PNG Texture: SquadExpansion/MakingHistory/Parts/@thumbs/Panel1_icon1
[LOG 15:44:18.430] Load Cached PNG Texture: SquadExpansion/MakingHistory/Parts/@thumbs/Panel1_icon2
[LOG 15:44:18.430] Load Cached PNG Texture: SquadExpansion/MakingHistory/Parts/@thumbs/Panel1_icon3
[LOG 15:44:18.430] Load Cached PNG Texture: SquadExpansion/MakingHistory/Parts/@thumbs/roverWheelM1-F_icon0
[LOG 15:44:18.430] Load Cached PNG Texture: SquadExpansion/MakingHistory/Parts/@thumbs/roverWheelM1-F_icon1
[LOG 15:44:18.430] Load Cached PNG Texture: SquadExpansion/MakingHistory/Parts/@thumbs/Separator.1p5_icon0
[LOG 15:44:18.430] Load Cached PNG Texture: SquadExpansion/MakingHistory/Parts/@thumbs/Separator.1p5_icon1
[LOG 15:44:18.430] Load Cached PNG Texture: SquadExpansion/MakingHistory/Parts/@thumbs/Size1p5.Strut.Decoupler_icon0
[LOG 15:44:18.430] Load Cached PNG Texture: SquadExpansion/MakingHistory/Parts/@thumbs/Size1p5.Strut.Decoupler_icon1
[LOG 15:44:18.430] Load Cached PNG Texture: SquadExpansion/MakingHistory/Parts/@thumbs/Size1to0ServiceModule_icon
[LOG 15:44:18.430] Load Cached PNG Texture: SquadExpansion/MakingHistory/Parts/@thumbs/Triangle0_icon0
[LOG 15:44:18.430] Load Cached PNG Texture: SquadExpansion/MakingHistory/Parts/@thumbs/Triangle0_icon1
[LOG 15:44:18.430] Load Cached PNG Texture: SquadExpansion/MakingHistory/Parts/@thumbs/Triangle0_icon2
[LOG 15:44:18.430] Load Cached PNG Texture: SquadExpansion/MakingHistory/Parts/@thumbs/Triangle0_icon3
[LOG 15:44:18.430] Load Cached PNG Texture: SquadExpansion/MakingHistory/Parts/@thumbs/Triangle1p5_icon0
[LOG 15:44:18.431] Load Cached PNG Texture: SquadExpansion/MakingHistory/Parts/@thumbs/Triangle1p5_icon1
[LOG 15:44:18.431] Load Cached PNG Texture: SquadExpansion/MakingHistory/Parts/@thumbs/Triangle1p5_icon2
[LOG 15:44:18.431] Load Cached PNG Texture: SquadExpansion/MakingHistory/Parts/@thumbs/Triangle1p5_icon3
[LOG 15:44:18.431] Load Cached PNG Texture: SquadExpansion/MakingHistory/Parts/@thumbs/Triangle1_icon0
[LOG 15:44:18.431] Load Cached PNG Texture: SquadExpansion/MakingHistory/Parts/@thumbs/Triangle1_icon1
[LOG 15:44:18.431] Load Cached PNG Texture: SquadExpansion/MakingHistory/Parts/@thumbs/Triangle1_icon2
[LOG 15:44:18.431] Load Cached PNG Texture: SquadExpansion/MakingHistory/Parts/@thumbs/Triangle1_icon3
[LOG 15:44:18.431] Load Cached PNG Texture: SquadExpansion/MakingHistory/Parts/@thumbs/Triangle2_icon0
[LOG 15:44:18.431] Load Cached PNG Texture: SquadExpansion/MakingHistory/Parts/@thumbs/Triangle2_icon1
[LOG 15:44:18.431] Load Cached PNG Texture: SquadExpansion/MakingHistory/Parts/@thumbs/Triangle2_icon2
[LOG 15:44:18.431] Load Cached PNG Texture: SquadExpansion/MakingHistory/Parts/@thumbs/Triangle2_icon3
[LOG 15:44:18.431] Load Cached PNG Texture: SquadExpansion/MakingHistory/Parts/@thumbs/Tube1_icon0
[LOG 15:44:18.431] Load Cached PNG Texture: SquadExpansion/MakingHistory/Parts/@thumbs/Tube1_icon1
[LOG 15:44:18.431] Load Cached PNG Texture: SquadExpansion/MakingHistory/Parts/@thumbs/Tube1_icon2
[LOG 15:44:18.431] Load Cached PNG Texture: SquadExpansion/MakingHistory/Parts/@thumbs/Tube1_icon3
[LOG 15:44:18.431] Load Cached PNG Texture: SquadExpansion/MakingHistory/Parts/@thumbs/Tube1_icon4
[LOG 15:44:18.431] Load Cached PNG Texture: SquadExpansion/MakingHistory/Parts/Aero/protectiveRocketNoseMk5A/s1p5_cone
[LOG 15:44:18.432] Load Cached PNG Texture: SquadExpansion/MakingHistory/Parts/Aero/protectiveRocketNoseMk5A/s1p5_cone_Orange
[LOG 15:44:18.432] Load DDS texture: SquadExpansion/MakingHistory/Parts/Coupling/Assets/airlock
[LOG 15:44:18.432] Load DDS texture: SquadExpansion/MakingHistory/Parts/Coupling/Assets/airlock_N
[LOG 15:44:18.432] Load DDS texture: SquadExpansion/MakingHistory/Parts/Coupling/Assets/EnginePlate
[LOG 15:44:18.433] Load DDS texture: SquadExpansion/MakingHistory/Parts/Coupling/Assets/Size1_5_Decoupler_grey
[LOG 15:44:18.433] Load DDS texture: SquadExpansion/MakingHistory/Parts/Coupling/Assets/Size1_5_Decoupler_orange
[LOG 15:44:18.433] Load DDS texture: SquadExpansion/MakingHistory/Parts/Engine/Assets/KE-1
[LOG 15:44:18.434] Load DDS texture: SquadExpansion/MakingHistory/Parts/Engine/Assets/KE-1_BASE
[LOG 15:44:18.434] Load DDS texture: SquadExpansion/MakingHistory/Parts/Engine/Assets/LV-T87
[LOG 15:44:18.435] Load DDS texture: SquadExpansion/MakingHistory/Parts/Engine/Assets/LV-T91
[LOG 15:44:18.435] Load DDS texture: SquadExpansion/MakingHistory/Parts/Engine/Assets/RE-I2
[LOG 15:44:18.437] Load DDS texture: SquadExpansion/MakingHistory/Parts/Engine/Assets/RE-J10
[LOG 15:44:18.438] Load DDS texture: SquadExpansion/MakingHistory/Parts/Engine/Assets/RE-J10_N
[LOG 15:44:18.439] Load DDS texture: SquadExpansion/MakingHistory/Parts/Engine/Assets/RK-7
[LOG 15:44:18.441] Load DDS texture: SquadExpansion/MakingHistory/Parts/Engine/Assets/RK-7_N
[LOG 15:44:18.441] Load DDS texture: SquadExpansion/MakingHistory/Parts/Engine/solidBoosterTHK/SolidBoosterS2-17_emissive
[LOG 15:44:18.446] Load DDS texture: SquadExpansion/MakingHistory/Parts/Engine/solidBoosterTHK/solidBoosterTHK_diffuse
[LOG 15:44:18.453] Load DDS texture: SquadExpansion/MakingHistory/Parts/FuelTank/Assets/Size1p5_02
[LOG 15:44:18.453] Load DDS texture: SquadExpansion/MakingHistory/Parts/FuelTank/Assets/Size1p5_02_ALT01
[LOG 15:44:18.454] Load DDS texture: SquadExpansion/MakingHistory/Parts/FuelTank/Assets/Size1p5_02_ALT02
[LOG 15:44:18.455] Load DDS texture: SquadExpansion/MakingHistory/Parts/FuelTank/Assets/Size1p5_02_ALT02_normal
[LOG 15:44:18.455] Load DDS texture: SquadExpansion/MakingHistory/Parts/FuelTank/Assets/Size1p5_mono
[LOG 15:44:18.456] Load DDS texture: SquadExpansion/MakingHistory/Parts/FuelTank/Assets/Size1p5_mono_2
[LOG 15:44:18.457] Load DDS texture: SquadExpansion/MakingHistory/Parts/FuelTank/Assets/Size1p5_mono_N
[LOG 15:44:18.458] Load DDS texture: SquadExpansion/MakingHistory/Parts/FuelTank/Assets/Size1_5_TankAdapters
[LOG 15:44:18.458] Load DDS texture: SquadExpansion/MakingHistory/Parts/FuelTank/Assets/Size1_5_TankAdapters_ALT01
[LOG 15:44:18.459] Load DDS texture: SquadExpansion/MakingHistory/Parts/FuelTank/Assets/Size1_5_TankAdapters_ALT02
[LOG 15:44:18.460] Load DDS texture: SquadExpansion/MakingHistory/Parts/FuelTank/Assets/Size1_5_TankAdapters_ALT02nm
[LOG 15:44:18.461] Load DDS texture: SquadExpansion/MakingHistory/Parts/FuelTank/Assets/Size1_5_TankAdapters_N
[LOG 15:44:18.462] Load DDS texture: SquadExpansion/MakingHistory/Parts/FuelTank/Assets/Size1_5_Tanks
[LOG 15:44:18.463] Load DDS texture: SquadExpansion/MakingHistory/Parts/FuelTank/Assets/Size1_5_Tanks_ALT02
[LOG 15:44:18.464] Load DDS texture: SquadExpansion/MakingHistory/Parts/FuelTank/Assets/Size1_5_Tanks_ALT02_nm
[LOG 15:44:18.466] Load DDS texture: SquadExpansion/MakingHistory/Parts/FuelTank/Assets/Size1_5_Tanks_grey
[LOG 15:44:18.466] Load DDS texture: SquadExpansion/MakingHistory/Parts/FuelTank/Assets/Size4_Tanks
[LOG 15:44:18.472] Load DDS texture: SquadExpansion/MakingHistory/Parts/FuelTank/Assets/Size4_Tanks_N
[LOG 15:44:18.477] Load DDS texture: SquadExpansion/MakingHistory/Parts/Ground/Assets/RoverWheel
[LOG 15:44:18.478] Load DDS texture: SquadExpansion/MakingHistory/Parts/Ground/Assets/RoverWheelG
[LOG 15:44:18.479] Load DDS texture: SquadExpansion/MakingHistory/Parts/Payload/Assets/Size1to0ServiceBay
[LOG 15:44:18.479] Load DDS texture: SquadExpansion/MakingHistory/Parts/Payload/Assets/Size1to0ServiceBay_n
[LOG 15:44:18.481] Load DDS texture: SquadExpansion/MakingHistory/Parts/Payload/Assets/SM18_diffuse
[LOG 15:44:18.485] Load Cached PNG Texture: SquadExpansion/MakingHistory/Parts/Payload/Assets/SM18_NRM
[LOG 15:44:18.490] Load DDS texture: SquadExpansion/MakingHistory/Parts/Payload/Assets/SM18_specular
[LOG 15:44:18.494] Load DDS texture: SquadExpansion/MakingHistory/Parts/Payload/Assets/SM25_diffuse
[LOG 15:44:18.497] Load DDS texture: SquadExpansion/MakingHistory/Parts/Payload/Assets/SM25_normals
[LOG 15:44:18.498] Load DDS texture: SquadExpansion/MakingHistory/Parts/Pods/Assets/KV1
[LOG 15:44:18.499] Load DDS texture: SquadExpansion/MakingHistory/Parts/Pods/Assets/KV1_GLOW
[LOG 15:44:18.500] Load DDS texture: SquadExpansion/MakingHistory/Parts/Pods/Assets/KV2
[LOG 15:44:18.501] Load DDS texture: SquadExpansion/MakingHistory/Parts/Pods/Assets/KV3
[LOG 15:44:18.501] Load DDS texture: SquadExpansion/MakingHistory/Parts/Pods/Assets/Mk2Pod
[LOG 15:44:18.502] Load DDS texture: SquadExpansion/MakingHistory/Parts/Pods/Assets/Mk2Pod_GLOW
[LOG 15:44:18.503] Load DDS texture: SquadExpansion/MakingHistory/Parts/Pods/Assets/Mk2Pod_n
[LOG 15:44:18.504] Load DDS texture: SquadExpansion/MakingHistory/Parts/Pods/Assets/Size1_5_Lander
[LOG 15:44:18.504] Load DDS texture: SquadExpansion/MakingHistory/Parts/Pods/Assets/Size1_5_Lander_GLOW
[LOG 15:44:18.505] Load DDS texture: SquadExpansion/MakingHistory/Parts/SharedAssets/Shrouds
[LOG 15:44:18.506] Load DDS texture: SquadExpansion/MakingHistory/Parts/SharedAssets/Shrouds_N
[LOG 15:44:18.507] Load DDS texture: SquadExpansion/MakingHistory/Parts/Structural/Assets/NormalMap
[LOG 15:44:18.508] Load DDS texture: SquadExpansion/MakingHistory/Parts/Structural/Assets/Panels
[LOG 15:44:18.510] Load DDS texture: SquadExpansion/MakingHistory/Parts/Structural/Assets/Panels_Dark_D
[LOG 15:44:18.513] Load DDS texture: SquadExpansion/MakingHistory/Parts/Structural/Assets/Panels_Gold_D
[LOG 15:44:18.517] Load Cached PNG Texture: SquadExpansion/MakingHistory/Parts/Structural/Assets/Panels_Gold_NRM
[LOG 15:44:18.520] Load DDS texture: SquadExpansion/MakingHistory/Parts/Structural/Assets/Panels_Gold_S
[LOG 15:44:18.522] Load DDS texture: SquadExpansion/MakingHistory/Parts/Structural/Assets/Panels_Silver_D
[LOG 15:44:18.523] Load DDS texture: SquadExpansion/MakingHistory/Parts/Structural/Assets/Panels_Silver_S
[LOG 15:44:18.526] Load Cached PNG Texture: SquadExpansion/MakingHistory/Ships/@thumbs/VAB/Acapello
[LOG 15:44:18.526] Load Cached PNG Texture: SquadExpansion/MakingHistory/Ships/@thumbs/VAB/Beta Centaurus
[LOG 15:44:18.526] Load Cached PNG Texture: SquadExpansion/MakingHistory/Ships/@thumbs/VAB/Goliath II HLV
[LOG 15:44:18.526] Load Cached PNG Texture: SquadExpansion/MakingHistory/Ships/@thumbs/VAB/Muna 1
[LOG 15:44:18.526] Load Cached PNG Texture: SquadExpansion/MakingHistory/Ships/@thumbs/VAB/Sally-Hut 1
[LOG 15:44:18.526] Load Cached PNG Texture: SquadExpansion/MakingHistory/Ships/@thumbs/VAB/SWM-94 Communications Satellite
[LOG 15:44:18.526] Load Cached PNG Texture: SquadExpansion/MakingHistory/Ships/@thumbs/VAB/Valshkod 2
[LOG 15:44:18.526] Load DDS texture: SquadExpansion/MakingHistory/Spaces/KVPods/airlock
[LOG 15:44:18.527] Load DDS texture: SquadExpansion/MakingHistory/Spaces/KVPods/airlock_N
[LOG 15:44:18.527] Load DDS texture: SquadExpansion/MakingHistory/Spaces/KVPods/KV1_Props_Diffuse
[LOG 15:44:18.534] Load DDS texture: SquadExpansion/MakingHistory/Spaces/KVPods/KV1_Props_Normal
[LOG 15:44:18.539] Load DDS texture: SquadExpansion/MakingHistory/Spaces/KVPods/KV1_Shell_Diffuse
[LOG 15:44:18.544] Load DDS texture: SquadExpansion/MakingHistory/Spaces/KVPods/KV1_Shell_Emissive
[LOG 15:44:18.546] Load DDS texture: SquadExpansion/MakingHistory/Spaces/KVPods/KV1_Shell_Normal
[LOG 15:44:18.549] Load DDS texture: SquadExpansion/MakingHistory/Spaces/KVPods/KV1_Vzor_Diffuse
[LOG 15:44:18.551] Load DDS texture: SquadExpansion/MakingHistory/Spaces/KVPods/KV2_Props_Diffuse
[LOG 15:44:18.556] Load DDS texture: SquadExpansion/MakingHistory/Spaces/KVPods/KV2_Props_Emissive
[LOG 15:44:18.560] Load DDS texture: SquadExpansion/MakingHistory/Spaces/KVPods/KV2_Props_Normal
[LOG 15:44:18.564] Load DDS texture: SquadExpansion/MakingHistory/Spaces/KVPods/KV2_Shell_Diffuse
[LOG 15:44:18.569] Load DDS texture: SquadExpansion/MakingHistory/Spaces/KVPods/KV2_Shell_Normal
[LOG 15:44:18.574] Load DDS texture: SquadExpansion/MakingHistory/Spaces/KVPods/KV3_Props_Diffuse
[LOG 15:44:18.578] Load DDS texture: SquadExpansion/MakingHistory/Spaces/KVPods/KV3_Props_Normal
[LOG 15:44:18.581] Load DDS texture: SquadExpansion/MakingHistory/Spaces/KVPods/KV3_Shell_Diffuse
[LOG 15:44:18.584] Load DDS texture: SquadExpansion/MakingHistory/Spaces/KVPods/KV3_Shell_Normal
[LOG 15:44:18.590] Load DDS texture: SquadExpansion/MakingHistory/Spaces/KVPods/motor
[LOG 15:44:18.590] Load DDS texture: SquadExpansion/MakingHistory/Spaces/KVPods/pilot Seat
[LOG 15:44:18.590] Load DDS texture: SquadExpansion/MakingHistory/Spaces/MEM/PANELS_AO
[LOG 15:44:18.594] Load DDS texture: SquadExpansion/MakingHistory/Spaces/MEM/PANELS_EMISSIVE
[LOG 15:44:18.597] Load DDS texture: SquadExpansion/MakingHistory/Spaces/MEM/PANELS_NORMAL
[LOG 15:44:18.600] Load DDS texture: SquadExpansion/MakingHistory/Spaces/MEM/pilot Seat
[LOG 15:44:18.601] Load DDS texture: SquadExpansion/MakingHistory/Spaces/MEM/propsGeneric
[LOG 15:44:18.602] Load DDS texture: SquadExpansion/MakingHistory/Spaces/MEM/PROPS_AO
[LOG 15:44:18.604] Load DDS texture: SquadExpansion/MakingHistory/Spaces/MEM/PROPS_EMISSIVE
[LOG 15:44:18.605] Load DDS texture: SquadExpansion/MakingHistory/Spaces/MEM/PROPS_NORMAL
[LOG 15:44:18.613] Load DDS texture: SquadExpansion/MakingHistory/Spaces/Mk2Pod/DIfuse_controlboard
[LOG 15:44:18.616] Load DDS texture: SquadExpansion/MakingHistory/Spaces/Mk2Pod/Normal_controlbard
[LOG 15:44:18.621] Load DDS texture: SquadExpansion/MakingHistory/Spaces/Mk2Pod/Outershell_Base_Color
[LOG 15:44:18.628] Load DDS texture: SquadExpansion/MakingHistory/Spaces/Mk2Pod/Outershell_Normal
[LOG 15:44:18.632] Load DDS texture: SquadExpansion/MakingHistory/Spaces/Mk2Pod/pilot Seat
[LOG 15:44:18.649] Load Cached PNG Texture: SquadExpansion/Serenity/Parts/@thumbs/controller1000_icon
[LOG 15:44:18.650] Load Cached PNG Texture: SquadExpansion/Serenity/Parts/@thumbs/DeployedCentralStation_icon
[LOG 15:44:18.650] Load Cached PNG Texture: SquadExpansion/Serenity/Parts/@thumbs/DeployedGoExOb_icon
[LOG 15:44:18.650] Load Cached PNG Texture: SquadExpansion/Serenity/Parts/@thumbs/DeployedIONExp_icon
[LOG 15:44:18.650] Load Cached PNG Texture: SquadExpansion/Serenity/Parts/@thumbs/DeployedRTG_icon
[LOG 15:44:18.650] Load Cached PNG Texture: SquadExpansion/Serenity/Parts/@thumbs/DeployedSatDish_icon
[LOG 15:44:18.650] Load Cached PNG Texture: SquadExpansion/Serenity/Parts/@thumbs/DeployedSeismicSensor_icon
[LOG 15:44:18.650] Load Cached PNG Texture: SquadExpansion/Serenity/Parts/@thumbs/DeployedSolarPanel_icon
[LOG 15:44:18.650] Load Cached PNG Texture: SquadExpansion/Serenity/Parts/@thumbs/DeployedWeatherStn_icon
[LOG 15:44:18.650] Load Cached PNG Texture: SquadExpansion/Serenity/Parts/@thumbs/FanShroud.01_icon0
[LOG 15:44:18.650] Load Cached PNG Texture: SquadExpansion/Serenity/Parts/@thumbs/FanShroud.01_icon1
[LOG 15:44:18.650] Load Cached PNG Texture: SquadExpansion/Serenity/Parts/@thumbs/FanShroud.02_icon0
[LOG 15:44:18.650] Load Cached PNG Texture: SquadExpansion/Serenity/Parts/@thumbs/FanShroud.02_icon1
[LOG 15:44:18.650] Load Cached PNG Texture: SquadExpansion/Serenity/Parts/@thumbs/hinge.01.s_icon0
[LOG 15:44:18.650] Load Cached PNG Texture: SquadExpansion/Serenity/Parts/@thumbs/hinge.01.s_icon1
[LOG 15:44:18.650] Load Cached PNG Texture: SquadExpansion/Serenity/Parts/@thumbs/hinge.01_icon0
[LOG 15:44:18.650] Load Cached PNG Texture: SquadExpansion/Serenity/Parts/@thumbs/hinge.01_icon1
[LOG 15:44:18.650] Load Cached PNG Texture: SquadExpansion/Serenity/Parts/@thumbs/hinge.03.s_icon0
[LOG 15:44:18.650] Load Cached PNG Texture: SquadExpansion/Serenity/Parts/@thumbs/hinge.03.s_icon1
[LOG 15:44:18.650] Load Cached PNG Texture: SquadExpansion/Serenity/Parts/@thumbs/hinge.03_icon0
[LOG 15:44:18.651] Load Cached PNG Texture: SquadExpansion/Serenity/Parts/@thumbs/hinge.03_icon1
[LOG 15:44:18.651] Load Cached PNG Texture: SquadExpansion/Serenity/Parts/@thumbs/largeFanBlade_icon0
[LOG 15:44:18.651] Load Cached PNG Texture: SquadExpansion/Serenity/Parts/@thumbs/largeFanBlade_icon1
[LOG 15:44:18.651] Load Cached PNG Texture: SquadExpansion/Serenity/Parts/@thumbs/largePropeller_icon0
[LOG 15:44:18.651] Load Cached PNG Texture: SquadExpansion/Serenity/Parts/@thumbs/largePropeller_icon1
[LOG 15:44:18.651] Load Cached PNG Texture: SquadExpansion/Serenity/Parts/@thumbs/lGripPad_icon0
[LOG 15:44:18.651] Load Cached PNG Texture: SquadExpansion/Serenity/Parts/@thumbs/lGripPad_icon1
[LOG 15:44:18.651] Load Cached PNG Texture: SquadExpansion/Serenity/Parts/@thumbs/lGripStrip_icon
[LOG 15:44:18.651] Load Cached PNG Texture: SquadExpansion/Serenity/Parts/@thumbs/mediumFanBlade_icon0
[LOG 15:44:18.651] Load Cached PNG Texture: SquadExpansion/Serenity/Parts/@thumbs/mediumFanBlade_icon1
[LOG 15:44:18.651] Load Cached PNG Texture: SquadExpansion/Serenity/Parts/@thumbs/mediumPropeller_icon0
[LOG 15:44:18.651] Load Cached PNG Texture: SquadExpansion/Serenity/Parts/@thumbs/mediumPropeller_icon1
[LOG 15:44:18.651] Load Cached PNG Texture: SquadExpansion/Serenity/Parts/@thumbs/mGripPad_icon0
[LOG 15:44:18.651] Load Cached PNG Texture: SquadExpansion/Serenity/Parts/@thumbs/mGripPad_icon1
[LOG 15:44:18.651] Load Cached PNG Texture: SquadExpansion/Serenity/Parts/@thumbs/noseconeTiny_icon
[LOG 15:44:18.651] Load Cached PNG Texture: SquadExpansion/Serenity/Parts/@thumbs/noseconeVS_icon
[LOG 15:44:18.651] Load Cached PNG Texture: SquadExpansion/Serenity/Parts/@thumbs/piston.01_icon0
[LOG 15:44:18.651] Load Cached PNG Texture: SquadExpansion/Serenity/Parts/@thumbs/piston.01_icon1
[LOG 15:44:18.651] Load Cached PNG Texture: SquadExpansion/Serenity/Parts/@thumbs/piston.02_icon0
[LOG 15:44:18.651] Load Cached PNG Texture: SquadExpansion/Serenity/Parts/@thumbs/piston.02_icon1
[LOG 15:44:18.651] Load Cached PNG Texture: SquadExpansion/Serenity/Parts/@thumbs/piston.03_icon0
[LOG 15:44:18.651] Load Cached PNG Texture: SquadExpansion/Serenity/Parts/@thumbs/piston.03_icon1
[LOG 15:44:18.651] Load Cached PNG Texture: SquadExpansion/Serenity/Parts/@thumbs/piston.04_icon0
[LOG 15:44:18.651] Load Cached PNG Texture: SquadExpansion/Serenity/Parts/@thumbs/piston.04_icon1
[LOG 15:44:18.651] Load Cached PNG Texture: SquadExpansion/Serenity/Parts/@thumbs/RobotArmScanner.S1_icon
[LOG 15:44:18.651] Load Cached PNG Texture: SquadExpansion/Serenity/Parts/@thumbs/RobotArmScanner.S2_icon
[LOG 15:44:18.652] Load Cached PNG Texture: SquadExpansion/Serenity/Parts/@thumbs/RobotArmScanner.S3_icon
[LOG 15:44:18.652] Load Cached PNG Texture: SquadExpansion/Serenity/Parts/@thumbs/rotor.01s_icon0
[LOG 15:44:18.652] Load Cached PNG Texture: SquadExpansion/Serenity/Parts/@thumbs/rotor.01s_icon1
[LOG 15:44:18.652] Load Cached PNG Texture: SquadExpansion/Serenity/Parts/@thumbs/rotor.01_icon0
[LOG 15:44:18.652] Load Cached PNG Texture: SquadExpansion/Serenity/Parts/@thumbs/rotor.01_icon1
[LOG 15:44:18.652] Load Cached PNG Texture: SquadExpansion/Serenity/Parts/@thumbs/rotor.02s_icon0
[LOG 15:44:18.652] Load Cached PNG Texture: SquadExpansion/Serenity/Parts/@thumbs/rotor.02s_icon1
[LOG 15:44:18.652] Load Cached PNG Texture: SquadExpansion/Serenity/Parts/@thumbs/rotor.02_icon0
[LOG 15:44:18.652] Load Cached PNG Texture: SquadExpansion/Serenity/Parts/@thumbs/rotor.02_icon1
[LOG 15:44:18.652] Load Cached PNG Texture: SquadExpansion/Serenity/Parts/@thumbs/RotorEngine.02_icon
[LOG 15:44:18.652] Load Cached PNG Texture: SquadExpansion/Serenity/Parts/@thumbs/rotoServo.00_icon0
[LOG 15:44:18.652] Load Cached PNG Texture: SquadExpansion/Serenity/Parts/@thumbs/rotoServo.00_icon1
[LOG 15:44:18.652] Load Cached PNG Texture: SquadExpansion/Serenity/Parts/@thumbs/rotoServo.02_icon0
[LOG 15:44:18.652] Load Cached PNG Texture: SquadExpansion/Serenity/Parts/@thumbs/rotoServo.02_icon1
[LOG 15:44:18.652] Load Cached PNG Texture: SquadExpansion/Serenity/Parts/@thumbs/rotoServo.03_icon0
[LOG 15:44:18.652] Load Cached PNG Texture: SquadExpansion/Serenity/Parts/@thumbs/rotoServo.03_icon1
[LOG 15:44:18.652] Load Cached PNG Texture: SquadExpansion/Serenity/Parts/@thumbs/sGripPad_icon0
[LOG 15:44:18.652] Load Cached PNG Texture: SquadExpansion/Serenity/Parts/@thumbs/sGripPad_icon1
[LOG 15:44:18.652] Load Cached PNG Texture: SquadExpansion/Serenity/Parts/@thumbs/sGripStrip_icon
[LOG 15:44:18.652] Load Cached PNG Texture: SquadExpansion/Serenity/Parts/@thumbs/smallFanBlade_icon0
[LOG 15:44:18.652] Load Cached PNG Texture: SquadExpansion/Serenity/Parts/@thumbs/smallFanBlade_icon1
[LOG 15:44:18.652] Load Cached PNG Texture: SquadExpansion/Serenity/Parts/@thumbs/smallHeliBlade_icon0
[LOG 15:44:18.653] Load Cached PNG Texture: SquadExpansion/Serenity/Parts/@thumbs/smallHeliBlade_icon1
[LOG 15:44:18.653] Load Cached PNG Texture: SquadExpansion/Serenity/Parts/@thumbs/smallPropeller_icon0
[LOG 15:44:18.653] Load Cached PNG Texture: SquadExpansion/Serenity/Parts/@thumbs/smallPropeller_icon1
[LOG 15:44:18.653] Load DDS texture: SquadExpansion/Serenity/Parts/Aero/Assets/copterBlades_diffuse
[LOG 15:44:18.653] Load DDS texture: SquadExpansion/Serenity/Parts/Aero/Assets/shroudsDiffuse_color
[LOG 15:44:18.653] Load DDS texture: SquadExpansion/Serenity/Parts/Aero/Assets/shroudsDiffuse_plain
[LOG 15:44:18.653] Load Cached PNG Texture: SquadExpansion/Serenity/Parts/DeployedScience/MockupTexture
[LOG 15:44:18.653] Load DDS texture: SquadExpansion/Serenity/Parts/DeployedScience/Assets/centralStation_diffuse
[LOG 15:44:18.654] Load DDS texture: SquadExpansion/Serenity/Parts/DeployedScience/Assets/centralStation_emissive
[LOG 15:44:18.673] Load DDS texture: SquadExpansion/Serenity/Parts/DeployedScience/Assets/GenericParts_diffuse
[LOG 15:44:18.674] Load DDS texture: SquadExpansion/Serenity/Parts/DeployedScience/Assets/GenericParts_emissive
[LOG 15:44:18.674] Load DDS texture: SquadExpansion/Serenity/Parts/DeployedScience/Assets/GenericParts_normal
[LOG 15:44:18.676] Load DDS texture: SquadExpansion/Serenity/Parts/DeployedScience/Assets/goex_diffuse
[LOG 15:44:18.678] Load DDS texture: SquadExpansion/Serenity/Parts/DeployedScience/Assets/goex_specMapped
[LOG 15:44:18.681] Load DDS texture: SquadExpansion/Serenity/Parts/DeployedScience/Assets/Grid
[LOG 15:44:18.681] Load DDS texture: SquadExpansion/Serenity/Parts/DeployedScience/Assets/IonExperiment_diffuse
[LOG 15:44:18.682] Load DDS texture: SquadExpansion/Serenity/Parts/DeployedScience/Assets/RTGCask_diffuse
[LOG 15:44:18.683] Load DDS texture: SquadExpansion/Serenity/Parts/DeployedScience/Assets/satDish_diffuse
[LOG 15:44:18.684] Load Cached PNG Texture: SquadExpansion/Serenity/Parts/DeployedScience/Assets/Scratch
[LOG 15:44:18.686] Load DDS texture: SquadExpansion/Serenity/Parts/DeployedScience/Assets/Screen2
[LOG 15:44:18.686] Load DDS texture: SquadExpansion/Serenity/Parts/DeployedScience/Assets/Screen3
[LOG 15:44:18.686] Load DDS texture: SquadExpansion/Serenity/Parts/DeployedScience/Assets/ScreenReadout
[LOG 15:44:18.686] Load DDS texture: SquadExpansion/Serenity/Parts/DeployedScience/Assets/seismicSensor_diffuse
[LOG 15:44:18.686] Load DDS texture: SquadExpansion/Serenity/Parts/DeployedScience/Assets/seismicSensor_nrm
[LOG 15:44:18.687] Load DDS texture: SquadExpansion/Serenity/Parts/DeployedScience/Assets/seismicSensor_specularMapped
[LOG 15:44:18.688] Load DDS texture: SquadExpansion/Serenity/Parts/DeployedScience/Assets/SolarGraph
[LOG 15:44:18.688] Load DDS texture: SquadExpansion/Serenity/Parts/DeployedScience/Assets/solarPanel_diffuse
[LOG 15:44:18.689] Load DDS texture: SquadExpansion/Serenity/Parts/DeployedScience/Assets/Waveleght3
[LOG 15:44:18.689] Load DDS texture: SquadExpansion/Serenity/Parts/DeployedScience/Assets/Wavelenght
[LOG 15:44:18.689] Load DDS texture: SquadExpansion/Serenity/Parts/DeployedScience/Assets/Wavelenght2
[LOG 15:44:18.689] Load DDS texture: SquadExpansion/Serenity/Parts/DeployedScience/Assets/wavelenght4
[LOG 15:44:18.689] Load DDS texture: SquadExpansion/Serenity/Parts/DeployedScience/Assets/wavelenght5
[LOG 15:44:18.689] Load DDS texture: SquadExpansion/Serenity/Parts/DeployedScience/Assets/WeatherStation [Normal]
[LOG 15:44:18.709] Load DDS texture: SquadExpansion/Serenity/Parts/DeployedScience/Assets/Weather_Station_diffuse
[LOG 15:44:18.712] Load DDS texture: SquadExpansion/Serenity/Parts/DeployedScience/Assets/Weather_Station_normal
[LOG 15:44:18.721] Load DDS texture: SquadExpansion/Serenity/Parts/Propellers/Assets/blade_diffuse
[LOG 15:44:18.722] Load DDS texture: SquadExpansion/Serenity/Parts/Propellers/Assets/copterBlades_diffuse
[LOG 15:44:18.722] Load DDS texture: SquadExpansion/Serenity/Parts/Propellers/Assets/fan_diffuse
[LOG 15:44:18.723] Load DDS texture: SquadExpansion/Serenity/Parts/Robotics/Assets/hinges-03-s_diffuse_Color
[LOG 15:44:18.723] Load DDS texture: SquadExpansion/Serenity/Parts/Robotics/Assets/hinges-03_diffuse_color
[LOG 15:44:18.723] Load DDS texture: SquadExpansion/Serenity/Parts/Robotics/Assets/hinges-03_diffuse_plain
[LOG 15:44:18.724] Load DDS texture: SquadExpansion/Serenity/Parts/Robotics/Assets/hinges_diffuse
[LOG 15:44:18.724] Load DDS texture: SquadExpansion/Serenity/Parts/Robotics/Assets/Hinge_diffuse_G-00_Color
[LOG 15:44:18.724] Load DDS texture: SquadExpansion/Serenity/Parts/Robotics/Assets/Hinge_diffuse_G-11_Color
[LOG 15:44:18.724] Load DDS texture: SquadExpansion/Serenity/Parts/Robotics/Assets/Hinge_diffuse_G-11_plain
[LOG 15:44:18.724] Load DDS texture: SquadExpansion/Serenity/Parts/Robotics/Assets/Hinge_normal
[LOG 15:44:18.724] Load DDS texture: SquadExpansion/Serenity/Parts/Robotics/Assets/RotorEngine_02_diffuse
[LOG 15:44:18.724] Load DDS texture: SquadExpansion/Serenity/Parts/Robotics/Assets/RotorEngine_03_diffuse
[LOG 15:44:18.725] Load DDS texture: SquadExpansion/Serenity/Parts/Robotics/Assets/RotorEngine_03_normal
[LOG 15:44:18.725] Load DDS texture: SquadExpansion/Serenity/Parts/Robotics/Assets/Rotor_01_diffuse_color
[LOG 15:44:18.726] Load DDS texture: SquadExpansion/Serenity/Parts/Robotics/Assets/Rotor_01_diffuse_plain
[LOG 15:44:18.726] Load DDS texture: SquadExpansion/Serenity/Parts/Robotics/Assets/Rotor_01_normal
[LOG 15:44:18.726] Load DDS texture: SquadExpansion/Serenity/Parts/Robotics/Assets/Rotor_01_specular_D
[LOG 15:44:18.726] Load DDS texture: SquadExpansion/Serenity/Parts/Robotics/Assets/Rotor_02_diffuse_color
[LOG 15:44:18.727] Load DDS texture: SquadExpansion/Serenity/Parts/Robotics/Assets/Rotor_03_diffuse_color
[LOG 15:44:18.728] Load DDS texture: SquadExpansion/Serenity/Parts/Robotics/Assets/Rotor_03_diffuse_plain
[LOG 15:44:18.728] Load DDS texture: SquadExpansion/Serenity/Parts/Robotics/Assets/Rotor_03_normal
[LOG 15:44:18.729] Load DDS texture: SquadExpansion/Serenity/Parts/Robotics/Assets/rotoServos_diffuse_color
[LOG 15:44:18.729] Load DDS texture: SquadExpansion/Serenity/Parts/Robotics/Assets/rotoServos_diffuse_plain
[LOG 15:44:18.730] Load DDS texture: SquadExpansion/Serenity/Parts/Robotics/Assets/rotoServos_nrm
[LOG 15:44:18.730] Load DDS texture: SquadExpansion/Serenity/Parts/Robotics/Controllers/roboController_diffuse
[LOG 15:44:18.731] Load DDS texture: SquadExpansion/Serenity/Parts/Robotics/Controllers/roboController_emissive
[LOG 15:44:18.731] Load Cached PNG Texture: SquadExpansion/Serenity/Parts/Science/RobotArmScanner/Assets/DrillBits
[LOG 15:44:18.731] Load DDS texture: SquadExpansion/Serenity/Parts/Science/RobotArmScanner/Assets/DustParticle
[WRN 15:44:18.731] Duplicate PNG texture 'SquadExpansion/Serenity/Parts/Science/RobotArmScanner/Assets/DustParticle' with extension 'png' won't be loaded
[LOG 15:44:18.731] Load DDS texture: SquadExpansion/Serenity/Parts/Science/RobotArmScanner/Assets/GenericParts_diffuse
[LOG 15:44:18.735] Load DDS texture: SquadExpansion/Serenity/Parts/Science/RobotArmScanner/Assets/GenericParts_normal
[LOG 15:44:18.739] Load DDS texture: SquadExpansion/Serenity/Parts/Science/RobotArmScanner/Assets/ROCArm3_diffuse
[LOG 15:44:18.745] Load DDS texture: SquadExpansion/Serenity/Parts/Science/RobotArmScanner/Assets/ROCArm3_normal
[LOG 15:44:18.749] Load DDS texture: SquadExpansion/Serenity/Parts/Science/RobotArmScanner/Assets/ROCArm_2_diffuse
[LOG 15:44:18.750] Load DDS texture: SquadExpansion/Serenity/Parts/Science/RobotArmScanner/Assets/ROCArm_2_normal
[LOG 15:44:18.752] Load Cached PNG Texture: SquadExpansion/Serenity/Parts/Science/RobotArmScanner/Assets/Scratch
[LOG 15:44:18.752] Load DDS texture: SquadExpansion/Serenity/Parts/Science/RobotArmScanner/Assets/SmallArm_diffuse
[LOG 15:44:18.753] Load DDS texture: SquadExpansion/Serenity/Parts/Science/RobotArmScanner/Assets/SmallArm_normal
[LOG 15:44:18.754] Load DDS texture: SquadExpansion/Serenity/Parts/Structural/gripPads/Assets/gripPads_diffuse
[LOG 15:44:18.754] Load DDS texture: SquadExpansion/Serenity/Parts/Structural/gripPads/Assets/gripPads_nrm
[LOG 15:44:18.755] Load Cached PNG Texture: SquadExpansion/Serenity/Ships/@thumbs/SPH/Arrow-E
[LOG 15:44:18.755] Load Cached PNG Texture: SquadExpansion/Serenity/Ships/@thumbs/SPH/Butterfly Rover
[LOG 15:44:18.755] Load Cached PNG Texture: SquadExpansion/Serenity/Ships/@thumbs/SPH/Jeb_s Quadtaxi
[LOG 15:44:18.755] Load Cached PNG Texture: SquadExpansion/Serenity/Ships/@thumbs/SPH/Kerbodyne Rotodyne
[LOG 15:44:18.755] Load Cached PNG Texture: SquadExpansion/Serenity/Ships/@thumbs/SPH/Seahawk
[LOG 15:44:18.755] Load Cached PNG Texture: SquadExpansion/Serenity/Ships/@thumbs/SPH/Val-Thopter
[LOG 15:44:18.758] Load MU model: Squad/FX/afterburner_flame
[LOG 15:44:18.767] Load MU model: Squad/FX/afterburner_shock
[LOG 15:44:18.767] Load MU model: Squad/FX/diamondBlue
[LOG 15:44:18.767] Load MU model: Squad/FX/exhaustFlames_blue
[LOG 15:44:18.852] Load MU model: Squad/FX/hydroLOXFlame
[LOG 15:44:18.853] Load MU model: Squad/FX/IonPlume
[LOG 15:44:18.853] Load MU model: Squad/FX/ks1_Exhaust
[LOG 15:44:18.853] Load MU model: Squad/FX/ks25_Exhaust
[LOG 15:44:18.854] Load MU model: Squad/FX/ksX_Exhaust
[LOG 15:44:18.854] Load MU model: Squad/FX/LES_Thruster
[LOG 15:44:18.854] Load MU model: Squad/FX/Monoprop_big
[LOG 15:44:18.854] Load MU model: Squad/FX/Monoprop_medium
[LOG 15:44:18.854] Load MU model: Squad/FX/Monoprop_small
[LOG 15:44:18.856] Load MU model: Squad/FX/shockExhaust_blue
[LOG 15:44:18.856] Load MU model: Squad/FX/shockExhaust_blue_small
[LOG 15:44:18.856] Load MU model: Squad/FX/shockExhaust_red_small
[LOG 15:44:18.856] Load MU model: Squad/FX/SRB_Large
[LOG 15:44:18.857] Load MU model: Squad/FX/SRB_LargeSparks
[LOG 15:44:18.857] Load MU model: Squad/Parts/Aero/aerodynamicNoseCone/aerodynamicNoseCone
[LOG 15:44:18.859] Load MU model: Squad/Parts/Aero/airbrake/Airbrake
[LOG 15:44:18.860] Load MU model: Squad/Parts/Aero/airIntakeRadialXM-G50/RadialIntake
[LOG 15:44:18.860] Load MU model: Squad/Parts/Aero/airlinerWings/ControlSurface
[LOG 15:44:18.860] Load MU model: Squad/Parts/Aero/airlinerWings/MainWing
[LOG 15:44:18.860] Load MU model: Squad/Parts/Aero/airlinerWings/TailFin
[LOG 15:44:18.861] Load MU model: Squad/Parts/Aero/airplaneFins/AdvCanard
[LOG 15:44:18.862] Load MU model: Squad/Parts/Aero/airplaneFins/Canard
[LOG 15:44:18.862] Load MU model: Squad/Parts/Aero/airplaneFins/Swept
[LOG 15:44:18.862] Load MU model: Squad/Parts/Aero/airplaneFins/TailFin
[LOG 15:44:18.862] Load MU model: Squad/Parts/Aero/basicFin/basicFin
[LOG 15:44:18.862] Load MU model: Squad/Parts/Aero/circularIntake/CircularIntake
[LOG 15:44:18.864] Load MU model: Squad/Parts/Aero/circularIntake/ConeIntake
[LOG 15:44:18.864] Load MU model: Squad/Parts/Aero/cones/Assets/AvioCone
[LOG 15:44:18.864] Load MU model: Squad/Parts/Aero/cones/Assets/ConeA
[LOG 15:44:18.864] Load MU model: Squad/Parts/Aero/cones/Assets/ConeB
[LOG 15:44:18.864] Load MU model: Squad/Parts/Aero/cones/Assets/NCS
[LOG 15:44:18.866] Load MU model: Squad/Parts/Aero/cones/Assets/orangeNoseCone
[LOG 15:44:18.866] Load MU model: Squad/Parts/Aero/cones/Assets/rocketNoseCone
[LOG 15:44:18.866] Load MU model: Squad/Parts/Aero/cones/Assets/rocketNoseCone_v2
[LOG 15:44:18.867] Load MU model: Squad/Parts/Aero/cones/Assets/rocketNoseCone_v3
[LOG 15:44:18.867] Load MU model: Squad/Parts/Aero/cones/Assets/TailA
[LOG 15:44:18.867] Load MU model: Squad/Parts/Aero/cones/Assets/TailB
[LOG 15:44:18.867] Load MU model: Squad/Parts/Aero/cones/Assets/TinyCone
[LOG 15:44:18.867] Load MU model: Squad/Parts/Aero/fairings/AutoTruss
[LOG 15:44:18.868] Load MU model: Squad/Parts/Aero/fairings/fairingSize1
[LOG 15:44:18.868] Load MU model: Squad/Parts/Aero/fairings/fairingSize2
[LOG 15:44:18.868] Load MU model: Squad/Parts/Aero/fairings/fairingSize3
[LOG 15:44:18.869] Load MU model: Squad/Parts/Aero/HeatShield/HeatShield0
[LOG 15:44:18.869] Load MU model: Squad/Parts/Aero/HeatShield/HeatShield1
[LOG 15:44:18.869] Load MU model: Squad/Parts/Aero/HeatShield/HeatShield2
[LOG 15:44:18.869] Load MU model: Squad/Parts/Aero/HeatShield/HeatShield3
[LOG 15:44:18.870] Load MU model: Squad/Parts/Aero/InflatableHeatShield/HeatShield
[LOG 15:44:18.872] Load MU model: Squad/Parts/Aero/intakeRadialLong/IntakeRadial
[LOG 15:44:18.872] Load MU model: Squad/Parts/Aero/miniIntake/SmallIntake
[LOG 15:44:18.872] Load MU model: Squad/Parts/Aero/ramAirIntake/RampIntake
[LOG 15:44:18.872] Load MU model: Squad/Parts/Aero/shuttleWings/ShuttleDeltaWing
[LOG 15:44:18.872] Load MU model: Squad/Parts/Aero/shuttleWings/ShuttleElevonA
[LOG 15:44:18.872] Load MU model: Squad/Parts/Aero/shuttleWings/ShuttleElevonB
[LOG 15:44:18.873] Load MU model: Squad/Parts/Aero/shuttleWings/ShuttleRudder
[LOG 15:44:18.873] Load MU model: Squad/Parts/Aero/shuttleWings/ShuttleStrake
[LOG 15:44:18.873] Load MU model: Squad/Parts/Aero/wingletAV-R8/model
[LOG 15:44:18.873] Load MU model: Squad/Parts/Aero/wingletAV-T1/model
[LOG 15:44:18.873] Load MU model: Squad/Parts/Aero/wingletDeltaDeluxe/model
[LOG 15:44:18.873] Load MU model: Squad/Parts/Aero/wings/connector1
[LOG 15:44:18.873] Load MU model: Squad/Parts/Aero/wings/connector2
[LOG 15:44:18.874] Load MU model: Squad/Parts/Aero/wings/connector3
[LOG 15:44:18.874] Load MU model: Squad/Parts/Aero/wings/connector4
[LOG 15:44:18.874] Load MU model: Squad/Parts/Aero/wings/connector5
[LOG 15:44:18.874] Load MU model: Squad/Parts/Aero/wings/delta
[LOG 15:44:18.874] Load MU model: Squad/Parts/Aero/wings/delta_small
[LOG 15:44:18.874] Load MU model: Squad/Parts/Aero/wings/elevon1
[LOG 15:44:18.874] Load MU model: Squad/Parts/Aero/wings/elevon2
[LOG 15:44:18.874] Load MU model: Squad/Parts/Aero/wings/elevon3
[LOG 15:44:18.874] Load MU model: Squad/Parts/Aero/wings/elevon4
[LOG 15:44:18.875] Load MU model: Squad/Parts/Aero/wings/elevon5
[LOG 15:44:18.875] Load MU model: Squad/Parts/Aero/wings/strake
[LOG 15:44:18.875] Load MU model: Squad/Parts/Aero/wings/structural1
[LOG 15:44:18.875] Load MU model: Squad/Parts/Aero/wings/structural2
[LOG 15:44:18.875] Load MU model: Squad/Parts/Aero/wings/structural3
[LOG 15:44:18.875] Load MU model: Squad/Parts/Aero/wings/structural4
[LOG 15:44:18.875] Load MU model: Squad/Parts/Aero/wings/swept1
[LOG 15:44:18.875] Load MU model: Squad/Parts/Aero/wings/swept2
[LOG 15:44:18.875] Load MU model: Squad/Parts/Cargo/CargoContainers/cargoContainer
[LOG 15:44:18.876] Load MU model: Squad/Parts/Cargo/CargoContainers/smallCargoContainer
[LOG 15:44:18.876] Load MU model: Squad/Parts/Cargo/Cylinder/EVAcylinder
[LOG 15:44:18.876] Load MU model: Squad/Parts/Cargo/GroundAnchor/groundAnchor
[LOG 15:44:18.876] Load MU model: Squad/Parts/Cargo/Jetpack/Jetpack
[LOG 15:44:18.877] Load MU model: Squad/Parts/Cargo/Parachute/Parachute
[LOG 15:44:18.877] Load MU model: Squad/Parts/Cargo/RepairKit/RepairKit
[LOG 15:44:18.894] Load MU model: Squad/Parts/Cargo/ScienceKit/ExperimentKit
[LOG 15:44:18.895] Load MU model: Squad/Parts/Cargo/StorageUnits/Assets/CargoStorageUnit
[LOG 15:44:18.896] Load MU model: Squad/Parts/Cargo/StorageUnits/Assets/ConformalStorageUnit
[LOG 15:44:18.896] Load MU model: Squad/Parts/Command/advancedSasModuleLarge/model
[LOG 15:44:18.896] Load MU model: Squad/Parts/Command/cupola/model
[LOG 15:44:18.897] Load MU model: Squad/Parts/Command/externalCommandSeat/model
[LOG 15:44:18.897] Load MU model: Squad/Parts/Command/hitchhikerStorageContainer/model
[LOG 15:44:18.898] Load MU model: Squad/Parts/Command/inlineAdvancedStabilizer/model
[LOG 15:44:18.898] Load MU model: Squad/Parts/Command/inlineReactionWheel/model
[LOG 15:44:18.898] Load MU model: Squad/Parts/Command/Mk1-3Pod/Mk1-3
[LOG 15:44:18.899] Load MU model: Squad/Parts/Command/mk1Cockpits/Cabin
[LOG 15:44:18.899] Load MU model: Squad/Parts/Command/mk1Cockpits/CockpitInline
[LOG 15:44:18.900] Load MU model: Squad/Parts/Command/mk1Cockpits/CockpitStandard
[LOG 15:44:18.914] Load MU model: Squad/Parts/Command/mk1LanderCan/model
[LOG 15:44:18.914] Load MU model: Squad/Parts/Command/mk1pod_v2/Mk1Pod_v2
[LOG 15:44:18.914] Load MU model: Squad/Parts/Command/mk2CockpitInline/model
[LOG 15:44:18.915] Load MU model: Squad/Parts/Command/mk2CockpitStandard/model
[LOG 15:44:18.915] Load MU model: Squad/Parts/Command/mk2DroneCore/model
[LOG 15:44:18.915] Load MU model: Squad/Parts/Command/mk2LanderCan/model
[LOG 15:44:18.916] Load MU model: Squad/Parts/Command/mk2LanderCan_v2/mk2LanderCan
[LOG 15:44:18.916] Load MU model: Squad/Parts/Command/mk3CockpitShuttle/model
[LOG 15:44:18.917] Load MU model: Squad/Parts/Command/MpoProbe/MpoProbe
[LOG 15:44:18.917] Load MU model: Squad/Parts/Command/MtmStage/MTM_Stage
[LOG 15:44:18.917] Load MU model: Squad/Parts/Command/probeCoreCube/probeCoreCube
[LOG 15:44:18.918] Load MU model: Squad/Parts/Command/probeCoreHex/model
[LOG 15:44:18.918] Load MU model: Squad/Parts/Command/probeCoreHex_v2/model
[LOG 15:44:18.918] Load MU model: Squad/Parts/Command/probeCoreOcto2_v2/probeCoreOcto2_v2
[LOG 15:44:18.918] Load MU model: Squad/Parts/Command/probeCoreOcto_v2/probeCoreOcto_v2
[LOG 15:44:18.918] Load MU model: Squad/Parts/Command/probeRoverBody/model
[LOG 15:44:18.919] Load MU model: Squad/Parts/Command/probeRoverBody_v2/probeRoverBody_v2
[LOG 15:44:18.919] Load MU model: Squad/Parts/Command/probeStackLarge/model
[LOG 15:44:18.919] Load MU model: Squad/Parts/Command/probeStackSmall/model
[LOG 15:44:18.919] Load MU model: Squad/Parts/Command/probeStackSphere_v2/probeStackSphere_v2
[LOG 15:44:18.920] Load MU model: Squad/Parts/CompoundParts/FuelLine/model
[LOG 15:44:18.920] Load MU model: Squad/Parts/CompoundParts/strutConnector/model
[LOG 15:44:18.920] Load MU model: Squad/Parts/Coupling/Assets/Decoupler_0
[LOG 15:44:18.920] Load MU model: Squad/Parts/Coupling/Assets/Decoupler_1
[LOG 15:44:18.921] Load MU model: Squad/Parts/Coupling/Assets/Decoupler_1p5
[LOG 15:44:18.921] Load MU model: Squad/Parts/Coupling/Assets/Decoupler_2
[LOG 15:44:18.921] Load MU model: Squad/Parts/Coupling/Assets/Decoupler_3
[LOG 15:44:18.921] Load MU model: Squad/Parts/Coupling/Assets/Decoupler_4
[LOG 15:44:18.922] Load MU model: Squad/Parts/Coupling/Assets/Separator_0
[LOG 15:44:18.922] Load MU model: Squad/Parts/Coupling/Assets/Separator_1
[LOG 15:44:18.922] Load MU model: Squad/Parts/Coupling/Assets/Separator_1p5
[LOG 15:44:18.922] Load MU model: Squad/Parts/Coupling/Assets/Separator_2
[LOG 15:44:18.923] Load MU model: Squad/Parts/Coupling/Assets/Separator_3
[LOG 15:44:18.923] Load MU model: Squad/Parts/Coupling/Assets/Separator_4
[LOG 15:44:18.923] Load MU model: Squad/Parts/Electrical/10CSolarPanels/assets/OX-10C
[LOG 15:44:18.924] Load MU model: Squad/Parts/Electrical/10CSolarPanels/assets/SP-10C
[LOG 15:44:18.927] Load MU model: Squad/Parts/Electrical/10LSolarPanels/assets/OX-10L
[LOG 15:44:18.928] Load MU model: Squad/Parts/Electrical/10LSolarPanels/assets/SP-10L
[LOG 15:44:18.929] Load MU model: Squad/Parts/Electrical/1x6ShroudSolarPanels/model
[LOG 15:44:18.929] Load MU model: Squad/Parts/Electrical/1x6SolarPanels/model
[LOG 15:44:18.930] Load MU model: Squad/Parts/Electrical/3x2ShroudSolarPanels/model
[LOG 15:44:18.930] Load MU model: Squad/Parts/Electrical/3x2SolarPanels/model
[LOG 15:44:18.931] Load MU model: Squad/Parts/Electrical/gigantorXlSolarArray/model
[LOG 15:44:18.931] Load MU model: Squad/Parts/Electrical/radialFlatSolarPanel/model
[LOG 15:44:18.931] Load MU model: Squad/Parts/Electrical/RTG/model
[LOG 15:44:18.931] Load MU model: Squad/Parts/Electrical/z-100Battery/model
[LOG 15:44:18.932] Load MU model: Squad/Parts/Electrical/z-1kBattery/model
[LOG 15:44:18.932] Load MU model: Squad/Parts/Electrical/z-200Battery/model
[LOG 15:44:18.932] Load MU model: Squad/Parts/Electrical/z-400Battery/model
[LOG 15:44:18.932] Load MU model: Squad/Parts/Electrical/z-4kBattery/model
[LOG 15:44:18.932] Load MU model: Squad/Parts/Engine/ionEngine/model
[LOG 15:44:18.932] Load MU model: Squad/Parts/Engine/jetEngines/turbineInside
[LOG 15:44:18.933] Load MU model: Squad/Parts/Engine/jetEngines/turboFanSize1
[LOG 15:44:18.933] Load MU model: Squad/Parts/Engine/jetEngines/turboFanSize2
[LOG 15:44:18.934] Load MU model: Squad/Parts/Engine/jetEngines/turboJet
[LOG 15:44:18.934] Load MU model: Squad/Parts/Engine/jetEngines/turboRamJet
[LOG 15:44:18.935] Load MU model: Squad/Parts/Engine/liquidEngine24-77/model
[LOG 15:44:18.935] Load MU model: Squad/Parts/Engine/liquidEngine24-77_v2/Twitch_v2
[LOG 15:44:18.935] Load MU model: Squad/Parts/Engine/liquidEngine48-7S_v2/SparkV2
[LOG 15:44:18.936] Load MU model: Squad/Parts/Engine/liquidEngineAerospike/AeroSpike
[LOG 15:44:18.936] Load MU model: Squad/Parts/Engine/liquidEngineLV-1_v2/Assets/Ant
[LOG 15:44:18.936] Load MU model: Squad/Parts/Engine/liquidEngineLV-1_v2/Assets/Spider
[LOG 15:44:18.937] Load MU model: Squad/Parts/Engine/liquidEngineLV-909_v2/TerrierV2
[LOG 15:44:18.937] Load MU model: Squad/Parts/Engine/liquidEngineLV-N/model
[LOG 15:44:18.938] Load MU model: Squad/Parts/Engine/liquidEngineLV-T30/model
[LOG 15:44:18.938] Load MU model: Squad/Parts/Engine/liquidEngineLV-T30_v2/Reliant_v2
[LOG 15:44:18.939] Load MU model: Squad/Parts/Engine/liquidEngineLV-T45/model
[LOG 15:44:18.939] Load MU model: Squad/Parts/Engine/liquidEngineLV-T45_v2/Swivel_v2
[LOG 15:44:18.941] Load MU model: Squad/Parts/Engine/liquidEngineMainsail_v2/liquidEngineMainsail_v2
[LOG 15:44:18.942] Load MU model: Squad/Parts/Engine/liquidEngineMk55/Thud
[LOG 15:44:18.942] Load MU model: Squad/Parts/Engine/liquidEnginePoodle_v2/LqdEnginePoodle_v2
[LOG 15:44:18.944] Load MU model: Squad/Parts/Engine/liquidEngineSkipper_v2/skipper_v2
[LOG 15:44:18.944] Load MU model: Squad/Parts/Engine/liquidEngineSSME/SSME
[LOG 15:44:18.946] Load MU model: Squad/Parts/Engine/MassiveSRB/MassiveSRB
[LOG 15:44:18.946] Load MU model: Squad/Parts/Engine/miniJet/SmallJet
[LOG 15:44:18.946] Load MU model: Squad/Parts/Engine/OMSEngine/Puff_v2
[LOG 15:44:18.947] Load MU model: Squad/Parts/Engine/rapierEngine/rapier
[LOG 15:44:18.947] Load MU model: Squad/Parts/Engine/Size1_SRBs/SRB10
[LOG 15:44:18.948] Load MU model: Squad/Parts/Engine/Size1_SRBs/SRB5
[LOG 15:44:18.948] Load MU model: Squad/Parts/Engine/Size2LFB/Size2LFB
[LOG 15:44:18.949] Load MU model: Squad/Parts/Engine/Size2LFB_v2/Size2LFB_v2
[LOG 15:44:18.950] Load MU model: Squad/Parts/Engine/Size3AdvancedEngine/Size3AdvancedEngine
[LOG 15:44:18.950] Load MU model: Squad/Parts/Engine/Size3EngineCluster/Size3EngineCluster
[LOG 15:44:18.951] Load MU model: Squad/Parts/Engine/solidBoosterBACC/model
[LOG 15:44:18.951] Load MU model: Squad/Parts/Engine/solidBoosterS2-17/solidBoosterS2-17
[LOG 15:44:18.952] Load MU model: Squad/Parts/Engine/solidBoosterS2-33/solidBoosterS2-33
[LOG 15:44:18.953] Load MU model: Squad/Parts/Engine/solidBoosterSep/model
[LOG 15:44:18.953] Load MU model: Squad/Parts/Engine/SolidBoostersF/Assets/SolidBoosterF3S0
[LOG 15:44:18.953] Load MU model: Squad/Parts/Engine/SolidBoostersF/Assets/SolidBoosterFM1
[LOG 15:44:18.953] Load MU model: Squad/Parts/FuelTank/adapterTanks/Mk3-Mk2
[LOG 15:44:18.954] Load MU model: Squad/Parts/FuelTank/adapterTanks/Mk3-Size2
[LOG 15:44:18.954] Load MU model: Squad/Parts/FuelTank/adapterTanks/Mk3-Size2Slant
[LOG 15:44:18.954] Load MU model: Squad/Parts/FuelTank/adapterTanks/ShuttleAdapter
[LOG 15:44:18.954] Load MU model: Squad/Parts/FuelTank/adapterTanks/Size2-Mk2
[LOG 15:44:18.955] Load MU model: Squad/Parts/FuelTank/adapterTanks/Size2-Size1
[LOG 15:44:18.955] Load MU model: Squad/Parts/FuelTank/adapterTanks/Size2-Size1Slant
[LOG 15:44:18.955] Load MU model: Squad/Parts/FuelTank/adapterTanks/Size3-Mk3
[LOG 15:44:18.955] Load MU model: Squad/Parts/FuelTank/drainTankFTE-1/fuelValve
[LOG 15:44:18.955] Load MU model: Squad/Parts/FuelTank/FoilTanks/RadialTank_Capsule
[LOG 15:44:18.956] Load MU model: Squad/Parts/FuelTank/FoilTanks/RadialTank_Round
[LOG 15:44:18.956] Load MU model: Squad/Parts/FuelTank/FoilTanks/ToroidTank
[LOG 15:44:18.956] Load MU model: Squad/Parts/FuelTank/fuelTankOscarB/model
[LOG 15:44:18.956] Load MU model: Squad/Parts/FuelTank/miniFuselage/Fuselage
[LOG 15:44:18.956] Load MU model: Squad/Parts/FuelTank/mk2Adapters/bicoupler
[LOG 15:44:18.956] Load MU model: Squad/Parts/FuelTank/mk2Adapters/long
[LOG 15:44:18.956] Load MU model: Squad/Parts/FuelTank/mk2Adapters/standard
[LOG 15:44:18.957] Load MU model: Squad/Parts/FuelTank/mk2FuselageLong/FuselageLongLFO
[LOG 15:44:18.957] Load MU model: Squad/Parts/FuelTank/mk2FuselageLong/FuselageLongLiquid
[LOG 15:44:18.957] Load MU model: Squad/Parts/FuelTank/mk2FuselageShort/FuselageShortLFO
[LOG 15:44:18.957] Load MU model: Squad/Parts/FuelTank/mk2FuselageShort/FuselageShortLiquid
[LOG 15:44:18.957] Load MU model: Squad/Parts/FuelTank/mk2FuselageShort/FuselageShortMono
[LOG 15:44:18.957] Load MU model: Squad/Parts/FuelTank/mk3Fuselage/CREW
[LOG 15:44:18.957] Load MU model: Squad/Parts/FuelTank/mk3Fuselage/LFO_100
[LOG 15:44:18.957] Load MU model: Squad/Parts/FuelTank/mk3Fuselage/LFO_25
[LOG 15:44:18.957] Load MU model: Squad/Parts/FuelTank/mk3Fuselage/LFO_50
[LOG 15:44:18.959] Load MU model: Squad/Parts/FuelTank/mk3Fuselage/LF_100
[LOG 15:44:18.959] Load MU model: Squad/Parts/FuelTank/mk3Fuselage/LF_25
[LOG 15:44:18.959] Load MU model: Squad/Parts/FuelTank/mk3Fuselage/LF_50
[LOG 15:44:18.959] Load MU model: Squad/Parts/FuelTank/mk3Fuselage/MONO
[LOG 15:44:18.959] Load MU model: Squad/Parts/FuelTank/RCSFuelTankR1/RCSFuelTankR1_01
[LOG 15:44:18.960] Load MU model: Squad/Parts/FuelTank/RCSFuelTankR10/model
[LOG 15:44:18.961] Load MU model: Squad/Parts/FuelTank/RCSFuelTankR25/RCSFuelTankR25
[LOG 15:44:18.961] Load MU model: Squad/Parts/FuelTank/RCSTankRadial/model
[LOG 15:44:18.961] Load MU model: Squad/Parts/FuelTank/RCStankRadialLong/model
[LOG 15:44:18.961] Load MU model: Squad/Parts/FuelTank/RockomaxTanks/Assets/Rockomax16
[LOG 15:44:18.961] Load MU model: Squad/Parts/FuelTank/RockomaxTanks/Assets/Rockomax32
[LOG 15:44:18.962] Load MU model: Squad/Parts/FuelTank/RockomaxTanks/Assets/Rockomax64
[LOG 15:44:18.962] Load MU model: Squad/Parts/FuelTank/RockomaxTanks/Assets/Rockomax8
[LOG 15:44:18.962] Load MU model: Squad/Parts/FuelTank/Size1_Tanks/Size1Tank_01
[LOG 15:44:18.962] Load MU model: Squad/Parts/FuelTank/Size1_Tanks/Size1Tank_02
[LOG 15:44:18.962] Load MU model: Squad/Parts/FuelTank/Size1_Tanks/Size1Tank_03
[LOG 15:44:18.963] Load MU model: Squad/Parts/FuelTank/Size1_Tanks/Size1Tank_04
[LOG 15:44:18.963] Load MU model: Squad/Parts/FuelTank/Size3Tanks/Size3LargeTank
[LOG 15:44:18.963] Load MU model: Squad/Parts/FuelTank/Size3Tanks/Size3MediumTank
[LOG 15:44:18.963] Load MU model: Squad/Parts/FuelTank/Size3Tanks/Size3SmallTank
[LOG 15:44:18.963] Load MU model: Squad/Parts/FuelTank/xenonTank/model
[LOG 15:44:18.964] Load MU model: Squad/Parts/FuelTank/xenonTankLarge/model
[LOG 15:44:18.964] Load MU model: Squad/Parts/FuelTank/xenonTankRadial/model
[LOG 15:44:18.964] Load MU model: Squad/Parts/Misc/AsteroidDay/CamSat
[LOG 15:44:18.964] Load MU model: Squad/Parts/Misc/AsteroidDay/HECS2
[LOG 15:44:18.964] Load MU model: Squad/Parts/Misc/AsteroidDay/HighGainAntenna
[LOG 15:44:18.966] Load MU model: Squad/Parts/Misc/AsteroidDay/LgRadialSolar
[LOG 15:44:18.966] Load MU model: Squad/Parts/Misc/PotatoComet/Cube
[LOG 15:44:18.966] Load MU model: Squad/Parts/Misc/PotatoRoid/Cube
[LOG 15:44:18.966] Load MU model: Squad/Parts/Resources/FuelCell/FuelCell
[LOG 15:44:18.966] Load MU model: Squad/Parts/Resources/FuelCell/FuelCellArray
[LOG 15:44:18.967] Load MU model: Squad/Parts/Resources/ISRU/ISRU
[LOG 15:44:18.967] Load MU model: Squad/Parts/Resources/LargeTank/LargeTank
[LOG 15:44:18.968] Load MU model: Squad/Parts/Resources/MiniDrill/MiniDrill
[LOG 15:44:18.969] Load MU model: Squad/Parts/Resources/MiniISRU/MiniISRU
[LOG 15:44:18.969] Load MU model: Squad/Parts/Resources/OrbitalScanner/OrbitalScanner
[LOG 15:44:18.969] Load MU model: Squad/Parts/Resources/RadialDrill/TriBitDrill
[LOG 15:44:18.972] Load MU model: Squad/Parts/Resources/RadialTank/RadialOreTank
[LOG 15:44:18.972] Load MU model: Squad/Parts/Resources/SmallTank/SmallTank
[LOG 15:44:18.972] Load MU model: Squad/Parts/Resources/SurfaceScanner/SurfaceScanner
[LOG 15:44:18.972] Load MU model: Squad/Parts/Resources/SurveyScanner/SurveyScanner
[LOG 15:44:18.972] Load MU model: Squad/Parts/Science/AtmosphereSensor/model
[LOG 15:44:18.973] Load MU model: Squad/Parts/Science/GooExperiment/GooExperiment
[LOG 15:44:18.973] Load MU model: Squad/Parts/Science/LargeCrewedLab/large_crewed_lab
[LOG 15:44:18.974] Load MU model: Squad/Parts/Science/Magnetometer/Magnetometer
[LOG 15:44:18.977] Load MU model: Squad/Parts/Science/MaterialBay/science_module_small
[LOG 15:44:18.978] Load MU model: Squad/Parts/Science/ScienceBox/ScienceBox
[LOG 15:44:18.978] Load MU model: Squad/Parts/Science/sensorAccelerometer/model
[LOG 15:44:18.978] Load MU model: Squad/Parts/Science/sensorBarometer/model
[LOG 15:44:18.978] Load MU model: Squad/Parts/Science/sensorGravimeter/model
[LOG 15:44:18.978] Load MU model: Squad/Parts/Science/sensorThermometer/model
[LOG 15:44:18.978] Load MU model: Squad/Parts/Structural/FLAdapters/Assets/adapterSmallMiniShort_v2
[LOG 15:44:18.979] Load MU model: Squad/Parts/Structural/FLAdapters/Assets/adapterSmallMiniTall_v2
[LOG 15:44:18.979] Load MU model: Squad/Parts/Structural/mk1Parts/Fuselage
[LOG 15:44:18.979] Load MU model: Squad/Parts/Structural/mk1Parts/IntakeFuselage
[LOG 15:44:18.979] Load MU model: Squad/Parts/Structural/mk1Parts/Nacelle1
[LOG 15:44:18.980] Load MU model: Squad/Parts/Structural/mk1Parts/Nacelle2
[LOG 15:44:18.980] Load MU model: Squad/Parts/Structural/mk1Parts/Structural
[LOG 15:44:18.980] Load MU model: Squad/Parts/Structural/mk1Parts/StructuralHollow
[LOG 15:44:18.980] Load MU model: Squad/Parts/Structural/Size3To2Adapter_v2/Size2to3_v2
[LOG 15:44:18.981] Load MU model: Squad/Parts/Structural/stackAdapters/Assets/adapterLargeSmallBi
[LOG 15:44:18.981] Load MU model: Squad/Parts/Structural/stackAdapters/Assets/adapterLargeSmallQuad
[LOG 15:44:18.981] Load MU model: Squad/Parts/Structural/stackAdapters/Assets/adapterLargeSmallTri
[LOG 15:44:18.981] Load MU model: Squad/Parts/Structural/stationHub/model
[LOG 15:44:18.981] Load MU model: Squad/Parts/Structural/structuralIBeam200/model
[LOG 15:44:18.982] Load MU model: Squad/Parts/Structural/structuralIBeam200Pocket/model
[LOG 15:44:18.982] Load MU model: Squad/Parts/Structural/structuralIBeam650/model
[LOG 15:44:18.982] Load MU model: Squad/Parts/Structural/structuralMicronode/model
[LOG 15:44:18.982] Load MU model: Squad/Parts/Structural/structuralPanel1x1/model
[LOG 15:44:18.982] Load MU model: Squad/Parts/Structural/structuralPanel2x2/model
[LOG 15:44:18.982] Load MU model: Squad/Parts/Structural/structuralPylons/PylonBig
[LOG 15:44:18.982] Load MU model: Squad/Parts/Structural/structuralPylons/PylonSmall
[LOG 15:44:18.982] Load MU model: Squad/Parts/Structural/strutCubicOcto/model
[LOG 15:44:18.983] Load MU model: Squad/Parts/Structural/strutOcto/model
[LOG 15:44:18.983] Load MU model: Squad/Parts/Structural/trussGirderAdapter/model
[LOG 15:44:18.983] Load MU model: Squad/Parts/Structural/trussGirderL/model
[LOG 15:44:18.983] Load MU model: Squad/Parts/Structural/trussGirderXL/model
[LOG 15:44:18.983] Load MU model: Squad/Parts/Thermal/FoldingRadiators/foldingRadLarge
[LOG 15:44:18.986] Load MU model: Squad/Parts/Thermal/FoldingRadiators/foldingRadMed
[LOG 15:44:18.988] Load MU model: Squad/Parts/Thermal/FoldingRadiators/foldingRadSmall
[LOG 15:44:18.989] Load MU model: Squad/Parts/Thermal/RadiatorPanels/radPanelEdge
[LOG 15:44:18.989] Load MU model: Squad/Parts/Thermal/RadiatorPanels/radPanelLg
[LOG 15:44:18.989] Load MU model: Squad/Parts/Thermal/RadiatorPanels/radPanelSm
[LOG 15:44:18.990] Load MU model: Squad/Parts/Utility/commDish88-88/model
[LOG 15:44:18.994] Load MU model: Squad/Parts/Utility/commsAntennaDTS-M1/mediumDishAntenna
[LOG 15:44:18.996] Load MU model: Squad/Parts/Utility/commsDish16/model
[LOG 15:44:18.996] Load MU model: Squad/Parts/Utility/decouplerRadialHDM/model
[LOG 15:44:18.997] Load MU model: Squad/Parts/Utility/decouplerRadialTT-38K/model
[LOG 15:44:18.997] Load MU model: Squad/Parts/Utility/decouplerRadialTT-70/model
[LOG 15:44:18.997] Load MU model: Squad/Parts/Utility/DirectAntennas/HGAntenna
[LOG 15:44:18.998] Load MU model: Squad/Parts/Utility/DirectAntennas/HGAntenna_v2
[LOG 15:44:18.998] Load MU model: Squad/Parts/Utility/DirectAntennas/SurfAntenna
[LOG 15:44:18.998] Load MU model: Squad/Parts/Utility/dockingPort/dockingPort
[LOG 15:44:18.999] Load MU model: Squad/Parts/Utility/dockingPortInline/dockingPortInline
[LOG 15:44:19.000] Load MU model: Squad/Parts/Utility/dockingPortJr/dockingPortJr
[LOG 15:44:19.000] Load MU model: Squad/Parts/Utility/dockingPortShielded/dockingPortShielded
[LOG 15:44:19.001] Load MU model: Squad/Parts/Utility/dockingPortSr/dockingPortSr
[LOG 15:44:19.001] Load MU model: Squad/Parts/Utility/Fireworks/Assets/fireworksLauncherBig
[LOG 15:44:19.001] Load MU model: Squad/Parts/Utility/Fireworks/Assets/fireworksLauncherSmall
[LOG 15:44:19.002] Load MU model: Squad/Parts/Utility/flags/flagFlat/flagFlatMeshes
[LOG 15:44:19.004] Load MU model: Squad/Parts/Utility/flags/flagSize0/flagSize0Meshes
[LOG 15:44:19.005] Load MU model: Squad/Parts/Utility/flags/flagSize1/flagSize1Meshes
[LOG 15:44:19.006] Load MU model: Squad/Parts/Utility/flags/flagSize2/flagSize2Meshes
[LOG 15:44:19.007] Load MU model: Squad/Parts/Utility/flags/flagSize3/flagSize3Meshes
[LOG 15:44:19.008] Load MU model: Squad/Parts/Utility/GrapplingDevice/GrapplingArm
[LOG 15:44:19.010] Load MU model: Squad/Parts/Utility/ladderRadial/model
[LOG 15:44:19.011] Load MU model: Squad/Parts/Utility/ladderTelescopic/model
[LOG 15:44:19.012] Load MU model: Squad/Parts/Utility/ladderTelescopicBay/model
[LOG 15:44:19.013] Load MU model: Squad/Parts/Utility/landingLegLT-1/model
[LOG 15:44:19.013] Load MU model: Squad/Parts/Utility/landingLegLT-2/model
[LOG 15:44:19.014] Load MU model: Squad/Parts/Utility/landingLegLT-5/model
[WRN 15:44:19.015] WheelCollider requires an attached Rigidbody to function.
[WRN 15:44:19.015] WheelCollider requires an attached Rigidbody to function.
[LOG 15:44:19.015] Load MU model: Squad/Parts/Utility/launchClamp1/model
[LOG 15:44:19.015] Load MU model: Squad/Parts/Utility/launchEscapeSystem/LaunchEscapeSystem
[LOG 15:44:19.016] Load MU model: Squad/Parts/Utility/Lights/Assets/light_02
[LOG 15:44:19.016] Load MU model: Squad/Parts/Utility/Lights/Assets/light_03
[LOG 15:44:19.016] Load MU model: Squad/Parts/Utility/Lights/Assets/light_04
[LOG 15:44:19.016] Load MU model: Squad/Parts/Utility/Lights/Assets/light_07
[LOG 15:44:19.017] Load MU model: Squad/Parts/Utility/Lights/Assets/light_08
[LOG 15:44:19.017] Load MU model: Squad/Parts/Utility/Lights/Assets/light_12
[LOG 15:44:19.017] Load MU model: Squad/Parts/Utility/linearVernorRCS/Assets/linearRCS
[LOG 15:44:19.018] Load MU model: Squad/Parts/Utility/linearVernorRCS/Assets/vernorEngine
[LOG 15:44:19.018] Load MU model: Squad/Parts/Utility/mk2CargoBay/BayLarge
[LOG 15:44:19.019] Load MU model: Squad/Parts/Utility/mk2CargoBay/BaySmall
[LOG 15:44:19.019] Load MU model: Squad/Parts/Utility/mk2CrewCabin/model
[LOG 15:44:19.019] Load MU model: Squad/Parts/Utility/mk2DockingPort/mk2Dockingport
[LOG 15:44:19.020] Load MU model: Squad/Parts/Utility/mk3CargoBay/long
[LOG 15:44:19.020] Load MU model: Squad/Parts/Utility/mk3CargoBay/medium
[LOG 15:44:19.022] Load MU model: Squad/Parts/Utility/mk3CargoBay/ramp
[LOG 15:44:19.023] Load MU model: Squad/Parts/Utility/mk3CargoBay/short
[LOG 15:44:19.023] Load MU model: Squad/Parts/Utility/parachuteMk1/model
[LOG 15:44:19.024] Load MU model: Squad/Parts/Utility/parachuteMk12-R/model
[LOG 15:44:19.024] Load MU model: Squad/Parts/Utility/parachuteMk16-XL/model
[LOG 15:44:19.024] Load MU model: Squad/Parts/Utility/parachuteMk2-R/model
[LOG 15:44:19.025] Load MU model: Squad/Parts/Utility/parachuteMk25/model
[LOG 15:44:19.025] Load MU model: Squad/Parts/Utility/radialAttachmentPoint/model
[LOG 15:44:19.025] Load MU model: Squad/Parts/Utility/rcsBlockRV-105_v2/rcsBlock105
[LOG 15:44:19.026] Load MU model: Squad/Parts/Utility/rcsSmallLinear/Assets/RCSLinearSmall
[LOG 15:44:19.026] Load MU model: Squad/Parts/Utility/RelayAntennas/HGAntenna
[LOG 15:44:19.027] Load MU model: Squad/Parts/Utility/RelayAntennas/RA-100
[LOG 15:44:19.029] Load MU model: Squad/Parts/Utility/RelayAntennas/RA-5
[LOG 15:44:19.029] Load MU model: Squad/Parts/Utility/RelayAntennas/RA-50
[LOG 15:44:19.029] Load MU model: Squad/Parts/Utility/rockomaxAdapters/Assets/brandAdapter
[LOG 15:44:19.029] Load MU model: Squad/Parts/Utility/rockomaxAdapters/Assets/brandAdapter02
[LOG 15:44:19.029] Load MU model: Squad/Parts/Utility/ServiceBay_v2/Assets/ServiceBay_125_v2
[LOG 15:44:19.031] Load MU model: Squad/Parts/Utility/ServiceBay_v2/Assets/ServiceBay_250_v2
[LOG 15:44:19.032] Load MU model: Squad/Parts/Utility/smallClaw/smallClaw
[LOG 15:44:19.034] Load MU model: Squad/Parts/Utility/spotLightMk1/model
[LOG 15:44:19.035] Load MU model: Squad/Parts/Utility/spotLightMk1_v2/model
[LOG 15:44:19.035] Load MU model: Squad/Parts/Utility/spotLightMk2/model
[LOG 15:44:19.035] Load MU model: Squad/Parts/Utility/spotLightMk2_v2/model
[LOG 15:44:19.035] Load MU model: Squad/Parts/Utility/stackCouplers/Assets/stackBiCoupler_v2
[LOG 15:44:19.036] Load MU model: Squad/Parts/Utility/stackCouplers/Assets/stackQuadCoupler
[LOG 15:44:19.036] Load MU model: Squad/Parts/Utility/stackCouplers/Assets/stackTriCoupler_v2
[LOG 15:44:19.036] Load MU model: Squad/Parts/Wheel/LandingGear/GearExtraLarge
[WRN 15:44:19.037] WheelCollider requires an attached Rigidbody to function.
[WRN 15:44:19.037] WheelCollider requires an attached Rigidbody to function.
[LOG 15:44:19.038] Load MU model: Squad/Parts/Wheel/LandingGear/GearFixed
[WRN 15:44:19.038] WheelCollider requires an attached Rigidbody to function.
[WRN 15:44:19.038] WheelCollider requires an attached Rigidbody to function.
[LOG 15:44:19.038] Load MU model: Squad/Parts/Wheel/LandingGear/GearFree
[WRN 15:44:19.038] WheelCollider requires an attached Rigidbody to function.
[WRN 15:44:19.038] WheelCollider requires an attached Rigidbody to function.
[LOG 15:44:19.038] Load MU model: Squad/Parts/Wheel/LandingGear/GearLarge
[WRN 15:44:19.038] WheelCollider requires an attached Rigidbody to function.
[WRN 15:44:19.038] WheelCollider requires an attached Rigidbody to function.
[LOG 15:44:19.039] Load MU model: Squad/Parts/Wheel/LandingGear/GearMedium
[WRN 15:44:19.039] WheelCollider requires an attached Rigidbody to function.
[WRN 15:44:19.039] WheelCollider requires an attached Rigidbody to function.
[LOG 15:44:19.039] Load MU model: Squad/Parts/Wheel/LandingGear/GearSmall
[WRN 15:44:19.039] WheelCollider requires an attached Rigidbody to function.
[WRN 15:44:19.039] WheelCollider requires an attached Rigidbody to function.
[LOG 15:44:19.040] Load MU model: Squad/Parts/Wheel/roverWheelM1/model
[WRN 15:44:19.040] WheelCollider requires an attached Rigidbody to function.
[WRN 15:44:19.040] WheelCollider requires an attached Rigidbody to function.
[LOG 15:44:19.040] Load MU model: Squad/Parts/Wheel/roverWheelS2/model
[WRN 15:44:19.040] WheelCollider requires an attached Rigidbody to function.
[WRN 15:44:19.040] WheelCollider requires an attached Rigidbody to function.
[LOG 15:44:19.041] Load MU model: Squad/Parts/Wheel/roverWheelTR-2L/model
[WRN 15:44:19.041] WheelCollider requires an attached Rigidbody to function.
[WRN 15:44:19.041] WheelCollider requires an attached Rigidbody to function.
[LOG 15:44:19.041] Load MU model: Squad/Parts/Wheel/roverWheelXL3/model
[WRN 15:44:19.042] WheelCollider requires an attached Rigidbody to function.
[WRN 15:44:19.042] WheelCollider requires an attached Rigidbody to function.
[LOG 15:44:19.042] Load MU model: Squad/Props/AltimeterThreeHands/model
[LOG 15:44:19.043] Load MU model: Squad/Props/AtmosphereDepth/model
[LOG 15:44:19.043] Load MU model: Squad/Props/AxisIndicator/model
[LOG 15:44:19.043] Load MU model: Squad/Props/buttonsGeneric/circularButton
[LOG 15:44:19.043] Load MU model: Squad/Props/buttonsGeneric/clusterButtons
[LOG 15:44:19.043] Load MU model: Squad/Props/buttonsGeneric/clusterButtons2
[LOG 15:44:19.043] Load MU model: Squad/Props/buttonsGeneric/clusterKnob
[LOG 15:44:19.043] Load MU model: Squad/Props/buttonsGeneric/clusterKnob2
[LOG 15:44:19.043] Load MU model: Squad/Props/buttonsGeneric/clusterMixed
[LOG 15:44:19.043] Load MU model: Squad/Props/buttonsGeneric/clusterSwitches01
[LOG 15:44:19.044] Load MU model: Squad/Props/buttonsGeneric/clusterSwitches02
[LOG 15:44:19.044] Load MU model: Squad/Props/buttonsGeneric/clusterSwitches03
[LOG 15:44:19.044] Load MU model: Squad/Props/buttonsGeneric/clusterSwitches04
[LOG 15:44:19.044] Load MU model: Squad/Props/buttonsGeneric/clusterSwitches05
[LOG 15:44:19.044] Load MU model: Squad/Props/buttonsGeneric/clusterSwitches06
[LOG 15:44:19.046] Load MU model: Squad/Props/buttonsGeneric/clusterSwitches07
[LOG 15:44:19.046] Load MU model: Squad/Props/buttonsGeneric/directionalKnob
[LOG 15:44:19.046] Load MU model: Squad/Props/buttonsGeneric/directionalKnob2
[LOG 15:44:19.046] Load MU model: Squad/Props/buttonsGeneric/pullSwitch
[LOG 15:44:19.046] Load MU model: Squad/Props/buttonsGeneric/squareButton
[LOG 15:44:19.046] Load MU model: Squad/Props/buttonsGeneric/standingSwitch
[LOG 15:44:19.046] Load MU model: Squad/Props/buttonsGeneric/switch
[LOG 15:44:19.046] Load MU model: Squad/Props/buttonsGeneric/switchWithGuards
[LOG 15:44:19.046] Load MU model: Squad/Props/ButtonSquare/model
[LOG 15:44:19.047] Load MU model: Squad/Props/circularButton/model
[LOG 15:44:19.047] Load MU model: Squad/Props/Compass/model
[LOG 15:44:19.047] Load MU model: Squad/Props/directionalKnob/model
[LOG 15:44:19.047] Load MU model: Squad/Props/directionalKnob2/model
[LOG 15:44:19.047] Load MU model: Squad/Props/IndicatorPanel/model
[LOG 15:44:19.047] Load MU model: Squad/Props/IVANavBall/model
[LOG 15:44:19.047] Load MU model: Squad/Props/IVANavBallNoBase/model
[LOG 15:44:19.048] Load MU model: Squad/Props/ledPanelSpeed/model
[LOG 15:44:19.048] Load MU model: Squad/Props/Monitor/MonitorDockingMode
[LOG 15:44:19.048] Load MU model: Squad/Props/NavBall/model
[LOG 15:44:19.048] Load MU model: Squad/Props/PropsGeneric/Button_DockingMode
[LOG 15:44:19.049] Load MU model: Squad/Props/PropsGeneric/CargoBagA
[LOG 15:44:19.050] Load MU model: Squad/Props/PropsGeneric/CargoBagB
[LOG 15:44:19.050] Load MU model: Squad/Props/PropsGeneric/CargoBagC
[LOG 15:44:19.051] Load MU model: Squad/Props/PropsGeneric/Hatch_Plane
[LOG 15:44:19.051] Load MU model: Squad/Props/PropsGeneric/Hatch_Plane_Curve90
[LOG 15:44:19.051] Load MU model: Squad/Props/PropsGeneric/Hatch_Plane_Frame
[LOG 15:44:19.051] Load MU model: Squad/Props/PropsGeneric/Seat_Passenger
[LOG 15:44:19.051] Load MU model: Squad/Props/PropsGeneric/Seat_Pilot
[LOG 15:44:19.051] Load MU model: Squad/Props/PropsGeneric/Seat_Pilot_Helmet
[LOG 15:44:19.051] Load MU model: Squad/Props/PropsGeneric/SideStick
[LOG 15:44:19.051] Load MU model: Squad/Props/pullSwitch/model
[LOG 15:44:19.051] Load MU model: Squad/Props/radarAltitude/model
[LOG 15:44:19.051] Load MU model: Squad/Props/squareButton/model
[LOG 15:44:19.052] Load MU model: Squad/Props/standingSwitch/model
[LOG 15:44:19.052] Load MU model: Squad/Props/switch/model
[LOG 15:44:19.052] Load MU model: Squad/Props/switchGuard/model
[LOG 15:44:19.052] Load MU model: Squad/Props/switchWithGuards/model
[LOG 15:44:19.052] Load MU model: Squad/Props/throttle/model
[LOG 15:44:19.052] Load MU model: Squad/Props/VSI/model
[LOG 15:44:19.052] Load MU model: Squad/Spaces/crewCabinInternals/model
[LOG 15:44:19.053] Load MU model: Squad/Spaces/cupolaInternal/model
[LOG 15:44:19.054] Load MU model: Squad/Spaces/GenericSpace1/model
[LOG 15:44:19.056] Load MU model: Squad/Spaces/GenericSpace3/model
[LOG 15:44:19.057] Load MU model: Squad/Spaces/landerCabinInternals/model
[LOG 15:44:19.058] Load MU model: Squad/Spaces/landerCabinSmallInternal/model
[LOG 15:44:19.059] Load MU model: Squad/Spaces/LargeCrewedLabInternals/Large_Crewed_lab_Int
[LOG 15:44:19.060] Load MU model: Squad/Spaces/Mk1-3/model
[LOG 15:44:19.063] Load MU model: Squad/Spaces/mk1CabinInternal/mk1cabin
[LOG 15:44:19.065] Load MU model: Squad/Spaces/mk1CockpitInternal/Mk1StandardIVA
[LOG 15:44:19.067] Load MU model: Squad/Spaces/mk1InlineInternal/Mk1InlineIVA
[LOG 15:44:19.067] Load MU model: Squad/Spaces/mk1PodCockpit/model
[LOG 15:44:19.068] Load MU model: Squad/Spaces/mk1pod_IVA/mk1pod_IVA
[LOG 15:44:19.069] Load MU model: Squad/Spaces/mk2CockpitStandardInternal/model
[LOG 15:44:19.069] Load MU model: Squad/Spaces/Mk2CrewCabinInternal/MK2_CrewCab_Int
[LOG 15:44:19.071] Load MU model: Squad/Spaces/mk2InlineInternal/mk2InlineIVA
[LOG 15:44:19.072] Load MU model: Squad/Spaces/mk2LanderCanInternal/mk2LanderCanInternal
[LOG 15:44:19.073] Load MU model: Squad/Spaces/MK3CockpitInternal/MK3_Cockpit_Int
[LOG 15:44:19.074] Load MU model: Squad/Spaces/MK3_CrewCab_Int/MK3_CrewCab_Int
[LOG 15:44:19.076] Load MU model: Squad/Spaces/OverlayMasks/CupolaMask
[LOG 15:44:19.077] Load MU model: Squad/Spaces/OverlayMasks/HitchhikerBorder
[LOG 15:44:19.077] Load MU model: Squad/Spaces/OverlayMasks/HitchhikerMask
[LOG 15:44:19.077] Load MU model: Squad/Spaces/OverlayMasks/LargeLabBorder
[LOG 15:44:19.077] Load MU model: Squad/Spaces/OverlayMasks/LargeLabMask
[LOG 15:44:19.077] Load MU model: Squad/Spaces/OverlayMasks/Mk1CabinBorder
[LOG 15:44:19.077] Load MU model: Squad/Spaces/OverlayMasks/Mk1CabinMask
[LOG 15:44:19.077] Load MU model: Squad/Spaces/OverlayMasks/Mk1InlineMask
[LOG 15:44:19.077] Load MU model: Squad/Spaces/OverlayMasks/Mk1InlineMask2
[LOG 15:44:19.078] Load MU model: Squad/Spaces/OverlayMasks/Mk1StandardBorder2
[LOG 15:44:19.078] Load MU model: Squad/Spaces/OverlayMasks/Mk1StandardBorder3
[LOG 15:44:19.078] Load MU model: Squad/Spaces/OverlayMasks/Mk1StandardMask
[LOG 15:44:19.078] Load MU model: Squad/Spaces/OverlayMasks/Mk1StandardMask2
[LOG 15:44:19.078] Load MU model: Squad/Spaces/OverlayMasks/Mk1StandardMask3
[LOG 15:44:19.078] Load MU model: Squad/Spaces/OverlayMasks/Mk2CabinBorder
[LOG 15:44:19.078] Load MU model: Squad/Spaces/OverlayMasks/Mk2CabinMask
[LOG 15:44:19.078] Load MU model: Squad/Spaces/OverlayMasks/Mk2InlineBorder
[LOG 15:44:19.078] Load MU model: Squad/Spaces/OverlayMasks/Mk2InlineMask
[LOG 15:44:19.078] Load MU model: Squad/Spaces/OverlayMasks/Mk2StandardBorder
[LOG 15:44:19.078] Load MU model: Squad/Spaces/OverlayMasks/Mk2StandardMask
[LOG 15:44:19.078] Load MU model: Squad/Spaces/OverlayMasks/Mk3CabinBorder
[LOG 15:44:19.079] Load MU model: Squad/Spaces/OverlayMasks/Mk3CabinMask
[LOG 15:44:19.079] Load MU model: Squad/Spaces/OverlayMasks/Mk3CabinMask2
[LOG 15:44:19.079] Load MU model: Squad/Spaces/OverlayMasks/Mk3ShuttleBorder
[LOG 15:44:19.079] Load MU model: Squad/Spaces/OverlayMasks/Mk3ShuttleMask
[LOG 15:44:19.079] Load MU model: Squad/Spaces/OverlayMasks/Size1LanderBorder
[LOG 15:44:19.079] Load MU model: Squad/Spaces/OverlayMasks/Size1LanderMask
[LOG 15:44:19.079] Load MU model: Squad/Spaces/OverlayMasks/Size1PodBorder
[LOG 15:44:19.079] Load MU model: Squad/Spaces/OverlayMasks/Size1PodMask
[LOG 15:44:19.079] Load MU model: Squad/Spaces/OverlayMasks/Size2LanderBorder
[LOG 15:44:19.079] Load MU model: Squad/Spaces/OverlayMasks/Size2LanderMask
[LOG 15:44:19.079] Load MU model: Squad/Spaces/OverlayMasks/Size2PodBorder
[LOG 15:44:19.079] Load MU model: Squad/Spaces/OverlayMasks/Size2PodMask
[LOG 15:44:19.080] Load MU model: Squad/Spaces/Placeholder/PlaceholderIVA
[LOG 15:44:19.080] Load MU model: Squad/Spaces/PodCockpit/model
[LOG 15:44:19.082] Load MU model: SquadExpansion/MakingHistory/Parts/Aero/protectiveRocketNoseMk5A/Size_1_5_Cone
[LOG 15:44:19.082] Load MU model: SquadExpansion/MakingHistory/Parts/Coupling/Assets/EnginePlate
[LOG 15:44:19.083] Load MU model: SquadExpansion/MakingHistory/Parts/Coupling/Assets/InflatableAirlock
[LOG 15:44:19.083] Load MU model: SquadExpansion/MakingHistory/Parts/Coupling/Assets/Size1_5_Decoupler
[LOG 15:44:19.083] Load MU model: SquadExpansion/MakingHistory/Parts/Engine/Assets/KE-1
[LOG 15:44:19.086] Load MU model: SquadExpansion/MakingHistory/Parts/Engine/Assets/LV-T87
[LOG 15:44:19.087] Load MU model: SquadExpansion/MakingHistory/Parts/Engine/Assets/LV-T91
[LOG 15:44:19.088] Load MU model: SquadExpansion/MakingHistory/Parts/Engine/Assets/RE-I2
[LOG 15:44:19.089] Load MU model: SquadExpansion/MakingHistory/Parts/Engine/Assets/RE-J10
[LOG 15:44:19.089] Load MU model: SquadExpansion/MakingHistory/Parts/Engine/Assets/RK-7
[LOG 15:44:19.090] Load MU model: SquadExpansion/MakingHistory/Parts/Engine/Assets/RV-1
[LOG 15:44:19.091] Load MU model: SquadExpansion/MakingHistory/Parts/Engine/solidBoosterTHK/solidBoosterTHK
[LOG 15:44:19.091] Load MU model: SquadExpansion/MakingHistory/Parts/FuelTank/Assets/MiniMonoTank
[LOG 15:44:19.091] Load MU model: SquadExpansion/MakingHistory/Parts/FuelTank/Assets/Size1_5_Size0_Adapter_01
[LOG 15:44:19.091] Load MU model: SquadExpansion/MakingHistory/Parts/FuelTank/Assets/Size1_5_Size1_Adapter_01
[LOG 15:44:19.092] Load MU model: SquadExpansion/MakingHistory/Parts/FuelTank/Assets/Size1_5_Size1_Adapter_02
[LOG 15:44:19.092] Load MU model: SquadExpansion/MakingHistory/Parts/FuelTank/Assets/Size1_5_Size2_Adapter_01
[LOG 15:44:19.092] Load MU model: SquadExpansion/MakingHistory/Parts/FuelTank/Assets/Size1_5_Tank_01
[LOG 15:44:19.092] Load MU model: SquadExpansion/MakingHistory/Parts/FuelTank/Assets/Size1_5_Tank_02
[LOG 15:44:19.092] Load MU model: SquadExpansion/MakingHistory/Parts/FuelTank/Assets/Size1_5_Tank_03
[LOG 15:44:19.092] Load MU model: SquadExpansion/MakingHistory/Parts/FuelTank/Assets/Size1_5_Tank_04
[LOG 15:44:19.093] Load MU model: SquadExpansion/MakingHistory/Parts/FuelTank/Assets/Size1_5_Tank_05
[LOG 15:44:19.093] Load MU model: SquadExpansion/MakingHistory/Parts/FuelTank/Assets/Size3_Size4_Adapter_01
[LOG 15:44:19.093] Load MU model: SquadExpansion/MakingHistory/Parts/FuelTank/Assets/Size4_EngineAdapter_01
[LOG 15:44:19.094] Load MU model: SquadExpansion/MakingHistory/Parts/FuelTank/Assets/Size4_Tank_01
[LOG 15:44:19.094] Load MU model: SquadExpansion/MakingHistory/Parts/FuelTank/Assets/Size4_Tank_02
[LOG 15:44:19.094] Load MU model: SquadExpansion/MakingHistory/Parts/FuelTank/Assets/Size4_Tank_03
[LOG 15:44:19.094] Load MU model: SquadExpansion/MakingHistory/Parts/FuelTank/Assets/Size4_Tank_04
[LOG 15:44:19.096] Load MU model: SquadExpansion/MakingHistory/Parts/FuelTank/Assets/Size_1p5_Monoprop
[LOG 15:44:19.097] Load MU model: SquadExpansion/MakingHistory/Parts/Ground/Assets/RoverWheel
[WRN 15:44:19.098] WheelCollider requires an attached Rigidbody to function.
[WRN 15:44:19.098] WheelCollider requires an attached Rigidbody to function.
[LOG 15:44:19.098] Load MU model: SquadExpansion/MakingHistory/Parts/Payload/Assets/ServiceModule18
[LOG 15:44:19.099] Load MU model: SquadExpansion/MakingHistory/Parts/Payload/Assets/ServiceModule25
[LOG 15:44:19.100] Load MU model: SquadExpansion/MakingHistory/Parts/Payload/Assets/Size1to0ServiceModule
[LOG 15:44:19.100] Load MU model: SquadExpansion/MakingHistory/Parts/Pods/Assets/Mk2Pod
[LOG 15:44:19.100] Load MU model: SquadExpansion/MakingHistory/Parts/Pods/Assets/RoundPod
[LOG 15:44:19.100] Load MU model: SquadExpansion/MakingHistory/Parts/Pods/Assets/Size1_5_Lander
[LOG 15:44:19.101] Load MU model: SquadExpansion/MakingHistory/Parts/SharedAssets/Shroud1p5x0
[LOG 15:44:19.101] Load MU model: SquadExpansion/MakingHistory/Parts/SharedAssets/Shroud1p5x1
[LOG 15:44:19.101] Load MU model: SquadExpansion/MakingHistory/Parts/SharedAssets/Shroud1p5x2
[LOG 15:44:19.101] Load MU model: SquadExpansion/MakingHistory/Parts/SharedAssets/Shroud1p5x3
[LOG 15:44:19.101] Load MU model: SquadExpansion/MakingHistory/Parts/SharedAssets/Shroud1p5x4
[LOG 15:44:19.101] Load MU model: SquadExpansion/MakingHistory/Parts/SharedAssets/Shroud1x0
[LOG 15:44:19.101] Load MU model: SquadExpansion/MakingHistory/Parts/SharedAssets/Shroud1x1
[LOG 15:44:19.101] Load MU model: SquadExpansion/MakingHistory/Parts/SharedAssets/Shroud1x2
[LOG 15:44:19.102] Load MU model: SquadExpansion/MakingHistory/Parts/SharedAssets/Shroud1x3
[LOG 15:44:19.102] Load MU model: SquadExpansion/MakingHistory/Parts/SharedAssets/Shroud1x4
[LOG 15:44:19.102] Load MU model: SquadExpansion/MakingHistory/Parts/SharedAssets/Shroud2x0
[LOG 15:44:19.102] Load MU model: SquadExpansion/MakingHistory/Parts/SharedAssets/Shroud2x1
[LOG 15:44:19.102] Load MU model: SquadExpansion/MakingHistory/Parts/SharedAssets/Shroud2x2
[LOG 15:44:19.102] Load MU model: SquadExpansion/MakingHistory/Parts/SharedAssets/Shroud2x3
[LOG 15:44:19.102] Load MU model: SquadExpansion/MakingHistory/Parts/SharedAssets/Shroud2x4
[LOG 15:44:19.102] Load MU model: SquadExpansion/MakingHistory/Parts/SharedAssets/Shroud3x0
[LOG 15:44:19.102] Load MU model: SquadExpansion/MakingHistory/Parts/SharedAssets/Shroud3x1
[LOG 15:44:19.102] Load MU model: SquadExpansion/MakingHistory/Parts/SharedAssets/Shroud3x2
[LOG 15:44:19.102] Load MU model: SquadExpansion/MakingHistory/Parts/SharedAssets/Shroud3x3
[LOG 15:44:19.103] Load MU model: SquadExpansion/MakingHistory/Parts/SharedAssets/Shroud3x4
[LOG 15:44:19.103] Load MU model: SquadExpansion/MakingHistory/Parts/SharedAssets/Shroud4x0
[LOG 15:44:19.103] Load MU model: SquadExpansion/MakingHistory/Parts/SharedAssets/Shroud4x1
[LOG 15:44:19.103] Load MU model: SquadExpansion/MakingHistory/Parts/SharedAssets/Shroud4x2
[LOG 15:44:19.103] Load MU model: SquadExpansion/MakingHistory/Parts/SharedAssets/Shroud4x3
[LOG 15:44:19.103] Load MU model: SquadExpansion/MakingHistory/Parts/SharedAssets/Shroud4x4
[LOG 15:44:19.103] Load MU model: SquadExpansion/MakingHistory/Parts/SharedAssets/ShroudCollider0
[LOG 15:44:19.103] Load MU model: SquadExpansion/MakingHistory/Parts/SharedAssets/ShroudCollider1
[LOG 15:44:19.103] Load MU model: SquadExpansion/MakingHistory/Parts/SharedAssets/ShroudCollider1p5
[LOG 15:44:19.104] Load MU model: SquadExpansion/MakingHistory/Parts/SharedAssets/ShroudCollider2
[LOG 15:44:19.104] Load MU model: SquadExpansion/MakingHistory/Parts/SharedAssets/ShroudCollider3
[LOG 15:44:19.104] Load MU model: SquadExpansion/MakingHistory/Parts/SharedAssets/ShroudCollider4
[LOG 15:44:19.104] Load MU model: SquadExpansion/MakingHistory/Parts/Structural/Assets/EquiTriangle0
[LOG 15:44:19.104] Load MU model: SquadExpansion/MakingHistory/Parts/Structural/Assets/EquiTriangle1
[LOG 15:44:19.104] Load MU model: SquadExpansion/MakingHistory/Parts/Structural/Assets/EquiTriangle1p5
[LOG 15:44:19.104] Load MU model: SquadExpansion/MakingHistory/Parts/Structural/Assets/EquiTriangle2
[LOG 15:44:19.104] Load MU model: SquadExpansion/MakingHistory/Parts/Structural/Assets/Panel0
[LOG 15:44:19.104] Load MU model: SquadExpansion/MakingHistory/Parts/Structural/Assets/Panel1
[LOG 15:44:19.104] Load MU model: SquadExpansion/MakingHistory/Parts/Structural/Assets/Panel1p5
[LOG 15:44:19.104] Load MU model: SquadExpansion/MakingHistory/Parts/Structural/Assets/Panel2
[LOG 15:44:19.104] Load MU model: SquadExpansion/MakingHistory/Parts/Structural/Assets/Triangle0
[LOG 15:44:19.106] Load MU model: SquadExpansion/MakingHistory/Parts/Structural/Assets/Triangle1
[LOG 15:44:19.106] Load MU model: SquadExpansion/MakingHistory/Parts/Structural/Assets/Triangle1p5
[LOG 15:44:19.106] Load MU model: SquadExpansion/MakingHistory/Parts/Structural/Assets/Triangle2
[LOG 15:44:19.106] Load MU model: SquadExpansion/MakingHistory/Parts/Utility/flags/flagSize1p5/flagSize1p5Meshes
[LOG 15:44:19.107] Load MU model: SquadExpansion/MakingHistory/Parts/Utility/flags/flagSize4/flagSize4Meshes
[LOG 15:44:19.108] Load MU model: SquadExpansion/MakingHistory/Spaces/KVPods/Airlock_IVA
[LOG 15:44:19.108] Load MU model: SquadExpansion/MakingHistory/Spaces/KVPods/KV1_IVA
[LOG 15:44:19.109] Load MU model: SquadExpansion/MakingHistory/Spaces/KVPods/KV2_IVA
[LOG 15:44:19.111] Load MU model: SquadExpansion/MakingHistory/Spaces/KVPods/KV3_IVA
[LOG 15:44:19.113] Load MU model: SquadExpansion/MakingHistory/Spaces/MEM/MEM_IVA
[LOG 15:44:19.114] Load MU model: SquadExpansion/MakingHistory/Spaces/Mk2Pod/MK2POD_IVA
[LOG 15:44:19.114] Load MU model: SquadExpansion/Serenity/Parts/Aero/Assets/FanShroud_01
[LOG 15:44:19.114] Load MU model: SquadExpansion/Serenity/Parts/Aero/Assets/FanShroud_02
[LOG 15:44:19.116] Load MU model: SquadExpansion/Serenity/Parts/Aero/Assets/FanShroud_03
[LOG 15:44:19.116] Load MU model: SquadExpansion/Serenity/Parts/Aero/Assets/noseconeTiny
[LOG 15:44:19.116] Load MU model: SquadExpansion/Serenity/Parts/Aero/Assets/noseconeVS
[LOG 15:44:19.116] Load MU model: SquadExpansion/Serenity/Parts/DeployedScience/Assets/CentralStation
[LOG 15:44:19.118] Load MU model: SquadExpansion/Serenity/Parts/DeployedScience/Assets/GoExOb
[LOG 15:44:19.120] Load MU model: SquadExpansion/Serenity/Parts/DeployedScience/Assets/IonExperiment
[LOG 15:44:19.120] Load MU model: SquadExpansion/Serenity/Parts/DeployedScience/Assets/RTGCask
[LOG 15:44:19.121] Load MU model: SquadExpansion/Serenity/Parts/DeployedScience/Assets/satDish
[LOG 15:44:19.123] Load MU model: SquadExpansion/Serenity/Parts/DeployedScience/Assets/seismicSensor
[LOG 15:44:19.126] Load MU model: SquadExpansion/Serenity/Parts/DeployedScience/Assets/solarPanel
[LOG 15:44:19.127] Load MU model: SquadExpansion/Serenity/Parts/DeployedScience/Assets/WeatherStation
[LOG 15:44:19.130] Load MU model: SquadExpansion/Serenity/Parts/Propellers/Assets/largeFanBlade
[LOG 15:44:19.131] Load MU model: SquadExpansion/Serenity/Parts/Propellers/Assets/largeHeliBlade
[LOG 15:44:19.131] Load MU model: SquadExpansion/Serenity/Parts/Propellers/Assets/largePropeller
[LOG 15:44:19.131] Load MU model: SquadExpansion/Serenity/Parts/Propellers/Assets/mediumFanBlade
[LOG 15:44:19.131] Load MU model: SquadExpansion/Serenity/Parts/Propellers/Assets/mediumHeliBlade
[LOG 15:44:19.131] Load MU model: SquadExpansion/Serenity/Parts/Propellers/Assets/mediumPropeller
[LOG 15:44:19.131] Load MU model: SquadExpansion/Serenity/Parts/Propellers/Assets/smallFanBlade
[LOG 15:44:19.132] Load MU model: SquadExpansion/Serenity/Parts/Propellers/Assets/smallHeliBlade
[LOG 15:44:19.132] Load MU model: SquadExpansion/Serenity/Parts/Propellers/Assets/smallPropeller
[LOG 15:44:19.132] Load MU model: SquadExpansion/Serenity/Parts/Robotics/Assets/hinge_01
[LOG 15:44:19.132] Load MU model: SquadExpansion/Serenity/Parts/Robotics/Assets/hinge_01_s
[LOG 15:44:19.133] Load MU model: SquadExpansion/Serenity/Parts/Robotics/Assets/hinge_03
[LOG 15:44:19.133] Load MU model: SquadExpansion/Serenity/Parts/Robotics/Assets/hinge_03_s
[LOG 15:44:19.133] Load MU model: SquadExpansion/Serenity/Parts/Robotics/Assets/hinge_04
[LOG 15:44:19.134] Load MU model: SquadExpansion/Serenity/Parts/Robotics/Assets/piston_01
[LOG 15:44:19.134] Load MU model: SquadExpansion/Serenity/Parts/Robotics/Assets/piston_02
[LOG 15:44:19.134] Load MU model: SquadExpansion/Serenity/Parts/Robotics/Assets/piston_03
[LOG 15:44:19.134] Load MU model: SquadExpansion/Serenity/Parts/Robotics/Assets/piston_04
[LOG 15:44:19.134] Load MU model: SquadExpansion/Serenity/Parts/Robotics/Assets/RotorEngine_02
[LOG 15:44:19.136] Load MU model: SquadExpansion/Serenity/Parts/Robotics/Assets/RotorEngine_03
[LOG 15:44:19.136] Load MU model: SquadExpansion/Serenity/Parts/Robotics/Assets/rotor_01
[LOG 15:44:19.137] Load MU model: SquadExpansion/Serenity/Parts/Robotics/Assets/rotor_01s
[LOG 15:44:19.137] Load MU model: SquadExpansion/Serenity/Parts/Robotics/Assets/rotor_02
[LOG 15:44:19.138] Load MU model: SquadExpansion/Serenity/Parts/Robotics/Assets/rotor_02s
[LOG 15:44:19.138] Load MU model: SquadExpansion/Serenity/Parts/Robotics/Assets/rotor_03
[LOG 15:44:19.139] Load MU model: SquadExpansion/Serenity/Parts/Robotics/Assets/rotor_03s
[LOG 15:44:19.139] Load MU model: SquadExpansion/Serenity/Parts/Robotics/Assets/RotoServo_00
[LOG 15:44:19.139] Load MU model: SquadExpansion/Serenity/Parts/Robotics/Assets/RotoServo_02
[LOG 15:44:19.140] Load MU model: SquadExpansion/Serenity/Parts/Robotics/Assets/RotoServo_03
[LOG 15:44:19.140] Load MU model: SquadExpansion/Serenity/Parts/Robotics/Assets/RotoServo_04
[LOG 15:44:19.140] Load MU model: SquadExpansion/Serenity/Parts/Robotics/Controllers/controller1000
[LOG 15:44:19.140] Load MU model: SquadExpansion/Serenity/Parts/Science/RobotArmScanner/Assets/ROCArm_01
[LOG 15:44:19.141] Load MU model: SquadExpansion/Serenity/Parts/Science/RobotArmScanner/Assets/ROCArm_02
[LOG 15:44:19.142] Load MU model: SquadExpansion/Serenity/Parts/Science/RobotArmScanner/Assets/ROCArm_03
[LOG 15:44:19.145] Load MU model: SquadExpansion/Serenity/Parts/Structural/gripPads/Assets/lGripPad
[LOG 15:44:19.145] Load MU model: SquadExpansion/Serenity/Parts/Structural/gripPads/Assets/lGripStrip
[LOG 15:44:19.145] Load MU model: SquadExpansion/Serenity/Parts/Structural/gripPads/Assets/mGripPad
[LOG 15:44:19.145] Load MU model: SquadExpansion/Serenity/Parts/Structural/gripPads/Assets/sGripPad
[LOG 15:44:19.146] Load MU model: SquadExpansion/Serenity/Parts/Structural/gripPads/Assets/sGripStrip
[LOG 15:44:19.146] Loading Asset Bundle Definitions
[LOG 15:44:19.146] AssetLoader: Loading bundle definitions
[LOG 15:44:19.256] AssetLoader: Loaded bundle 'squadcore'
[LOG 15:44:19.257] AssetLoader: Loaded bundle 'squadcorefx'
[LOG 15:44:19.257] AssetLoader: Loaded mod bundle 'kspedia'
[LOG 15:44:19.257] AssetLoader: Loaded mod bundle 'kspedia_actionsets'
[LOG 15:44:19.257] AssetLoader: Loaded mod bundle 'kspedia_aircraft'
[LOG 15:44:19.257] AssetLoader: Loaded mod bundle 'kspedia_aircraftbasics'
[LOG 15:44:19.257] AssetLoader: Loaded mod bundle 'kspedia_aircraftbasicsbalance'
[LOG 15:44:19.259] AssetLoader: Loaded mod bundle 'kspedia_aircraftbasicsbalance2'
[LOG 15:44:19.259] AssetLoader: Loaded mod bundle 'kspedia_aircraftbasicscol'
[LOG 15:44:19.259] AssetLoader: Loaded mod bundle 'kspedia_aircraftbasicscontrol'
[LOG 15:44:19.259] AssetLoader: Loaded mod bundle 'kspedia_aircraftbasicscontrolsurfaces'
[LOG 15:44:19.260] AssetLoader: Loaded mod bundle 'kspedia_aircraftbasicsdrag'
[LOG 15:44:19.260] AssetLoader: Loaded mod bundle 'kspedia_aircraftbasicsengines'
[LOG 15:44:19.260] AssetLoader: Loaded mod bundle 'kspedia_aircraftbasicsforces'
[LOG 15:44:19.260] AssetLoader: Loaded mod bundle 'kspedia_aircraftbasicsintakes'
[LOG 15:44:19.260] AssetLoader: Loaded mod bundle 'kspedia_aircraftbasicslandinggear'
[LOG 15:44:19.261] AssetLoader: Loaded mod bundle 'kspedia_aircraftbasicslift'
[LOG 15:44:19.261] AssetLoader: Loaded mod bundle 'kspedia_axisgroups'
[LOG 15:44:19.261] AssetLoader: Loaded mod bundle 'kspedia_career'
[LOG 15:44:19.261] AssetLoader: Loaded mod bundle 'kspedia_careerbasicscontracts'
[LOG 15:44:19.261] AssetLoader: Loaded mod bundle 'kspedia_careerbasicscrew'
[LOG 15:44:19.262] AssetLoader: Loaded mod bundle 'kspedia_careerbasicscurrencies'
[LOG 15:44:19.262] AssetLoader: Loaded mod bundle 'kspedia_careerbasicsexperience'
[LOG 15:44:19.262] AssetLoader: Loaded mod bundle 'kspedia_careerbasicsfacilities'
[LOG 15:44:19.262] AssetLoader: Loaded mod bundle 'kspedia_careerbasicsstrategies'
[LOG 15:44:19.263] AssetLoader: Loaded mod bundle 'kspedia_careerbasicstechnology'
[LOG 15:44:19.263] AssetLoader: Loaded mod bundle 'kspedia_careerui-ac'
[LOG 15:44:19.263] AssetLoader: Loaded mod bundle 'kspedia_careerui-admin'
[LOG 15:44:19.263] AssetLoader: Loaded mod bundle 'kspedia_careerui-ksc'
[LOG 15:44:19.263] AssetLoader: Loaded mod bundle 'kspedia_careerui-mc'
[LOG 15:44:19.264] AssetLoader: Loaded mod bundle 'kspedia_careerui-sciencearchives'
[LOG 15:44:19.264] AssetLoader: Loaded mod bundle 'kspedia_careerui-techtree'
[LOG 15:44:19.264] AssetLoader: Loaded mod bundle 'kspedia_careerui-ts'
[LOG 15:44:19.264] AssetLoader: Loaded mod bundle 'kspedia_careerui'
[LOG 15:44:19.265] AssetLoader: Loaded mod bundle 'kspedia_cargoapp'
[LOG 15:44:19.265] AssetLoader: Loaded mod bundle 'kspedia_cargomode'
[LOG 15:44:19.265] AssetLoader: Loaded mod bundle 'kspedia_cargosystem-placeableparts'
[LOG 15:44:19.265] AssetLoader: Loaded mod bundle 'kspedia_cargosystem'
[LOG 15:44:19.266] AssetLoader: Loaded mod bundle 'kspedia_chute'
[LOG 15:44:19.266] AssetLoader: Loaded mod bundle 'kspedia_commnet'
[LOG 15:44:19.267] AssetLoader: Loaded mod bundle 'kspedia_commnetbasics'
[LOG 15:44:19.267] AssetLoader: Loaded mod bundle 'kspedia_commnetbuildingeffectivenetworks'
[LOG 15:44:19.267] AssetLoader: Loaded mod bundle 'kspedia_commnetcalculatingrange'
[LOG 15:44:19.267] AssetLoader: Loaded mod bundle 'kspedia_commnetcontrollevels'
[LOG 15:44:19.267] AssetLoader: Loaded mod bundle 'kspedia_commnetcontrollinks'
[LOG 15:44:19.268] AssetLoader: Loaded mod bundle 'kspedia_commnetcontrolpoints'
[LOG 15:44:19.268] AssetLoader: Loaded mod bundle 'kspedia_commnetgui'
[LOG 15:44:19.268] AssetLoader: Loaded mod bundle 'kspedia_commnetgui01'
[LOG 15:44:19.268] AssetLoader: Loaded mod bundle 'kspedia_commnetgui02'
[LOG 15:44:19.268] AssetLoader: Loaded mod bundle 'kspedia_commnetrange'
[LOG 15:44:19.269] AssetLoader: Loaded mod bundle 'kspedia_commnetrelays'
[LOG 15:44:19.269] AssetLoader: Loaded mod bundle 'kspedia_commnetsciencetransmission'
[LOG 15:44:19.269] AssetLoader: Loaded mod bundle 'kspedia_commnetsignalstrength'
[LOG 15:44:19.269] AssetLoader: Loaded mod bundle 'kspedia_commnettransmission'
[LOG 15:44:19.269] AssetLoader: Loaded mod bundle 'kspedia_constructionui-actiongroups'
[LOG 15:44:19.270] AssetLoader: Loaded mod bundle 'kspedia_constructionui-applauncher'
[LOG 15:44:19.270] AssetLoader: Loaded mod bundle 'kspedia_constructionui-crew'
[LOG 15:44:19.270] AssetLoader: Loaded mod bundle 'kspedia_constructionui-engineersreport'
[LOG 15:44:19.270] AssetLoader: Loaded mod bundle 'kspedia_constructionui-gizmos'
[LOG 15:44:19.271] AssetLoader: Loaded mod bundle 'kspedia_constructionui-infos'
[LOG 15:44:19.271] AssetLoader: Loaded mod bundle 'kspedia_constructionui-partdetails'
[LOG 15:44:19.271] AssetLoader: Loaded mod bundle 'kspedia_constructionui-parts'
[LOG 15:44:19.271] AssetLoader: Loaded mod bundle 'kspedia_constructionui-symmetry'
[LOG 15:44:19.271] AssetLoader: Loaded mod bundle 'kspedia_constructionui-vesseldetails'
[LOG 15:44:19.272] AssetLoader: Loaded mod bundle 'kspedia_constructionui'
[LOG 15:44:19.272] AssetLoader: Loaded mod bundle 'kspedia_controls-dockingmode'
[LOG 15:44:19.272] AssetLoader: Loaded mod bundle 'kspedia_controls-editor'
[LOG 15:44:19.272] AssetLoader: Loaded mod bundle 'kspedia_controls-editorgizmos'
[LOG 15:44:19.273] AssetLoader: Loaded mod bundle 'kspedia_controls-eva'
[LOG 15:44:19.273] AssetLoader: Loaded mod bundle 'kspedia_controls-flight'
[LOG 15:44:19.273] AssetLoader: Loaded mod bundle 'kspedia_controls-flightactivities'
[LOG 15:44:19.273] AssetLoader: Loaded mod bundle 'kspedia_controls-flightdirections'
[LOG 15:44:19.277] AssetLoader: Loaded mod bundle 'kspedia_controls-general'
[LOG 15:44:19.277] AssetLoader: Loaded mod bundle 'kspedia_controls-mapandtime'
[LOG 15:44:19.277] AssetLoader: Loaded mod bundle 'kspedia_controls-mouseconstruction'
[LOG 15:44:19.277] AssetLoader: Loaded mod bundle 'kspedia_controls-mouseflight'
[LOG 15:44:19.278] AssetLoader: Loaded mod bundle 'kspedia_controls-rcs'
[LOG 15:44:19.278] AssetLoader: Loaded mod bundle 'kspedia_controls'
[LOG 15:44:19.278] AssetLoader: Loaded mod bundle 'kspedia_eastereggs'
[LOG 15:44:19.278] AssetLoader: Loaded mod bundle 'kspedia_evaconstructionmode'
[LOG 15:44:19.279] AssetLoader: Loaded mod bundle 'kspedia_facilities-ac'
[LOG 15:44:19.279] AssetLoader: Loaded mod bundle 'kspedia_facilities-admin'
[LOG 15:44:19.279] AssetLoader: Loaded mod bundle 'kspedia_facilities-context'
[LOG 15:44:19.279] AssetLoader: Loaded mod bundle 'kspedia_facilities-ksc'
[LOG 15:44:19.279] AssetLoader: Loaded mod bundle 'kspedia_facilities-launchpad'
[LOG 15:44:19.280] AssetLoader: Loaded mod bundle 'kspedia_facilities-mc'
[LOG 15:44:19.280] AssetLoader: Loaded mod bundle 'kspedia_facilities-randd'
[LOG 15:44:19.280] AssetLoader: Loaded mod bundle 'kspedia_facilities-runway'
[LOG 15:44:19.280] AssetLoader: Loaded mod bundle 'kspedia_facilities-sph'
[LOG 15:44:19.280] AssetLoader: Loaded mod bundle 'kspedia_facilities-ts'
[LOG 15:44:19.281] AssetLoader: Loaded mod bundle 'kspedia_facilities-vab'
[LOG 15:44:19.281] AssetLoader: Loaded mod bundle 'kspedia_flightui-altimeter'
[LOG 15:44:19.281] AssetLoader: Loaded mod bundle 'kspedia_flightui-applauncher'
[LOG 15:44:19.281] AssetLoader: Loaded mod bundle 'kspedia_flightui-evaactivities'
[LOG 15:44:19.281] AssetLoader: Loaded mod bundle 'kspedia_flightui-maneuvermodeeditor'
[LOG 15:44:19.282] AssetLoader: Loaded mod bundle 'kspedia_flightui-maneuvermodeeditorcont'
[LOG 15:44:19.282] AssetLoader: Loaded mod bundle 'kspedia_flightui-maneuvermodeorbit'
[LOG 15:44:19.282] AssetLoader: Loaded mod bundle 'kspedia_flightui-maneuvertoolinfo'
[LOG 15:44:19.282] AssetLoader: Loaded mod bundle 'kspedia_flightui-maneuvertoolmain'
[LOG 15:44:19.283] AssetLoader: Loaded mod bundle 'kspedia_flightui-modecontrol'
[LOG 15:44:19.283] AssetLoader: Loaded mod bundle 'kspedia_flightui-navball'
[LOG 15:44:19.283] AssetLoader: Loaded mod bundle 'kspedia_flightui-partrepairs'
[LOG 15:44:19.283] AssetLoader: Loaded mod bundle 'kspedia_flightui-portraits'
[LOG 15:44:19.283] AssetLoader: Loaded mod bundle 'kspedia_flightui-staging'
[LOG 15:44:19.284] AssetLoader: Loaded mod bundle 'kspedia_flightui-timeandaction'
[LOG 15:44:19.284] AssetLoader: Loaded mod bundle 'kspedia_flightui'
[LOG 15:44:19.284] AssetLoader: Loaded mod bundle 'kspedia_heat'
[LOG 15:44:19.284] AssetLoader: Loaded mod bundle 'kspedia_heatactiveradiators'
[LOG 15:44:19.285] AssetLoader: Loaded mod bundle 'kspedia_heatengines'
[LOG 15:44:19.285] AssetLoader: Loaded mod bundle 'kspedia_heatflow'
[LOG 15:44:19.285] AssetLoader: Loaded mod bundle 'kspedia_heatpart'
[LOG 15:44:19.285] AssetLoader: Loaded mod bundle 'kspedia_heatpassiveradiators'
[LOG 15:44:19.286] AssetLoader: Loaded mod bundle 'kspedia_heatshields'
[LOG 15:44:19.286] AssetLoader: Loaded mod bundle 'kspedia_kerbnet'
[LOG 15:44:19.286] AssetLoader: Loaded mod bundle 'kspedia_kerbnetinterface'
[LOG 15:44:19.287] AssetLoader: Loaded mod bundle 'kspedia_kerbnetmodes'
[LOG 15:44:19.287] AssetLoader: Loaded mod bundle 'kspedia_kerbnetwaypoints'
[LOG 15:44:19.287] AssetLoader: Loaded mod bundle 'kspedia_locations'
[LOG 15:44:19.287] AssetLoader: Loaded mod bundle 'kspedia_manual'
[LOG 15:44:19.287] AssetLoader: Loaded mod bundle 'kspedia_mapui-alarmclockcreation'
[LOG 15:44:19.288] AssetLoader: Loaded mod bundle 'kspedia_mapui-alarmclockmain'
[LOG 15:44:19.288] AssetLoader: Loaded mod bundle 'kspedia_mapui-burnindicator'
[LOG 15:44:19.288] AssetLoader: Loaded mod bundle 'kspedia_mapui-dvtoolsflight'
[LOG 15:44:19.288] AssetLoader: Loaded mod bundle 'kspedia_mapui-dvtoolsvab'
[LOG 15:44:19.288] AssetLoader: Loaded mod bundle 'kspedia_mapui-mannodes'
[LOG 15:44:19.289] AssetLoader: Loaded mod bundle 'kspedia_mapui-orbitnodes'
[LOG 15:44:19.289] AssetLoader: Loaded mod bundle 'kspedia_mapui-orbitnodes2'
[LOG 15:44:19.289] AssetLoader: Loaded mod bundle 'kspedia_mapui'
[LOG 15:44:19.289] AssetLoader: Loaded mod bundle 'kspedia_orbitalbasics-atmosphere'
[LOG 15:44:19.290] AssetLoader: Loaded mod bundle 'kspedia_orbitalbasics-gettingbackdown'
[LOG 15:44:19.290] AssetLoader: Loaded mod bundle 'kspedia_orbitalbasics-gettingupthere'
[LOG 15:44:19.290] AssetLoader: Loaded mod bundle 'kspedia_orbitalbasics-gravityturn'
[LOG 15:44:19.290] AssetLoader: Loaded mod bundle 'kspedia_orbitalbasics-orbits'
[LOG 15:44:19.290] AssetLoader: Loaded mod bundle 'kspedia_orbitalbasics-stayingupthere'
[LOG 15:44:19.290] AssetLoader: Loaded mod bundle 'kspedia_orbitalbasics'
[LOG 15:44:19.291] AssetLoader: Loaded mod bundle 'kspedia_orbitaldefinitions-appe'
[LOG 15:44:19.291] AssetLoader: Loaded mod bundle 'kspedia_orbitaldefinitions-dirandinc'
[LOG 15:44:19.291] AssetLoader: Loaded mod bundle 'kspedia_orbitaldefinitions-directions'
[LOG 15:44:19.291] AssetLoader: Loaded mod bundle 'kspedia_orbitaldefinitions-eccentricity'
[LOG 15:44:19.291] AssetLoader: Loaded mod bundle 'kspedia_orbitaldefinitions'
[LOG 15:44:19.292] AssetLoader: Loaded mod bundle 'kspedia_orbitalmaneuvers-adjustinginclination'
[LOG 15:44:19.292] AssetLoader: Loaded mod bundle 'kspedia_orbitalmaneuvers-deltav'
[LOG 15:44:19.292] AssetLoader: Loaded mod bundle 'kspedia_orbitalmaneuvers-efficiency'
[LOG 15:44:19.292] AssetLoader: Loaded mod bundle 'kspedia_orbitalmaneuvers-hohmanntransfer'
[LOG 15:44:19.293] AssetLoader: Loaded mod bundle 'kspedia_orbitalmaneuvers-hohmanntransfer2'
[LOG 15:44:19.293] AssetLoader: Loaded mod bundle 'kspedia_orbitalmaneuvers-orbittypes'
[LOG 15:44:19.293] AssetLoader: Loaded mod bundle 'kspedia_orbitalmaneuvers-radandantirad'
[LOG 15:44:19.293] AssetLoader: Loaded mod bundle 'kspedia_orbitalmaneuvers-shapingup'
[LOG 15:44:19.293] AssetLoader: Loaded mod bundle 'kspedia_orbitalmaneuvers'
[LOG 15:44:19.294] AssetLoader: Loaded mod bundle 'kspedia_planets-dres'
[LOG 15:44:19.294] AssetLoader: Loaded mod bundle 'kspedia_planets-duna'
[LOG 15:44:19.294] AssetLoader: Loaded mod bundle 'kspedia_planets-eeloo'
[LOG 15:44:19.294] AssetLoader: Loaded mod bundle 'kspedia_planets-eve'
[LOG 15:44:19.295] AssetLoader: Loaded mod bundle 'kspedia_planets-jool'
[LOG 15:44:19.295] AssetLoader: Loaded mod bundle 'kspedia_planets-kerbin'
[LOG 15:44:19.295] AssetLoader: Loaded mod bundle 'kspedia_planets-moho'
[LOG 15:44:19.295] AssetLoader: Loaded mod bundle 'kspedia_planets-sun'
[LOG 15:44:19.295] AssetLoader: Loaded mod bundle 'kspedia_planets-system'
[LOG 15:44:19.295] AssetLoader: Loaded mod bundle 'kspedia_resources-asteroidmining'
[LOG 15:44:19.296] AssetLoader: Loaded mod bundle 'kspedia_resources-conversionmanagement'
[LOG 15:44:19.296] AssetLoader: Loaded mod bundle 'kspedia_resources-drilling'
[LOG 15:44:19.296] AssetLoader: Loaded mod bundle 'kspedia_resources-findingit'
[LOG 15:44:19.296] AssetLoader: Loaded mod bundle 'kspedia_resources-findingit2'
[LOG 15:44:19.297] AssetLoader: Loaded mod bundle 'kspedia_resources-storageandconversion'
[LOG 15:44:19.297] AssetLoader: Loaded mod bundle 'kspedia_resources'
[LOG 15:44:19.297] AssetLoader: Loaded mod bundle 'kspedia_rocketry'
[LOG 15:44:19.297] AssetLoader: Loaded mod bundle 'kspedia_rocketryadvanced-fairings'
[LOG 15:44:19.297] AssetLoader: Loaded mod bundle 'kspedia_rocketryadvanced-girders'
[LOG 15:44:19.299] AssetLoader: Loaded mod bundle 'kspedia_rocketryadvanced'
[LOG 15:44:19.299] AssetLoader: Loaded mod bundle 'kspedia_rocketrybasics'
[LOG 15:44:19.299] AssetLoader: Loaded mod bundle 'kspedia_rocketrybasicsaero'
[LOG 15:44:19.299] AssetLoader: Loaded mod bundle 'kspedia_rocketrybasicscentered'
[LOG 15:44:19.300] AssetLoader: Loaded mod bundle 'kspedia_rocketrybasicschutes'
[LOG 15:44:19.300] AssetLoader: Loaded mod bundle 'kspedia_rocketrybasicscontrol'
[LOG 15:44:19.300] AssetLoader: Loaded mod bundle 'kspedia_rocketrybasicsecrecharging'
[LOG 15:44:19.300] AssetLoader: Loaded mod bundle 'kspedia_rocketrybasicsengines'
[LOG 15:44:19.301] AssetLoader: Loaded mod bundle 'kspedia_rocketrybasicsforces'
[LOG 15:44:19.301] AssetLoader: Loaded mod bundle 'kspedia_rocketrybasicshatchesandladders'
[LOG 15:44:19.301] AssetLoader: Loaded mod bundle 'kspedia_rocketrybasicshibernation'
[LOG 15:44:19.302] AssetLoader: Loaded mod bundle 'kspedia_rocketrybasicsresources'
[LOG 15:44:19.302] AssetLoader: Loaded mod bundle 'kspedia_rocketrybasicsservicecontainers'
[LOG 15:44:19.302] AssetLoader: Loaded mod bundle 'kspedia_rocketrybasicsstability'
[LOG 15:44:19.302] AssetLoader: Loaded mod bundle 'kspedia_rocketrybasicsstabilityassist'
[LOG 15:44:19.303] AssetLoader: Loaded mod bundle 'kspedia_rocketrybasicsstaging'
[LOG 15:44:19.303] AssetLoader: Loaded mod bundle 'kspedia_rocketrybasicssymmetry'
[LOG 15:44:19.303] AssetLoader: Loaded mod bundle 'kspedia_science'
[LOG 15:44:19.303] AssetLoader: Loaded mod bundle 'kspedia_sciencedata'
[LOG 15:44:19.304] AssetLoader: Loaded mod bundle 'kspedia_scienceexperiments'
[LOG 15:44:19.304] AssetLoader: Loaded mod bundle 'kspedia_sciencelab'
[LOG 15:44:19.304] AssetLoader: Loaded mod bundle 'kspedia_sciencetransmitted'
[LOG 15:44:19.304] AssetLoader: Loaded mod bundle 'kspedia_spacetravel'
[LOG 15:44:19.305] AssetLoader: Loaded mod bundle 'kspedia_variantswitcher'
[LOG 15:44:19.305] AssetLoader: Loaded mod bundle 'kspfonts'
[LOG 15:44:19.427] AssetLoader: Loaded bundle 'squadcore'
[LOG 15:44:19.427] AssetLoader: Loaded bundle 'squadcorefx'
[LOG 15:44:19.428] AssetLoader: Loaded mod bundle 'kspedia_builder'
[LOG 15:44:19.428] AssetLoader: Loaded mod bundle 'kspedia_buildertoolbar'
[LOG 15:44:19.429] AssetLoader: Loaded mod bundle 'kspedia_canvas'
[LOG 15:44:19.429] AssetLoader: Loaded mod bundle 'kspedia_exportingvalidation'
[LOG 15:44:19.429] AssetLoader: Loaded mod bundle 'kspedia_flight'
[LOG 15:44:19.429] AssetLoader: Loaded mod bundle 'kspedia_flightapp'
[LOG 15:44:19.430] AssetLoader: Loaded mod bundle 'kspedia_gap'
[LOG 15:44:19.430] AssetLoader: Loaded mod bundle 'kspedia_gaptools'
[LOG 15:44:19.430] AssetLoader: Loaded mod bundle 'kspedia_makinghistory'
[LOG 15:44:19.430] AssetLoader: Loaded mod bundle 'kspedia_missionbriefing'
[LOG 15:44:19.431] AssetLoader: Loaded mod bundle 'kspedia_nodedocking'
[LOG 15:44:19.431] AssetLoader: Loaded mod bundle 'kspedia_nodesconnectors'
[LOG 15:44:19.431] AssetLoader: Loaded mod bundle 'kspedia_sap'
[LOG 15:44:19.431] AssetLoader: Loaded mod bundle 'kspedia_sidebar'
[LOG 15:44:19.432] AssetLoader: Loaded mod bundle 'kspedia_testingcheckpoints'
[LOG 15:44:19.432] AssetLoader: Loaded bundle 'makinghistory'
[LOG 15:44:19.432] AssetLoader: Loaded mod bundle 'kspedia_bladecyclic-collective-behaviour'
[LOG 15:44:19.432] AssetLoader: Loaded mod bundle 'kspedia_bladecyclic-collective-controls'
[LOG 15:44:19.432] AssetLoader: Loaded mod bundle 'kspedia_deployedscience-experiments'
[LOG 15:44:19.433] AssetLoader: Loaded mod bundle 'kspedia_deployedscience'
[LOG 15:44:19.433] AssetLoader: Loaded mod bundle 'kspedia_grippads'
[LOG 15:44:19.433] AssetLoader: Loaded mod bundle 'kspedia_layindtracks'
[LOG 15:44:19.433] AssetLoader: Loaded mod bundle 'kspedia_propellers'
[LOG 15:44:19.434] AssetLoader: Loaded mod bundle 'kspedia_propellersaerodynamics'
[LOG 15:44:19.434] AssetLoader: Loaded mod bundle 'kspedia_roboticcontroller'
[LOG 15:44:19.434] AssetLoader: Loaded mod bundle 'kspedia_roboticparts'
[LOG 15:44:19.434] AssetLoader: Loaded mod bundle 'kspedia_surface features-overview'
[LOG 15:44:19.435] AssetLoader: Loaded mod bundle 'kspedia_surface features-roverarmdetails'
[LOG 15:44:19.435] AssetLoader: Loaded mod bundle 'kspedia_trackeditor'
[LOG 15:44:19.436] AssetLoader: Loaded mod bundle 'kspedia_trackeditortoolbar'
[LOG 15:44:19.436] AssetLoader: Loaded mod bundle 'serenity'
[LOG 15:44:19.436] AssetLoader: Finished loading. 226 bundle definitions loaded.
[LOG 15:44:19.437] Compiling Configs:
[LOG 15:44:19.437] Config(DRAG_TIP) /Physics/DRAG_TIP
[LOG 15:44:19.437] Config(DRAG_SURFACE) /Physics/DRAG_SURFACE
[LOG 15:44:19.437] Config(DRAG_TAIL) /Physics/DRAG_TAIL
[LOG 15:44:19.437] Config(DRAG_MULTIPLIER) /Physics/DRAG_MULTIPLIER
[LOG 15:44:19.437] Config(DRAG_CD) /Physics/DRAG_CD
[LOG 15:44:19.437] Config(DRAG_CD_POWER) /Physics/DRAG_CD_POWER
[LOG 15:44:19.437] Config(DRAG_PSEUDOREYNOLDS) /Physics/DRAG_PSEUDOREYNOLDS
[LOG 15:44:19.437] Config(LIFTING_SURFACE_CURVES) /Physics/LIFTING_SURFACE_CURVES
[LOG 15:44:19.438] Config(VesselRanges) /Physics/VesselRanges
[LOG 15:44:19.438] Config(KSP_COMMUNITY_FIXES) KSPCommunityFixes/Settings/KSP_COMMUNITY_FIXES
[LOG 15:44:19.438] Config(Localization) KSPCommunityFixes/Localization/en-us/Localization
[LOG 15:44:19.438] Config(Localization) KSPCommunityFixes/Localization/fr-fr/Localization
[LOG 15:44:19.438] Config(Localization) KSPCommunityFixes/Localization/ru/Localization
[LOG 15:44:19.438] Config(Localization) KSPCommunityFixes/Localization/zh-cn/Localization
[LOG 15:44:19.438] Config(@PART[*]:HAS[@MODULE[ModuleDockingNodeFixed]]:NEEDS[FixDockingNodes]:FINAL) KSPCommunityFixes/MMPatches/ModSupport/FixDockingNodes/@PART[*]:HAS[@MODULE[ModuleDockingNodeFixed]]:NEEDS[FixDockingNodes]:FINAL
[LOG 15:44:19.438] Config(@PART[*]:HAS[@MODULE[Refunding]]:LAST[999_KSP-Recall]) KSPCommunityFixes/MMPatches/ModSupport/KSPRecall/@PART[*]:HAS[@MODULE[Refunding]]:LAST[999_KSP-Recall]
[LOG 15:44:19.438] Config(@PART[*]:HAS[#hasRefundingOnRecovery[?rue]]:LAST[999_KSP-Recall]) KSPCommunityFixes/MMPatches/ModSupport/KSPRecall/@PART[*]:HAS[#hasRefundingOnRecovery[?rue]]:LAST[999_KSP-Recall]
[LOG 15:44:19.438] Config(@PART[*]:HAS[#hasRefundingOnRecovery]:LAST[999_KSP-Recall]) KSPCommunityFixes/MMPatches/ModSupport/KSPRecall/@PART[*]:HAS[#hasRefundingOnRecovery]:LAST[999_KSP-Recall]
[LOG 15:44:19.438] Config(@KSP-Recall:LAST[999_KSP-Recall]) KSPCommunityFixes/MMPatches/ModSupport/KSPRecall/@KSP-Recall:LAST[999_KSP-Recall]
[LOG 15:44:19.438] Config(@KSP-Recall:HAS[#hasRefundingOnRecovery[?rue]]:LAST[999_KSP-Recall]) KSPCommunityFixes/MMPatches/ModSupport/KSPRecall/@KSP-Recall:HAS[#hasRefundingOnRecovery[?rue]]:LAST[999_KSP-Recall]
[LOG 15:44:19.438] Config(@KSP-Recall:HAS[#hasRefundingOnRecovery]:LAST[999_KSP-Recall]) KSPCommunityFixes/MMPatches/ModSupport/KSPRecall/@KSP-Recall:HAS[#hasRefundingOnRecovery]:LAST[999_KSP-Recall]
[LOG 15:44:19.438] Config(@KSP_COMMUNITY_FIXES:NEEDS[AttachedOnEditor]) KSPCommunityFixes/MMPatches/ModSupport/KSPRecall/@KSP_COMMUNITY_FIXES:NEEDS[AttachedOnEditor]
[LOG 15:44:19.438] Config(@KSP_COMMUNITY_FIXES:NEEDS[UniversalStorage2]) KSPCommunityFixes/MMPatches/ModSupport/UniversalStorage/@KSP_COMMUNITY_FIXES:NEEDS[UniversalStorage2]
[LOG 15:44:19.438] Config(@PART[telescopicLadderBay]:FIRST) KSPCommunityFixes/MMPatches/StockTweaks/LadderToggleableLight/@PART[telescopicLadderBay]:FIRST
[LOG 15:44:19.438] Config(@PART[telescopicLadderBay]:HAS[#LadderToggleableLight[?rue]]:FIRST) KSPCommunityFixes/MMPatches/StockTweaks/LadderToggleableLight/@PART[telescopicLadderBay]:HAS[#LadderToggleableLight[?rue]]:FIRST
[LOG 15:44:19.438] Config(@PART[telescopicLadderBay]:HAS[#LadderToggleableLight]:FIRST) KSPCommunityFixes/MMPatches/StockTweaks/LadderToggleableLight/@PART[telescopicLadderBay]:HAS[#LadderToggleableLight]:FIRST
[LOG 15:44:19.438] Config(@PART[GearSmall]:FIRST) KSPCommunityFixes/MMPatches/StockTweaks/LandingGearLights/@PART[GearSmall]:FIRST
[LOG 15:44:19.438] Config(@PART[SmallGearBay]:FIRST) KSPCommunityFixes/MMPatches/StockTweaks/LandingGearLights/@PART[SmallGearBay]:FIRST
[LOG 15:44:19.438] Config(@PART[sasModule]:FOR[KSPCommunityFixes]) KSPCommunityFixes/MMPatches/StockTweaks/ManufacturerFixes/@PART[sasModule]:FOR[KSPCommunityFixes]
[LOG 15:44:19.438] Config(@PART[xenonTankRadial]:FOR[KSPCommunityFixes]) KSPCommunityFixes/MMPatches/StockTweaks/ManufacturerFixes/@PART[xenonTankRadial]:FOR[KSPCommunityFixes]
[LOG 15:44:19.438] Config(@PART[winglet|fireworksLauncherSmall|fireworksLauncherBig]:FOR[KSPCommunityFixes]) KSPCommunityFixes/MMPatches/StockTweaks/ManufacturerFixes/@PART[winglet|fireworksLauncherSmall|fireworksLauncherBig]:FOR[KSPCommunityFixes]
[LOG 15:44:19.438] Config(@PART[solidBooster_sm_v2|solidBooster_v2]:FOR[KSPCommunityFixes]) KSPCommunityFixes/MMPatches/StockTweaks/ManufacturerFixes/@PART[solidBooster_sm_v2|solidBooster_v2]:FOR[KSPCommunityFixes]
[LOG 15:44:19.438] Config(@PART[ServiceBay_125_v2|ServiceBay_250_v2]:FOR[KSPCommunityFixes]) KSPCommunityFixes/MMPatches/StockTweaks/ManufacturerFixes/@PART[ServiceBay_125_v2|ServiceBay_250_v2]:FOR[KSPCommunityFixes]
[LOG 15:44:19.438] Config(@PART[externalTankCapsule]:FOR[KSPCommunityFixes]) KSPCommunityFixes/MMPatches/StockTweaks/ManufacturerFixes/@PART[externalTankCapsule]:FOR[KSPCommunityFixes]
[LOG 15:44:19.438] Config(@PART[RCSFuelTank|rcsTankMini|RCSTank1-2]:FOR[KSPCommunityFixes]) KSPCommunityFixes/MMPatches/StockTweaks/ManufacturerFixes/@PART[RCSFuelTank|rcsTankMini|RCSTank1-2]:FOR[KSPCommunityFixes]
[LOG 15:44:19.438] Config(@PART[landerCabinSmall]:FOR[KSPCommunityFixes]) KSPCommunityFixes/MMPatches/StockTweaks/ManufacturerFixes/@PART[landerCabinSmall]:FOR[KSPCommunityFixes]
[LOG 15:44:19.438] Config(@PART[dockingPortLateral]:FOR[KSPCommunityFixes]) KSPCommunityFixes/MMPatches/StockTweaks/ManufacturerFixes/@PART[dockingPortLateral]:FOR[KSPCommunityFixes]
[LOG 15:44:19.438] Config(@PART[EnginePlate4]:FOR[KSPCommunityFixes]:NEEDS[SquadExpansion/MakingHistory]) KSPCommunityFixes/MMPatches/StockTweaks/ManufacturerFixes/@PART[EnginePlate4]:FOR[KSPCommunityFixes]:NEEDS[SquadExpansion/MakingHistory]
[LOG 15:44:19.438] Config(@PART[Mk2Pod]:FOR[KSPCommunityFixes]:NEEDS[SquadExpansion/MakingHistory]) KSPCommunityFixes/MMPatches/StockTweaks/ManufacturerFixes/@PART[Mk2Pod]:FOR[KSPCommunityFixes]:NEEDS[SquadExpansion/MakingHistory]
[LOG 15:44:19.438] Config(@PART[evaChute|parachuteSingle|parachuteRadial|radialDrogue|parachuteLarge|parachuteDrogue]:FOR[KSPCommunityFixes]) KSPCommunityFixes/MMPatches/StockTweaks/ManufacturerFixes/@PART[evaChute|parachuteSingle|parachuteRadial|radialDrogue|parachuteLarge|parachuteDrogue]:FOR[KSPCommunityFixes]
[LOG 15:44:19.438] Config(@PART[stackPoint1|dockingPort1|dockingPort2|dockingPort3|dockingPortLarge]:FOR[KSPCommunityFixes]) KSPCommunityFixes/MMPatches/StockTweaks/ManufacturerFixes/@PART[stackPoint1|dockingPort1|dockingPort2|dockingPort3|dockingPortLarge]:FOR[KSPCommunityFixes]
[LOG 15:44:19.438] Config(AGENT) KSPCommunityFixes/MMPatches/StockTweaks/ManufacturerFixes/Clamp-O-Tron
[LOG 15:44:19.438] Config(AGENT) KSPCommunityFixes/MMPatches/StockTweaks/ManufacturerFixes/FreeFall Parachutes
[LOG 15:44:19.438] Config(AGENT) KSPCommunityFixes/MMPatches/StockTweaks/ManufacturerFixes/LightYear Tire Company
[LOG 15:44:19.438] Config(AGENT) KSPCommunityFixes/MMPatches/StockTweaks/ManufacturerFixes/Stratus Corporation
[LOG 15:44:19.439] Config(Localization) KSPCommunityFixes/MMPatches/StockTweaks/ManufacturerFixes/Localization
[LOG 15:44:19.439] Config(AGENT) Squad/Agencies/Agents/C7 Aerospace Division
[LOG 15:44:19.439] Config(AGENT) Squad/Agencies/Agents/Dinkelstein Kerman's Construction Emporium
[LOG 15:44:19.439] Config(AGENT) Squad/Agencies/Agents/Experimental Engineering Group
[LOG 15:44:19.439] Config(AGENT) Squad/Agencies/Agents/FLOOYD Dynamics Research Labs
[LOG 15:44:19.439] Config(AGENT) Squad/Agencies/Agents/Goliath National Products
[LOG 15:44:19.439] Config(AGENT) Squad/Agencies/Agents/Integrated Integrals
[LOG 15:44:19.439] Config(AGENT) Squad/Agencies/Agents/Ionic Symphonic Protonic Electronics
[LOG 15:44:19.439] Config(AGENT) Squad/Agencies/Agents/Jebediah Kerman's Junkyard and Spacecraft Parts Co
[LOG 15:44:19.439] Config(AGENT) Squad/Agencies/Agents/Kerbal Motion LLC
[LOG 15:44:19.439] Config(AGENT) Squad/Agencies/Agents/Kerbin World-Firsts Record-Keeping Society
[LOG 15:44:19.439] Config(AGENT) Squad/Agencies/Agents/Kerbodyne
[LOG 15:44:19.439] Config(AGENT) Squad/Agencies/Agents/Kerlington Model Rockets and Paper Products Inc
[LOG 15:44:19.439] Config(AGENT) Squad/Agencies/Agents/Maxo Construction Toys
[LOG 15:44:19.439] Config(AGENT) Squad/Agencies/Agents/Moving Parts Experts Group
[LOG 15:44:19.439] Config(AGENT) Squad/Agencies/Agents/O.M.B. Demolition Enterprises
[LOG 15:44:19.439] Config(AGENT) Squad/Agencies/Agents/Periapsis Rocket Supplies Co
[LOG 15:44:19.439] Config(AGENT) Squad/Agencies/Agents/Probodobodyne Inc
[LOG 15:44:19.439] Config(AGENT) Squad/Agencies/Agents/Research & Development Department
[LOG 15:44:19.439] Config(AGENT) Squad/Agencies/Agents/Reaction Systems Ltd
[LOG 15:44:19.439] Config(AGENT) Squad/Agencies/Agents/Rockomax Conglomerate
[LOG 15:44:19.439] Config(AGENT) Squad/Agencies/Agents/Rokea Inc
[LOG 15:44:19.439] Config(AGENT) Squad/Agencies/Agents/Sean's Cannery
[LOG 15:44:19.439] Config(AGENT) Squad/Agencies/Agents/STEADLER Engineering Corps
[LOG 15:44:19.439] Config(AGENT) Squad/Agencies/Agents/StrutCo
[LOG 15:44:19.439] Config(AGENT) Squad/Agencies/Agents/Vac-Co Advanced Suction Systems
[LOG 15:44:19.439] Config(AGENT) Squad/Agencies/Agents/WinterOwl Aircraft Emporium
[LOG 15:44:19.439] Config(AGENT) Squad/Agencies/Agents/Zaltonic Electronics
[LOG 15:44:19.439] Config(CONTRACT_CONSTRUCTION_PARTS) Squad/Contracts/constructionContractParts/CONTRACT_CONSTRUCTION_PARTS
[LOG 15:44:19.439] Config(Contracts) Squad/Contracts/Contracts/Contracts
[LOG 15:44:19.439] Config(CONTRACTCRAFT) Squad/Contracts/PrebuiltCraft/prebuiltData/CONTRACTCRAFT
[LOG 15:44:19.439] Config(CONTRACTCRAFT) Squad/Contracts/PrebuiltCraft/OrbitalConstructionContract/orbitalConstructionContractCraft/CONTRACTCRAFT
[LOG 15:44:19.439] Config(CONTRACTCRAFT) Squad/Contracts/PrebuiltCraft/RepairContract/repairContractCraft/CONTRACTCRAFT
[LOG 15:44:19.439] Config(CONTRACTCRAFT) Squad/Contracts/PrebuiltCraft/RoverContract/roverContractCraft/CONTRACTCRAFT
[LOG 15:44:19.439] Config(KEYBOARD_LAYOUT) Squad/Controls/Azerty/#autoLOC_6001233
[LOG 15:44:19.439] Config(PITCH_DOWN) Squad/Controls/Azerty/PITCH_DOWN
[LOG 15:44:19.439] Config(PITCH_UP) Squad/Controls/Azerty/PITCH_UP
[LOG 15:44:19.439] Config(YAW_LEFT) Squad/Controls/Azerty/YAW_LEFT
[LOG 15:44:19.439] Config(YAW_RIGHT) Squad/Controls/Azerty/YAW_RIGHT
[LOG 15:44:19.439] Config(ROLL_LEFT) Squad/Controls/Azerty/ROLL_LEFT
[LOG 15:44:19.440] Config(ROLL_RIGHT) Squad/Controls/Azerty/ROLL_RIGHT
[LOG 15:44:19.440] Config(THROTTLE_UP) Squad/Controls/Azerty/THROTTLE_UP
[LOG 15:44:19.440] Config(THROTTLE_DOWN) Squad/Controls/Azerty/THROTTLE_DOWN
[LOG 15:44:19.440] Config(SAS_HOLD) Squad/Controls/Azerty/SAS_HOLD
[LOG 15:44:19.440] Config(SAS_TOGGLE) Squad/Controls/Azerty/SAS_TOGGLE
[LOG 15:44:19.440] Config(LAUNCH_STAGES) Squad/Controls/Azerty/LAUNCH_STAGES
[LOG 15:44:19.440] Config(Docking_toggleRotLin) Squad/Controls/Azerty/Docking_toggleRotLin
[LOG 15:44:19.440] Config(CAMERA_MODE) Squad/Controls/Azerty/CAMERA_MODE
[LOG 15:44:19.440] Config(CAMERA_NEXT) Squad/Controls/Azerty/CAMERA_NEXT
[LOG 15:44:19.440] Config(PAUSE) Squad/Controls/Azerty/PAUSE
[LOG 15:44:19.440] Config(PRECISION_CTRL) Squad/Controls/Azerty/PRECISION_CTRL
[LOG 15:44:19.440] Config(ZOOM_IN) Squad/Controls/Azerty/ZOOM_IN
[LOG 15:44:19.440] Config(ZOOM_OUT) Squad/Controls/Azerty/ZOOM_OUT
[LOG 15:44:19.440] Config(SCROLL_VIEW_UP) Squad/Controls/Azerty/SCROLL_VIEW_UP
[LOG 15:44:19.440] Config(SCROLL_VIEW_DOWN) Squad/Controls/Azerty/SCROLL_VIEW_DOWN
[LOG 15:44:19.440] Config(SCROLL_ICONS_UP) Squad/Controls/Azerty/SCROLL_ICONS_UP
[LOG 15:44:19.440] Config(SCROLL_ICONS_DOWN) Squad/Controls/Azerty/SCROLL_ICONS_DOWN
[LOG 15:44:19.440] Config(CAMERA_ORBIT_UP) Squad/Controls/Azerty/CAMERA_ORBIT_UP
[LOG 15:44:19.440] Config(CAMERA_ORBIT_DOWN) Squad/Controls/Azerty/CAMERA_ORBIT_DOWN
[LOG 15:44:19.440] Config(CAMERA_ORBIT_LEFT) Squad/Controls/Azerty/CAMERA_ORBIT_LEFT
[LOG 15:44:19.440] Config(CAMERA_ORBIT_RIGHT) Squad/Controls/Azerty/CAMERA_ORBIT_RIGHT
[LOG 15:44:19.440] Config(CAMERA_RESET) Squad/Controls/Azerty/CAMERA_RESET
[LOG 15:44:19.440] Config(CAMERA_MOUSE_TOGGLE) Squad/Controls/Azerty/CAMERA_MOUSE_TOGGLE
[LOG 15:44:19.440] Config(TIME_WARP_INCREASE) Squad/Controls/Azerty/TIME_WARP_INCREASE
[LOG 15:44:19.440] Config(TIME_WARP_DECREASE) Squad/Controls/Azerty/TIME_WARP_DECREASE
[LOG 15:44:19.440] Config(TIME_WARP_STOP) Squad/Controls/Azerty/TIME_WARP_STOP
[LOG 15:44:19.440] Config(MAP_VIEW_TOGGLE) Squad/Controls/Azerty/MAP_VIEW_TOGGLE
[LOG 15:44:19.441] Config(NAVBALL_TOGGLE) Squad/Controls/Azerty/NAVBALL_TOGGLE
[LOG 15:44:19.441] Config(UIMODE_STAGING) Squad/Controls/Azerty/UIMODE_STAGING
[LOG 15:44:19.441] Config(UIMODE_DOCKING) Squad/Controls/Azerty/UIMODE_DOCKING
[LOG 15:44:19.441] Config(TRANSLATE_DOWN) Squad/Controls/Azerty/TRANSLATE_DOWN
[LOG 15:44:19.441] Config(TRANSLATE_UP) Squad/Controls/Azerty/TRANSLATE_UP
[LOG 15:44:19.441] Config(TRANSLATE_LEFT) Squad/Controls/Azerty/TRANSLATE_LEFT
[LOG 15:44:19.441] Config(TRANSLATE_RIGHT) Squad/Controls/Azerty/TRANSLATE_RIGHT
[LOG 15:44:19.441] Config(TRANSLATE_FWD) Squad/Controls/Azerty/TRANSLATE_FWD
[LOG 15:44:19.441] Config(TRANSLATE_BACK) Squad/Controls/Azerty/TRANSLATE_BACK
[LOG 15:44:19.441] Config(RCS_TOGGLE) Squad/Controls/Azerty/RCS_TOGGLE
[LOG 15:44:19.441] Config(FOCUS_NEXT_VESSEL) Squad/Controls/Azerty/FOCUS_NEXT_VESSEL
[LOG 15:44:19.441] Config(FOCUS_PREV_VESSEL) Squad/Controls/Azerty/FOCUS_PREV_VESSEL
[LOG 15:44:19.441] Config(TOGGLE_UI) Squad/Controls/Azerty/TOGGLE_UI
[LOG 15:44:19.441] Config(TOGGLE_STATUS_SCREEN) Squad/Controls/Azerty/TOGGLE_STATUS_SCREEN
[LOG 15:44:19.441] Config(TAKE_SCREENSHOT) Squad/Controls/Azerty/TAKE_SCREENSHOT
[LOG 15:44:19.441] Config(TOGGLE_LABELS) Squad/Controls/Azerty/TOGGLE_LABELS
[LOG 15:44:19.441] Config(TOGGLE_TEMP_GAUGES) Squad/Controls/Azerty/TOGGLE_TEMP_GAUGES
[LOG 15:44:19.441] Config(TOGGLE_TEMP_OVERLAY) Squad/Controls/Azerty/TOGGLE_TEMP_OVERLAY
[LOG 15:44:19.441] Config(TOGGLE_FLIGHT_FORCES) Squad/Controls/Azerty/TOGGLE_FLIGHT_FORCES
[LOG 15:44:19.441] Config(QUICKSAVE) Squad/Controls/Azerty/QUICKSAVE
[LOG 15:44:19.441] Config(QUICKLOAD) Squad/Controls/Azerty/QUICKLOAD
[LOG 15:44:19.441] Config(THROTTLE_CUTOFF) Squad/Controls/Azerty/THROTTLE_CUTOFF
[LOG 15:44:19.441] Config(THROTTLE_FULL) Squad/Controls/Azerty/THROTTLE_FULL
[LOG 15:44:19.441] Config(LANDING_GEAR) Squad/Controls/Azerty/LANDING_GEAR
[LOG 15:44:19.441] Config(HEADLIGHT_TOGGLE) Squad/Controls/Azerty/HEADLIGHT_TOGGLE
[LOG 15:44:19.441] Config(BRAKES) Squad/Controls/Azerty/BRAKES
[LOG 15:44:19.441] Config(TOGGLE_SPACENAV_FLIGHT_CONTROL) Squad/Controls/Azerty/TOGGLE_SPACENAV_FLIGHT_CONTROL
[LOG 15:44:19.441] Config(TOGGLE_SPACENAV_ROLL_LOCK) Squad/Controls/Azerty/TOGGLE_SPACENAV_ROLL_LOCK
[LOG 15:44:19.441] Config(WHEEL_STEER_LEFT) Squad/Controls/Azerty/WHEEL_STEER_LEFT
[LOG 15:44:19.441] Config(WHEEL_STEER_RIGHT) Squad/Controls/Azerty/WHEEL_STEER_RIGHT
[LOG 15:44:19.441] Config(WHEEL_THROTTLE_DOWN) Squad/Controls/Azerty/WHEEL_THROTTLE_DOWN
[LOG 15:44:19.441] Config(WHEEL_THROTTLE_UP) Squad/Controls/Azerty/WHEEL_THROTTLE_UP
[LOG 15:44:19.441] Config(EVA_forward) Squad/Controls/Azerty/EVA_forward
[LOG 15:44:19.441] Config(EVA_back) Squad/Controls/Azerty/EVA_back
[LOG 15:44:19.441] Config(EVA_left) Squad/Controls/Azerty/EVA_left
[LOG 15:44:19.441] Config(EVA_right) Squad/Controls/Azerty/EVA_right
[LOG 15:44:19.441] Config(EVA_yaw_left) Squad/Controls/Azerty/EVA_yaw_left
[LOG 15:44:19.441] Config(EVA_yaw_right) Squad/Controls/Azerty/EVA_yaw_right
[LOG 15:44:19.441] Config(EVA_Pack_forward) Squad/Controls/Azerty/EVA_Pack_forward
[LOG 15:44:19.441] Config(EVA_Pack_back) Squad/Controls/Azerty/EVA_Pack_back
[LOG 15:44:19.441] Config(EVA_Pack_left) Squad/Controls/Azerty/EVA_Pack_left
[LOG 15:44:19.441] Config(EVA_Pack_right) Squad/Controls/Azerty/EVA_Pack_right
[LOG 15:44:19.441] Config(EVA_Pack_up) Squad/Controls/Azerty/EVA_Pack_up
[LOG 15:44:19.441] Config(EVA_Pack_down) Squad/Controls/Azerty/EVA_Pack_down
[LOG 15:44:19.441] Config(EVA_Jump) Squad/Controls/Azerty/EVA_Jump
[LOG 15:44:19.441] Config(EVA_Run) Squad/Controls/Azerty/EVA_Run
[LOG 15:44:19.442] Config(EVA_ToggleMovementMode) Squad/Controls/Azerty/EVA_ToggleMovementMode
[LOG 15:44:19.442] Config(EVA_TogglePack) Squad/Controls/Azerty/EVA_TogglePack
[LOG 15:44:19.442] Config(EVA_Use) Squad/Controls/Azerty/EVA_Use
[LOG 15:44:19.442] Config(EVA_Board) Squad/Controls/Azerty/EVA_Board
[LOG 15:44:19.442] Config(EVA_Orient) Squad/Controls/Azerty/EVA_Orient
[LOG 15:44:19.442] Config(EVA_Lights) Squad/Controls/Azerty/EVA_Lights
[LOG 15:44:19.442] Config(EVA_ChuteDeploy) Squad/Controls/Azerty/EVA_ChuteDeploy
[LOG 15:44:19.442] Config(Editor_pitchUp) Squad/Controls/Azerty/Editor_pitchUp
[LOG 15:44:19.442] Config(Editor_pitchDown) Squad/Controls/Azerty/Editor_pitchDown
[LOG 15:44:19.442] Config(Editor_yawLeft) Squad/Controls/Azerty/Editor_yawLeft
[LOG 15:44:19.442] Config(Editor_yawRight) Squad/Controls/Azerty/Editor_yawRight
[LOG 15:44:19.442] Config(Editor_rollLeft) Squad/Controls/Azerty/Editor_rollLeft
[LOG 15:44:19.442] Config(Editor_rollRight) Squad/Controls/Azerty/Editor_rollRight
[LOG 15:44:19.442] Config(Editor_resetRotation) Squad/Controls/Azerty/Editor_resetRotation
[LOG 15:44:19.442] Config(Editor_modePlace) Squad/Controls/Azerty/Editor_modePlace
[LOG 15:44:19.442] Config(Editor_modeOffset) Squad/Controls/Azerty/Editor_modeOffset
[LOG 15:44:19.442] Config(Editor_modeRotate) Squad/Controls/Azerty/Editor_modeRotate
[LOG 15:44:19.442] Config(Editor_modeRoot) Squad/Controls/Azerty/Editor_modeRoot
[LOG 15:44:19.442] Config(Editor_coordSystem) Squad/Controls/Azerty/Editor_coordSystem
[LOG 15:44:19.442] Config(Editor_toggleSymMethod) Squad/Controls/Azerty/Editor_toggleSymMethod
[LOG 15:44:19.442] Config(Editor_toggleSymMode) Squad/Controls/Azerty/Editor_toggleSymMode
[LOG 15:44:19.442] Config(Editor_toggleAngleSnap) Squad/Controls/Azerty/Editor_toggleAngleSnap
[LOG 15:44:19.442] Config(Editor_fineTweak) Squad/Controls/Azerty/Editor_fineTweak
[LOG 15:44:19.442] Config(Editor_partSearch) Squad/Controls/Azerty/Editor_partSearch
[LOG 15:44:19.442] Config(Editor_zoomScrollModifier) Squad/Controls/Azerty/Editor_zoomScrollModifier
[LOG 15:44:19.442] Config(MODIFIER_KEY) Squad/Controls/Azerty/MODIFIER_KEY
[LOG 15:44:19.442] Config(AbortActionGroup) Squad/Controls/Azerty/AbortActionGroup
[LOG 15:44:19.442] Config(CustomActionGroup1) Squad/Controls/Azerty/CustomActionGroup1
[LOG 15:44:19.442] Config(CustomActionGroup2) Squad/Controls/Azerty/CustomActionGroup2
[LOG 15:44:19.442] Config(CustomActionGroup3) Squad/Controls/Azerty/CustomActionGroup3
[LOG 15:44:19.442] Config(CustomActionGroup4) Squad/Controls/Azerty/CustomActionGroup4
[LOG 15:44:19.442] Config(CustomActionGroup5) Squad/Controls/Azerty/CustomActionGroup5
[LOG 15:44:19.442] Config(CustomActionGroup6) Squad/Controls/Azerty/CustomActionGroup6
[LOG 15:44:19.442] Config(CustomActionGroup7) Squad/Controls/Azerty/CustomActionGroup7
[LOG 15:44:19.442] Config(CustomActionGroup8) Squad/Controls/Azerty/CustomActionGroup8
[LOG 15:44:19.442] Config(CustomActionGroup9) Squad/Controls/Azerty/CustomActionGroup9
[LOG 15:44:19.442] Config(CustomActionGroup10) Squad/Controls/Azerty/CustomActionGroup10
[LOG 15:44:19.442] Config(KEY_MAP) Squad/Controls/Azerty/KEY_MAP
[LOG 15:44:19.442] Config(KEYBOARD_LAYOUT) Squad/Controls/Dvorak/#autoLOC_6001234
[LOG 15:44:19.442] Config(PITCH_DOWN) Squad/Controls/Dvorak/PITCH_DOWN
[LOG 15:44:19.442] Config(PITCH_UP) Squad/Controls/Dvorak/PITCH_UP
[LOG 15:44:19.442] Config(YAW_LEFT) Squad/Controls/Dvorak/YAW_LEFT
[LOG 15:44:19.442] Config(YAW_RIGHT) Squad/Controls/Dvorak/YAW_RIGHT
[LOG 15:44:19.442] Config(ROLL_LEFT) Squad/Controls/Dvorak/ROLL_LEFT
[LOG 15:44:19.443] Config(ROLL_RIGHT) Squad/Controls/Dvorak/ROLL_RIGHT
[LOG 15:44:19.443] Config(THROTTLE_UP) Squad/Controls/Dvorak/THROTTLE_UP
[LOG 15:44:19.443] Config(THROTTLE_DOWN) Squad/Controls/Dvorak/THROTTLE_DOWN
[LOG 15:44:19.443] Config(SAS_HOLD) Squad/Controls/Dvorak/SAS_HOLD
[LOG 15:44:19.443] Config(SAS_TOGGLE) Squad/Controls/Dvorak/SAS_TOGGLE
[LOG 15:44:19.443] Config(LAUNCH_STAGES) Squad/Controls/Dvorak/LAUNCH_STAGES
[LOG 15:44:19.443] Config(Docking_toggleRotLin) Squad/Controls/Dvorak/Docking_toggleRotLin
[LOG 15:44:19.443] Config(CAMERA_MODE) Squad/Controls/Dvorak/CAMERA_MODE
[LOG 15:44:19.443] Config(CAMERA_NEXT) Squad/Controls/Dvorak/CAMERA_NEXT
[LOG 15:44:19.443] Config(PAUSE) Squad/Controls/Dvorak/PAUSE
[LOG 15:44:19.443] Config(PRECISION_CTRL) Squad/Controls/Dvorak/PRECISION_CTRL
[LOG 15:44:19.443] Config(ZOOM_IN) Squad/Controls/Dvorak/ZOOM_IN
[LOG 15:44:19.443] Config(ZOOM_OUT) Squad/Controls/Dvorak/ZOOM_OUT
[LOG 15:44:19.443] Config(SCROLL_VIEW_UP) Squad/Controls/Dvorak/SCROLL_VIEW_UP
[LOG 15:44:19.443] Config(SCROLL_VIEW_DOWN) Squad/Controls/Dvorak/SCROLL_VIEW_DOWN
[LOG 15:44:19.443] Config(SCROLL_ICONS_UP) Squad/Controls/Dvorak/SCROLL_ICONS_UP
[LOG 15:44:19.443] Config(SCROLL_ICONS_DOWN) Squad/Controls/Dvorak/SCROLL_ICONS_DOWN
[LOG 15:44:19.443] Config(CAMERA_ORBIT_UP) Squad/Controls/Dvorak/CAMERA_ORBIT_UP
[LOG 15:44:19.443] Config(CAMERA_ORBIT_DOWN) Squad/Controls/Dvorak/CAMERA_ORBIT_DOWN
[LOG 15:44:19.443] Config(CAMERA_ORBIT_LEFT) Squad/Controls/Dvorak/CAMERA_ORBIT_LEFT
[LOG 15:44:19.443] Config(CAMERA_ORBIT_RIGHT) Squad/Controls/Dvorak/CAMERA_ORBIT_RIGHT
[LOG 15:44:19.443] Config(CAMERA_RESET) Squad/Controls/Dvorak/CAMERA_RESET
[LOG 15:44:19.443] Config(CAMERA_MOUSE_TOGGLE) Squad/Controls/Dvorak/CAMERA_MOUSE_TOGGLE
[LOG 15:44:19.443] Config(TIME_WARP_INCREASE) Squad/Controls/Dvorak/TIME_WARP_INCREASE
[LOG 15:44:19.443] Config(TIME_WARP_DECREASE) Squad/Controls/Dvorak/TIME_WARP_DECREASE
[LOG 15:44:19.443] Config(TIME_WARP_STOP) Squad/Controls/Dvorak/TIME_WARP_STOP
[LOG 15:44:19.443] Config(MAP_VIEW_TOGGLE) Squad/Controls/Dvorak/MAP_VIEW_TOGGLE
[LOG 15:44:19.443] Config(NAVBALL_TOGGLE) Squad/Controls/Dvorak/NAVBALL_TOGGLE
[LOG 15:44:19.443] Config(UIMODE_STAGING) Squad/Controls/Dvorak/UIMODE_STAGING
[LOG 15:44:19.443] Config(UIMODE_DOCKING) Squad/Controls/Dvorak/UIMODE_DOCKING
[LOG 15:44:19.443] Config(TRANSLATE_DOWN) Squad/Controls/Dvorak/TRANSLATE_DOWN
[LOG 15:44:19.443] Config(TRANSLATE_UP) Squad/Controls/Dvorak/TRANSLATE_UP
[LOG 15:44:19.443] Config(TRANSLATE_LEFT) Squad/Controls/Dvorak/TRANSLATE_LEFT
[LOG 15:44:19.443] Config(TRANSLATE_RIGHT) Squad/Controls/Dvorak/TRANSLATE_RIGHT
[LOG 15:44:19.443] Config(TRANSLATE_FWD) Squad/Controls/Dvorak/TRANSLATE_FWD
[LOG 15:44:19.443] Config(TRANSLATE_BACK) Squad/Controls/Dvorak/TRANSLATE_BACK
[LOG 15:44:19.443] Config(RCS_TOGGLE) Squad/Controls/Dvorak/RCS_TOGGLE
[LOG 15:44:19.443] Config(FOCUS_NEXT_VESSEL) Squad/Controls/Dvorak/FOCUS_NEXT_VESSEL
[LOG 15:44:19.443] Config(FOCUS_PREV_VESSEL) Squad/Controls/Dvorak/FOCUS_PREV_VESSEL
[LOG 15:44:19.443] Config(TOGGLE_UI) Squad/Controls/Dvorak/TOGGLE_UI
[LOG 15:44:19.444] Config(TOGGLE_STATUS_SCREEN) Squad/Controls/Dvorak/TOGGLE_STATUS_SCREEN
[LOG 15:44:19.444] Config(TAKE_SCREENSHOT) Squad/Controls/Dvorak/TAKE_SCREENSHOT
[LOG 15:44:19.444] Config(TOGGLE_LABELS) Squad/Controls/Dvorak/TOGGLE_LABELS
[LOG 15:44:19.444] Config(TOGGLE_TEMP_GAUGES) Squad/Controls/Dvorak/TOGGLE_TEMP_GAUGES
[LOG 15:44:19.444] Config(TOGGLE_TEMP_OVERLAY) Squad/Controls/Dvorak/TOGGLE_TEMP_OVERLAY
[LOG 15:44:19.444] Config(TOGGLE_FLIGHT_FORCES) Squad/Controls/Dvorak/TOGGLE_FLIGHT_FORCES
[LOG 15:44:19.444] Config(QUICKSAVE) Squad/Controls/Dvorak/QUICKSAVE
[LOG 15:44:19.444] Config(QUICKLOAD) Squad/Controls/Dvorak/QUICKLOAD
[LOG 15:44:19.444] Config(THROTTLE_CUTOFF) Squad/Controls/Dvorak/THROTTLE_CUTOFF
[LOG 15:44:19.444] Config(THROTTLE_FULL) Squad/Controls/Dvorak/THROTTLE_FULL
[LOG 15:44:19.444] Config(LANDING_GEAR) Squad/Controls/Dvorak/LANDING_GEAR
[LOG 15:44:19.444] Config(HEADLIGHT_TOGGLE) Squad/Controls/Dvorak/HEADLIGHT_TOGGLE
[LOG 15:44:19.444] Config(BRAKES) Squad/Controls/Dvorak/BRAKES
[LOG 15:44:19.444] Config(TOGGLE_SPACENAV_FLIGHT_CONTROL) Squad/Controls/Dvorak/TOGGLE_SPACENAV_FLIGHT_CONTROL
[LOG 15:44:19.444] Config(TOGGLE_SPACENAV_ROLL_LOCK) Squad/Controls/Dvorak/TOGGLE_SPACENAV_ROLL_LOCK
[LOG 15:44:19.444] Config(WHEEL_STEER_LEFT) Squad/Controls/Dvorak/WHEEL_STEER_LEFT
[LOG 15:44:19.444] Config(WHEEL_STEER_RIGHT) Squad/Controls/Dvorak/WHEEL_STEER_RIGHT
[LOG 15:44:19.444] Config(WHEEL_THROTTLE_DOWN) Squad/Controls/Dvorak/WHEEL_THROTTLE_DOWN
[LOG 15:44:19.444] Config(WHEEL_THROTTLE_UP) Squad/Controls/Dvorak/WHEEL_THROTTLE_UP
[LOG 15:44:19.444] Config(EVA_forward) Squad/Controls/Dvorak/EVA_forward
[LOG 15:44:19.444] Config(EVA_back) Squad/Controls/Dvorak/EVA_back
[LOG 15:44:19.444] Config(EVA_left) Squad/Controls/Dvorak/EVA_left
[LOG 15:44:19.444] Config(EVA_right) Squad/Controls/Dvorak/EVA_right
[LOG 15:44:19.444] Config(EVA_yaw_left) Squad/Controls/Dvorak/EVA_yaw_left
[LOG 15:44:19.444] Config(EVA_yaw_right) Squad/Controls/Dvorak/EVA_yaw_right
[LOG 15:44:19.444] Config(EVA_Pack_forward) Squad/Controls/Dvorak/EVA_Pack_forward
[LOG 15:44:19.444] Config(EVA_Pack_back) Squad/Controls/Dvorak/EVA_Pack_back
[LOG 15:44:19.444] Config(EVA_Pack_left) Squad/Controls/Dvorak/EVA_Pack_left
[LOG 15:44:19.444] Config(EVA_Pack_right) Squad/Controls/Dvorak/EVA_Pack_right
[LOG 15:44:19.444] Config(EVA_Pack_up) Squad/Controls/Dvorak/EVA_Pack_up
[LOG 15:44:19.444] Config(EVA_Pack_down) Squad/Controls/Dvorak/EVA_Pack_down
[LOG 15:44:19.444] Config(EVA_Jump) Squad/Controls/Dvorak/EVA_Jump
[LOG 15:44:19.444] Config(EVA_Run) Squad/Controls/Dvorak/EVA_Run
[LOG 15:44:19.444] Config(EVA_ToggleMovementMode) Squad/Controls/Dvorak/EVA_ToggleMovementMode
[LOG 15:44:19.444] Config(EVA_TogglePack) Squad/Controls/Dvorak/EVA_TogglePack
[LOG 15:44:19.444] Config(EVA_Use) Squad/Controls/Dvorak/EVA_Use
[LOG 15:44:19.444] Config(EVA_Board) Squad/Controls/Dvorak/EVA_Board
[LOG 15:44:19.444] Config(EVA_Orient) Squad/Controls/Dvorak/EVA_Orient
[LOG 15:44:19.445] Config(EVA_Lights) Squad/Controls/Dvorak/EVA_Lights
[LOG 15:44:19.445] Config(EVA_ChuteDeploy) Squad/Controls/Dvorak/EVA_ChuteDeploy
[LOG 15:44:19.445] Config(Editor_pitchUp) Squad/Controls/Dvorak/Editor_pitchUp
[LOG 15:44:19.445] Config(Editor_pitchDown) Squad/Controls/Dvorak/Editor_pitchDown
[LOG 15:44:19.445] Config(Editor_yawLeft) Squad/Controls/Dvorak/Editor_yawLeft
[LOG 15:44:19.445] Config(Editor_yawRight) Squad/Controls/Dvorak/Editor_yawRight
[LOG 15:44:19.445] Config(Editor_rollLeft) Squad/Controls/Dvorak/Editor_rollLeft
[LOG 15:44:19.445] Config(Editor_rollRight) Squad/Controls/Dvorak/Editor_rollRight
[LOG 15:44:19.445] Config(Editor_resetRotation) Squad/Controls/Dvorak/Editor_resetRotation
[LOG 15:44:19.445] Config(Editor_modePlace) Squad/Controls/Dvorak/Editor_modePlace
[LOG 15:44:19.445] Config(Editor_modeOffset) Squad/Controls/Dvorak/Editor_modeOffset
[LOG 15:44:19.445] Config(Editor_modeRotate) Squad/Controls/Dvorak/Editor_modeRotate
[LOG 15:44:19.445] Config(Editor_modeRoot) Squad/Controls/Dvorak/Editor_modeRoot
[LOG 15:44:19.445] Config(Editor_coordSystem) Squad/Controls/Dvorak/Editor_coordSystem
[LOG 15:44:19.445] Config(Editor_toggleSymMethod) Squad/Controls/Dvorak/Editor_toggleSymMethod
[LOG 15:44:19.445] Config(Editor_toggleSymMode) Squad/Controls/Dvorak/Editor_toggleSymMode
[LOG 15:44:19.445] Config(Editor_toggleAngleSnap) Squad/Controls/Dvorak/Editor_toggleAngleSnap
[LOG 15:44:19.445] Config(Editor_fineTweak) Squad/Controls/Dvorak/Editor_fineTweak
[LOG 15:44:19.445] Config(Editor_partSearch) Squad/Controls/Dvorak/Editor_partSearch
[LOG 15:44:19.445] Config(Editor_zoomScrollModifier) Squad/Controls/Dvorak/Editor_zoomScrollModifier
[LOG 15:44:19.445] Config(MODIFIER_KEY) Squad/Controls/Dvorak/MODIFIER_KEY
[LOG 15:44:19.445] Config(AbortActionGroup) Squad/Controls/Dvorak/AbortActionGroup
[LOG 15:44:19.445] Config(CustomActionGroup1) Squad/Controls/Dvorak/CustomActionGroup1
[LOG 15:44:19.445] Config(CustomActionGroup2) Squad/Controls/Dvorak/CustomActionGroup2
[LOG 15:44:19.445] Config(CustomActionGroup3) Squad/Controls/Dvorak/CustomActionGroup3
[LOG 15:44:19.445] Config(CustomActionGroup4) Squad/Controls/Dvorak/CustomActionGroup4
[LOG 15:44:19.445] Config(CustomActionGroup5) Squad/Controls/Dvorak/CustomActionGroup5
[LOG 15:44:19.445] Config(CustomActionGroup6) Squad/Controls/Dvorak/CustomActionGroup6
[LOG 15:44:19.445] Config(CustomActionGroup7) Squad/Controls/Dvorak/CustomActionGroup7
[LOG 15:44:19.445] Config(CustomActionGroup8) Squad/Controls/Dvorak/CustomActionGroup8
[LOG 15:44:19.445] Config(CustomActionGroup9) Squad/Controls/Dvorak/CustomActionGroup9
[LOG 15:44:19.445] Config(CustomActionGroup10) Squad/Controls/Dvorak/CustomActionGroup10
[LOG 15:44:19.445] Config(KEY_MAP) Squad/Controls/Dvorak/KEY_MAP
[LOG 15:44:19.445] Config(KEYBOARD_LAYOUT) Squad/Controls/Qwerty/#autoLOC_6001227
[LOG 15:44:19.445] Config(PITCH_DOWN) Squad/Controls/Qwerty/PITCH_DOWN
[LOG 15:44:19.445] Config(PITCH_UP) Squad/Controls/Qwerty/PITCH_UP
[LOG 15:44:19.445] Config(YAW_LEFT) Squad/Controls/Qwerty/YAW_LEFT
[LOG 15:44:19.445] Config(YAW_RIGHT) Squad/Controls/Qwerty/YAW_RIGHT
[LOG 15:44:19.445] Config(ROLL_LEFT) Squad/Controls/Qwerty/ROLL_LEFT
[LOG 15:44:19.445] Config(ROLL_RIGHT) Squad/Controls/Qwerty/ROLL_RIGHT
[LOG 15:44:19.446] Config(THROTTLE_UP) Squad/Controls/Qwerty/THROTTLE_UP
[LOG 15:44:19.446] Config(THROTTLE_DOWN) Squad/Controls/Qwerty/THROTTLE_DOWN
[LOG 15:44:19.446] Config(SAS_HOLD) Squad/Controls/Qwerty/SAS_HOLD
[LOG 15:44:19.446] Config(SAS_TOGGLE) Squad/Controls/Qwerty/SAS_TOGGLE
[LOG 15:44:19.446] Config(LAUNCH_STAGES) Squad/Controls/Qwerty/LAUNCH_STAGES
[LOG 15:44:19.446] Config(Docking_toggleRotLin) Squad/Controls/Qwerty/Docking_toggleRotLin
[LOG 15:44:19.446] Config(CAMERA_MODE) Squad/Controls/Qwerty/CAMERA_MODE
[LOG 15:44:19.446] Config(CAMERA_NEXT) Squad/Controls/Qwerty/CAMERA_NEXT
[LOG 15:44:19.446] Config(PAUSE) Squad/Controls/Qwerty/PAUSE
[LOG 15:44:19.446] Config(PRECISION_CTRL) Squad/Controls/Qwerty/PRECISION_CTRL
[LOG 15:44:19.446] Config(ZOOM_IN) Squad/Controls/Qwerty/ZOOM_IN
[LOG 15:44:19.446] Config(ZOOM_OUT) Squad/Controls/Qwerty/ZOOM_OUT
[LOG 15:44:19.446] Config(SCROLL_VIEW_UP) Squad/Controls/Qwerty/SCROLL_VIEW_UP
[LOG 15:44:19.446] Config(SCROLL_VIEW_DOWN) Squad/Controls/Qwerty/SCROLL_VIEW_DOWN
[LOG 15:44:19.446] Config(SCROLL_ICONS_UP) Squad/Controls/Qwerty/SCROLL_ICONS_UP
[LOG 15:44:19.446] Config(SCROLL_ICONS_DOWN) Squad/Controls/Qwerty/SCROLL_ICONS_DOWN
[LOG 15:44:19.446] Config(CAMERA_ORBIT_UP) Squad/Controls/Qwerty/CAMERA_ORBIT_UP
[LOG 15:44:19.446] Config(CAMERA_ORBIT_DOWN) Squad/Controls/Qwerty/CAMERA_ORBIT_DOWN
[LOG 15:44:19.446] Config(CAMERA_ORBIT_LEFT) Squad/Controls/Qwerty/CAMERA_ORBIT_LEFT
[LOG 15:44:19.446] Config(CAMERA_ORBIT_RIGHT) Squad/Controls/Qwerty/CAMERA_ORBIT_RIGHT
[LOG 15:44:19.447] Config(CAMERA_RESET) Squad/Controls/Qwerty/CAMERA_RESET
[LOG 15:44:19.447] Config(CAMERA_MOUSE_TOGGLE) Squad/Controls/Qwerty/CAMERA_MOUSE_TOGGLE
[LOG 15:44:19.447] Config(TIME_WARP_INCREASE) Squad/Controls/Qwerty/TIME_WARP_INCREASE
[LOG 15:44:19.447] Config(TIME_WARP_DECREASE) Squad/Controls/Qwerty/TIME_WARP_DECREASE
[LOG 15:44:19.447] Config(TIME_WARP_STOP) Squad/Controls/Qwerty/TIME_WARP_STOP
[LOG 15:44:19.447] Config(MAP_VIEW_TOGGLE) Squad/Controls/Qwerty/MAP_VIEW_TOGGLE
[LOG 15:44:19.447] Config(NAVBALL_TOGGLE) Squad/Controls/Qwerty/NAVBALL_TOGGLE
[LOG 15:44:19.447] Config(UIMODE_STAGING) Squad/Controls/Qwerty/UIMODE_STAGING
[LOG 15:44:19.447] Config(UIMODE_DOCKING) Squad/Controls/Qwerty/UIMODE_DOCKING
[LOG 15:44:19.447] Config(TRANSLATE_DOWN) Squad/Controls/Qwerty/TRANSLATE_DOWN
[LOG 15:44:19.447] Config(TRANSLATE_UP) Squad/Controls/Qwerty/TRANSLATE_UP
[LOG 15:44:19.447] Config(TRANSLATE_LEFT) Squad/Controls/Qwerty/TRANSLATE_LEFT
[LOG 15:44:19.447] Config(TRANSLATE_RIGHT) Squad/Controls/Qwerty/TRANSLATE_RIGHT
[LOG 15:44:19.447] Config(TRANSLATE_FWD) Squad/Controls/Qwerty/TRANSLATE_FWD
[LOG 15:44:19.447] Config(TRANSLATE_BACK) Squad/Controls/Qwerty/TRANSLATE_BACK
[LOG 15:44:19.447] Config(RCS_TOGGLE) Squad/Controls/Qwerty/RCS_TOGGLE
[LOG 15:44:19.447] Config(FOCUS_NEXT_VESSEL) Squad/Controls/Qwerty/FOCUS_NEXT_VESSEL
[LOG 15:44:19.447] Config(FOCUS_PREV_VESSEL) Squad/Controls/Qwerty/FOCUS_PREV_VESSEL
[LOG 15:44:19.447] Config(TOGGLE_UI) Squad/Controls/Qwerty/TOGGLE_UI
[LOG 15:44:19.447] Config(TOGGLE_STATUS_SCREEN) Squad/Controls/Qwerty/TOGGLE_STATUS_SCREEN
[LOG 15:44:19.447] Config(TAKE_SCREENSHOT) Squad/Controls/Qwerty/TAKE_SCREENSHOT
[LOG 15:44:19.447] Config(TOGGLE_LABELS) Squad/Controls/Qwerty/TOGGLE_LABELS
[LOG 15:44:19.447] Config(TOGGLE_TEMP_GAUGES) Squad/Controls/Qwerty/TOGGLE_TEMP_GAUGES
[LOG 15:44:19.447] Config(TOGGLE_TEMP_OVERLAY) Squad/Controls/Qwerty/TOGGLE_TEMP_OVERLAY
[LOG 15:44:19.447] Config(TOGGLE_FLIGHT_FORCES) Squad/Controls/Qwerty/TOGGLE_FLIGHT_FORCES
[LOG 15:44:19.447] Config(QUICKSAVE) Squad/Controls/Qwerty/QUICKSAVE
[LOG 15:44:19.447] Config(QUICKLOAD) Squad/Controls/Qwerty/QUICKLOAD
[LOG 15:44:19.447] Config(THROTTLE_CUTOFF) Squad/Controls/Qwerty/THROTTLE_CUTOFF
[LOG 15:44:19.447] Config(THROTTLE_FULL) Squad/Controls/Qwerty/THROTTLE_FULL
[LOG 15:44:19.447] Config(LANDING_GEAR) Squad/Controls/Qwerty/LANDING_GEAR
[LOG 15:44:19.447] Config(HEADLIGHT_TOGGLE) Squad/Controls/Qwerty/HEADLIGHT_TOGGLE
[LOG 15:44:19.447] Config(BRAKES) Squad/Controls/Qwerty/BRAKES
[LOG 15:44:19.448] Config(TOGGLE_SPACENAV_FLIGHT_CONTROL) Squad/Controls/Qwerty/TOGGLE_SPACENAV_FLIGHT_CONTROL
[LOG 15:44:19.448] Config(TOGGLE_SPACENAV_ROLL_LOCK) Squad/Controls/Qwerty/TOGGLE_SPACENAV_ROLL_LOCK
[LOG 15:44:19.448] Config(WHEEL_STEER_LEFT) Squad/Controls/Qwerty/WHEEL_STEER_LEFT
[LOG 15:44:19.448] Config(WHEEL_STEER_RIGHT) Squad/Controls/Qwerty/WHEEL_STEER_RIGHT
[LOG 15:44:19.448] Config(WHEEL_THROTTLE_DOWN) Squad/Controls/Qwerty/WHEEL_THROTTLE_DOWN
[LOG 15:44:19.448] Config(WHEEL_THROTTLE_UP) Squad/Controls/Qwerty/WHEEL_THROTTLE_UP
[LOG 15:44:19.448] Config(EVA_forward) Squad/Controls/Qwerty/EVA_forward
[LOG 15:44:19.448] Config(EVA_back) Squad/Controls/Qwerty/EVA_back
[LOG 15:44:19.448] Config(EVA_left) Squad/Controls/Qwerty/EVA_left
[LOG 15:44:19.448] Config(EVA_right) Squad/Controls/Qwerty/EVA_right
[LOG 15:44:19.448] Config(EVA_yaw_left) Squad/Controls/Qwerty/EVA_yaw_left
[LOG 15:44:19.448] Config(EVA_yaw_right) Squad/Controls/Qwerty/EVA_yaw_right
[LOG 15:44:19.448] Config(EVA_Pack_forward) Squad/Controls/Qwerty/EVA_Pack_forward
[LOG 15:44:19.448] Config(EVA_Pack_back) Squad/Controls/Qwerty/EVA_Pack_back
[LOG 15:44:19.448] Config(EVA_Pack_left) Squad/Controls/Qwerty/EVA_Pack_left
[LOG 15:44:19.448] Config(EVA_Pack_right) Squad/Controls/Qwerty/EVA_Pack_right
[LOG 15:44:19.448] Config(EVA_Pack_up) Squad/Controls/Qwerty/EVA_Pack_up
[LOG 15:44:19.448] Config(EVA_Pack_down) Squad/Controls/Qwerty/EVA_Pack_down
[LOG 15:44:19.448] Config(EVA_Jump) Squad/Controls/Qwerty/EVA_Jump
[LOG 15:44:19.448] Config(EVA_Run) Squad/Controls/Qwerty/EVA_Run
[LOG 15:44:19.448] Config(EVA_ToggleMovementMode) Squad/Controls/Qwerty/EVA_ToggleMovementMode
[LOG 15:44:19.448] Config(EVA_TogglePack) Squad/Controls/Qwerty/EVA_TogglePack
[LOG 15:44:19.448] Config(EVA_Use) Squad/Controls/Qwerty/EVA_Use
[LOG 15:44:19.448] Config(EVA_Board) Squad/Controls/Qwerty/EVA_Board
[LOG 15:44:19.448] Config(EVA_Orient) Squad/Controls/Qwerty/EVA_Orient
[LOG 15:44:19.448] Config(EVA_Lights) Squad/Controls/Qwerty/EVA_Lights
[LOG 15:44:19.448] Config(EVA_ChuteDeploy) Squad/Controls/Qwerty/EVA_ChuteDeploy
[LOG 15:44:19.448] Config(Editor_pitchUp) Squad/Controls/Qwerty/Editor_pitchUp
[LOG 15:44:19.448] Config(Editor_pitchDown) Squad/Controls/Qwerty/Editor_pitchDown
[LOG 15:44:19.448] Config(Editor_yawLeft) Squad/Controls/Qwerty/Editor_yawLeft
[LOG 15:44:19.448] Config(Editor_yawRight) Squad/Controls/Qwerty/Editor_yawRight
[LOG 15:44:19.448] Config(Editor_rollLeft) Squad/Controls/Qwerty/Editor_rollLeft
[LOG 15:44:19.448] Config(Editor_rollRight) Squad/Controls/Qwerty/Editor_rollRight
[LOG 15:44:19.448] Config(Editor_resetRotation) Squad/Controls/Qwerty/Editor_resetRotation
[LOG 15:44:19.448] Config(Editor_modePlace) Squad/Controls/Qwerty/Editor_modePlace
[LOG 15:44:19.448] Config(Editor_modeOffset) Squad/Controls/Qwerty/Editor_modeOffset
[LOG 15:44:19.448] Config(Editor_modeRotate) Squad/Controls/Qwerty/Editor_modeRotate
[LOG 15:44:19.448] Config(Editor_modeRoot) Squad/Controls/Qwerty/Editor_modeRoot
[LOG 15:44:19.448] Config(Editor_coordSystem) Squad/Controls/Qwerty/Editor_coordSystem
[LOG 15:44:19.448] Config(Editor_toggleSymMethod) Squad/Controls/Qwerty/Editor_toggleSymMethod
[LOG 15:44:19.448] Config(Editor_toggleSymMode) Squad/Controls/Qwerty/Editor_toggleSymMode
[LOG 15:44:19.448] Config(Editor_toggleAngleSnap) Squad/Controls/Qwerty/Editor_toggleAngleSnap
[LOG 15:44:19.448] Config(Editor_fineTweak) Squad/Controls/Qwerty/Editor_fineTweak
[LOG 15:44:19.448] Config(Editor_partSearch) Squad/Controls/Qwerty/Editor_partSearch
[LOG 15:44:19.449] Config(Editor_zoomScrollModifier) Squad/Controls/Qwerty/Editor_zoomScrollModifier
[LOG 15:44:19.449] Config(MODIFIER_KEY) Squad/Controls/Qwerty/MODIFIER_KEY
[LOG 15:44:19.449] Config(AbortActionGroup) Squad/Controls/Qwerty/AbortActionGroup
[LOG 15:44:19.449] Config(CustomActionGroup1) Squad/Controls/Qwerty/CustomActionGroup1
[LOG 15:44:19.449] Config(CustomActionGroup2) Squad/Controls/Qwerty/CustomActionGroup2
[LOG 15:44:19.449] Config(CustomActionGroup3) Squad/Controls/Qwerty/CustomActionGroup3
[LOG 15:44:19.449] Config(CustomActionGroup4) Squad/Controls/Qwerty/CustomActionGroup4
[LOG 15:44:19.449] Config(CustomActionGroup5) Squad/Controls/Qwerty/CustomActionGroup5
[LOG 15:44:19.449] Config(CustomActionGroup6) Squad/Controls/Qwerty/CustomActionGroup6
[LOG 15:44:19.449] Config(CustomActionGroup7) Squad/Controls/Qwerty/CustomActionGroup7
[LOG 15:44:19.449] Config(CustomActionGroup8) Squad/Controls/Qwerty/CustomActionGroup8
[LOG 15:44:19.449] Config(CustomActionGroup9) Squad/Controls/Qwerty/CustomActionGroup9
[LOG 15:44:19.449] Config(CustomActionGroup10) Squad/Controls/Qwerty/CustomActionGroup10
[LOG 15:44:19.449] Config(KEY_MAP) Squad/Controls/Qwerty/KEY_MAP
[LOG 15:44:19.449] Config(KEYBOARD_LAYOUT) Squad/Controls/Qwerty_en-GB/#autoLOC_6001228
[LOG 15:44:19.449] Config(KEY_MAP) Squad/Controls/Qwerty_en-GB/KEY_MAP
[LOG 15:44:19.449] Config(KEYBOARD_LAYOUT) Squad/Controls/Qwerty_es-LA/#autoLOC_6001229
[LOG 15:44:19.449] Config(CAMERA_MOUSE_TOGGLE) Squad/Controls/Qwerty_es-LA/CAMERA_MOUSE_TOGGLE
[LOG 15:44:19.449] Config(TIME_WARP_STOP) Squad/Controls/Qwerty_es-LA/TIME_WARP_STOP
[LOG 15:44:19.449] Config(FOCUS_NEXT_VESSEL) Squad/Controls/Qwerty_es-LA/FOCUS_NEXT_VESSEL
[LOG 15:44:19.449] Config(FOCUS_PREV_VESSEL) Squad/Controls/Qwerty_es-LA/FOCUS_PREV_VESSEL
[LOG 15:44:19.449] Config(CAMERA_RESET) Squad/Controls/Qwerty_es-LA/CAMERA_RESET
[LOG 15:44:19.449] Config(Editor_partSearch) Squad/Controls/Qwerty_es-LA/Editor_partSearch
[LOG 15:44:19.449] Config(KEY_MAP) Squad/Controls/Qwerty_es-LA/KEY_MAP
[LOG 15:44:19.449] Config(KEYBOARD_LAYOUT) Squad/Controls/Qwerty_it-IT/#autoLOC_6001230
[LOG 15:44:19.449] Config(FOCUS_NEXT_VESSEL) Squad/Controls/Qwerty_it-IT/FOCUS_NEXT_VESSEL
[LOG 15:44:19.449] Config(FOCUS_PREV_VESSEL) Squad/Controls/Qwerty_it-IT/FOCUS_PREV_VESSEL
[LOG 15:44:19.449] Config(CAMERA_MOUSE_TOGGLE) Squad/Controls/Qwerty_it-IT/CAMERA_MOUSE_TOGGLE
[LOG 15:44:19.449] Config(TIME_WARP_STOP) Squad/Controls/Qwerty_it-IT/TIME_WARP_STOP
[LOG 15:44:19.449] Config(CAMERA_RESET) Squad/Controls/Qwerty_it-IT/CAMERA_RESET
[LOG 15:44:19.449] Config(Editor_partSearch) Squad/Controls/Qwerty_it-IT/Editor_partSearch
[LOG 15:44:19.449] Config(KEY_MAP) Squad/Controls/Qwerty_it-IT/KEY_MAP
[LOG 15:44:19.449] Config(KEYBOARD_LAYOUT) Squad/Controls/Qwerty_ja-JP/#autoLOC_6001231
[LOG 15:44:19.449] Config(FOCUS_NEXT_VESSEL) Squad/Controls/Qwerty_ja-JP/FOCUS_NEXT_VESSEL
[LOG 15:44:19.449] Config(FOCUS_PREV_VESSEL) Squad/Controls/Qwerty_ja-JP/FOCUS_PREV_VESSEL
[LOG 15:44:19.449] Config(PRECISION_CTRL) Squad/Controls/Qwerty_ja-JP/PRECISION_CTRL
[LOG 15:44:19.449] Config(CAMERA_MOUSE_TOGGLE) Squad/Controls/Qwerty_ja-JP/CAMERA_MOUSE_TOGGLE
[LOG 15:44:19.449] Config(Editor_partSearch) Squad/Controls/Qwerty_ja-JP/Editor_partSearch
[LOG 15:44:19.449] Config(CAMERA_RESET) Squad/Controls/Qwerty_ja-JP/CAMERA_RESET
[LOG 15:44:19.449] Config(KEY_MAP) Squad/Controls/Qwerty_ja-JP/KEY_MAP
[LOG 15:44:19.449] Config(KEYBOARD_LAYOUT) Squad/Controls/Qwerty_pt-PT/#autoLOC_6001230
[LOG 15:44:19.449] Config(FOCUS_NEXT_VESSEL) Squad/Controls/Qwerty_pt-PT/FOCUS_NEXT_VESSEL
[LOG 15:44:19.449] Config(FOCUS_PREV_VESSEL) Squad/Controls/Qwerty_pt-PT/FOCUS_PREV_VESSEL
[LOG 15:44:19.450] Config(CAMERA_MOUSE_TOGGLE) Squad/Controls/Qwerty_pt-PT/CAMERA_MOUSE_TOGGLE
[LOG 15:44:19.450] Config(TIME_WARP_STOP) Squad/Controls/Qwerty_pt-PT/TIME_WARP_STOP
[LOG 15:44:19.450] Config(CAMERA_RESET) Squad/Controls/Qwerty_pt-PT/CAMERA_RESET
[LOG 15:44:19.450] Config(Editor_partSearch) Squad/Controls/Qwerty_pt-PT/Editor_partSearch
[LOG 15:44:19.450] Config(KEY_MAP) Squad/Controls/Qwerty_pt-PT/KEY_MAP
[LOG 15:44:19.450] Config(KEYBOARD_LAYOUT) Squad/Controls/Qwertz/#autoLOC_6001232
[LOG 15:44:19.450] Config(PITCH_DOWN) Squad/Controls/Qwertz/PITCH_DOWN
[LOG 15:44:19.450] Config(PITCH_UP) Squad/Controls/Qwertz/PITCH_UP
[LOG 15:44:19.450] Config(YAW_LEFT) Squad/Controls/Qwertz/YAW_LEFT
[LOG 15:44:19.450] Config(YAW_RIGHT) Squad/Controls/Qwertz/YAW_RIGHT
[LOG 15:44:19.450] Config(ROLL_LEFT) Squad/Controls/Qwertz/ROLL_LEFT
[LOG 15:44:19.450] Config(ROLL_RIGHT) Squad/Controls/Qwertz/ROLL_RIGHT
[LOG 15:44:19.450] Config(THROTTLE_UP) Squad/Controls/Qwertz/THROTTLE_UP
[LOG 15:44:19.450] Config(THROTTLE_DOWN) Squad/Controls/Qwertz/THROTTLE_DOWN
[LOG 15:44:19.450] Config(SAS_HOLD) Squad/Controls/Qwertz/SAS_HOLD
[LOG 15:44:19.450] Config(SAS_TOGGLE) Squad/Controls/Qwertz/SAS_TOGGLE
[LOG 15:44:19.450] Config(LAUNCH_STAGES) Squad/Controls/Qwertz/LAUNCH_STAGES
[LOG 15:44:19.450] Config(Docking_toggleRotLin) Squad/Controls/Qwertz/Docking_toggleRotLin
[LOG 15:44:19.450] Config(CAMERA_MODE) Squad/Controls/Qwertz/CAMERA_MODE
[LOG 15:44:19.450] Config(CAMERA_NEXT) Squad/Controls/Qwertz/CAMERA_NEXT
[LOG 15:44:19.450] Config(PAUSE) Squad/Controls/Qwertz/PAUSE
[LOG 15:44:19.450] Config(PRECISION_CTRL) Squad/Controls/Qwertz/PRECISION_CTRL
[LOG 15:44:19.450] Config(ZOOM_IN) Squad/Controls/Qwertz/ZOOM_IN
[LOG 15:44:19.450] Config(ZOOM_OUT) Squad/Controls/Qwertz/ZOOM_OUT
[LOG 15:44:19.450] Config(SCROLL_VIEW_UP) Squad/Controls/Qwertz/SCROLL_VIEW_UP
[LOG 15:44:19.450] Config(SCROLL_VIEW_DOWN) Squad/Controls/Qwertz/SCROLL_VIEW_DOWN
[LOG 15:44:19.450] Config(SCROLL_ICONS_UP) Squad/Controls/Qwertz/SCROLL_ICONS_UP
[LOG 15:44:19.450] Config(SCROLL_ICONS_DOWN) Squad/Controls/Qwertz/SCROLL_ICONS_DOWN
[LOG 15:44:19.450] Config(CAMERA_ORBIT_UP) Squad/Controls/Qwertz/CAMERA_ORBIT_UP
[LOG 15:44:19.450] Config(CAMERA_ORBIT_DOWN) Squad/Controls/Qwertz/CAMERA_ORBIT_DOWN
[LOG 15:44:19.450] Config(CAMERA_ORBIT_LEFT) Squad/Controls/Qwertz/CAMERA_ORBIT_LEFT
[LOG 15:44:19.450] Config(CAMERA_ORBIT_RIGHT) Squad/Controls/Qwertz/CAMERA_ORBIT_RIGHT
[LOG 15:44:19.450] Config(CAMERA_RESET) Squad/Controls/Qwertz/CAMERA_RESET
[LOG 15:44:19.450] Config(CAMERA_MOUSE_TOGGLE) Squad/Controls/Qwertz/CAMERA_MOUSE_TOGGLE
[LOG 15:44:19.450] Config(TIME_WARP_INCREASE) Squad/Controls/Qwertz/TIME_WARP_INCREASE
[LOG 15:44:19.450] Config(TIME_WARP_DECREASE) Squad/Controls/Qwertz/TIME_WARP_DECREASE
[LOG 15:44:19.450] Config(TIME_WARP_STOP) Squad/Controls/Qwertz/TIME_WARP_STOP
[LOG 15:44:19.450] Config(MAP_VIEW_TOGGLE) Squad/Controls/Qwertz/MAP_VIEW_TOGGLE
[LOG 15:44:19.450] Config(NAVBALL_TOGGLE) Squad/Controls/Qwertz/NAVBALL_TOGGLE
[LOG 15:44:19.450] Config(UIMODE_STAGING) Squad/Controls/Qwertz/UIMODE_STAGING
[LOG 15:44:19.450] Config(UIMODE_DOCKING) Squad/Controls/Qwertz/UIMODE_DOCKING
[LOG 15:44:19.450] Config(TRANSLATE_DOWN) Squad/Controls/Qwertz/TRANSLATE_DOWN
[LOG 15:44:19.450] Config(TRANSLATE_UP) Squad/Controls/Qwertz/TRANSLATE_UP
[LOG 15:44:19.450] Config(TRANSLATE_LEFT) Squad/Controls/Qwertz/TRANSLATE_LEFT
[LOG 15:44:19.450] Config(TRANSLATE_RIGHT) Squad/Controls/Qwertz/TRANSLATE_RIGHT
[LOG 15:44:19.450] Config(TRANSLATE_FWD) Squad/Controls/Qwertz/TRANSLATE_FWD
[LOG 15:44:19.450] Config(TRANSLATE_BACK) Squad/Controls/Qwertz/TRANSLATE_BACK
[LOG 15:44:19.451] Config(RCS_TOGGLE) Squad/Controls/Qwertz/RCS_TOGGLE
[LOG 15:44:19.451] Config(FOCUS_NEXT_VESSEL) Squad/Controls/Qwertz/FOCUS_NEXT_VESSEL
[LOG 15:44:19.451] Config(FOCUS_PREV_VESSEL) Squad/Controls/Qwertz/FOCUS_PREV_VESSEL
[LOG 15:44:19.451] Config(TOGGLE_UI) Squad/Controls/Qwertz/TOGGLE_UI
[LOG 15:44:19.451] Config(TOGGLE_STATUS_SCREEN) Squad/Controls/Qwertz/TOGGLE_STATUS_SCREEN
[LOG 15:44:19.451] Config(TAKE_SCREENSHOT) Squad/Controls/Qwertz/TAKE_SCREENSHOT
[LOG 15:44:19.451] Config(TOGGLE_LABELS) Squad/Controls/Qwertz/TOGGLE_LABELS
[LOG 15:44:19.451] Config(TOGGLE_TEMP_GAUGES) Squad/Controls/Qwertz/TOGGLE_TEMP_GAUGES
[LOG 15:44:19.451] Config(TOGGLE_TEMP_OVERLAY) Squad/Controls/Qwertz/TOGGLE_TEMP_OVERLAY
[LOG 15:44:19.451] Config(TOGGLE_FLIGHT_FORCES) Squad/Controls/Qwertz/TOGGLE_FLIGHT_FORCES
[LOG 15:44:19.451] Config(QUICKSAVE) Squad/Controls/Qwertz/QUICKSAVE
[LOG 15:44:19.451] Config(QUICKLOAD) Squad/Controls/Qwertz/QUICKLOAD
[LOG 15:44:19.451] Config(THROTTLE_CUTOFF) Squad/Controls/Qwertz/THROTTLE_CUTOFF
[LOG 15:44:19.451] Config(THROTTLE_FULL) Squad/Controls/Qwertz/THROTTLE_FULL
[LOG 15:44:19.451] Config(LANDING_GEAR) Squad/Controls/Qwertz/LANDING_GEAR
[LOG 15:44:19.451] Config(HEADLIGHT_TOGGLE) Squad/Controls/Qwertz/HEADLIGHT_TOGGLE
[LOG 15:44:19.451] Config(BRAKES) Squad/Controls/Qwertz/BRAKES
[LOG 15:44:19.451] Config(TOGGLE_SPACENAV_FLIGHT_CONTROL) Squad/Controls/Qwertz/TOGGLE_SPACENAV_FLIGHT_CONTROL
[LOG 15:44:19.451] Config(TOGGLE_SPACENAV_ROLL_LOCK) Squad/Controls/Qwertz/TOGGLE_SPACENAV_ROLL_LOCK
[LOG 15:44:19.451] Config(WHEEL_STEER_LEFT) Squad/Controls/Qwertz/WHEEL_STEER_LEFT
[LOG 15:44:19.451] Config(WHEEL_STEER_RIGHT) Squad/Controls/Qwertz/WHEEL_STEER_RIGHT
[LOG 15:44:19.451] Config(WHEEL_THROTTLE_DOWN) Squad/Controls/Qwertz/WHEEL_THROTTLE_DOWN
[LOG 15:44:19.451] Config(WHEEL_THROTTLE_UP) Squad/Controls/Qwertz/WHEEL_THROTTLE_UP
[LOG 15:44:19.451] Config(EVA_forward) Squad/Controls/Qwertz/EVA_forward
[LOG 15:44:19.451] Config(EVA_back) Squad/Controls/Qwertz/EVA_back
[LOG 15:44:19.451] Config(EVA_left) Squad/Controls/Qwertz/EVA_left
[LOG 15:44:19.451] Config(EVA_right) Squad/Controls/Qwertz/EVA_right
[LOG 15:44:19.451] Config(EVA_yaw_left) Squad/Controls/Qwertz/EVA_yaw_left
[LOG 15:44:19.451] Config(EVA_yaw_right) Squad/Controls/Qwertz/EVA_yaw_right
[LOG 15:44:19.451] Config(EVA_Pack_forward) Squad/Controls/Qwertz/EVA_Pack_forward
[LOG 15:44:19.451] Config(EVA_Pack_back) Squad/Controls/Qwertz/EVA_Pack_back
[LOG 15:44:19.451] Config(EVA_Pack_left) Squad/Controls/Qwertz/EVA_Pack_left
[LOG 15:44:19.451] Config(EVA_Pack_right) Squad/Controls/Qwertz/EVA_Pack_right
[LOG 15:44:19.451] Config(EVA_Pack_up) Squad/Controls/Qwertz/EVA_Pack_up
[LOG 15:44:19.451] Config(EVA_Pack_down) Squad/Controls/Qwertz/EVA_Pack_down
[LOG 15:44:19.451] Config(EVA_Jump) Squad/Controls/Qwertz/EVA_Jump
[LOG 15:44:19.451] Config(EVA_Run) Squad/Controls/Qwertz/EVA_Run
[LOG 15:44:19.451] Config(EVA_ToggleMovementMode) Squad/Controls/Qwertz/EVA_ToggleMovementMode
[LOG 15:44:19.451] Config(EVA_TogglePack) Squad/Controls/Qwertz/EVA_TogglePack
[LOG 15:44:19.451] Config(EVA_Use) Squad/Controls/Qwertz/EVA_Use
[LOG 15:44:19.452] Config(EVA_Board) Squad/Controls/Qwertz/EVA_Board
[LOG 15:44:19.452] Config(EVA_Orient) Squad/Controls/Qwertz/EVA_Orient
[LOG 15:44:19.452] Config(EVA_Lights) Squad/Controls/Qwertz/EVA_Lights
[LOG 15:44:19.452] Config(Editor_pitchUp) Squad/Controls/Qwertz/Editor_pitchUp
[LOG 15:44:19.452] Config(Editor_pitchDown) Squad/Controls/Qwertz/Editor_pitchDown
[LOG 15:44:19.452] Config(Editor_yawLeft) Squad/Controls/Qwertz/Editor_yawLeft
[LOG 15:44:19.452] Config(Editor_yawRight) Squad/Controls/Qwertz/Editor_yawRight
[LOG 15:44:19.452] Config(Editor_rollLeft) Squad/Controls/Qwertz/Editor_rollLeft
[LOG 15:44:19.452] Config(Editor_rollRight) Squad/Controls/Qwertz/Editor_rollRight
[LOG 15:44:19.452] Config(Editor_resetRotation) Squad/Controls/Qwertz/Editor_resetRotation
[LOG 15:44:19.452] Config(Editor_modePlace) Squad/Controls/Qwertz/Editor_modePlace
[LOG 15:44:19.452] Config(Editor_modeOffset) Squad/Controls/Qwertz/Editor_modeOffset
[LOG 15:44:19.452] Config(Editor_modeRotate) Squad/Controls/Qwertz/Editor_modeRotate
[LOG 15:44:19.452] Config(Editor_modeRoot) Squad/Controls/Qwertz/Editor_modeRoot
[LOG 15:44:19.452] Config(Editor_coordSystem) Squad/Controls/Qwertz/Editor_coordSystem
[LOG 15:44:19.452] Config(Editor_toggleSymMethod) Squad/Controls/Qwertz/Editor_toggleSymMethod
[LOG 15:44:19.452] Config(Editor_toggleSymMode) Squad/Controls/Qwertz/Editor_toggleSymMode
[LOG 15:44:19.452] Config(Editor_toggleAngleSnap) Squad/Controls/Qwertz/Editor_toggleAngleSnap
[LOG 15:44:19.452] Config(Editor_fineTweak) Squad/Controls/Qwertz/Editor_fineTweak
[LOG 15:44:19.452] Config(Editor_partSearch) Squad/Controls/Qwertz/Editor_partSearch
[LOG 15:44:19.452] Config(Editor_zoomScrollModifier) Squad/Controls/Qwertz/Editor_zoomScrollModifier
[LOG 15:44:19.452] Config(MODIFIER_KEY) Squad/Controls/Qwertz/MODIFIER_KEY
[LOG 15:44:19.452] Config(AbortActionGroup) Squad/Controls/Qwertz/AbortActionGroup
[LOG 15:44:19.452] Config(CustomActionGroup1) Squad/Controls/Qwertz/CustomActionGroup1
[LOG 15:44:19.452] Config(CustomActionGroup2) Squad/Controls/Qwertz/CustomActionGroup2
[LOG 15:44:19.452] Config(CustomActionGroup3) Squad/Controls/Qwertz/CustomActionGroup3
[LOG 15:44:19.452] Config(CustomActionGroup4) Squad/Controls/Qwertz/CustomActionGroup4
[LOG 15:44:19.452] Config(CustomActionGroup5) Squad/Controls/Qwertz/CustomActionGroup5
[LOG 15:44:19.452] Config(CustomActionGroup6) Squad/Controls/Qwertz/CustomActionGroup6
[LOG 15:44:19.452] Config(CustomActionGroup7) Squad/Controls/Qwertz/CustomActionGroup7
[LOG 15:44:19.452] Config(CustomActionGroup8) Squad/Controls/Qwertz/CustomActionGroup8
[LOG 15:44:19.452] Config(CustomActionGroup9) Squad/Controls/Qwertz/CustomActionGroup9
[LOG 15:44:19.452] Config(CustomActionGroup10) Squad/Controls/Qwertz/CustomActionGroup10
[LOG 15:44:19.452] Config(KEY_MAP) Squad/Controls/Qwertz/KEY_MAP
[LOG 15:44:19.452] Config(EXPERIENCE_TRAIT) Squad/Experience/Traits/Pilot
[LOG 15:44:19.452] Config(EXPERIENCE_TRAIT) Squad/Experience/Traits/Engineer
[LOG 15:44:19.452] Config(EXPERIENCE_TRAIT) Squad/Experience/Traits/Scientist
[LOG 15:44:19.452] Config(EXPERIENCE_TRAIT) Squad/Experience/Traits/Tourist
[LOG 15:44:19.452] Config(Localization) Squad/Localization/dictionary/Localization
[LOG 15:44:19.452] Config(MISSIONPACK) Squad/Missions/MissionPacks/squad_ESA
[LOG 15:44:19.452] Config(VARIANTTHEME) Squad/Parts/VariantThemes/White
[LOG 15:44:19.452] Config(VARIANTTHEME) Squad/Parts/VariantThemes/BlackAndWhite
[LOG 15:44:19.452] Config(VARIANTTHEME) Squad/Parts/VariantThemes/GrayAndOrange
[LOG 15:44:19.452] Config(VARIANTTHEME) Squad/Parts/VariantThemes/Dark
[LOG 15:44:19.452] Config(VARIANTTHEME) Squad/Parts/VariantThemes/Gray
[LOG 15:44:19.452] Config(VARIANTTHEME) Squad/Parts/VariantThemes/Orange
[LOG 15:44:19.452] Config(VARIANTTHEME) Squad/Parts/VariantThemes/Gold
[LOG 15:44:19.452] Config(VARIANTTHEME) Squad/Parts/VariantThemes/Bare
[LOG 15:44:19.452] Config(VARIANTTHEME) Squad/Parts/VariantThemes/Shroud
[LOG 15:44:19.452] Config(VARIANTTHEME) Squad/Parts/VariantThemes/GrayAndWhite
[LOG 15:44:19.452] Config(VARIANTTHEME) Squad/Parts/VariantThemes/YellowAndWhite
[LOG 15:44:19.452] Config(VARIANTTHEME) Squad/Parts/VariantThemes/Silver
[LOG 15:44:19.452] Config(VARIANTTHEME) Squad/Parts/VariantThemes/Gray with Stripes
[LOG 15:44:19.452] Config(PART) Squad/Parts/Aero/aerodynamicNoseCone/aerodynamicNoseCone/noseCone
[LOG 15:44:19.452] Config(PART) Squad/Parts/Aero/airbrake/Airbrake/airbrake1
[LOG 15:44:19.452] Config(PART) Squad/Parts/Aero/airIntakeRadialXM-G50/airIntakeRadialXM-G50/airScoop
[LOG 15:44:19.452] Config(PART) Squad/Parts/Aero/airlinerWings/ControlSurface/airlinerCtrlSrf
[LOG 15:44:19.453] Config(PART) Squad/Parts/Aero/airlinerWings/MainWing/airlinerMainWing
[LOG 15:44:19.453] Config(PART) Squad/Parts/Aero/airlinerWings/TailFin/airlinerTailFin
[LOG 15:44:19.453] Config(PART) Squad/Parts/Aero/airplaneFins/advancedCanard/AdvancedCanard
[LOG 15:44:19.453] Config(PART) Squad/Parts/Aero/airplaneFins/standardCanard/CanardController
[LOG 15:44:19.453] Config(PART) Squad/Parts/Aero/airplaneFins/sweptWing/sweptWing
[LOG 15:44:19.453] Config(PART) Squad/Parts/Aero/airplaneFins/tailfin/tailfin
[LOG 15:44:19.453] Config(PART) Squad/Parts/Aero/basicFin/basicFin/basicFin
[LOG 15:44:19.453] Config(PART) Squad/Parts/Aero/circularIntake/circularIntake/CircularIntake
[LOG 15:44:19.453] Config(PART) Squad/Parts/Aero/circularIntake/intakeShockCone/shockConeIntake
[LOG 15:44:19.453] Config(PART) Squad/Parts/Aero/cones/avionicsNoseCone/avionicsNoseCone
[LOG 15:44:19.453] Config(PART) Squad/Parts/Aero/cones/ConeA/pointyNoseConeA
[LOG 15:44:19.453] Config(PART) Squad/Parts/Aero/cones/ConeB/pointyNoseConeB
[LOG 15:44:19.453] Config(PART) Squad/Parts/Aero/cones/noseConeAdapter/noseConeAdapter
[LOG 15:44:19.453] Config(PART) Squad/Parts/Aero/cones/protectiveRocketNoseMk7_v2/rocketNoseCone_v2
[LOG 15:44:19.453] Config(PART) Squad/Parts/Aero/cones/protectiveRocketNoseMk7_v3/rocketNoseCone_v3
[LOG 15:44:19.453] Config(PART) Squad/Parts/Aero/cones/rocketNoseCone_size3/rocketNoseConeSize3
[LOG 15:44:19.453] Config(PART) Squad/Parts/Aero/cones/smallNoseCone/standardNoseCone
[LOG 15:44:19.453] Config(PART) Squad/Parts/Aero/cones/tailConnectorA/airplaneTail
[LOG 15:44:19.453] Config(PART) Squad/Parts/Aero/cones/tailConnectorB/airplaneTailB
[LOG 15:44:19.453] Config(PART) Squad/Parts/Aero/fairings/fairingSize1/fairingSize1
[LOG 15:44:19.453] Config(PART) Squad/Parts/Aero/fairings/fairingSize2/fairingSize2
[LOG 15:44:19.453] Config(PART) Squad/Parts/Aero/fairings/fairingSize3/fairingSize3
[LOG 15:44:19.453] Config(PART) Squad/Parts/Aero/HeatShield/HeatShield0/HeatShield0
[LOG 15:44:19.453] Config(PART) Squad/Parts/Aero/HeatShield/HeatShield1/HeatShield1
[LOG 15:44:19.453] Config(PART) Squad/Parts/Aero/HeatShield/HeatShield2/HeatShield2
[LOG 15:44:19.453] Config(PART) Squad/Parts/Aero/HeatShield/HeatShield3/HeatShield3
[LOG 15:44:19.453] Config(PART) Squad/Parts/Aero/InflatableHeatShield/HeatShield/InflatableHeatShield
[LOG 15:44:19.453] Config(PART) Squad/Parts/Aero/intakeRadialLong/intakeRadialLong/IntakeRadialLong
[LOG 15:44:19.453] Config(PART) Squad/Parts/Aero/miniIntake/SmallIntake/miniIntake
[LOG 15:44:19.453] Config(PART) Squad/Parts/Aero/ramAirIntake/ramAirIntake/ramAirIntake
[LOG 15:44:19.453] Config(PART) Squad/Parts/Aero/shuttleWings/delta/wingShuttleDelta
[LOG 15:44:19.453] Config(PART) Squad/Parts/Aero/shuttleWings/elevon1/wingShuttleElevon1
[LOG 15:44:19.453] Config(PART) Squad/Parts/Aero/shuttleWings/elevon2/wingShuttleElevon2
[LOG 15:44:19.453] Config(PART) Squad/Parts/Aero/shuttleWings/rudder/wingShuttleRudder
[LOG 15:44:19.453] Config(PART) Squad/Parts/Aero/shuttleWings/strake/wingShuttleStrake
[LOG 15:44:19.453] Config(PART) Squad/Parts/Aero/wingletAV-R8/wingletAV-R8/R8winglet
[LOG 15:44:19.453] Config(PART) Squad/Parts/Aero/wingletAV-T1/wingletAV-T1/winglet
[LOG 15:44:19.453] Config(PART) Squad/Parts/Aero/wingletDeltaDeluxe/wingletDeltaDeluxe/winglet3
[LOG 15:44:19.453] Config(PART) Squad/Parts/Aero/wings/connector1/wingConnector
[LOG 15:44:19.453] Config(PART) Squad/Parts/Aero/wings/connector2/wingConnector2
[LOG 15:44:19.453] Config(PART) Squad/Parts/Aero/wings/connector3/wingConnector3
[LOG 15:44:19.454] Config(PART) Squad/Parts/Aero/wings/connector4/wingConnector4
[LOG 15:44:19.454] Config(PART) Squad/Parts/Aero/wings/connector5/wingConnector5
[LOG 15:44:19.454] Config(PART) Squad/Parts/Aero/wings/delta/deltaWing
[LOG 15:44:19.454] Config(PART) Squad/Parts/Aero/wings/delta_small/delta_small
[LOG 15:44:19.454] Config(PART) Squad/Parts/Aero/wings/elevon1/StandardCtrlSrf
[LOG 15:44:19.454] Config(PART) Squad/Parts/Aero/wings/elevon2/elevon2
[LOG 15:44:19.454] Config(PART) Squad/Parts/Aero/wings/elevon3/elevon3
[LOG 15:44:19.454] Config(PART) Squad/Parts/Aero/wings/elevon4/smallCtrlSrf
[LOG 15:44:19.454] Config(PART) Squad/Parts/Aero/wings/elevon5/elevon5
[LOG 15:44:19.454] Config(PART) Squad/Parts/Aero/wings/strake/wingStrake
[LOG 15:44:19.454] Config(PART) Squad/Parts/Aero/wings/structural1/structuralWing
[LOG 15:44:19.454] Config(PART) Squad/Parts/Aero/wings/structural2/structuralWing2
[LOG 15:44:19.454] Config(PART) Squad/Parts/Aero/wings/structural3/structuralWing3
[LOG 15:44:19.454] Config(PART) Squad/Parts/Aero/wings/structural4/structuralWing4
[LOG 15:44:19.454] Config(PART) Squad/Parts/Aero/wings/swept1/sweptWing1
[LOG 15:44:19.454] Config(PART) Squad/Parts/Aero/wings/swept2/sweptWing2
[LOG 15:44:19.454] Config(PART) Squad/Parts/Cargo/CargoContainers/cargoContainer/cargoContainer
[LOG 15:44:19.454] Config(PART) Squad/Parts/Cargo/CargoContainers/smallCargoContainer/smallCargoContainer
[LOG 15:44:19.454] Config(PART) Squad/Parts/Cargo/Cylinder/Cylinder/evaCylinder
[LOG 15:44:19.454] Config(PART) Squad/Parts/Cargo/GroundAnchor/groundAnchor/groundAnchor
[LOG 15:44:19.454] Config(PART) Squad/Parts/Cargo/Jetpack/Jetpack/evaJetpack
[LOG 15:44:19.454] Config(PART) Squad/Parts/Cargo/Parachute/Parachute/evaChute
[LOG 15:44:19.454] Config(PART) Squad/Parts/Cargo/RepairKit/RepairKit/evaRepairKit
[LOG 15:44:19.454] Config(PART) Squad/Parts/Cargo/ScienceKit/evaScienceKit/evaScienceKit
[LOG 15:44:19.454] Config(PART) Squad/Parts/Cargo/StorageUnits/CargoStorageUnit/CargoStorageUnit
[LOG 15:44:19.454] Config(PART) Squad/Parts/Cargo/StorageUnits/ConformalStorageUnit/ConformalStorageUnit
[LOG 15:44:19.454] Config(PART) Squad/Parts/Command/advancedSasModuleLarge/advSasModuleLarge/asasmodule1-2
[LOG 15:44:19.454] Config(PART) Squad/Parts/Command/cupola/cupola/cupola
[LOG 15:44:19.454] Config(PART) Squad/Parts/Command/externalCommandSeat/externalCommandSeat/seatExternalCmd
[LOG 15:44:19.454] Config(PART) Squad/Parts/Command/hitchhikerStorageContainer/hitchikerStorageContainer/crewCabin
[LOG 15:44:19.454] Config(PART) Squad/Parts/Command/inlineAdvancedStabilizer/inlineAdvancedStabilizer/advSasModule
[LOG 15:44:19.454] Config(PART) Squad/Parts/Command/inlineReactionWheel/inlineReactionWheel/sasModule
[LOG 15:44:19.454] Config(PART) Squad/Parts/Command/Mk1-3Pod/mk1-3/mk1-3pod
[LOG 15:44:19.454] Config(PART) Squad/Parts/Command/mk1Cockpits/mk1Cockpit/Mark1Cockpit
[LOG 15:44:19.454] Config(PART) Squad/Parts/Command/mk1Cockpits/mk1CrewCabin/MK1CrewCabin
[LOG 15:44:19.454] Config(PART) Squad/Parts/Command/mk1Cockpits/mk1InlineCockpit/Mark2Cockpit
[LOG 15:44:19.454] Config(PART) Squad/Parts/Command/mk1LanderCan/mk1LanderCan/landerCabinSmall
[LOG 15:44:19.455] Config(PART) Squad/Parts/Command/mk1pod_v2/mk1Pod_v2/mk1pod_v2
[LOG 15:44:19.455] Config(PART) Squad/Parts/Command/mk2CockpitInline/mk2CockpitInline/mk2Cockpit_Inline
[LOG 15:44:19.455] Config(PART) Squad/Parts/Command/mk2CockpitStandard/mk2CockpitStandard/mk2Cockpit_Standard
[LOG 15:44:19.455] Config(PART) Squad/Parts/Command/mk2DroneCore/mk2Dronecore/mk2DroneCore
[LOG 15:44:19.455] Config(PART) Squad/Parts/Command/mk2LanderCan/mk2LanderCan/mk2LanderCabin
[LOG 15:44:19.455] Config(PART) Squad/Parts/Command/mk2LanderCan_v2/mk2LanderCan_v2/mk2LanderCabin_v2
[LOG 15:44:19.455] Config(PART) Squad/Parts/Command/mk3CockpitShuttle/mk3CockpitShuttle/mk3Cockpit_Shuttle
[LOG 15:44:19.455] Config(PART) Squad/Parts/Command/MpoProbe/MpoProbe/MpoProbe
[LOG 15:44:19.455] Config(PART) Squad/Parts/Command/MtmStage/MTM_Stage/MtmStage
[LOG 15:44:19.455] Config(PART) Squad/Parts/Command/probeCoreCube/probeCoreCube/probeCoreCube
[LOG 15:44:19.455] Config(PART) Squad/Parts/Command/probeCoreHex/probeCoreHex/probeCoreHex
[LOG 15:44:19.455] Config(PART) Squad/Parts/Command/probeCoreHex_v2/probeCoreHex_v2/probeCoreHex_v2
[LOG 15:44:19.455] Config(PART) Squad/Parts/Command/probeCoreOcto2_v2/probeCoreOcto2_v2/probeCoreOcto2_v2
[LOG 15:44:19.455] Config(PART) Squad/Parts/Command/probeCoreOcto_v2/probeCoreOcto_v2/probeCoreOcto_v2
[LOG 15:44:19.455] Config(PART) Squad/Parts/Command/probeRoverBody/probeRoverBody/roverBody
[LOG 15:44:19.455] Config(PART) Squad/Parts/Command/probeRoverBody_v2/probeRoverBody_v2/roverBody_v2
[LOG 15:44:19.455] Config(PART) Squad/Parts/Command/probeStackLarge/probeStackLarge/probeStackLarge
[LOG 15:44:19.455] Config(PART) Squad/Parts/Command/probeStackSmall/probeStackSmall/probeStackSmall
[LOG 15:44:19.455] Config(PART) Squad/Parts/Command/probeStackSphere_v2/probeStackSphere_v2/probeCoreSphere_v2
[LOG 15:44:19.455] Config(PART) Squad/Parts/CompoundParts/FuelLine/fuelLine/fuelLine
[LOG 15:44:19.455] Config(PART) Squad/Parts/CompoundParts/strutConnector/strutConnector/strutConnector
[LOG 15:44:19.455] Config(PART) Squad/Parts/Coupling/Decoupler_0/Decoupler_0
[LOG 15:44:19.455] Config(PART) Squad/Parts/Coupling/Decoupler_1/Decoupler_1
[LOG 15:44:19.455] Config(PART) Squad/Parts/Coupling/Decoupler_2/Decoupler_2
[LOG 15:44:19.455] Config(PART) Squad/Parts/Coupling/Decoupler_3/Decoupler_3
[LOG 15:44:19.455] Config(PART) Squad/Parts/Coupling/Separator_0/Separator_0
[LOG 15:44:19.455] Config(PART) Squad/Parts/Coupling/Separator_1/Separator_1
[LOG 15:44:19.455] Config(PART) Squad/Parts/Coupling/Separator_2/Separator_2
[LOG 15:44:19.455] Config(PART) Squad/Parts/Coupling/Separator_3/Separator_3
[LOG 15:44:19.455] Config(PART) Squad/Parts/Electrical/10CSolarPanels/OX-10C/solarPanelOX10C
[LOG 15:44:19.455] Config(PART) Squad/Parts/Electrical/10CSolarPanels/SP-10C/solarPanelSP10C
[LOG 15:44:19.455] Config(PART) Squad/Parts/Electrical/10LSolarPanels/OX-10L/solarPanelOX10L
[LOG 15:44:19.455] Config(PART) Squad/Parts/Electrical/10LSolarPanels/SP-10L/solarPanelSP10L
[LOG 15:44:19.455] Config(PART) Squad/Parts/Electrical/1x6ShroudSolarPanels/1x6ShroudSolarPanels/solarPanels2
[LOG 15:44:19.455] Config(PART) Squad/Parts/Electrical/1x6SolarPanels/1x6SolarPanels/solarPanels4
[LOG 15:44:19.455] Config(PART) Squad/Parts/Electrical/3x2ShroudSolarPanels/3x2ShroudSolarPanels/solarPanels1
[LOG 15:44:19.455] Config(PART) Squad/Parts/Electrical/3x2SolarPanels/3x2SolarPanels/solarPanels3
[LOG 15:44:19.456] Config(PART) Squad/Parts/Electrical/gigantorXlSolarArray/gigantorXlSolarArray/largeSolarPanel
[LOG 15:44:19.456] Config(PART) Squad/Parts/Electrical/radialFlatSolarPanel/radialFlatSolarPanel/solarPanels5
[LOG 15:44:19.456] Config(PART) Squad/Parts/Electrical/RTG/RTG/rtg
[LOG 15:44:19.456] Config(PART) Squad/Parts/Electrical/z-100Battery/z-100Battery/batteryPack
[LOG 15:44:19.456] Config(PART) Squad/Parts/Electrical/z-1kBattery/z-1kBattery/batteryBank
[LOG 15:44:19.456] Config(PART) Squad/Parts/Electrical/z-200Battery/z-200Battery/batteryBankMini
[LOG 15:44:19.456] Config(PART) Squad/Parts/Electrical/z-400Battery/z-400Battery/ksp_r_largeBatteryPack
[LOG 15:44:19.456] Config(PART) Squad/Parts/Electrical/z-4kBattery/z-4kBattery/batteryBankLarge
[LOG 15:44:19.456] Config(PART) Squad/Parts/Engine/ionEngine/ionEngine/ionEngine
[LOG 15:44:19.456] Config(PART) Squad/Parts/Engine/jetEngines/jetEngineAfterburning/turboJet
[LOG 15:44:19.456] Config(PART) Squad/Parts/Engine/jetEngines/jetEngineBasic/JetEngine
[LOG 15:44:19.456] Config(PART) Squad/Parts/Engine/jetEngines/jetEngineBig/turboFanSize2
[LOG 15:44:19.456] Config(PART) Squad/Parts/Engine/jetEngines/jetEngineTurbo/turboFanEngine
[LOG 15:44:19.456] Config(PART) Squad/Parts/Engine/liquidEngine24-77/liquidEngine24-77/smallRadialEngine
[LOG 15:44:19.456] Config(PART) Squad/Parts/Engine/liquidEngine24-77_v2/liquidEngine24-77_v2/smallRadialEngine_v2
[LOG 15:44:19.456] Config(PART) Squad/Parts/Engine/liquidEngine48-7S_v2/liquidEngine48-7S_v2/liquidEngineMini_v2
[LOG 15:44:19.456] Config(PART) Squad/Parts/Engine/liquidEngineAerospike/liquidEngineAerospike/toroidalAerospike
[LOG 15:44:19.456] Config(PART) Squad/Parts/Engine/liquidEngineLV-1_v2/liquidEngineLV-1R _v2/radialEngineMini_v2
[LOG 15:44:19.457] Config(PART) Squad/Parts/Engine/liquidEngineLV-1_v2/liquidEngineLV-1_v2/microEngine_v2
[LOG 15:44:19.457] Config(PART) Squad/Parts/Engine/liquidEngineLV-909_v2/liquidEngineLV-909_v2/liquidEngine3_v2
[LOG 15:44:19.457] Config(PART) Squad/Parts/Engine/liquidEngineLV-N/liquidEngineLV-N/nuclearEngine
[LOG 15:44:19.457] Config(PART) Squad/Parts/Engine/liquidEngineLV-T30/liquidEngineLV-T30/liquidEngine
[LOG 15:44:19.457] Config(PART) Squad/Parts/Engine/liquidEngineLV-T30_v2/liquidEngineLV-T30_v2/liquidEngine_v2
[LOG 15:44:19.457] Config(PART) Squad/Parts/Engine/liquidEngineLV-T45/liquidEngineLV-T45/liquidEngine2
[LOG 15:44:19.457] Config(PART) Squad/Parts/Engine/liquidEngineLV-T45_v2/liquidEngineLV-T45_v2/liquidEngine2_v2
[LOG 15:44:19.457] Config(PART) Squad/Parts/Engine/liquidEngineMainsail_v2/liquidEngineMainsail_v2/liquidEngineMainsail_v2
[LOG 15:44:19.457] Config(PART) Squad/Parts/Engine/liquidEngineMk55/liquidEngineMk55/radialLiquidEngine1-2
[LOG 15:44:19.457] Config(PART) Squad/Parts/Engine/liquidEnginePoodle_v2/liquidEnginePoodle_v2/liquidEngine2-2_v2
[LOG 15:44:19.457] Config(PART) Squad/Parts/Engine/liquidEngineSkipper_v2/skipperLiquidEngine_v2/engineLargeSkipper_v2
[LOG 15:44:19.457] Config(PART) Squad/Parts/Engine/liquidEngineSSME/SSME/SSME
[LOG 15:44:19.457] Config(PART) Squad/Parts/Engine/MassiveSRB/part/MassiveBooster
[LOG 15:44:19.457] Config(PART) Squad/Parts/Engine/miniJet/SmallJetEngine/miniJetEngine
[LOG 15:44:19.457] Config(PART) Squad/Parts/Engine/OMSEngine/omsEngine/omsEngine
[LOG 15:44:19.457] Config(PART) Squad/Parts/Engine/rapierEngine/rapierEngine/RAPIER
[LOG 15:44:19.457] Config(PART) Squad/Parts/Engine/Size1_SRBs/solidBoosterRT-10_v2/solidBooster_v2
[LOG 15:44:19.457] Config(PART) Squad/Parts/Engine/Size1_SRBs/solidBoosterRT-5_v2/solidBooster_sm_v2
[LOG 15:44:19.457] Config(PART) Squad/Parts/Engine/Size2LFB/part/Size2LFB
[LOG 15:44:19.457] Config(PART) Squad/Parts/Engine/Size2LFB_v2/part/Size2LFB_v2
[LOG 15:44:19.457] Config(PART) Squad/Parts/Engine/Size3AdvancedEngine/part/Size3AdvancedEngine
[LOG 15:44:19.457] Config(PART) Squad/Parts/Engine/Size3EngineCluster/part/Size3EngineCluster
[LOG 15:44:19.457] Config(PART) Squad/Parts/Engine/solidBoosterBACC/solidBoosterBACC/solidBooster1-1
[LOG 15:44:19.457] Config(PART) Squad/Parts/Engine/solidBoosterS2-17/solidBoosterS2-17/Thoroughbred
[LOG 15:44:19.457] Config(PART) Squad/Parts/Engine/solidBoosterS2-33/solidBoosterS2-33/Clydesdale
[LOG 15:44:19.457] Config(PART) Squad/Parts/Engine/solidBoosterSep/solidBoosterSep/sepMotor1
[LOG 15:44:19.457] Config(PART) Squad/Parts/Engine/SolidBoostersF/SolidBoosterF3S0/Shrimp
[LOG 15:44:19.457] Config(PART) Squad/Parts/Engine/SolidBoostersF/SolidBoosterFM1/Mite
[LOG 15:44:19.457] Config(PART) Squad/Parts/FuelTank/adapterTanks/Mk3-Mk2/adapterMk3-Mk2
[LOG 15:44:19.457] Config(PART) Squad/Parts/FuelTank/adapterTanks/Mk3-ShuttleAdapter/adapterEngines
[LOG 15:44:19.457] Config(PART) Squad/Parts/FuelTank/adapterTanks/Mk3-Size2/adapterMk3-Size2
[LOG 15:44:19.457] Config(PART) Squad/Parts/FuelTank/adapterTanks/Mk3-Size2Slant/adapterMk3-Size2Slant
[LOG 15:44:19.457] Config(PART) Squad/Parts/FuelTank/adapterTanks/Size2-Mk2/adapterSize2-Mk2
[LOG 15:44:19.457] Config(PART) Squad/Parts/FuelTank/adapterTanks/Size2-Size1/adapterSize2-Size1
[LOG 15:44:19.457] Config(PART) Squad/Parts/FuelTank/adapterTanks/Size2-Size1Slant/adapterSize2-Size1Slant
[LOG 15:44:19.457] Config(PART) Squad/Parts/FuelTank/adapterTanks/Size3-Mk3/adapterSize3-Mk3
[LOG 15:44:19.458] Config(PART) Squad/Parts/FuelTank/drainTankFTE-1/ReleaseValve/ReleaseValve
[LOG 15:44:19.458] Config(PART) Squad/Parts/FuelTank/FoilTanks/RadialTank_Capsule/externalTankCapsule
[LOG 15:44:19.458] Config(PART) Squad/Parts/FuelTank/FoilTanks/RadialTank_Round/externalTankRound
[LOG 15:44:19.458] Config(PART) Squad/Parts/FuelTank/FoilTanks/ToroidTank/externalTankToroid
[LOG 15:44:19.458] Config(PART) Squad/Parts/FuelTank/fuelTankOscarB/fuelTankOscarB/miniFuelTank
[LOG 15:44:19.458] Config(PART) Squad/Parts/FuelTank/miniFuselage/miniFuselage/miniFuselage
[LOG 15:44:19.458] Config(PART) Squad/Parts/FuelTank/mk2Adapters/bicoupler/mk2_1m_Bicoupler
[LOG 15:44:19.458] Config(PART) Squad/Parts/FuelTank/mk2Adapters/long/mk2_1m_AdapterLong
[LOG 15:44:19.458] Config(PART) Squad/Parts/FuelTank/mk2Adapters/standard/mk2SpacePlaneAdapter
[LOG 15:44:19.458] Config(PART) Squad/Parts/FuelTank/mk2FuselageLong/LFO_long/mk2FuselageLongLFO
[LOG 15:44:19.458] Config(PART) Squad/Parts/FuelTank/mk2FuselageLong/L_long/mk2Fuselage
[LOG 15:44:19.458] Config(PART) Squad/Parts/FuelTank/mk2FuselageShort/LFO_short/mk2FuselageShortLFO
[LOG 15:44:19.458] Config(PART) Squad/Parts/FuelTank/mk2FuselageShort/L_short/mk2FuselageShortLiquid
[LOG 15:44:19.458] Config(PART) Squad/Parts/FuelTank/mk2FuselageShort/Mono_short/mk2FuselageShortMono
[LOG 15:44:19.458] Config(PART) Squad/Parts/FuelTank/mk3Fuselage/CREW/mk3CrewCabin
[LOG 15:44:19.458] Config(PART) Squad/Parts/FuelTank/mk3Fuselage/LFO_100/mk3FuselageLFO_100
[LOG 15:44:19.458] Config(PART) Squad/Parts/FuelTank/mk3Fuselage/LFO_25/mk3FuselageLFO_25
[LOG 15:44:19.458] Config(PART) Squad/Parts/FuelTank/mk3Fuselage/LFO_50/mk3FuselageLFO_50
[LOG 15:44:19.458] Config(PART) Squad/Parts/FuelTank/mk3Fuselage/LF_100/mk3FuselageLF_100
[LOG 15:44:19.458] Config(PART) Squad/Parts/FuelTank/mk3Fuselage/LF_25/mk3FuselageLF_25
[LOG 15:44:19.458] Config(PART) Squad/Parts/FuelTank/mk3Fuselage/LF_50/mk3FuselageLF_50
[LOG 15:44:19.458] Config(PART) Squad/Parts/FuelTank/mk3Fuselage/MONO/mk3FuselageMONO
[LOG 15:44:19.458] Config(PART) Squad/Parts/FuelTank/RCSFuelTankR1/RCSFuelTankR1/RCSTank1-2
[LOG 15:44:19.458] Config(PART) Squad/Parts/FuelTank/RCSFuelTankR10/RCSFuelTankR10/rcsTankMini
[LOG 15:44:19.458] Config(PART) Squad/Parts/FuelTank/RCSFuelTankR25/RCSFuelTankR25/RCSFuelTank
[LOG 15:44:19.458] Config(PART) Squad/Parts/FuelTank/RCSTankRadial/radialRCSTank/radialRCSTank
[LOG 15:44:19.458] Config(PART) Squad/Parts/FuelTank/RCStankRadialLong/RCSTankRadialLong/rcsTankRadialLong
[LOG 15:44:19.458] Config(PART) Squad/Parts/FuelTank/RockomaxTanks/Rockomax16/Rockomax16_BW
[LOG 15:44:19.458] Config(PART) Squad/Parts/FuelTank/RockomaxTanks/Rockomax32/Rockomax32_BW
[LOG 15:44:19.458] Config(PART) Squad/Parts/FuelTank/RockomaxTanks/Rockomax64/Rockomax64_BW
[LOG 15:44:19.458] Config(PART) Squad/Parts/FuelTank/RockomaxTanks/Rockomax8/Rockomax8BW
[LOG 15:44:19.458] Config(PART) Squad/Parts/FuelTank/Size1_Tanks/fuelTankT100/fuelTankSmallFlat
[LOG 15:44:19.458] Config(PART) Squad/Parts/FuelTank/Size1_Tanks/fuelTankT200/fuelTankSmall
[LOG 15:44:19.458] Config(PART) Squad/Parts/FuelTank/Size1_Tanks/fuelTankT400/fuelTank
[LOG 15:44:19.458] Config(PART) Squad/Parts/FuelTank/Size1_Tanks/fuelTankT800/fuelTank_long
[LOG 15:44:19.458] Config(PART) Squad/Parts/FuelTank/Size3Tanks/large/Size3LargeTank
[LOG 15:44:19.458] Config(PART) Squad/Parts/FuelTank/Size3Tanks/medium/Size3MediumTank
[LOG 15:44:19.458] Config(PART) Squad/Parts/FuelTank/Size3Tanks/small/Size3SmallTank
[LOG 15:44:19.458] Config(PART) Squad/Parts/FuelTank/xenonTank/xenonTank/xenonTank
[LOG 15:44:19.458] Config(PART) Squad/Parts/FuelTank/xenonTankLarge/xenonTankLarge/xenonTankLarge
[LOG 15:44:19.458] Config(PART) Squad/Parts/FuelTank/xenonTankRadial/xenonTankRadial/xenonTankRadial
[LOG 15:44:19.458] Config(PART) Squad/Parts/Misc/AsteroidDay/CamSat/InfraredTelescope
[LOG 15:44:19.459] Config(PART) Squad/Parts/Misc/AsteroidDay/HECS2/HECS2_ProbeCore
[LOG 15:44:19.459] Config(PART) Squad/Parts/Misc/AsteroidDay/HighGainAntenna/HighGainAntenna
[LOG 15:44:19.459] Config(PART) Squad/Parts/Misc/AsteroidDay/LgRadialSolar/LgRadialSolarPanel
[LOG 15:44:19.459] Config(PART) Squad/Parts/Misc/PotatoComet/part/PotatoComet
[LOG 15:44:19.459] Config(PART) Squad/Parts/Misc/PotatoRoid/part/PotatoRoid
[LOG 15:44:19.459] Config(PART) Squad/Parts/Prebuilt/flag/flag
[LOG 15:44:19.459] Config(PART) Squad/Parts/Prebuilt/kerbalEVA/kerbalEVA
[LOG 15:44:19.459] Config(PART) Squad/Parts/Prebuilt/kerbalEVAfemale/kerbalEVAfemale
[LOG 15:44:19.459] Config(PART) Squad/Parts/Prebuilt/kerbalEVASlimSuit/kerbalEVASlimSuit
[LOG 15:44:19.459] Config(PART) Squad/Parts/Prebuilt/kerbalEVASlimSuitFemale/kerbalEVASlimSuitFemale
[LOG 15:44:19.459] Config(PART) Squad/Parts/Resources/FuelCell/FuelCell/FuelCell
[LOG 15:44:19.459] Config(PART) Squad/Parts/Resources/FuelCell/FuelCellArray/FuelCellArray
[LOG 15:44:19.459] Config(PART) Squad/Parts/Resources/ISRU/ISRU/ISRU
[LOG 15:44:19.459] Config(PART) Squad/Parts/Resources/LargeTank/LargeTank/LargeTank
[LOG 15:44:19.459] Config(PART) Squad/Parts/Resources/MiniDrill/MiniDrill/MiniDrill
[LOG 15:44:19.459] Config(PART) Squad/Parts/Resources/MiniISRU/MiniISRU/MiniISRU
[LOG 15:44:19.459] Config(PART) Squad/Parts/Resources/OrbitalScanner/OrbitalScanner/OrbitalScanner
[LOG 15:44:19.459] Config(PART) Squad/Parts/Resources/RadialDrill/RadialDrill/RadialDrill
[LOG 15:44:19.459] Config(PART) Squad/Parts/Resources/RadialTank/RadialTank/RadialOreTank
[LOG 15:44:19.459] Config(PART) Squad/Parts/Resources/SmallTank/SmallTank/SmallTank
[LOG 15:44:19.459] Config(PART) Squad/Parts/Resources/SurfaceScanner/SurfaceScanner/SurfaceScanner
[LOG 15:44:19.459] Config(PART) Squad/Parts/Resources/SurveyScanner/SurveyScanner/SurveyScanner
[LOG 15:44:19.459] Config(PART) Squad/Parts/Science/AtmosphereSensor/sensorAtmosphere/sensorAtmosphere
[LOG 15:44:19.459] Config(PART) Squad/Parts/Science/GooExperiment/gooExperiment/GooExperiment
[LOG 15:44:19.459] Config(PART) Squad/Parts/Science/LargeCrewedLab/largeCrewedLab/Large_Crewed_Lab
[LOG 15:44:19.459] Config(PART) Squad/Parts/Science/Magnetometer/Magnetometer/Magnetometer
[LOG 15:44:19.459] Config(PART) Squad/Parts/Science/MaterialBay/materialBay/science_module
[LOG 15:44:19.459] Config(PART) Squad/Parts/Science/ScienceBox/ScienceBox/ScienceBox
[LOG 15:44:19.459] Config(PART) Squad/Parts/Science/sensorAccelerometer/sensorAccelerometer/sensorAccelerometer
[LOG 15:44:19.459] Config(PART) Squad/Parts/Science/sensorBarometer/sensorBarometer/sensorBarometer
[LOG 15:44:19.459] Config(PART) Squad/Parts/Science/sensorGravimeter/sensorGravimeter/sensorGravimeter
[LOG 15:44:19.459] Config(PART) Squad/Parts/Science/sensorThermometer/sensorThermometer/sensorThermometer
[LOG 15:44:19.459] Config(PART) Squad/Parts/Structural/FLAdapters/adapterSmallMiniShort/adapterSmallMiniShort
[LOG 15:44:19.459] Config(PART) Squad/Parts/Structural/FLAdapters/adapterSmallMiniTall/adapterSmallMiniTall
[LOG 15:44:19.459] Config(PART) Squad/Parts/Structural/mk1Parts/engineBodyRadial/radialEngineBody
[LOG 15:44:19.459] Config(PART) Squad/Parts/Structural/mk1Parts/engineNacelle/nacelleBody
[LOG 15:44:19.459] Config(PART) Squad/Parts/Structural/mk1Parts/mk1Fuselage/MK1Fuselage
[LOG 15:44:19.459] Config(PART) Squad/Parts/Structural/mk1Parts/mk1FuselageIntake/MK1IntakeFuselage
[LOG 15:44:19.459] Config(PART) Squad/Parts/Structural/mk1Parts/mk1Structural/Mk1FuselageStructural
[LOG 15:44:19.460] Config(PART) Squad/Parts/Structural/Size3To2Adapter_v2/Size2to3_v2/Size3To2Adapter_v2
[LOG 15:44:19.460] Config(PART) Squad/Parts/Structural/stackAdapters/adapterLargeSmallBi/adapterLargeSmallBi
[LOG 15:44:19.460] Config(PART) Squad/Parts/Structural/stackAdapters/adapterLargeSmallQuad/adapterLargeSmallQuad
[LOG 15:44:19.460] Config(PART) Squad/Parts/Structural/stackAdapters/adapterLargeSmallTri/adapterLargeSmallTri
[LOG 15:44:19.460] Config(PART) Squad/Parts/Structural/stationHub/stationHub/stationHub
[LOG 15:44:19.460] Config(PART) Squad/Parts/Structural/structuralIBeam200/structuralIBeam200/structuralIBeam2
[LOG 15:44:19.460] Config(PART) Squad/Parts/Structural/structuralIBeam200Pocket/structuralIBeam200Pocket/structuralIBeam3
[LOG 15:44:19.460] Config(PART) Squad/Parts/Structural/structuralIBeam650/structuralIBeam650/structuralIBeam1
[LOG 15:44:19.460] Config(PART) Squad/Parts/Structural/structuralMicronode/structuralMicronode/structuralMiniNode
[LOG 15:44:19.460] Config(PART) Squad/Parts/Structural/structuralPanel1x1/structuralPanel1x1/structuralPanel1
[LOG 15:44:19.460] Config(PART) Squad/Parts/Structural/structuralPanel2x2/structuralPanel2x2/structuralPanel2
[LOG 15:44:19.460] Config(PART) Squad/Parts/Structural/structuralPylons/smallHardpoint/smallHardpoint
[LOG 15:44:19.460] Config(PART) Squad/Parts/Structural/structuralPylons/structuralPylon/structuralPylon
[LOG 15:44:19.460] Config(PART) Squad/Parts/Structural/strutCubicOcto/strutCubicOcto/strutCube
[LOG 15:44:19.460] Config(PART) Squad/Parts/Structural/strutOcto/strutOcto/strutOcto
[LOG 15:44:19.460] Config(PART) Squad/Parts/Structural/trussGirderAdapter/trussGirderAdapter/trussAdapter
[LOG 15:44:19.460] Config(PART) Squad/Parts/Structural/trussGirderL/trussGirderL/trussPiece1x
[LOG 15:44:19.460] Config(PART) Squad/Parts/Structural/trussGirderXL/trussGirderXL/trussPiece3x
[LOG 15:44:19.460] Config(PART) Squad/Parts/Thermal/FoldingRadiators/foldingRadLarge/foldingRadLarge
[LOG 15:44:19.460] Config(PART) Squad/Parts/Thermal/FoldingRadiators/foldingRadMed/foldingRadMed
[LOG 15:44:19.460] Config(PART) Squad/Parts/Thermal/FoldingRadiators/foldingRadSmall/foldingRadSmall
[LOG 15:44:19.460] Config(PART) Squad/Parts/Thermal/RadiatorPanels/radPanelEdge/radPanelEdge
[LOG 15:44:19.460] Config(PART) Squad/Parts/Thermal/RadiatorPanels/radPanelLg/radPanelLg
[LOG 15:44:19.460] Config(PART) Squad/Parts/Thermal/RadiatorPanels/radPanelSm/radPanelSm
[LOG 15:44:19.460] Config(PART) Squad/Parts/Utility/commDish88-88/commDish88-88/commDish
[LOG 15:44:19.460] Config(PART) Squad/Parts/Utility/commsAntennaDTS-M1/commsAntennaDTS-M1/mediumDishAntenna
[LOG 15:44:19.460] Config(PART) Squad/Parts/Utility/commsDish16/commsAntenna16/longAntenna
[LOG 15:44:19.460] Config(PART) Squad/Parts/Utility/decouplerRadialHDM/decouplerRadialHDM/radialDecoupler1-2
[LOG 15:44:19.460] Config(PART) Squad/Parts/Utility/decouplerRadialTT-38K/decouplerRadialTT-38K/radialDecoupler
[LOG 15:44:19.460] Config(PART) Squad/Parts/Utility/decouplerRadialTT-70/decouplerRadialTT-70/radialDecoupler2
[LOG 15:44:19.460] Config(PART) Squad/Parts/Utility/DirectAntennas/C16S/SurfAntenna
[LOG 15:44:19.460] Config(PART) Squad/Parts/Utility/DirectAntennas/HG-5/HighGainAntenna5
[LOG 15:44:19.460] Config(PART) Squad/Parts/Utility/DirectAntennas/HG-5_v2/HighGainAntenna5_v2
[LOG 15:44:19.460] Config(PART) Squad/Parts/Utility/dockingPort/dockingPort/dockingPort2
[LOG 15:44:19.460] Config(PART) Squad/Parts/Utility/dockingPortInline/dockingPortInline/dockingPortLateral
[LOG 15:44:19.460] Config(PART) Squad/Parts/Utility/dockingPortJr/dockingPortJr/dockingPort3
[LOG 15:44:19.460] Config(PART) Squad/Parts/Utility/dockingPortShielded/dockingPortShielded/dockingPort1
[LOG 15:44:19.460] Config(PART) Squad/Parts/Utility/dockingPortSr/dockingPortSr/dockingPortLarge
[LOG 15:44:19.460] Config(PART) Squad/Parts/Utility/Fireworks/fireworksLauncherBig/fireworksLauncherBig
[LOG 15:44:19.460] Config(PART) Squad/Parts/Utility/Fireworks/fireworksLauncherSmall/fireworksLauncherSmall
[LOG 15:44:19.461] Config(PART) Squad/Parts/Utility/flags/flagFlat/flagFlat/flagPartFlat
[LOG 15:44:19.461] Config(PART) Squad/Parts/Utility/flags/flagSize0/flagSize0/flagPartSize0
[LOG 15:44:19.461] Config(PART) Squad/Parts/Utility/flags/flagSize1/flagSize1/flagPartSize1
[LOG 15:44:19.461] Config(PART) Squad/Parts/Utility/flags/flagSize2/flagSize2/flagPartSize2
[LOG 15:44:19.461] Config(PART) Squad/Parts/Utility/flags/flagSize3/flagSize3/flagPartSize3
[LOG 15:44:19.461] Config(PART) Squad/Parts/Utility/GrapplingDevice/part/GrapplingDevice
[LOG 15:44:19.461] Config(PART) Squad/Parts/Utility/ladderRadial/ladderRadial/ladder1
[LOG 15:44:19.461] Config(PART) Squad/Parts/Utility/ladderTelescopic/ladderTelescopic/telescopicLadder
[LOG 15:44:19.461] Config(PART) Squad/Parts/Utility/ladderTelescopicBay/ladderTelescopicBay/telescopicLadderBay
[LOG 15:44:19.461] Config(PART) Squad/Parts/Utility/landingLegLT-1/landingLegLT-1/landingLeg1
[LOG 15:44:19.461] Config(PART) Squad/Parts/Utility/landingLegLT-2/landingLegLT-2/landingLeg1-2
[LOG 15:44:19.461] Config(PART) Squad/Parts/Utility/landingLegLT-5/landingLegLT-5/miniLandingLeg
[LOG 15:44:19.461] Config(PART) Squad/Parts/Utility/launchClamp1/launchClamp1/launchClamp1
[LOG 15:44:19.461] Config(PART) Squad/Parts/Utility/launchEscapeSystem/part/LaunchEscapeSystem
[LOG 15:44:19.461] Config(PART) Squad/Parts/Utility/Lights/domeLight1/domeLight1
[LOG 15:44:19.461] Config(PART) Squad/Parts/Utility/Lights/groundLight1/groundLight1
[LOG 15:44:19.461] Config(PART) Squad/Parts/Utility/Lights/groundLight2/groundLight2
[LOG 15:44:19.461] Config(PART) Squad/Parts/Utility/Lights/navLight1/navLight1
[LOG 15:44:19.461] Config(PART) Squad/Parts/Utility/Lights/spotLight1/spotLight3
[LOG 15:44:19.461] Config(PART) Squad/Parts/Utility/Lights/stripLight1/stripLight1
[LOG 15:44:19.461] Config(PART) Squad/Parts/Utility/linearVernorRCS/linearRCS/linearRcs
[LOG 15:44:19.461] Config(PART) Squad/Parts/Utility/linearVernorRCS/vernorEngine/vernierEngine
[LOG 15:44:19.461] Config(PART) Squad/Parts/Utility/mk2CargoBay/BayL/mk2CargoBayL
[LOG 15:44:19.461] Config(PART) Squad/Parts/Utility/mk2CargoBay/BayS/mk2CargoBayS
[LOG 15:44:19.461] Config(PART) Squad/Parts/Utility/mk2CrewCabin/mk2CrewCabin/mk2CrewCabin
[LOG 15:44:19.461] Config(PART) Squad/Parts/Utility/mk2DockingPort/mk2DockingPort/mk2DockingPort
[LOG 15:44:19.461] Config(PART) Squad/Parts/Utility/mk3CargoBay/long/mk3CargoBayL
[LOG 15:44:19.461] Config(PART) Squad/Parts/Utility/mk3CargoBay/medium/mk3CargoBayM
[LOG 15:44:19.461] Config(PART) Squad/Parts/Utility/mk3CargoBay/ramp/mk3CargoRamp
[LOG 15:44:19.461] Config(PART) Squad/Parts/Utility/mk3CargoBay/short/mk3CargoBayS
[LOG 15:44:19.461] Config(PART) Squad/Parts/Utility/parachuteMk1/parachuteMk1/parachuteSingle
[LOG 15:44:19.461] Config(PART) Squad/Parts/Utility/parachuteMk12-R/parachuteMk12-R/radialDrogue
[LOG 15:44:19.461] Config(PART) Squad/Parts/Utility/parachuteMk16-XL/parachuteMk16-XL/parachuteLarge
[LOG 15:44:19.461] Config(PART) Squad/Parts/Utility/parachuteMk2-R/parachuteMk2-R/parachuteRadial
[LOG 15:44:19.461] Config(PART) Squad/Parts/Utility/parachuteMk25/parachuteMk25/parachuteDrogue
[LOG 15:44:19.461] Config(PART) Squad/Parts/Utility/radialAttachmentPoint/radialAttachmentPoint/stackPoint1
[LOG 15:44:19.461] Config(PART) Squad/Parts/Utility/rcsBlockRV-105_v2/rcsBlockRV-105/RCSBlock_v2
[LOG 15:44:19.461] Config(PART) Squad/Parts/Utility/rcsBlockRV-105_v2/RCSblock_01_small/RCSblock_01_small
[LOG 15:44:19.462] Config(PART) Squad/Parts/Utility/rcsSmallLinear/RCSLinearSmall/RCSLinearSmall
[LOG 15:44:19.462] Config(PART) Squad/Parts/Utility/RelayAntennas/RA-100/RelayAntenna100
[LOG 15:44:19.462] Config(PART) Squad/Parts/Utility/RelayAntennas/RA-5/RelayAntenna5
[LOG 15:44:19.462] Config(PART) Squad/Parts/Utility/RelayAntennas/RA-50/RelayAntenna50
[LOG 15:44:19.462] Config(PART) Squad/Parts/Utility/rockomaxAdapters/largeAdapter/largeAdapter
[LOG 15:44:19.462] Config(PART) Squad/Parts/Utility/rockomaxAdapters/largeAdapterShort/largeAdapter2
[LOG 15:44:19.462] Config(PART) Squad/Parts/Utility/ServiceBay_v2/ServiceBay_125_v2/ServiceBay_125_v2
[LOG 15:44:19.462] Config(PART) Squad/Parts/Utility/ServiceBay_v2/ServiceBay_250_v2/ServiceBay_250_v2
[LOG 15:44:19.462] Config(PART) Squad/Parts/Utility/smallClaw/smallClaw/smallClaw
[LOG 15:44:19.462] Config(PART) Squad/Parts/Utility/spotLightMk1/spotLightMk1/spotLight1
[LOG 15:44:19.462] Config(PART) Squad/Parts/Utility/spotLightMk1_v2/spotLightMk1_v2/spotLight1_v2
[LOG 15:44:19.462] Config(PART) Squad/Parts/Utility/spotLightMk2/spotLightMk2/spotLight2
[LOG 15:44:19.462] Config(PART) Squad/Parts/Utility/spotLightMk2_v2/spotLightMk2_v2/spotLight2_v2
[LOG 15:44:19.462] Config(PART) Squad/Parts/Utility/stackCouplers/stackBiCoupler_v2/stackBiCoupler_v2
[LOG 15:44:19.462] Config(PART) Squad/Parts/Utility/stackCouplers/stackQuadCoupler/stackQuadCoupler
[LOG 15:44:19.462] Config(PART) Squad/Parts/Utility/stackCouplers/stackTriCoupler_v2/stackTriCoupler_v2
[LOG 15:44:19.462] Config(PART) Squad/Parts/Wheel/LandingGear/GearExtraLarge/GearLarge
[LOG 15:44:19.462] Config(PART) Squad/Parts/Wheel/LandingGear/GearFixed/GearFixed
[LOG 15:44:19.462] Config(PART) Squad/Parts/Wheel/LandingGear/GearFree/GearFree
[LOG 15:44:19.462] Config(PART) Squad/Parts/Wheel/LandingGear/GearLarge/GearMedium
[LOG 15:44:19.462] Config(PART) Squad/Parts/Wheel/LandingGear/GearMedium/GearSmall
[LOG 15:44:19.462] Config(PART) Squad/Parts/Wheel/LandingGear/GearSmall/SmallGearBay
[LOG 15:44:19.462] Config(PART) Squad/Parts/Wheel/roverWheelM1/roverWheelM1/roverWheel1
[LOG 15:44:19.462] Config(PART) Squad/Parts/Wheel/roverWheelS2/roverWheelS2/roverWheel2
[LOG 15:44:19.462] Config(PART) Squad/Parts/Wheel/roverWheelTR-2L/roverWheelTR-2L/wheelMed
[LOG 15:44:19.462] Config(PART) Squad/Parts/Wheel/roverWheelXL3/roverWheelXL3/roverWheel3
[LOG 15:44:19.462] Config(PROP) Squad/Props/AltimeterThreeHands/prop/AltimeterThreeHands
[LOG 15:44:19.462] Config(PROP) Squad/Props/AtmosphereDepth/prop/AtmosphereDepth
[LOG 15:44:19.462] Config(PROP) Squad/Props/AxisIndicator/pitchConfig/AxisIndicatorPitch
[LOG 15:44:19.462] Config(PROP) Squad/Props/AxisIndicator/rollConfig/AxisIndicatorRoll
[LOG 15:44:19.462] Config(PROP) Squad/Props/AxisIndicator/yawConfig/AxisIndicatorYaw
[LOG 15:44:19.462] Config(PROP) Squad/Props/buttonsGeneric/circularButton/genericCircularButton
[LOG 15:44:19.462] Config(PROP) Squad/Props/buttonsGeneric/clusterButtons/genericClusterButtons
[LOG 15:44:19.462] Config(PROP) Squad/Props/buttonsGeneric/clusterButtons2/genericClusterButtons2
[LOG 15:44:19.462] Config(PROP) Squad/Props/buttonsGeneric/clusterKnob/genericClusterKnobs
[LOG 15:44:19.462] Config(PROP) Squad/Props/buttonsGeneric/clusterKnob2/genericClusterKnobs2
[LOG 15:44:19.462] Config(PROP) Squad/Props/buttonsGeneric/clusterMixed/genericClusterMixed
[LOG 15:44:19.462] Config(PROP) Squad/Props/buttonsGeneric/clusterSwitches01/genericClusterSwitches01
[LOG 15:44:19.462] Config(PROP) Squad/Props/buttonsGeneric/clusterSwitches02/genericClusterSwitches02
[LOG 15:44:19.462] Config(PROP) Squad/Props/buttonsGeneric/clusterSwitches03/genericClusterSwitches03
[LOG 15:44:19.463] Config(PROP) Squad/Props/buttonsGeneric/clusterSwitches04/genericClusterSwitches04
[LOG 15:44:19.463] Config(PROP) Squad/Props/buttonsGeneric/clusterSwitches05/genericClusterSwitches05
[LOG 15:44:19.463] Config(PROP) Squad/Props/buttonsGeneric/clusterSwitches06/genericClusterSwitches06
[LOG 15:44:19.463] Config(PROP) Squad/Props/buttonsGeneric/clusterSwitches07/genericClusterSwitches07
[LOG 15:44:19.463] Config(PROP) Squad/Props/buttonsGeneric/directionalKnob/genericDirectionalKnob
[LOG 15:44:19.463] Config(PROP) Squad/Props/buttonsGeneric/directionalKnob2/genericDirectionalKnob2
[LOG 15:44:19.463] Config(PROP) Squad/Props/buttonsGeneric/pullSwitch/genericPullSwitch
[LOG 15:44:19.463] Config(PROP) Squad/Props/buttonsGeneric/squareButton/genericSquareButton
[LOG 15:44:19.463] Config(PROP) Squad/Props/buttonsGeneric/standingSwitch/genericStandingSwitch
[LOG 15:44:19.463] Config(PROP) Squad/Props/buttonsGeneric/switch/genericSwitch
[LOG 15:44:19.463] Config(PROP) Squad/Props/buttonsGeneric/switchWithGuards/genericSwitchWithGuards
[LOG 15:44:19.463] Config(PROP) Squad/Props/ButtonSquare/prop/ButtonSquare
[LOG 15:44:19.463] Config(PROP) Squad/Props/circularButton/prop/circularButton
[LOG 15:44:19.463] Config(PROP) Squad/Props/Compass/prop/Compass
[LOG 15:44:19.463] Config(PROP) Squad/Props/directionalKnob/prop/directionalKnob
[LOG 15:44:19.463] Config(PROP) Squad/Props/directionalKnob2/prop/directionalKnob2
[LOG 15:44:19.463] Config(PROP) Squad/Props/IndicatorPanel/prop/IndicatorPanel
[LOG 15:44:19.463] Config(PROP) Squad/Props/IVANavBall/prop/NavBall
[LOG 15:44:19.463] Config(PROP) Squad/Props/IVANavBallNoBase/prop/NavBallNoBase
[LOG 15:44:19.463] Config(PROP) Squad/Props/ledPanelSpeed/prop/ledPanelSpeed
[LOG 15:44:19.463] Config(PROP) Squad/Props/Monitor/DockingMode/MonitorDockingMode
[LOG 15:44:19.463] Config(PROP) Squad/Props/NavBall/prop/NavBall
[LOG 15:44:19.463] Config(PROP) Squad/Props/PropsGeneric/Button_DockingMode/Button_DockingMode
[LOG 15:44:19.463] Config(PROP) Squad/Props/PropsGeneric/CargoBagA/CargoBagA
[LOG 15:44:19.463] Config(PROP) Squad/Props/PropsGeneric/CargoBagB/CargoBagB
[LOG 15:44:19.463] Config(PROP) Squad/Props/PropsGeneric/CargoBagC/CargoBagC
[LOG 15:44:19.463] Config(PROP) Squad/Props/PropsGeneric/Hatch_Plane/Hatch_Plane
[LOG 15:44:19.463] Config(PROP) Squad/Props/PropsGeneric/Hatch_Plane_Curve90/Hatch_Plane_Curve90
[LOG 15:44:19.463] Config(PROP) Squad/Props/PropsGeneric/Hatch_Plane_Frame/Hatch_Plane_Frame
[LOG 15:44:19.463] Config(PROP) Squad/Props/PropsGeneric/Seat_Passenger/Seat_Passenger
[LOG 15:44:19.463] Config(PROP) Squad/Props/PropsGeneric/Seat_Pilot/Seat_Pilot
[LOG 15:44:19.463] Config(PROP) Squad/Props/PropsGeneric/Seat_Pilot_Helmet/Seat_Pilot_Helmet
[LOG 15:44:19.463] Config(PROP) Squad/Props/PropsGeneric/SideStick/SideStick
[LOG 15:44:19.463] Config(PROP) Squad/Props/pullSwitch/prop/pullSwitch
[LOG 15:44:19.463] Config(PROP) Squad/Props/radarAltitude/prop/RadarAltimeter
[LOG 15:44:19.463] Config(PROP) Squad/Props/squareButton/prop/squareButton
[LOG 15:44:19.463] Config(PROP) Squad/Props/standingSwitch/prop/standingSwitch
[LOG 15:44:19.463] Config(PROP) Squad/Props/switch/prop/switch
[LOG 15:44:19.463] Config(PROP) Squad/Props/switchGuard/prop/switchGuard
[LOG 15:44:19.463] Config(PROP) Squad/Props/switchWithGuards/prop/switchWithGuards
[LOG 15:44:19.463] Config(PROP) Squad/Props/throttle/prop/throttle
[LOG 15:44:19.463] Config(PROP) Squad/Props/VSI/prop/VSI
[LOG 15:44:19.464] Config(SPACEOBJECTS_LIMITS) Squad/Resources/CometDefs/SPACEOBJECTS_LIMITS
[LOG 15:44:19.464] Config(COMET_MANAGER) Squad/Resources/CometDefs/COMET_MANAGER
[LOG 15:44:19.464] Config(COMET_ORBIT_TYPE) Squad/Resources/CometDefs/short
[LOG 15:44:19.464] Config(COMET_ORBIT_TYPE) Squad/Resources/CometDefs/intermediate
[LOG 15:44:19.464] Config(COMET_ORBIT_TYPE) Squad/Resources/CometDefs/long
[LOG 15:44:19.464] Config(COMET_ORBIT_TYPE) Squad/Resources/CometDefs/interstellar
[LOG 15:44:19.464] Config(FIREWORKFX_DEFINITION) Squad/Resources/FireworkFXDefinitions/classicTrail
[LOG 15:44:19.464] Config(FIREWORKFX_DEFINITION) Squad/Resources/FireworkFXDefinitions/whirlyTrail
[LOG 15:44:19.464] Config(FIREWORKFX_DEFINITION) Squad/Resources/FireworkFXDefinitions/strobeTrail
[LOG 15:44:19.464] Config(FIREWORKFX_DEFINITION) Squad/Resources/FireworkFXDefinitions/bareTrail
[LOG 15:44:19.464] Config(FIREWORKFX_DEFINITION) Squad/Resources/FireworkFXDefinitions/classicBurst
[LOG 15:44:19.464] Config(FIREWORKFX_DEFINITION) Squad/Resources/FireworkFXDefinitions/chrysBurst
[LOG 15:44:19.464] Config(FIREWORKFX_DEFINITION) Squad/Resources/FireworkFXDefinitions/palmBurst
[LOG 15:44:19.464] Config(FIREWORKFX_DEFINITION) Squad/Resources/FireworkFXDefinitions/ringBurst
[LOG 15:44:19.464] Config(FIREWORKFX_DEFINITION) Squad/Resources/FireworkFXDefinitions/crosetteBurst
[LOG 15:44:19.464] Config(FIREWORKFX_DEFINITION) Squad/Resources/FireworkFXDefinitions/willowBurst
[LOG 15:44:19.464] Config(FIREWORKFX_DEFINITION) Squad/Resources/FireworkFXDefinitions/crackeBurst
[LOG 15:44:19.464] Config(FIREWORKFX_DEFINITION) Squad/Resources/FireworkFXDefinitions/palmCrackleBurst
[LOG 15:44:19.464] Config(FIREWORKFX_DEFINITION) Squad/Resources/FireworkFXDefinitions/dragonBurst
[LOG 15:44:19.464] Config(GLOBAL_RESOURCE) Squad/Resources/Ore/GLOBAL_RESOURCE
[LOG 15:44:19.464] Config(PLANETARY_RESOURCE) Squad/Resources/Ore/PLANETARY_RESOURCE
[LOG 15:44:19.464] Config(PLANETARY_RESOURCE) Squad/Resources/Ore/PLANETARY_RESOURCE
[LOG 15:44:19.464] Config(RESOURCE_OVERLAY_CONFIGURATION_SOLID) Squad/Resources/Overlay/RESOURCE_OVERLAY_CONFIGURATION_SOLID
[LOG 15:44:19.464] Config(RESOURCE_OVERLAY_CONFIGURATION_LINES) Squad/Resources/Overlay/RESOURCE_OVERLAY_CONFIGURATION_LINES
[LOG 15:44:19.464] Config(RESOURCE_OVERLAY_CONFIGURATION_DOTS) Squad/Resources/Overlay/RESOURCE_OVERLAY_CONFIGURATION_DOTS
[LOG 15:44:19.464] Config(RESOURCE_CONFIGURATION) Squad/Resources/ResourceDefaults/RESOURCE_CONFIGURATION
[LOG 15:44:19.464] Config(RESOURCE_DEFINITION) Squad/Resources/ResourcesGeneric/LiquidFuel
[LOG 15:44:19.464] Config(RESOURCE_DEFINITION) Squad/Resources/ResourcesGeneric/Oxidizer
[LOG 15:44:19.464] Config(RESOURCE_DEFINITION) Squad/Resources/ResourcesGeneric/SolidFuel
[LOG 15:44:19.464] Config(RESOURCE_DEFINITION) Squad/Resources/ResourcesGeneric/MonoPropellant
[LOG 15:44:19.464] Config(RESOURCE_DEFINITION) Squad/Resources/ResourcesGeneric/XenonGas
[LOG 15:44:19.464] Config(RESOURCE_DEFINITION) Squad/Resources/ResourcesGeneric/ElectricCharge
[LOG 15:44:19.464] Config(RESOURCE_DEFINITION) Squad/Resources/ResourcesGeneric/IntakeAir
[LOG 15:44:19.464] Config(RESOURCE_DEFINITION) Squad/Resources/ResourcesGeneric/EVA Propellant
[LOG 15:44:19.464] Config(RESOURCE_DEFINITION) Squad/Resources/ResourcesGeneric/Ore
[LOG 15:44:19.464] Config(RESOURCE_DEFINITION) Squad/Resources/ResourcesGeneric/Ablator
[LOG 15:44:19.464] Config(EXPERIMENT_DEFINITION) Squad/Resources/ScienceDefs/EXPERIMENT_DEFINITION
[LOG 15:44:19.464] Config(EXPERIMENT_DEFINITION) Squad/Resources/ScienceDefs/EXPERIMENT_DEFINITION
[LOG 15:44:19.464] Config(EXPERIMENT_DEFINITION) Squad/Resources/ScienceDefs/EXPERIMENT_DEFINITION
[LOG 15:44:19.465] Config(EXPERIMENT_DEFINITION) Squad/Resources/ScienceDefs/EXPERIMENT_DEFINITION
[LOG 15:44:19.465] Config(EXPERIMENT_DEFINITION) Squad/Resources/ScienceDefs/EXPERIMENT_DEFINITION
[LOG 15:44:19.465] Config(EXPERIMENT_DEFINITION) Squad/Resources/ScienceDefs/EXPERIMENT_DEFINITION
[LOG 15:44:19.465] Config(EXPERIMENT_DEFINITION) Squad/Resources/ScienceDefs/EXPERIMENT_DEFINITION
[LOG 15:44:19.465] Config(EXPERIMENT_DEFINITION) Squad/Resources/ScienceDefs/EXPERIMENT_DEFINITION
[LOG 15:44:19.465] Config(EXPERIMENT_DEFINITION) Squad/Resources/ScienceDefs/EXPERIMENT_DEFINITION
[LOG 15:44:19.465] Config(EXPERIMENT_DEFINITION) Squad/Resources/ScienceDefs/EXPERIMENT_DEFINITION
[LOG 15:44:19.465] Config(EXPERIMENT_DEFINITION) Squad/Resources/ScienceDefs/EXPERIMENT_DEFINITION
[LOG 15:44:19.465] Config(EXPERIMENT_DEFINITION) Squad/Resources/ScienceDefs/EXPERIMENT_DEFINITION
[LOG 15:44:19.465] Config(EXPERIMENT_DEFINITION) Squad/Resources/ScienceDefs/EXPERIMENT_DEFINITION
[LOG 15:44:19.465] Config(EXPERIMENT_DEFINITION) Squad/Resources/ScienceDefs/EXPERIMENT_DEFINITION
[LOG 15:44:19.465] Config(EXPERIMENT_DEFINITION) Squad/Resources/ScienceDefs/EXPERIMENT_DEFINITION
[LOG 15:44:19.465] Config(EXPERIMENT_DEFINITION) Squad/Resources/ScienceDefs/EXPERIMENT_DEFINITION
[LOG 15:44:19.465] Config(EXPERIMENT_DEFINITION) Squad/Resources/ScienceDefs/EXPERIMENT_DEFINITION
[LOG 15:44:19.465] Config(EXPERIMENT_DEFINITION) Squad/Resources/ScienceDefs/EXPERIMENT_DEFINITION
[LOG 15:44:19.465] Config(STORY_DEF) Squad/Resources/StoryDefs/STORY_DEF
[LOG 15:44:19.465] Config(TechTree) Squad/Resources/TechTree/TechTree
[LOG 15:44:19.465] Config(INTERNAL) Squad/Spaces/crewCabinInternals/internal/crewCabinInternals
[LOG 15:44:19.465] Config(INTERNAL) Squad/Spaces/cupolaInternal/internal/cupolaInternal
[LOG 15:44:19.465] Config(INTERNAL) Squad/Spaces/GenericSpace1/internal/GenericSpace1
[LOG 15:44:19.465] Config(INTERNAL) Squad/Spaces/GenericSpace3/internal/GenericSpace3
[LOG 15:44:19.465] Config(INTERNAL) Squad/Spaces/landerCabinInternals/internal/landerCabinInternals
[LOG 15:44:19.465] Config(INTERNAL) Squad/Spaces/landerCabinSmallInternal/internal/landerCabinSmallInternal
[LOG 15:44:19.465] Config(INTERNAL) Squad/Spaces/LargeCrewedLabInternals/internal/Mobile_Processing_Lab_Int
[LOG 15:44:19.465] Config(INTERNAL) Squad/Spaces/Mk1-3/internal/Mk1-3
[LOG 15:44:19.465] Config(INTERNAL) Squad/Spaces/mk1CabinInternal/internal/mk1CabinInternal
[LOG 15:44:19.465] Config(INTERNAL) Squad/Spaces/mk1CockpitInternal/internal/mk1CockpitInternal
[LOG 15:44:19.465] Config(INTERNAL) Squad/Spaces/mk1InlineInternal/internal/mk1InlineInternal
[LOG 15:44:19.465] Config(INTERNAL) Squad/Spaces/mk1PodCockpit/internal/mk1PodCockpit
[LOG 15:44:19.465] Config(INTERNAL) Squad/Spaces/mk1pod_IVA/mk1pod_Internal/mk1pod_IVA
[LOG 15:44:19.465] Config(INTERNAL) Squad/Spaces/mk2CockpitStandardInternal/internal/mk2CockpitStandardInternals
[LOG 15:44:19.465] Config(INTERNAL) Squad/Spaces/Mk2CrewCabinInternal/internal_MK2_CrewCab/MK2_CrewCab_Int
[LOG 15:44:19.465] Config(INTERNAL) Squad/Spaces/mk2InlineInternal/internal/mk2InlineInternal
[LOG 15:44:19.465] Config(INTERNAL) Squad/Spaces/mk2LanderCanInternal/internal/mk2LanderCanInternal
[LOG 15:44:19.465] Config(INTERNAL) Squad/Spaces/MK3CockpitInternal/internal_MK3/MK3_Cockpit_Int
[LOG 15:44:19.465] Config(INTERNAL) Squad/Spaces/MK3_CrewCab_Int/internal_MK3_CrewCab/MK3_CrewCab_Int
[LOG 15:44:19.465] Config(INTERNAL) Squad/Spaces/Placeholder/internal/Placeholder
[LOG 15:44:19.465] Config(INTERNAL) Squad/Spaces/PodCockpit/internal/PodCockpit
[LOG 15:44:19.465] Config(STRATEGY_DEPARTMENT) Squad/Strategies/Departments/Finances
[LOG 15:44:19.465] Config(STRATEGY_DEPARTMENT) Squad/Strategies/Departments/Science
[LOG 15:44:19.465] Config(STRATEGY_DEPARTMENT) Squad/Strategies/Departments/Public Relations
[LOG 15:44:19.465] Config(STRATEGY_DEPARTMENT) Squad/Strategies/Departments/Operations
[LOG 15:44:19.465] Config(STRATEGY) Squad/Strategies/Strategies/AppreciationCampaignCfg
[LOG 15:44:19.465] Config(STRATEGY) Squad/Strategies/Strategies/FundraisingCampaignCfg
[LOG 15:44:19.465] Config(STRATEGY) Squad/Strategies/Strategies/OpenSourceTechProgramCfg
[LOG 15:44:19.465] Config(STRATEGY) Squad/Strategies/Strategies/UnpaidResearchProgramCfg
[LOG 15:44:19.465] Config(STRATEGY) Squad/Strategies/Strategies/OutsourcedResearchCfg
[LOG 15:44:19.465] Config(STRATEGY) Squad/Strategies/Strategies/PatentsLicensingCfg
[LOG 15:44:19.465] Config(STRATEGY) Squad/Strategies/Strategies/AgressiveNegotiations
[LOG 15:44:19.465] Config(STRATEGY) Squad/Strategies/Strategies/RecoveryTransponders
[LOG 15:44:19.465] Config(STRATEGY) Squad/Strategies/Strategies/BailoutGrant
[LOG 15:44:19.465] Config(STRATEGY) Squad/Strategies/Strategies/researchIPsellout
[LOG 15:44:19.465] Config(STRATEGY) Squad/Strategies/Strategies/LeadershipInitiative
[LOG 15:44:19.465] Config(TUTORIAL) Squad/Tutorials/FlightSuborbital/FlightSuborbital
[LOG 15:44:19.465] Config(TUTORIAL) Squad/Tutorials/FromMun/FromMun
[LOG 15:44:19.465] Config(TUTORIAL) Squad/Tutorials/GoForOrbit/GoForOrbit
[LOG 15:44:19.465] Config(MISSIONPACK) SquadExpansion/MakingHistory/Missions/MissionPacks/squad_MakingHistory
[LOG 15:44:19.466] Config(MISSIONPACK) SquadExpansion/MakingHistory/Missions/MissionPacks/squad_MakingHistory_Other
[LOG 15:44:19.466] Config(MISSIONPACK) SquadExpansion/MakingHistory/Missions/MissionPacks/squad_MakingHistory_Tutorial
[LOG 15:44:19.466] Config(MEBASICNODE) SquadExpansion/MakingHistory/Nodes/AccuracyLogic/TestAccuracyLogic
[LOG 15:44:19.466] Config(MEBASICNODE) SquadExpansion/MakingHistory/Nodes/ActionChancePartResourceLevels/ActionPartResourceAmount
[LOG 15:44:19.466] Config(MEBASICNODE) SquadExpansion/MakingHistory/Nodes/ActionExplode/ActionVesselExplode
[LOG 15:44:19.466] Config(MEBASICNODE) SquadExpansion/MakingHistory/Nodes/ActionMissionScore/MissionScore
[LOG 15:44:19.466] Config(MEBASICNODE) SquadExpansion/MakingHistory/Nodes/ActionModifierFunds/ModifyFunds
[LOG 15:44:19.466] Config(MEBASICNODE) SquadExpansion/MakingHistory/Nodes/ActionModifierScore/MissionScore
[LOG 15:44:19.466] Config(MEBASICNODE) SquadExpansion/MakingHistory/Nodes/ActionPartExplode/ActionPartExplode
[LOG 15:44:19.466] Config(MEBASICNODE) SquadExpansion/MakingHistory/Nodes/ActionPartResourceDrain/ActionPartResourceDrain
[LOG 15:44:19.466] Config(MEBASICNODE) SquadExpansion/MakingHistory/Nodes/ActionVesselActionGroup/ActionVesselActionGroup
[LOG 15:44:19.466] Config(MEBASICNODE) SquadExpansion/MakingHistory/Nodes/ActionVesselStage/ActionVesselStage
[LOG 15:44:19.466] Config(MEBASICNODE) SquadExpansion/MakingHistory/Nodes/CreateAsteroid/CreateAsteroid
[LOG 15:44:19.466] Config(MEBASICNODE) SquadExpansion/MakingHistory/Nodes/CreateComet/CreateComet
[LOG 15:44:19.466] Config(MEBASICNODE) SquadExpansion/MakingHistory/Nodes/CreateFlag/CreateFlag
[LOG 15:44:19.466] Config(MEBASICNODE) SquadExpansion/MakingHistory/Nodes/CreateLaunchSite/CreateLaunchSite
[LOG 15:44:19.466] Config(MEBASICNODE) SquadExpansion/MakingHistory/Nodes/CreateVessel/CreateVessel
[LOG 15:44:19.466] Config(MEBASICNODE) SquadExpansion/MakingHistory/Nodes/CrewAssignment/TestCrewAssignment
[LOG 15:44:19.466] Config(MEBASICNODE) SquadExpansion/MakingHistory/Nodes/Destroyed/Crashed
[LOG 15:44:19.466] Config(MEBASICNODE) SquadExpansion/MakingHistory/Nodes/DialogMessage/DialogMessage
[LOG 15:44:19.466] Config(MEBASICNODE) SquadExpansion/MakingHistory/Nodes/Distance/Distance
[LOG 15:44:19.466] Config(MEBASICNODE) SquadExpansion/MakingHistory/Nodes/EmptyFalse/EmptyFalse
[LOG 15:44:19.466] Config(MEBASICNODE) SquadExpansion/MakingHistory/Nodes/EmptyTrue/EmptyTrue
[LOG 15:44:19.466] Config(MEBASICNODE) SquadExpansion/MakingHistory/Nodes/EscapeSOI/SOILeft
[LOG 15:44:19.466] Config(MEBASICNODE) SquadExpansion/MakingHistory/Nodes/EVA/EVA
[LOG 15:44:19.466] Config(MEBASICNODE) SquadExpansion/MakingHistory/Nodes/Flying/Flying
[LOG 15:44:19.466] Config(MEBASICNODE) SquadExpansion/MakingHistory/Nodes/FundsRecovery/FundsRecovery
[LOG 15:44:19.466] Config(MEBASICNODE) SquadExpansion/MakingHistory/Nodes/KerbalBoarded/TestKerbalBoarded
[LOG 15:44:19.466] Config(MEBASICNODE) SquadExpansion/MakingHistory/Nodes/KerbalKilled/EVA
[LOG 15:44:19.466] Config(MEBASICNODE) SquadExpansion/MakingHistory/Nodes/KerbalRecovery/KerbalRecovery
[LOG 15:44:19.466] Config(MEBASICNODE) SquadExpansion/MakingHistory/Nodes/KerbalRescue/KerbalRescue
[LOG 15:44:19.466] Config(MEBASICNODE) SquadExpansion/MakingHistory/Nodes/Landed/Landed
[LOG 15:44:19.466] Config(MEBASICNODE) SquadExpansion/MakingHistory/Nodes/Message/Message
[LOG 15:44:19.466] Config(MEBASICNODE) SquadExpansion/MakingHistory/Nodes/MissionFunds/MissionFunds
[LOG 15:44:19.466] Config(MEBASICNODE) SquadExpansion/MakingHistory/Nodes/MissionScore/MissionScore
[LOG 15:44:19.467] Config(MEBASICNODE) SquadExpansion/MakingHistory/Nodes/Orbit/Orbit
[LOG 15:44:19.467] Config(MEBASICNODE) SquadExpansion/MakingHistory/Nodes/OrbitParams/OrbitParams
[LOG 15:44:19.467] Config(MEBASICNODE) SquadExpansion/MakingHistory/Nodes/PartDocking/TestPartDocking
[LOG 15:44:19.467] Config(MEBASICNODE) SquadExpansion/MakingHistory/Nodes/PartFailure/PartFailure
[LOG 15:44:19.467] Config(MEBASICNODE) SquadExpansion/MakingHistory/Nodes/PartGrapple/TestGrapple
[LOG 15:44:19.467] Config(MEBASICNODE) SquadExpansion/MakingHistory/Nodes/PartRepair/PartRepair
[LOG 15:44:19.467] Config(MEBASICNODE) SquadExpansion/MakingHistory/Nodes/PlaceKerbal/CreateKerbal
[LOG 15:44:19.467] Config(MEBASICNODE) SquadExpansion/MakingHistory/Nodes/PlantFlag/PlantFlag
[LOG 15:44:19.467] Config(MEBASICNODE) SquadExpansion/MakingHistory/Nodes/ReachSOI/ReachSOI
[LOG 15:44:19.467] Config(MEBASICNODE) SquadExpansion/MakingHistory/Nodes/Resource/ResourceAmount
[LOG 15:44:19.467] Config(MEBASICNODE) SquadExpansion/MakingHistory/Nodes/ResourceRecovery/TestResourcesRecovery
[LOG 15:44:19.467] Config(MEBASICNODE) SquadExpansion/MakingHistory/Nodes/ScienceExperiment/ScienceExperiment
[LOG 15:44:19.467] Config(MEBASICNODE) SquadExpansion/MakingHistory/Nodes/SetCamera/SetCamera
[LOG 15:44:19.467] Config(MEBASICNODE) SquadExpansion/MakingHistory/Nodes/SplashDown/SplashDown
[LOG 15:44:19.467] Config(MEBASICNODE) SquadExpansion/MakingHistory/Nodes/StageActivated/TestVesselStageActivated
[LOG 15:44:19.467] Config(MEBASICNODE) SquadExpansion/MakingHistory/Nodes/TakeKerbal/TestTakeKerbal
[LOG 15:44:19.467] Config(MEBASICNODE) SquadExpansion/MakingHistory/Nodes/TestFlyThrough/TestFlyThrough
[LOG 15:44:19.467] Config(MEBASICNODE) SquadExpansion/MakingHistory/Nodes/TestGoTo/TestGoTo
[LOG 15:44:19.467] Config(MEBASICNODE) SquadExpansion/MakingHistory/Nodes/TimeMET/TimeMET
[LOG 15:44:19.467] Config(MEBASICNODE) SquadExpansion/MakingHistory/Nodes/TimeOfMission/TimeOfMission
[LOG 15:44:19.467] Config(MEBASICNODE) SquadExpansion/MakingHistory/Nodes/TimeSinceNode/TestTimeSinceNode
[LOG 15:44:19.467] Config(MEBASICNODE) SquadExpansion/MakingHistory/Nodes/VesselActiveCount/TestVesselActiveCount
[LOG 15:44:19.467] Config(MEBASICNODE) SquadExpansion/MakingHistory/Nodes/VesselAltitudeGoal/VesselAltitudeGoal
[LOG 15:44:19.467] Config(MEBASICNODE) SquadExpansion/MakingHistory/Nodes/VesselCrewCount/VeselCrewCount
[LOG 15:44:19.467] Config(MEBASICNODE) SquadExpansion/MakingHistory/Nodes/VesselMassLogic/VesselMass
[LOG 15:44:19.467] Config(MEBASICNODE) SquadExpansion/MakingHistory/Nodes/VesselPartCount/PartCount
[LOG 15:44:19.467] Config(MEBASICNODE) SquadExpansion/MakingHistory/Nodes/VesselRecovery/TestVesselRecovery
[LOG 15:44:19.467] Config(MEBASICNODE) SquadExpansion/MakingHistory/Nodes/VesselStage/TestVesselStage
[LOG 15:44:19.467] Config(MEBASICNODE) SquadExpansion/MakingHistory/Nodes/VesselVelocity/VesselVelocity
[LOG 15:44:19.467] Config(PART) SquadExpansion/MakingHistory/Parts/Aero/protectiveRocketNoseMk16/rocketNoseCone_size4/rocketNoseConeSize4
[LOG 15:44:19.467] Config(PART) SquadExpansion/MakingHistory/Parts/Aero/protectiveRocketNoseMk5A/Size_1_5_Cone/Size_1_5_Cone
[LOG 15:44:19.467] Config(PART) SquadExpansion/MakingHistory/Parts/Coupling/Decoupler_1p5/Decoupler_1p5
[LOG 15:44:19.467] Config(PART) SquadExpansion/MakingHistory/Parts/Coupling/Decoupler_4/Decoupler_4
[LOG 15:44:19.467] Config(PART) SquadExpansion/MakingHistory/Parts/Coupling/EnginePlate_1p5/EnginePlate1p5
[LOG 15:44:19.467] Config(PART) SquadExpansion/MakingHistory/Parts/Coupling/EnginePlate_2/EnginePlate2
[LOG 15:44:19.467] Config(PART) SquadExpansion/MakingHistory/Parts/Coupling/EnginePlate_3/EnginePlate3
[LOG 15:44:19.467] Config(PART) SquadExpansion/MakingHistory/Parts/Coupling/EnginePlate_4/EnginePlate4
[LOG 15:44:19.467] Config(PART) SquadExpansion/MakingHistory/Parts/Coupling/EnginePlate_5/EnginePlate5
[LOG 15:44:19.467] Config(PART) SquadExpansion/MakingHistory/Parts/Coupling/InflatableAirlock/InflatableAirlock
[LOG 15:44:19.468] Config(PART) SquadExpansion/MakingHistory/Parts/Coupling/Separator_1p5/Separator_1p5
[LOG 15:44:19.468] Config(PART) SquadExpansion/MakingHistory/Parts/Coupling/Separator_4/Separator_4
[LOG 15:44:19.468] Config(PART) SquadExpansion/MakingHistory/Parts/Coupling/Size1p5_Strut_Decoupler/Size1p5_Strut_Decoupler
[LOG 15:44:19.468] Config(PART) SquadExpansion/MakingHistory/Parts/Engine/LiquidEngineKE-1/LiquidEngineKE-1
[LOG 15:44:19.468] Config(PART) SquadExpansion/MakingHistory/Parts/Engine/LiquidEngineLV-T91/LiquidEngineLV-T91
[LOG 15:44:19.468] Config(PART) SquadExpansion/MakingHistory/Parts/Engine/LiquidEngineLV-TX87/LiquidEngineLV-TX87
[LOG 15:44:19.468] Config(PART) SquadExpansion/MakingHistory/Parts/Engine/LiquidEngineRE-I2/LiquidEngineRE-I2
[LOG 15:44:19.468] Config(PART) SquadExpansion/MakingHistory/Parts/Engine/LiquidEngineRE-J10/LiquidEngineRE-J10
[LOG 15:44:19.468] Config(PART) SquadExpansion/MakingHistory/Parts/Engine/LiquidEngineRK-7/LiquidEngineRK-7
[LOG 15:44:19.468] Config(PART) SquadExpansion/MakingHistory/Parts/Engine/LiquidEngineRV-1/LiquidEngineRV-1
[LOG 15:44:19.468] Config(PART) SquadExpansion/MakingHistory/Parts/Engine/solidBoosterTHK/solidBoosterTHK/Pollux
[LOG 15:44:19.468] Config(PART) SquadExpansion/MakingHistory/Parts/FuelTank/MonoPropMini/monopropMiniSphere
[LOG 15:44:19.468] Config(PART) SquadExpansion/MakingHistory/Parts/FuelTank/Size1p5_Monoprop/Size1p5_Monoprop
[LOG 15:44:19.468] Config(PART) SquadExpansion/MakingHistory/Parts/FuelTank/Size1p5_Size0_Adapter_01/Size1p5_Size0_Adapter_01
[LOG 15:44:19.468] Config(PART) SquadExpansion/MakingHistory/Parts/FuelTank/Size1p5_Size1_Adapter_01/Size1p5_Size1_Adapter_01
[LOG 15:44:19.468] Config(PART) SquadExpansion/MakingHistory/Parts/FuelTank/Size1p5_Size1_Adapter_02/Size1p5_Size1_Adapter_02
[LOG 15:44:19.468] Config(PART) SquadExpansion/MakingHistory/Parts/FuelTank/Size1p5_Size2_Adapter_01/Size1p5_Size2_Adapter_01
[LOG 15:44:19.468] Config(PART) SquadExpansion/MakingHistory/Parts/FuelTank/Size1p5_Tank_01/Size1p5_Tank_01
[LOG 15:44:19.468] Config(PART) SquadExpansion/MakingHistory/Parts/FuelTank/Size1p5_Tank_02/Size1p5_Tank_02
[LOG 15:44:19.468] Config(PART) SquadExpansion/MakingHistory/Parts/FuelTank/Size1p5_Tank_03/Size1p5_Tank_03
[LOG 15:44:19.468] Config(PART) SquadExpansion/MakingHistory/Parts/FuelTank/Size1p5_Tank_04/Size1p5_Tank_04
[LOG 15:44:19.468] Config(PART) SquadExpansion/MakingHistory/Parts/FuelTank/Size1p5_Tank_05/Size1p5_Tank_05
[LOG 15:44:19.468] Config(PART) SquadExpansion/MakingHistory/Parts/FuelTank/Size3_Size4_Adapter_01/Size3_Size4_Adapter_01
[LOG 15:44:19.468] Config(PART) SquadExpansion/MakingHistory/Parts/FuelTank/Size4_EngineAdapter_01/Size4_EngineAdapter_01
[LOG 15:44:19.468] Config(PART) SquadExpansion/MakingHistory/Parts/FuelTank/Size4_Tank_01/Size4_Tank_01
[LOG 15:44:19.468] Config(PART) SquadExpansion/MakingHistory/Parts/FuelTank/Size4_Tank_02/Size4_Tank_02
[LOG 15:44:19.468] Config(PART) SquadExpansion/MakingHistory/Parts/FuelTank/Size4_Tank_03/Size4_Tank_03
[LOG 15:44:19.468] Config(PART) SquadExpansion/MakingHistory/Parts/FuelTank/Size4_Tank_04/Size4_Tank_04
[LOG 15:44:19.468] Config(PART) SquadExpansion/MakingHistory/Parts/Ground/RoverWheel/roverWheelM1-F
[LOG 15:44:19.468] Config(PART) SquadExpansion/MakingHistory/Parts/Payload/fairingSize1p5/fairingSize1p5
[LOG 15:44:19.468] Config(PART) SquadExpansion/MakingHistory/Parts/Payload/fairingSize4/fairingSize4
[LOG 15:44:19.468] Config(PART) SquadExpansion/MakingHistory/Parts/Payload/Size1to0ServiceModule/Size1to0ServiceModule
[LOG 15:44:19.468] Config(PART) SquadExpansion/MakingHistory/Parts/Payload/SM18/ServiceModule18
[LOG 15:44:19.468] Config(PART) SquadExpansion/MakingHistory/Parts/Payload/SM25/ServiceModule25
[LOG 15:44:19.468] Config(PART) SquadExpansion/MakingHistory/Parts/Pods/KV1Pod/kv1Pod
[LOG 15:44:19.468] Config(PART) SquadExpansion/MakingHistory/Parts/Pods/KV2Pod/kv2Pod
[LOG 15:44:19.468] Config(PART) SquadExpansion/MakingHistory/Parts/Pods/KV3Pod/kv3Pod
[LOG 15:44:19.469] Config(PART) SquadExpansion/MakingHistory/Parts/Pods/Mk2Pod/Mk2Pod
[LOG 15:44:19.469] Config(PART) SquadExpansion/MakingHistory/Parts/Pods/Size1_5_Lander/MEMLander
[LOG 15:44:19.469] Config(PART) SquadExpansion/MakingHistory/Parts/Prebuilt/kerbalEVAfemaleVintage/kerbalEVAfemaleVintage
[LOG 15:44:19.469] Config(PART) SquadExpansion/MakingHistory/Parts/Prebuilt/kerbalEVAVintage/kerbalEVAVintage
[LOG 15:44:19.469] Config(PART) SquadExpansion/MakingHistory/Parts/Structural/EquiTriangle0/EquiTriangle0
[LOG 15:44:19.469] Config(PART) SquadExpansion/MakingHistory/Parts/Structural/EquiTriangle1/EquiTriangle1
[LOG 15:44:19.469] Config(PART) SquadExpansion/MakingHistory/Parts/Structural/EquiTriangle1p5/EquiTriangle1p5
[LOG 15:44:19.469] Config(PART) SquadExpansion/MakingHistory/Parts/Structural/EquiTriangle2/EquiTriangle2
[LOG 15:44:19.469] Config(PART) SquadExpansion/MakingHistory/Parts/Structural/Panel0/Panel0
[LOG 15:44:19.469] Config(PART) SquadExpansion/MakingHistory/Parts/Structural/Panel1/Panel1
[LOG 15:44:19.469] Config(PART) SquadExpansion/MakingHistory/Parts/Structural/Panel1p5/Panel1p5
[LOG 15:44:19.469] Config(PART) SquadExpansion/MakingHistory/Parts/Structural/Panel2/Panel2
[LOG 15:44:19.469] Config(PART) SquadExpansion/MakingHistory/Parts/Structural/Triangle0/Triangle0
[LOG 15:44:19.469] Config(PART) SquadExpansion/MakingHistory/Parts/Structural/Triangle1/Triangle1
[LOG 15:44:19.469] Config(PART) SquadExpansion/MakingHistory/Parts/Structural/Triangle1p5/Triangle1p5
[LOG 15:44:19.469] Config(PART) SquadExpansion/MakingHistory/Parts/Structural/Triangle2/Triangle2
[LOG 15:44:19.469] Config(PART) SquadExpansion/MakingHistory/Parts/Structural/Tube1/Tube1
[LOG 15:44:19.469] Config(PART) SquadExpansion/MakingHistory/Parts/Structural/Tube1p5/Tube1p5
[LOG 15:44:19.469] Config(PART) SquadExpansion/MakingHistory/Parts/Structural/Tube2/Tube2
[LOG 15:44:19.469] Config(PART) SquadExpansion/MakingHistory/Parts/Structural/Tube3/Tube3
[LOG 15:44:19.469] Config(PART) SquadExpansion/MakingHistory/Parts/Structural/Tube4/Tube4
[LOG 15:44:19.469] Config(PART) SquadExpansion/MakingHistory/Parts/Thermal/HeatShield1p5/HeatShield1p5
[LOG 15:44:19.469] Config(PART) SquadExpansion/MakingHistory/Parts/Utility/flags/flagSize1p5/flagSize1p5/flagPartSize1p5
[LOG 15:44:19.469] Config(PART) SquadExpansion/MakingHistory/Parts/Utility/flags/flagSize4/flagSize4/flagPartSize4
[LOG 15:44:19.469] Config(INTERNAL) SquadExpansion/MakingHistory/Spaces/KVPods/Airlock_Internal/Airlock_IVA
[LOG 15:44:19.469] Config(INTERNAL) SquadExpansion/MakingHistory/Spaces/KVPods/KV1_Internal/KV1_IVA
[LOG 15:44:19.469] Config(INTERNAL) SquadExpansion/MakingHistory/Spaces/KVPods/KV2_Internal/KV2_IVA
[LOG 15:44:19.469] Config(INTERNAL) SquadExpansion/MakingHistory/Spaces/KVPods/KV3_Internal/KV3_IVA
[LOG 15:44:19.469] Config(INTERNAL) SquadExpansion/MakingHistory/Spaces/MEM/MEM_IVA/MEM_IVA
[LOG 15:44:19.469] Config(INTERNAL) SquadExpansion/MakingHistory/Spaces/Mk2Pod/Mk2Pod_Internal/MK2POD_IVA
[LOG 15:44:19.469] Config(Contracts) SquadExpansion/Serenity/Contracts/contracts/Contracts
[LOG 15:44:19.469] Config(EXPERIENCE_TRAIT) SquadExpansion/Serenity/Experience/Traits/Engineer
[LOG 15:44:19.469] Config(EXPERIENCE_TRAIT) SquadExpansion/Serenity/Experience/Traits/Scientist
[LOG 15:44:19.469] Config(Localization) SquadExpansion/Serenity/Localization/dictionary/Localization
[LOG 15:44:19.469] Config(PART) SquadExpansion/Serenity/Parts/Aero/FanShroud_01/FanShroud_01
[LOG 15:44:19.469] Config(PART) SquadExpansion/Serenity/Parts/Aero/FanShroud_02/FanShroud_02
[LOG 15:44:19.470] Config(PART) SquadExpansion/Serenity/Parts/Aero/FanShroud_03/FanShroud_03
[LOG 15:44:19.470] Config(PART) SquadExpansion/Serenity/Parts/Aero/noseconeTiny/noseconeTiny
[LOG 15:44:19.470] Config(PART) SquadExpansion/Serenity/Parts/Aero/noseconeVS/noseconeVS
[LOG 15:44:19.470] Config(PART) SquadExpansion/Serenity/Parts/DeployedScience/centralStation/DeployedCentralStation
[LOG 15:44:19.470] Config(PART) SquadExpansion/Serenity/Parts/DeployedScience/gooObservation/DeployedGoExOb
[LOG 15:44:19.470] Config(PART) SquadExpansion/Serenity/Parts/DeployedScience/ionCollector/DeployedIONExp
[LOG 15:44:19.470] Config(PART) SquadExpansion/Serenity/Parts/DeployedScience/rtg/DeployedRTG
[LOG 15:44:19.470] Config(PART) SquadExpansion/Serenity/Parts/DeployedScience/satDish/DeployedSatDish
[LOG 15:44:19.470] Config(PART) SquadExpansion/Serenity/Parts/DeployedScience/seismicSensor/DeployedSeismicSensor
[LOG 15:44:19.470] Config(PART) SquadExpansion/Serenity/Parts/DeployedScience/solarPanel/DeployedSolarPanel
[LOG 15:44:19.470] Config(PART) SquadExpansion/Serenity/Parts/DeployedScience/weatherStation/DeployedWeatherStn
[LOG 15:44:19.470] Config(PART) SquadExpansion/Serenity/Parts/Prebuilt/kerbalEVA/kerbalEVA
[LOG 15:44:19.470] Config(PART) SquadExpansion/Serenity/Parts/Prebuilt/kerbalEVAfemale/kerbalEVAfemale
[LOG 15:44:19.470] Config(PART) SquadExpansion/Serenity/Parts/Prebuilt/kerbalEVAfemaleFuture/kerbalEVAfemaleFuture
[LOG 15:44:19.470] Config(PART) SquadExpansion/Serenity/Parts/Prebuilt/kerbalEVAfemaleVintage/kerbalEVAfemaleVintage
[LOG 15:44:19.470] Config(PART) SquadExpansion/Serenity/Parts/Prebuilt/kerbalEVAFuture/kerbalEVAFuture
[LOG 15:44:19.470] Config(PART) SquadExpansion/Serenity/Parts/Prebuilt/kerbalEVASlimSuit/kerbalEVASlimSuit
[LOG 15:44:19.470] Config(PART) SquadExpansion/Serenity/Parts/Prebuilt/kerbalEVASlimSuitFemale/kerbalEVASlimSuitFemale
[LOG 15:44:19.471] Config(PART) SquadExpansion/Serenity/Parts/Prebuilt/kerbalEVAVintage/kerbalEVAVintage
[LOG 15:44:19.471] Config(PART) SquadExpansion/Serenity/Parts/Propellers/largeFanBlade/largeFanBlade
[LOG 15:44:19.471] Config(PART) SquadExpansion/Serenity/Parts/Propellers/largeHeliBlade/largeHeliBlade
[LOG 15:44:19.471] Config(PART) SquadExpansion/Serenity/Parts/Propellers/largePropeller/largePropeller
[LOG 15:44:19.471] Config(PART) SquadExpansion/Serenity/Parts/Propellers/mediumFanBlade/mediumFanBlade
[LOG 15:44:19.471] Config(PART) SquadExpansion/Serenity/Parts/Propellers/mediumHeliBlade/mediumHeliBlade
[LOG 15:44:19.471] Config(PART) SquadExpansion/Serenity/Parts/Propellers/mediumPropeller/mediumPropeller
[LOG 15:44:19.471] Config(PART) SquadExpansion/Serenity/Parts/Propellers/smallFanBlade/smallFanBlade
[LOG 15:44:19.471] Config(PART) SquadExpansion/Serenity/Parts/Propellers/smallHeliBlade/smallHeliBlade
[LOG 15:44:19.471] Config(PART) SquadExpansion/Serenity/Parts/Propellers/smallPropeller/smallPropeller
[LOG 15:44:19.471] Config(PART) SquadExpansion/Serenity/Parts/Robotics/hinge_01/hinge_01
[LOG 15:44:19.471] Config(PART) SquadExpansion/Serenity/Parts/Robotics/hinge_01_s/hinge_01_s
[LOG 15:44:19.471] Config(PART) SquadExpansion/Serenity/Parts/Robotics/hinge_03/hinge_03
[LOG 15:44:19.471] Config(PART) SquadExpansion/Serenity/Parts/Robotics/hinge_03_s/hinge_03_s
[LOG 15:44:19.471] Config(PART) SquadExpansion/Serenity/Parts/Robotics/hinge_04/hinge_04
[LOG 15:44:19.471] Config(PART) SquadExpansion/Serenity/Parts/Robotics/piston_01/piston_01
[LOG 15:44:19.471] Config(PART) SquadExpansion/Serenity/Parts/Robotics/piston_02/piston_02
[LOG 15:44:19.471] Config(PART) SquadExpansion/Serenity/Parts/Robotics/piston_03/piston_03
[LOG 15:44:19.471] Config(PART) SquadExpansion/Serenity/Parts/Robotics/piston_04/piston_04
[LOG 15:44:19.472] Config(PART) SquadExpansion/Serenity/Parts/Robotics/RotorEngine_02/RotorEngine_02
[LOG 15:44:19.472] Config(PART) SquadExpansion/Serenity/Parts/Robotics/RotorEngine_03/RotorEngine_03
[LOG 15:44:19.472] Config(PART) SquadExpansion/Serenity/Parts/Robotics/rotor_01/rotor_01
[LOG 15:44:19.472] Config(PART) SquadExpansion/Serenity/Parts/Robotics/rotor_01s/rotor_01s
[LOG 15:44:19.472] Config(PART) SquadExpansion/Serenity/Parts/Robotics/rotor_02/rotor_02
[LOG 15:44:19.472] Config(PART) SquadExpansion/Serenity/Parts/Robotics/rotor_02s/rotor_02s
[LOG 15:44:19.472] Config(PART) SquadExpansion/Serenity/Parts/Robotics/rotor_03/rotor_03
[LOG 15:44:19.472] Config(PART) SquadExpansion/Serenity/Parts/Robotics/rotor_03s/rotor_03s
[LOG 15:44:19.472] Config(PART) SquadExpansion/Serenity/Parts/Robotics/rotoServo_00/rotoServo_00
[LOG 15:44:19.472] Config(PART) SquadExpansion/Serenity/Parts/Robotics/rotoServo_02/rotoServo_02
[LOG 15:44:19.473] Config(PART) SquadExpansion/Serenity/Parts/Robotics/rotoServo_03/rotoServo_03
[LOG 15:44:19.473] Config(PART) SquadExpansion/Serenity/Parts/Robotics/rotoServo_04/rotoServo_04
[LOG 15:44:19.473] Config(PART) SquadExpansion/Serenity/Parts/Robotics/Controllers/KAL1000/controller1000
[LOG 15:44:19.473] Config(PART) SquadExpansion/Serenity/Parts/Science/RobotArmScanner/RobotArmScanner_S1/RobotArmScanner_S1
[LOG 15:44:19.473] Config(PART) SquadExpansion/Serenity/Parts/Science/RobotArmScanner/RobotArmScanner_S2/RobotArmScanner_S2
[LOG 15:44:19.473] Config(PART) SquadExpansion/Serenity/Parts/Science/RobotArmScanner/RobotArmScanner_S3/RobotArmScanner_S3
[LOG 15:44:19.473] Config(PART) SquadExpansion/Serenity/Parts/Structural/gripPads/lGripPad/lGripPad
[LOG 15:44:19.473] Config(PART) SquadExpansion/Serenity/Parts/Structural/gripPads/lGripStrip/lGripStrip
[LOG 15:44:19.473] Config(PART) SquadExpansion/Serenity/Parts/Structural/gripPads/mGripPad/mGripPad
[LOG 15:44:19.473] Config(PART) SquadExpansion/Serenity/Parts/Structural/gripPads/sGripPad/sGripPad
[LOG 15:44:19.473] Config(PART) SquadExpansion/Serenity/Parts/Structural/gripPads/sGripStrip/sGripStrip
[LOG 15:44:19.473] Config(DEPLOYEDSCIENCE) SquadExpansion/Serenity/Resources/DeployedScience/DEPLOYEDSCIENCE
[LOG 15:44:19.473] Config(PHYSICMATERIAL_DEFINITION) SquadExpansion/Serenity/Resources/PhysicsMaterials/MediumGrip
[LOG 15:44:19.473] Config(PHYSICMATERIAL_DEFINITION) SquadExpansion/Serenity/Resources/PhysicsMaterials/HighGrip
[LOG 15:44:19.473] Config(PHYSICMATERIAL_DEFINITION) SquadExpansion/Serenity/Resources/PhysicsMaterials/ExtremeGrip
[LOG 15:44:19.473] Config(PHYSICMATERIAL_DEFINITION) SquadExpansion/Serenity/Resources/PhysicsMaterials/LowGrip
[LOG 15:44:19.473] Config(PHYSICMATERIAL_DEFINITION) SquadExpansion/Serenity/Resources/PhysicsMaterials/Default
[LOG 15:44:19.473] Config(ROC_DEFINITION) SquadExpansion/Serenity/Resources/rocsdef/ROC_DEFINITION
[LOG 15:44:19.473] Config(ROC_DEFINITION) SquadExpansion/Serenity/Resources/rocsdef/ROC_DEFINITION
[LOG 15:44:19.473] Config(ROC_DEFINITION) SquadExpansion/Serenity/Resources/rocsdef/ROC_DEFINITION
[LOG 15:44:19.473] Config(ROC_DEFINITION) SquadExpansion/Serenity/Resources/rocsdef/ROC_DEFINITION
[LOG 15:44:19.473] Config(ROC_DEFINITION) SquadExpansion/Serenity/Resources/rocsdef/ROC_DEFINITION
[LOG 15:44:19.473] Config(ROC_DEFINITION) SquadExpansion/Serenity/Resources/rocsdef/ROC_DEFINITION
[LOG 15:44:19.474] Config(ROC_DEFINITION) SquadExpansion/Serenity/Resources/rocsdef/ROC_DEFINITION
[LOG 15:44:19.474] Config(ROC_DEFINITION) SquadExpansion/Serenity/Resources/rocsdef/ROC_DEFINITION
[LOG 15:44:19.474] Config(ROC_DEFINITION) SquadExpansion/Serenity/Resources/rocsdef/ROC_DEFINITION
[LOG 15:44:19.474] Config(ROC_DEFINITION) SquadExpansion/Serenity/Resources/rocsdef/ROC_DEFINITION
[LOG 15:44:19.474] Config(ROC_DEFINITION) SquadExpansion/Serenity/Resources/rocsdef/ROC_DEFINITION
[LOG 15:44:19.474] Config(ROC_DEFINITION) SquadExpansion/Serenity/Resources/rocsdef/ROC_DEFINITION
[LOG 15:44:19.474] Config(ROC_DEFINITION) SquadExpansion/Serenity/Resources/rocsdef/ROC_DEFINITION
[LOG 15:44:19.474] Config(ROC_DEFINITION) SquadExpansion/Serenity/Resources/rocsdef/ROC_DEFINITION
[LOG 15:44:19.474] Config(ROC_DEFINITION) SquadExpansion/Serenity/Resources/rocsdef/ROC_DEFINITION
[LOG 15:44:19.474] Config(ROC_DEFINITION) SquadExpansion/Serenity/Resources/rocsdef/ROC_DEFINITION
[LOG 15:44:19.474] Config(ROC_DEFINITION) SquadExpansion/Serenity/Resources/rocsdef/ROC_DEFINITION
[LOG 15:44:19.474] Config(ROC_DEFINITION) SquadExpansion/Serenity/Resources/rocsdef/ROC_DEFINITION
[LOG 15:44:19.474] Config(ROC_DEFINITION) SquadExpansion/Serenity/Resources/rocsdef/ROC_DEFINITION
[LOG 15:44:19.474] Config(ROC_DEFINITION) SquadExpansion/Serenity/Resources/rocsdef/ROC_DEFINITION
[LOG 15:44:19.474] Config(ROC_DEFINITION) SquadExpansion/Serenity/Resources/rocsdef/ROC_DEFINITION
[LOG 15:44:19.474] Config(ROC_DEFINITION) SquadExpansion/Serenity/Resources/rocsdef/ROC_DEFINITION
[LOG 15:44:19.474] Config(ROC_DEFINITION) SquadExpansion/Serenity/Resources/rocsdef/ROC_DEFINITION
[LOG 15:44:19.474] Config(ROC_DEFINITION) SquadExpansion/Serenity/Resources/rocsdef/ROC_DEFINITION
[LOG 15:44:19.474] Config(ROC_DEFINITION) SquadExpansion/Serenity/Resources/rocsdef/ROC_DEFINITION
[LOG 15:44:19.474] Config(ROC_DEFINITION) SquadExpansion/Serenity/Resources/rocsdef/ROC_DEFINITION
[LOG 15:44:19.474] Config(ROC_DEFINITION) SquadExpansion/Serenity/Resources/rocsdef/ROC_DEFINITION
[LOG 15:44:19.474] Config(ROC_DEFINITION) SquadExpansion/Serenity/Resources/rocsdef/ROC_DEFINITION
[LOG 15:44:19.474] Config(ROC_DEFINITION) SquadExpansion/Serenity/Resources/rocsdef/ROC_DEFINITION
[LOG 15:44:19.474] Config(ROC_DEFINITION) SquadExpansion/Serenity/Resources/rocsdef/ROC_DEFINITION
[LOG 15:44:19.474] Config(ROC_DEFINITION) SquadExpansion/Serenity/Resources/rocsdef/ROC_DEFINITION
[LOG 15:44:19.474] Config(ROC_DEFINITION) SquadExpansion/Serenity/Resources/rocsdef/ROC_DEFINITION
[LOG 15:44:19.474] Config(ROC_DEFINITION) SquadExpansion/Serenity/Resources/rocsdef/ROC_DEFINITION
[LOG 15:44:19.474] Config(ROC_DEFINITION) SquadExpansion/Serenity/Resources/rocsdef/ROC_DEFINITION
[LOG 15:44:19.474] Config(EXPERIMENT_DEFINITION) SquadExpansion/Serenity/Resources/ScienceDefs/EXPERIMENT_DEFINITION
[LOG 15:44:19.474] Config(EXPERIMENT_DEFINITION) SquadExpansion/Serenity/Resources/ScienceDefs/EXPERIMENT_DEFINITION
[LOG 15:44:19.474] Config(EXPERIMENT_DEFINITION) SquadExpansion/Serenity/Resources/ScienceDefs/EXPERIMENT_DEFINITION
[LOG 15:44:19.474] Config(EXPERIMENT_DEFINITION) SquadExpansion/Serenity/Resources/ScienceDefs/EXPERIMENT_DEFINITION
[LOG 15:44:19.474] Config(EXPERIMENT_DEFINITION) SquadExpansion/Serenity/Resources/ScienceDefs/EXPERIMENT_DEFINITION
[LOG 15:44:19.474] Config(EXPERIMENT_DEFINITION) SquadExpansion/Serenity/Resources/ScienceDefs/EXPERIMENT_DEFINITION
[LOG 15:44:19.474] Config(EXPERIMENT_DEFINITION) SquadExpansion/Serenity/Resources/ScienceDefs/EXPERIMENT_DEFINITION
[LOG 15:44:19.474] Config(EXPERIMENT_DEFINITION) SquadExpansion/Serenity/Resources/ScienceDefs/EXPERIMENT_DEFINITION
[LOG 15:44:19.474] Config(EXPERIMENT_DEFINITION) SquadExpansion/Serenity/Resources/ScienceDefs/EXPERIMENT_DEFINITION
[LOG 15:44:19.474] Config(EXPERIMENT_DEFINITION) SquadExpansion/Serenity/Resources/ScienceDefs/EXPERIMENT_DEFINITION
[LOG 15:44:19.474] Config(EXPERIMENT_DEFINITION) SquadExpansion/Serenity/Resources/ScienceDefs/EXPERIMENT_DEFINITION
[LOG 15:44:19.474] Config(EXPERIMENT_DEFINITION) SquadExpansion/Serenity/Resources/ScienceDefs/EXPERIMENT_DEFINITION
[LOG 15:44:19.474] Config(EXPERIMENT_DEFINITION) SquadExpansion/Serenity/Resources/ScienceDefs/EXPERIMENT_DEFINITION
[LOG 15:44:19.474] Config(EXPERIMENT_DEFINITION) SquadExpansion/Serenity/Resources/ScienceDefs/EXPERIMENT_DEFINITION
[LOG 15:44:19.474] Config(EXPERIMENT_DEFINITION) SquadExpansion/Serenity/Resources/ScienceDefs/EXPERIMENT_DEFINITION
[LOG 15:44:19.474] Config(EXPERIMENT_DEFINITION) SquadExpansion/Serenity/Resources/ScienceDefs/EXPERIMENT_DEFINITION
[LOG 15:44:19.474] Config(EXPERIMENT_DEFINITION) SquadExpansion/Serenity/Resources/ScienceDefs/EXPERIMENT_DEFINITION
[LOG 15:44:19.474] Config(EXPERIMENT_DEFINITION) SquadExpansion/Serenity/Resources/ScienceDefs/EXPERIMENT_DEFINITION
[LOG 15:44:19.475] Config(EXPERIMENT_DEFINITION) SquadExpansion/Serenity/Resources/ScienceDefs/EXPERIMENT_DEFINITION
[LOG 15:44:19.475] Config(EXPERIMENT_DEFINITION) SquadExpansion/Serenity/Resources/ScienceDefs/EXPERIMENT_DEFINITION
[LOG 15:44:19.475] Config(EXPERIMENT_DEFINITION) SquadExpansion/Serenity/Resources/ScienceDefs/EXPERIMENT_DEFINITION
[LOG 15:44:19.475] Config(EXPERIMENT_DEFINITION) SquadExpansion/Serenity/Resources/ScienceDefs/EXPERIMENT_DEFINITION
[LOG 15:44:19.475] Config(EXPERIMENT_DEFINITION) SquadExpansion/Serenity/Resources/ScienceDefs/EXPERIMENT_DEFINITION
[LOG 15:44:19.475] Config(EXPERIMENT_DEFINITION) SquadExpansion/Serenity/Resources/ScienceDefs/EXPERIMENT_DEFINITION
[LOG 15:44:19.475] Config(EXPERIMENT_DEFINITION) SquadExpansion/Serenity/Resources/ScienceDefs/EXPERIMENT_DEFINITION
[LOG 15:44:19.475] Config(EXPERIMENT_DEFINITION) SquadExpansion/Serenity/Resources/ScienceDefs/EXPERIMENT_DEFINITION
[LOG 15:44:19.475] Config(EXPERIMENT_DEFINITION) SquadExpansion/Serenity/Resources/ScienceDefs/EXPERIMENT_DEFINITION
[LOG 15:44:19.475] Config(EXPERIMENT_DEFINITION) SquadExpansion/Serenity/Resources/ScienceDefs/EXPERIMENT_DEFINITION
[LOG 15:44:19.475] Config(EXPERIMENT_DEFINITION) SquadExpansion/Serenity/Resources/ScienceDefs/EXPERIMENT_DEFINITION
[LOG 15:44:19.475] Config(EXPERIMENT_DEFINITION) SquadExpansion/Serenity/Resources/ScienceDefs/EXPERIMENT_DEFINITION
[LOG 15:44:19.475] Config(EXPERIMENT_DEFINITION) SquadExpansion/Serenity/Resources/ScienceDefs/EXPERIMENT_DEFINITION
[LOG 15:44:19.475] Config(EXPERIMENT_DEFINITION) SquadExpansion/Serenity/Resources/ScienceDefs/EXPERIMENT_DEFINITION
[LOG 15:44:19.475] Config(EXPERIMENT_DEFINITION) SquadExpansion/Serenity/Resources/ScienceDefs/EXPERIMENT_DEFINITION
[LOG 15:44:19.475] Config(EXPERIMENT_DEFINITION) SquadExpansion/Serenity/Resources/ScienceDefs/EXPERIMENT_DEFINITION
[LOG 15:44:19.475] Config(EXPERIMENT_DEFINITION) SquadExpansion/Serenity/Resources/ScienceDefs/EXPERIMENT_DEFINITION
[LOG 15:44:19.475] Config(EXPERIMENT_DEFINITION) SquadExpansion/Serenity/Resources/ScienceDefs/EXPERIMENT_DEFINITION
[LOG 15:44:19.475] Config(EXPERIMENT_DEFINITION) SquadExpansion/Serenity/Resources/ScienceDefs/EXPERIMENT_DEFINITION
[LOG 15:44:19.475] Config(EXPERIMENT_DEFINITION) SquadExpansion/Serenity/Resources/ScienceDefs/EXPERIMENT_DEFINITION
[LOG 15:44:19.475] Config(STORY_DEF) SquadExpansion/Serenity/Resources/StoryDefs/STORY_DEF
[LOG 15:44:19.475] Compiling Configs Completed.
[LOG 15:44:19.477] Resource LiquidFuel added to database
[LOG 15:44:19.477] Resource Oxidizer added to database
[LOG 15:44:19.477] Resource SolidFuel added to database
[LOG 15:44:19.477] Resource MonoPropellant added to database
[LOG 15:44:19.477] Resource XenonGas added to database
[LOG 15:44:19.477] Resource ElectricCharge added to database
[LOG 15:44:19.477] Resource IntakeAir added to database
[LOG 15:44:19.477] Resource EVA Propellant added to database
[LOG 15:44:19.477] Resource Ore added to database
[LOG 15:44:19.477] Resource Ablator added to database
[LOG 15:44:19.479] Resource MediumGrip added to database
[LOG 15:44:19.479] Resource HighGrip added to database
[LOG 15:44:19.479] Resource ExtremeGrip added to database
[LOG 15:44:19.480] Resource LowGrip added to database
[LOG 15:44:19.480] Resource Default added to database
[LOG 15:44:19.480] CodeAssetLoader: Compiling all code assets
[LOG 15:44:19.484] ExperienceSystemConfig: Added Effect 'DeployedSciencePowerSkill' to Trait 'Ingénieur'
[LOG 15:44:19.484] ExperienceSystemConfig: Added Effect 'DeployedScienceExpSkill' to Trait 'Scientifique'
[LOG 15:44:19.488] ConfigNode[]
[LOG 15:44:19.488] GameDatabase: Assets loaded in 5.456s
[LOG 15:44:19.489] [ModuleManager] Waited 0.000s for patching to finish
[LOG 15:44:19.489] [ModuleManager] Applying patched game database
[LOG 15:44:19.491] [ModuleManager] Dumping ModuleManager log to main log
[LOG 15:44:19.492] [ModuleManager] 
#### BEGIN MODULEMANAGER LOG ####


[LOG 15:44:15.094] Log started at 2026-09-23 15:44:15.094
[LOG 15:44:17.094] Checking Cache
[LOG 15:44:17.330] SHA generated in 0.235s
[LOG 15:44:17.330]       SHA = 6B-9B-6D-1C-D1-46-6F-B9-D9-36-4B-33-7D-F2-93-02-C8-44-7F-27-E8-EA-BA-2C-05-4D-8B-8E-D1-0F-8D-D3
[LOG 15:44:17.344] Cache SHA = 6B-9B-6D-1C-D1-46-6F-B9-D9-36-4B-33-7D-F2-93-02-C8-44-7F-27-E8-EA-BA-2C-05-4D-8B-8E-D1-0F-8D-D3
[LOG 15:44:17.344] useCache = True
[LOG 15:44:17.344] Loading from Cache
[LOG 15:44:17.451] Cache Loaded
[LOG 15:44:17.451] Dumping patch log
[LOG 15:44:17.452] 
#### BEGIN PATCH LOG ####


[LOG 14:10:16.932] Log started at 2026-09-23 14:10:16.932
[LOG 14:10:16.931] Pre patch init
[LOG 14:10:17.064] compiling list of loaded mods...
Mod DLLs found:
  Name                                    Assembly Version         Assembly File Version    KSPAssembly Version      SHA256

  Assembly-CSharp                         0.0.0.0                  0.0.0.0                  1.12                     d9e42483f25ee80a9c11d6c1c0a0d29b4ec78c1e08d76c971b71580c9cce51e4
  ModuleManager                           4.2.3.0                  4.2.3.0                  2.5                      95847827ab293b9e82a19b7efb97ffea3e98cc03b181862536ac8eb572e30d7d
  0Harmony                                2.2.1.0                  2.2.1.0                                           19ce60ac3280f72ec1751d36a40cb7e2fece2934df8345969dc7feb83bd633e4
  HarmonyInstallChecker                   2.2.1.0                  2.2.1.0                  1.0                      f11e659e91a52c21c5bda78e52b82a7bdc246bcab6a999733af3c69a11a9dc0e
  0_MultipleModuleInPartAPI               1.0.0.0                  1.0.0.0                  1.0                      df4a22fb0535de7fa154ca234b50dd7c2fc6be879e4a877d9bad1f87bafafcbf
  KSPCommunityFixes                       1.41.0.0                 1.41.1.0                 1.41                     e08ebbec7ab34f4f7ff56d6e900051bb0d259a4bc092881d7db3ca2f9f2e9a11
  KSPSteamCtrlr                           0.0.1.35                 0.0.1.35                                          1675fa4fcb61d014eb1babe7eed703e7f76a1008537ee57ca7cec65cd9ff94ac
  TerrainPrecisionFixDiagMod              1.0.9762.16970           1.0.9762.16970                                    d29a59fbbe3d3f6934a58920d2be8cdd29228811e85813ead860bcdd7a9087c6
Non-DLL mods added (:FOR[xxx]):
Mods by directory (sub directories of GameData):
  000_Harmony
  Squad
  SquadExpansion
Mods added by assemblies:

[LOG 14:10:17.070] Extracting patches
[LOG 14:10:17.078] Deleting root node in file KSPCommunityFixes/MMPatches/ModSupport/FixDockingNodes node: @PART[*]:HAS[@MODULE[ModuleDockingNodeFixed]]:NEEDS[FixDockingNodes]:FINAL as it can't satisfy its NEEDS
[LOG 14:10:17.079] Deleting root node in file KSPCommunityFixes/MMPatches/ModSupport/KSPRecall node: @KSP_COMMUNITY_FIXES:NEEDS[AttachedOnEditor] as it can't satisfy its NEEDS
[LOG 14:10:17.079] Deleting root node in file KSPCommunityFixes/MMPatches/ModSupport/UniversalStorage node: @KSP_COMMUNITY_FIXES:NEEDS[UniversalStorage2] as it can't satisfy its NEEDS
[LOG 14:10:17.123] Applying patches
[LOG 14:10:17.124] :INSERT (initial) pass
[LOG 14:10:17.150] :FIRST pass
[LOG 14:10:17.152] Applying update KSPCommunityFixes/MMPatches/StockTweaks/LadderToggleableLight/@PART[telescopicLadderBay]:FIRST to Squad/Parts/Utility/ladderTelescopicBay/ladderTelescopicBay.cfg/PART[telescopicLadderBay]
[LOG 14:10:17.161] Applying update KSPCommunityFixes/MMPatches/StockTweaks/LadderToggleableLight/@PART[telescopicLadderBay]:HAS[#LadderToggleableLight[?rue]]:FIRST to Squad/Parts/Utility/ladderTelescopicBay/ladderTelescopicBay.cfg/PART[telescopicLadderBay]
[LOG 14:10:17.161] Applying update KSPCommunityFixes/MMPatches/StockTweaks/LadderToggleableLight/@PART[telescopicLadderBay]:HAS[#LadderToggleableLight]:FIRST to Squad/Parts/Utility/ladderTelescopicBay/ladderTelescopicBay.cfg/PART[telescopicLadderBay]
[LOG 14:10:17.162] Applying update KSPCommunityFixes/MMPatches/StockTweaks/LandingGearLights/@PART[GearSmall]:FIRST to Squad/Parts/Wheel/LandingGear/GearMedium.cfg/PART[GearSmall]
[LOG 14:10:17.163] Applying update KSPCommunityFixes/MMPatches/StockTweaks/LandingGearLights/@PART[SmallGearBay]:FIRST to Squad/Parts/Wheel/LandingGear/GearSmall.cfg/PART[SmallGearBay]
[LOG 14:10:17.163] :LEGACY (default) pass
[LOG 14:10:17.166] :BEFORE[0_MULTIPLEMODULEINPARTAPI] pass
[LOG 14:10:17.166] :FOR[0_MULTIPLEMODULEINPARTAPI] pass
[LOG 14:10:17.166] :AFTER[0_MULTIPLEMODULEINPARTAPI] pass
[LOG 14:10:17.166] :BEFORE[000_HARMONY] pass
[LOG 14:10:17.166] :FOR[000_HARMONY] pass
[LOG 14:10:17.166] :AFTER[000_HARMONY] pass
[LOG 14:10:17.166] :BEFORE[0HARMONY] pass
[LOG 14:10:17.166] :FOR[0HARMONY] pass
[LOG 14:10:17.166] :AFTER[0HARMONY] pass
[LOG 14:10:17.166] :BEFORE[ASSEMBLY-CSHARP] pass
[LOG 14:10:17.166] :FOR[ASSEMBLY-CSHARP] pass
[LOG 14:10:17.166] :AFTER[ASSEMBLY-CSHARP] pass
[LOG 14:10:17.166] :BEFORE[HARMONYINSTALLCHECKER] pass
[LOG 14:10:17.166] :FOR[HARMONYINSTALLCHECKER] pass
[LOG 14:10:17.166] :AFTER[HARMONYINSTALLCHECKER] pass
[LOG 14:10:17.166] :BEFORE[KSPCOMMUNITYFIXES] pass
[LOG 14:10:17.166] :FOR[KSPCOMMUNITYFIXES] pass
[LOG 14:10:17.166] Applying update KSPCommunityFixes/MMPatches/StockTweaks/ManufacturerFixes/@PART[sasModule]:FOR[KSPCommunityFixes] to Squad/Parts/Command/inlineReactionWheel/inlineReactionWheel.cfg/PART[sasModule]
[LOG 14:10:17.166] Applying update KSPCommunityFixes/MMPatches/StockTweaks/ManufacturerFixes/@PART[xenonTankRadial]:FOR[KSPCommunityFixes] to Squad/Parts/FuelTank/xenonTankRadial/xenonTankRadial.cfg/PART[xenonTankRadial]
[LOG 14:10:17.166] Applying update KSPCommunityFixes/MMPatches/StockTweaks/ManufacturerFixes/@PART[winglet|fireworksLauncherSmall|fireworksLauncherBig]:FOR[KSPCommunityFixes] to Squad/Parts/Aero/wingletAV-T1/wingletAV-T1.cfg/PART[winglet]
[LOG 14:10:17.167] Applying update KSPCommunityFixes/MMPatches/StockTweaks/ManufacturerFixes/@PART[winglet|fireworksLauncherSmall|fireworksLauncherBig]:FOR[KSPCommunityFixes] to Squad/Parts/Utility/Fireworks/fireworksLauncherBig.cfg/PART[fireworksLauncherBig]
[LOG 14:10:17.167] Applying update KSPCommunityFixes/MMPatches/StockTweaks/ManufacturerFixes/@PART[winglet|fireworksLauncherSmall|fireworksLauncherBig]:FOR[KSPCommunityFixes] to Squad/Parts/Utility/Fireworks/fireworksLauncherSmall.cfg/PART[fireworksLauncherSmall]
[LOG 14:10:17.167] Applying update KSPCommunityFixes/MMPatches/StockTweaks/ManufacturerFixes/@PART[solidBooster_sm_v2|solidBooster_v2]:FOR[KSPCommunityFixes] to Squad/Parts/Engine/Size1_SRBs/solidBoosterRT-10_v2.cfg/PART[solidBooster_v2]
[LOG 14:10:17.167] Applying update KSPCommunityFixes/MMPatches/StockTweaks/ManufacturerFixes/@PART[solidBooster_sm_v2|solidBooster_v2]:FOR[KSPCommunityFixes] to Squad/Parts/Engine/Size1_SRBs/solidBoosterRT-5_v2.cfg/PART[solidBooster_sm_v2]
[LOG 14:10:17.168] Applying update KSPCommunityFixes/MMPatches/StockTweaks/ManufacturerFixes/@PART[ServiceBay_125_v2|ServiceBay_250_v2]:FOR[KSPCommunityFixes] to Squad/Parts/Utility/ServiceBay_v2/ServiceBay_125_v2.cfg/PART[ServiceBay_125_v2]
[LOG 14:10:17.168] Applying update KSPCommunityFixes/MMPatches/StockTweaks/ManufacturerFixes/@PART[ServiceBay_125_v2|ServiceBay_250_v2]:FOR[KSPCommunityFixes] to Squad/Parts/Utility/ServiceBay_v2/ServiceBay_250_v2.cfg/PART[ServiceBay_250_v2]
[LOG 14:10:17.168] Applying update KSPCommunityFixes/MMPatches/StockTweaks/ManufacturerFixes/@PART[externalTankCapsule]:FOR[KSPCommunityFixes] to Squad/Parts/FuelTank/FoilTanks/RadialTank_Capsule.cfg/PART[externalTankCapsule]
[LOG 14:10:17.169] Applying update KSPCommunityFixes/MMPatches/StockTweaks/ManufacturerFixes/@PART[RCSFuelTank|rcsTankMini|RCSTank1-2]:FOR[KSPCommunityFixes] to Squad/Parts/FuelTank/RCSFuelTankR1/RCSFuelTankR1.cfg/PART[RCSTank1-2]
[LOG 14:10:17.169] Applying update KSPCommunityFixes/MMPatches/StockTweaks/ManufacturerFixes/@PART[RCSFuelTank|rcsTankMini|RCSTank1-2]:FOR[KSPCommunityFixes] to Squad/Parts/FuelTank/RCSFuelTankR10/RCSFuelTankR10.cfg/PART[rcsTankMini]
[LOG 14:10:17.169] Applying update KSPCommunityFixes/MMPatches/StockTweaks/ManufacturerFixes/@PART[RCSFuelTank|rcsTankMini|RCSTank1-2]:FOR[KSPCommunityFixes] to Squad/Parts/FuelTank/RCSFuelTankR25/RCSFuelTankR25.cfg/PART[RCSFuelTank]
[LOG 14:10:17.169] Applying update KSPCommunityFixes/MMPatches/StockTweaks/ManufacturerFixes/@PART[landerCabinSmall]:FOR[KSPCommunityFixes] to Squad/Parts/Command/mk1LanderCan/mk1LanderCan.cfg/PART[landerCabinSmall]
[LOG 14:10:17.169] Applying update KSPCommunityFixes/MMPatches/StockTweaks/ManufacturerFixes/@PART[dockingPortLateral]:FOR[KSPCommunityFixes] to Squad/Parts/Utility/dockingPortInline/dockingPortInline.cfg/PART[dockingPortLateral]
[LOG 14:10:17.169] Applying update KSPCommunityFixes/MMPatches/StockTweaks/ManufacturerFixes/@PART[EnginePlate4]:FOR[KSPCommunityFixes]:NEEDS[SquadExpansion/MakingHistory] to SquadExpansion/MakingHistory/Parts/Coupling/EnginePlate_4.cfg/PART[EnginePlate4]
[LOG 14:10:17.170] Applying update KSPCommunityFixes/MMPatches/StockTweaks/ManufacturerFixes/@PART[Mk2Pod]:FOR[KSPCommunityFixes]:NEEDS[SquadExpansion/MakingHistory] to SquadExpansion/MakingHistory/Parts/Pods/Mk2Pod.cfg/PART[Mk2Pod]
[LOG 14:10:17.170] Applying update KSPCommunityFixes/MMPatches/StockTweaks/ManufacturerFixes/@PART[evaChute|parachuteSingle|parachuteRadial|radialDrogue|parachuteLarge|parachuteDrogue]:FOR[KSPCommunityFixes] to Squad/Parts/Cargo/Parachute/Parachute.cfg/PART[evaChute]
[LOG 14:10:17.170] Applying update KSPCommunityFixes/MMPatches/StockTweaks/ManufacturerFixes/@PART[evaChute|parachuteSingle|parachuteRadial|radialDrogue|parachuteLarge|parachuteDrogue]:FOR[KSPCommunityFixes] to Squad/Parts/Utility/parachuteMk1/parachuteMk1.cfg/PART[parachuteSingle]
[LOG 14:10:17.171] Applying update KSPCommunityFixes/MMPatches/StockTweaks/ManufacturerFixes/@PART[evaChute|parachuteSingle|parachuteRadial|radialDrogue|parachuteLarge|parachuteDrogue]:FOR[KSPCommunityFixes] to Squad/Parts/Utility/parachuteMk12-R/parachuteMk12-R.cfg/PART[radialDrogue]
[LOG 14:10:17.171] Applying update KSPCommunityFixes/MMPatches/StockTweaks/ManufacturerFixes/@PART[evaChute|parachuteSingle|parachuteRadial|radialDrogue|parachuteLarge|parachuteDrogue]:FOR[KSPCommunityFixes] to Squad/Parts/Utility/parachuteMk16-XL/parachuteMk16-XL.cfg/PART[parachuteLarge]
[LOG 14:10:17.171] Applying update KSPCommunityFixes/MMPatches/StockTweaks/ManufacturerFixes/@PART[evaChute|parachuteSingle|parachuteRadial|radialDrogue|parachuteLarge|parachuteDrogue]:FOR[KSPCommunityFixes] to Squad/Parts/Utility/parachuteMk2-R/parachuteMk2-R.cfg/PART[parachuteRadial]
[LOG 14:10:17.171] Applying update KSPCommunityFixes/MMPatches/StockTweaks/ManufacturerFixes/@PART[evaChute|parachuteSingle|parachuteRadial|radialDrogue|parachuteLarge|parachuteDrogue]:FOR[KSPCommunityFixes] to Squad/Parts/Utility/parachuteMk25/parachuteMk25.cfg/PART[parachuteDrogue]
[LOG 14:10:17.172] Applying update KSPCommunityFixes/MMPatches/StockTweaks/ManufacturerFixes/@PART[stackPoint1|dockingPort1|dockingPort2|dockingPort3|dockingPortLarge]:FOR[KSPCommunityFixes] to Squad/Parts/Utility/dockingPort/dockingPort.cfg/PART[dockingPort2]
[LOG 14:10:17.172] Applying update KSPCommunityFixes/MMPatches/StockTweaks/ManufacturerFixes/@PART[stackPoint1|dockingPort1|dockingPort2|dockingPort3|dockingPortLarge]:FOR[KSPCommunityFixes] to Squad/Parts/Utility/dockingPortJr/dockingPortJr.cfg/PART[dockingPort3]
[LOG 14:10:17.172] Applying update KSPCommunityFixes/MMPatches/StockTweaks/ManufacturerFixes/@PART[stackPoint1|dockingPort1|dockingPort2|dockingPort3|dockingPortLarge]:FOR[KSPCommunityFixes] to Squad/Parts/Utility/dockingPortShielded/dockingPortShielded.cfg/PART[dockingPort1]
[LOG 14:10:17.172] Applying update KSPCommunityFixes/MMPatches/StockTweaks/ManufacturerFixes/@PART[stackPoint1|dockingPort1|dockingPort2|dockingPort3|dockingPortLarge]:FOR[KSPCommunityFixes] to Squad/Parts/Utility/dockingPortSr/dockingPortSr.cfg/PART[dockingPortLarge]
[LOG 14:10:17.172] Applying update KSPCommunityFixes/MMPatches/StockTweaks/ManufacturerFixes/@PART[stackPoint1|dockingPort1|dockingPort2|dockingPort3|dockingPortLarge]:FOR[KSPCommunityFixes] to Squad/Parts/Utility/radialAttachmentPoint/radialAttachmentPoint.cfg/PART[stackPoint1]
[LOG 14:10:17.172] :AFTER[KSPCOMMUNITYFIXES] pass
[LOG 14:10:17.172] :BEFORE[KSPSTEAMCTRLR] pass
[LOG 14:10:17.172] :FOR[KSPSTEAMCTRLR] pass
[LOG 14:10:17.172] :AFTER[KSPSTEAMCTRLR] pass
[LOG 14:10:17.172] :BEFORE[MODULEMANAGER] pass
[LOG 14:10:17.172] :FOR[MODULEMANAGER] pass
[LOG 14:10:17.172] :AFTER[MODULEMANAGER] pass
[LOG 14:10:17.172] :BEFORE[SQUAD] pass
[LOG 14:10:17.172] :FOR[SQUAD] pass
[LOG 14:10:17.172] :AFTER[SQUAD] pass
[LOG 14:10:17.172] :BEFORE[SQUADEXPANSION] pass
[LOG 14:10:17.172] :FOR[SQUADEXPANSION] pass
[LOG 14:10:17.172] :AFTER[SQUADEXPANSION] pass
[LOG 14:10:17.172] :BEFORE[TERRAINPRECISIONFIXDIAGMOD] pass
[LOG 14:10:17.172] :FOR[TERRAINPRECISIONFIXDIAGMOD] pass
[LOG 14:10:17.172] :AFTER[TERRAINPRECISIONFIXDIAGMOD] pass
[LOG 14:10:17.173] :LAST[999_KSP-RECALL] pass
[LOG 14:10:17.182] :FINAL pass
[LOG 14:10:17.182] Done patching
[LOG 14:10:17.182] Saving Cache
[LOG 14:10:17.285] Done!



#### END PATCH LOG ####
[LOG 15:44:17.694] ModuleManager: 33 patches loaded from cache

[LOG 15:44:17.694] Ran in 0.601s
[LOG 15:44:17.773] Done!



#### END MODULEMANAGER LOG ####
[LOG 15:44:19.492] [ModuleManager] Running tests...
[LOG 15:44:19.494] [ModuleManager] tests complete.
[LOG 15:44:19.494] [ModuleManager] Reloading resources definitions
[LOG 15:44:19.494] Resource LiquidFuel added to database
[LOG 15:44:19.494] Resource Oxidizer added to database
[LOG 15:44:19.495] Resource SolidFuel added to database
[LOG 15:44:19.495] Resource MonoPropellant added to database
[LOG 15:44:19.495] Resource XenonGas added to database
[LOG 15:44:19.495] Resource ElectricCharge added to database
[LOG 15:44:19.495] Resource IntakeAir added to database
[LOG 15:44:19.495] Resource EVA Propellant added to database
[LOG 15:44:19.495] Resource Ore added to database
[LOG 15:44:19.495] Resource Ablator added to database
[LOG 15:44:19.495] [ModuleManager] Reloading Trait configs
[LOG 15:44:19.495] ExperienceSystemConfig: Added Effect 'DeployedSciencePowerSkill' to Trait 'Ingénieur'
[LOG 15:44:19.495] ExperienceSystemConfig: Added Effect 'DeployedScienceExpSkill' to Trait 'Scientifique'
[LOG 15:44:19.495] [ModuleManager] Reloading Part Upgrades
[LOG 15:44:19.496] [ModuleManager] Setting modded physics as the active one
[LOG 15:44:19.498] PhysicsGlobals: Loading database
[LOG 15:44:19.499] [ModuleManager] Running post patch callbacks
[LOG 15:44:19.507] [KSPCommunityFixes] Patch AutoStrutDrift applied.
[LOG 15:44:19.510] [KSPCommunityFixes] Patch EditorAnimatedPartsShipModified applied.
[LOG 15:44:19.515] [KSPCommunityFixes] Patch DragCubeLoadException applied.
[LOG 15:44:19.518] [KSPCommunityFixes] Patch DoubleCurvePreserveTangents applied.
[LOG 15:44:19.555] [KSPCommunityFixes] Patch DockingPortRotationDriftAndFixes applied.
[LOG 15:44:19.594] [KSPCommunityFixes] Patch DockingPortConserveMomentum applied.
[LOG 15:44:19.598] [KSPCommunityFixes] Patch DebugConsoleDontStealInput applied.
[LOG 15:44:19.602] [KSPCommunityFixes] Patch CorrectDragForFlags applied.
[LOG 15:44:19.603] [KSPCommunityFixes] Patch CometMiningNotRemovingMass applied.
[LOG 15:44:19.608] [KSPCommunityFixes] Patch ChutePhantomSymmetry applied.
[LOG 15:44:19.611] [KSPCommunityFixes] Patch CometSpawnerUniqueFlightId applied.
[LOG 15:44:19.612] [KSPCommunityFixes] Patch AsteroidSpawnerUniqueFlightId applied.
[LOG 15:44:19.613] [KSPCommunityFixes] Patch AsteroidInfiniteMining applied.
[LOG 15:44:19.636] [KSPCommunityFixes] Patch PersistentIConfigNode applied.
[LOG 15:44:19.636] [KSPCommunityFixes] Patch OnSymmetryFieldChanged not applied (not enabled in Settings.cfg)
[LOG 15:44:19.637] [KSPCommunityFixes] Patch ModUpgradePipeline not applied (not enabled in Settings.cfg)
[LOG 15:44:19.637] [KSPCommunityFixes] Patch KSPFieldEnumDesc not applied (not enabled in Settings.cfg)
[LOG 15:44:19.637] [KSPCommunityFixes] Patch EventProfilerMarkers not applied (not enabled in Settings.cfg)
[LOG 15:44:19.638] [KSPCommunityFixes] Patch DockingPortLockedEvents not applied (not enabled in Settings.cfg)
[LOG 15:44:19.640] [KSPCommunityFixes] Patch DepartmentHeadImage applied.
[LOG 15:44:19.650] [KSPCommunityFixes] Patch BaseFieldListUseFieldHost applied.
[LOG 15:44:19.677] [KSPCommunityFixes] Patch ResourceConverterPerf applied.
[LOG 15:44:19.685] [KSPCommunityFixes] Patch ProgressTrackingSpeedBoost applied.
[LOG 15:44:19.693] [KSPCommunityFixes] Patch PQSUpdateNoMemoryAlloc applied.
[LOG 15:44:19.693] [KSPCommunityFixes] Patch PQSOnlyStartOnce not applied (not enabled in Settings.cfg)
[LOG 15:44:19.703] [KSPCommunityFixes] Patch PQSCoroutineLeak applied.
[LOG 15:44:19.730] [KSPCommunityFixes] Patch PartSystemsFastUpdate applied.
[LOG 15:44:19.747] [KSPCommunityFixes] Patch PartParsingPerf applied.
[LOG 15:44:19.750] [KSPCommunityFixes] Patch EnginePlateAirstreamShieldedTopPart applied.
[LOG 15:44:19.756] [KSPCommunityFixes] Patch EVAConstructionMass applied.
[LOG 15:44:19.762] [KSPCommunityFixes] Patch EVAConstructionUninitializedInventory applied.
[LOG 15:44:19.767] [KSPCommunityFixes] Patch EVAKerbalRecovery applied.
[LOG 15:44:19.771] [KSPCommunityFixes] Patch TimeWarpOrbitShift applied.
[LOG 15:44:19.773] [KSPCommunityFixes] Patch TimeWarpBodyCollision applied.
[LOG 15:44:19.784] [KSPCommunityFixes] Patch ThumbnailSpotlight applied.
[LOG 15:44:19.788] [KSPCommunityFixes] Patch SymmetryReferenceOnDelete applied.
[LOG 15:44:19.788] [KSPCommunityFixes] Patch StrategyDuration not applied (not enabled in Settings.cfg)
[LOG 15:44:19.790] [KSPCommunityFixes] Patch StockAlarmDescPreserveLineBreak applied.
[LOG 15:44:19.814] [KSPCommunityFixes] Patch StickySplashedFixer applied.
[LOG 15:44:19.820] [KSPCommunityFixes] Patch ScatterDistribution applied.
[LOG 15:44:19.846] [KSPCommunityFixes] Patch RoboticsDrift applied.
[LOG 15:44:19.848] [KSPCommunityFixes] Patch RestoreMaxPhysicsDT applied.
[LOG 15:44:19.867] [KSPCommunityFixes] Patch RespawnDeadKerbals applied.
[LOG 15:44:19.871] [KSPCommunityFixes] Patch RescaledRoboticParts applied.
[LOG 15:44:19.875] [KSPCommunityFixes] Patch ReRootPreserveSurfaceAttach applied.
[LOG 15:44:19.897] [KSPCommunityFixes] Patch OptimizedModuleRaycasts applied.
[LOG 15:44:19.904] GetSubclassesOfParentClass: Found 1 types with ModuleInventoryPart parent in 8 assemblies.
[LOG 15:44:19.910] [KSPCommunityFixes] Patch RefundingOnRecovery applied.
[LOG 15:44:19.910] [KSPCommunityFixes] Patch PatchedConicEncounterFlickering applied.
[LOG 15:44:19.927] [KSPCommunityFixes] Patch PartListTooltipIconSpin applied.
[LOG 15:44:19.934] [KSPCommunityFixes] Patch PackedPartsRotation applied.
[LOG 15:44:19.957] [KSPCommunityFixes] Patch ModulePartVariantsNodePersistence applied.
[LOG 15:44:19.959] [KSPCommunityFixes] Patch ModuleAnimateGenericCrewModSpawnIVA applied.
[LOG 15:44:19.961] [KSPCommunityFixes] Patch ModuleActiveRadiatorNoParentException applied.
[LOG 15:44:19.964] [KSPCommunityFixes] Patch MapTargetBodyWithEncounter applied.
[LOG 15:44:19.967] [KSPCommunityFixes] Patch LostSoundAfterSceneSwitch applied.
[LOG 15:44:19.973] [KSPCommunityFixes] Patch LadderToggleableLight applied.
[LOG 15:44:19.986] [KSPCommunityFixes] Patch InventoryPartMass applied.
[LOG 15:44:19.992] [KSPCommunityFixes] Patch HarvesterECConsumption applied.
[LOG 15:44:19.993] [KSPCommunityFixes] Patch FixGetUnivseralTime applied.
[LOG 15:44:20.003] [KSPCommunityFixes] Patch ExtendedDeployableParts applied.
[LOG 15:44:20.004] [KSPCommunityFixes] Patch PropellantFlowDescription applied.
[LOG 15:44:20.026] [KSPCommunityFixes] Patch OptimisedVectorLines applied.
[LOG 15:44:20.032] [KSPCommunityFixes] Patch ModuleDockingNodeFindOtherNodesFaster applied.
[LOG 15:44:20.036] [KSPCommunityFixes] Patch ModuleColorChangerOptimization applied.
[LOG 15:44:20.041] [KSPCommunityFixes] Patch AutoSavedCraftNameAtLaunch applied.
[LOG 15:44:20.061] [KSPCommunityFixes] Patch PAWCollapsedInventories applied.
[LOG 15:44:20.064] [KSPCommunityFixes] Patch UIFloatEditNumericInput applied.
[LOG 15:44:20.088] [KSPCommunityFixes] Patch PAWStockGroups applied.
[LOG 15:44:20.098] [KSPCommunityFixes] Patch AltimeterHorizontalPosition applied.
[LOG 15:44:20.108] [KSPCommunityFixes] Patch SceneLoadSpeedBoost applied.
[LOG 15:44:20.147] [KSPCommunityFixes] Patch OnDemandPartBuoyancy applied.
[LOG 15:44:20.148] [KSPCommunityFixes] Patch ForceSyncSceneSwitch applied.
[LOG 15:44:20.148] [KSPCommunityFixes] Patch FewerSaves not applied (not enabled in Settings.cfg)
[LOG 15:44:20.149] [KSPCommunityFixes] Patch WheelInertiaLimit applied.
[LOG 15:44:20.149] [KSPCommunityFixes] Patch StockAlarmCustomFormatterDate isn't applicable to this KSP version.
[LOG 15:44:20.160] [KSPCommunityFixes] Patch ROCValidationOOR applied.
[LOG 15:44:20.169] [KSPCommunityFixes] Patch ZeroCostTechNodes applied.
[LOG 15:44:20.170] [KSPCommunityFixes] Patch ReactionWheelsPotentialTorque applied.
[LOG 15:44:20.175] [KSPCommunityFixes] Patch PAWGroupMemory applied.
[LOG 15:44:20.210] [KSPCommunityFixes] Patch PartStartStability applied.
[LOG 15:44:20.217] [KSPCommunityFixes] Patch PartBoundsIgnoreDisabledTransforms applied.
[LOG 15:44:20.257] [KSPCommunityFixes] Patch ModuleIndexingMismatch applied.
[LOG 15:44:20.262] [KSPCommunityFixes] Patch MapSOCorrectWrapping applied.
[LOG 15:44:20.262] [KSPCommunityFixes] Patch KerbalTooltipMaxSustainedG applied.
[LOG 15:44:20.266] [KSPCommunityFixes] Patch KerbalInventoryPersistence applied.
[LOG 15:44:20.266] [KSPCommunityFixes] Patch FlightSceneLoadKraken not applied (not enabled in Settings.cfg)
[LOG 15:44:20.268] [KSPCommunityFixes] Patch FIUpdateRadiation applied.
[LOG 15:44:20.270] [KSPCommunityFixes] Patch FastAndFixedEnumExtensions applied.
[LOG 15:44:20.313] [KSPCommunityFixes] Patch DeltaVHideWhenDisabled applied.
[LOG 15:44:20.317] [KSPCommunityFixes] Patch BlockMapViewPartClick applied.
[LOG 15:44:20.321] [KSPCommunityFixes] Patch PAWItemsOrder applied.
[LOG 15:44:20.372] [KSPCommunityFixes] Patch BetterEditorUndoRedo applied.
[LOG 15:44:20.382] [KSPCommunityFixes] Patch AutostrutActions applied.
[LOG 15:44:20.382] [KSPCommunityFixes] Patch DisableNewGameIntro not applied (not enabled in Settings.cfg)
[LOG 15:44:20.425] [KSPCommunityFixes] Patch MinorPerfTweaks applied.
[LOG 15:44:20.513] [KSPCommunityFixes] Patch MemoryLeaks applied.
[LOG 15:44:20.523] [KSPCommunityFixes] Patch LowerMinPhysicsDTPerFrame applied.
[LOG 15:44:20.530] [KSPCommunityFixes] Patch LocalizerPerf applied.
[LOG 15:44:20.533] [KSPCommunityFixes] Patch IMGUIOptimization applied.
[LOG 15:44:20.553] [KSPCommunityFixes] Patch FloatingOriginPerf applied.
[LOG 15:44:20.610] [KSPCommunityFixes] Patch FlightIntegratorPerf applied.
[LOG 15:44:20.617] [KSPCommunityFixes] Patch FasterPartFindTransform applied.
[LOG 15:44:20.630] [KSPCommunityFixes] Patch FasterEditorPartList applied.
[LOG 15:44:20.632] [KSPCommunityFixes] Patch ExpansionBundlePreload applied.
[LOG 15:44:20.645] [KSPCommunityFixes] Patch DragCubeGeneration applied.
[LOG 15:44:20.648] [KSPCommunityFixes] Patch DisableMapUpdateInFlight applied.
[LOG 15:44:20.649] [KSPCommunityFixes] Patch DisableHiddenPortraits applied.
[LOG 15:44:20.651] [KSPCommunityFixes] Patch DisableManeuverTool applied.
[LOG 15:44:20.681] [KSPCommunityFixes] Patch CraftBrowserOptimisations applied.
[LOG 15:44:20.684] [KSPCommunityFixes] Patch CommNetThrottling applied.
[LOG 15:44:20.695] [KSPCommunityFixes] Patch FairingMouseOverPersistence applied.
[LOG 15:44:20.716] [KSPCommunityFixes] Patch OptionalMakingHistoryDLCFeatures applied.
[LOG 15:44:20.721] [KSPCommunityFixes] Patch ResourceLockActions applied.
[LOG 15:44:20.728] [KSPCommunityFixes] Patch ShowContractFinishDates applied.
[LOG 15:44:20.736] [KSPCommunityFixes] Patch TargetParentBody applied.
[LOG 15:44:20.754] [KSPCommunityFixes] Patch ToolbarShowHide applied.
[LOG 15:44:20.757] [KSPCommunityFixes] Patch ContractProgressEnumCache applied.
[LOG 15:44:20.766] [KSPCommunityFixes] Patch ActiveRadiatorPerf applied.
[LOG 15:44:20.771] [KSPCommunityFixes] Patch CargoBayPerf applied.
[LOG 15:44:20.779] [KSPCommunityFixes] Patch CollisionEnhancerFastUpdate applied.
[LOG 15:44:20.784] [KSPCommunityFixes] Patch CollisionManagerFastUpdate applied.
[LOG 15:44:20.789] [KSPCommunityFixes] Patch AsteroidAndCometDrillCache applied.
[LOG 15:44:20.801] [KSPCommunityFixes] Patch TweakableWheelsAutostrut applied.
[LOG 15:44:20.829] [KSPCommunityFixes] Patch PatchSettings applied.
[LOG 15:44:20.870] [KSPCommunityFixes] Patch UpgradeBugs applied.
[LOG 15:44:20.871] [KSPCommunityFixes] Patch PartTooltipUpgradesApplyToSubstituteParts not applied (not enabled in Settings.cfg)
[LOG 15:44:20.945] [ModuleManager] Calling ConfigNodePerf.ModuleManagerPostLoad()
[LOG 15:44:20.947] [ModuleManager] Post patch ran in 1.457s
[LOG 15:44:20.974] PartLoader: Loading part database
[LOG 15:44:20.975] PartLoader: Compiling Part 'Squad/Parts/Aero/aerodynamicNoseCone/aerodynamicNoseCone/noseCone'
[LOG 15:44:20.994] EffectList: Created 15 effect types
[LOG 15:44:21.082] PartLoader: Compiling Part 'Squad/Parts/Aero/airbrake/Airbrake/airbrake1'
[LOG 15:44:21.109] PartLoader: Compiling Part 'Squad/Parts/Aero/airIntakeRadialXM-G50/airIntakeRadialXM-G50/airScoop'
[LOG 15:44:21.123] PartLoader: Compiling Part 'Squad/Parts/Aero/airlinerWings/ControlSurface/airlinerCtrlSrf'
[LOG 15:44:21.134] PartLoader: Compiling Part 'Squad/Parts/Aero/airlinerWings/MainWing/airlinerMainWing'
[LOG 15:44:21.143] PartLoader: Compiling Part 'Squad/Parts/Aero/airlinerWings/TailFin/airlinerTailFin'
[LOG 15:44:21.152] PartLoader: Compiling Part 'Squad/Parts/Aero/airplaneFins/advancedCanard/AdvancedCanard'
[LOG 15:44:21.157] PartLoader: Compiling Part 'Squad/Parts/Aero/airplaneFins/standardCanard/CanardController'
[LOG 15:44:21.162] PartLoader: Compiling Part 'Squad/Parts/Aero/airplaneFins/sweptWing/sweptWing'
[LOG 15:44:21.170] PartLoader: Compiling Part 'Squad/Parts/Aero/airplaneFins/tailfin/tailfin'
[LOG 15:44:21.179] PartLoader: Compiling Part 'Squad/Parts/Aero/basicFin/basicFin/basicFin'
[LOG 15:44:21.186] PartLoader: Compiling Part 'Squad/Parts/Aero/circularIntake/circularIntake/CircularIntake'
[LOG 15:44:21.203] PartLoader: Compiling Part 'Squad/Parts/Aero/circularIntake/intakeShockCone/shockConeIntake'
[LOG 15:44:21.211] PartLoader: Compiling Part 'Squad/Parts/Aero/cones/avionicsNoseCone/avionicsNoseCone'
[LOG 15:44:21.233] PartLoader: Compiling Part 'Squad/Parts/Aero/cones/ConeA/pointyNoseConeA'
[LOG 15:44:21.238] PartLoader: Compiling Part 'Squad/Parts/Aero/cones/ConeB/pointyNoseConeB'
[LOG 15:44:21.243] PartLoader: Compiling Part 'Squad/Parts/Aero/cones/noseConeAdapter/noseConeAdapter'
[LOG 15:44:21.245] PartLoader: Compiling Part 'Squad/Parts/Aero/cones/protectiveRocketNoseMk7_v2/rocketNoseCone_v2'
[LOG 15:44:21.248] PartLoader: Compiling Part 'Squad/Parts/Aero/cones/protectiveRocketNoseMk7_v3/rocketNoseCone_v3'
[LOG 15:44:21.251] PartLoader: Compiling Part 'Squad/Parts/Aero/cones/rocketNoseCone_size3/rocketNoseConeSize3'
[LOG 15:44:21.253] PartLoader: Compiling Part 'Squad/Parts/Aero/cones/smallNoseCone/standardNoseCone'
[LOG 15:44:21.255] PartLoader: Compiling Part 'Squad/Parts/Aero/cones/tailConnectorA/airplaneTail'
[LOG 15:44:21.262] PartLoader: Compiling Part 'Squad/Parts/Aero/cones/tailConnectorB/airplaneTailB'
[LOG 15:44:21.268] PartLoader: Compiling Part 'Squad/Parts/Aero/fairings/fairingSize1/fairingSize1'
[LOG 15:44:21.299] PartLoader: Compiling Part 'Squad/Parts/Aero/fairings/fairingSize2/fairingSize2'
[LOG 15:44:21.307] PartLoader: Compiling Part 'Squad/Parts/Aero/fairings/fairingSize3/fairingSize3'
[LOG 15:44:21.318] PartLoader: Compiling Part 'Squad/Parts/Aero/HeatShield/HeatShield0/HeatShield0'
[LOG 15:44:21.332] PartLoader: Compiling Part 'Squad/Parts/Aero/HeatShield/HeatShield1/HeatShield1'
[LOG 15:44:21.345] PartLoader: Compiling Part 'Squad/Parts/Aero/HeatShield/HeatShield2/HeatShield2'
[LOG 15:44:21.350] PartLoader: Compiling Part 'Squad/Parts/Aero/HeatShield/HeatShield3/HeatShield3'
[LOG 15:44:21.354] PartLoader: Compiling Part 'Squad/Parts/Aero/InflatableHeatShield/HeatShield/InflatableHeatShield'
[LOG 15:44:21.364] PartLoader: Compiling Part 'Squad/Parts/Aero/intakeRadialLong/intakeRadialLong/IntakeRadialLong'
[LOG 15:44:21.367] PartLoader: Compiling Part 'Squad/Parts/Aero/miniIntake/SmallIntake/miniIntake'
[LOG 15:44:21.369] PartLoader: Compiling Part 'Squad/Parts/Aero/ramAirIntake/ramAirIntake/ramAirIntake'
[LOG 15:44:21.372] PartLoader: Compiling Part 'Squad/Parts/Aero/shuttleWings/delta/wingShuttleDelta'
[LOG 15:44:21.374] PartLoader: Compiling Part 'Squad/Parts/Aero/shuttleWings/elevon1/wingShuttleElevon1'
[LOG 15:44:21.378] PartLoader: Compiling Part 'Squad/Parts/Aero/shuttleWings/elevon2/wingShuttleElevon2'
[LOG 15:44:21.384] PartLoader: Compiling Part 'Squad/Parts/Aero/shuttleWings/rudder/wingShuttleRudder'
[LOG 15:44:21.389] PartLoader: Compiling Part 'Squad/Parts/Aero/shuttleWings/strake/wingShuttleStrake'
[LOG 15:44:21.391] PartLoader: Compiling Part 'Squad/Parts/Aero/wingletAV-R8/wingletAV-R8/R8winglet'
[LOG 15:44:21.395] PartLoader: Compiling Part 'Squad/Parts/Aero/wingletAV-T1/wingletAV-T1/winglet'
[LOG 15:44:21.397] PartLoader: Compiling Part 'Squad/Parts/Aero/wingletDeltaDeluxe/wingletDeltaDeluxe/winglet3'
[LOG 15:44:21.400] PartLoader: Compiling Part 'Squad/Parts/Aero/wings/connector1/wingConnector'
[LOG 15:44:21.402] PartLoader: Compiling Part 'Squad/Parts/Aero/wings/connector2/wingConnector2'
[LOG 15:44:21.404] PartLoader: Compiling Part 'Squad/Parts/Aero/wings/connector3/wingConnector3'
[LOG 15:44:21.406] PartLoader: Compiling Part 'Squad/Parts/Aero/wings/connector4/wingConnector4'
[LOG 15:44:21.408] PartLoader: Compiling Part 'Squad/Parts/Aero/wings/connector5/wingConnector5'
[LOG 15:44:21.409] PartLoader: Compiling Part 'Squad/Parts/Aero/wings/delta/deltaWing'
[LOG 15:44:21.413] PartLoader: Compiling Part 'Squad/Parts/Aero/wings/delta_small/delta_small'
[LOG 15:44:21.417] PartLoader: Compiling Part 'Squad/Parts/Aero/wings/elevon1/StandardCtrlSrf'
[LOG 15:44:21.421] PartLoader: Compiling Part 'Squad/Parts/Aero/wings/elevon2/elevon2'
[LOG 15:44:21.426] PartLoader: Compiling Part 'Squad/Parts/Aero/wings/elevon3/elevon3'
[LOG 15:44:21.430] PartLoader: Compiling Part 'Squad/Parts/Aero/wings/elevon4/smallCtrlSrf'
[LOG 15:44:21.435] PartLoader: Compiling Part 'Squad/Parts/Aero/wings/elevon5/elevon5'
[LOG 15:44:21.439] PartLoader: Compiling Part 'Squad/Parts/Aero/wings/strake/wingStrake'
[LOG 15:44:21.442] PartLoader: Compiling Part 'Squad/Parts/Aero/wings/structural1/structuralWing'
[LOG 15:44:21.445] PartLoader: Compiling Part 'Squad/Parts/Aero/wings/structural2/structuralWing2'
[LOG 15:44:21.449] PartLoader: Compiling Part 'Squad/Parts/Aero/wings/structural3/structuralWing3'
[LOG 15:44:21.453] PartLoader: Compiling Part 'Squad/Parts/Aero/wings/structural4/structuralWing4'
[LOG 15:44:21.455] PartLoader: Compiling Part 'Squad/Parts/Aero/wings/swept1/sweptWing1'
[LOG 15:44:21.457] PartLoader: Compiling Part 'Squad/Parts/Aero/wings/swept2/sweptWing2'
[LOG 15:44:21.459] PartLoader: Compiling Part 'Squad/Parts/Cargo/CargoContainers/cargoContainer/cargoContainer'
[WRN 15:44:21.460] [Part]: Cannot have ModuleCargoPart and ModuleInventoryPart on same Part [cargoContainer'. Removed ModuleCargoPart
[LOG 15:44:21.466] PartLoader: Compiling Part 'Squad/Parts/Cargo/CargoContainers/smallCargoContainer/smallCargoContainer'
[WRN 15:44:21.466] [Part]: Cannot have ModuleCargoPart and ModuleInventoryPart on same Part [smallCargoContainer'. Removed ModuleCargoPart
[LOG 15:44:21.468] PartLoader: Compiling Part 'Squad/Parts/Cargo/Cylinder/Cylinder/evaCylinder'
[LOG 15:44:21.469] PartLoader: Compiling Part 'Squad/Parts/Cargo/GroundAnchor/groundAnchor/groundAnchor'
[LOG 15:44:21.482] PartLoader: Compiling Part 'Squad/Parts/Cargo/Jetpack/Jetpack/evaJetpack'
[LOG 15:44:21.484] PartLoader: Compiling Part 'Squad/Parts/Cargo/Parachute/Parachute/evaChute'
[LOG 15:44:21.485] PartLoader: Compiling Part 'Squad/Parts/Cargo/RepairKit/RepairKit/evaRepairKit'
[LOG 15:44:21.487] PartLoader: Compiling Part 'Squad/Parts/Cargo/ScienceKit/evaScienceKit/evaScienceKit'
[LOG 15:44:21.489] PartLoader: Compiling Part 'Squad/Parts/Cargo/StorageUnits/CargoStorageUnit/CargoStorageUnit'
[WRN 15:44:21.489] [Part]: Cannot have ModuleCargoPart and ModuleInventoryPart on same Part [CargoStorageUnit'. Removed ModuleCargoPart
[LOG 15:44:21.491] PartLoader: Compiling Part 'Squad/Parts/Cargo/StorageUnits/ConformalStorageUnit/ConformalStorageUnit'
[WRN 15:44:21.491] [Part]: Cannot have ModuleCargoPart and ModuleInventoryPart on same Part [ConformalStorageUnit'. Removed ModuleCargoPart
[LOG 15:44:21.492] PartLoader: Compiling Part 'Squad/Parts/Command/advancedSasModuleLarge/advSasModuleLarge/asasmodule1-2'
[LOG 15:44:21.497] PartLoader: Compiling Part 'Squad/Parts/Command/cupola/cupola/cupola'
[LOG 15:44:21.524] PartLoader: Compiling Part 'Squad/Parts/Command/externalCommandSeat/externalCommandSeat/seatExternalCmd'
[LOG 15:44:21.530] PartLoader: Compiling Part 'Squad/Parts/Command/hitchhikerStorageContainer/hitchikerStorageContainer/crewCabin'
[LOG 15:44:21.533] PartLoader: Compiling Part 'Squad/Parts/Command/inlineAdvancedStabilizer/inlineAdvancedStabilizer/advSasModule'
[LOG 15:44:21.536] PartLoader: Compiling Part 'Squad/Parts/Command/inlineReactionWheel/inlineReactionWheel/sasModule'
[LOG 15:44:21.537] PartLoader: Compiling Part 'Squad/Parts/Command/Mk1-3Pod/mk1-3/mk1-3pod'
[LOG 15:44:21.559] PartLoader: Compiling Part 'Squad/Parts/Command/mk1Cockpits/mk1Cockpit/Mark1Cockpit'
[WRN 15:44:21.561] [Part]: Cannot have ModuleCargoPart and ModuleInventoryPart on same Part [Mark1Cockpit'. Removed ModuleCargoPart
[LOG 15:44:21.564] PartLoader: Compiling Part 'Squad/Parts/Command/mk1Cockpits/mk1CrewCabin/MK1CrewCabin'
[WRN 15:44:21.567] [Part]: Cannot have ModuleCargoPart and ModuleInventoryPart on same Part [MK1CrewCabin'. Removed ModuleCargoPart
[LOG 15:44:21.570] PartLoader: Compiling Part 'Squad/Parts/Command/mk1Cockpits/mk1InlineCockpit/Mark2Cockpit'
[WRN 15:44:21.573] [Part]: Cannot have ModuleCargoPart and ModuleInventoryPart on same Part [Mark2Cockpit'. Removed ModuleCargoPart
[LOG 15:44:21.578] PartLoader: Compiling Part 'Squad/Parts/Command/mk1LanderCan/mk1LanderCan/landerCabinSmall'
[WRN 15:44:21.581] [Part]: Cannot have ModuleCargoPart and ModuleInventoryPart on same Part [landerCabinSmall'. Removed ModuleCargoPart
[LOG 15:44:21.584] PartLoader: Compiling Part 'Squad/Parts/Command/mk1pod_v2/mk1Pod_v2/mk1pod_v2'
[WRN 15:44:21.587] [Part]: Cannot have ModuleCargoPart and ModuleInventoryPart on same Part [mk1pod.v2'. Removed ModuleCargoPart
[LOG 15:44:21.593] PartLoader: Compiling Part 'Squad/Parts/Command/mk2CockpitInline/mk2CockpitInline/mk2Cockpit_Inline'
[WRN 15:44:21.597] [Part]: Cannot have ModuleCargoPart and ModuleInventoryPart on same Part [mk2Cockpit.Inline'. Removed ModuleCargoPart
[LOG 15:44:21.603] PartLoader: Compiling Part 'Squad/Parts/Command/mk2CockpitStandard/mk2CockpitStandard/mk2Cockpit_Standard'
[WRN 15:44:21.607] [Part]: Cannot have ModuleCargoPart and ModuleInventoryPart on same Part [mk2Cockpit.Standard'. Removed ModuleCargoPart
[LOG 15:44:21.612] PartLoader: Compiling Part 'Squad/Parts/Command/mk2DroneCore/mk2Dronecore/mk2DroneCore'
[LOG 15:44:21.617] PartLoader: Compiling Part 'Squad/Parts/Command/mk2LanderCan/mk2LanderCan/mk2LanderCabin'
[WRN 15:44:21.619] [Part]: Cannot have ModuleCargoPart and ModuleInventoryPart on same Part [mk2LanderCabin'. Removed ModuleCargoPart
[LOG 15:44:21.622] PartLoader: Compiling Part 'Squad/Parts/Command/mk2LanderCan_v2/mk2LanderCan_v2/mk2LanderCabin_v2'
[WRN 15:44:21.625] [Part]: Cannot have ModuleCargoPart and ModuleInventoryPart on same Part [mk2LanderCabin.v2'. Removed ModuleCargoPart
[LOG 15:44:21.631] PartLoader: Compiling Part 'Squad/Parts/Command/mk3CockpitShuttle/mk3CockpitShuttle/mk3Cockpit_Shuttle'
[LOG 15:44:21.636] PartLoader: Compiling Part 'Squad/Parts/Command/MpoProbe/MpoProbe/MpoProbe'
[LOG 15:44:21.641] PartLoader: Compiling Part 'Squad/Parts/Command/MtmStage/MTM_Stage/MtmStage'
[LOG 15:44:21.646] PartLoader: Compiling Part 'Squad/Parts/Command/probeCoreCube/probeCoreCube/probeCoreCube'
[LOG 15:44:21.650] PartLoader: Compiling Part 'Squad/Parts/Command/probeCoreHex/probeCoreHex/probeCoreHex'
[LOG 15:44:21.654] PartLoader: Compiling Part 'Squad/Parts/Command/probeCoreHex_v2/probeCoreHex_v2/probeCoreHex_v2'
[LOG 15:44:21.657] PartLoader: Compiling Part 'Squad/Parts/Command/probeCoreOcto2_v2/probeCoreOcto2_v2/probeCoreOcto2_v2'
[LOG 15:44:21.663] PartLoader: Compiling Part 'Squad/Parts/Command/probeCoreOcto_v2/probeCoreOcto_v2/probeCoreOcto_v2'
[LOG 15:44:21.667] PartLoader: Compiling Part 'Squad/Parts/Command/probeRoverBody/probeRoverBody/roverBody'
[LOG 15:44:21.671] PartLoader: Compiling Part 'Squad/Parts/Command/probeRoverBody_v2/probeRoverBody_v2/roverBody_v2'
[LOG 15:44:21.675] PartLoader: Compiling Part 'Squad/Parts/Command/probeStackLarge/probeStackLarge/probeStackLarge'
[LOG 15:44:21.680] PartLoader: Compiling Part 'Squad/Parts/Command/probeStackSmall/probeStackSmall/probeStackSmall'
[LOG 15:44:21.685] PartLoader: Compiling Part 'Squad/Parts/Command/probeStackSphere_v2/probeStackSphere_v2/probeCoreSphere_v2'
[LOG 15:44:21.688] PartLoader: Compiling Part 'Squad/Parts/CompoundParts/FuelLine/fuelLine/fuelLine'
[LOG 15:44:21.709] PartLoader: Compiling Part 'Squad/Parts/CompoundParts/strutConnector/strutConnector/strutConnector'
[LOG 15:44:21.719] PartLoader: Compiling Part 'Squad/Parts/Coupling/Decoupler_0/Decoupler_0'
[LOG 15:44:21.725] PartLoader: Compiling Part 'Squad/Parts/Coupling/Decoupler_1/Decoupler_1'
[LOG 15:44:21.729] PartLoader: Compiling Part 'Squad/Parts/Coupling/Decoupler_2/Decoupler_2'
[LOG 15:44:21.732] PartLoader: Compiling Part 'Squad/Parts/Coupling/Decoupler_3/Decoupler_3'
[LOG 15:44:21.734] PartLoader: Compiling Part 'Squad/Parts/Coupling/Separator_0/Separator_0'
[LOG 15:44:21.737] PartLoader: Compiling Part 'Squad/Parts/Coupling/Separator_1/Separator_1'
[LOG 15:44:21.740] PartLoader: Compiling Part 'Squad/Parts/Coupling/Separator_2/Separator_2'
[LOG 15:44:21.743] PartLoader: Compiling Part 'Squad/Parts/Coupling/Separator_3/Separator_3'
[LOG 15:44:21.746] PartLoader: Compiling Part 'Squad/Parts/Electrical/10CSolarPanels/OX-10C/solarPanelOX10C'
[LOG 15:44:21.755] PartLoader: Compiling Part 'Squad/Parts/Electrical/10CSolarPanels/SP-10C/solarPanelSP10C'
[LOG 15:44:21.758] PartLoader: Compiling Part 'Squad/Parts/Electrical/10LSolarPanels/OX-10L/solarPanelOX10L'
[LOG 15:44:21.760] PartLoader: Compiling Part 'Squad/Parts/Electrical/10LSolarPanels/SP-10L/solarPanelSP10L'
[LOG 15:44:21.763] PartLoader: Compiling Part 'Squad/Parts/Electrical/1x6ShroudSolarPanels/1x6ShroudSolarPanels/solarPanels2'
[LOG 15:44:21.765] PartLoader: Compiling Part 'Squad/Parts/Electrical/1x6SolarPanels/1x6SolarPanels/solarPanels4'
[LOG 15:44:21.769] PartLoader: Compiling Part 'Squad/Parts/Electrical/3x2ShroudSolarPanels/3x2ShroudSolarPanels/solarPanels1'
[LOG 15:44:21.771] PartLoader: Compiling Part 'Squad/Parts/Electrical/3x2SolarPanels/3x2SolarPanels/solarPanels3'
[LOG 15:44:21.773] PartLoader: Compiling Part 'Squad/Parts/Electrical/gigantorXlSolarArray/gigantorXlSolarArray/largeSolarPanel'
[LOG 15:44:21.775] PartLoader: Compiling Part 'Squad/Parts/Electrical/radialFlatSolarPanel/radialFlatSolarPanel/solarPanels5'
[LOG 15:44:21.779] PartLoader: Compiling Part 'Squad/Parts/Electrical/RTG/RTG/rtg'
[LOG 15:44:21.789] PartLoader: Compiling Part 'Squad/Parts/Electrical/z-100Battery/z-100Battery/batteryPack'
[LOG 15:44:21.793] PartLoader: Compiling Part 'Squad/Parts/Electrical/z-1kBattery/z-1kBattery/batteryBank'
[LOG 15:44:21.795] PartLoader: Compiling Part 'Squad/Parts/Electrical/z-200Battery/z-200Battery/batteryBankMini'
[LOG 15:44:21.796] PartLoader: Compiling Part 'Squad/Parts/Electrical/z-400Battery/z-400Battery/ksp_r_largeBatteryPack'
[LOG 15:44:21.798] PartLoader: Compiling Part 'Squad/Parts/Electrical/z-4kBattery/z-4kBattery/batteryBankLarge'
[LOG 15:44:21.799] PartLoader: Compiling Part 'Squad/Parts/Engine/ionEngine/ionEngine/ionEngine'
[LOG 15:44:21.813] PartLoader: Compiling Part 'Squad/Parts/Engine/jetEngines/jetEngineAfterburning/turboJet'
[LOG 15:44:21.836] PartLoader: Compiling Part 'Squad/Parts/Engine/jetEngines/jetEngineBasic/JetEngine'
[LOG 15:44:21.843] PartLoader: Compiling Part 'Squad/Parts/Engine/jetEngines/jetEngineBig/turboFanSize2'
[LOG 15:44:21.849] PartLoader: Compiling Part 'Squad/Parts/Engine/jetEngines/jetEngineTurbo/turboFanEngine'
[LOG 15:44:21.855] PartLoader: Compiling Part 'Squad/Parts/Engine/liquidEngine24-77/liquidEngine24-77/smallRadialEngine'
[LOG 15:44:21.860] PartLoader: Compiling Part 'Squad/Parts/Engine/liquidEngine24-77_v2/liquidEngine24-77_v2/smallRadialEngine_v2'
[LOG 15:44:21.865] PartLoader: Compiling Part 'Squad/Parts/Engine/liquidEngine48-7S_v2/liquidEngine48-7S_v2/liquidEngineMini_v2'
[LOG 15:44:21.873] PartLoader: Compiling Part 'Squad/Parts/Engine/liquidEngineAerospike/liquidEngineAerospike/toroidalAerospike'
[LOG 15:44:21.888] PartLoader: Compiling Part 'Squad/Parts/Engine/liquidEngineLV-1_v2/liquidEngineLV-1R _v2/radialEngineMini_v2'
[LOG 15:44:21.899] PartLoader: Compiling Part 'Squad/Parts/Engine/liquidEngineLV-1_v2/liquidEngineLV-1_v2/microEngine_v2'
[LOG 15:44:21.904] PartLoader: Compiling Part 'Squad/Parts/Engine/liquidEngineLV-909_v2/liquidEngineLV-909_v2/liquidEngine3_v2'
[LOG 15:44:21.912] PartLoader: Compiling Part 'Squad/Parts/Engine/liquidEngineLV-N/liquidEngineLV-N/nuclearEngine'
[LOG 15:44:21.921] PartLoader: Compiling Part 'Squad/Parts/Engine/liquidEngineLV-T30/liquidEngineLV-T30/liquidEngine'
[LOG 15:44:21.928] PartLoader: Compiling Part 'Squad/Parts/Engine/liquidEngineLV-T30_v2/liquidEngineLV-T30_v2/liquidEngine_v2'
[LOG 15:44:21.938] PartLoader: Compiling Part 'Squad/Parts/Engine/liquidEngineLV-T45/liquidEngineLV-T45/liquidEngine2'
[LOG 15:44:21.952] PartLoader: Compiling Part 'Squad/Parts/Engine/liquidEngineLV-T45_v2/liquidEngineLV-T45_v2/liquidEngine2_v2'
[LOG 15:44:21.961] PartLoader: Compiling Part 'Squad/Parts/Engine/liquidEngineMainsail_v2/liquidEngineMainsail_v2/liquidEngineMainsail_v2'
[LOG 15:44:21.972] PartLoader: Compiling Part 'Squad/Parts/Engine/liquidEngineMk55/liquidEngineMk55/radialLiquidEngine1-2'
[LOG 15:44:21.979] PartLoader: Compiling Part 'Squad/Parts/Engine/liquidEnginePoodle_v2/liquidEnginePoodle_v2/liquidEngine2-2_v2'
[LOG 15:44:21.994] PartLoader: Compiling Part 'Squad/Parts/Engine/liquidEngineSkipper_v2/skipperLiquidEngine_v2/engineLargeSkipper_v2'
[LOG 15:44:22.001] PartLoader: Compiling Part 'Squad/Parts/Engine/liquidEngineSSME/SSME/SSME'
[LOG 15:44:22.008] PartLoader: Compiling Part 'Squad/Parts/Engine/MassiveSRB/part/MassiveBooster'
[LOG 15:44:22.015] PartLoader: Compiling Part 'Squad/Parts/Engine/miniJet/SmallJetEngine/miniJetEngine'
[LOG 15:44:22.019] PartLoader: Compiling Part 'Squad/Parts/Engine/OMSEngine/omsEngine/omsEngine'
[LOG 15:44:22.024] PartLoader: Compiling Part 'Squad/Parts/Engine/rapierEngine/rapierEngine/RAPIER'
[LOG 15:44:22.033] PartLoader: Compiling Part 'Squad/Parts/Engine/Size1_SRBs/solidBoosterRT-10_v2/solidBooster_v2'
[LOG 15:44:22.042] PartLoader: Compiling Part 'Squad/Parts/Engine/Size1_SRBs/solidBoosterRT-5_v2/solidBooster_sm_v2'
[LOG 15:44:22.049] PartLoader: Compiling Part 'Squad/Parts/Engine/Size2LFB/part/Size2LFB'
[LOG 15:44:22.055] PartLoader: Compiling Part 'Squad/Parts/Engine/Size2LFB_v2/part/Size2LFB_v2'
[LOG 15:44:22.060] PartLoader: Compiling Part 'Squad/Parts/Engine/Size3AdvancedEngine/part/Size3AdvancedEngine'
[LOG 15:44:22.066] PartLoader: Compiling Part 'Squad/Parts/Engine/Size3EngineCluster/part/Size3EngineCluster'
[LOG 15:44:22.072] PartLoader: Compiling Part 'Squad/Parts/Engine/solidBoosterBACC/solidBoosterBACC/solidBooster1-1'
[LOG 15:44:22.077] PartLoader: Compiling Part 'Squad/Parts/Engine/solidBoosterS2-17/solidBoosterS2-17/Thoroughbred'
[LOG 15:44:22.084] PartLoader: Compiling Part 'Squad/Parts/Engine/solidBoosterS2-33/solidBoosterS2-33/Clydesdale'
[LOG 15:44:22.089] PartLoader: Compiling Part 'Squad/Parts/Engine/solidBoosterSep/solidBoosterSep/sepMotor1'
[LOG 15:44:22.091] [ModuleCargoPart]: Setting stackableQuantity to 1 as sepMotor1 contains resources
[LOG 15:44:22.093] PartLoader: Compiling Part 'Squad/Parts/Engine/SolidBoostersF/SolidBoosterF3S0/Shrimp'
[LOG 15:44:22.097] PartLoader: Compiling Part 'Squad/Parts/Engine/SolidBoostersF/SolidBoosterFM1/Mite'
[LOG 15:44:22.102] PartLoader: Compiling Part 'Squad/Parts/FuelTank/adapterTanks/Mk3-Mk2/adapterMk3-Mk2'
[LOG 15:44:22.103] PartLoader: Compiling Part 'Squad/Parts/FuelTank/adapterTanks/Mk3-ShuttleAdapter/adapterEngines'
[LOG 15:44:22.104] PartLoader: Compiling Part 'Squad/Parts/FuelTank/adapterTanks/Mk3-Size2/adapterMk3-Size2'
[LOG 15:44:22.106] PartLoader: Compiling Part 'Squad/Parts/FuelTank/adapterTanks/Mk3-Size2Slant/adapterMk3-Size2Slant'
[LOG 15:44:22.107] PartLoader: Compiling Part 'Squad/Parts/FuelTank/adapterTanks/Size2-Mk2/adapterSize2-Mk2'
[LOG 15:44:22.111] PartLoader: Compiling Part 'Squad/Parts/FuelTank/adapterTanks/Size2-Size1/adapterSize2-Size1'
[LOG 15:44:22.113] PartLoader: Compiling Part 'Squad/Parts/FuelTank/adapterTanks/Size2-Size1Slant/adapterSize2-Size1Slant'
[LOG 15:44:22.115] PartLoader: Compiling Part 'Squad/Parts/FuelTank/adapterTanks/Size3-Mk3/adapterSize3-Mk3'
[LOG 15:44:22.119] PartLoader: Compiling Part 'Squad/Parts/FuelTank/drainTankFTE-1/ReleaseValve/ReleaseValve'
[LOG 15:44:22.136] PartLoader: Compiling Part 'Squad/Parts/FuelTank/FoilTanks/RadialTank_Capsule/externalTankCapsule'
[LOG 15:44:22.141] PartLoader: Compiling Part 'Squad/Parts/FuelTank/FoilTanks/RadialTank_Round/externalTankRound'
[LOG 15:44:22.144] PartLoader: Compiling Part 'Squad/Parts/FuelTank/FoilTanks/ToroidTank/externalTankToroid'
[LOG 15:44:22.151] PartLoader: Compiling Part 'Squad/Parts/FuelTank/fuelTankOscarB/fuelTankOscarB/miniFuelTank'
[LOG 15:44:22.153] PartLoader: Compiling Part 'Squad/Parts/FuelTank/miniFuselage/miniFuselage/miniFuselage'
[LOG 15:44:22.155] PartLoader: Compiling Part 'Squad/Parts/FuelTank/mk2Adapters/bicoupler/mk2_1m_Bicoupler'
[LOG 15:44:22.157] PartLoader: Compiling Part 'Squad/Parts/FuelTank/mk2Adapters/long/mk2_1m_AdapterLong'
[LOG 15:44:22.159] PartLoader: Compiling Part 'Squad/Parts/FuelTank/mk2Adapters/standard/mk2SpacePlaneAdapter'
[LOG 15:44:22.161] PartLoader: Compiling Part 'Squad/Parts/FuelTank/mk2FuselageLong/LFO_long/mk2FuselageLongLFO'
[LOG 15:44:22.163] PartLoader: Compiling Part 'Squad/Parts/FuelTank/mk2FuselageLong/L_long/mk2Fuselage'
[LOG 15:44:22.164] PartLoader: Compiling Part 'Squad/Parts/FuelTank/mk2FuselageShort/LFO_short/mk2FuselageShortLFO'
[LOG 15:44:22.166] PartLoader: Compiling Part 'Squad/Parts/FuelTank/mk2FuselageShort/L_short/mk2FuselageShortLiquid'
[LOG 15:44:22.168] PartLoader: Compiling Part 'Squad/Parts/FuelTank/mk2FuselageShort/Mono_short/mk2FuselageShortMono'
[LOG 15:44:22.170] PartLoader: Compiling Part 'Squad/Parts/FuelTank/mk3Fuselage/CREW/mk3CrewCabin'
[LOG 15:44:22.174] PartLoader: Compiling Part 'Squad/Parts/FuelTank/mk3Fuselage/LFO_100/mk3FuselageLFO_100'
[LOG 15:44:22.175] PartLoader: Compiling Part 'Squad/Parts/FuelTank/mk3Fuselage/LFO_25/mk3FuselageLFO_25'
[LOG 15:44:22.177] PartLoader: Compiling Part 'Squad/Parts/FuelTank/mk3Fuselage/LFO_50/mk3FuselageLFO_50'
[LOG 15:44:22.179] PartLoader: Compiling Part 'Squad/Parts/FuelTank/mk3Fuselage/LF_100/mk3FuselageLF_100'
[LOG 15:44:22.181] PartLoader: Compiling Part 'Squad/Parts/FuelTank/mk3Fuselage/LF_25/mk3FuselageLF_25'
[LOG 15:44:22.182] PartLoader: Compiling Part 'Squad/Parts/FuelTank/mk3Fuselage/LF_50/mk3FuselageLF_50'
[LOG 15:44:22.183] PartLoader: Compiling Part 'Squad/Parts/FuelTank/mk3Fuselage/MONO/mk3FuselageMONO'
[LOG 15:44:22.184] PartLoader: Compiling Part 'Squad/Parts/FuelTank/RCSFuelTankR1/RCSFuelTankR1/RCSTank1-2'
[LOG 15:44:22.186] PartLoader: Compiling Part 'Squad/Parts/FuelTank/RCSFuelTankR10/RCSFuelTankR10/rcsTankMini'
[LOG 15:44:22.188] PartLoader: Compiling Part 'Squad/Parts/FuelTank/RCSFuelTankR25/RCSFuelTankR25/RCSFuelTank'
[LOG 15:44:22.190] PartLoader: Compiling Part 'Squad/Parts/FuelTank/RCSTankRadial/radialRCSTank/radialRCSTank'
[LOG 15:44:22.191] PartLoader: Compiling Part 'Squad/Parts/FuelTank/RCStankRadialLong/RCSTankRadialLong/rcsTankRadialLong'
[LOG 15:44:22.193] PartLoader: Compiling Part 'Squad/Parts/FuelTank/RockomaxTanks/Rockomax16/Rockomax16_BW'
[LOG 15:44:22.195] PartLoader: Compiling Part 'Squad/Parts/FuelTank/RockomaxTanks/Rockomax32/Rockomax32_BW'
[LOG 15:44:22.196] PartLoader: Compiling Part 'Squad/Parts/FuelTank/RockomaxTanks/Rockomax64/Rockomax64_BW'
[LOG 15:44:22.198] PartLoader: Compiling Part 'Squad/Parts/FuelTank/RockomaxTanks/Rockomax8/Rockomax8BW'
[LOG 15:44:22.200] PartLoader: Compiling Part 'Squad/Parts/FuelTank/Size1_Tanks/fuelTankT100/fuelTankSmallFlat'
[LOG 15:44:22.202] PartLoader: Compiling Part 'Squad/Parts/FuelTank/Size1_Tanks/fuelTankT200/fuelTankSmall'
[LOG 15:44:22.205] PartLoader: Compiling Part 'Squad/Parts/FuelTank/Size1_Tanks/fuelTankT400/fuelTank'
[LOG 15:44:22.208] PartLoader: Compiling Part 'Squad/Parts/FuelTank/Size1_Tanks/fuelTankT800/fuelTank_long'
[LOG 15:44:22.211] PartLoader: Compiling Part 'Squad/Parts/FuelTank/Size3Tanks/large/Size3LargeTank'
[LOG 15:44:22.213] PartLoader: Compiling Part 'Squad/Parts/FuelTank/Size3Tanks/medium/Size3MediumTank'
[LOG 15:44:22.215] PartLoader: Compiling Part 'Squad/Parts/FuelTank/Size3Tanks/small/Size3SmallTank'
[LOG 15:44:22.218] PartLoader: Compiling Part 'Squad/Parts/FuelTank/xenonTank/xenonTank/xenonTank'
[LOG 15:44:22.219] PartLoader: Compiling Part 'Squad/Parts/FuelTank/xenonTankLarge/xenonTankLarge/xenonTankLarge'
[LOG 15:44:22.222] PartLoader: Compiling Part 'Squad/Parts/FuelTank/xenonTankRadial/xenonTankRadial/xenonTankRadial'
[LOG 15:44:22.224] PartLoader: Compiling Part 'Squad/Parts/Misc/AsteroidDay/CamSat/InfraredTelescope'
[LOG 15:44:22.228] PartLoader: Compiling Part 'Squad/Parts/Misc/AsteroidDay/HECS2/HECS2_ProbeCore'
[LOG 15:44:22.233] PartLoader: Compiling Part 'Squad/Parts/Misc/AsteroidDay/HighGainAntenna/HighGainAntenna'
[LOG 15:44:22.239] PartLoader: Compiling Part 'Squad/Parts/Misc/AsteroidDay/LgRadialSolar/LgRadialSolarPanel'
[LOG 15:44:22.241] PartLoader: Compiling Part 'Squad/Parts/Misc/PotatoComet/part/PotatoComet'
[LOG 15:44:22.250] PartLoader: Compiling Part 'Squad/Parts/Misc/PotatoRoid/part/PotatoRoid'
[LOG 15:44:22.257] PartLoader: Compiling Part 'Squad/Parts/Prebuilt/flag/flag'
[LOG 15:44:22.260] PartLoader: Compiling Part 'Squad/Parts/Prebuilt/kerbalEVA/kerbalEVA'
[LOG 15:44:22.273] PartLoader: Compiling Part 'Squad/Parts/Prebuilt/kerbalEVAfemale/kerbalEVAfemale'
[LOG 15:44:22.278] PartLoader: Compiling Part 'Squad/Parts/Prebuilt/kerbalEVASlimSuit/kerbalEVASlimSuit'
[LOG 15:44:22.286] PartLoader: Compiling Part 'Squad/Parts/Prebuilt/kerbalEVASlimSuitFemale/kerbalEVASlimSuitFemale'
[LOG 15:44:22.290] PartLoader: Compiling Part 'Squad/Parts/Resources/FuelCell/FuelCell/FuelCell'
[LOG 15:44:22.298] PartLoader: Compiling Part 'Squad/Parts/Resources/FuelCell/FuelCellArray/FuelCellArray'
[LOG 15:44:22.302] PartLoader: Compiling Part 'Squad/Parts/Resources/ISRU/ISRU/ISRU'
[LOG 15:44:22.309] PartLoader: Compiling Part 'Squad/Parts/Resources/LargeTank/LargeTank/LargeTank'
[LOG 15:44:22.311] PartLoader: Compiling Part 'Squad/Parts/Resources/MiniDrill/MiniDrill/MiniDrill'
[LOG 15:44:22.326] PartLoader: Compiling Part 'Squad/Parts/Resources/MiniISRU/MiniISRU/MiniISRU'
[LOG 15:44:22.331] PartLoader: Compiling Part 'Squad/Parts/Resources/OrbitalScanner/OrbitalScanner/OrbitalScanner'
[LOG 15:44:22.339] PartLoader: Compiling Part 'Squad/Parts/Resources/RadialDrill/RadialDrill/RadialDrill'
[LOG 15:44:22.344] PartLoader: Compiling Part 'Squad/Parts/Resources/RadialTank/RadialTank/RadialOreTank'
[LOG 15:44:22.346] PartLoader: Compiling Part 'Squad/Parts/Resources/SmallTank/SmallTank/SmallTank'
[LOG 15:44:22.347] PartLoader: Compiling Part 'Squad/Parts/Resources/SurfaceScanner/SurfaceScanner/SurfaceScanner'
[LOG 15:44:22.357] PartLoader: Compiling Part 'Squad/Parts/Resources/SurveyScanner/SurveyScanner/SurveyScanner'
[LOG 15:44:22.367] PartLoader: Compiling Part 'Squad/Parts/Science/AtmosphereSensor/sensorAtmosphere/sensorAtmosphere'
[LOG 15:44:22.370] PartLoader: Compiling Part 'Squad/Parts/Science/GooExperiment/gooExperiment/GooExperiment'
[LOG 15:44:22.373] PartLoader: Compiling Part 'Squad/Parts/Science/LargeCrewedLab/largeCrewedLab/Large_Crewed_Lab'
[LOG 15:44:22.384] PartLoader: Compiling Part 'Squad/Parts/Science/Magnetometer/Magnetometer/Magnetometer'
[LOG 15:44:22.389] PartLoader: Compiling Part 'Squad/Parts/Science/MaterialBay/materialBay/science_module'
[LOG 15:44:22.393] PartLoader: Compiling Part 'Squad/Parts/Science/ScienceBox/ScienceBox/ScienceBox'
[LOG 15:44:22.395] PartLoader: Compiling Part 'Squad/Parts/Science/sensorAccelerometer/sensorAccelerometer/sensorAccelerometer'
[LOG 15:44:22.400] PartLoader: Compiling Part 'Squad/Parts/Science/sensorBarometer/sensorBarometer/sensorBarometer'
[LOG 15:44:22.403] PartLoader: Compiling Part 'Squad/Parts/Science/sensorGravimeter/sensorGravimeter/sensorGravimeter'
[LOG 15:44:22.406] PartLoader: Compiling Part 'Squad/Parts/Science/sensorThermometer/sensorThermometer/sensorThermometer'
[LOG 15:44:22.408] PartLoader: Compiling Part 'Squad/Parts/Structural/FLAdapters/adapterSmallMiniShort/adapterSmallMiniShort'
[LOG 15:44:22.410] PartLoader: Compiling Part 'Squad/Parts/Structural/FLAdapters/adapterSmallMiniTall/adapterSmallMiniTall'
[LOG 15:44:22.412] PartLoader: Compiling Part 'Squad/Parts/Structural/mk1Parts/engineBodyRadial/radialEngineBody'
[LOG 15:44:22.414] PartLoader: Compiling Part 'Squad/Parts/Structural/mk1Parts/engineNacelle/nacelleBody'
[LOG 15:44:22.417] PartLoader: Compiling Part 'Squad/Parts/Structural/mk1Parts/mk1Fuselage/MK1Fuselage'
[LOG 15:44:22.418] PartLoader: Compiling Part 'Squad/Parts/Structural/mk1Parts/mk1FuselageIntake/MK1IntakeFuselage'
[LOG 15:44:22.420] PartLoader: Compiling Part 'Squad/Parts/Structural/mk1Parts/mk1Structural/Mk1FuselageStructural'
[LOG 15:44:22.422] PartLoader: Compiling Part 'Squad/Parts/Structural/Size3To2Adapter_v2/Size2to3_v2/Size3To2Adapter_v2'
[LOG 15:44:22.424] PartLoader: Compiling Part 'Squad/Parts/Structural/stackAdapters/adapterLargeSmallBi/adapterLargeSmallBi'
[LOG 15:44:22.425] PartLoader: Compiling Part 'Squad/Parts/Structural/stackAdapters/adapterLargeSmallQuad/adapterLargeSmallQuad'
[LOG 15:44:22.427] PartLoader: Compiling Part 'Squad/Parts/Structural/stackAdapters/adapterLargeSmallTri/adapterLargeSmallTri'
[LOG 15:44:22.429] PartLoader: Compiling Part 'Squad/Parts/Structural/stationHub/stationHub/stationHub'
[LOG 15:44:22.431] PartLoader: Compiling Part 'Squad/Parts/Structural/structuralIBeam200/structuralIBeam200/structuralIBeam2'
[LOG 15:44:22.432] PartLoader: Compiling Part 'Squad/Parts/Structural/structuralIBeam200Pocket/structuralIBeam200Pocket/structuralIBeam3'
[LOG 15:44:22.434] PartLoader: Compiling Part 'Squad/Parts/Structural/structuralIBeam650/structuralIBeam650/structuralIBeam1'
[LOG 15:44:22.436] PartLoader: Compiling Part 'Squad/Parts/Structural/structuralMicronode/structuralMicronode/structuralMiniNode'
[LOG 15:44:22.438] PartLoader: Compiling Part 'Squad/Parts/Structural/structuralPanel1x1/structuralPanel1x1/structuralPanel1'
[LOG 15:44:22.439] PartLoader: Compiling Part 'Squad/Parts/Structural/structuralPanel2x2/structuralPanel2x2/structuralPanel2'
[LOG 15:44:22.441] PartLoader: Compiling Part 'Squad/Parts/Structural/structuralPylons/smallHardpoint/smallHardpoint'
[LOG 15:44:22.444] PartLoader: Compiling Part 'Squad/Parts/Structural/structuralPylons/structuralPylon/structuralPylon'
[LOG 15:44:22.447] PartLoader: Compiling Part 'Squad/Parts/Structural/strutCubicOcto/strutCubicOcto/strutCube'
[LOG 15:44:22.448] PartLoader: Compiling Part 'Squad/Parts/Structural/strutOcto/strutOcto/strutOcto'
[LOG 15:44:22.450] PartLoader: Compiling Part 'Squad/Parts/Structural/trussGirderAdapter/trussGirderAdapter/trussAdapter'
[LOG 15:44:22.452] PartLoader: Compiling Part 'Squad/Parts/Structural/trussGirderL/trussGirderL/trussPiece1x'
[LOG 15:44:22.453] PartLoader: Compiling Part 'Squad/Parts/Structural/trussGirderXL/trussGirderXL/trussPiece3x'
[LOG 15:44:22.454] PartLoader: Compiling Part 'Squad/Parts/Thermal/FoldingRadiators/foldingRadLarge/foldingRadLarge'
[LOG 15:44:22.464] PartLoader: Compiling Part 'Squad/Parts/Thermal/FoldingRadiators/foldingRadMed/foldingRadMed'
[LOG 15:44:22.468] PartLoader: Compiling Part 'Squad/Parts/Thermal/FoldingRadiators/foldingRadSmall/foldingRadSmall'
[LOG 15:44:22.472] PartLoader: Compiling Part 'Squad/Parts/Thermal/RadiatorPanels/radPanelEdge/radPanelEdge'
[LOG 15:44:22.476] PartLoader: Compiling Part 'Squad/Parts/Thermal/RadiatorPanels/radPanelLg/radPanelLg'
[LOG 15:44:22.478] PartLoader: Compiling Part 'Squad/Parts/Thermal/RadiatorPanels/radPanelSm/radPanelSm'
[LOG 15:44:22.480] PartLoader: Compiling Part 'Squad/Parts/Utility/commDish88-88/commDish88-88/commDish'
[LOG 15:44:22.485] PartLoader: Compiling Part 'Squad/Parts/Utility/commsAntennaDTS-M1/commsAntennaDTS-M1/mediumDishAntenna'
[LOG 15:44:22.489] PartLoader: Compiling Part 'Squad/Parts/Utility/commsDish16/commsAntenna16/longAntenna'
[LOG 15:44:22.492] PartLoader: Compiling Part 'Squad/Parts/Utility/decouplerRadialHDM/decouplerRadialHDM/radialDecoupler1-2'
[LOG 15:44:22.497] PartLoader: Compiling Part 'Squad/Parts/Utility/decouplerRadialTT-38K/decouplerRadialTT-38K/radialDecoupler'
[LOG 15:44:22.501] PartLoader: Compiling Part 'Squad/Parts/Utility/decouplerRadialTT-70/decouplerRadialTT-70/radialDecoupler2'
[LOG 15:44:22.504] PartLoader: Compiling Part 'Squad/Parts/Utility/DirectAntennas/C16S/SurfAntenna'
[LOG 15:44:22.506] PartLoader: Compiling Part 'Squad/Parts/Utility/DirectAntennas/HG-5/HighGainAntenna5'
[LOG 15:44:22.510] PartLoader: Compiling Part 'Squad/Parts/Utility/DirectAntennas/HG-5_v2/HighGainAntenna5_v2'
[LOG 15:44:22.514] PartLoader: Compiling Part 'Squad/Parts/Utility/dockingPort/dockingPort/dockingPort2'
[LOG 15:44:22.521] PartLoader: Compiling Part 'Squad/Parts/Utility/dockingPortInline/dockingPortInline/dockingPortLateral'
[LOG 15:44:22.525] PartLoader: Compiling Part 'Squad/Parts/Utility/dockingPortJr/dockingPortJr/dockingPort3'
[LOG 15:44:22.527] PartLoader: Compiling Part 'Squad/Parts/Utility/dockingPortShielded/dockingPortShielded/dockingPort1'
[LOG 15:44:22.531] PartLoader: Compiling Part 'Squad/Parts/Utility/dockingPortSr/dockingPortSr/dockingPortLarge'
[LOG 15:44:22.534] PartLoader: Compiling Part 'Squad/Parts/Utility/Fireworks/fireworksLauncherBig/fireworksLauncherBig'
[LOG 15:44:22.544] PartLoader: Compiling Part 'Squad/Parts/Utility/Fireworks/fireworksLauncherSmall/fireworksLauncherSmall'
[LOG 15:44:22.551] PartLoader: Compiling Part 'Squad/Parts/Utility/flags/flagFlat/flagFlat/flagPartFlat'
[LOG 15:44:22.558] PartLoader: Compiling Part 'Squad/Parts/Utility/flags/flagSize0/flagSize0/flagPartSize0'
[LOG 15:44:22.561] PartLoader: Compiling Part 'Squad/Parts/Utility/flags/flagSize1/flagSize1/flagPartSize1'
[LOG 15:44:22.564] PartLoader: Compiling Part 'Squad/Parts/Utility/flags/flagSize2/flagSize2/flagPartSize2'
[LOG 15:44:22.567] PartLoader: Compiling Part 'Squad/Parts/Utility/flags/flagSize3/flagSize3/flagPartSize3'
[LOG 15:44:22.570] PartLoader: Compiling Part 'Squad/Parts/Utility/GrapplingDevice/part/GrapplingDevice'
[LOG 15:44:22.579] PartLoader: Compiling Part 'Squad/Parts/Utility/ladderRadial/ladderRadial/ladder1'
[LOG 15:44:22.582] PartLoader: Compiling Part 'Squad/Parts/Utility/ladderTelescopic/ladderTelescopic/telescopicLadder'
[LOG 15:44:22.585] PartLoader: Compiling Part 'Squad/Parts/Utility/ladderTelescopicBay/ladderTelescopicBay/telescopicLadderBay'
[LOG 15:44:22.594] PartLoader: Compiling Part 'Squad/Parts/Utility/landingLegLT-1/landingLegLT-1/landingLeg1'
[LOG 15:44:22.615] PartLoader: Compiling Part 'Squad/Parts/Utility/landingLegLT-2/landingLegLT-2/landingLeg1-2'
[LOG 15:44:22.619] PartLoader: Compiling Part 'Squad/Parts/Utility/landingLegLT-5/landingLegLT-5/miniLandingLeg'
[LOG 15:44:22.623] PartLoader: Compiling Part 'Squad/Parts/Utility/launchClamp1/launchClamp1/launchClamp1'
[LOG 15:44:22.628] PartLoader: Compiling Part 'Squad/Parts/Utility/launchEscapeSystem/part/LaunchEscapeSystem'
[LOG 15:44:22.632] PartLoader: Compiling Part 'Squad/Parts/Utility/Lights/domeLight1/domeLight1'
[LOG 15:44:22.636] PartLoader: Compiling Part 'Squad/Parts/Utility/Lights/groundLight1/groundLight1'
[LOG 15:44:22.639] PartLoader: Compiling Part 'Squad/Parts/Utility/Lights/groundLight2/groundLight2'
[LOG 15:44:22.642] PartLoader: Compiling Part 'Squad/Parts/Utility/Lights/navLight1/navLight1'
[LOG 15:44:22.646] PartLoader: Compiling Part 'Squad/Parts/Utility/Lights/spotLight1/spotLight3'
[LOG 15:44:22.654] PartLoader: Compiling Part 'Squad/Parts/Utility/Lights/stripLight1/stripLight1'
[LOG 15:44:22.658] PartLoader: Compiling Part 'Squad/Parts/Utility/linearVernorRCS/linearRCS/linearRcs'
[LOG 15:44:22.664] PartLoader: Compiling Part 'Squad/Parts/Utility/linearVernorRCS/vernorEngine/vernierEngine'
[LOG 15:44:22.669] PartLoader: Compiling Part 'Squad/Parts/Utility/mk2CargoBay/BayL/mk2CargoBayL'
[LOG 15:44:22.672] PartLoader: Compiling Part 'Squad/Parts/Utility/mk2CargoBay/BayS/mk2CargoBayS'
[LOG 15:44:22.676] PartLoader: Compiling Part 'Squad/Parts/Utility/mk2CrewCabin/mk2CrewCabin/mk2CrewCabin'
[WRN 15:44:22.678] [Part]: Cannot have ModuleCargoPart and ModuleInventoryPart on same Part [mk2CrewCabin'. Removed ModuleCargoPart
[LOG 15:44:22.681] PartLoader: Compiling Part 'Squad/Parts/Utility/mk2DockingPort/mk2DockingPort/mk2DockingPort'
[LOG 15:44:22.686] PartLoader: Compiling Part 'Squad/Parts/Utility/mk3CargoBay/long/mk3CargoBayL'
[LOG 15:44:22.690] PartLoader: Compiling Part 'Squad/Parts/Utility/mk3CargoBay/medium/mk3CargoBayM'
[LOG 15:44:22.693] PartLoader: Compiling Part 'Squad/Parts/Utility/mk3CargoBay/ramp/mk3CargoRamp'
[LOG 15:44:22.696] PartLoader: Compiling Part 'Squad/Parts/Utility/mk3CargoBay/short/mk3CargoBayS'
[LOG 15:44:22.698] PartLoader: Compiling Part 'Squad/Parts/Utility/parachuteMk1/parachuteMk1/parachuteSingle'
[LOG 15:44:22.714] PartLoader: Compiling Part 'Squad/Parts/Utility/parachuteMk12-R/parachuteMk12-R/radialDrogue'
[LOG 15:44:22.719] PartLoader: Compiling Part 'Squad/Parts/Utility/parachuteMk16-XL/parachuteMk16-XL/parachuteLarge'
[LOG 15:44:22.722] PartLoader: Compiling Part 'Squad/Parts/Utility/parachuteMk2-R/parachuteMk2-R/parachuteRadial'
[LOG 15:44:22.725] PartLoader: Compiling Part 'Squad/Parts/Utility/parachuteMk25/parachuteMk25/parachuteDrogue'
[LOG 15:44:22.727] PartLoader: Compiling Part 'Squad/Parts/Utility/radialAttachmentPoint/radialAttachmentPoint/stackPoint1'
[LOG 15:44:22.729] PartLoader: Compiling Part 'Squad/Parts/Utility/rcsBlockRV-105_v2/rcsBlockRV-105/RCSBlock_v2'
[LOG 15:44:22.733] PartLoader: Compiling Part 'Squad/Parts/Utility/rcsBlockRV-105_v2/RCSblock_01_small/RCSblock_01_small'
[LOG 15:44:22.738] PartLoader: Compiling Part 'Squad/Parts/Utility/rcsSmallLinear/RCSLinearSmall/RCSLinearSmall'
[LOG 15:44:22.741] PartLoader: Compiling Part 'Squad/Parts/Utility/RelayAntennas/RA-100/RelayAntenna100'
[LOG 15:44:22.743] PartLoader: Compiling Part 'Squad/Parts/Utility/RelayAntennas/RA-5/RelayAntenna5'
[LOG 15:44:22.746] PartLoader: Compiling Part 'Squad/Parts/Utility/RelayAntennas/RA-50/RelayAntenna50'
[LOG 15:44:22.749] PartLoader: Compiling Part 'Squad/Parts/Utility/rockomaxAdapters/largeAdapter/largeAdapter'
[LOG 15:44:22.751] PartLoader: Compiling Part 'Squad/Parts/Utility/rockomaxAdapters/largeAdapterShort/largeAdapter2'
[LOG 15:44:22.753] PartLoader: Compiling Part 'Squad/Parts/Utility/ServiceBay_v2/ServiceBay_125_v2/ServiceBay_125_v2'
[LOG 15:44:22.756] PartLoader: Compiling Part 'Squad/Parts/Utility/ServiceBay_v2/ServiceBay_250_v2/ServiceBay_250_v2'
[LOG 15:44:22.758] PartLoader: Compiling Part 'Squad/Parts/Utility/smallClaw/smallClaw/smallClaw'
[LOG 15:44:22.763] PartLoader: Compiling Part 'Squad/Parts/Utility/spotLightMk1/spotLightMk1/spotLight1'
[LOG 15:44:22.766] PartLoader: Compiling Part 'Squad/Parts/Utility/spotLightMk1_v2/spotLightMk1_v2/spotLight1_v2'
[LOG 15:44:22.768] PartLoader: Compiling Part 'Squad/Parts/Utility/spotLightMk2/spotLightMk2/spotLight2'
[LOG 15:44:22.770] PartLoader: Compiling Part 'Squad/Parts/Utility/spotLightMk2_v2/spotLightMk2_v2/spotLight2_v2'
[LOG 15:44:22.774] PartLoader: Compiling Part 'Squad/Parts/Utility/stackCouplers/stackBiCoupler_v2/stackBiCoupler_v2'
[LOG 15:44:22.775] PartLoader: Compiling Part 'Squad/Parts/Utility/stackCouplers/stackQuadCoupler/stackQuadCoupler'
[LOG 15:44:22.777] PartLoader: Compiling Part 'Squad/Parts/Utility/stackCouplers/stackTriCoupler_v2/stackTriCoupler_v2'
[LOG 15:44:22.779] PartLoader: Compiling Part 'Squad/Parts/Wheel/LandingGear/GearExtraLarge/GearLarge'
[LOG 15:44:22.790] PartLoader: Compiling Part 'Squad/Parts/Wheel/LandingGear/GearFixed/GearFixed'
[LOG 15:44:22.793] PartLoader: Compiling Part 'Squad/Parts/Wheel/LandingGear/GearFree/GearFree'
[LOG 15:44:22.799] PartLoader: Compiling Part 'Squad/Parts/Wheel/LandingGear/GearLarge/GearMedium'
[LOG 15:44:22.804] PartLoader: Compiling Part 'Squad/Parts/Wheel/LandingGear/GearMedium/GearSmall'
[LOG 15:44:22.811] PartLoader: Compiling Part 'Squad/Parts/Wheel/LandingGear/GearSmall/SmallGearBay'
[LOG 15:44:22.818] PartLoader: Compiling Part 'Squad/Parts/Wheel/roverWheelM1/roverWheelM1/roverWheel1'
[LOG 15:44:22.827] PartLoader: Compiling Part 'Squad/Parts/Wheel/roverWheelS2/roverWheelS2/roverWheel2'
[LOG 15:44:22.831] PartLoader: Compiling Part 'Squad/Parts/Wheel/roverWheelTR-2L/roverWheelTR-2L/wheelMed'
[LOG 15:44:22.836] PartLoader: Compiling Part 'Squad/Parts/Wheel/roverWheelXL3/roverWheelXL3/roverWheel3'
[LOG 15:44:22.841] PartLoader: Compiling Part 'SquadExpansion/MakingHistory/Parts/Aero/protectiveRocketNoseMk16/rocketNoseCone_size4/rocketNoseConeSize4'
[LOG 15:44:22.842] PartLoader: Compiling Part 'SquadExpansion/MakingHistory/Parts/Aero/protectiveRocketNoseMk5A/Size_1_5_Cone/Size_1_5_Cone'
[LOG 15:44:22.844] PartLoader: Compiling Part 'SquadExpansion/MakingHistory/Parts/Coupling/Decoupler_1p5/Decoupler_1p5'
[LOG 15:44:22.847] PartLoader: Compiling Part 'SquadExpansion/MakingHistory/Parts/Coupling/Decoupler_4/Decoupler_4'
[LOG 15:44:22.850] PartLoader: Compiling Part 'SquadExpansion/MakingHistory/Parts/Coupling/EnginePlate_1p5/EnginePlate1p5'
[LOG 15:44:22.856] PartLoader: Compiling Part 'SquadExpansion/MakingHistory/Parts/Coupling/EnginePlate_2/EnginePlate2'
[LOG 15:44:22.861] PartLoader: Compiling Part 'SquadExpansion/MakingHistory/Parts/Coupling/EnginePlate_3/EnginePlate3'
[LOG 15:44:22.866] PartLoader: Compiling Part 'SquadExpansion/MakingHistory/Parts/Coupling/EnginePlate_4/EnginePlate4'
[LOG 15:44:22.869] PartLoader: Compiling Part 'SquadExpansion/MakingHistory/Parts/Coupling/EnginePlate_5/EnginePlate5'
[LOG 15:44:22.873] PartLoader: Compiling Part 'SquadExpansion/MakingHistory/Parts/Coupling/InflatableAirlock/InflatableAirlock'
[LOG 15:44:22.876] PartLoader: Compiling Part 'SquadExpansion/MakingHistory/Parts/Coupling/Separator_1p5/Separator_1p5'
[LOG 15:44:22.879] PartLoader: Compiling Part 'SquadExpansion/MakingHistory/Parts/Coupling/Separator_4/Separator_4'
[LOG 15:44:22.882] PartLoader: Compiling Part 'SquadExpansion/MakingHistory/Parts/Coupling/Size1p5_Strut_Decoupler/Size1p5_Strut_Decoupler'
[LOG 15:44:22.885] PartLoader: Compiling Part 'SquadExpansion/MakingHistory/Parts/Engine/LiquidEngineKE-1/LiquidEngineKE-1'
[LOG 15:44:22.890] PartLoader: Compiling Part 'SquadExpansion/MakingHistory/Parts/Engine/LiquidEngineLV-T91/LiquidEngineLV-T91'
[LOG 15:44:22.898] PartLoader: Compiling Part 'SquadExpansion/MakingHistory/Parts/Engine/LiquidEngineLV-TX87/LiquidEngineLV-TX87'
[LOG 15:44:22.904] PartLoader: Compiling Part 'SquadExpansion/MakingHistory/Parts/Engine/LiquidEngineRE-I2/LiquidEngineRE-I2'
[LOG 15:44:22.910] PartLoader: Compiling Part 'SquadExpansion/MakingHistory/Parts/Engine/LiquidEngineRE-J10/LiquidEngineRE-J10'
[LOG 15:44:22.915] PartLoader: Compiling Part 'SquadExpansion/MakingHistory/Parts/Engine/LiquidEngineRK-7/LiquidEngineRK-7'
[LOG 15:44:22.921] PartLoader: Compiling Part 'SquadExpansion/MakingHistory/Parts/Engine/LiquidEngineRV-1/LiquidEngineRV-1'
[LOG 15:44:22.925] PartLoader: Compiling Part 'SquadExpansion/MakingHistory/Parts/Engine/solidBoosterTHK/solidBoosterTHK/Pollux'
[LOG 15:44:22.929] PartLoader: Compiling Part 'SquadExpansion/MakingHistory/Parts/FuelTank/MonoPropMini/monopropMiniSphere'
[LOG 15:44:22.931] PartLoader: Compiling Part 'SquadExpansion/MakingHistory/Parts/FuelTank/Size1p5_Monoprop/Size1p5_Monoprop'
[LOG 15:44:22.933] PartLoader: Compiling Part 'SquadExpansion/MakingHistory/Parts/FuelTank/Size1p5_Size0_Adapter_01/Size1p5_Size0_Adapter_01'
[LOG 15:44:22.935] PartLoader: Compiling Part 'SquadExpansion/MakingHistory/Parts/FuelTank/Size1p5_Size1_Adapter_01/Size1p5_Size1_Adapter_01'
[LOG 15:44:22.938] PartLoader: Compiling Part 'SquadExpansion/MakingHistory/Parts/FuelTank/Size1p5_Size1_Adapter_02/Size1p5_Size1_Adapter_02'
[LOG 15:44:22.939] PartLoader: Compiling Part 'SquadExpansion/MakingHistory/Parts/FuelTank/Size1p5_Size2_Adapter_01/Size1p5_Size2_Adapter_01'
[LOG 15:44:22.941] PartLoader: Compiling Part 'SquadExpansion/MakingHistory/Parts/FuelTank/Size1p5_Tank_01/Size1p5_Tank_01'
[LOG 15:44:22.943] PartLoader: Compiling Part 'SquadExpansion/MakingHistory/Parts/FuelTank/Size1p5_Tank_02/Size1p5_Tank_02'
[LOG 15:44:22.945] PartLoader: Compiling Part 'SquadExpansion/MakingHistory/Parts/FuelTank/Size1p5_Tank_03/Size1p5_Tank_03'
[LOG 15:44:22.946] PartLoader: Compiling Part 'SquadExpansion/MakingHistory/Parts/FuelTank/Size1p5_Tank_04/Size1p5_Tank_04'
[LOG 15:44:22.948] PartLoader: Compiling Part 'SquadExpansion/MakingHistory/Parts/FuelTank/Size1p5_Tank_05/Size1p5_Tank_05'
[LOG 15:44:22.952] PartLoader: Compiling Part 'SquadExpansion/MakingHistory/Parts/FuelTank/Size3_Size4_Adapter_01/Size3_Size4_Adapter_01'
[LOG 15:44:22.953] PartLoader: Compiling Part 'SquadExpansion/MakingHistory/Parts/FuelTank/Size4_EngineAdapter_01/Size4_EngineAdapter_01'
[LOG 15:44:22.954] PartLoader: Compiling Part 'SquadExpansion/MakingHistory/Parts/FuelTank/Size4_Tank_01/Size4_Tank_01'
[LOG 15:44:22.956] PartLoader: Compiling Part 'SquadExpansion/MakingHistory/Parts/FuelTank/Size4_Tank_02/Size4_Tank_02'
[LOG 15:44:22.958] PartLoader: Compiling Part 'SquadExpansion/MakingHistory/Parts/FuelTank/Size4_Tank_03/Size4_Tank_03'
[LOG 15:44:22.959] PartLoader: Compiling Part 'SquadExpansion/MakingHistory/Parts/FuelTank/Size4_Tank_04/Size4_Tank_04'
[LOG 15:44:22.960] PartLoader: Compiling Part 'SquadExpansion/MakingHistory/Parts/Ground/RoverWheel/roverWheelM1-F'
[LOG 15:44:22.966] PartLoader: Compiling Part 'SquadExpansion/MakingHistory/Parts/Payload/fairingSize1p5/fairingSize1p5'
[LOG 15:44:22.974] PartLoader: Compiling Part 'SquadExpansion/MakingHistory/Parts/Payload/fairingSize4/fairingSize4'
[LOG 15:44:22.979] PartLoader: Compiling Part 'SquadExpansion/MakingHistory/Parts/Payload/Size1to0ServiceModule/Size1to0ServiceModule'
[LOG 15:44:22.984] PartLoader: Compiling Part 'SquadExpansion/MakingHistory/Parts/Payload/SM18/ServiceModule18'
[LOG 15:44:22.987] PartLoader: Compiling Part 'SquadExpansion/MakingHistory/Parts/Payload/SM25/ServiceModule25'
[LOG 15:44:22.991] PartLoader: Compiling Part 'SquadExpansion/MakingHistory/Parts/Pods/KV1Pod/kv1Pod'
[WRN 15:44:22.993] [Part]: Cannot have ModuleCargoPart and ModuleInventoryPart on same Part [kv1Pod'. Removed ModuleCargoPart
[LOG 15:44:22.997] PartLoader: Compiling Part 'SquadExpansion/MakingHistory/Parts/Pods/KV2Pod/kv2Pod'
[WRN 15:44:22.999] [Part]: Cannot have ModuleCargoPart and ModuleInventoryPart on same Part [kv2Pod'. Removed ModuleCargoPart
[LOG 15:44:23.002] PartLoader: Compiling Part 'SquadExpansion/MakingHistory/Parts/Pods/KV3Pod/kv3Pod'
[WRN 15:44:23.005] [Part]: Cannot have ModuleCargoPart and ModuleInventoryPart on same Part [kv3Pod'. Removed ModuleCargoPart
[LOG 15:44:23.008] PartLoader: Compiling Part 'SquadExpansion/MakingHistory/Parts/Pods/Mk2Pod/Mk2Pod'
[WRN 15:44:23.011] [Part]: Cannot have ModuleCargoPart and ModuleInventoryPart on same Part [Mk2Pod'. Removed ModuleCargoPart
[LOG 15:44:23.015] PartLoader: Compiling Part 'SquadExpansion/MakingHistory/Parts/Pods/Size1_5_Lander/MEMLander'
[WRN 15:44:23.019] [Part]: Cannot add ModuleCargoPart as this Part 'MEMLander' already has a ModuleInventoryPart PartModule and they are mutually exclusive.
[LOG 15:44:23.023] PartLoader: Compiling Part 'SquadExpansion/MakingHistory/Parts/Prebuilt/kerbalEVAfemaleVintage/kerbalEVAfemaleVintage'
[LOG 15:44:23.027] PartLoader: Compiling Part 'SquadExpansion/MakingHistory/Parts/Prebuilt/kerbalEVAVintage/kerbalEVAVintage'
[LOG 15:44:23.031] PartLoader: Compiling Part 'SquadExpansion/MakingHistory/Parts/Structural/EquiTriangle0/EquiTriangle0'
[LOG 15:44:23.035] PartLoader: Compiling Part 'SquadExpansion/MakingHistory/Parts/Structural/EquiTriangle1/EquiTriangle1'
[LOG 15:44:23.037] PartLoader: Compiling Part 'SquadExpansion/MakingHistory/Parts/Structural/EquiTriangle1p5/EquiTriangle1p5'
[LOG 15:44:23.040] PartLoader: Compiling Part 'SquadExpansion/MakingHistory/Parts/Structural/EquiTriangle2/EquiTriangle2'
[LOG 15:44:23.042] PartLoader: Compiling Part 'SquadExpansion/MakingHistory/Parts/Structural/Panel0/Panel0'
[LOG 15:44:23.044] PartLoader: Compiling Part 'SquadExpansion/MakingHistory/Parts/Structural/Panel1/Panel1'
[LOG 15:44:23.046] PartLoader: Compiling Part 'SquadExpansion/MakingHistory/Parts/Structural/Panel1p5/Panel1p5'
[LOG 15:44:23.048] PartLoader: Compiling Part 'SquadExpansion/MakingHistory/Parts/Structural/Panel2/Panel2'
[LOG 15:44:23.050] PartLoader: Compiling Part 'SquadExpansion/MakingHistory/Parts/Structural/Triangle0/Triangle0'
[LOG 15:44:23.053] PartLoader: Compiling Part 'SquadExpansion/MakingHistory/Parts/Structural/Triangle1/Triangle1'
[LOG 15:44:23.054] PartLoader: Compiling Part 'SquadExpansion/MakingHistory/Parts/Structural/Triangle1p5/Triangle1p5'
[LOG 15:44:23.057] PartLoader: Compiling Part 'SquadExpansion/MakingHistory/Parts/Structural/Triangle2/Triangle2'
[LOG 15:44:23.059] PartLoader: Compiling Part 'SquadExpansion/MakingHistory/Parts/Structural/Tube1/Tube1'
[LOG 15:44:23.062] PartLoader: Compiling Part 'SquadExpansion/MakingHistory/Parts/Structural/Tube1p5/Tube1p5'
[LOG 15:44:23.064] PartLoader: Compiling Part 'SquadExpansion/MakingHistory/Parts/Structural/Tube2/Tube2'
[LOG 15:44:23.066] PartLoader: Compiling Part 'SquadExpansion/MakingHistory/Parts/Structural/Tube3/Tube3'
[LOG 15:44:23.069] PartLoader: Compiling Part 'SquadExpansion/MakingHistory/Parts/Structural/Tube4/Tube4'
[LOG 15:44:23.071] PartLoader: Compiling Part 'SquadExpansion/MakingHistory/Parts/Thermal/HeatShield1p5/HeatShield1p5'
[LOG 15:44:23.075] PartLoader: Compiling Part 'SquadExpansion/MakingHistory/Parts/Utility/flags/flagSize1p5/flagSize1p5/flagPartSize1p5'
[LOG 15:44:23.078] PartLoader: Compiling Part 'SquadExpansion/MakingHistory/Parts/Utility/flags/flagSize4/flagSize4/flagPartSize4'
[LOG 15:44:23.082] PartLoader: Compiling Part 'SquadExpansion/Serenity/Parts/Aero/FanShroud_01/FanShroud_01'
[LOG 15:44:23.084] PartLoader: Compiling Part 'SquadExpansion/Serenity/Parts/Aero/FanShroud_02/FanShroud_02'
[LOG 15:44:23.087] PartLoader: Compiling Part 'SquadExpansion/Serenity/Parts/Aero/FanShroud_03/FanShroud_03'
[LOG 15:44:23.089] PartLoader: Compiling Part 'SquadExpansion/Serenity/Parts/Aero/noseconeTiny/noseconeTiny'
[LOG 15:44:23.090] PartLoader: Compiling Part 'SquadExpansion/Serenity/Parts/Aero/noseconeVS/noseconeVS'
[LOG 15:44:23.091] PartLoader: Compiling Part 'SquadExpansion/Serenity/Parts/DeployedScience/centralStation/DeployedCentralStation'
[LOG 15:44:23.100] PartLoader: Compiling Part 'SquadExpansion/Serenity/Parts/DeployedScience/gooObservation/DeployedGoExOb'
[LOG 15:44:23.106] PartLoader: Compiling Part 'SquadExpansion/Serenity/Parts/DeployedScience/ionCollector/DeployedIONExp'
[LOG 15:44:23.109] PartLoader: Compiling Part 'SquadExpansion/Serenity/Parts/DeployedScience/rtg/DeployedRTG'
[LOG 15:44:23.119] PartLoader: Compiling Part 'SquadExpansion/Serenity/Parts/DeployedScience/satDish/DeployedSatDish'
[LOG 15:44:23.125] PartLoader: Compiling Part 'SquadExpansion/Serenity/Parts/DeployedScience/seismicSensor/DeployedSeismicSensor'
[LOG 15:44:23.128] PartLoader: Compiling Part 'SquadExpansion/Serenity/Parts/DeployedScience/solarPanel/DeployedSolarPanel'
[LOG 15:44:23.131] PartLoader: Compiling Part 'SquadExpansion/Serenity/Parts/DeployedScience/weatherStation/DeployedWeatherStn'
[LOG 15:44:23.135] PartLoader: Compiling Part 'SquadExpansion/Serenity/Parts/Prebuilt/kerbalEVA/kerbalEVA'
[LOG 15:44:23.136] PartLoader: Compiling Part 'SquadExpansion/Serenity/Parts/Prebuilt/kerbalEVAfemale/kerbalEVAfemale'
[LOG 15:44:23.136] PartLoader: Compiling Part 'SquadExpansion/Serenity/Parts/Prebuilt/kerbalEVAfemaleFuture/kerbalEVAfemaleFuture'
[LOG 15:44:23.140] PartLoader: Compiling Part 'SquadExpansion/Serenity/Parts/Prebuilt/kerbalEVAfemaleVintage/kerbalEVAfemaleVintage'
[LOG 15:44:23.141] PartLoader: Compiling Part 'SquadExpansion/Serenity/Parts/Prebuilt/kerbalEVAFuture/kerbalEVAFuture'
[LOG 15:44:23.146] PartLoader: Compiling Part 'SquadExpansion/Serenity/Parts/Prebuilt/kerbalEVASlimSuit/kerbalEVASlimSuit'
[LOG 15:44:23.147] PartLoader: Compiling Part 'SquadExpansion/Serenity/Parts/Prebuilt/kerbalEVASlimSuitFemale/kerbalEVASlimSuitFemale'
[LOG 15:44:23.148] PartLoader: Compiling Part 'SquadExpansion/Serenity/Parts/Prebuilt/kerbalEVAVintage/kerbalEVAVintage'
[LOG 15:44:23.149] PartLoader: Compiling Part 'SquadExpansion/Serenity/Parts/Propellers/largeFanBlade/largeFanBlade'
[LOG 15:44:23.154] PartLoader: Compiling Part 'SquadExpansion/Serenity/Parts/Propellers/largeHeliBlade/largeHeliBlade'
[LOG 15:44:23.156] PartLoader: Compiling Part 'SquadExpansion/Serenity/Parts/Propellers/largePropeller/largePropeller'
[LOG 15:44:23.162] PartLoader: Compiling Part 'SquadExpansion/Serenity/Parts/Propellers/mediumFanBlade/mediumFanBlade'
[LOG 15:44:23.167] PartLoader: Compiling Part 'SquadExpansion/Serenity/Parts/Propellers/mediumHeliBlade/mediumHeliBlade'
[LOG 15:44:23.170] PartLoader: Compiling Part 'SquadExpansion/Serenity/Parts/Propellers/mediumPropeller/mediumPropeller'
[LOG 15:44:23.173] PartLoader: Compiling Part 'SquadExpansion/Serenity/Parts/Propellers/smallFanBlade/smallFanBlade'
[LOG 15:44:23.177] PartLoader: Compiling Part 'SquadExpansion/Serenity/Parts/Propellers/smallHeliBlade/smallHeliBlade'
[LOG 15:44:23.180] PartLoader: Compiling Part 'SquadExpansion/Serenity/Parts/Propellers/smallPropeller/smallPropeller'
[LOG 15:44:23.182] PartLoader: Compiling Part 'SquadExpansion/Serenity/Parts/Robotics/hinge_01/hinge_01'
[LOG 15:44:23.194] PartLoader: Compiling Part 'SquadExpansion/Serenity/Parts/Robotics/hinge_01_s/hinge_01_s'
[LOG 15:44:23.198] PartLoader: Compiling Part 'SquadExpansion/Serenity/Parts/Robotics/hinge_03/hinge_03'
[LOG 15:44:23.202] PartLoader: Compiling Part 'SquadExpansion/Serenity/Parts/Robotics/hinge_03_s/hinge_03_s'
[LOG 15:44:23.206] PartLoader: Compiling Part 'SquadExpansion/Serenity/Parts/Robotics/hinge_04/hinge_04'
[LOG 15:44:23.210] PartLoader: Compiling Part 'SquadExpansion/Serenity/Parts/Robotics/piston_01/piston_01'
[LOG 15:44:23.218] PartLoader: Compiling Part 'SquadExpansion/Serenity/Parts/Robotics/piston_02/piston_02'
[LOG 15:44:23.222] PartLoader: Compiling Part 'SquadExpansion/Serenity/Parts/Robotics/piston_03/piston_03'
[LOG 15:44:23.226] PartLoader: Compiling Part 'SquadExpansion/Serenity/Parts/Robotics/piston_04/piston_04'
[LOG 15:44:23.229] PartLoader: Compiling Part 'SquadExpansion/Serenity/Parts/Robotics/RotorEngine_02/RotorEngine_02'
[LOG 15:44:23.238] PartLoader: Compiling Part 'SquadExpansion/Serenity/Parts/Robotics/RotorEngine_03/RotorEngine_03'
[LOG 15:44:23.244] PartLoader: Compiling Part 'SquadExpansion/Serenity/Parts/Robotics/rotor_01/rotor_01'
[LOG 15:44:23.249] PartLoader: Compiling Part 'SquadExpansion/Serenity/Parts/Robotics/rotor_01s/rotor_01s'
[LOG 15:44:23.254] PartLoader: Compiling Part 'SquadExpansion/Serenity/Parts/Robotics/rotor_02/rotor_02'
[LOG 15:44:23.260] PartLoader: Compiling Part 'SquadExpansion/Serenity/Parts/Robotics/rotor_02s/rotor_02s'
[LOG 15:44:23.265] PartLoader: Compiling Part 'SquadExpansion/Serenity/Parts/Robotics/rotor_03/rotor_03'
[LOG 15:44:23.271] PartLoader: Compiling Part 'SquadExpansion/Serenity/Parts/Robotics/rotor_03s/rotor_03s'
[LOG 15:44:23.278] PartLoader: Compiling Part 'SquadExpansion/Serenity/Parts/Robotics/rotoServo_00/rotoServo_00'
[LOG 15:44:23.286] PartLoader: Compiling Part 'SquadExpansion/Serenity/Parts/Robotics/rotoServo_02/rotoServo_02'
[LOG 15:44:23.290] PartLoader: Compiling Part 'SquadExpansion/Serenity/Parts/Robotics/rotoServo_03/rotoServo_03'
[LOG 15:44:23.293] PartLoader: Compiling Part 'SquadExpansion/Serenity/Parts/Robotics/rotoServo_04/rotoServo_04'
[LOG 15:44:23.298] PartLoader: Compiling Part 'SquadExpansion/Serenity/Parts/Robotics/Controllers/KAL1000/controller1000'
[LOG 15:44:23.306] PartLoader: Compiling Part 'SquadExpansion/Serenity/Parts/Science/RobotArmScanner/RobotArmScanner_S1/RobotArmScanner_S1'
[LOG 15:44:23.315] PartLoader: Compiling Part 'SquadExpansion/Serenity/Parts/Science/RobotArmScanner/RobotArmScanner_S2/RobotArmScanner_S2'
[LOG 15:44:23.321] PartLoader: Compiling Part 'SquadExpansion/Serenity/Parts/Science/RobotArmScanner/RobotArmScanner_S3/RobotArmScanner_S3'
[LOG 15:44:23.326] PartLoader: Compiling Part 'SquadExpansion/Serenity/Parts/Structural/gripPads/lGripPad/lGripPad'
[LOG 15:44:23.334] PartLoader: Compiling Part 'SquadExpansion/Serenity/Parts/Structural/gripPads/lGripStrip/lGripStrip'
[LOG 15:44:23.336] PartLoader: Compiling Part 'SquadExpansion/Serenity/Parts/Structural/gripPads/mGripPad/mGripPad'
[LOG 15:44:23.342] PartLoader: Compiling Part 'SquadExpansion/Serenity/Parts/Structural/gripPads/sGripPad/sGripPad'
[LOG 15:44:23.346] PartLoader: Compiling Part 'SquadExpansion/Serenity/Parts/Structural/gripPads/sGripStrip/sGripStrip'
[LOG 15:44:23.350] PartLoader: Compiling Internal Prop 'Squad/Props/AltimeterThreeHands/prop/AltimeterThreeHands'
[LOG 15:44:23.352] PartLoader: Compiling Internal Prop 'Squad/Props/AtmosphereDepth/prop/AtmosphereDepth'
[LOG 15:44:23.353] PartLoader: Compiling Internal Prop 'Squad/Props/AxisIndicator/pitchConfig/AxisIndicatorPitch'
[LOG 15:44:23.354] PartLoader: Compiling Internal Prop 'Squad/Props/AxisIndicator/rollConfig/AxisIndicatorRoll'
[LOG 15:44:23.355] PartLoader: Compiling Internal Prop 'Squad/Props/AxisIndicator/yawConfig/AxisIndicatorYaw'
[LOG 15:44:23.356] PartLoader: Compiling Internal Prop 'Squad/Props/buttonsGeneric/circularButton/genericCircularButton'
[LOG 15:44:23.356] PartLoader: Compiling Internal Prop 'Squad/Props/buttonsGeneric/clusterButtons/genericClusterButtons'
[LOG 15:44:23.356] PartLoader: Compiling Internal Prop 'Squad/Props/buttonsGeneric/clusterButtons2/genericClusterButtons2'
[LOG 15:44:23.356] PartLoader: Compiling Internal Prop 'Squad/Props/buttonsGeneric/clusterKnob/genericClusterKnobs'
[LOG 15:44:23.357] PartLoader: Compiling Internal Prop 'Squad/Props/buttonsGeneric/clusterKnob2/genericClusterKnobs2'
[LOG 15:44:23.357] PartLoader: Compiling Internal Prop 'Squad/Props/buttonsGeneric/clusterMixed/genericClusterMixed'
[LOG 15:44:23.357] PartLoader: Compiling Internal Prop 'Squad/Props/buttonsGeneric/clusterSwitches01/genericClusterSwitches01'
[LOG 15:44:23.357] PartLoader: Compiling Internal Prop 'Squad/Props/buttonsGeneric/clusterSwitches02/genericClusterSwitches02'
[LOG 15:44:23.358] PartLoader: Compiling Internal Prop 'Squad/Props/buttonsGeneric/clusterSwitches03/genericClusterSwitches03'
[LOG 15:44:23.358] PartLoader: Compiling Internal Prop 'Squad/Props/buttonsGeneric/clusterSwitches04/genericClusterSwitches04'
[LOG 15:44:23.358] PartLoader: Compiling Internal Prop 'Squad/Props/buttonsGeneric/clusterSwitches05/genericClusterSwitches05'
[LOG 15:44:23.358] PartLoader: Compiling Internal Prop 'Squad/Props/buttonsGeneric/clusterSwitches06/genericClusterSwitches06'
[LOG 15:44:23.358] PartLoader: Compiling Internal Prop 'Squad/Props/buttonsGeneric/clusterSwitches07/genericClusterSwitches07'
[LOG 15:44:23.359] PartLoader: Compiling Internal Prop 'Squad/Props/buttonsGeneric/directionalKnob/genericDirectionalKnob'
[LOG 15:44:23.359] PartLoader: Compiling Internal Prop 'Squad/Props/buttonsGeneric/directionalKnob2/genericDirectionalKnob2'
[LOG 15:44:23.359] PartLoader: Compiling Internal Prop 'Squad/Props/buttonsGeneric/pullSwitch/genericPullSwitch'
[LOG 15:44:23.359] PartLoader: Compiling Internal Prop 'Squad/Props/buttonsGeneric/squareButton/genericSquareButton'
[LOG 15:44:23.360] PartLoader: Compiling Internal Prop 'Squad/Props/buttonsGeneric/standingSwitch/genericStandingSwitch'
[LOG 15:44:23.360] PartLoader: Compiling Internal Prop 'Squad/Props/buttonsGeneric/switch/genericSwitch'
[LOG 15:44:23.360] PartLoader: Compiling Internal Prop 'Squad/Props/buttonsGeneric/switchWithGuards/genericSwitchWithGuards'
[LOG 15:44:23.361] PartLoader: Compiling Internal Prop 'Squad/Props/ButtonSquare/prop/ButtonSquare'
[LOG 15:44:23.362] PartLoader: Compiling Internal Prop 'Squad/Props/circularButton/prop/circularButton'
[LOG 15:44:23.362] PartLoader: Compiling Internal Prop 'Squad/Props/Compass/prop/Compass'
[LOG 15:44:23.363] PartLoader: Compiling Internal Prop 'Squad/Props/directionalKnob/prop/directionalKnob'
[LOG 15:44:23.363] PartLoader: Compiling Internal Prop 'Squad/Props/directionalKnob2/prop/directionalKnob2'
[LOG 15:44:23.364] PartLoader: Compiling Internal Prop 'Squad/Props/IndicatorPanel/prop/IndicatorPanel'
[LOG 15:44:23.366] PartLoader: Compiling Internal Prop 'Squad/Props/IVANavBall/prop/NavBall'
[LOG 15:44:23.368] PartLoader: Compiling Internal Prop 'Squad/Props/IVANavBallNoBase/prop/NavBallNoBase'
[LOG 15:44:23.368] PartLoader: Compiling Internal Prop 'Squad/Props/ledPanelSpeed/prop/ledPanelSpeed'
[LOG 15:44:23.370] PartLoader: Compiling Internal Prop 'Squad/Props/Monitor/DockingMode/MonitorDockingMode'
[LOG 15:44:23.370] PartLoader: Compiling Internal Prop 'Squad/Props/NavBall/prop/NavBall'
[LOG 15:44:23.370] PartLoader: Compiling Internal Prop 'Squad/Props/PropsGeneric/Button_DockingMode/Button_DockingMode'
[LOG 15:44:23.371] PartLoader: Compiling Internal Prop 'Squad/Props/PropsGeneric/CargoBagA/CargoBagA'
[LOG 15:44:23.371] PartLoader: Compiling Internal Prop 'Squad/Props/PropsGeneric/CargoBagB/CargoBagB'
[LOG 15:44:23.371] PartLoader: Compiling Internal Prop 'Squad/Props/PropsGeneric/CargoBagC/CargoBagC'
[LOG 15:44:23.371] PartLoader: Compiling Internal Prop 'Squad/Props/PropsGeneric/Hatch_Plane/Hatch_Plane'
[LOG 15:44:23.372] PartLoader: Compiling Internal Prop 'Squad/Props/PropsGeneric/Hatch_Plane_Curve90/Hatch_Plane_Curve90'
[LOG 15:44:23.372] PartLoader: Compiling Internal Prop 'Squad/Props/PropsGeneric/Hatch_Plane_Frame/Hatch_Plane_Frame'
[LOG 15:44:23.372] PartLoader: Compiling Internal Prop 'Squad/Props/PropsGeneric/Seat_Passenger/Seat_Passenger'
[LOG 15:44:23.372] PartLoader: Compiling Internal Prop 'Squad/Props/PropsGeneric/Seat_Pilot/Seat_Pilot'
[LOG 15:44:23.373] PartLoader: Compiling Internal Prop 'Squad/Props/PropsGeneric/Seat_Pilot_Helmet/Seat_Pilot_Helmet'
[LOG 15:44:23.373] PartLoader: Compiling Internal Prop 'Squad/Props/PropsGeneric/SideStick/SideStick'
[LOG 15:44:23.373] PartLoader: Compiling Internal Prop 'Squad/Props/pullSwitch/prop/pullSwitch'
[LOG 15:44:23.373] PartLoader: Compiling Internal Prop 'Squad/Props/radarAltitude/prop/RadarAltimeter'
[LOG 15:44:23.375] PartLoader: Compiling Internal Prop 'Squad/Props/squareButton/prop/squareButton'
[LOG 15:44:23.375] PartLoader: Compiling Internal Prop 'Squad/Props/standingSwitch/prop/standingSwitch'
[LOG 15:44:23.375] PartLoader: Compiling Internal Prop 'Squad/Props/switch/prop/switch'
[LOG 15:44:23.375] PartLoader: Compiling Internal Prop 'Squad/Props/switchGuard/prop/switchGuard'
[LOG 15:44:23.376] PartLoader: Compiling Internal Prop 'Squad/Props/switchWithGuards/prop/switchWithGuards'
[LOG 15:44:23.376] PartLoader: Compiling Internal Prop 'Squad/Props/throttle/prop/throttle'
[LOG 15:44:23.377] PartLoader: Compiling Internal Prop 'Squad/Props/VSI/prop/VSI'
[LOG 15:44:23.378] PartLoader: Compiling Internal Space 'Squad/Spaces/crewCabinInternals/internal/crewCabinInternals'
[LOG 15:44:23.384] PartLoader: Compiling Internal Space 'Squad/Spaces/cupolaInternal/internal/cupolaInternal'
[LOG 15:44:23.391] PartLoader: Compiling Internal Space 'Squad/Spaces/GenericSpace1/internal/GenericSpace1'
[LOG 15:44:23.392] PartLoader: Compiling Internal Space 'Squad/Spaces/GenericSpace3/internal/GenericSpace3'
[LOG 15:44:23.393] PartLoader: Compiling Internal Space 'Squad/Spaces/landerCabinInternals/internal/landerCabinInternals'
[LOG 15:44:23.394] PartLoader: Compiling Internal Space 'Squad/Spaces/landerCabinSmallInternal/internal/landerCabinSmallInternal'
[LOG 15:44:23.398] PartLoader: Compiling Internal Space 'Squad/Spaces/LargeCrewedLabInternals/internal/Mobile_Processing_Lab_Int'
[LOG 15:44:23.400] PartLoader: Compiling Internal Space 'Squad/Spaces/Mk1-3/internal/Mk1-3'
[LOG 15:44:23.405] PartLoader: Compiling Internal Space 'Squad/Spaces/mk1CabinInternal/internal/mk1CabinInternal'
[LOG 15:44:23.407] PartLoader: Compiling Internal Space 'Squad/Spaces/mk1CockpitInternal/internal/mk1CockpitInternal'
[LOG 15:44:23.413] PartLoader: Compiling Internal Space 'Squad/Spaces/mk1InlineInternal/internal/mk1InlineInternal'
[LOG 15:44:23.417] PartLoader: Compiling Internal Space 'Squad/Spaces/mk1PodCockpit/internal/mk1PodCockpit'
[LOG 15:44:23.419] PartLoader: Compiling Internal Space 'Squad/Spaces/mk1pod_IVA/mk1pod_Internal/mk1pod_IVA'
[LOG 15:44:23.422] PartLoader: Compiling Internal Space 'Squad/Spaces/mk2CockpitStandardInternal/internal/mk2CockpitStandardInternals'
[LOG 15:44:23.430] PartLoader: Compiling Internal Space 'Squad/Spaces/Mk2CrewCabinInternal/internal_MK2_CrewCab/MK2_CrewCab_Int'
[LOG 15:44:23.434] PartLoader: Compiling Internal Space 'Squad/Spaces/mk2InlineInternal/internal/mk2InlineInternal'
[LOG 15:44:23.443] PartLoader: Compiling Internal Space 'Squad/Spaces/mk2LanderCanInternal/internal/mk2LanderCanInternal'
[LOG 15:44:23.446] PartLoader: Compiling Internal Space 'Squad/Spaces/MK3CockpitInternal/internal_MK3/MK3_Cockpit_Int'
[LOG 15:44:23.461] PartLoader: Compiling Internal Space 'Squad/Spaces/MK3_CrewCab_Int/internal_MK3_CrewCab/MK3_CrewCab_Int'
[LOG 15:44:23.462] InternalSeat: Cannot find portraitCamera of name 'Camera_Left003'
[LOG 15:44:23.466] PartLoader: Compiling Internal Space 'Squad/Spaces/Placeholder/internal/Placeholder'
[LOG 15:44:23.469] PartLoader: Compiling Internal Space 'Squad/Spaces/PodCockpit/internal/PodCockpit'
[LOG 15:44:23.475] PartLoader: Compiling Internal Space 'SquadExpansion/MakingHistory/Spaces/KVPods/Airlock_Internal/Airlock_IVA'
[LOG 15:44:23.476] PartLoader: Compiling Internal Space 'SquadExpansion/MakingHistory/Spaces/KVPods/KV1_Internal/KV1_IVA'
[LOG 15:44:23.478] PartLoader: Compiling Internal Space 'SquadExpansion/MakingHistory/Spaces/KVPods/KV2_Internal/KV2_IVA'
[LOG 15:44:23.482] PartLoader: Compiling Internal Space 'SquadExpansion/MakingHistory/Spaces/KVPods/KV3_Internal/KV3_IVA'
[LOG 15:44:23.486] PartLoader: Compiling Internal Space 'SquadExpansion/MakingHistory/Spaces/MEM/MEM_IVA/MEM_IVA'
[LOG 15:44:23.491] PartLoader: Compiling Internal Space 'SquadExpansion/MakingHistory/Spaces/Mk2Pod/Mk2Pod_Internal/MK2POD_IVA'
[LOG 15:44:27.552] Assets:
[LOG 15:44:27.552] anim_missionsapp_idle.anim
[LOG 15:44:27.552] anim_missionsapp_idle_warning.anim
[LOG 15:44:27.552] anim_missionsapp_warning.anim
[LOG 15:44:27.552] anim_missionssapp.anim
[LOG 15:44:27.552] animcontroller_missionsappmaster.controller
[LOG 15:44:27.552] app_bg.tif
[LOG 15:44:27.552] app_bottom_gray.tif
[LOG 15:44:27.552] app_divider_pulldown_body.tif
[LOG 15:44:27.552] app_divider_pulldown_footer.tif
[LOG 15:44:27.552] app_divider_pulldown_header.tif
[LOG 15:44:27.552] app_divider_pulldown_header_over.tif
[LOG 15:44:27.552] app_header_gray.tif
[LOG 15:44:27.552] app_missions_icon_active.tif
[LOG 15:44:27.552] app_missions_icon_complete.tif
[LOG 15:44:27.553] app_missions_icon_failed.tif
[LOG 15:44:27.553] app_missions_icon_inactive.tif
[LOG 15:44:27.553] spritesheet_missionsapp.tif
[LOG 15:44:27.553] spritesheet_missionsappwarning.tif
[LOG 15:44:27.553] missionbriefingdialog.prefab
[LOG 15:44:27.553] missionbriefingtag.prefab
[LOG 15:44:27.553] awardwidget.prefab
[LOG 15:44:27.553] missionenddialog.prefab
[LOG 15:44:27.553] missionitemwidget.prefab
[LOG 15:44:27.553] missionplaybutton.prefab
[LOG 15:44:27.553] missionplaydialog.prefab
[LOG 15:44:27.553] missionsteamitemwidget.prefab
[LOG 15:44:27.553] missionvalidationdialog.prefab
[LOG 15:44:27.553] validationentry.prefab
[LOG 15:44:27.553] comettoken.fbx
[LOG 15:44:27.553] comettoken.jpg
[LOG 15:44:27.553] placementegizmo_comet.mat
[LOG 15:44:27.553] placementegizmo_comet_tail.mat
[LOG 15:44:27.553] femalevintagepreview.prefab
[LOG 15:44:27.553] malevintagepreview.prefab
[LOG 15:44:27.553] checkpointentrywidget.prefab
[LOG 15:44:27.553] crewmanagementdialog.prefab
[LOG 15:44:27.553] listitem_vesseltitle.prefab
[LOG 15:44:27.553] missionbrowser.prefab
[LOG 15:44:27.553] missioncheckpointbrowser.prefab
[LOG 15:44:27.553] missioncrewlistitem.prefab
[LOG 15:44:27.553] missionentrywidget.prefab
[LOG 15:44:27.553] missiontemplateentrywidget.prefab
[LOG 15:44:27.553] partcategorizerbutton.prefab
[LOG 15:44:27.553] partselectorbrowser.prefab
[LOG 15:44:27.553] partselectorentry.prefab
[LOG 15:44:27.553] gaputil_vesselframe.prefab
[LOG 15:44:27.553] meguiconnector.prefab
[LOG 15:44:27.553] meguinode.prefab
[LOG 15:44:27.553] meguinodecategorybutton.prefab
[LOG 15:44:27.553] meguinodeicon.prefab
[LOG 15:44:27.553] meguinodeicongroup.prefab
[LOG 15:44:27.553] meguiscrollviewitem.prefab
[LOG 15:44:27.553] meiconloaderbasicnode.prefab
[LOG 15:44:27.554] meiconloadergap.prefab
[LOG 15:44:27.554] meiconloadernodecategorizer.prefab
[LOG 15:44:27.554] menodecanvas.prefab
[LOG 15:44:27.554] missioneditorscreen.prefab
[LOG 15:44:27.554] nodelisttooltip.prefab
[LOG 15:44:27.554] nodelisttooltipextinfolistspacer.prefab
[LOG 15:44:27.554] orbitgizmo.prefab
[LOG 15:44:27.554] biomeshighlight.shader
[LOG 15:44:27.554] projector-surfacegizmo.shader
[LOG 15:44:27.554] scaledplanetbiomeshighlight.shader
[LOG 15:44:27.554] sprites-alwaysover.shader
[LOG 15:44:27.554] ui-unlit-infinite.shader
[LOG 15:44:27.554] ui-unlit-solid.shader
[LOG 15:44:27.554] assetgraph_connectionpoint_inputmark.png
[LOG 15:44:27.554] assetgraph_inputbg.png
[LOG 15:44:27.554] boldly.png
[LOG 15:44:27.554] carpool.png
[LOG 15:44:27.554] frugal.png
[LOG 15:44:27.554] homesick.png
[LOG 15:44:27.554] keys.png
[LOG 15:44:27.554] saint.png
[LOG 15:44:27.554] sinner.png
[LOG 15:44:27.554] thespot.png
[LOG 15:44:27.554] timekeeper.png
[LOG 15:44:27.554] helmetbronze.png
[LOG 15:44:27.554] helmetgold.png
[LOG 15:44:27.554] helmetsilver.png
[LOG 15:44:27.554] action-part-resource-drain.png
[LOG 15:44:27.554] change-part-resource-levels.png
[LOG 15:44:27.554] create-asteroid.png
[LOG 15:44:27.554] create-kerbal.png
[LOG 15:44:27.554] create-vessel.png
[LOG 15:44:27.554] crew-assignment.png
[LOG 15:44:27.554] dialog-message.png
[LOG 15:44:27.554] display-message.png
[LOG 15:44:27.554] fail-part.png
[LOG 15:44:27.554] fly-through.png
[LOG 15:44:27.554] funds-recovery.png
[LOG 15:44:27.554] generic-node.png
[LOG 15:44:27.554] go-to.png
[LOG 15:44:27.554] kerbal-boarded.png
[LOG 15:44:27.554] kerbal-recovery.png
[LOG 15:44:27.554] kerbal-rescue.png
[LOG 15:44:27.554] launch-site.png
[LOG 15:44:27.554] leave-soi.png
[LOG 15:44:27.554] orbit.png
[LOG 15:44:27.554] part-explode.png
[LOG 15:44:27.554] plant-flag.png
[LOG 15:44:27.554] reach-soi.png
[LOG 15:44:27.554] repair-part.png
[LOG 15:44:27.554] resource-amount.png
[LOG 15:44:27.554] resource-recovery.png
[LOG 15:44:27.554] science-experiment.png
[LOG 15:44:27.554] score.png
[LOG 15:44:27.554] take-tourist.png
[LOG 15:44:27.554] test-altitude.png
[LOG 15:44:27.554] test-eva.png
[LOG 15:44:27.554] test-grapple.png
[LOG 15:44:27.554] time-of-flight.png
[LOG 15:44:27.554] time-of-mission.png
[LOG 15:44:27.554] time-since-node.png
[LOG 15:44:27.554] vessel-crashed.png
[LOG 15:44:27.554] vessel-crew-count.png
[LOG 15:44:27.554] vessel-explode.png
[LOG 15:44:27.554] vessel-flying.png
[LOG 15:44:27.554] vessel-landed.png
[LOG 15:44:27.554] vessel-mass.png
[LOG 15:44:27.554] vessel-splashed.png
[LOG 15:44:27.556] vessel-stage-activated.png
[LOG 15:44:27.556] vessel-stage.png
[LOG 15:44:27.556] arrange-graph.png
[LOG 15:44:27.556] builderbuttons_briefing.png
[LOG 15:44:27.556] builderbuttons_reset.png
[LOG 15:44:27.556] builderbuttons_trackingstation.png
[LOG 15:44:27.556] frame-graph.png
[LOG 15:44:27.556] lock.png
[LOG 15:44:27.556] maximize.png
[LOG 15:44:27.556] minimize.png
[LOG 15:44:27.556] pin.png
[LOG 15:44:27.556] pin_down.png
[LOG 15:44:27.556] redo.png
[LOG 15:44:27.556] reset.png
[LOG 15:44:27.556] tracking-station.png
[LOG 15:44:27.556] undo.png
[LOG 15:44:27.556] visible-in-gap.png
[LOG 15:44:27.556] location.png
[LOG 15:44:27.556] logic.png
[LOG 15:44:27.556] science.png
[LOG 15:44:27.556] utility.png
[LOG 15:44:27.556] vessel.png
[LOG 15:44:27.556] eye.png
[LOG 15:44:27.556] iconmb.png
[LOG 15:44:27.556] me_btn_generic_normal.tif
[LOG 15:44:27.556] me_button_generic_normal.tif
[LOG 15:44:27.556] nodecat_bg.png
[LOG 15:44:27.556] nodecat_divider.tif
[LOG 15:44:27.556] nodecat_divider_bottom.tif
[LOG 15:44:27.556] pholderwarningicon.png
[LOG 15:44:27.556] reseticon.png
[LOG 15:44:27.556] validityindicator.controller
[LOG 15:44:27.556] validtyinidicatorpulse.anim
[LOG 15:44:27.556] broadorbittoggle button.png
[LOG 15:44:27.556] maneuvertoggle button.png
[LOG 15:44:27.556] orbitalgizmoicons.png
[LOG 15:44:27.556] reset orbit button.png
[LOG 15:44:27.556] nodelabel.prefab
[LOG 15:44:27.556] kerbaleva_female_exp.prefab
[LOG 15:44:27.556] kerbaleva_rd_exp.prefab
[LOG 15:44:27.556] missioneditorevabody.mat
[LOG 15:44:27.556] missioneditorevabodyalternate.mat
[LOG 15:44:27.556] missioneditorevabodybrown.mat
[LOG 15:44:27.557] missioneditorevaeyeballs.mat
[LOG 15:44:27.557] missioneditorevaeyes.mat
[LOG 15:44:27.557] missioneditorevahead.mat
[LOG 15:44:27.557] missioneditorevahelmet.mat
[LOG 15:44:27.557] missioneditorevahelmetred.mat
[LOG 15:44:27.557] missioneditorevajetpack.mat
[LOG 15:44:27.557] missioneditorevalight.mat
[LOG 15:44:27.557] kbevafemalevintage.prefab
[LOG 15:44:27.557] kbevavintage.prefab
[LOG 15:44:27.557] evalight.fbx
[LOG 15:44:27.557] kbeva@new.fbx
[LOG 15:44:27.557] kbeva@newfem.fbx
[LOG 15:44:27.557] mevahelmetlight.fbx
[LOG 15:44:27.557] evajetpackscondary.dds
[LOG 15:44:27.557] evajetpacksecondary_n.dds
[LOG 15:44:27.557] evalight.png
[LOG 15:44:27.557] kerbalmainnrm.dds
[LOG 15:44:27.557] me_suit_difuse_blue.dds
[LOG 15:44:27.557] me_suit_difuse_low_polybrown.dds
[LOG 15:44:27.557] me_suit_difuse_orange.dds
[LOG 15:44:27.557] kerbalfemalevintage.prefab
[LOG 15:44:27.557] kerbalmalevintage.prefab
[LOG 15:44:27.557] evahelmet.mat
[LOG 15:44:27.557] evatexture.mat
[LOG 15:44:27.557] kerbalgirl_06_basecolor.mat
[LOG 15:44:27.557] kerbalhead.mat
[LOG 15:44:27.557] lambert6.mat
[LOG 15:44:27.557] mat_eyeballs.mat
[LOG 15:44:27.557] mat_eyes01.mat
[LOG 15:44:27.557] material #4.mat
[LOG 15:44:27.557] mesh_female_kerbalastronaut01_kerbalgirl_export_15_lambert20.mat
[LOG 15:44:27.558] mesh_female_kerbalastronaut01_kerbalgirl_export_15_lambert21.mat
[LOG 15:44:27.558] kbfemale_iva_mecanim.fbx
[LOG 15:44:27.558] kbiva_mecanim.fbx
[LOG 15:44:27.558] kerbalicon_eva_female_vintage.tif
[LOG 15:44:27.558] kerbalicon_eva_vintage.tif
[LOG 15:44:27.558] kerbalicon_suit_female_vintage.tif
[LOG 15:44:27.558] kerbalicon_suit_orange_female_vintage.tif
[LOG 15:44:27.558] kerbalicon_suit_orange_vintage.tif
[LOG 15:44:27.558] kerbalicon_suit_vintage.tif
[LOG 15:44:27.558] gap_celestialbody_camerasetup.prefab
[LOG 15:44:27.558] gap_celestialbody_collisionsphere.prefab
[LOG 15:44:27.558] gap_celestialbody_surfacegizmo_area.prefab
[LOG 15:44:27.558] gap_celestialbody_surfacegizmo_basic.prefab
[LOG 15:44:27.558] gap_celestialbody_surfacegizmo_icon.prefab
[LOG 15:44:27.558] gap_celestialbody_surfacegizmo_vessel.prefab
[LOG 15:44:27.558] gap_celestialbody_surfacegizmo_volume.prefab
[LOG 15:44:27.558] gap_proceduralasteroid.prefab
[LOG 15:44:27.558] gap_proceduralcomet.prefab
[LOG 15:44:27.558] gapbuttonprefab.prefab
[LOG 15:44:27.558] gapkerbal_femaleveteran.prefab
[LOG 15:44:27.558] gapkerbal_femaleveteran_vintage.prefab
[LOG 15:44:27.558] gapkerbal_male_slimsuit.prefab
[LOG 15:44:27.558] gapkerbal_maleveteran.prefab
[LOG 15:44:27.558] gapkerbal_maleveteran_vintage.prefab
[LOG 15:44:27.558] gapscrollablesidebarbutton.prefab
[LOG 15:44:27.558] gapsidebarbutton.prefab
[LOG 15:44:27.558] gaptoggleprefab.prefab
[LOG 15:44:27.558] gaputil_biselector.prefab
[LOG 15:44:27.558] gaputil_celestialbody.prefab
[LOG 15:44:27.558] vesseldisplay_camerasetup.prefab
[LOG 15:44:27.558] desert_airfield.prefab
[LOG 15:44:27.558] desert_groundobjects.prefab
[LOG 15:44:27.558] desert_launch_site.prefab
[LOG 15:44:27.558] larkes.prefab
[LOG 15:44:27.558] floor bottom.mat
[LOG 15:44:27.558] floor top.mat
[LOG 15:44:27.558] legs.mat
[LOG 15:44:27.558] ramp.mat
[LOG 15:44:27.558] stairs grid lights pivot.mat
[LOG 15:44:27.558] supports 1.mat
[LOG 15:44:27.558] supports 2.mat
[LOG 15:44:27.558] tunnels.mat
[LOG 15:44:27.558] floor bottom.dds
[LOG 15:44:27.559] floor top.dds
[LOG 15:44:27.559] floor top_normal.dds
[LOG 15:44:27.559] legs.dds
[LOG 15:44:27.559] ramp.dds
[LOG 15:44:27.559] stairs grid lights pivot.dds
[LOG 15:44:27.559] supports 1.dds
[LOG 15:44:27.559] supports 2.dds
[LOG 15:44:27.559] tunnels.dds
[LOG 15:44:27.559] diffuse.mat
[LOG 15:44:27.559] floor bottom_base_color.mat
[LOG 15:44:27.559] floor top_base_color.mat
[LOG 15:44:27.559] legs_base_color.mat
[LOG 15:44:27.559] ramp_base_color.mat
[LOG 15:44:27.559] stairs grid lights pivot_base_colormodpsd.mat
[LOG 15:44:27.559] stairs_grid_lights_pivot_base_color.mat
[LOG 15:44:27.559] supports 1_base_color.mat
[LOG 15:44:27.559] supports 2_base_color.mat
[LOG 15:44:27.559] tunnels_base_color.mat
[LOG 15:44:27.559] mobilelaunchpad_19.fbx
[LOG 15:44:27.559] pontoons.fbx
[LOG 15:44:27.559] pontoons_diffuse.dds
[LOG 15:44:27.559] ramp_normal.png
[LOG 15:44:27.559] 1001_base_color.mat
[LOG 15:44:27.559] desert groundtransition.mat
[LOG 15:44:27.559] desert groundtransition_highquality.mat
[LOG 15:44:27.559] desert groundtransition_lowquality.mat
[LOG 15:44:27.559] desert groundtransition_mediumquality.mat
[LOG 15:44:27.559] desert groundtransition_ultraquality.mat
[LOG 15:44:27.559] desert runway sand.mat
[LOG 15:44:27.559] desert runway stone.mat
[LOG 15:44:27.559] mobilelaunchpad.prefab
[LOG 15:44:27.559] woomerang_groundobjects.prefab
[LOG 15:44:27.559] woomerang_launch_site.prefab
[LOG 15:44:27.560] Scenes:
[LOG 15:44:27.560] kspMissionEditor.unity
[LOG 15:44:34.333] Assets:
[LOG 15:44:34.333] appanim_missionsapp.prefab
[LOG 15:44:34.333] cascading_body_missionheader.prefab
[LOG 15:44:34.333] cascading_body_missioninfo.prefab
[LOG 15:44:34.333] cascading_body_missionobjective.prefab
[LOG 15:44:34.334] cascading_body_missionsvesselheader.prefab
[LOG 15:44:34.334] cascading_body_missionsvesselitem.prefab
[LOG 15:44:34.334] cascading_body_settingsbutton.prefab
[LOG 15:44:34.334] cascading_body_settingstoggle.prefab
[LOG 15:44:34.334] missionsapp.prefab
[LOG 15:44:34.334] axislimitline.prefab
[LOG 15:44:34.334] controlleraction.prefab
[LOG 15:44:34.334] controlleraxis.prefab
[LOG 15:44:34.334] controllerwindow.prefab
[LOG 15:44:34.334] curvepanelpoint.prefab
[LOG 15:44:34.334] curvepanelpointaction.prefab
[LOG 15:44:34.334] axis_align_ends.png
[LOG 15:44:34.334] axis_clamp_values.png
[LOG 15:44:34.334] axis_copy.png
[LOG 15:44:34.334] axis_flip_horizontal.png
[LOG 15:44:34.334] axis_flip_vertical.png
[LOG 15:44:34.334] axis_move_down-trackrow.png
[LOG 15:44:34.334] axis_move_down.png
[LOG 15:44:34.334] axis_move_up-trackrow.png
[LOG 15:44:34.334] axis_move_up.png
[LOG 15:44:34.334] axis_paste.png
[LOG 15:44:34.334] axis_preset_flat.png
[LOG 15:44:34.334] axis_preset_sawtooth.png
[LOG 15:44:34.334] axis_preset_sine.png
[LOG 15:44:34.334] axis_preset_square.png
[LOG 15:44:34.334] axis_preset_triangle.png
[LOG 15:44:34.334] axis_select_all.png
[LOG 15:44:34.334] background_squared_inset.png
[LOG 15:44:34.334] close.png
[LOG 15:44:34.334] direction_forward.png
[LOG 15:44:34.334] direction_reverse.png
[LOG 15:44:34.334] edit.png
[LOG 15:44:34.334] fieldlimitline.png
[LOG 15:44:34.334] keyframe_add.png
[LOG 15:44:34.334] keyframe_clamp_value.png
[LOG 15:44:34.334] keyframe_delete.png
[LOG 15:44:34.334] keyframe_linear.png
[LOG 15:44:34.334] keyframe_smooth.png
[LOG 15:44:34.334] keyframe_step_backward.png
[LOG 15:44:34.334] keyframe_step_forward.png
[LOG 15:44:34.334] line.png
[LOG 15:44:34.334] line_dashed.png
[LOG 15:44:34.334] loop_pingpong.png
[LOG 15:44:34.334] loop_playonce.png
[LOG 15:44:34.334] loop_repeat.png
[LOG 15:44:34.334] node.png
[LOG 15:44:34.334] node_circle.png
[LOG 15:44:34.334] node_square.png
[LOG 15:44:34.334] pause.png
[LOG 15:44:34.334] play.png
[LOG 15:44:34.334] pointer.png
[LOG 15:44:34.334] remove-axis.png
[LOG 15:44:34.334] remove_key.png
[LOG 15:44:34.334] resize_icon.png
[LOG 15:44:34.334] sequence_resize_button_states.png
[LOG 15:44:34.334] sequence_resize_maintain.png
[LOG 15:44:34.334] sequence_resize_scale.png
[LOG 15:44:34.334] sequence_speed.png
[LOG 15:44:34.334] tracking_editor_button_states.png
[LOG 15:44:34.336] femalefuturepreview.prefab
[LOG 15:44:34.336] malefuturepreview.prefab
[LOG 15:44:34.336] kbfemale@controlpanel_a.fbx
[LOG 15:44:34.336] kbfemale@controlpanel_b.fbx
[LOG 15:44:34.336] kbfemale@controlpanel_c.fbx
[LOG 15:44:34.336] kbfemale@rocksample.fbx
[LOG 15:44:34.336] hammerfemale.fbx
[LOG 15:44:34.336] hammermale.fbx
[LOG 15:44:34.336] kbeva@controlpanel_a.fbx
[LOG 15:44:34.336] kbeva@controlpanel_b.fbx
[LOG 15:44:34.336] kbeva@controlpanel_c.fbx
[LOG 15:44:34.336] kbeva@rocksample.fbx
[LOG 15:44:34.336] kerbaleva_female_future.prefab
[LOG 15:44:34.336] kerbaleva_rd_future.prefab
[LOG 15:44:34.336] futureevabody.mat
[LOG 15:44:34.336] futureevabodyalternate.mat
[LOG 15:44:34.336] futureevajetpack.mat
[LOG 15:44:34.336] futureevalight.mat
[LOG 15:44:34.336] futurehelmet.mat
[LOG 15:44:34.336] kbevafemalefuture.prefab
[LOG 15:44:34.336] kbevafuture.prefab
[LOG 15:44:34.336] kbeva@new.fbx
[LOG 15:44:34.336] kbeva@newfem.fbx
[LOG 15:44:34.336] mevahelmetlight.fbx
[LOG 15:44:34.336] serenityfemaleeva.fbx
[LOG 15:44:34.336] serenityflares.fbx
[LOG 15:44:34.336] serenitymaleeva.fbx
[LOG 15:44:34.336] evajetpacknrm.dds
[LOG 15:44:34.336] futuresuit_diffuse_orange.dds
[LOG 15:44:34.336] futuresuit_diffuse_whiteblue.dds
[LOG 15:44:34.336] futuresuit_diffuse_whiteorange.dds
[LOG 15:44:34.336] futuresuit_emissive.dds
[LOG 15:44:34.336] futuresuit_evalight.png
[LOG 15:44:34.336] futuresuitmainnrm.dds
[LOG 15:44:34.336] ksp_ig_jetpack_diffuse.jpg
[LOG 15:44:34.336] kerbalfemalefuture.prefab
[LOG 15:44:34.336] kerbalmalefuture.prefab
[LOG 15:44:34.336] futuresuit_diffuse.mat
[LOG 15:44:34.336] serenityfemaleiva.fbx
[LOG 15:44:34.336] serenitymaleiva.fbx
[LOG 15:44:34.336] kerbalicon_eva_female_future.tif
[LOG 15:44:34.336] kerbalicon_eva_future.tif
[LOG 15:44:34.336] kerbalicon_suit_female_future.tif
[LOG 15:44:34.336] kerbalicon_suit_future.tif
[LOG 15:44:34.336] kerbalicon_suit_orange_female_future.tif
[LOG 15:44:34.337] kerbalicon_suit_orange_future.tif
[LOG 15:44:34.337] bottom_emissor.mat
[LOG 15:44:34.337] burst_emissor.mat
[LOG 15:44:34.337] burstprojectiles_emissor.mat
[LOG 15:44:34.337] constantburst_emissor.mat
[LOG 15:44:34.337] snowflakes_emissor.mat
[LOG 15:44:34.337] vapor_emissor.mat
[LOG 15:44:34.337] base_0.mat
[LOG 15:44:34.337] base_1.mat
[LOG 15:44:34.337] base_2.mat
[LOG 15:44:34.337] base_3_1.mat
[LOG 15:44:34.337] base_3_2.mat
[LOG 15:44:34.337] vapor.mat
[LOG 15:44:34.337] burst.png
[LOG 15:44:34.337] cloud2.png
[LOG 15:44:34.337] v1.png
[LOG 15:44:34.337] v2.png
[LOG 15:44:34.337] v3.png
[LOG 15:44:34.337] v5.png
[LOG 15:44:34.337] gapkerbal_female_future.prefab
[LOG 15:44:34.337] gapkerbal_male_future.prefab
[LOG 15:44:34.337] hammerfemale.prefab
[LOG 15:44:34.337] hammermale.prefab
[LOG 15:44:34.337] bopgravelpile.prefab
[LOG 15:44:34.337] bopgravelpile.fbx
[LOG 15:44:34.337] bop_gravel pile_d.mat
[LOG 15:44:34.337] lambert1.mat
[LOG 15:44:34.337] bop_gravel pile_d.png
[LOG 15:44:34.337] bop_gravel pile_d.tga
[LOG 15:44:34.337] bop_gravel pile_n.png
[LOG 15:44:34.337] bop_gravel pile_s.png
[LOG 15:44:34.337] drescrater.prefab
[LOG 15:44:34.337] dresmeteorite.prefab
[LOG 15:44:34.337] drescrater.fbx
[LOG 15:44:34.337] dresmeteorite.fbx
[LOG 15:44:34.337] dres_crater_d.mat
[LOG 15:44:34.337] dres_meteorite_d.mat
[LOG 15:44:34.337] lambert1.mat
[LOG 15:44:34.337] dres_crater_d.tga
[LOG 15:44:34.337] dres_crater_n.png
[LOG 15:44:34.337] dres_meteorite_d.tga
[LOG 15:44:34.337] dres_meteorite_n.png
[LOG 15:44:34.337] dunablueberries.prefab
[LOG 15:44:34.337] dunadune.prefab
[LOG 15:44:34.338] dunameteorite.prefab
[LOG 15:44:34.338] dunastone.prefab
[LOG 15:44:34.338] dunaasteroid.fbx
[LOG 15:44:34.338] dunablueberries.fbx
[LOG 15:44:34.338] dunadune.fbx
[LOG 15:44:34.338] dunastone.fbx
[LOG 15:44:34.338] duna_asteroid_d.mat
[LOG 15:44:34.338] duna_dune_d.mat
[LOG 15:44:34.338] duna_stone_d.mat
[LOG 15:44:34.338] dune_blueberries_d.mat
[LOG 15:44:34.338] lambert1.mat
[LOG 15:44:34.338] duna_asteroid_d.tga
[LOG 15:44:34.338] duna_asteroid_n.png
[LOG 15:44:34.338] duna_dune_d.tga
[LOG 15:44:34.338] duna_dune_n.tga
[LOG 15:44:34.338] duna_stone_d.tga
[LOG 15:44:34.338] duna_stone_n.png
[LOG 15:44:34.338] dune_blueberries_d.tga
[LOG 15:44:34.338] dune_blueberries_n.png
[LOG 15:44:34.338] eelooberg.prefab
[LOG 15:44:34.338] eeloobrownboulder.prefab
[LOG 15:44:34.338] eelooicechunk.prefab
[LOG 15:44:34.338] eelooberg.fbx
[LOG 15:44:34.338] eelooboulder.fbx
[LOG 15:44:34.338] eelooicechunk.fbx
[LOG 15:44:34.338] eeloo_alien_glacier_d.mat
[LOG 15:44:34.338] eeloo_brown_ boulder_d.mat
[LOG 15:44:34.338] eeloo_ice chunk_d.mat
[LOG 15:44:34.338] lambert1.mat
[LOG 15:44:34.338] eeloo_alien_glacier_d.tga
[LOG 15:44:34.338] eeloo_alien_glacier_e.tga
[LOG 15:44:34.338] eeloo_alien_glacier_n.png
[LOG 15:44:34.338] eeloo_brown_ boulder_d.tga
[LOG 15:44:34.338] eeloo_brown_ boulder_n.png
[LOG 15:44:34.338] eeloo_ice chunk_d.tga
[LOG 15:44:34.338] eeloo_ice chunk_e.tga
[LOG 15:44:34.338] eeloo_ice chunk_n.png
[LOG 15:44:34.338] eeloo_ice chunk_s.tga
[LOG 15:44:34.338] evebasaltformation.prefab
[LOG 15:44:34.338] evepancakedome.prefab
[LOG 15:44:34.338] evevolcanicrock.prefab
[LOG 15:44:34.338] evebasaltformation.fbx
[LOG 15:44:34.338] evepancakeformation.fbx
[LOG 15:44:34.338] evevolcanicrock.fbx
[LOG 15:44:34.338] eve basalt formation_d.mat
[LOG 15:44:34.338] eve pancake formation_d.mat
[LOG 15:44:34.339] eve volcanic rock_d.mat
[LOG 15:44:34.339] lambert1.mat
[LOG 15:44:34.339] eve basalt formation_d.tga
[LOG 15:44:34.339] eve basalt formation_n.tga
[LOG 15:44:34.339] eve pancake formation_d.tga
[LOG 15:44:34.339] eve pancake formation_e.png
[LOG 15:44:34.339] eve pancake formation_n.png
[LOG 15:44:34.339] eve volcanic rock_d.tga
[LOG 15:44:34.339] eve volcanic rock_n.png
[LOG 15:44:34.339] gillyridgeline.fbx
[LOG 15:44:34.339] gilly ridegeline_d.mat
[LOG 15:44:34.339] lambert1.mat
[LOG 15:44:34.339] gillyridgeline.prefab
[LOG 15:44:34.339] gilly ridegeline_d.tga
[LOG 15:44:34.339] gilly ridegeline_n.png
[LOG 15:44:34.339] dunaejecta.prefab
[LOG 15:44:34.339] ikedunaejecta.fbx
[LOG 15:44:34.339] ike_duna_ejecta_mat.mat
[LOG 15:44:34.339] ike duna ejecta_d.tga
[LOG 15:44:34.339] ike duna ejecta_n.png
[LOG 15:44:34.339] kerbinbaobabtree.fbx
[LOG 15:44:34.339] kerbinquartz.fbx
[LOG 15:44:34.339] baobaptree.mat
[LOG 15:44:34.339] kerbin_baobab_tree_d.mat
[LOG 15:44:34.339] kerbin_boabob_tree_d.mat
[LOG 15:44:34.339] kerbin_giant_quartz_d.mat
[LOG 15:44:34.339] lambert1.mat
[LOG 15:44:34.339] lambert2.mat
[LOG 15:44:34.339] kerbinbaobabtree.prefab
[LOG 15:44:34.339] kerbinquartz.prefab
[LOG 15:44:34.339] kerbin_baobab_tree_alpha.png
[LOG 15:44:34.339] kerbin_baobab_tree_d.tga
[LOG 15:44:34.339] kerbin_baobab_tree_n.png
[LOG 15:44:34.339] kerbin_giant_quartz_d.tga
[LOG 15:44:34.339] kerbin_giant_quartz_e.tga
[LOG 15:44:34.339] kerbin_giant_quartz_n.tga
[LOG 15:44:34.339] kerbin_giant_quartz_s.tga
[LOG 15:44:34.339] laytheboulder.fbx
[LOG 15:44:34.339] laythegeyser.fbx
[LOG 15:44:34.339] laythestone.fbx
[LOG 15:44:34.339] lambert1.mat
[LOG 15:44:34.339] laythe_boulder_d.mat
[LOG 15:44:34.339] laythe_geyser_d.mat
[LOG 15:44:34.339] laythe_stone_d.mat
[LOG 15:44:34.339] laytheboulder.prefab
[LOG 15:44:34.339] laythegeyser.prefab
[LOG 15:44:34.339] laythestone.prefab
[LOG 15:44:34.340] laythe_boulder_d.tga
[LOG 15:44:34.340] laythe_boulder_n.png
[LOG 15:44:34.340] laythe_geyser_d.tga
[LOG 15:44:34.340] laythe_geyser_n.png
[LOG 15:44:34.340] laythe_stone_d.tga
[LOG 15:44:34.340] laythe_stone_n.png
[LOG 15:44:34.340] greensandstone.fbx
[LOG 15:44:34.340] lambert1.mat
[LOG 15:44:34.340] minmus_green_sandstone_d.mat
[LOG 15:44:34.340] minmus_olivine_formation_d.mat
[LOG 15:44:34.340] minmusolivineformation.fbx
[LOG 15:44:34.340] minmus_greensandstone.prefab
[LOG 15:44:34.340] minmus_olivineformation.prefab
[LOG 15:44:34.340] minmus_green_sandstone_d.tga
[LOG 15:44:34.340] minmus_green_sandstone_n.png
[LOG 15:44:34.340] minmus_olivine_formation_d.tga
[LOG 15:44:34.340] minmus_olivine_formation_n.png
[LOG 15:44:34.340] lambert1.mat
[LOG 15:44:34.340] moho wrinkleridge_d.mat
[LOG 15:44:34.340] moho_stone_d.mat
[LOG 15:44:34.340] mohostone.fbx
[LOG 15:44:34.340] mohowrinkleridge.fbx
[LOG 15:44:34.340] mohostone.prefab
[LOG 15:44:34.340] mohowrinkleridge.prefab
[LOG 15:44:34.340] moho wrinkleridge_d.tga
[LOG 15:44:34.340] moho wrinkleridge_e.png
[LOG 15:44:34.340] moho wrinkleridge_n.png
[LOG 15:44:34.340] moho_stone_d.tga
[LOG 15:44:34.340] moho_stone_n.png
[LOG 15:44:34.340] lambert1.mat
[LOG 15:44:34.340] mun_crater_d.mat
[LOG 15:44:34.340] mun_large_crater_d.mat
[LOG 15:44:34.340] mun_stone_d.mat
[LOG 15:44:34.340] muncrater.fbx
[LOG 15:44:34.340] munlargecrater.fbx
[LOG 15:44:34.340] munstone.fbx
[LOG 15:44:34.340] muncrater.prefab
[LOG 15:44:34.340] munlargecrater.prefab
[LOG 15:44:34.340] munstone.prefab
[LOG 15:44:34.340] mun_crater_d.tga
[LOG 15:44:34.340] mun_crater_n.png
[LOG 15:44:34.340] mun_large_crater_d.tga
[LOG 15:44:34.340] mun_large_crater_n.png
[LOG 15:44:34.340] mun_stone_d.tga
[LOG 15:44:34.340] mun_stone_n.png
[LOG 15:44:34.340] lambert1.mat
[LOG 15:44:34.341] pol_yellowstone_d.mat
[LOG 15:44:34.341] polyellowstone.fbx
[LOG 15:44:34.341] pol_yellowstones.prefab
[LOG 15:44:34.341] pol_yellowstone_d.png
[LOG 15:44:34.341] pol_yellowstone_n.png
[LOG 15:44:34.341] lambert1.mat
[LOG 15:44:34.341] tylo_checkerboard_d.mat
[LOG 15:44:34.341] tylo_dark boulder_d.mat
[LOG 15:44:34.341] tylo_light_d.mat
[LOG 15:44:34.341] tyloboulder.fbx
[LOG 15:44:34.341] tylocheckerboard.fbx
[LOG 15:44:34.341] tylolightstone.fbx
[LOG 15:44:34.341] tylo_ checkerboard_n.png
[LOG 15:44:34.341] tylo_checkerboard_d.png
[LOG 15:44:34.341] tylo_dark boulder_d.tga
[LOG 15:44:34.341] tylo_dark boulder_n.png
[LOG 15:44:34.341] tylo_light_d.tga
[LOG 15:44:34.341] tylo_light_n.png
[LOG 15:44:34.341] tylocheckerboard.prefab
[LOG 15:44:34.341] tylodarkboulder.prefab
[LOG 15:44:34.341] tylolightstone.prefab
[LOG 15:44:34.341] cryovolcano_d.mat
[LOG 15:44:34.341] lambert1.mat
[LOG 15:44:34.341] vallicechunk_d.mat
[LOG 15:44:34.341] vallstone_d.mat
[LOG 15:44:34.341] vall_cryovolcano.fbx
[LOG 15:44:34.341] vall_icechunk.fbx
[LOG 15:44:34.341] vall_stone.fbx
[LOG 15:44:34.341] cryovolcano_d.tga
[LOG 15:44:34.341] cryovolcano_e.png
[LOG 15:44:34.341] cryovolcano_n.jpg
[LOG 15:44:34.341] cryovolcano_s.jpg
[LOG 15:44:34.341] vallicechunk_d.jpg
[LOG 15:44:34.341] vallicechunk_e.jpg
[LOG 15:44:34.341] vallicechunk_n.jpg
[LOG 15:44:34.341] vallicechunk_s.jpg
[LOG 15:44:34.341] vallstone_d.jpg
[LOG 15:44:34.341] vallstone_e.jpg
[LOG 15:44:34.341] vallstone_n.jpg
[LOG 15:44:34.341] vallstone_s.jpg
[LOG 15:44:34.341] vallcryovolcano.prefab
[LOG 15:44:34.341] vallicechunk.prefab
[LOG 15:44:34.341] vallstone.prefab
[LOG 15:44:34.341] vfx_spark.mat
[LOG 15:44:34.341] vfx_welding_flare.mat
[LOG 15:44:34.341] cometdustmaterial.mat
[LOG 15:44:34.341] cometgeysermat.mat
[LOG 15:44:34.347] GetTypesOfModulesImplementingInterface2: Found 69 types with IPartModuleAdjuster interface in 8 assemblies.
[LOG 15:44:34.353] GetSubclassesOfParentClass: Found 0 types with ModuleActiveRadiator parent in 8 assemblies.
[LOG 15:44:34.359] GetSubclassesOfParentClass: Found 0 types with ModuleAlternator parent in 8 assemblies.
[LOG 15:44:34.365] GetSubclassesOfParentClass: Found 1 types with ModuleControlSurface parent in 8 assemblies.
[LOG 15:44:34.371] GetSubclassesOfParentClass: Found 0 types with ModuleDataTransmitter parent in 8 assemblies.
[LOG 15:44:34.376] GetSubclassesOfParentClass: Found 0 types with ModuleDeployableSolarPanel parent in 8 assemblies.
[LOG 15:44:34.381] GetSubclassesOfParentClass: Found 1 types with ModuleEngines parent in 8 assemblies.
[LOG 15:44:34.386] GetSubclassesOfParentClass: Found 0 types with ModuleGenerator parent in 8 assemblies.
[LOG 15:44:34.390] GetSubclassesOfParentClass: Found 0 types with ModuleGimbal parent in 8 assemblies.
[LOG 15:44:34.395] GetSubclassesOfParentClass: Found 2 types with ModuleLiftingSurface parent in 8 assemblies.
[LOG 15:44:34.400] GetSubclassesOfParentClass: Found 0 types with ModuleLight parent in 8 assemblies.
[LOG 15:44:34.404] GetSubclassesOfParentClass: Found 0 types with ModuleReactionWheel parent in 8 assemblies.
[LOG 15:44:34.410] GetSubclassesOfParentClass: Found 0 types with ModuleSAS parent in 8 assemblies.
[LOG 15:44:34.414] GetSubclassesOfParentClass: Found 0 types with ModuleWheelBrakes parent in 8 assemblies.
[LOG 15:44:34.418] GetSubclassesOfParentClass: Found 1 types with ModuleWheelMotor parent in 8 assemblies.
[LOG 15:44:34.419] GetSubclassesOfParentClass: Using cached results for ModuleActiveRadiator
[LOG 15:44:34.423] GetSubclassesOfParentClass: Found 0 types with ModuleAnchoredDecoupler parent in 8 assemblies.
[LOG 15:44:34.428] GetSubclassesOfParentClass: Found 0 types with ModuleCargoBay parent in 8 assemblies.
[LOG 15:44:34.428] GetSubclassesOfParentClass: Using cached results for ModuleControlSurface
[LOG 15:44:34.428] GetSubclassesOfParentClass: Using cached results for ModuleDataTransmitter
[LOG 15:44:34.433] GetSubclassesOfParentClass: Found 0 types with ModuleDecouple parent in 8 assemblies.
[LOG 15:44:34.437] GetSubclassesOfParentClass: Found 4 types with ModuleDeployablePart parent in 8 assemblies.
[LOG 15:44:34.442] GetSubclassesOfParentClass: Found 0 types with ModuleDockingNode parent in 8 assemblies.
[LOG 15:44:34.443] GetSubclassesOfParentClass: Using cached results for ModuleEngines
[LOG 15:44:34.447] GetSubclassesOfParentClass: Found 0 types with CModuleFuelLine parent in 8 assemblies.
[LOG 15:44:34.451] GetSubclassesOfParentClass: Found 0 types with ModuleGPS parent in 8 assemblies.
[LOG 15:44:34.456] GetSubclassesOfParentClass: Found 0 types with ModuleGrappleNode parent in 8 assemblies.
[LOG 15:44:34.456] GetSubclassesOfParentClass: Using cached results for ModuleGrappleNode
[LOG 15:44:34.462] GetSubclassesOfParentClass: Found 0 types with ModuleKerbNetAccess parent in 8 assemblies.
[LOG 15:44:34.462] GetSubclassesOfParentClass: Using cached results for ModuleLight
[LOG 15:44:34.462] GetSubclassesOfParentClass: Using cached results for ModuleLight
[LOG 15:44:34.466] GetSubclassesOfParentClass: Found 0 types with ModuleProbeControlPoint parent in 8 assemblies.
[LOG 15:44:34.472] GetSubclassesOfParentClass: Found 1 types with ModuleRCS parent in 8 assemblies.
[LOG 15:44:34.473] GetSubclassesOfParentClass: Using cached results for ModuleRCS
[LOG 15:44:34.473] GetSubclassesOfParentClass: Using cached results for ModuleReactionWheel
[LOG 15:44:34.473] GetSubclassesOfParentClass: Using cached results for ModuleReactionWheel
[LOG 15:44:34.477] GetSubclassesOfParentClass: Found 0 types with ModuleResourceIntake parent in 8 assemblies.
[LOG 15:44:34.481] GetSubclassesOfParentClass: Found 0 types with ModuleScienceExperiment parent in 8 assemblies.
[LOG 15:44:34.486] GetSubclassesOfParentClass: Found 0 types with ModuleToggleCrossfeed parent in 8 assemblies.
[LOG 15:44:34.491] GetSubclassesOfParentClass: Found 0 types with ModuleWheelDeployment parent in 8 assemblies.
[LOG 15:44:34.505] ExpansionsLoader: Expansions loaded in 10.946s
[LOG 15:44:34.505] Loading Systems: Elapsed time is 20.70007s
[LOG 15:44:36.822] [AddonLoader]: Instantiating addon 'KSPCFFastLoaderPSystemSetup' from assembly 'KSPCommunityFixes'
[LOG 15:44:37.080] [Agent]: Found 19 agent mentality types
[LOG 15:44:37.081] [AgentList]: 31 agents parsed and loaded.
[LOG 15:44:37.108] [UIMasterController]: HideUI
[LOG 15:44:37.169] [CelestialBody]: Kerbin's solar day length is 1d, 0h, 0m long. sidereal day length is 5h, 59m, 9s long
[LOG 15:44:41.833] [UIMasterController]: HideUI
[LOG 15:44:41.838] [HighLogic]: =========================== Scene Change : From LOADING to MAINMENU =====================
[LOG 15:44:42.281] [AddonLoader]: Instantiating addon 'ContractDefs' from assembly 'KSP'
[LOG 15:44:42.300] [AddonLoader]: Instantiating addon 'KSPCFFastLoaderReport' from assembly 'KSPCommunityFixes'
[LOG 15:44:42.320] [UIMasterController]: ShowUI
[LOG 15:44:42.514] [GameParameters]: Loaded custom parameter class CommNetParams.
[LOG 15:44:42.516] [GameParameters]: Loaded custom parameter class MissionParamsGeneral.
[LOG 15:44:42.517] [GameParameters]: Loaded custom parameter class MissionParamsFacilities.
[LOG 15:44:42.517] [GameParameters]: Loaded custom parameter class MissionParamsExtras.
[LOG 15:44:42.517] [GameParameters]: Loaded custom parameter class AdvancedParams.
[LOG 15:44:42.540] [ReflectionUtil]: Found 40 types with UpgradeModule attribute in 8 assemblies.
[LOG 15:44:42.550] [KSPCF:FastLoader] Intel(R) Core(TM) Ultra 7 155H | 32265 MB | Intel(R) Arc(TM) Pro Graphics (18391 MB)
Total loading time to main menu : 31.889s
- Configs and assemblies loaded in 4.623s
- Configs reload done in 1.258s
- Configs translated in 0.009s
- 2332 assets loaded in 2.056s :
  - 86 audio assets (79.689 MiB) in 0.245s, 324.709 MiB/s
  - 1619 texture assets (1.293 GiB) in 1.419s, 933.405 MiB/s
  - 626 model assets (64.41 MiB) in 0.390s, 165.139 MiB/s
- Asset bundles loaded in 0.427s
- GameDatabase (configs, resources, traits, upgrades...) loaded in 0.051s
- Built-in parts copied in 0.019s
- Part and internal configs extracted in 0.001s
- 483 parts and 1927 modules compiled in 2.375s
  - 4.0 modules/part, 4.916 ms/part, 1.232 ms/module
  - PartIcon compilation : 0.773s
- 27 internal spaces and 56 props compiled in 0.145s
- 2 DLC (Making History, Breaking Ground) loaded in 10.983s
- Planetary system loaded in 5.956s
[LOG 15:44:42.551] Texture queries : 1709, slow path : 1 (0.06 %)
[LOG 15:44:42.554] [ModuleManager] Total loading Time = 27.466s
[LOG 15:44:42.590] [ScenarioTypes]: List Created 23 scenario types loaded from 8 loaded assemblies.
[WRN 15:44:42.599] File 'C:/Users/lhervier/Perso/ksp-dev/KSP_x64_Data/../Missions/MissionScoreInfo.cfg' does not exist
[LOG 15:44:42.602] [ApplicationLauncher] Awake False
[LOG 15:44:42.602] [ApplicationLauncher] SpawnSimpleLayout: VerticalTopDown
[LOG 15:44:42.613] [UiApp] Awake: 
[LOG 15:44:42.614] [ApplicationLauncher] OnSceneLoadedGUIReady: scene MAINMENU ShouldBeVisible() True ShouldBeOnTop() True iIsPositionedAtTop True
[LOG 15:44:42.642] [UIApp] Adding  to Application Launcher
[LOG 15:44:42.645] [ApplicationLauncher] SetHidden: 
[LOG 15:44:42.649] [MessageSystem] OnAppInitialized
[LOG 15:44:42.650] [MessageSystem] Reposition 0.0437221 8264
[LOG 15:45:22.656] [KSPUpgradePipeline]: claude (1.12.5) is up to date.
[LOG 15:45:22.663] [ExperienceSystem]: Found 0 trait types
[LOG 15:45:22.668] [ExperienceSystem]: Found 20 effect types
[LOG 15:45:22.694] [ScenarioTypes]: List Created 23 scenario types loaded from 8 loaded assemblies.
[LOG 15:45:22.723] Game State Saved to saves/claude/persistent
[LOG 15:45:22.735] [MessageSystem] Load Messages
[LOG 15:45:22.736] [UIMasterController]: HideUI
[LOG 15:45:22.738] [HighLogic]: =========================== Scene Change : From MAINMENU to SPACECENTER =====================
[LOG 15:45:23.022] [AddonLoader]: Instantiating addon 'CustomConfigsManager' from assembly 'ModuleManager'
[LOG 15:45:25.013] [UIMasterController]: ShowUI
[LOG 15:45:25.217] [SceneLoadSpeedBoost] Save loaded from disk in 2ms
[LOG 15:45:25.226] GetSubclassesOfParentClass: Found 7 types with AlarmTypeBase parent in 8 assemblies.
[LOG 15:45:25.233] Loading Depletion Nodes
[LOG 15:45:25.234] DepNodeCount:  0
[LOG 15:45:25.234] Loading Biome Nodes
[LOG 15:45:25.234] BiomeNodeCount:  0
[LOG 15:45:25.234] Loading Planet Nodes
[LOG 15:45:25.234] PlanetNodeCount:  0
[LOG 15:45:25.245] [ScenarioDestructibles]: Loading... 0 objects registered
[LOG 15:45:25.340] [UiApp] Awake: KSPedia
[LOG 15:45:25.340] [UiApp] Awake: Missions App
[LOG 15:45:25.340] [UiApp] Awake: AlarmClock
[LOG 15:45:25.340] [GenericAppFrame] Reposition 0 17676
[LOG 15:45:25.341] [ApplicationLauncher] OnSceneLoadedGUIReady: scene SPACECENTER ShouldBeVisible() True ShouldBeOnTop() False iIsPositionedAtTop True
[LOG 15:45:25.341] [ApplicationLauncher] SpawnSimpleLayout: HorizontalRightLeft
[LOG 15:45:25.343] [ApplicationLauncher] SetVisible: 
[LOG 15:45:25.392] [UIApp] OnDestroy: Contracts
[LOG 15:45:25.399] [MessageSystem] Reposition 0.02 17677
[LOG 15:45:25.399] [GenericAppFrame] Reposition 0.02 17677
[LOG 15:45:25.400] [GenericAppFrame] Reposition 0.02 17677
[LOG 15:45:25.494] [UIApp] Adding AlarmClock to Application Launcher
[LOG 15:45:25.496] [UIApp] Adding Missions App to Application Launcher
[LOG 15:45:25.529] [GenericAppFrame] Reposition 0.122966 17683
[LOG 15:45:25.532] [MissionsApp] OnAppStarted(): id: -362124
[LOG 15:45:25.532] MissionsApp does not execute in this game mode, destroying this instance
[LOG 15:45:25.532] [UIApp] OnDestroy: Missions App
[LOG 15:45:25.542] [UIApp] Adding KSPedia to Application Launcher
[LOG 15:45:54.509] Game Paused!
[LOG 15:45:54.510] [UIMasterController]: ShowUI
[LOG 15:45:57.988] [KSPUpgradePipeline]: claude (1.12.5) is up to date.
[LOG 15:45:58.006] [ScenarioTypes]: List Created 23 scenario types loaded from 8 loaded assemblies.
[LOG 15:45:58.006] [MessageSystem] Load Messages
[LOG 15:45:58.014] [UIMasterController]: HideUI
[LOG 15:45:58.031] [HighLogic]: =========================== Scene Change : From SPACECENTER to FLIGHT =====================
[LOG 15:45:58.035] Game Unpaused!
[LOG 15:45:58.298] [UIApp] OnDestroy: KSPedia
[LOG 15:45:58.298] [UIApp] OnDestroy: AlarmClock
[LOG 15:45:58.302] [KSPCF:MemoryLeaks] Removed a onPlanetariumTargetChange callback owned by a destroyed Assembly-CSharp:CommNetVessel instance
[LOG 15:45:58.307] [KSPCF:MemoryLeaks] Leaving scene "SpaceCenter", cleaned 5 memory leaks in 0.007s. GameEvents callbacks : 469. Allocated memory : 681.703 MiB (managed heap), 2.176 GiB (unmanaged)
[LOG 15:45:58.314] UICanvasPrefabSpawner FlightUI spawning Flight
[LOG 15:45:58.338] UICanvasPrefabSpawner FlightUI spawning VesselLabels
[LOG 15:45:58.338] [UiApp] Awake: ResourceDisplay
[LOG 15:45:58.394] [AddonLoader]: Instantiating addon 'AeroGUI' from assembly 'KSP'
[LOG 15:45:58.401] [AddonLoader]: Instantiating addon 'TerrainPrecisionFixDiagMod' from assembly 'TerrainPrecisionFixDiagMod'
[LOG 15:45:58.403] [PlanetariumCamera]: Focus: Kerbin
[LOG 15:45:58.405] [UIMasterController]: HideUI
[LOG 15:45:58.625] [UIMasterController]: HideUI
[LOG 15:45:58.626] ------------------- initializing flight mode... ------------------
[LOG 15:45:58.627] GetSubclassesOfParentClass: Using cached results for AlarmTypeBase
[LOG 15:45:58.628] Loading Depletion Nodes
[LOG 15:45:58.628] DepNodeCount:  0
[LOG 15:45:58.628] Loading Biome Nodes
[LOG 15:45:58.628] BiomeNodeCount:  0
[LOG 15:45:58.628] Loading Planet Nodes
[LOG 15:45:58.628] PlanetNodeCount:  0
[LOG 15:45:58.629] [ScenarioDestructibles]: Loading... 0 objects registered
[LOG 15:45:58.652] Target vessel index: 7  vessel count: 8
[LOG 15:45:58.653] [FLIGHT GLOBALS]: Switching To Vessel Diag3-Rover ---------------------- 
[LOG 15:45:58.654] setting new dominant body: Kerbin
FlightGlobals.mainBody: Kerbin
[LOG 15:45:58.656] Reference Frame: Rotating
[LOG 15:45:58.692] [Diag3-Rover]: landed - waiting for ground contact to resume physics...
[LOG 15:45:58.704] Camera Mode: AUTO
[LOG 15:46:00.559] all systems started
[LOG 15:46:00.740] [Vaisseau sans nom]: landed - waiting for ground contact to resume physics...
[LOG 15:46:00.805] [UiApp] Awake: CurrencyWidgetsApp
[LOG 15:46:00.805] [UiApp] Awake: ResourceDisplay
[LOG 15:46:00.805] [UiApp] Awake: KSPedia
[LOG 15:46:00.805] [UiApp] Awake: Missions App
[LOG 15:46:00.805] [UiApp] Awake: DeltaVApp
[LOG 15:46:00.805] [UiApp] Awake: ActionGroupsApp
[LOG 15:46:00.805] [UiApp] Awake: Construction
[LOG 15:46:00.805] [UiApp] Awake: Cargo
[LOG 15:46:00.805] [UiApp] Awake: AlarmClock
[LOG 15:46:00.805] [UiApp] Awake: ManeuverTool
[LOG 15:46:00.805] [ApplicationLauncher] OnSceneLoadedGUIReady: scene FLIGHT ShouldBeVisible() True ShouldBeOnTop() True iIsPositionedAtTop False
[LOG 15:46:00.805] [ApplicationLauncher] SpawnSimpleLayout: VerticalTopDown
[LOG 15:46:00.809] [KnowledgeBase] OnAppLauncherReady 20080
[LOG 15:46:00.819] [UIApp] OnDestroy: Contracts
[LOG 15:46:00.842] [FlightIntegrator]: Reloaded drag cube for zeroed cube root part trussPiece3x (Diag3-Rover) on vessel Diag3-Rover
[LOG 15:46:00.857] [MessageSystem] Reposition 0.02 20081
[LOG 15:46:00.857] [GenericAppFrame] Reposition 0.02 20081
[LOG 15:46:00.857] [GenericAppFrame] Reposition 0.02 20081
[LOG 15:46:00.935] [FlightIntegrator]: Reloaded drag cube for zeroed cube root part fuelTankSmallFlat (Vaisseau sans nom) on vessel Vaisseau sans nom
[LOG 15:46:00.939] [PlanetariumCamera]: Focus: Diag3-Rover
[LOG 15:46:00.957] [UIApp] Adding ResourceDisplay to Application Launcher
[LOG 15:46:00.958] [UIApp] Adding ResourceDisplay to Application Launcher
[LOG 15:46:00.968] [ResourceDisplay] OnAppStarted(): id: -384350
[LOG 15:46:00.969] [GenericAppFrame] Reposition 0.1247623 20085
[LOG 15:46:00.970] [ResourceDisplay] OnAppStarted(): id: 264296
[LOG 15:46:00.970] ResourceDisplay already exist, destroying this instance
[LOG 15:46:00.970] [UIApp] OnDestroy: ResourceDisplay
[LOG 15:46:00.984] [UIApp] Adding AlarmClock to Application Launcher
[LOG 15:46:00.985] [UIApp] Adding ActionGroupsApp to Application Launcher
[LOG 15:46:00.985] [UIApp] Adding Missions App to Application Launcher
[LOG 15:46:00.986] CURRENCY WIDGET False False False
[LOG 15:46:00.988] [UIApp] OnDestroy: CurrencyWidgetsApp
[LOG 15:46:01.006] [GenericAppFrame] Reposition 0.1518604 20087
[LOG 15:46:01.008] [ActionGroupsApp] OnAppStarted(): id: -384374
[LOG 15:46:01.010] [GenericAppFrame] Reposition 0.1518604 20087
[LOG 15:46:01.010] [UIApp] Adding DeltaVApp to Application Launcher
[LOG 15:46:01.011] [MissionsApp] OnAppStarted(): id: -384362
[LOG 15:46:01.011] MissionsApp does not execute in this game mode, destroying this instance
[LOG 15:46:01.011] [UIApp] OnDestroy: Missions App
[LOG 15:46:01.021] [GenericAppFrame] Reposition 0.1770628 20088
[LOG 15:46:01.031] [UIApp] Adding Cargo to Application Launcher
[LOG 15:46:01.032] [UIApp] Adding Construction to Application Launcher
[LOG 15:46:01.033] [UIApp] Adding KSPedia to Application Launcher
[WRN 15:46:01.041] HighlightingSystem : Framebuffer depth data is not available and can't be used to occlude highlighting. Highlighting occluders enabled.
[LOG 15:46:01.052] [UIApp] Adding ManeuverTool to Application Launcher
[LOG 15:46:01.054] [ApplicationLauncher] SetHidden: 
[LOG 15:46:01.067] [GenericAppFrame] Reposition 0.2191996 20091
[LOG 15:46:01.075] [ManeuverTool]: Found 1 transfer types
[LOG 15:46:01.124] Flight State Captured
[LOG 15:46:01.127] Saving Achievements Tree...
[LOG 15:46:01.128] Saving Achievements Tree...
[LOG 15:46:01.130] [MessageSystem] Save Messages
[LOG 15:46:01.154] Game State Saved as persistent
[LOG 15:46:02.030] Unpacking Diag3-Rover
[LOG 15:46:02.034] Unpacking Vaisseau sans nom
[LOG 15:46:02.052] [UIMasterController]: ShowUI
[LOG 15:46:30.894] [AsteroidSpawner]: New object found near Kerbin: Ast. ISE-793!
[LOG 15:47:00.990] [AsteroidSpawner]: No new objects this time. (Odds are 1:2)
[LOG 15:47:31.004] [AsteroidSpawner]: No new objects this time. (Odds are 1:2)
[LOG 15:47:58.206] Packing Vaisseau sans nom for orbit
[LOG 15:48:31.038] [AsteroidSpawner]: New object found near Kerbin: Ast. YYP-413!
[LOG 15:49:15.176] Vaisseau sans nom Unloaded
[LOG 15:50:19.748] [Vaisseau sans nom]: landed - waiting for ground contact to resume physics...
[LOG 15:50:19.774] [FlightIntegrator]: Reloaded drag cube for zeroed cube root part fuelTankSmallFlat (Vaisseau sans nom) on vessel Vaisseau sans nom
[LOG 15:50:19.804] [FlightIntegrator]: Vessel Vaisseau sans nom has been unloaded 64.6199999999412, applying analytic temperature 309.010747612754
[LOG 15:50:46.187] [AsteroidSpawner]: No new objects this time. (Odds are 1:2)
[LOG 15:51:00.995] [FlightGlobals]: Active Vessel is moving (sqrVel = 993.246547344695). Cannot save.
[LOG 15:51:16.204] [AsteroidSpawner]: No new objects this time. (Odds are 1:2)
[LOG 15:51:23.998] Unpacking Vaisseau sans nom
[LOG 15:51:31.004] [FlightGlobals]: Active Vessel is moving (sqrVel = 0.215020399233659). Cannot save.
[LOG 15:51:46.261] [AsteroidSpawner]: New object found near Kerbin: Ast. NOO-537!
[LOG 15:52:01.065] Flight State Captured
[LOG 15:52:01.065] Saving Achievements Tree...
[LOG 15:52:01.065] Saving Achievements Tree...
[LOG 15:52:01.066] [MessageSystem] Save Messages
[LOG 15:52:01.115] Game State Saved to saves/claude/persistent
[LOG 15:52:01.127] [AutoSave]: Game Backed Up and Saved
[LOG 15:52:29.192] Packing Vaisseau sans nom for orbit
[LOG 15:53:37.246] Vaisseau sans nom Unloaded
[LOG 15:54:55.261] [Vaisseau sans nom]: landed - waiting for ground contact to resume physics...
[LOG 15:54:55.306] [FlightIntegrator]: Reloaded drag cube for zeroed cube root part fuelTankSmallFlat (Vaisseau sans nom) on vessel Vaisseau sans nom
[LOG 15:54:55.319] [FlightIntegrator]: Vessel Vaisseau sans nom has been unloaded 78.079999999929, applying analytic temperature 309.266399025457
[LOG 15:55:57.961] Unpacking Vaisseau sans nom
[LOG 15:56:48.777] Packing Vaisseau sans nom for orbit
[LOG 15:57:01.099] [FlightGlobals]: Active Vessel is moving (sqrVel = 1032.8697825474). Cannot save.
[LOG 15:57:31.109] [FlightGlobals]: Active Vessel is moving (sqrVel = 1168.62866839084). Cannot save.
[LOG 15:57:52.873] Vaisseau sans nom Unloaded
[LOG 15:58:01.113] [FlightGlobals]: Active Vessel is moving (sqrVel = 988.166042696111). Cannot save.
[LOG 15:58:31.124] [FlightGlobals]: Active Vessel is moving (sqrVel = 25.3635818770818). Cannot save.
[LOG 15:59:01.129] [FlightGlobals]: Active Vessel is moving (sqrVel = 1144.44599926225). Cannot save.
[LOG 15:59:02.658] [Vaisseau sans nom]: landed - waiting for ground contact to resume physics...
[LOG 15:59:02.697] [FlightIntegrator]: Reloaded drag cube for zeroed cube root part fuelTankSmallFlat (Vaisseau sans nom) on vessel Vaisseau sans nom
[LOG 15:59:02.711] [FlightIntegrator]: Vessel Vaisseau sans nom has been unloaded 69.8399999999366, applying analytic temperature 309.420534117533
[LOG 15:59:31.141] [FlightGlobals]: Active Vessel is moving (sqrVel = 1054.73682060709). Cannot save.
[LOG 16:00:01.147] [FlightGlobals]: Active Vessel is moving (sqrVel = 891.313787059071). Cannot save.
[LOG 16:00:04.904] Unpacking Vaisseau sans nom
[LOG 16:00:31.167] Flight State Captured
[LOG 16:00:31.167] Saving Achievements Tree...
[LOG 16:00:31.167] Saving Achievements Tree...
[LOG 16:00:31.168] [MessageSystem] Save Messages
[LOG 16:00:31.198] Game State Saved to saves/claude/persistent
[LOG 16:00:31.212] [AutoSave]: Game Backed Up and Saved
[LOG 16:00:36.342] Game Paused!
[LOG 16:00:36.343] [UIMasterController]: ShowUI
[LOG 16:01:22.323] Game Unpaused!
[LOG 16:01:49.600] Packing Vaisseau sans nom for orbit
[LOG 16:02:53.068] Vaisseau sans nom Unloaded
[LOG 16:04:00.015] [Vaisseau sans nom]: landed - waiting for ground contact to resume physics...
[LOG 16:04:00.041] [FlightIntegrator]: Reloaded drag cube for zeroed cube root part fuelTankSmallFlat (Vaisseau sans nom) on vessel Vaisseau sans nom
[LOG 16:04:00.073] [FlightIntegrator]: Vessel Vaisseau sans nom has been unloaded 66.9999999999391, applying analytic temperature 309.532763412012
[LOG 16:04:59.514] Unpacking Vaisseau sans nom
[LOG 16:06:17.268] Flight State Captured
[LOG 16:06:17.269] Saving Achievements Tree...
[LOG 16:06:17.269] Saving Achievements Tree...
[LOG 16:06:17.269] [MessageSystem] Save Messages
[LOG 16:06:17.296] Game State Saved to saves/claude/persistent
[LOG 16:06:17.303] [AutoSave]: Game Backed Up and Saved
[LOG 16:07:11.991] Packing Vaisseau sans nom for orbit
[LOG 16:08:07.632] Game Paused!
[LOG 16:08:07.632] [UIMasterController]: ShowUI
[LOG 16:08:07.633] [FlightGlobals]: Active Vessel is moving (sqrVel = 1227.63335368065). Cannot save.
[LOG 16:08:22.518] Game Unpaused!
[LOG 16:08:28.272] Vaisseau sans nom Unloaded
[LOG 16:08:57.738] Game Paused!
[LOG 16:08:57.739] [UIMasterController]: ShowUI
[LOG 16:20:07.343] Game Unpaused!
[LOG 16:20:49.553] [Vaisseau sans nom]: landed - waiting for ground contact to resume physics...
[LOG 16:20:49.577] [FlightIntegrator]: Reloaded drag cube for zeroed cube root part fuelTankSmallFlat (Vaisseau sans nom) on vessel Vaisseau sans nom
[LOG 16:20:49.608] [FlightIntegrator]: Vessel Vaisseau sans nom has been unloaded 71.7199999999348, applying analytic temperature 309.61376674427
[LOG 16:21:48.988] Unpacking Vaisseau sans nom
[LOG 16:22:41.773] [FlightGlobals]: Active Vessel is moving (sqrVel = 881.000480210067). Cannot save.
[LOG 16:22:44.824] Packing Vaisseau sans nom for orbit
[LOG 16:23:11.782] [FlightGlobals]: Active Vessel is moving (sqrVel = 1204.26283036073). Cannot save.
[LOG 16:23:41.793] [FlightGlobals]: Active Vessel is moving (sqrVel = 1189.21270820839). Cannot save.
[LOG 16:23:46.140] Vaisseau sans nom Unloaded
[LOG 16:24:11.798] [FlightGlobals]: Active Vessel is moving (sqrVel = 0.288208544953287). Cannot save.
[LOG 16:24:41.805] [FlightGlobals]: Active Vessel is moving (sqrVel = 1268.81929364877). Cannot save.
[LOG 16:24:50.914] [Vaisseau sans nom]: landed - waiting for ground contact to resume physics...
[LOG 16:24:50.939] [FlightIntegrator]: Reloaded drag cube for zeroed cube root part fuelTankSmallFlat (Vaisseau sans nom) on vessel Vaisseau sans nom
[LOG 16:24:50.965] [FlightIntegrator]: Vessel Vaisseau sans nom has been unloaded 64.819999999941, applying analytic temperature 309.624927752439
[LOG 16:25:11.818] [FlightGlobals]: Active Vessel is moving (sqrVel = 1296.57944092604). Cannot save.
[LOG 16:25:41.818] [FlightGlobals]: Active Vessel is moving (sqrVel = 1155.24717291959). Cannot save.
[LOG 16:25:50.660] Unpacking Vaisseau sans nom
[LOG 16:26:11.838] Flight State Captured
[LOG 16:26:11.838] Saving Achievements Tree...
[LOG 16:26:11.838] Saving Achievements Tree...
[LOG 16:26:11.838] [MessageSystem] Save Messages
[LOG 16:26:11.871] Game State Saved to saves/claude/persistent
[LOG 16:26:11.882] [AutoSave]: Game Backed Up and Saved
[LOG 16:26:21.442] Game Paused!
[LOG 16:26:21.443] [UIMasterController]: ShowUI
[LOG 16:26:23.742] Flight State Captured
[LOG 16:26:23.742] Saving Achievements Tree...
[LOG 16:26:23.742] Saving Achievements Tree...
[LOG 16:26:23.743] [MessageSystem] Save Messages
[LOG 16:26:23.766] Game State Saved to saves/claude/persistent
[LOG 16:26:23.780] [UIMasterController]: HideUI
[LOG 16:26:23.792] [HighLogic]: =========================== Scene Change : From FLIGHT to MAINMENU =====================
[LOG 16:26:24.201] KbApp.OnDestroy Vessel Crew
[LOG 16:26:24.203] [UIApp] OnDestroy: DeltaVApp
[LOG 16:26:24.204] [UIApp] OnDestroy: ResourceDisplay
[LOG 16:26:24.204] KbApp.OnDestroy Vessel Info
[LOG 16:26:24.204] [UIApp] OnDestroy: Cargo
[LOG 16:26:24.208] KbApp.OnDestroy Planet Resources
[LOG 16:26:24.209] [UIApp] OnDestroy: Construction
[LOG 16:26:24.211] [UIApp] OnDestroy: ActionGroupsApp
[LOG 16:26:24.223] [UIApp] OnDestroy: KSPedia
[LOG 16:26:24.224] KbApp.OnDestroy Planet Parameters
[LOG 16:26:24.224] [UIApp] OnDestroy: ManeuverTool
[LOG 16:26:24.225] [UIApp] OnDestroy: AlarmClock
[LOG 16:26:24.228] KbApp.OnDestroy Unowned Info
[LOG 16:26:24.228] KbApp.OnDestroy Planet Info
[LOG 16:26:24.229] KbApp.OnDestroy NullName
[LOG 16:26:24.231] [KSPCF:MemoryLeaks] Removed a onVesselChange callback owned by a destroyed Assembly-CSharp:ModuleDeployableSolarPanel instance
[LOG 16:26:24.231] [KSPCF:MemoryLeaks] Removed a onVesselChange callback owned by a destroyed Assembly-CSharp:ModuleDeployableSolarPanel instance
[LOG 16:26:24.231] [KSPCF:MemoryLeaks] Removed a onVesselChange callback owned by a destroyed Assembly-CSharp:ModuleDeployableSolarPanel instance
[LOG 16:26:24.231] [KSPCF:MemoryLeaks] Removed a onVesselChange callback owned by a destroyed Assembly-CSharp:ModuleDeployableSolarPanel instance
[LOG 16:26:24.231] [KSPCF:MemoryLeaks] Removed a onVesselChange callback owned by a destroyed Assembly-CSharp:ModuleDeployableSolarPanel instance
[LOG 16:26:24.231] [KSPCF:MemoryLeaks] Removed a onVesselChange callback owned by a destroyed Assembly-CSharp:ModuleDeployableSolarPanel instance
[LOG 16:26:24.232] [KSPCF:MemoryLeaks] Removed a OnMapExited callback owned by a destroyed Assembly-CSharp:NavBallToggle instance
[LOG 16:26:24.232] [KSPCF:MemoryLeaks] Removed a OnGameSettingsApplied callback owned by a destroyed Assembly-CSharp:VesselAutopilotUI instance
[LOG 16:26:24.233] [KSPCF:MemoryLeaks] Removed a onPartActionUICreate callback owned by a destroyed Assembly-CSharp:ModuleInventoryPart instance
[LOG 16:26:24.234] [KSPCF:MemoryLeaks] Removed a onModuleInventoryChanged callback owned by a destroyed Assembly-CSharp:ModuleInventoryPart instance
[LOG 16:26:24.234] [KSPCF:MemoryLeaks] Removed a OnDestructibleLoaded callback owned by a destroyed Assembly-CSharp:RunwayCollisionHandler instance
[LOG 16:26:24.234] [KSPCF:MemoryLeaks] Removed a OnClick callback owned by a destroyed Assembly-CSharp:EVAConstructionModeEditor instance
[LOG 16:26:24.235] [KSPCF:MemoryLeaks] Removed a TimingManager.Instance.timing5.onLateUpdate callback owned by a destroyed Assembly-CSharp:MapView instance
[LOG 16:26:24.237] [KSPCF:MemoryLeaks] Leaving scene "Flight", cleaned 123 memory leaks in 0.005s. GameEvents callbacks : 372. Allocated memory : 722.203 MiB (managed heap), 2.247 GiB (unmanaged)
[LOG 16:26:24.327] [UIMasterController]: ShowUI
[LOG 16:26:24.718] [ScenarioTypes]: List Created 23 scenario types loaded from 8 loaded assemblies.
[WRN 16:26:24.723] File 'C:/Users/lhervier/Perso/ksp-dev/KSP_x64_Data/../Missions/MissionScoreInfo.cfg' does not exist
[LOG 16:26:24.723] [ApplicationLauncher] OnSceneLoadedGUIReady: scene MAINMENU ShouldBeVisible() True ShouldBeOnTop() True iIsPositionedAtTop True
[LOG 16:26:24.723] [ApplicationLauncher] SetHidden: 
[LOG 16:26:24.750] [MessageSystem] Reposition 0.02 171890
[LOG 16:26:24.750] [GenericAppFrame] Reposition 0.02 171890
[LOG 16:26:24.751] [GenericAppFrame] Reposition 0.02 171890
[LOG 16:26:30.076] [UIApp] OnDestroy: 
