[LOG 11:37:09.840] ******* Log Initiated for Kerbal Space Program - 1.12.5.3190 (WindowsPlayer x64) fr-fr *******
Kerbal Space Program - 1.12.5.3190 (WindowsPlayer x64) fr-fr


OS: Windows 10  (10.0.0) 64bit
CPU: Intel(R) Core(TM) Ultra 7 155H (22)
RAM: 32265
GPU: Intel(R) Arc(TM) Pro Graphics (18391MB)
SM: 50 (Direct3D 11.0 [level 11.1])
RT Formats: ARGB32, Depth, ARGBHalf, Shadowmap, RGB565, ARGB4444, ARGB1555, Default, ARGB2101010, DefaultHDR, ARGB64, ARGBFloat, RGFloat, RGHalf, RFloat, RHalf, R8, ARGBInt, RGInt, RInt, BGRA32, RGB111110Float, RG32, RGBAUShort, RG16, BGRA10101010_XR, BGR101010_XR, R16


Log started: Thu, Sep 24, 2026 11:37:09


[LOG 11:37:09.855] ActionCanvas MASK: 3458764513820540928
[LOG 11:37:09.856] AppCanvas MASK: 3458764513820540928
[LOG 11:37:09.857] MainCanvas MASK: 3458764513820540928
[LOG 11:37:18.207] Load(Assembly): /ModuleManager.4.2.3
[LOG 11:37:18.208] AssemblyLoader: Loading assembly at C:\Users\lhervier\Perso\ksp-dev\GameData\ModuleManager.4.2.3.dll
[LOG 11:37:18.226] AssemblyLoader: KSPAssembly 'ModuleManager' V2.5.0
[LOG 11:37:18.226] Load(Assembly): 000_Harmony/0Harmony
[LOG 11:37:18.226] AssemblyLoader: Loading assembly at C:\Users\lhervier\Perso\ksp-dev\GameData\000_Harmony\0Harmony.dll
[LOG 11:37:18.231] Load(Assembly): 000_Harmony/HarmonyInstallChecker
[LOG 11:37:18.231] AssemblyLoader: Loading assembly at C:\Users\lhervier\Perso\ksp-dev\GameData\000_Harmony\HarmonyInstallChecker.dll
[LOG 11:37:18.232] AssemblyLoader: KSPAssembly 'HarmonyKSP' V1.0.0
[LOG 11:37:18.232] Load(Assembly): KSPCommunityFixes/Plugins/0_MultipleModuleInPartAPI
[LOG 11:37:18.232] AssemblyLoader: Loading assembly at C:\Users\lhervier\Perso\ksp-dev\GameData\KSPCommunityFixes\Plugins\0_MultipleModuleInPartAPI.dll
[LOG 11:37:18.233] AssemblyLoader: KSPAssembly 'MultipleModulePartAPI' V1.0.0
[LOG 11:37:18.233] Load(Assembly): KSPCommunityFixes/Plugins/KSPCommunityFixes
[LOG 11:37:18.233] AssemblyLoader: Loading assembly at C:\Users\lhervier\Perso\ksp-dev\GameData\KSPCommunityFixes\Plugins\KSPCommunityFixes.dll
[LOG 11:37:18.241] AssemblyLoader: KSPAssembly 'KSPCommunityFixes' V1.41.1
[LOG 11:37:18.241] AssemblyLoader: KSPAssemblyDependency 'HarmonyKSP' V1.0.0
[LOG 11:37:18.241] AssemblyLoader: KSPAssemblyDependency 'ModuleManager' V1.0.0
[LOG 11:37:18.241] AssemblyLoader: KSPAssemblyDependency 'MultipleModulePartAPI' V1.0.0
[LOG 11:37:18.241] Load(Assembly): Squad/Plugins/KSPSteamCtrlr
[LOG 11:37:18.241] AssemblyLoader: Loading assembly at C:\Users\lhervier\Perso\ksp-dev\GameData\Squad\Plugins\KSPSteamCtrlr.dll
[LOG 11:37:18.242] Load(Assembly): TerrainPrecisionFixDiag2Mod/TerrainPrecisionFixDiag2Mod
[LOG 11:37:18.242] AssemblyLoader: Loading assembly at C:\Users\lhervier\Perso\ksp-dev\GameData\TerrainPrecisionFixDiag2Mod\TerrainPrecisionFixDiag2Mod.dll
[LOG 11:37:18.243] Load(Assembly): TerrainPrecisionFixDiag3Mod/TerrainPrecisionFixDiag3Mod
[LOG 11:37:18.243] AssemblyLoader: Loading assembly at C:\Users\lhervier\Perso\ksp-dev\GameData\TerrainPrecisionFixDiag3Mod\TerrainPrecisionFixDiag3Mod.dll
[LOG 11:37:18.244] Load(Assembly): TerrainPrecisionFixDiagMod/TerrainPrecisionFixDiagMod
[LOG 11:37:18.244] AssemblyLoader: Loading assembly at C:\Users\lhervier\Perso\ksp-dev\GameData\TerrainPrecisionFixDiagMod\TerrainPrecisionFixDiagMod.dll
[LOG 11:37:18.246] AssemblyLoader: Loading assemblies
[LOG 11:37:18.312] VesselModules: Found VesselModule of type AxisGroupsModule with order 999
[LOG 11:37:18.343] VesselModules: Found VesselModule of type CometVessel with order 999
[LOG 11:37:18.345] VesselModules: Found VesselModule of type SuspensionLoadBalancer with order 999
[LOG 11:37:18.346] VesselModules: Found VesselModule of type FlightIntegrator with order 0
[LOG 11:37:18.348] VesselModules: Found VesselModule of type CommNetVessel with order 999
[LOG 11:37:18.350] VesselModules: Found 5 VesselModule types
[LOG 11:37:18.358] 
************************************************************************

Environment Info
Win32NT 7FFFFFFFFFFFFFFF  Args: KSP_x64.exe 

Mod DLLs found:
Stock assembly: Assembly-CSharp v0.0.0.0
ModuleManager v4.2.3.0
0Harmony v2.2.1.0
HarmonyInstallChecker v2.2.1.0
0_MultipleModuleInPartAPI v1.0.0.0 / v1.0.0+7969fdc50bf4e350193abe5ba2e89533b12ca02f
KSPCommunityFixes v1.41.0.0 / v1.41.1+7969fdc50bf4e350193abe5ba2e89533b12ca02f / v1.41.1.0
Stock assembly: KSPSteamCtrlr v0.0.1.35
TerrainPrecisionFixDiag2Mod v1.0.9763.17423
TerrainPrecisionFixDiag3Mod v1.0.9762.16971
TerrainPrecisionFixDiagMod v1.0.9762.27666

Folders and files in GameData:
000_Harmony
KSPCommunityFixes
Stock folder: Squad

Stock folder: SquadExpansion

TerrainPrecisionFixDiag2Mod
TerrainPrecisionFixDiag3Mod
TerrainPrecisionFixDiagMod
ModuleManager.4.2.3.dll
ModuleManager.ConfigCache
ModuleManager.ConfigSHA
ModuleManager.Physics
ModuleManager.TechTree

************************************************************************

[LOG 11:37:18.369] [AddonLoader]: Instantiating addon 'ModuleManager' from assembly 'ModuleManager'
[LOG 11:37:18.377] [ModuleManager] Adding post patch to the loading screen 4
[LOG 11:37:18.379] [ModuleManager] Patching started on a new thread, all output will be directed to C:\Users\lhervier\Perso\ksp-dev\Logs\ModuleManager\ModuleManager.log
[LOG 11:37:18.383] [AddonLoader]: Instantiating addon 'HarmonyInstallChecker' from assembly 'HarmonyKSP'
[LOG 11:37:18.383] [AddonLoader]: Instantiating addon 'KSPCommunityFixes' from assembly 'KSPCommunityFixes'
[LOG 11:37:18.385] [AddonLoader]: Instantiating addon 'NoIVA' from assembly 'KSPCommunityFixes'
[LOG 11:37:18.385] [AddonLoader]: Instantiating addon 'ConfigNodePerf' from assembly 'KSPCommunityFixes'
[LOG 11:37:18.555] [AddonLoader]: Instantiating addon 'KSPCFFastLoader' from assembly 'KSPCommunityFixes'
[LOG 11:37:18.557] [KSPCF] Injecting FastLoader...
[LOG 11:37:18.579] [KSPCommunityFixes] Patch GameDatabasePerf applied.
[LOG 11:37:18.661] [AddonLoader]: Instantiating addon 'ReflectionTypeLoadExceptionHandler' from assembly 'KSPCommunityFixes'
[LOG 11:37:18.663] [AddonLoader]: Instantiating addon 'KSPSteamController' from assembly 'KSPSteamCtrlr'
[LOG 11:37:19.804] [KSPCF] Taking over stock loader. An exception will follow, this is intended.
[EXC 11:37:19.808] Exception: Terminating stock loader coroutine, this is intended and not an error
	KSPCommunityFixes.Performance.KSPCFFastLoader.GameDatabase_SetupMainLoaders_Prefix () (at <62bb7f5420994f409a34377c091e8538>:0)
	(wrapper dynamic-method) GameDatabase.GameDatabase.SetupMainLoaders_Patch1(GameDatabase)
	GameDatabase+<LoadObjects>d__90.MoveNext () (at <4b449f2841f84227adfaad3149c8fdba>:0)
	UnityEngine.SetupCoroutine.InvokeMoveNext (System.Collections.IEnumerator enumerator, System.IntPtr returnValueAddress) (at <12e76cd50cc64cf19e759e981cb725af>:0)
	UnityEngine.DebugLogHandler:LogException(Exception, Object)
	ModuleManager.UnityLogHandle.InterceptLogHandler:LogException(Exception, Object)
	UnityEngine.MonoBehaviour:StartCoroutine(IEnumerator)
	<CreateDatabase>d__71:MoveNext()
	UnityEngine.MonoBehaviour:StartCoroutine(IEnumerator)
	GameDatabase:StartLoad()
	<LoadSystems>d__11:MoveNext()
	UnityEngine.MonoBehaviour:StartCoroutine(IEnumerator)
	LoadingScreen:Start()
[LOG 11:37:19.970] Preloading Asset Bundle Definitions
[LOG 11:37:21.528] Load Audio: Squad/Alarms/Sounds/Chirps
[LOG 11:37:21.541] Load Audio: Squad/Alarms/Sounds/Classic
[LOG 11:37:21.541] Load Audio: Squad/Alarms/Sounds/ClockTower
[LOG 11:37:21.541] Load Audio: Squad/Alarms/Sounds/ComputerGlass1
[LOG 11:37:21.541] Load Audio: Squad/Alarms/Sounds/ComputerGlass2
[LOG 11:37:21.541] Load Audio: Squad/Alarms/Sounds/ComputerShort
[LOG 11:37:21.541] Load Audio: Squad/Alarms/Sounds/ComputerTriad
[LOG 11:37:21.542] Load Audio: Squad/Alarms/Sounds/DoorBell
[LOG 11:37:21.542] Load Audio: Squad/Alarms/Sounds/Glass
[LOG 11:37:21.542] Load Audio: Squad/Alarms/Sounds/Klaxon
[LOG 11:37:21.542] Load Audio: Squad/Alarms/Sounds/Mobile
[LOG 11:37:21.542] Load Audio: Squad/Alarms/Sounds/Morning
[LOG 11:37:21.543] Load Audio: Squad/Alarms/Sounds/OldClock
[LOG 11:37:21.543] Load Audio: Squad/Alarms/Sounds/OldHorn
[LOG 11:37:21.543] Load Audio: Squad/Alarms/Sounds/Ripple
[LOG 11:37:21.543] Load Audio: Squad/Sounds/editorLoop01
[LOG 11:37:21.543] Load Audio: Squad/Sounds/elev_loop
[LOG 11:37:21.543] Load Audio: Squad/Sounds/elev_start
[LOG 11:37:21.545] Load Audio: Squad/Sounds/elev_stop
[LOG 11:37:21.545] Load Audio: Squad/Sounds/fireworks_explosion_2
[LOG 11:37:21.545] Load Audio: Squad/Sounds/fireworks_explosion_3
[LOG 11:37:21.545] Load Audio: Squad/Sounds/fireworks_explosion_4
[LOG 11:37:21.545] Load Audio: Squad/Sounds/fireworks_launch_boom
[LOG 11:37:21.545] Load Audio: Squad/Sounds/fireworks_only_crackle_crackle_1
[LOG 11:37:21.546] Load Audio: Squad/Sounds/fireworks_only_crackle_dragon_1
[LOG 11:37:21.684] Load Audio: Squad/Sounds/fireworks_only_crackle_palm_1
[LOG 11:37:21.684] Load Audio: Squad/Sounds/fireworks_whistle
[LOG 11:37:21.684] Load Audio: Squad/Sounds/ksp1_banana_V2_01
[LOG 11:37:21.685] Load Audio: Squad/Sounds/ksp1_banana_V2_04
[LOG 11:37:21.685] Load Audio: Squad/Sounds/ksp1_banana_V2_05
[LOG 11:37:21.685] Load Audio: Squad/Sounds/ksp1_golf_swing_normal
[LOG 11:37:21.685] Load Audio: Squad/Sounds/ksp1_ground_anchor_v2_1
[LOG 11:37:21.685] Load Audio: Squad/Sounds/ksp1_strunts_disconnect_v3_pitched2
[LOG 11:37:21.685] Load Audio: Squad/Sounds/repairKit_repair1
[LOG 11:37:21.687] Load Audio: Squad/Sounds/repairKit_repair2
[LOG 11:37:21.687] Load Audio: Squad/Sounds/sound_ambience_nature
[LOG 11:37:21.687] Load Audio: Squad/Sounds/sound_click_flick
[LOG 11:37:21.687] Load Audio: Squad/Sounds/sound_click_latch
[LOG 11:37:21.687] Load Audio: Squad/Sounds/sound_click_sharp
[LOG 11:37:21.687] Load Audio: Squad/Sounds/sound_click_tick
[LOG 11:37:21.688] Load Audio: Squad/Sounds/sound_click_tock
[LOG 11:37:21.688] Load Audio: Squad/Sounds/sound_decoupler_fire
[LOG 11:37:21.688] Load Audio: Squad/Sounds/sound_delete_bin
[LOG 11:37:21.688] Load Audio: Squad/Sounds/sound_explosion_debris1
[LOG 11:37:21.688] Load Audio: Squad/Sounds/sound_explosion_debris2
[LOG 11:37:21.689] Load Audio: Squad/Sounds/sound_explosion_large
[LOG 11:37:21.689] Load Audio: Squad/Sounds/sound_rocket_mini
[LOG 11:37:21.689] Load Audio: Squad/Sounds/sound_rocket_spurts
[LOG 11:37:21.689] Load Audio: Squad/Sounds/sound_servomotor
[LOG 11:37:21.689] Load Audio: Squad/Sounds/sound_tab_extend
[LOG 11:37:21.731] Load Audio: Squad/Sounds/sound_tab_retreat
[LOG 11:37:21.731] Load Audio: SquadExpansion/Serenity/Sounds/robo_arm_large_end
[LOG 11:37:21.732] Load Audio: SquadExpansion/Serenity/Sounds/robo_arm_large_motor_00
[LOG 11:37:21.732] Load Audio: SquadExpansion/Serenity/Sounds/robo_arm_large_scan
[LOG 11:37:21.732] Load Audio: SquadExpansion/Serenity/Sounds/robo_arm_large_start
[LOG 11:37:21.732] Load Audio: SquadExpansion/Serenity/Sounds/robo_arm_medium_end
[LOG 11:37:21.732] Load Audio: SquadExpansion/Serenity/Sounds/robo_arm_medium_motor_00
[LOG 11:37:21.732] Load Audio: SquadExpansion/Serenity/Sounds/robo_arm_medium_scan
[LOG 11:37:21.732] Load Audio: SquadExpansion/Serenity/Sounds/robo_arm_medium_start
[LOG 11:37:21.732] Load Audio: SquadExpansion/Serenity/Sounds/robo_arm_small_end
[LOG 11:37:21.734] Load Audio: SquadExpansion/Serenity/Sounds/robo_arm_small_motor_00
[LOG 11:37:21.737] Load Audio: SquadExpansion/Serenity/Sounds/robo_arm_small_scan
[LOG 11:37:21.738] Load Audio: SquadExpansion/Serenity/Sounds/robo_arm_small_start
[LOG 11:37:21.738] Load Audio: SquadExpansion/Serenity/Sounds/sfx_cryoVolcano_burst
[LOG 11:37:21.738] Load Audio: SquadExpansion/Serenity/Sounds/sfx_cryoVolcano_idle
[LOG 11:37:21.738] Load Audio: SquadExpansion/Serenity/Sounds/sfx_deployable_booster_antena_end
[LOG 11:37:21.738] Load Audio: SquadExpansion/Serenity/Sounds/sfx_deployable_booster_antena_start
[LOG 11:37:21.739] Load Audio: SquadExpansion/Serenity/Sounds/sfx_deployable_central_station_end
[LOG 11:37:21.739] Load Audio: SquadExpansion/Serenity/Sounds/sfx_deployable_central_station_loop
[LOG 11:37:21.739] Load Audio: SquadExpansion/Serenity/Sounds/sfx_deployable_central_station_start
[LOG 11:37:21.739] Load Audio: SquadExpansion/Serenity/Sounds/sfx_deployable_detector_end
[LOG 11:37:21.739] Load Audio: SquadExpansion/Serenity/Sounds/sfx_deployable_detector_start
[LOG 11:37:21.739] Load Audio: SquadExpansion/Serenity/Sounds/sfx_deployable_GoObEd_end
[LOG 11:37:21.739] Load Audio: SquadExpansion/Serenity/Sounds/sfx_deployable_GoObEd_loop
[LOG 11:37:21.739] Load Audio: SquadExpansion/Serenity/Sounds/sfx_deployable_GoObEd_start
[LOG 11:37:21.782] Load Audio: SquadExpansion/Serenity/Sounds/sfx_deployable_rtg_end
[LOG 11:37:21.783] Load Audio: SquadExpansion/Serenity/Sounds/sfx_deployable_rtg_start
[LOG 11:37:21.783] Load Audio: SquadExpansion/Serenity/Sounds/sfx_deployable_seismometer_end
[LOG 11:37:21.783] Load Audio: SquadExpansion/Serenity/Sounds/sfx_deployable_seismometer_start
[LOG 11:37:21.783] Load Audio: SquadExpansion/Serenity/Sounds/sfx_deployable_solar_panel_end
[LOG 11:37:21.783] Load Audio: SquadExpansion/Serenity/Sounds/sfx_deployable_solar_panel_start
[LOG 11:37:21.783] Load Audio: SquadExpansion/Serenity/Sounds/sfx_deployable_weather_station_end
[LOG 11:37:21.784] Load Audio: SquadExpansion/Serenity/Sounds/sfx_deployable_weather_station_loop
[LOG 11:37:21.784] Load Audio: SquadExpansion/Serenity/Sounds/sfx_deployable_weather_station_start
[LOG 11:37:21.784] Load Audio: SquadExpansion/Serenity/Sounds/sfx_geyser_burst
[LOG 11:37:21.784] Load Audio: SquadExpansion/Serenity/Sounds/sfx_geyser_idle
[LOG 11:37:21.851] Load DDS texture: KSPCommunityFixes/MMPatches/StockTweaks/Icons/Clamp-O-Tron
[LOG 11:37:21.854] Load TRUECOLOR texture: KSPCommunityFixes/MMPatches/StockTweaks/Icons/Clamp-O-Tron_scaled
[LOG 11:37:21.858] Load DDS texture: KSPCommunityFixes/MMPatches/StockTweaks/Icons/FreeFallParachutes
[LOG 11:37:21.859] Load TRUECOLOR texture: KSPCommunityFixes/MMPatches/StockTweaks/Icons/FreeFallParachutes_scaled
[LOG 11:37:21.865] Load DDS texture: KSPCommunityFixes/MMPatches/StockTweaks/Icons/LightYearTireCompany
[LOG 11:37:21.866] Load TRUECOLOR texture: KSPCommunityFixes/MMPatches/StockTweaks/Icons/LightYearTireCompany_scaled
[LOG 11:37:21.871] Load DDS texture: KSPCommunityFixes/MMPatches/StockTweaks/Icons/StratusCorporation
[LOG 11:37:21.872] Load TRUECOLOR texture: KSPCommunityFixes/MMPatches/StockTweaks/Icons/StratusCorporation_scaled
[LOG 11:37:21.880] Load DDS texture: Squad/Agencies/C7AerospaceDivision
[LOG 11:37:21.880] Load TRUECOLOR texture: Squad/Agencies/C7AerospaceDivision_scaled
[LOG 11:37:21.887] Load DDS texture: Squad/Agencies/DinkelsteinKermansConstructionEmporium
[LOG 11:37:21.887] Load TRUECOLOR texture: Squad/Agencies/DinkelsteinKermansConstructionEmporium_scaled
[LOG 11:37:21.894] Load DDS texture: Squad/Agencies/ExperimentalEngineering
[LOG 11:37:21.894] Load TRUECOLOR texture: Squad/Agencies/ExperimentalEngineering_scaled
[LOG 11:37:21.900] Load DDS texture: Squad/Agencies/FlooydResearchLab
[LOG 11:37:21.900] Load TRUECOLOR texture: Squad/Agencies/FlooydResearchLab_scaled
[LOG 11:37:21.907] Load DDS texture: Squad/Agencies/GoliathNationalProducts
[LOG 11:37:21.908] Load TRUECOLOR texture: Squad/Agencies/GoliathNationalProducts_scaled
[LOG 11:37:21.913] Load DDS texture: Squad/Agencies/IntegratedIntegrals
[LOG 11:37:21.914] Load TRUECOLOR texture: Squad/Agencies/IntegratedIntegrals_scaled
[LOG 11:37:21.919] Load DDS texture: Squad/Agencies/IonicSymphonicProtonicElectronics
[LOG 11:37:21.920] Load TRUECOLOR texture: Squad/Agencies/IonicSymphonicProtonicElectronics_scaled
[LOG 11:37:21.928] Load DDS texture: Squad/Agencies/JebsJunkyard
[LOG 11:37:21.928] Load TRUECOLOR texture: Squad/Agencies/JebsJunkyard_scaled
[LOG 11:37:21.937] Load DDS texture: Squad/Agencies/KerbalMotion
[LOG 11:37:21.937] Load TRUECOLOR texture: Squad/Agencies/KerbalMotion_scaled
[LOG 11:37:21.944] Load DDS texture: Squad/Agencies/KerbinWorldFirstRecordKeepingSociety
[LOG 11:37:21.945] Load TRUECOLOR texture: Squad/Agencies/KerbinWorldFirstRecordKeepingSociety_scaled
[LOG 11:37:21.951] Load DDS texture: Squad/Agencies/Kerbodyne
[LOG 11:37:21.952] Load TRUECOLOR texture: Squad/Agencies/Kerbodyne_scaled
[LOG 11:37:21.958] Load DDS texture: Squad/Agencies/Kerlington
[LOG 11:37:21.958] Load TRUECOLOR texture: Squad/Agencies/Kerlington_scaled
[LOG 11:37:21.965] Load DDS texture: Squad/Agencies/MaxoConstructionToys
[LOG 11:37:21.965] Load TRUECOLOR texture: Squad/Agencies/MaxoConstructionToys_scaled
[LOG 11:37:21.974] Load DDS texture: Squad/Agencies/MovingPartsExpertsGroup
[LOG 11:37:21.974] Load TRUECOLOR texture: Squad/Agencies/MovingPartsExpertsGroup_scaled
[LOG 11:37:21.980] Load DDS texture: Squad/Agencies/OMBDemolition
[LOG 11:37:21.980] Load TRUECOLOR texture: Squad/Agencies/OMBDemolition_scaled
[LOG 11:37:21.990] Load DDS texture: Squad/Agencies/PeriapsisCo
[LOG 11:37:21.991] Load TRUECOLOR texture: Squad/Agencies/PeriapsisCo_scaled
[LOG 11:37:21.998] Load DDS texture: Squad/Agencies/Probodobodyne
[LOG 11:37:21.998] Load TRUECOLOR texture: Squad/Agencies/Probodobodyne_scaled
[LOG 11:37:22.005] Load DDS texture: Squad/Agencies/R&D
[LOG 11:37:22.005] Load TRUECOLOR texture: Squad/Agencies/R&D_scaled
[LOG 11:37:22.012] Load DDS texture: Squad/Agencies/ReactionSystemsLtd
[LOG 11:37:22.012] Load TRUECOLOR texture: Squad/Agencies/ReactionSystemsLtd_scaled
[LOG 11:37:22.018] Load DDS texture: Squad/Agencies/Rockomax
[LOG 11:37:22.019] Load TRUECOLOR texture: Squad/Agencies/Rockomax_scaled
[LOG 11:37:22.026] Load DDS texture: Squad/Agencies/Rokea
[LOG 11:37:22.026] Load TRUECOLOR texture: Squad/Agencies/Rokea_scaled
[LOG 11:37:22.032] Load DDS texture: Squad/Agencies/SeansCannery
[LOG 11:37:22.032] Load TRUECOLOR texture: Squad/Agencies/SeansCannery_scaled
[LOG 11:37:22.038] Load DDS texture: Squad/Agencies/SteadlerEngineeringCorps
[LOG 11:37:22.039] Load TRUECOLOR texture: Squad/Agencies/SteadlerEngineeringCorps_scaled
[LOG 11:37:22.045] Load DDS texture: Squad/Agencies/StrutCo
[LOG 11:37:22.046] Load TRUECOLOR texture: Squad/Agencies/StrutCo_scaled
[LOG 11:37:22.053] Load DDS texture: Squad/Agencies/Vac-Co
[LOG 11:37:22.054] Load TRUECOLOR texture: Squad/Agencies/Vac-Co_scaled
[LOG 11:37:22.059] Load DDS texture: Squad/Agencies/WinterOwl
[LOG 11:37:22.060] Load TRUECOLOR texture: Squad/Agencies/WinterOwl_scaled
[LOG 11:37:22.067] Load DDS texture: Squad/Agencies/ZaltonicElectronics
[LOG 11:37:22.067] Load TRUECOLOR texture: Squad/Agencies/ZaltonicElectronics_scaled
[LOG 11:37:22.073] Load Cached PNG Texture: Squad/Alarms/Icons/ap
[LOG 11:37:22.079] Load Cached PNG Texture: Squad/Alarms/Icons/default
[LOG 11:37:22.085] Load Cached PNG Texture: Squad/Alarms/Icons/maneuver
[LOG 11:37:22.091] Load Cached PNG Texture: Squad/Alarms/Icons/pe
[LOG 11:37:22.097] Load Cached PNG Texture: Squad/Alarms/Icons/raw
[LOG 11:37:22.104] Load Cached PNG Texture: Squad/Alarms/Icons/soi
[LOG 11:37:22.111] Load Cached PNG Texture: Squad/Alarms/Icons/xfer
[LOG 11:37:22.115] Load DDS texture: Squad/Contracts/Icons/balloon
[LOG 11:37:22.121] Load DDS texture: Squad/Contracts/Icons/custom
[LOG 11:37:22.126] Load DDS texture: Squad/Contracts/Icons/default
[LOG 11:37:22.131] Load DDS texture: Squad/Contracts/Icons/dish
[LOG 11:37:22.136] Load DDS texture: Squad/Contracts/Icons/eva
[LOG 11:37:22.142] Load DDS texture: Squad/Contracts/Icons/gravity
[LOG 11:37:22.148] Load Cached PNG Texture: Squad/Contracts/Icons/ksc
[LOG 11:37:22.152] Load DDS texture: Squad/Contracts/Icons/launchsite
[LOG 11:37:22.157] Load DDS texture: Squad/Contracts/Icons/marker
[LOG 11:37:22.163] Load DDS texture: Squad/Contracts/Icons/pressure
[LOG 11:37:22.169] Load DDS texture: Squad/Contracts/Icons/report
[LOG 11:37:22.174] Load DDS texture: Squad/Contracts/Icons/runway
[LOG 11:37:22.180] Load DDS texture: Squad/Contracts/Icons/sample
[LOG 11:37:22.186] Load DDS texture: Squad/Contracts/Icons/seismic
[LOG 11:37:22.190] Load DDS texture: Squad/Contracts/Icons/thermometer
[LOG 11:37:22.197] Load DDS texture: Squad/Contracts/Icons/vessel
[LOG 11:37:22.202] Load Cached PNG Texture: Squad/Flags/09
[LOG 11:37:22.209] Load Cached PNG Texture: Squad/Flags/blorbs
[LOG 11:37:22.215] Load Cached PNG Texture: Squad/Flags/bullseye
[LOG 11:37:22.221] Load Cached PNG Texture: Squad/Flags/capsule
[LOG 11:37:22.226] Load Cached PNG Texture: Squad/Flags/circles
[LOG 11:37:22.235] Load Cached PNG Texture: Squad/Flags/default
[LOG 11:37:22.242] Load Cached PNG Texture: Squad/Flags/hexagon
[LOG 11:37:22.248] Load Cached PNG Texture: Squad/Flags/hexagonCircles
[LOG 11:37:22.254] Load Cached PNG Texture: Squad/Flags/kerbal1
[LOG 11:37:22.260] Load Cached PNG Texture: Squad/Flags/kerbal2
[LOG 11:37:22.265] Load Cached PNG Texture: Squad/Flags/kerbin
[LOG 11:37:22.272] Load Cached PNG Texture: Squad/Flags/kerbinmunflag
[LOG 11:37:22.280] Load Cached PNG Texture: Squad/Flags/line
[LOG 11:37:22.285] Load Cached PNG Texture: Squad/Flags/minimalistic
[LOG 11:37:22.293] Load Cached PNG Texture: Squad/Flags/orbit
[LOG 11:37:22.300] Load Cached PNG Texture: Squad/Flags/orbs
[LOG 11:37:22.305] Load Cached PNG Texture: Squad/Flags/retro
[LOG 11:37:22.313] Load Cached PNG Texture: Squad/Flags/rings
[LOG 11:37:22.320] Load Cached PNG Texture: Squad/Flags/rocketScience
[LOG 11:37:22.326] Load Cached PNG Texture: Squad/Flags/satellite
[LOG 11:37:22.332] Load Cached PNG Texture: Squad/Flags/Sentinel_Flag
[LOG 11:37:22.338] Load Cached PNG Texture: Squad/Flags/spheres
[LOG 11:37:22.344] Load Cached PNG Texture: Squad/Flags/squadLogo
[LOG 11:37:22.350] Load Cached PNG Texture: Squad/Flags/squadLogo2
[LOG 11:37:22.356] Load Cached PNG Texture: Squad/Flags/stripes
[LOG 11:37:22.362] Load Cached PNG Texture: Squad/Flags/trees
[LOG 11:37:22.370] Load Cached PNG Texture: Squad/Flags/trippy
[LOG 11:37:22.377] Load Cached PNG Texture: Squad/FlagsAgency/esa_dark_blue
[LOG 11:37:22.383] Load Cached PNG Texture: Squad/FlagsAgency/NASA
[LOG 11:37:22.390] Load Cached PNG Texture: Squad/FlagsAgency/uk_space_agency
[LOG 11:37:22.395] Load Cached PNG Texture: Squad/FlagsOrganization/B612_Foundation_flag
[LOG 11:37:22.402] Load Cached PNG Texture: Squad/FlagsOrganization/electron
[LOG 11:37:22.408] Load Cached PNG Texture: Squad/FlagsOrganization/ESA_Arianespace
[LOG 11:37:22.414] Load Cached PNG Texture: Squad/FlagsOrganization/rocketlab
[LOG 11:37:22.422] Load DDS texture: Squad/FX/DiamondBlue
[LOG 11:37:22.430] Load DDS texture: Squad/FX/FlameBlueOrange
[LOG 11:37:22.438] Load DDS texture: Squad/FX/FlamePurple
[LOG 11:37:22.445] Load DDS texture: Squad/FX/FlameRed
[LOG 11:37:22.452] Load DDS texture: Squad/FX/FlameRedOrange
[LOG 11:37:22.458] Load DDS texture: Squad/FX/Monoprop
[LOG 11:37:22.466] Load DDS texture: Squad/FX/plasma2
[LOG 11:37:22.474] Load DDS texture: Squad/FX/rocketplume2
[LOG 11:37:22.481] Load DDS texture: Squad/FX/shockDiamond2
[LOG 11:37:22.486] Load DDS texture: Squad/FX/smokepuff1
[LOG 11:37:22.495] Load DDS texture: Squad/Interiors/Administration/AdminBuilding_Lvl1
[LOG 11:37:22.504] Load DDS texture: Squad/Interiors/Administration/AdminBuilding_Lvl2
[LOG 11:37:22.519] Load DDS texture: Squad/Interiors/Administration/AdminBuilding_Lvl3
[LOG 11:37:22.526] Load DDS texture: Squad/MenuProps/MunOrBust
[LOG 11:37:22.533] Load Cached PNG Texture: Squad/Missions/Banners/Fail/default
[LOG 11:37:22.535] Load PNG texture: Squad/Missions/Banners/Menu/default
[WRN 11:37:22.539] Texture isn't eligible for DXT compression, width and height must be multiples of 4
[LOG 11:37:22.545] Load Cached PNG Texture: Squad/Missions/Banners/Success/default
[LOG 11:37:22.545] Load PNG texture: Squad/Missions/ESA-BepiColombo/Banners/Fail/ESA_MB_Fail_01
[WRN 11:37:22.549] Texture isn't eligible for DXT compression, width and height must be multiples of 4
[LOG 11:37:22.549] Load PNG texture: Squad/Missions/ESA-BepiColombo/Banners/Menu/ESA_MB_Select_01
[WRN 11:37:22.553] Texture isn't eligible for DXT compression, width and height must be multiples of 4
[LOG 11:37:22.553] Load PNG texture: Squad/Missions/ESA-BepiColombo/Banners/Success/ESA_MB_Success_01
[WRN 11:37:22.557] Texture isn't eligible for DXT compression, width and height must be multiples of 4
[LOG 11:37:22.557] Load PNG texture: Squad/Missions/ESA-BepiColombo-Short/Banners/Fail/ESA_MB_Fail_01
[WRN 11:37:22.560] Texture isn't eligible for DXT compression, width and height must be multiples of 4
[LOG 11:37:22.560] Load PNG texture: Squad/Missions/ESA-BepiColombo-Short/Banners/Menu/ESA_MB_Select_01
[WRN 11:37:22.563] Texture isn't eligible for DXT compression, width and height must be multiples of 4
[LOG 11:37:22.563] Load PNG texture: Squad/Missions/ESA-BepiColombo-Short/Banners/Success/ESA_MB_Success_01
[WRN 11:37:22.567] Texture isn't eligible for DXT compression, width and height must be multiples of 4
[LOG 11:37:22.568] Load PNG texture: Squad/Missions/ESA-Rosetta/Banners/Fail/ESA_MB_Fail_02
[WRN 11:37:22.572] Texture isn't eligible for DXT compression, width and height must be multiples of 4
[LOG 11:37:22.572] Load PNG texture: Squad/Missions/ESA-Rosetta/Banners/Menu/ESA_MB_Select_02
[WRN 11:37:22.575] Texture isn't eligible for DXT compression, width and height must be multiples of 4
[LOG 11:37:22.575] Load PNG texture: Squad/Missions/ESA-Rosetta/Banners/Success/ESA_MB_Success_02
[WRN 11:37:22.579] Texture isn't eligible for DXT compression, width and height must be multiples of 4
[LOG 11:37:22.579] Load Cached PNG Texture: Squad/PartList/SimpleIcons/ablator
[LOG 11:37:22.579] Load Cached PNG Texture: Squad/PartList/SimpleIcons/active_radiator
[LOG 11:37:22.579] Load Cached PNG Texture: Squad/PartList/SimpleIcons/asteroid_drill
[LOG 11:37:22.579] Load Cached PNG Texture: Squad/PartList/SimpleIcons/cargo_part
[LOG 11:37:22.583] Load Cached PNG Texture: Squad/PartList/SimpleIcons/comet_drill
[LOG 11:37:22.589] Load Cached PNG Texture: Squad/PartList/SimpleIcons/core_heat
[LOG 11:37:22.594] Load Cached PNG Texture: Squad/PartList/SimpleIcons/cs_main
[LOG 11:37:22.600] Load Cached PNG Texture: Squad/PartList/SimpleIcons/cs_mk2
[LOG 11:37:22.606] Load Cached PNG Texture: Squad/PartList/SimpleIcons/cs_mk3
[LOG 11:37:22.616] Load Cached PNG Texture: Squad/PartList/SimpleIcons/cs_size0
[LOG 11:37:22.622] Load Cached PNG Texture: Squad/PartList/SimpleIcons/cs_size1
[LOG 11:37:22.629] Load Cached PNG Texture: Squad/PartList/SimpleIcons/cs_size1p5
[LOG 11:37:22.636] Load Cached PNG Texture: Squad/PartList/SimpleIcons/cs_size2
[LOG 11:37:22.641] Load Cached PNG Texture: Squad/PartList/SimpleIcons/cs_size3
[LOG 11:37:22.646] Load Cached PNG Texture: Squad/PartList/SimpleIcons/cs_size4
[LOG 11:37:22.651] Load Cached PNG Texture: Squad/PartList/SimpleIcons/cs_surface
[LOG 11:37:22.657] Load Cached PNG Texture: Squad/PartList/SimpleIcons/custom_built_fairing
[LOG 11:37:22.662] Load Cached PNG Texture: Squad/PartList/SimpleIcons/deployable_antenna
[LOG 11:37:22.666] Load Cached PNG Texture: Squad/PartList/SimpleIcons/deployable_comms_part
[LOG 11:37:22.672] Load Cached PNG Texture: Squad/PartList/SimpleIcons/deployable_ground_part
[LOG 11:37:22.678] Load Cached PNG Texture: Squad/PartList/SimpleIcons/deployable_part
[LOG 11:37:22.683] Load Cached PNG Texture: Squad/PartList/SimpleIcons/deployable_radiator
[LOG 11:37:22.688] Load Cached PNG Texture: Squad/PartList/SimpleIcons/deployed_science_control_unit
[LOG 11:37:22.694] Load Cached PNG Texture: Squad/PartList/SimpleIcons/deployed_science_experiment
[LOG 11:37:22.699] Load Cached PNG Texture: Squad/PartList/SimpleIcons/deployed_science_part
[LOG 11:37:22.704] Load Cached PNG Texture: Squad/PartList/SimpleIcons/enviro_sensor
[LOG 11:37:22.710] Load Cached PNG Texture: Squad/PartList/SimpleIcons/experience_management
[LOG 11:37:22.715] Load Cached PNG Texture: Squad/PartList/SimpleIcons/fuels_monopropellant
[LOG 11:37:22.721] Load Cached PNG Texture: Squad/PartList/SimpleIcons/fuels_ore
[LOG 11:37:22.727] Load Cached PNG Texture: Squad/PartList/SimpleIcons/fuels_oxidizer
[LOG 11:37:22.733] Load Cached PNG Texture: Squad/PartList/SimpleIcons/fuels_solidfuel
[LOG 11:37:22.738] Load Cached PNG Texture: Squad/PartList/SimpleIcons/fuels_xenongas
[LOG 11:37:22.744] Load Cached PNG Texture: Squad/PartList/SimpleIcons/inventory_part
[LOG 11:37:22.749] Load Cached PNG Texture: Squad/PartList/SimpleIcons/kerbnet_access
[LOG 11:37:22.755] Load Cached PNG Texture: Squad/PartList/SimpleIcons/number1
[LOG 11:37:22.761] Load Cached PNG Texture: Squad/PartList/SimpleIcons/number2
[LOG 11:37:22.766] Load Cached PNG Texture: Squad/PartList/SimpleIcons/number3
[LOG 11:37:22.773] Load Cached PNG Texture: Squad/PartList/SimpleIcons/number4
[LOG 11:37:22.778] Load Cached PNG Texture: Squad/PartList/SimpleIcons/number5
[LOG 11:37:22.784] Load Cached PNG Texture: Squad/PartList/SimpleIcons/number6
[LOG 11:37:22.790] Load Cached PNG Texture: Squad/PartList/SimpleIcons/number7
[LOG 11:37:22.795] Load Cached PNG Texture: Squad/PartList/SimpleIcons/number8
[LOG 11:37:22.805] Load Cached PNG Texture: Squad/PartList/SimpleIcons/number9
[LOG 11:37:22.810] Load Cached PNG Texture: Squad/PartList/SimpleIcons/probe_control_unit
[LOG 11:37:22.815] Load Cached PNG Texture: Squad/PartList/SimpleIcons/R&D_node_icon_advaerodynamics
[LOG 11:37:22.820] Load Cached PNG Texture: Squad/PartList/SimpleIcons/R&D_node_icon_advancedmotors
[LOG 11:37:22.827] Load Cached PNG Texture: Squad/PartList/SimpleIcons/R&D_node_icon_advconstruction
[LOG 11:37:22.832] Load Cached PNG Texture: Squad/PartList/SimpleIcons/R&D_node_icon_advelectrics
[LOG 11:37:22.838] Load Cached PNG Texture: Squad/PartList/SimpleIcons/R&D_node_icon_advexploration
[LOG 11:37:22.844] Load Cached PNG Texture: Squad/PartList/SimpleIcons/R&D_node_icon_advflightcontrol
[LOG 11:37:22.849] Load Cached PNG Texture: Squad/PartList/SimpleIcons/R&D_node_icon_advlanding
[LOG 11:37:22.855] Load Cached PNG Texture: Squad/PartList/SimpleIcons/R&D_node_icon_advmetalworks
[LOG 11:37:22.861] Load Cached PNG Texture: Squad/PartList/SimpleIcons/R&D_node_icon_advrocketry
[LOG 11:37:22.866] Load Cached PNG Texture: Squad/PartList/SimpleIcons/R&D_node_icon_advsciencetech
[LOG 11:37:22.871] Load Cached PNG Texture: Squad/PartList/SimpleIcons/R&D_node_icon_advunmanned
[LOG 11:37:22.878] Load Cached PNG Texture: Squad/PartList/SimpleIcons/R&D_node_icon_aerodynamicsystems
[LOG 11:37:22.883] Load Cached PNG Texture: Squad/PartList/SimpleIcons/R&D_node_icon_aerospacetech
[LOG 11:37:22.888] Load Cached PNG Texture: Squad/PartList/SimpleIcons/R&D_node_icon_automation
[LOG 11:37:22.894] Load Cached PNG Texture: Squad/PartList/SimpleIcons/R&D_node_icon_basicprobes
[LOG 11:37:22.900] Load Cached PNG Texture: Squad/PartList/SimpleIcons/R&D_node_icon_basicrocketry
[LOG 11:37:22.905] Load Cached PNG Texture: Squad/PartList/SimpleIcons/R&D_node_icon_composites
[LOG 11:37:22.910] Load Cached PNG Texture: Squad/PartList/SimpleIcons/R&D_node_icon_electrics
[LOG 11:37:22.915] Load Cached PNG Texture: Squad/PartList/SimpleIcons/R&D_node_icon_electronics
[LOG 11:37:22.921] Load Cached PNG Texture: Squad/PartList/SimpleIcons/R&D_node_icon_evatech
[LOG 11:37:22.926] Load Cached PNG Texture: Squad/PartList/SimpleIcons/R&D_node_icon_experimentalaerodynamics
[LOG 11:37:22.931] Load Cached PNG Texture: Squad/PartList/SimpleIcons/R&D_node_icon_experimentalelectrics
[LOG 11:37:22.938] Load Cached PNG Texture: Squad/PartList/SimpleIcons/R&D_node_icon_experimentalmotors
[LOG 11:37:22.945] Load Cached PNG Texture: Squad/PartList/SimpleIcons/R&D_node_icon_experimentalrocketry
[LOG 11:37:22.950] Load Cached PNG Texture: Squad/PartList/SimpleIcons/R&D_node_icon_experimentalscience
[LOG 11:37:22.957] Load Cached PNG Texture: Squad/PartList/SimpleIcons/R&D_node_icon_fieldscience
[LOG 11:37:22.962] Load Cached PNG Texture: Squad/PartList/SimpleIcons/R&D_node_icon_flightcontrol
[LOG 11:37:22.967] Load Cached PNG Texture: Squad/PartList/SimpleIcons/R&D_node_icon_fuelsystems
[LOG 11:37:22.975] Load Cached PNG Texture: Squad/PartList/SimpleIcons/R&D_node_icon_generalconstruction
[LOG 11:37:22.981] Load Cached PNG Texture: Squad/PartList/SimpleIcons/R&D_node_icon_generalrocketry
[LOG 11:37:22.987] Load Cached PNG Texture: Squad/PartList/SimpleIcons/R&D_node_icon_generic
[LOG 11:37:22.993] Load Cached PNG Texture: Squad/PartList/SimpleIcons/R&D_node_icon_heavierrocketry
[LOG 11:37:22.998] Load Cached PNG Texture: Squad/PartList/SimpleIcons/R&D_node_icon_heavyaerodynamics
[LOG 11:37:23.004] Load Cached PNG Texture: Squad/PartList/SimpleIcons/R&D_node_icon_heavyrocketry
[LOG 11:37:23.009] Load Cached PNG Texture: Squad/PartList/SimpleIcons/R&D_node_icon_highaltitudeflight
[LOG 11:37:23.015] Load Cached PNG Texture: Squad/PartList/SimpleIcons/R&D_node_icon_highaltitudepropulsion
[LOG 11:37:23.020] Load Cached PNG Texture: Squad/PartList/SimpleIcons/R&D_node_icon_hypersonicflight
[LOG 11:37:23.026] Load Cached PNG Texture: Squad/PartList/SimpleIcons/R&D_node_icon_ionpropulsion
[LOG 11:37:23.031] Load Cached PNG Texture: Squad/PartList/SimpleIcons/R&D_node_icon_landing
[LOG 11:37:23.036] Load Cached PNG Texture: Squad/PartList/SimpleIcons/R&D_node_icon_largecontrol
[LOG 11:37:23.042] Load Cached PNG Texture: Squad/PartList/SimpleIcons/R&D_node_icon_largeelectrics
[LOG 11:37:23.048] Load Cached PNG Texture: Squad/PartList/SimpleIcons/R&D_node_icon_largeprobes
[LOG 11:37:23.052] Load Cached PNG Texture: Squad/PartList/SimpleIcons/R&D_node_icon_metamaterials
[LOG 11:37:23.058] Load Cached PNG Texture: Squad/PartList/SimpleIcons/R&D_node_icon_nanolathing
[LOG 11:37:23.064] Load Cached PNG Texture: Squad/PartList/SimpleIcons/R&D_node_icon_nuclearpropulsion
[LOG 11:37:23.069] Load Cached PNG Texture: Squad/PartList/SimpleIcons/R&D_node_icon_precisionengineering
[LOG 11:37:23.075] Load Cached PNG Texture: Squad/PartList/SimpleIcons/R&D_node_icon_robotics
[LOG 11:37:23.080] Load Cached PNG Texture: Squad/PartList/SimpleIcons/R&D_node_icon_sciencetech
[LOG 11:37:23.087] Load Cached PNG Texture: Squad/PartList/SimpleIcons/R&D_node_icon_specializedconstruction
[LOG 11:37:23.092] Load Cached PNG Texture: Squad/PartList/SimpleIcons/R&D_node_icon_specializedcontrol
[LOG 11:37:23.098] Load Cached PNG Texture: Squad/PartList/SimpleIcons/R&D_node_icon_specializedelectrics
[LOG 11:37:23.103] Load Cached PNG Texture: Squad/PartList/SimpleIcons/R&D_node_icon_stability
[LOG 11:37:23.109] Load Cached PNG Texture: Squad/PartList/SimpleIcons/R&D_node_icon_start
[LOG 11:37:23.114] Load Cached PNG Texture: Squad/PartList/SimpleIcons/R&D_node_icon_supersonicflight
[LOG 11:37:23.119] Load Cached PNG Texture: Squad/PartList/SimpleIcons/R&D_node_icon_survivability
[LOG 11:37:23.127] Load Cached PNG Texture: Squad/PartList/SimpleIcons/R&D_node_icon_unmannedtech
[LOG 11:37:23.135] Load Cached PNG Texture: Squad/PartList/SimpleIcons/R&D_node_icon_veryheavyrocketry
[LOG 11:37:23.146] Load Cached PNG Texture: Squad/PartList/SimpleIcons/rcsfx
[LOG 11:37:23.152] Load Cached PNG Texture: Squad/PartList/SimpleIcons/RDicon_aerospaceTech2
[LOG 11:37:23.162] Load Cached PNG Texture: Squad/PartList/SimpleIcons/RDicon_commandmodules
[LOG 11:37:23.168] Load Cached PNG Texture: Squad/PartList/SimpleIcons/RDicon_fuelSystems-advanced
[LOG 11:37:23.174] Load Cached PNG Texture: Squad/PartList/SimpleIcons/RDicon_fuelSystems-highPerformance
[LOG 11:37:23.179] Load Cached PNG Texture: Squad/PartList/SimpleIcons/RDicon_largeVolumeContainment
[LOG 11:37:23.185] Load Cached PNG Texture: Squad/PartList/SimpleIcons/RDicon_miniaturization
[LOG 11:37:23.193] Load Cached PNG Texture: Squad/PartList/SimpleIcons/RDicon_propulsion-precision
[LOG 11:37:23.199] Load Cached PNG Texture: Squad/PartList/SimpleIcons/RDicon_propulsionSystems
[LOG 11:37:23.207] Load Cached PNG Texture: Squad/PartList/SimpleIcons/RDicon_telescope
[LOG 11:37:23.213] Load Cached PNG Texture: Squad/PartList/SimpleIcons/robotic_controller
[LOG 11:37:23.220] Load Cached PNG Texture: Squad/PartList/SimpleIcons/robotic_rotation_servo
[LOG 11:37:23.226] Load Cached PNG Texture: Squad/PartList/SimpleIcons/robotic_servo_hinge
[LOG 11:37:23.230] Load Cached PNG Texture: Squad/PartList/SimpleIcons/robotic_servo_piston
[LOG 11:37:23.238] Load Cached PNG Texture: Squad/PartList/SimpleIcons/robotic_servo_rotor
[LOG 11:37:23.244] Load Cached PNG Texture: Squad/PartList/SimpleIcons/scanner_arm
[LOG 11:37:23.252] Load Cached PNG Texture: Squad/PartList/SimpleIcons/variant
[LOG 11:37:23.259] Load Cached PNG Texture: Squad/Parts/@thumbs/adapterSmallMiniShort_icon0
[LOG 11:37:23.265] Load Cached PNG Texture: Squad/Parts/@thumbs/adapterSmallMiniShort_icon1
[LOG 11:37:23.274] Load Cached PNG Texture: Squad/Parts/@thumbs/adapterSmallMiniTall_icon0
[LOG 11:37:23.281] Load Cached PNG Texture: Squad/Parts/@thumbs/adapterSmallMiniTall_icon1
[LOG 11:37:23.287] Load Cached PNG Texture: Squad/Parts/@thumbs/AdvancedCanard_icon
[LOG 11:37:23.293] Load Cached PNG Texture: Squad/Parts/@thumbs/advSasModule_icon
[LOG 11:37:23.299] Load Cached PNG Texture: Squad/Parts/@thumbs/airbrake1_icon
[LOG 11:37:23.308] Load Cached PNG Texture: Squad/Parts/@thumbs/airScoop_icon
[LOG 11:37:23.313] Load Cached PNG Texture: Squad/Parts/@thumbs/avionicsNoseCone_icon
[LOG 11:37:23.319] Load Cached PNG Texture: Squad/Parts/@thumbs/basicFin_icon
[LOG 11:37:23.327] Load Cached PNG Texture: Squad/Parts/@thumbs/batteryBankMini_icon
[LOG 11:37:23.334] Load Cached PNG Texture: Squad/Parts/@thumbs/batteryBank_icon
[LOG 11:37:23.340] Load Cached PNG Texture: Squad/Parts/@thumbs/batteryPack_icon
[LOG 11:37:23.350] Load Cached PNG Texture: Squad/Parts/@thumbs/cargoContainer_icon
[LOG 11:37:23.361] Load Cached PNG Texture: Squad/Parts/@thumbs/CircularIntake_icon
[LOG 11:37:23.373] Load Cached PNG Texture: Squad/Parts/@thumbs/commDish_icon
[LOG 11:37:23.379] Load Cached PNG Texture: Squad/Parts/@thumbs/Decoupler.0_icon0
[LOG 11:37:23.417] Load Cached PNG Texture: Squad/Parts/@thumbs/Decoupler.0_icon1
[LOG 11:37:23.439] Load Cached PNG Texture: Squad/Parts/@thumbs/Decoupler.1_icon0
[LOG 11:37:23.448] Load Cached PNG Texture: Squad/Parts/@thumbs/Decoupler.1_icon1
[LOG 11:37:23.455] Load Cached PNG Texture: Squad/Parts/@thumbs/dockingPort1_icon
[LOG 11:37:23.462] Load Cached PNG Texture: Squad/Parts/@thumbs/dockingPort2_icon
[LOG 11:37:23.468] Load Cached PNG Texture: Squad/Parts/@thumbs/dockingPort3_icon
[LOG 11:37:23.475] Load Cached PNG Texture: Squad/Parts/@thumbs/domeLight1_icon0
[LOG 11:37:23.481] Load Cached PNG Texture: Squad/Parts/@thumbs/domeLight1_icon1
[LOG 11:37:23.498] Load Cached PNG Texture: Squad/Parts/@thumbs/elevon2_icon
[LOG 11:37:23.509] Load Cached PNG Texture: Squad/Parts/@thumbs/elevon3_icon
[LOG 11:37:23.517] Load Cached PNG Texture: Squad/Parts/@thumbs/elevon5_icon
[LOG 11:37:23.524] Load Cached PNG Texture: Squad/Parts/@thumbs/evaChute_icon
[LOG 11:37:23.532] Load Cached PNG Texture: Squad/Parts/@thumbs/evaCylinder_icon
[LOG 11:37:23.539] Load Cached PNG Texture: Squad/Parts/@thumbs/evaJetpack_icon
[LOG 11:37:23.545] Load Cached PNG Texture: Squad/Parts/@thumbs/evaRepairKit_icon
[LOG 11:37:23.550] Load Cached PNG Texture: Squad/Parts/@thumbs/evaScienceKit_icon
[LOG 11:37:23.557] Load Cached PNG Texture: Squad/Parts/@thumbs/externalTankCapsule_icon0
[LOG 11:37:23.564] Load Cached PNG Texture: Squad/Parts/@thumbs/externalTankCapsule_icon1
[LOG 11:37:23.570] Load Cached PNG Texture: Squad/Parts/@thumbs/externalTankRound_icon0
[LOG 11:37:23.577] Load Cached PNG Texture: Squad/Parts/@thumbs/externalTankRound_icon1
[LOG 11:37:23.584] Load Cached PNG Texture: Squad/Parts/@thumbs/externalTankToroid_icon0
[LOG 11:37:23.596] Load Cached PNG Texture: Squad/Parts/@thumbs/externalTankToroid_icon1
[LOG 11:37:23.606] Load Cached PNG Texture: Squad/Parts/@thumbs/fireworksLauncherBig_icon
[LOG 11:37:23.614] Load Cached PNG Texture: Squad/Parts/@thumbs/fireworksLauncherSmall_icon
[LOG 11:37:23.620] Load Cached PNG Texture: Squad/Parts/@thumbs/foldingRadMed_icon
[LOG 11:37:23.627] Load Cached PNG Texture: Squad/Parts/@thumbs/foldingRadSmall_icon
[LOG 11:37:23.634] Load Cached PNG Texture: Squad/Parts/@thumbs/FuelCellArray_icon
[LOG 11:37:23.641] Load Cached PNG Texture: Squad/Parts/@thumbs/FuelCell_icon
[LOG 11:37:23.649] Load Cached PNG Texture: Squad/Parts/@thumbs/fuelTank.long_icon0
[LOG 11:37:23.655] Load Cached PNG Texture: Squad/Parts/@thumbs/fuelTankSmallFlat_icon0
[LOG 11:37:23.661] Load Cached PNG Texture: Squad/Parts/@thumbs/fuelTankSmallFlat_icon1
[LOG 11:37:23.667] Load Cached PNG Texture: Squad/Parts/@thumbs/fuelTankSmallFlat_icon2
[LOG 11:37:23.673] Load Cached PNG Texture: Squad/Parts/@thumbs/fuelTankSmallFlat_icon3
[LOG 11:37:23.679] Load Cached PNG Texture: Squad/Parts/@thumbs/fuelTankSmall_icon0
[LOG 11:37:23.684] Load Cached PNG Texture: Squad/Parts/@thumbs/fuelTankSmall_icon1
[LOG 11:37:23.690] Load Cached PNG Texture: Squad/Parts/@thumbs/fuelTankSmall_icon2
[LOG 11:37:23.697] Load Cached PNG Texture: Squad/Parts/@thumbs/fuelTankSmall_icon3
[LOG 11:37:23.705] Load Cached PNG Texture: Squad/Parts/@thumbs/GearFixed_icon
[LOG 11:37:23.721] Load Cached PNG Texture: Squad/Parts/@thumbs/GearFree_icon
[LOG 11:37:23.730] Load Cached PNG Texture: Squad/Parts/@thumbs/GearSmall_icon
[LOG 11:37:23.748] Load Cached PNG Texture: Squad/Parts/@thumbs/GooExperiment_icon
[LOG 11:37:23.763] Load Cached PNG Texture: Squad/Parts/@thumbs/groundAnchor_icon
[LOG 11:37:23.770] Load Cached PNG Texture: Squad/Parts/@thumbs/groundLight1_icon
[LOG 11:37:23.776] Load Cached PNG Texture: Squad/Parts/@thumbs/groundLight2_icon
[LOG 11:37:23.783] Load Cached PNG Texture: Squad/Parts/@thumbs/HeatShield0_icon
[LOG 11:37:23.792] Load Cached PNG Texture: Squad/Parts/@thumbs/HeatShield1_icon
[LOG 11:37:23.798] Load Cached PNG Texture: Squad/Parts/@thumbs/HECS2.ProbeCore_icon
[LOG 11:37:23.805] Load Cached PNG Texture: Squad/Parts/@thumbs/HighGainAntenna5.v2_icon
[LOG 11:37:23.923] Load Cached PNG Texture: Squad/Parts/@thumbs/HighGainAntenna5_icon
[LOG 11:37:23.934] Load Cached PNG Texture: Squad/Parts/@thumbs/HighGainAntenna_icon
[LOG 11:37:23.943] Load Cached PNG Texture: Squad/Parts/@thumbs/IntakeRadialLong_icon
[LOG 11:37:23.952] Load Cached PNG Texture: Squad/Parts/@thumbs/ionEngine_icon
[LOG 11:37:23.961] Load Cached PNG Texture: Squad/Parts/@thumbs/ksp.r.largeBatteryPack_icon
[LOG 11:37:23.969] Load Cached PNG Texture: Squad/Parts/@thumbs/ladder1_icon
[LOG 11:37:23.977] Load Cached PNG Texture: Squad/Parts/@thumbs/landingLeg1-2_icon
[LOG 11:37:23.983] Load Cached PNG Texture: Squad/Parts/@thumbs/landingLeg1_icon
[LOG 11:37:23.992] Load Cached PNG Texture: Squad/Parts/@thumbs/LgRadialSolarPanel_icon
[LOG 11:37:24.001] Load Cached PNG Texture: Squad/Parts/@thumbs/linearRcs_icon
[LOG 11:37:24.009] Load Cached PNG Texture: Squad/Parts/@thumbs/liquidEngine3.v2_icon0
[LOG 11:37:24.016] Load Cached PNG Texture: Squad/Parts/@thumbs/liquidEngine3.v2_icon1
[LOG 11:37:24.025] Load Cached PNG Texture: Squad/Parts/@thumbs/liquidEngine3.v2_icon2
[LOG 11:37:24.034] Load Cached PNG Texture: Squad/Parts/@thumbs/liquidEngineMini.v2_icon0
[LOG 11:37:24.043] Load Cached PNG Texture: Squad/Parts/@thumbs/liquidEngineMini.v2_icon1
[LOG 11:37:24.053] Load Cached PNG Texture: Squad/Parts/@thumbs/liquidEngineMini.v2_icon2
[LOG 11:37:24.061] Load Cached PNG Texture: Squad/Parts/@thumbs/longAntenna_icon
[LOG 11:37:24.086] Load Cached PNG Texture: Squad/Parts/@thumbs/Magnetometer_icon
[LOG 11:37:24.101] Load Cached PNG Texture: Squad/Parts/@thumbs/mediumDishAntenna_icon
[LOG 11:37:24.112] Load Cached PNG Texture: Squad/Parts/@thumbs/microEngine.v2_icon0
[LOG 11:37:24.124] Load Cached PNG Texture: Squad/Parts/@thumbs/microEngine.v2_icon1
[LOG 11:37:24.136] Load Cached PNG Texture: Squad/Parts/@thumbs/MiniDrill_icon
[LOG 11:37:24.148] Load Cached PNG Texture: Squad/Parts/@thumbs/miniFuelTank_icon
[LOG 11:37:24.160] Load Cached PNG Texture: Squad/Parts/@thumbs/miniFuselage_icon
[LOG 11:37:24.172] Load Cached PNG Texture: Squad/Parts/@thumbs/miniIntake_icon
[LOG 11:37:24.190] Load Cached PNG Texture: Squad/Parts/@thumbs/miniJetEngine_icon
[LOG 11:37:24.198] Load Cached PNG Texture: Squad/Parts/@thumbs/miniLandingLeg_icon
[LOG 11:37:24.210] Load Cached PNG Texture: Squad/Parts/@thumbs/Mite_icon
[LOG 11:37:24.217] Load Cached PNG Texture: Squad/Parts/@thumbs/mk1pod.v2_icon0
[LOG 11:37:24.229] Load Cached PNG Texture: Squad/Parts/@thumbs/mk2DroneCore_icon
[LOG 11:37:24.240] Load Cached PNG Texture: Squad/Parts/@thumbs/mk2LanderCabin.v2_icon0
[LOG 11:37:24.250] Load Cached PNG Texture: Squad/Parts/@thumbs/mk2LanderCabin.v2_icon1
[LOG 11:37:24.263] Load Cached PNG Texture: Squad/Parts/@thumbs/MpoProbe_icon
[LOG 11:37:24.273] Load Cached PNG Texture: Squad/Parts/@thumbs/navLight1_icon0
[LOG 11:37:24.282] Load Cached PNG Texture: Squad/Parts/@thumbs/navLight1_icon1
[LOG 11:37:24.292] Load Cached PNG Texture: Squad/Parts/@thumbs/noseCone_icon0
[LOG 11:37:24.319] Load Cached PNG Texture: Squad/Parts/@thumbs/noseCone_icon1
[LOG 11:37:24.335] Load Cached PNG Texture: Squad/Parts/@thumbs/noseCone_icon2
[LOG 11:37:24.343] Load Cached PNG Texture: Squad/Parts/@thumbs/omsEngine_icon
[LOG 11:37:24.350] Load Cached PNG Texture: Squad/Parts/@thumbs/OrbitalScanner_icon
[LOG 11:37:24.364] Load Cached PNG Texture: Squad/Parts/@thumbs/parachuteDrogue_icon
[LOG 11:37:24.381] Load Cached PNG Texture: Squad/Parts/@thumbs/parachuteLarge_icon
[LOG 11:37:24.387] Load Cached PNG Texture: Squad/Parts/@thumbs/parachuteRadial_icon
[LOG 11:37:24.400] Load Cached PNG Texture: Squad/Parts/@thumbs/parachuteSingle_icon
[LOG 11:37:24.408] Load Cached PNG Texture: Squad/Parts/@thumbs/probeCoreCube_icon
[LOG 11:37:24.415] Load Cached PNG Texture: Squad/Parts/@thumbs/probeCoreHex.v2_icon
[LOG 11:37:24.422] Load Cached PNG Texture: Squad/Parts/@thumbs/probeCoreOcto.v2_icon
[LOG 11:37:24.431] Load Cached PNG Texture: Squad/Parts/@thumbs/probeCoreOcto2.v2_icon
[LOG 11:37:24.436] Load Cached PNG Texture: Squad/Parts/@thumbs/probeCoreSphere.v2_icon
[LOG 11:37:24.444] Load Cached PNG Texture: Squad/Parts/@thumbs/probeStackSmall_icon
[LOG 11:37:24.451] Load Cached PNG Texture: Squad/Parts/@thumbs/R8winglet_icon
[LOG 11:37:24.458] Load Cached PNG Texture: Squad/Parts/@thumbs/radialDecoupler1-2_icon
[LOG 11:37:24.469] Load Cached PNG Texture: Squad/Parts/@thumbs/radialDecoupler2_icon
[LOG 11:37:24.481] Load Cached PNG Texture: Squad/Parts/@thumbs/radialDecoupler_icon
[LOG 11:37:24.490] Load Cached PNG Texture: Squad/Parts/@thumbs/radialDrogue_icon
[LOG 11:37:24.497] Load Cached PNG Texture: Squad/Parts/@thumbs/radialEngineMini.v2_icon0
[LOG 11:37:24.502] Load Cached PNG Texture: Squad/Parts/@thumbs/radialEngineMini.v2_icon1
[LOG 11:37:24.509] Load Cached PNG Texture: Squad/Parts/@thumbs/radialLiquidEngine1-2_icon
[LOG 11:37:24.516] Load Cached PNG Texture: Squad/Parts/@thumbs/RadialOreTank_icon
[LOG 11:37:24.523] Load Cached PNG Texture: Squad/Parts/@thumbs/radialRCSTank_icon
[LOG 11:37:24.529] Load Cached PNG Texture: Squad/Parts/@thumbs/radPanelEdge_icon
[LOG 11:37:24.536] Load Cached PNG Texture: Squad/Parts/@thumbs/radPanelLg_icon
[LOG 11:37:24.541] Load Cached PNG Texture: Squad/Parts/@thumbs/radPanelSm_icon
[LOG 11:37:24.548] Load Cached PNG Texture: Squad/Parts/@thumbs/RCSblock.01.small_icon0
[LOG 11:37:24.556] Load Cached PNG Texture: Squad/Parts/@thumbs/RCSblock.01.small_icon1
[LOG 11:37:24.563] Load Cached PNG Texture: Squad/Parts/@thumbs/RCSblock.01.small_icon2
[LOG 11:37:24.569] Load Cached PNG Texture: Squad/Parts/@thumbs/RCSblock.01.small_icon3
[LOG 11:37:24.576] Load Cached PNG Texture: Squad/Parts/@thumbs/RCSblock.01.small_icon4
[LOG 11:37:24.593] Load Cached PNG Texture: Squad/Parts/@thumbs/RCSBlock.v2_icon
[LOG 11:37:24.601] Load Cached PNG Texture: Squad/Parts/@thumbs/RCSBlock.v2_icon0
[LOG 11:37:24.611] Load Cached PNG Texture: Squad/Parts/@thumbs/RCSBlock.v2_icon1
[LOG 11:37:24.621] Load Cached PNG Texture: Squad/Parts/@thumbs/RCSBlock.v2_icon2
[LOG 11:37:24.631] Load Cached PNG Texture: Squad/Parts/@thumbs/RCSBlock.v2_icon3
[LOG 11:37:24.640] Load Cached PNG Texture: Squad/Parts/@thumbs/RCSBlock.v2_icon4
[LOG 11:37:24.646] Load Cached PNG Texture: Squad/Parts/@thumbs/RCSFuelTank_icon
[LOG 11:37:24.654] Load Cached PNG Texture: Squad/Parts/@thumbs/RCSLinearSmall_icon
[LOG 11:37:24.662] Load Cached PNG Texture: Squad/Parts/@thumbs/rcsTankMini_icon
[LOG 11:37:24.671] Load Cached PNG Texture: Squad/Parts/@thumbs/RelayAntenna5_icon
[LOG 11:37:24.680] Load Cached PNG Texture: Squad/Parts/@thumbs/ReleaseValve_icon
[LOG 11:37:24.689] Load Cached PNG Texture: Squad/Parts/@thumbs/roverBody.v2_icon0
[LOG 11:37:24.697] Load Cached PNG Texture: Squad/Parts/@thumbs/roverBody.v2_icon1
[LOG 11:37:24.706] Load Cached PNG Texture: Squad/Parts/@thumbs/roverBody.v2_icon2
[LOG 11:37:24.733] Load Cached PNG Texture: Squad/Parts/@thumbs/roverWheel1_icon
[LOG 11:37:24.741] Load Cached PNG Texture: Squad/Parts/@thumbs/roverWheel2_icon
[LOG 11:37:24.747] Load Cached PNG Texture: Squad/Parts/@thumbs/rtg_icon
[LOG 11:37:24.755] Load Cached PNG Texture: Squad/Parts/@thumbs/sasModule_icon
[LOG 11:37:24.761] Load Cached PNG Texture: Squad/Parts/@thumbs/science.module_icon
[LOG 11:37:24.766] Load Cached PNG Texture: Squad/Parts/@thumbs/ScienceBox_icon
[LOG 11:37:24.773] Load Cached PNG Texture: Squad/Parts/@thumbs/seatExternalCmd_icon
[LOG 11:37:24.780] Load Cached PNG Texture: Squad/Parts/@thumbs/sensorAccelerometer_icon
[LOG 11:37:24.787] Load Cached PNG Texture: Squad/Parts/@thumbs/sensorAtmosphere_icon
[LOG 11:37:24.793] Load Cached PNG Texture: Squad/Parts/@thumbs/sensorBarometer_icon
[LOG 11:37:24.802] Load Cached PNG Texture: Squad/Parts/@thumbs/sensorGravimeter_icon
[LOG 11:37:24.808] Load Cached PNG Texture: Squad/Parts/@thumbs/sensorThermometer_icon
[LOG 11:37:24.815] Load Cached PNG Texture: Squad/Parts/@thumbs/Separator.0_icon0
[LOG 11:37:24.851] Load Cached PNG Texture: Squad/Parts/@thumbs/Separator.0_icon1
[LOG 11:37:24.862] Load Cached PNG Texture: Squad/Parts/@thumbs/Separator.1_icon0
[LOG 11:37:24.871] Load Cached PNG Texture: Squad/Parts/@thumbs/Separator.1_icon1
[LOG 11:37:24.878] Load Cached PNG Texture: Squad/Parts/@thumbs/sepMotor1_icon
[LOG 11:37:24.884] Load Cached PNG Texture: Squad/Parts/@thumbs/ServiceBay.125.v2_icon
[LOG 11:37:24.896] Load Cached PNG Texture: Squad/Parts/@thumbs/shockConeIntake_icon
[LOG 11:37:24.904] Load Cached PNG Texture: Squad/Parts/@thumbs/Shrimp_icon
[LOG 11:37:24.920] Load Cached PNG Texture: Squad/Parts/@thumbs/smallCargoContainer_icon
[LOG 11:37:24.926] Load Cached PNG Texture: Squad/Parts/@thumbs/smallClaw_icon0
[LOG 11:37:24.933] Load Cached PNG Texture: Squad/Parts/@thumbs/smallClaw_icon1
[LOG 11:37:24.946] Load Cached PNG Texture: Squad/Parts/@thumbs/smallCtrlSrf_icon
[LOG 11:37:24.953] Load Cached PNG Texture: Squad/Parts/@thumbs/SmallGearBay_icon
[LOG 11:37:24.965] Load Cached PNG Texture: Squad/Parts/@thumbs/smallHardpoint_icon
[LOG 11:37:24.974] Load Cached PNG Texture: Squad/Parts/@thumbs/smallRadialEngine.v2_icon0
[LOG 11:37:24.982] Load Cached PNG Texture: Squad/Parts/@thumbs/smallRadialEngine.v2_icon1
[LOG 11:37:24.988] Load Cached PNG Texture: Squad/Parts/@thumbs/solarPanelOX10C_icon
[LOG 11:37:24.995] Load Cached PNG Texture: Squad/Parts/@thumbs/solarPanelOX10L_icon
[LOG 11:37:25.002] Load Cached PNG Texture: Squad/Parts/@thumbs/solarPanels1_icon
[LOG 11:37:25.008] Load Cached PNG Texture: Squad/Parts/@thumbs/solarPanels2_icon
[LOG 11:37:25.015] Load Cached PNG Texture: Squad/Parts/@thumbs/solarPanels3_icon
[LOG 11:37:25.021] Load Cached PNG Texture: Squad/Parts/@thumbs/solarPanels4_icon
[LOG 11:37:25.031] Load Cached PNG Texture: Squad/Parts/@thumbs/solarPanels5_icon
[LOG 11:37:25.037] Load Cached PNG Texture: Squad/Parts/@thumbs/solarPanelSP10C_icon
[LOG 11:37:25.045] Load Cached PNG Texture: Squad/Parts/@thumbs/solarPanelSP10L_icon
[LOG 11:37:25.051] Load Cached PNG Texture: Squad/Parts/@thumbs/spotLight1_icon
[LOG 11:37:25.057] Load Cached PNG Texture: Squad/Parts/@thumbs/spotLight2_icon
[LOG 11:37:25.063] Load Cached PNG Texture: Squad/Parts/@thumbs/spotLight3_icon0
[LOG 11:37:25.078] Load Cached PNG Texture: Squad/Parts/@thumbs/spotLight3_icon1
[LOG 11:37:25.083] Load Cached PNG Texture: Squad/Parts/@thumbs/stackPoint1_icon
[LOG 11:37:25.095] Load Cached PNG Texture: Squad/Parts/@thumbs/StandardCtrlSrf_icon
[LOG 11:37:25.105] Load Cached PNG Texture: Squad/Parts/@thumbs/standardNoseCone_icon
[LOG 11:37:25.116] Load Cached PNG Texture: Squad/Parts/@thumbs/stripLight1_icon0
[LOG 11:37:25.123] Load Cached PNG Texture: Squad/Parts/@thumbs/stripLight1_icon1
[LOG 11:37:25.130] Load Cached PNG Texture: Squad/Parts/@thumbs/structuralIBeam1_icon
[LOG 11:37:25.136] Load Cached PNG Texture: Squad/Parts/@thumbs/structuralIBeam3_icon
[LOG 11:37:25.143] Load Cached PNG Texture: Squad/Parts/@thumbs/structuralMiniNode_icon
[LOG 11:37:25.176] Load Cached PNG Texture: Squad/Parts/@thumbs/structuralPanel1_icon
[LOG 11:37:25.184] Load Cached PNG Texture: Squad/Parts/@thumbs/structuralPanel2_icon
[LOG 11:37:25.192] Load Cached PNG Texture: Squad/Parts/@thumbs/structuralWing4_icon
[LOG 11:37:25.200] Load Cached PNG Texture: Squad/Parts/@thumbs/strutCube_icon
[LOG 11:37:25.207] Load Cached PNG Texture: Squad/Parts/@thumbs/strutOcto_icon
[LOG 11:37:25.216] Load Cached PNG Texture: Squad/Parts/@thumbs/SurfaceScanner_icon
[LOG 11:37:25.222] Load Cached PNG Texture: Squad/Parts/@thumbs/SurfAntenna_icon
[LOG 11:37:25.233] Load Cached PNG Texture: Squad/Parts/@thumbs/telescopicLadderBay_icon
[LOG 11:37:25.240] Load Cached PNG Texture: Squad/Parts/@thumbs/telescopicLadder_icon
[LOG 11:37:25.249] Load Cached PNG Texture: Squad/Parts/@thumbs/toroidalAerospike_icon
[LOG 11:37:25.254] Load Cached PNG Texture: Squad/Parts/@thumbs/trussAdapter_icon
[LOG 11:37:25.262] Load Cached PNG Texture: Squad/Parts/@thumbs/trussPiece1x_icon
[LOG 11:37:25.268] Load Cached PNG Texture: Squad/Parts/@thumbs/trussPiece3x_icon
[LOG 11:37:25.275] Load Cached PNG Texture: Squad/Parts/@thumbs/vernierEngine_icon
[LOG 11:37:25.282] Load Cached PNG Texture: Squad/Parts/@thumbs/wheelMed_icon
[LOG 11:37:25.288] Load Cached PNG Texture: Squad/Parts/@thumbs/wingConnector4_icon
[LOG 11:37:25.293] Load Cached PNG Texture: Squad/Parts/@thumbs/wingConnector5_icon
[LOG 11:37:25.300] Load Cached PNG Texture: Squad/Parts/@thumbs/winglet3_icon
[LOG 11:37:25.309] Load Cached PNG Texture: Squad/Parts/@thumbs/winglet_icon
[LOG 11:37:25.315] Load Cached PNG Texture: Squad/Parts/@thumbs/wingShuttleElevon1_icon
[LOG 11:37:25.323] Load Cached PNG Texture: Squad/Parts/@thumbs/xenonTankLarge_icon
[LOG 11:37:25.331] Load Cached PNG Texture: Squad/Parts/@thumbs/xenonTankRadial_icon
[LOG 11:37:25.338] Load Cached PNG Texture: Squad/Parts/@thumbs/xenonTank_icon
[LOG 11:37:25.346] Load DDS texture: Squad/Parts/Aero/aerodynamicNoseCone/Rockomax_Adapters_diffuse
[LOG 11:37:25.346] Load DDS texture: Squad/Parts/Aero/aerodynamicNoseCone/Rockomax_Adapters_normal
[LOG 11:37:25.351] Load DDS texture: Squad/Parts/Aero/airbrake/airbrake
[LOG 11:37:25.358] Load DDS texture: Squad/Parts/Aero/airIntakeRadialXM-G50/RadialIntake
[LOG 11:37:25.367] Load DDS texture: Squad/Parts/Aero/airlinerWings/AirlinerWings
[LOG 11:37:25.374] Load DDS texture: Squad/Parts/Aero/airplaneFins/AirplaneFins
[LOG 11:37:25.380] Load DDS texture: Squad/Parts/Aero/basicFin/BasicFin
[LOG 11:37:25.386] Load DDS texture: Squad/Parts/Aero/circularIntake/CircluarIntakes
[LOG 11:37:25.391] Load DDS texture: Squad/Parts/Aero/circularIntake/CircluarIntakes_Heat
[LOG 11:37:25.396] Load DDS texture: Squad/Parts/Aero/cones/Assets/Cones
[LOG 11:37:25.402] Load DDS texture: Squad/Parts/Aero/cones/Assets/ConesDiffuse
[LOG 11:37:25.409] Load DDS texture: Squad/Parts/Aero/cones/Assets/ConesDiffuse_Orange
[LOG 11:37:25.415] Load DDS texture: Squad/Parts/Aero/cones/Assets/ConesDiffuse_White
[LOG 11:37:25.422] Load DDS texture: Squad/Parts/Aero/cones/Assets/ConesHeat
[LOG 11:37:25.429] Load DDS texture: Squad/Parts/Aero/cones/Assets/ConesHeat_Orange
[LOG 11:37:25.436] Load DDS texture: Squad/Parts/Aero/cones/Assets/ConesHeat_White
[LOG 11:37:25.442] Load DDS texture: Squad/Parts/Aero/cones/Assets/Cones_Heat
[LOG 11:37:25.453] Load Cached PNG Texture: Squad/Parts/Aero/cones/Assets/rocketNoseCones_O
[LOG 11:37:25.462] Load Cached PNG Texture: Squad/Parts/Aero/cones/Assets/rocketNoseCones_O_Normal
[LOG 11:37:25.471] Load DDS texture: Squad/Parts/Aero/cones/Assets/rocketNoseCones_W
[LOG 11:37:25.475] Load DDS texture: Squad/Parts/Aero/cones/Assets/Rockomax_Adapters_diffuse
[LOG 11:37:25.476] Load DDS texture: Squad/Parts/Aero/cones/Assets/Rockomax_Adapters_normal
[LOG 11:37:25.482] Load DDS texture: Squad/Parts/Aero/fairings/AutoTruss
[LOG 11:37:25.493] Load DDS texture: Squad/Parts/Aero/fairings/FairingBase
[LOG 11:37:25.499] Load DDS texture: Squad/Parts/Aero/fairings/FairingBaseNormals
[LOG 11:37:25.506] Load DDS texture: Squad/Parts/Aero/fairings/FairingBaseNormals_bw
[LOG 11:37:25.513] Load DDS texture: Squad/Parts/Aero/fairings/FairingBaseNormals_goldSilver
[LOG 11:37:25.519] Load DDS texture: Squad/Parts/Aero/fairings/FairingBaseNormals_orange
[LOG 11:37:25.526] Load Cached PNG Texture: Squad/Parts/Aero/fairings/FairingBase_black
[LOG 11:37:25.533] Load DDS texture: Squad/Parts/Aero/fairings/FairingBase_bw
[LOG 11:37:25.540] Load DDS texture: Squad/Parts/Aero/fairings/FairingBase_goldDiffuse
[LOG 11:37:25.547] Load DDS texture: Squad/Parts/Aero/fairings/FairingBase_goldSpecular
[LOG 11:37:25.553] Load DDS texture: Squad/Parts/Aero/fairings/FairingBase_orange
[LOG 11:37:25.562] Load DDS texture: Squad/Parts/Aero/fairings/FairingBase_silverDiffuse
[LOG 11:37:25.569] Load DDS texture: Squad/Parts/Aero/fairings/FairingBase_silverSpecular
[LOG 11:37:25.575] Load DDS texture: Squad/Parts/Aero/fairings/fairingsCap
[LOG 11:37:25.582] Load DDS texture: Squad/Parts/Aero/fairings/FairingsMat_silverSpecular
[LOG 11:37:25.589] Load DDS texture: Squad/Parts/Aero/fairings/fairings_diff
[LOG 11:37:25.598] Load DDS texture: Squad/Parts/Aero/fairings/fairings_diff_grey
[LOG 11:37:25.605] Load DDS texture: Squad/Parts/Aero/fairings/fairings_diff_orange
[LOG 11:37:25.615] Load DDS texture: Squad/Parts/Aero/fairings/fairings_grey_normals
[LOG 11:37:25.624] Load DDS texture: Squad/Parts/Aero/fairings/fairings_normals
[LOG 11:37:25.633] Load DDS texture: Squad/Parts/Aero/fairings/fairings_normals_silver
[LOG 11:37:25.640] Load DDS texture: Squad/Parts/Aero/fairings/fairings_orange_normals
[LOG 11:37:25.649] Load DDS texture: Squad/Parts/Aero/fairings/fairings_silverDiffuse
[LOG 11:37:25.657] Load DDS texture: Squad/Parts/Aero/HeatShield/Fairing
[LOG 11:37:25.666] Load DDS texture: Squad/Parts/Aero/HeatShield/heatshield
[LOG 11:37:25.676] Load DDS texture: Squad/Parts/Aero/InflatableHeatShield/HeatShield
[LOG 11:37:25.690] Load DDS texture: Squad/Parts/Aero/InflatableHeatShield/HeatShieldFairing
[LOG 11:37:25.699] Load DDS texture: Squad/Parts/Aero/InflatableHeatShield/HeatShield_NRM
[LOG 11:37:25.708] Load DDS texture: Squad/Parts/Aero/intakeRadialLong/Radial_long
[LOG 11:37:25.715] Load DDS texture: Squad/Parts/Aero/miniIntake/SmallIntake
[LOG 11:37:25.723] Load DDS texture: Squad/Parts/Aero/ramAirIntake/RampIntake
[LOG 11:37:25.730] Load DDS texture: Squad/Parts/Aero/ramAirIntake/RampIntake_Heat
[LOG 11:37:25.741] Load DDS texture: Squad/Parts/Aero/shuttleWings/ShuttleWings
[LOG 11:37:25.749] Load DDS texture: Squad/Parts/Aero/wingletAV-R8/model000
[LOG 11:37:25.759] Load DDS texture: Squad/Parts/Aero/wingletAV-R8/model001
[LOG 11:37:25.767] Load DDS texture: Squad/Parts/Aero/wingletAV-T1/model000
[LOG 11:37:25.775] Load DDS texture: Squad/Parts/Aero/wingletAV-T1/model001
[LOG 11:37:25.784] Load DDS texture: Squad/Parts/Aero/wingletDeltaDeluxe/model000
[LOG 11:37:25.792] Load DDS texture: Squad/Parts/Aero/wings/Wings
[LOG 11:37:25.800] Load DDS texture: Squad/Parts/Cargo/CargoContainers/cargoContainer_diff
[LOG 11:37:25.809] Load DDS texture: Squad/Parts/Cargo/CargoContainers/smallCargoContainer_diffuse
[LOG 11:37:25.818] Load DDS texture: Squad/Parts/Cargo/CargoContainers/smallCargoContainer_nrm
[LOG 11:37:25.828] Load DDS texture: Squad/Parts/Cargo/CargoContainers/smallCargoContainer_specular
[LOG 11:37:25.835] Load DDS texture: Squad/Parts/Cargo/Cylinder/EVAcylinder_diffuse
[LOG 11:37:25.846] Load DDS texture: Squad/Parts/Cargo/Cylinder/EVAcylinder_nrm
[LOG 11:37:25.853] Load DDS texture: Squad/Parts/Cargo/GroundAnchor/groundAnchor_diffuse
[LOG 11:37:25.863] Load DDS texture: Squad/Parts/Cargo/GroundAnchor/groundAnchor_nrm
[LOG 11:37:25.872] Load DDS texture: Squad/Parts/Cargo/Jetpack/EVAjetpack
[LOG 11:37:25.881] Load DDS texture: Squad/Parts/Cargo/Jetpack/EVAjetpackEmmisive
[LOG 11:37:25.889] Load DDS texture: Squad/Parts/Cargo/Jetpack/EVAjetpackNRM
[LOG 11:37:25.898] Load DDS texture: Squad/Parts/Cargo/Parachute/backpack_Diff
[LOG 11:37:25.910] Load DDS texture: Squad/Parts/Cargo/Parachute/backpack_NM
[LOG 11:37:25.920] Load DDS texture: Squad/Parts/Cargo/RepairKit/RepairKit_Diffuse
[LOG 11:37:25.928] Load DDS texture: Squad/Parts/Cargo/RepairKit/RepairKit_Normal
[LOG 11:37:25.936] Load DDS texture: Squad/Parts/Cargo/ScienceKit/ExperimentKit_Material_Diffuse
[LOG 11:37:25.943] Load DDS texture: Squad/Parts/Cargo/ScienceKit/ExperimentKit_Material_Emissive
[LOG 11:37:25.950] Load DDS texture: Squad/Parts/Cargo/ScienceKit/ExperimentKit_Material_Normal
[LOG 11:37:25.959] Load DDS texture: Squad/Parts/Cargo/StorageUnits/Assets/Cargo_Material_Diffuse
[LOG 11:37:25.970] Load DDS texture: Squad/Parts/Cargo/StorageUnits/Assets/Cargo_Material_Normal
[LOG 11:37:25.980] Load DDS texture: Squad/Parts/Command/advancedSasModuleLarge/model000
[LOG 11:37:25.995] Load DDS texture: Squad/Parts/Command/advancedSasModuleLarge/model001
[LOG 11:37:26.003] Load DDS texture: Squad/Parts/Command/cupola/cupola_Emissive
[LOG 11:37:26.010] Load DDS texture: Squad/Parts/Command/cupola/ksp_l_cupola_diff
[LOG 11:37:26.017] Load DDS texture: Squad/Parts/Command/cupola/ksp_l_cupola_normal
[LOG 11:37:26.027] Load DDS texture: Squad/Parts/Command/cupola/window
[LOG 11:37:26.033] Load DDS texture: Squad/Parts/Command/externalCommandSeat/model000
[LOG 11:37:26.039] Load DDS texture: Squad/Parts/Command/hitchhikerStorageContainer/cabin
[LOG 11:37:26.050] Load DDS texture: Squad/Parts/Command/hitchhikerStorageContainer/cabin_Illum
[LOG 11:37:26.058] Load DDS texture: Squad/Parts/Command/hitchhikerStorageContainer/cabin_n
[LOG 11:37:26.059] Load DDS texture: Squad/Parts/Command/hitchhikerStorageContainer/window
[LOG 11:37:26.066] Load DDS texture: Squad/Parts/Command/inlineAdvancedStabilizer/model000
[LOG 11:37:26.087] Load DDS texture: Squad/Parts/Command/inlineAdvancedStabilizer/model001
[LOG 11:37:26.096] Load DDS texture: Squad/Parts/Command/inlineReactionWheel/model000
[LOG 11:37:26.105] Load DDS texture: Squad/Parts/Command/inlineReactionWheel/model001
[LOG 11:37:26.113] Load DDS texture: Squad/Parts/Command/inlineReactionWheel/model002
[LOG 11:37:26.121] Load DDS texture: Squad/Parts/Command/Mk1-2Pod/mk 1-2 external shell Variant-Hatch
[LOG 11:37:26.129] Load DDS texture: Squad/Parts/Command/Mk1-3Pod/M1-3 Pod
[LOG 11:37:26.145] Load DDS texture: Squad/Parts/Command/Mk1-3Pod/M1-3 Pod_GLOW
[LOG 11:37:26.151] Load DDS texture: Squad/Parts/Command/mk1Cockpits/GLOW
[LOG 11:37:26.158] Load DDS texture: Squad/Parts/Command/mk1Cockpits/Mk1Cockpit
[LOG 11:37:26.165] Load DDS texture: Squad/Parts/Command/mk1LanderCan/ksp_s_landerCan_diff
[LOG 11:37:26.176] Load DDS texture: Squad/Parts/Command/mk1LanderCan/ksp_s_landerCan_normal
[LOG 11:37:26.185] Load DDS texture: Squad/Parts/Command/mk1LanderCan/ksp_s_landerCan_psd_illum
[LOG 11:37:26.190] Load DDS texture: Squad/Parts/Command/mk1pod/outer shell
[LOG 11:37:26.198] Load DDS texture: Squad/Parts/Command/mk1pod_v2/Mk1_v2
[LOG 11:37:26.205] Load DDS texture: Squad/Parts/Command/mk1pod_v2/Mk1_v2_GLOW
[LOG 11:37:26.212] Load DDS texture: Squad/Parts/Command/mk1pod_v2/Mk1_v2_GW
[LOG 11:37:26.218] Load DDS texture: Squad/Parts/Command/mk1pod_v2/Mk1_v2_N
[LOG 11:37:26.224] Load DDS texture: Squad/Parts/Command/mk1pod_v2/Mk1_v2_W
[LOG 11:37:26.230] Load DDS texture: Squad/Parts/Command/mk1pod_v2/Mk1_v2_W_N
[LOG 11:37:26.237] Load DDS texture: Squad/Parts/Command/mk2CockpitInline/Cockpit_inline_A
[LOG 11:37:26.244] Load DDS texture: Squad/Parts/Command/mk2CockpitInline/Cockpit_inline_Emissive
[LOG 11:37:26.250] Load DDS texture: Squad/Parts/Command/mk2CockpitInline/Cockpit_inline_normal
[LOG 11:37:26.261] Load DDS texture: Squad/Parts/Command/mk2CockpitStandard/Cockpit
[LOG 11:37:26.272] Load DDS texture: Squad/Parts/Command/mk2CockpitStandard/Cockpit_Lum
[LOG 11:37:26.281] Load DDS texture: Squad/Parts/Command/mk2CockpitStandard/Cockpit_NRM
[LOG 11:37:26.290] Load DDS texture: Squad/Parts/Command/mk2DroneCore/mk2Dronecore
[LOG 11:37:26.297] Load DDS texture: Squad/Parts/Command/mk2LanderCan/Illum
[LOG 11:37:26.304] Load DDS texture: Squad/Parts/Command/mk2LanderCan/ladder
[LOG 11:37:26.313] Load DDS texture: Squad/Parts/Command/mk2LanderCan/outershell
[LOG 11:37:26.333] Load DDS texture: Squad/Parts/Command/mk2LanderCan/outershell_n
[LOG 11:37:26.334] Load DDS texture: Squad/Parts/Command/mk2LanderCan/window
[LOG 11:37:26.343] Load DDS texture: Squad/Parts/Command/mk2LanderCan_v2/Mk2Can
[LOG 11:37:26.355] Load DDS texture: Squad/Parts/Command/mk2LanderCan_v2/Mk2Can_glow
[LOG 11:37:26.363] Load DDS texture: Squad/Parts/Command/mk3CockpitShuttle/Mk3CockpitShuttle
[LOG 11:37:26.377] Load DDS texture: Squad/Parts/Command/mk3CockpitShuttle/Mk3CockpitShuttle_LUM
[LOG 11:37:26.384] Load DDS texture: Squad/Parts/Command/MpoProbe/MpoProbe_diffuse
[LOG 11:37:26.394] Load DDS texture: Squad/Parts/Command/MpoProbe/MpoProbe_nrm
[LOG 11:37:26.403] Load DDS texture: Squad/Parts/Command/MpoProbe/MpoProbe_specular
[LOG 11:37:26.411] Load DDS texture: Squad/Parts/Command/MtmStage/mtmStage_diffuse
[LOG 11:37:26.420] Load DDS texture: Squad/Parts/Command/MtmStage/mtmStage_nrm
[LOG 11:37:26.427] Load DDS texture: Squad/Parts/Command/MtmStage/mtmStage_specular
[LOG 11:37:26.436] Load DDS texture: Squad/Parts/Command/probeCoreCube/QBE_New_diffuse
[LOG 11:37:26.445] Load Cached PNG Texture: Squad/Parts/Command/probeCoreCube/QBE_New_NRM
[LOG 11:37:26.453] Load DDS texture: Squad/Parts/Command/probeCoreCube/QBE_New_specular
[LOG 11:37:26.465] Load DDS texture: Squad/Parts/Command/probeCoreHex/ksp_m_hexProbe_diff
[LOG 11:37:26.492] Load DDS texture: Squad/Parts/Command/probeCoreHex/ksp_m_hexProbe_normal
[LOG 11:37:26.502] Load DDS texture: Squad/Parts/Command/probeCoreHex_v2/hecsDiffuse
[LOG 11:37:26.516] Load DDS texture: Squad/Parts/Command/probeCoreHex_v2/hecsNormal
[LOG 11:37:26.524] Load DDS texture: Squad/Parts/Command/probeCoreOcto2_v2/octoDiffuse
[LOG 11:37:26.531] Load DDS texture: Squad/Parts/Command/probeCoreOcto2_v2/octoNormal
[LOG 11:37:26.532] Load DDS texture: Squad/Parts/Command/probeCoreOcto2_v2/octoSpecular
[LOG 11:37:26.540] Load DDS texture: Squad/Parts/Command/probeCoreOcto_v2/octoDiffuse
[LOG 11:37:26.549] Load DDS texture: Squad/Parts/Command/probeCoreOcto_v2/octoNormal
[LOG 11:37:26.557] Load DDS texture: Squad/Parts/Command/probeCoreOcto_v2/octoSpecular
[LOG 11:37:26.564] Load DDS texture: Squad/Parts/Command/probeRoverBody/model000
[LOG 11:37:26.586] Load DDS texture: Squad/Parts/Command/probeRoverBody/model001
[LOG 11:37:26.593] Load DDS texture: Squad/Parts/Command/probeRoverBody_v2/probeRoverBody_v2_gold_diffuse
[LOG 11:37:26.601] Load Cached PNG Texture: Squad/Parts/Command/probeRoverBody_v2/probeRoverBody_v2_gold_NRM
[LOG 11:37:26.608] Load DDS texture: Squad/Parts/Command/probeRoverBody_v2/probeRoverBody_v2_gold_specular
[LOG 11:37:26.617] Load DDS texture: Squad/Parts/Command/probeRoverBody_v2/probeRoverBody_v2_silver_diffuse
[LOG 11:37:26.627] Load Cached PNG Texture: Squad/Parts/Command/probeRoverBody_v2/probeRoverBody_v2_silver_NRM
[LOG 11:37:26.633] Load DDS texture: Squad/Parts/Command/probeRoverBody_v2/probeRoverBody_v2_silver_specular
[LOG 11:37:26.635] Load DDS texture: Squad/Parts/Command/probeRoverBody_v2/QBE_New_diffuse
[LOG 11:37:26.636] Load DDS texture: Squad/Parts/Command/probeRoverBody_v2/QBE_New_NRM
[LOG 11:37:26.637] Load DDS texture: Squad/Parts/Command/probeRoverBody_v2/QBE_New_specular
[LOG 11:37:26.644] Load DDS texture: Squad/Parts/Command/probeStackLarge/model000
[LOG 11:37:26.651] Load DDS texture: Squad/Parts/Command/probeStackLarge/model001
[LOG 11:37:26.657] Load DDS texture: Squad/Parts/Command/probeStackSmall/model000
[LOG 11:37:26.665] Load DDS texture: Squad/Parts/Command/probeStackSmall/model001
[LOG 11:37:26.673] Load DDS texture: Squad/Parts/Command/probeStackSphere_v2/probeStackSphere_diffuse
[LOG 11:37:26.680] Load DDS texture: Squad/Parts/Command/probeStackSphere_v2/probeStackSphere_normal
[LOG 11:37:26.688] Load DDS texture: Squad/Parts/Command/probeStackSphere_v2/probeStackSphere_specular
[LOG 11:37:26.695] Load Cached PNG Texture: Squad/Parts/CompoundParts/@thumbs/fuelLine_icon0
[LOG 11:37:26.702] Load Cached PNG Texture: Squad/Parts/CompoundParts/@thumbs/fuelLine_icon1
[LOG 11:37:26.711] Load Cached PNG Texture: Squad/Parts/CompoundParts/@thumbs/strutConnector_icon0
[LOG 11:37:26.719] Load Cached PNG Texture: Squad/Parts/CompoundParts/@thumbs/strutConnector_icon1
[LOG 11:37:26.726] Load DDS texture: Squad/Parts/CompoundParts/FuelLine/FTX-2 External Fuel Duct
[LOG 11:37:26.734] Load DDS texture: Squad/Parts/CompoundParts/FuelLine/FTX-2 External Fuel Duct_ESA
[LOG 11:37:26.739] Load DDS texture: Squad/Parts/CompoundParts/strutConnector/EAS-4 Strut Connector
[LOG 11:37:26.745] Load DDS texture: Squad/Parts/CompoundParts/strutConnector/EAS-4 Strut Connector_white
[LOG 11:37:26.752] Load DDS texture: Squad/Parts/Coupling/Assets/Decouplers
[LOG 11:37:26.760] Load DDS texture: Squad/Parts/Coupling/Assets/Decouplers_N
[LOG 11:37:26.767] Load DDS texture: Squad/Parts/Coupling/Assets/Decouplers_whiteYellow
[LOG 11:37:26.774] Load DDS texture: Squad/Parts/Coupling/Assets/Decouplers_whiteYellow_N
[LOG 11:37:26.782] Load DDS texture: Squad/Parts/Electrical/10CSolarPanels/assets/circularSolarPanel_diffuse
[LOG 11:37:26.788] Load DDS texture: Squad/Parts/Electrical/10CSolarPanels/assets/circularSolarPanel_nrm
[LOG 11:37:26.795] Load DDS texture: Squad/Parts/Electrical/10LSolarPanels/assets/retractableSolarPanel_diffuse
[LOG 11:37:26.802] Load DDS texture: Squad/Parts/Electrical/10LSolarPanels/assets/retractableSolarPanel_nrm
[LOG 11:37:26.808] Load DDS texture: Squad/Parts/Electrical/1x6ShroudSolarPanels/model000
[LOG 11:37:26.818] Load DDS texture: Squad/Parts/Electrical/1x6ShroudSolarPanels/model001
[LOG 11:37:26.824] Load DDS texture: Squad/Parts/Electrical/1x6ShroudSolarPanels/model002
[LOG 11:37:26.830] Load DDS texture: Squad/Parts/Electrical/1x6SolarPanels/model000
[LOG 11:37:26.837] Load DDS texture: Squad/Parts/Electrical/1x6SolarPanels/model001
[LOG 11:37:26.842] Load DDS texture: Squad/Parts/Electrical/1x6SolarPanels/model002
[LOG 11:37:26.848] Load DDS texture: Squad/Parts/Electrical/3x2ShroudSolarPanels/model000
[LOG 11:37:26.853] Load DDS texture: Squad/Parts/Electrical/3x2ShroudSolarPanels/model001
[LOG 11:37:26.865] Load DDS texture: Squad/Parts/Electrical/3x2ShroudSolarPanels/model002
[LOG 11:37:26.871] Load DDS texture: Squad/Parts/Electrical/3x2SolarPanels/model000
[LOG 11:37:26.879] Load DDS texture: Squad/Parts/Electrical/3x2SolarPanels/model001
[LOG 11:37:26.891] Load DDS texture: Squad/Parts/Electrical/3x2SolarPanels/model002
[LOG 11:37:26.897] Load DDS texture: Squad/Parts/Electrical/gigantorXlSolarArray/panel
[LOG 11:37:26.904] Load DDS texture: Squad/Parts/Electrical/radialFlatSolarPanel/model000
[LOG 11:37:26.909] Load DDS texture: Squad/Parts/Electrical/RTG/model000
[LOG 11:37:26.914] Load DDS texture: Squad/Parts/Electrical/z-100Battery/model000
[LOG 11:37:26.919] Load DDS texture: Squad/Parts/Electrical/z-1kBattery/model000
[LOG 11:37:26.927] Load DDS texture: Squad/Parts/Electrical/z-1kBattery/model001
[LOG 11:37:26.932] Load DDS texture: Squad/Parts/Electrical/z-200Battery/ksp_m_batteryPack_diff
[LOG 11:37:26.938] Load DDS texture: Squad/Parts/Electrical/z-400Battery/model000
[LOG 11:37:26.947] Load DDS texture: Squad/Parts/Electrical/z-4kBattery/ksp_l_batteryPack_diff
[LOG 11:37:26.960] Load DDS texture: Squad/Parts/Electrical/z-4kBattery/ksp_l_batteryPack_normal
[LOG 11:37:26.967] Load DDS texture: Squad/Parts/Engine/ionEngine/model000
[LOG 11:37:26.972] Load DDS texture: Squad/Parts/Engine/jetEngines/Jet Engines
[LOG 11:37:26.979] Load DDS texture: Squad/Parts/Engine/jetEngines/Jet_Heat
[LOG 11:37:26.988] Load DDS texture: Squad/Parts/Engine/liquidEngine24-77/engine
[LOG 11:37:26.993] Load DDS texture: Squad/Parts/Engine/liquidEngine24-77_v2/Twitch
[LOG 11:37:27.000] Load DDS texture: Squad/Parts/Engine/liquidEngine24-77_v2/Twitch_G
[LOG 11:37:27.008] Load DDS texture: Squad/Parts/Engine/liquidEngine24-77_v2/Twitch_GLOW
[LOG 11:37:27.013] Load DDS texture: Squad/Parts/Engine/liquidEngine48-7S/ksp_m_liquidEngine_diff
[LOG 11:37:27.020] Load DDS texture: Squad/Parts/Engine/liquidEngine48-7S_v2/Spark
[LOG 11:37:27.025] Load DDS texture: Squad/Parts/Engine/liquidEngine48-7S_v2/Spark_Glow
[LOG 11:37:27.030] Load DDS texture: Squad/Parts/Engine/liquidEngineAerospike/Aerospike
[LOG 11:37:27.036] Load DDS texture: Squad/Parts/Engine/liquidEngineAerospike/Aerospike_Heat
[LOG 11:37:27.042] Load DDS texture: Squad/Parts/Engine/liquidEngineLV-1_v2/Assets/Ant_and_Spider_diffuse
[LOG 11:37:27.048] Load DDS texture: Squad/Parts/Engine/liquidEngineLV-1_v2/Assets/Ant_and_Spider_emissive
[LOG 11:37:27.054] Load DDS texture: Squad/Parts/Engine/liquidEngineLV-1_v2/Assets/Ant_and_Spider_normal
[LOG 11:37:27.060] Load DDS texture: Squad/Parts/Engine/liquidEngineLV-1_v2/Assets/Ant_and_Spider_specular
[LOG 11:37:27.066] Load DDS texture: Squad/Parts/Engine/liquidEngineLV-909_v2/Terrier
[LOG 11:37:27.184] Load DDS texture: Squad/Parts/Engine/liquidEngineLV-909_v2/TerrierFairing
[LOG 11:37:27.192] Load DDS texture: Squad/Parts/Engine/liquidEngineLV-909_v2/Terrier_glow
[LOG 11:37:27.198] Load DDS texture: Squad/Parts/Engine/liquidEngineLV-N/model000
[LOG 11:37:27.207] Load DDS texture: Squad/Parts/Engine/liquidEngineLV-N/model001
[LOG 11:37:27.212] Load DDS texture: Squad/Parts/Engine/liquidEngineLV-N/model002
[LOG 11:37:27.219] Load DDS texture: Squad/Parts/Engine/liquidEngineLV-N/model003
[LOG 11:37:27.225] Load DDS texture: Squad/Parts/Engine/liquidEngineLV-T30/model000
[LOG 11:37:27.240] Load DDS texture: Squad/Parts/Engine/liquidEngineLV-T30/model001
[LOG 11:37:27.247] Load DDS texture: Squad/Parts/Engine/liquidEngineLV-T30/model002
[LOG 11:37:27.254] Load DDS texture: Squad/Parts/Engine/liquidEngineLV-T30_v2/Engine_Emissive
[LOG 11:37:27.264] Load DDS texture: Squad/Parts/Engine/liquidEngineLV-T30_v2/Engine_Normal
[LOG 11:37:27.274] Load DDS texture: Squad/Parts/Engine/liquidEngineLV-T30_v2/Fairing
[LOG 11:37:27.283] Load DDS texture: Squad/Parts/Engine/liquidEngineLV-T30_v2/Reliant_v2-shroud_Diffuse
[LOG 11:37:27.293] Load DDS texture: Squad/Parts/Engine/liquidEngineLV-T30_v2/Reliant_v2_Diffuse
[LOG 11:37:27.302] Load DDS texture: Squad/Parts/Engine/liquidEngineLV-T45/model000
[LOG 11:37:27.310] Load DDS texture: Squad/Parts/Engine/liquidEngineLV-T45/model001
[LOG 11:37:27.322] Load DDS texture: Squad/Parts/Engine/liquidEngineLV-T45/model002
[LOG 11:37:27.340] Load DDS texture: Squad/Parts/Engine/liquidEngineLV-T45/model003
[LOG 11:37:27.351] Load DDS texture: Squad/Parts/Engine/liquidEngineLV-T45_v2/Engine_Emissive
[LOG 11:37:27.358] Load DDS texture: Squad/Parts/Engine/liquidEngineLV-T45_v2/Fairing
[LOG 11:37:27.366] Load DDS texture: Squad/Parts/Engine/liquidEngineLV-T45_v2/Swivel_v2_Diffuse
[LOG 11:37:27.376] Load DDS texture: Squad/Parts/Engine/liquidEngineLV-T45_v2/Swivel_v2_Normal
[LOG 11:37:27.386] Load DDS texture: Squad/Parts/Engine/liquidEngineMainsail_v2/mainsail_diffuse
[LOG 11:37:27.396] Load DDS texture: Squad/Parts/Engine/liquidEngineMainsail_v2/mainsail_emissive
[LOG 11:37:27.403] Load DDS texture: Squad/Parts/Engine/liquidEngineMainsail_v2/mainsail_nrm
[LOG 11:37:27.413] Load DDS texture: Squad/Parts/Engine/liquidEngineMainsail_v2/mainsail_specular
[LOG 11:37:27.422] Load DDS texture: Squad/Parts/Engine/liquidEngineMainsail_v2/Shroud
[LOG 11:37:27.430] Load DDS texture: Squad/Parts/Engine/liquidEngineMk55/Thud
[LOG 11:37:27.438] Load DDS texture: Squad/Parts/Engine/liquidEngineMk55/Thud_Heat
[LOG 11:37:27.445] Load DDS texture: Squad/Parts/Engine/liquidEnginePoodle_v2/poodle
[LOG 11:37:27.450] Load DDS texture: Squad/Parts/Engine/liquidEnginePoodle_v2/PoodleShroud
[LOG 11:37:27.458] Load DDS texture: Squad/Parts/Engine/liquidEnginePoodle_v2/poodle_Glow
[LOG 11:37:27.465] Load DDS texture: Squad/Parts/Engine/liquidEnginePoodle_v2/Poodle_SingleBell_Poodle_Diffuse
[LOG 11:37:27.473] Load DDS texture: Squad/Parts/Engine/liquidEnginePoodle_v2/Poodle_SingleBell_Poodle_Emissive
[LOG 11:37:27.480] Load DDS texture: Squad/Parts/Engine/liquidEnginePoodle_v2/Poodle_SingleBell_Poodle_Normal
[LOG 11:37:27.487] Load DDS texture: Squad/Parts/Engine/liquidEngineSkipper_v2/Shroud
[LOG 11:37:27.495] Load DDS texture: Squad/Parts/Engine/liquidEngineSkipper_v2/skipper_v2_diffuse
[LOG 11:37:27.505] Load DDS texture: Squad/Parts/Engine/liquidEngineSkipper_v2/skipper_v2_emissive
[LOG 11:37:27.515] Load DDS texture: Squad/Parts/Engine/liquidEngineSkipper_v2/skipper_v2_normal
[LOG 11:37:27.523] Load DDS texture: Squad/Parts/Engine/liquidEngineSSME/SSME
[LOG 11:37:27.531] Load DDS texture: Squad/Parts/Engine/liquidEngineSSME/SSME_GLOW
[LOG 11:37:27.544] Load DDS texture: Squad/Parts/Engine/liquidEngineSSME/SSME_NRM
[LOG 11:37:27.551] Load DDS texture: Squad/Parts/Engine/MassiveSRB/solid_booster_cm
[LOG 11:37:27.558] Load DDS texture: Squad/Parts/Engine/MassiveSRB/solid_booster_cm_esa
[LOG 11:37:27.564] Load DDS texture: Squad/Parts/Engine/MassiveSRB/solid_booster_em
[LOG 11:37:27.571] Load DDS texture: Squad/Parts/Engine/MassiveSRB/solid_booster_nm
[LOG 11:37:27.577] Load DDS texture: Squad/Parts/Engine/miniJet/SmallJet
[LOG 11:37:27.583] Load DDS texture: Squad/Parts/Engine/OMSEngine/Puff_diffuse
[LOG 11:37:27.590] Load DDS texture: Squad/Parts/Engine/OMSEngine/Puff_emissive
[LOG 11:37:27.596] Load DDS texture: Squad/Parts/Engine/OMSEngine/Puff_normal
[LOG 11:37:27.604] Load DDS texture: Squad/Parts/Engine/OMSEngine/Puff_specular
[LOG 11:37:27.612] Load DDS texture: Squad/Parts/Engine/rapierEngine/rapierDiffuse
[LOG 11:37:27.620] Load DDS texture: Squad/Parts/Engine/rapierEngine/rapieremit
[LOG 11:37:27.628] Load DDS texture: Squad/Parts/Engine/Size1_SRBs/SRB_O
[LOG 11:37:27.633] Load DDS texture: Squad/Parts/Engine/Size1_SRBs/SRB_W
[LOG 11:37:27.640] Load DDS texture: Squad/Parts/Engine/Size1_SRBs/SRB_Y
[LOG 11:37:27.651] Load DDS texture: Squad/Parts/Engine/Size2LFB/Size2LFBEmissive
[LOG 11:37:27.659] Load DDS texture: Squad/Parts/Engine/Size2LFB/twin_nozzle_booster_cm
[LOG 11:37:27.666] Load DDS texture: Squad/Parts/Engine/Size2LFB/twin_nozzle_booster_nm
[LOG 11:37:27.674] Load DDS texture: Squad/Parts/Engine/Size2LFB_v2/Size2LFBEmissive
[LOG 11:37:27.680] Load DDS texture: Squad/Parts/Engine/Size2LFB_v2/twin_nozzle_booster_cm
[LOG 11:37:27.687] Load DDS texture: Squad/Parts/Engine/Size2LFB_v2/twin_nozzle_booster_nm
[LOG 11:37:27.693] Load DDS texture: Squad/Parts/Engine/Size3AdvancedEngine/decoupler_and_adaptor_cm
[LOG 11:37:27.700] Load DDS texture: Squad/Parts/Engine/Size3AdvancedEngine/Size3AdvancedEngineDiffuse
[LOG 11:37:27.708] Load DDS texture: Squad/Parts/Engine/Size3AdvancedEngine/Size3AdvancedEngineEmissive
[LOG 11:37:27.713] Load DDS texture: Squad/Parts/Engine/Size3AdvancedEngine/Size3AdvancedEngineNormal
[LOG 11:37:27.727] Load DDS texture: Squad/Parts/Engine/Size3EngineCluster/ClusterEngineEmit
[LOG 11:37:27.735] Load DDS texture: Squad/Parts/Engine/Size3EngineCluster/four_nozzle_engine_cm
[LOG 11:37:27.744] Load DDS texture: Squad/Parts/Engine/Size3EngineCluster/four_nozzle_engine_nm
[LOG 11:37:27.751] Load DDS texture: Squad/Parts/Engine/solidBoosterBACC/model000
[LOG 11:37:27.758] Load DDS texture: Squad/Parts/Engine/solidBoosterBACC/model001
[LOG 11:37:27.766] Load DDS texture: Squad/Parts/Engine/solidBoosterBACC/model002
[LOG 11:37:27.773] Load DDS texture: Squad/Parts/Engine/solidBoosterRT-5/RT5
[LOG 11:37:27.791] Load DDS texture: Squad/Parts/Engine/solidBoosterS2-17/solidBoosterS2-17_diffuse
[LOG 11:37:27.806] Load DDS texture: Squad/Parts/Engine/solidBoosterS2-17/solidBoosterS2-17_emissive
[LOG 11:37:27.819] Load DDS texture: Squad/Parts/Engine/solidBoosterS2-17/solidBoosterS2-17_normal
[LOG 11:37:27.849] Load DDS texture: Squad/Parts/Engine/solidBoosterS2-33/solidBoosterS2-33_diffuse
[LOG 11:37:27.896] Load DDS texture: Squad/Parts/Engine/solidBoosterS2-33/solidBoosterS2-33_emissive
[LOG 11:37:27.931] Load DDS texture: Squad/Parts/Engine/solidBoosterS2-33/solidBoosterS2-33_normal
[LOG 11:37:27.979] Load DDS texture: Squad/Parts/Engine/solidBoosterSep/model000
[LOG 11:37:27.979] Load DDS texture: Squad/Parts/Engine/solidBoosterSep/motor
[LOG 11:37:27.979] Load DDS texture: Squad/Parts/Engine/SolidBoostersF/Assets/SolidBoosterF3S0_diffuse
[LOG 11:37:27.980] Load DDS texture: Squad/Parts/Engine/SolidBoostersF/Assets/SolidBoosterF3S0_emissive
[LOG 11:37:27.980] Load DDS texture: Squad/Parts/Engine/SolidBoostersF/Assets/SolidBoosterF3S0_normal
[LOG 11:37:27.988] Load DDS texture: Squad/Parts/FuelTank/adapterTanks/Mk3Adapters
[LOG 11:37:27.995] Load DDS texture: Squad/Parts/FuelTank/drainTankFTE-1/fuelValve_diffuse
[LOG 11:37:28.003] Load DDS texture: Squad/Parts/FuelTank/drainTankFTE-1/fuelValve_nrm
[LOG 11:37:28.012] Load DDS texture: Squad/Parts/FuelTank/FoilTanks/RadialTanks
[LOG 11:37:28.019] Load DDS texture: Squad/Parts/FuelTank/FoilTanks/RadialTanksGold_specular
[LOG 11:37:28.026] Load DDS texture: Squad/Parts/FuelTank/FoilTanks/RadialTanksSilver_specular
[LOG 11:37:28.033] Load DDS texture: Squad/Parts/FuelTank/FoilTanks/RadialTanks_N
[LOG 11:37:28.040] Load DDS texture: Squad/Parts/FuelTank/FoilTanks/RadialTanks_silver
[LOG 11:37:28.046] Load DDS texture: Squad/Parts/FuelTank/fuelTankOscarB/model000
[LOG 11:37:28.052] Load DDS texture: Squad/Parts/FuelTank/fuelTankOscarB/model001
[LOG 11:37:28.058] Load DDS texture: Squad/Parts/FuelTank/fuelTankOscarB/tank
[LOG 11:37:28.064] Load DDS texture: Squad/Parts/FuelTank/fuelTankOscarB/tank_n
[LOG 11:37:28.070] Load DDS texture: Squad/Parts/FuelTank/miniFuselage/Fuselage
[LOG 11:37:28.078] Load DDS texture: Squad/Parts/FuelTank/mk2Adapters/mk2adapters1m
[LOG 11:37:28.086] Load DDS texture: Squad/Parts/FuelTank/mk2FuselageLong/mk2Fuselage
[LOG 11:37:28.093] Load DDS texture: Squad/Parts/FuelTank/mk2FuselageShort/mk2FuselageShort
[LOG 11:37:28.099] Load DDS texture: Squad/Parts/FuelTank/mk3Fuselage/Mk3Fuselage
[LOG 11:37:28.107] Load DDS texture: Squad/Parts/FuelTank/mk3Fuselage/Mk3Fuselage_LUM
[LOG 11:37:28.113] Load DDS texture: Squad/Parts/FuelTank/RCSFuelTankR1/RCSFuelTankR1_01
[LOG 11:37:28.121] Load DDS texture: Squad/Parts/FuelTank/RCSFuelTankR1/RCSFuelTankR1_02
[LOG 11:37:28.127] Load DDS texture: Squad/Parts/FuelTank/RCSFuelTankR1/RCSFuelTankR1_N
[LOG 11:37:28.134] Load DDS texture: Squad/Parts/FuelTank/RCSFuelTankR10/ksp_m_rcsTank_diff
[LOG 11:37:28.153] Load DDS texture: Squad/Parts/FuelTank/RCSFuelTankR10/ksp_m_rcsTank_normal
[LOG 11:37:28.160] Load DDS texture: Squad/Parts/FuelTank/RCSFuelTankR25/FL-R25 RCS Fuel Tank_D
[LOG 11:37:28.168] Load DDS texture: Squad/Parts/FuelTank/RCSFuelTankR25/FL-R25 RCS Fuel Tank_N
[LOG 11:37:28.174] Load DDS texture: Squad/Parts/FuelTank/RCSTankRadial/model000
[LOG 11:37:28.180] Load DDS texture: Squad/Parts/FuelTank/RCStankRadialLong/ksp_r_rcsCylTank_diff
[LOG 11:37:28.188] Load DDS texture: Squad/Parts/FuelTank/RockomaxTanks/Assets/rockomax_16 [AlbedoM] BW
[LOG 11:37:28.196] Load DDS texture: Squad/Parts/FuelTank/RockomaxTanks/Assets/rockomax_16 [AlbedoM] ESA
[LOG 11:37:28.206] Load DDS texture: Squad/Parts/FuelTank/RockomaxTanks/Assets/rockomax_16 [AlbedoM] O
[LOG 11:37:28.214] Load DDS texture: Squad/Parts/FuelTank/RockomaxTanks/Assets/rockomax_16 [Normal] BW
[LOG 11:37:28.223] Load DDS texture: Squad/Parts/FuelTank/RockomaxTanks/Assets/rockomax_16 [Normal]ESA
[LOG 11:37:28.233] Load DDS texture: Squad/Parts/FuelTank/RockomaxTanks/Assets/rockomax_16 [Normal]O
[LOG 11:37:28.243] Load DDS texture: Squad/Parts/FuelTank/RockomaxTanks/Assets/rockomax_32 [AlbedoM] ESA
[LOG 11:37:28.250] Load DDS texture: Squad/Parts/FuelTank/RockomaxTanks/Assets/rockomax_32 [Normal]ESA
[LOG 11:37:28.257] Load DDS texture: Squad/Parts/FuelTank/Size1_Tanks/125Tanks_BW
[LOG 11:37:28.264] Load DDS texture: Squad/Parts/FuelTank/Size1_Tanks/125Tanks_D
[LOG 11:37:28.274] Load DDS texture: Squad/Parts/FuelTank/Size1_Tanks/125Tanks_N
[LOG 11:37:28.282] Load DDS texture: Squad/Parts/FuelTank/Size1_Tanks/125Tanks_O
[LOG 11:37:28.289] Load DDS texture: Squad/Parts/FuelTank/Size1_Tanks/125Tanks_W
[LOG 11:37:28.297] Load DDS texture: Squad/Parts/FuelTank/Size3Tanks/fueltTanks_cm
[LOG 11:37:28.304] Load Cached PNG Texture: Squad/Parts/FuelTank/Size3Tanks/Size3Tanks
[LOG 11:37:28.310] Load Cached PNG Texture: Squad/Parts/FuelTank/Size3Tanks/Size3Tanks_Norm
[LOG 11:37:28.318] Load Cached PNG Texture: Squad/Parts/FuelTank/Size3Tanks/Size3Tanks_Orange
[LOG 11:37:28.325] Load Cached PNG Texture: Squad/Parts/FuelTank/Size3Tanks/Size3Tanks_Orange_Norm
[LOG 11:37:28.332] Load DDS texture: Squad/Parts/FuelTank/xenonTank/model000
[LOG 11:37:28.338] Load DDS texture: Squad/Parts/FuelTank/xenonTank/model001
[LOG 11:37:28.347] Load DDS texture: Squad/Parts/FuelTank/xenonTankLarge/tank
[LOG 11:37:28.352] Load DDS texture: Squad/Parts/FuelTank/xenonTankRadial/ksp_r_xenonTank_diff
[LOG 11:37:28.358] Load DDS texture: Squad/Parts/Misc/AsteroidDay/CamSat
[LOG 11:37:28.372] Load DDS texture: Squad/Parts/Misc/AsteroidDay/CamSat_glow
[LOG 11:37:28.380] Load DDS texture: Squad/Parts/Misc/AsteroidDay/CamSat_N_NRM
[LOG 11:37:28.387] Load DDS texture: Squad/Parts/Misc/AsteroidDay/default
[LOG 11:37:28.393] Load DDS texture: Squad/Parts/Misc/AsteroidDay/hecsDiffuse
[LOG 11:37:28.403] Load DDS texture: Squad/Parts/Misc/AsteroidDay/hecsNormal
[LOG 11:37:28.409] Load DDS texture: Squad/Parts/Misc/AsteroidDay/hecsSpecular
[LOG 11:37:28.416] Load DDS texture: Squad/Parts/Misc/AsteroidDay/JumboHexProbe
[LOG 11:37:28.425] Load DDS texture: Squad/Parts/Misc/AsteroidDay/JumboHexProbe_NORM_NRM
[LOG 11:37:28.432] Load DDS texture: Squad/Parts/Resources/FuelCell/FCLamp
[LOG 11:37:28.437] Load DDS texture: Squad/Parts/Resources/FuelCell/FuelCellRack
[LOG 11:37:28.443] Load DDS texture: Squad/Parts/Resources/FuelCell/fuellcell
[LOG 11:37:28.449] Load DDS texture: Squad/Parts/Resources/ISRU/Processor_Large
[LOG 11:37:28.456] Load DDS texture: Squad/Parts/Resources/LargeTank/ksp_l_resourceContainer_diff
[LOG 11:37:28.462] Load DDS texture: Squad/Parts/Resources/LargeTank/ksp_l_resourceContainer_norm
[LOG 11:37:28.469] Load DDS texture: Squad/Parts/Resources/MiniDrill/DustParticle
[LOG 11:37:28.477] Load DDS texture: Squad/Parts/Resources/MiniDrill/ksp_r_rockProbe_diff
[LOG 11:37:28.484] Load DDS texture: Squad/Parts/Resources/MiniDrill/RockParticle
[LOG 11:37:28.490] Load DDS texture: Squad/Parts/Resources/MiniISRU/ksp_s_processorSmall_diff
[LOG 11:37:28.495] Load DDS texture: Squad/Parts/Resources/OrbitalScanner/detector
[LOG 11:37:28.500] Load DDS texture: Squad/Parts/Resources/RadialDrill/DustParticle
[LOG 11:37:28.506] Load DDS texture: Squad/Parts/Resources/RadialDrill/RockParticle
[LOG 11:37:28.512] Load DDS texture: Squad/Parts/Resources/RadialDrill/TriBitDrill
[LOG 11:37:28.517] Load DDS texture: Squad/Parts/Resources/RadialTank/ksp_r_resourceContainer_psd_2
[LOG 11:37:28.524] Load DDS texture: Squad/Parts/Resources/SmallTank/ksp_s_resourceContainer_diff
[LOG 11:37:28.530] Load DDS texture: Squad/Parts/Resources/SmallTank/ksp_s_resourceContainer_normal
[LOG 11:37:28.537] Load DDS texture: Squad/Parts/Resources/SurfaceScanner/ksp_r_samplerAir_diff
[LOG 11:37:28.544] Load DDS texture: Squad/Parts/Resources/SurveyScanner/dish
[LOG 11:37:28.550] Load DDS texture: Squad/Parts/Resources/SurveyScanner/dish_n
[LOG 11:37:28.558] Load DDS texture: Squad/Parts/Science/AtmosphereSensor/ksp_r_hydroscoop_diff
[LOG 11:37:28.564] Load DDS texture: Squad/Parts/Science/GooExperiment/GooExperiment
[LOG 11:37:28.570] Load DDS texture: Squad/Parts/Science/LargeCrewedLab/Large_Crewed_Lab
[LOG 11:37:28.577] Load DDS texture: Squad/Parts/Science/LargeCrewedLab/Large_Crewed_Lab_glow
[LOG 11:37:28.579] Load DDS texture: Squad/Parts/Science/LargeCrewedLab/window
[LOG 11:37:28.586] Load DDS texture: Squad/Parts/Science/Magnetometer/Magnetometer_diffuse
[LOG 11:37:28.592] Load DDS texture: Squad/Parts/Science/Magnetometer/Magnetometer_nrm
[LOG 11:37:28.598] Load DDS texture: Squad/Parts/Science/MaterialBay/science_module_small
[LOG 11:37:28.605] Load DDS texture: Squad/Parts/Science/MaterialBay/science_module_small_emit
[LOG 11:37:28.611] Load DDS texture: Squad/Parts/Science/MaterialBay/science_module_small_nrm
[LOG 11:37:28.617] Load DDS texture: Squad/Parts/Science/MaterialBay/wires
[LOG 11:37:28.622] Load DDS texture: Squad/Parts/Science/ScienceBox/Container
[LOG 11:37:28.628] Load DDS texture: Squad/Parts/Science/sensorAccelerometer/model000
[LOG 11:37:28.634] Load DDS texture: Squad/Parts/Science/sensorBarometer/model000
[LOG 11:37:28.639] Load DDS texture: Squad/Parts/Science/sensorGravimeter/model000
[LOG 11:37:28.644] Load DDS texture: Squad/Parts/Science/sensorThermometer/model000
[LOG 11:37:28.650] Load DDS texture: Squad/Parts/Structural/FLAdapters/Assets/FLA-Adapters_diffuse
[LOG 11:37:28.657] Load DDS texture: Squad/Parts/Structural/FLAdapters/Assets/FLA-Adapters_diffuse_O
[LOG 11:37:28.664] Load DDS texture: Squad/Parts/Structural/FLAdapters/Assets/FLA-Adapters_normal
[LOG 11:37:28.672] Load DDS texture: Squad/Parts/Structural/FLAdapters/Assets/FLA-Adapters_normal_O
[LOG 11:37:28.680] Load DDS texture: Squad/Parts/Structural/mk1Parts/Mk1Structural
[LOG 11:37:28.689] Load DDS texture: Squad/Parts/Structural/mk1Parts/Mk1StructuralHeat
[LOG 11:37:28.695] Load Cached PNG Texture: Squad/Parts/Structural/mk1Parts/@thumbs/MK1Fuselage_icon
[LOG 11:37:28.705] Load DDS texture: Squad/Parts/Structural/Size3To2Adapter_v2/Size2to3_BW_Diffuse
[LOG 11:37:28.715] Load DDS texture: Squad/Parts/Structural/Size3To2Adapter_v2/Size2to3_DUMMY_NRM
[LOG 11:37:28.725] Load DDS texture: Squad/Parts/Structural/Size3To2Adapter_v2/Size2to3_O_Diffuse
[LOG 11:37:28.737] Load DDS texture: Squad/Parts/Structural/Size3To2Adapter_v2/Size2to3_W_Diffuse
[LOG 11:37:28.751] Load DDS texture: Squad/Parts/Structural/Size3To2Adapter_v2/Size2to3_W_NRM
[LOG 11:37:28.760] Load DDS texture: Squad/Parts/Structural/stackAdapters/Assets/stackAdapters_diffuse
[LOG 11:37:28.769] Load DDS texture: Squad/Parts/Structural/stackAdapters/Assets/stackAdapters_diffuse_Dark
[LOG 11:37:28.780] Load DDS texture: Squad/Parts/Structural/stackAdapters/Assets/stackAdapters_diffuse_Orange
[LOG 11:37:28.788] Load DDS texture: Squad/Parts/Structural/stackAdapters/Assets/stackAdapters_normal
[LOG 11:37:28.796] Load DDS texture: Squad/Parts/Structural/stackAdapters/Assets/stackAdapters_normal_Orange
[LOG 11:37:28.803] Load DDS texture: Squad/Parts/Structural/stationHub/model000
[LOG 11:37:28.810] Load DDS texture: Squad/Parts/Structural/stationHub/model001
[LOG 11:37:28.817] Load DDS texture: Squad/Parts/Structural/structuralIBeam200/model000
[LOG 11:37:28.824] Load DDS texture: Squad/Parts/Structural/structuralIBeam200Pocket/model000
[LOG 11:37:28.829] Load DDS texture: Squad/Parts/Structural/structuralIBeam650/model000
[LOG 11:37:28.835] Load DDS texture: Squad/Parts/Structural/structuralMicronode/model000
[LOG 11:37:28.841] Load DDS texture: Squad/Parts/Structural/structuralPanel1x1/model000
[LOG 11:37:28.858] Load DDS texture: Squad/Parts/Structural/structuralPanel1x1/model001
[LOG 11:37:28.865] Load DDS texture: Squad/Parts/Structural/structuralPanel2x2/model000
[LOG 11:37:28.885] Load DDS texture: Squad/Parts/Structural/structuralPanel2x2/model001
[LOG 11:37:28.892] Load DDS texture: Squad/Parts/Structural/structuralPylons/Pylons
[LOG 11:37:28.898] Load DDS texture: Squad/Parts/Structural/strutCubicOcto/cubestrut
[LOG 11:37:28.904] Load DDS texture: Squad/Parts/Structural/strutOcto/model000
[LOG 11:37:28.910] Load DDS texture: Squad/Parts/Structural/trussGirderAdapter/model000
[LOG 11:37:28.919] Load DDS texture: Squad/Parts/Structural/trussGirderAdapter/model001
[LOG 11:37:28.926] Load DDS texture: Squad/Parts/Structural/trussGirderL/model000
[LOG 11:37:28.932] Load DDS texture: Squad/Parts/Structural/trussGirderXL/model000
[LOG 11:37:28.939] Load DDS texture: Squad/Parts/Thermal/FoldingRadiators/radiator
[LOG 11:37:28.946] Load DDS texture: Squad/Parts/Thermal/FoldingRadiators/radiator_N_NRM
[LOG 11:37:28.952] Load DDS texture: Squad/Parts/Thermal/RadiatorPanels/radPanel
[LOG 11:37:28.960] Load DDS texture: Squad/Parts/Thermal/RadiatorPanels/radPanel_N_NRM
[LOG 11:37:28.967] Load DDS texture: Squad/Parts/Utility/commDish88-88/comm_dish_array
[LOG 11:37:28.973] Load DDS texture: Squad/Parts/Utility/commDish88-88/comm_dish_v2_diff
[LOG 11:37:28.979] Load DDS texture: Squad/Parts/Utility/commDish88-88/model000
[LOG 11:37:28.985] Load DDS texture: Squad/Parts/Utility/commsAntennaDTS-M1/mediumDishAntenna
[LOG 11:37:28.994] Load DDS texture: Squad/Parts/Utility/commsAntennaDTS-M1/mediumDishAntenna_Emit
[LOG 11:37:29.000] Load DDS texture: Squad/Parts/Utility/commsDish16/model000
[LOG 11:37:29.006] Load DDS texture: Squad/Parts/Utility/decouplerRadialHDM/model000
[LOG 11:37:29.012] Load DDS texture: Squad/Parts/Utility/decouplerRadialTT-38K/model000
[LOG 11:37:29.017] Load DDS texture: Squad/Parts/Utility/decouplerRadialTT-38K/model001
[LOG 11:37:29.024] Load DDS texture: Squad/Parts/Utility/decouplerRadialTT-70/model000
[LOG 11:37:29.029] Load DDS texture: Squad/Parts/Utility/DirectAntennas/MiniAntenna
[LOG 11:37:29.037] Load DDS texture: Squad/Parts/Utility/dockingPort/Arrow Pointer
[LOG 11:37:29.044] Load DDS texture: Squad/Parts/Utility/dockingPort/DockingPorts_Clampotron_Diffuse
[LOG 11:37:29.053] Load DDS texture: Squad/Parts/Utility/dockingPort/DockingPorts_Clampotron_Emissive
[LOG 11:37:29.061] Load DDS texture: Squad/Parts/Utility/dockingPort/DockingPorts_Clampotron_Normal
[LOG 11:37:29.068] Load DDS texture: Squad/Parts/Utility/dockingPortInline/Arrow Pointer
[LOG 11:37:29.073] Load DDS texture: Squad/Parts/Utility/dockingPortInline/ClampotronLinear_ClampotronLinear_Diffuse
[LOG 11:37:29.082] Load DDS texture: Squad/Parts/Utility/dockingPortInline/ClampotronLinear_ClampotronLinear_Emissive
[LOG 11:37:29.092] Load DDS texture: Squad/Parts/Utility/dockingPortInline/ClampotronLinear_ClampotronLinear_Normal
[LOG 11:37:29.100] Load DDS texture: Squad/Parts/Utility/dockingPortInline/DockingPorts_Clampotron_Diffuse
[LOG 11:37:29.109] Load DDS texture: Squad/Parts/Utility/dockingPortInline/DockingPorts_Clampotron_Emissive
[LOG 11:37:29.117] Load DDS texture: Squad/Parts/Utility/dockingPortInline/DockingPorts_Clampotron_Normal
[LOG 11:37:29.123] Load DDS texture: Squad/Parts/Utility/dockingPortJr/Arrow Pointer
[LOG 11:37:29.126] Load DDS texture: Squad/Parts/Utility/dockingPortJr/DockingPorts_ClampotronJR_Diffuse
[LOG 11:37:29.134] Load DDS texture: Squad/Parts/Utility/dockingPortJr/DockingPorts_ClampotronJR_Normal
[LOG 11:37:29.140] Load DDS texture: Squad/Parts/Utility/dockingPortJr/model000
[LOG 11:37:29.142] Load DDS texture: Squad/Parts/Utility/dockingPortShielded/Arrow Pointer
[LOG 11:37:29.150] Load DDS texture: Squad/Parts/Utility/dockingPortShielded/Clamp-O-Tron Shielded Docking Port_ClampotronShielded_Diffuse
[LOG 11:37:29.160] Load DDS texture: Squad/Parts/Utility/dockingPortShielded/Clamp-O-Tron Shielded Docking Port_ClampotronShielded_Normal
[LOG 11:37:29.170] Load DDS texture: Squad/Parts/Utility/dockingPortShielded/DockingPorts_Clampotron_Diffuse
[LOG 11:37:29.178] Load DDS texture: Squad/Parts/Utility/dockingPortShielded/DockingPorts_Clampotron_Emissive
[LOG 11:37:29.186] Load DDS texture: Squad/Parts/Utility/dockingPortShielded/DockingPorts_Clampotron_Normal
[LOG 11:37:29.191] Load DDS texture: Squad/Parts/Utility/dockingPortSr/Arrow Pointer
[LOG 11:37:29.197] Load DDS texture: Squad/Parts/Utility/dockingPortSr/ClampotronSr_ClampotronSr_Diffuse
[LOG 11:37:29.207] Load DDS texture: Squad/Parts/Utility/dockingPortSr/ClampotronSr_ClampotronSr_Diffuse_gray
[LOG 11:37:29.215] Load DDS texture: Squad/Parts/Utility/dockingPortSr/ClampotronSr_ClampotronSr_Emissive
[LOG 11:37:29.224] Load DDS texture: Squad/Parts/Utility/dockingPortSr/ClampotronSr_ClampotronSr_Normal
[LOG 11:37:29.235] Load Cached PNG Texture: Squad/Parts/Utility/Fireworks/Assets/fireworks_launcher_big 1
[LOG 11:37:29.245] Load Cached PNG Texture: Squad/Parts/Utility/Fireworks/Assets/fireworks_launcher_big
[LOG 11:37:29.252] Load Cached PNG Texture: Squad/Parts/Utility/flags/backgroundTextures/dark_background
[LOG 11:37:29.259] Load Cached PNG Texture: Squad/Parts/Utility/flags/backgroundTextures/orange_background
[LOG 11:37:29.267] Load Cached PNG Texture: Squad/Parts/Utility/flags/backgroundTextures/white_background
[LOG 11:37:29.274] Load DDS texture: Squad/Parts/Utility/GrapplingDevice/grabberDiffuse
[LOG 11:37:29.280] Load DDS texture: Squad/Parts/Utility/GrapplingDevice/grabberDiffuse_dark
[LOG 11:37:29.287] Load DDS texture: Squad/Parts/Utility/GrapplingDevice/grabberNRM
[LOG 11:37:29.288] Load DDS texture: Squad/Parts/Utility/GrapplingDevice/window
[LOG 11:37:29.294] Load DDS texture: Squad/Parts/Utility/ladderRadial/model000
[LOG 11:37:29.300] Load DDS texture: Squad/Parts/Utility/ladderTelescopic/model000
[LOG 11:37:29.306] Load DDS texture: Squad/Parts/Utility/ladderTelescopic/model001
[LOG 11:37:29.313] Load DDS texture: Squad/Parts/Utility/ladderTelescopic/model002
[LOG 11:37:29.319] Load DDS texture: Squad/Parts/Utility/ladderTelescopicBay/model000
[LOG 11:37:29.327] Load DDS texture: Squad/Parts/Utility/ladderTelescopicBay/model001
[LOG 11:37:29.334] Load DDS texture: Squad/Parts/Utility/landingLegLT-1/ksp_r_landingStrut_diff
[LOG 11:37:29.340] Load DDS texture: Squad/Parts/Utility/landingLegLT-2/landingLeg
[LOG 11:37:29.346] Load DDS texture: Squad/Parts/Utility/landingLegLT-5/leg
[LOG 11:37:29.351] Load DDS texture: Squad/Parts/Utility/landingLegLT-5/model000
[LOG 11:37:29.356] Load DDS texture: Squad/Parts/Utility/launchClamp1/model000
[LOG 11:37:29.362] Load DDS texture: Squad/Parts/Utility/launchClamp1/model001
[LOG 11:37:29.372] Load DDS texture: Squad/Parts/Utility/launchEscapeSystem/LES_Diffuse
[LOG 11:37:29.382] Load DDS texture: Squad/Parts/Utility/Lights/Assets/Lights_Attacheable_Lights_Diffuse
[LOG 11:37:29.389] Load DDS texture: Squad/Parts/Utility/Lights/Assets/Lights_Attacheable_Lights_Diffuse_white
[LOG 11:37:29.396] Load DDS texture: Squad/Parts/Utility/Lights/Assets/Lights_Attacheable_Lights_Emissive
[LOG 11:37:29.403] Load DDS texture: Squad/Parts/Utility/Lights/Assets/Lights_Attacheable_Lights_Normal
[LOG 11:37:29.412] Load DDS texture: Squad/Parts/Utility/Lights/Assets/Lights_Rectangle_Light_Diffuse
[LOG 11:37:29.422] Load DDS texture: Squad/Parts/Utility/Lights/Assets/Lights_Rectangle_Light_Diffuse_white
[LOG 11:37:29.432] Load DDS texture: Squad/Parts/Utility/Lights/Assets/Lights_Rectangle_Light_Emissive
[LOG 11:37:29.440] Load DDS texture: Squad/Parts/Utility/Lights/Assets/Lights_Rectangle_Light_Normal
[LOG 11:37:29.450] Load DDS texture: Squad/Parts/Utility/Lights/Assets/Lights_Worklights_Diffuse
[LOG 11:37:29.459] Load DDS texture: Squad/Parts/Utility/Lights/Assets/Lights_Worklights_Emissive
[LOG 11:37:29.465] Load DDS texture: Squad/Parts/Utility/Lights/Assets/Lights_Worklights_Normal
[LOG 11:37:29.475] Load DDS texture: Squad/Parts/Utility/Lights/Assets/Spotlight_Attacheable_Lights_Diffuse
[LOG 11:37:29.483] Load DDS texture: Squad/Parts/Utility/Lights/Assets/Spotlight_Attacheable_Lights_Diffuse_white
[LOG 11:37:29.490] Load DDS texture: Squad/Parts/Utility/Lights/Assets/Spotlight_Attacheable_Lights_Emissive
[LOG 11:37:29.497] Load DDS texture: Squad/Parts/Utility/Lights/Assets/Spotlight_Attacheable_Lights_Normal
[LOG 11:37:29.503] Load DDS texture: Squad/Parts/Utility/linearVernorRCS/Assets/linear_vernor_diffuse
[LOG 11:37:29.508] Load DDS texture: Squad/Parts/Utility/linearVernorRCS/Assets/linear_vernor_emissive
[LOG 11:37:29.517] Load DDS texture: Squad/Parts/Utility/linearVernorRCS/Assets/linear_vernor_normalDummy
[LOG 11:37:29.522] Load DDS texture: Squad/Parts/Utility/linearVernorRCS/Assets/linear_vernor_specular
[LOG 11:37:29.529] Load DDS texture: Squad/Parts/Utility/mk2CargoBay/mk2CargoBay
[LOG 11:37:29.535] Load DDS texture: Squad/Parts/Utility/mk2CrewCabin/mk2CrewCabin
[LOG 11:37:29.542] Load DDS texture: Squad/Parts/Utility/mk2CrewCabin/mk2CrewCabin_LUM
[LOG 11:37:29.543] Load DDS texture: Squad/Parts/Utility/mk2DockingPort/Arrow Pointer
[LOG 11:37:29.550] Load DDS texture: Squad/Parts/Utility/mk2DockingPort/Mk2Clampotron_Caps_Diffuse
[LOG 11:37:29.557] Load DDS texture: Squad/Parts/Utility/mk2DockingPort/Mk2Clampotron_Caps_Emmisive
[LOG 11:37:29.563] Load DDS texture: Squad/Parts/Utility/mk2DockingPort/Mk2Clampotron_Caps_Normal
[LOG 11:37:29.571] Load DDS texture: Squad/Parts/Utility/mk2DockingPort/Mk2Clampotron_Mk2Clampotron_Diffuse
[LOG 11:37:29.581] Load DDS texture: Squad/Parts/Utility/mk2DockingPort/Mk2Clampotron_Mk2Clampotron_Emissive
[LOG 11:37:29.589] Load DDS texture: Squad/Parts/Utility/mk2DockingPort/Mk2Clampotron_Mk2Clampotron_Normal
[LOG 11:37:29.599] Load DDS texture: Squad/Parts/Utility/mk2DockingPort/mk2DockingPort
[LOG 11:37:29.606] Load DDS texture: Squad/Parts/Utility/mk3CargoBay/Mk3CargoBay
[LOG 11:37:29.612] Load DDS texture: Squad/Parts/Utility/parachuteMk1/model000
[LOG 11:37:29.619] Load DDS texture: Squad/Parts/Utility/parachuteMk1/model001
[LOG 11:37:29.626] Load DDS texture: Squad/Parts/Utility/parachuteMk12-R/model000
[LOG 11:37:29.632] Load DDS texture: Squad/Parts/Utility/parachuteMk12-R/model001
[LOG 11:37:29.638] Load DDS texture: Squad/Parts/Utility/parachuteMk16-XL/model000
[LOG 11:37:29.644] Load DDS texture: Squad/Parts/Utility/parachuteMk16-XL/model001
[LOG 11:37:29.650] Load DDS texture: Squad/Parts/Utility/parachuteMk2-R/model000
[LOG 11:37:29.658] Load DDS texture: Squad/Parts/Utility/parachuteMk2-R/model001
[LOG 11:37:29.665] Load DDS texture: Squad/Parts/Utility/parachuteMk25/model000
[LOG 11:37:29.676] Load DDS texture: Squad/Parts/Utility/parachuteMk25/model001
[LOG 11:37:29.694] Load DDS texture: Squad/Parts/Utility/radialAttachmentPoint/model000
[LOG 11:37:29.701] Load DDS texture: Squad/Parts/Utility/radialAttachmentPoint/model001
[LOG 11:37:29.707] Load DDS texture: Squad/Parts/Utility/rcsBlockRV-105_v2/rcsBlock_diffuse
[LOG 11:37:29.708] Load DDS texture: Squad/Parts/Utility/rcsBlockRV-105_v2/rcsThrusterBlock_normal
[LOG 11:37:29.713] Load DDS texture: Squad/Parts/Utility/rcsBlockRV-105_v2/rcsThruster_emissive
[LOG 11:37:29.720] Load DDS texture: Squad/Parts/Utility/rcsBlockRV-105_v2/rcsThruster_specular
[LOG 11:37:29.727] Load DDS texture: Squad/Parts/Utility/rcsBlockRV-105_v2/RCS_Block_Diffuse
[LOG 11:37:29.733] Load DDS texture: Squad/Parts/Utility/rcsBlockRV-105_v2/RCS_Block_Emissive
[LOG 11:37:29.747] Load DDS texture: Squad/Parts/Utility/rcsBlockRV-105_v2/RCS_Block_Normal
[LOG 11:37:29.753] Load DDS texture: Squad/Parts/Utility/rcsBlockRV-105_v2/RCS_Block_Specular
[LOG 11:37:29.759] Load DDS texture: Squad/Parts/Utility/rcsSmallLinear/Assets/RCS_Linear_Base_Diffuse
[LOG 11:37:29.765] Load DDS texture: Squad/Parts/Utility/rcsSmallLinear/Assets/RCS_Linear_Diffuse
[LOG 11:37:29.772] Load DDS texture: Squad/Parts/Utility/rcsSmallLinear/Assets/RCS_Linear_Emissive
[LOG 11:37:29.778] Load DDS texture: Squad/Parts/Utility/rcsSmallLinear/Assets/RCS_Linear_Normal
[LOG 11:37:29.784] Load DDS texture: Squad/Parts/Utility/rcsSmallLinear/Assets/RCS_Linear_Specular
[LOG 11:37:29.790] Load DDS texture: Squad/Parts/Utility/RelayAntennas/DishAntenna
[LOG 11:37:29.795] Load DDS texture: Squad/Parts/Utility/RelayAntennas/MiniAntenna
[LOG 11:37:29.800] Load DDS texture: Squad/Parts/Utility/rockomaxAdapters/Assets/Rockomax_Adapters_diffuse
[LOG 11:37:29.808] Load DDS texture: Squad/Parts/Utility/rockomaxAdapters/Assets/Rockomax_Adapters_diffuse_O
[LOG 11:37:29.815] Load DDS texture: Squad/Parts/Utility/rockomaxAdapters/Assets/Rockomax_Adapters_diffuse_W
[LOG 11:37:29.822] Load DDS texture: Squad/Parts/Utility/rockomaxAdapters/Assets/Rockomax_Adapters_normal
[LOG 11:37:29.829] Load DDS texture: Squad/Parts/Utility/rockomaxAdapters/Assets/Rockomax_Adapters_normal_O
[LOG 11:37:29.836] Load DDS texture: Squad/Parts/Utility/ServiceBay/ServiceBay
[LOG 11:37:29.843] Load Cached PNG Texture: Squad/Parts/Utility/ServiceBay_v2/Assets/Scratch
[LOG 11:37:29.849] Load Cached PNG Texture: Squad/Parts/Utility/ServiceBay_v2/Assets/ServiceBay_bump
[LOG 11:37:29.861] Load Cached PNG Texture: Squad/Parts/Utility/ServiceBay_v2/Assets/ServiceBay_v2
[LOG 11:37:29.868] Load DDS texture: Squad/Parts/Utility/smallClaw/grabberSmallDiffuse
[LOG 11:37:29.876] Load DDS texture: Squad/Parts/Utility/smallClaw/grabberSmallDiffuseDark
[LOG 11:37:29.882] Load DDS texture: Squad/Parts/Utility/smallClaw/grabberSmallNRM
[LOG 11:37:29.883] Load DDS texture: Squad/Parts/Utility/smallClaw/window
[LOG 11:37:29.889] Load DDS texture: Squad/Parts/Utility/spotLightMk1/light1
[LOG 11:37:29.897] Load DDS texture: Squad/Parts/Utility/spotLightMk1/light1_em
[LOG 11:37:29.903] Load DDS texture: Squad/Parts/Utility/spotLightMk1_v2/spotLightMk1_Diffuse
[LOG 11:37:29.910] Load DDS texture: Squad/Parts/Utility/spotLightMk1_v2/spotLightMk1_Diffuse_white
[LOG 11:37:29.916] Load DDS texture: Squad/Parts/Utility/spotLightMk1_v2/spotLightMk1_Emissive
[LOG 11:37:29.926] Load DDS texture: Squad/Parts/Utility/spotLightMk1_v2/spotLightMk1_Normal
[LOG 11:37:29.932] Load DDS texture: Squad/Parts/Utility/spotLightMk2/light2
[LOG 11:37:29.937] Load DDS texture: Squad/Parts/Utility/spotLightMk2/light2_em
[LOG 11:37:29.943] Load DDS texture: Squad/Parts/Utility/spotLightMk2_v2/spotLightMk2_Diffuse
[LOG 11:37:29.949] Load DDS texture: Squad/Parts/Utility/spotLightMk2_v2/spotLightMk2_Diffuse_white
[LOG 11:37:29.954] Load DDS texture: Squad/Parts/Utility/spotLightMk2_v2/spotLightMk2_Emissive
[LOG 11:37:29.960] Load DDS texture: Squad/Parts/Utility/spotLightMk2_v2/spotLightMk2_Normal
[LOG 11:37:29.966] Load DDS texture: Squad/Parts/Utility/stackCouplers/Assets/stackCouplersDiffuse
[LOG 11:37:29.972] Load DDS texture: Squad/Parts/Utility/stackCouplers/Assets/stackCouplersDiffuse_Dark
[LOG 11:37:29.977] Load DDS texture: Squad/Parts/Utility/stackCouplers/Assets/stackCouplersDiffuse_Orange
[LOG 11:37:29.984] Load DDS texture: Squad/Parts/Utility/stackCouplers/Assets/stackCouplers_NRM
[LOG 11:37:29.990] Load DDS texture: Squad/Parts/Utility/stackCouplers/Assets/stackCouplers_Orange_NRM
[LOG 11:37:29.998] Load DDS texture: Squad/Parts/Wheel/LandingGear/Flare
[LOG 11:37:30.003] Load DDS texture: Squad/Parts/Wheel/LandingGear/LandingGear
[LOG 11:37:30.014] Load DDS texture: Squad/Parts/Wheel/LandingGear/LandingGear_Emissive
[LOG 11:37:30.019] Load DDS texture: Squad/Parts/Wheel/roverWheelM1/model000
[LOG 11:37:30.024] Load DDS texture: Squad/Parts/Wheel/roverWheelM1/roverwheel1
[LOG 11:37:30.030] Load DDS texture: Squad/Parts/Wheel/roverWheelS2/model000
[LOG 11:37:30.035] Load DDS texture: Squad/Parts/Wheel/roverWheelS2/model001
[LOG 11:37:30.043] Load DDS texture: Squad/Parts/Wheel/roverWheelS2/roverwheel2
[LOG 11:37:30.075] Load DDS texture: Squad/Parts/Wheel/roverWheelS2/roverwheel2_n
[LOG 11:37:30.084] Load DDS texture: Squad/Parts/Wheel/roverWheelTR-2L/ksp_r_medWheel_diff
[LOG 11:37:30.091] Load DDS texture: Squad/Parts/Wheel/roverWheelTR-2L/ksp_r_medWheel_normal
[LOG 11:37:30.099] Load DDS texture: Squad/Parts/Wheel/roverWheelTR-2L/ksp_r_medWheel_wheel_diff
[LOG 11:37:30.106] Load DDS texture: Squad/Parts/Wheel/roverWheelTR-2L/ksp_r_medWheel_wheel_normal
[LOG 11:37:30.112] Load DDS texture: Squad/Parts/Wheel/roverWheelXL3/mount
[LOG 11:37:30.118] Load DDS texture: Squad/Parts/Wheel/roverWheelXL3/mount_n
[LOG 11:37:30.125] Load DDS texture: Squad/Parts/Wheel/roverWheelXL3/wheel
[LOG 11:37:30.140] Load DDS texture: Squad/Parts/Wheel/roverWheelXL3/wheel_n
[LOG 11:37:30.153] Load DDS texture: Squad/Props/AltimeterThreeHands/model000
[LOG 11:37:30.160] Load DDS texture: Squad/Props/AltimeterThreeHands/model001
[LOG 11:37:30.166] Load DDS texture: Squad/Props/AtmosphereDepth/model000
[LOG 11:37:30.173] Load DDS texture: Squad/Props/AtmosphereDepth/model001
[LOG 11:37:30.179] Load DDS texture: Squad/Props/AxisIndicator/model000
[LOG 11:37:30.183] Load DDS texture: Squad/Props/buttonsGeneric/ButtonsAndSwitches
[LOG 11:37:30.191] Load DDS texture: Squad/Props/ButtonSquare/model000
[LOG 11:37:30.197] Load DDS texture: Squad/Props/circularButton/model000
[LOG 11:37:30.202] Load DDS texture: Squad/Props/Compass/model000
[LOG 11:37:30.210] Load DDS texture: Squad/Props/directionalKnob/model000
[LOG 11:37:30.216] Load DDS texture: Squad/Props/directionalKnob2/model000
[LOG 11:37:30.222] Load DDS texture: Squad/Props/IndicatorPanel/model000
[LOG 11:37:30.229] Load DDS texture: Squad/Props/IndicatorPanel/model001
[LOG 11:37:30.235] Load DDS texture: Squad/Props/IVANavBall/Arrows8dir
[LOG 11:37:30.242] Load DDS texture: Squad/Props/IVANavBall/IVANavBall
[LOG 11:37:30.250] Load DDS texture: Squad/Props/IVANavBall/IVANavBall_Glow
[LOG 11:37:30.257] Load DDS texture: Squad/Props/IVANavBall/ManeuverNode_vectors
[LOG 11:37:30.267] Load DDS texture: Squad/Props/IVANavBall/navball2
[LOG 11:37:30.274] Load DDS texture: Squad/Props/IVANavBall/navBall_DV_IVA
[LOG 11:37:30.283] Load DDS texture: Squad/Props/IVANavBall/navBall_vectors_IVA
[LOG 11:37:30.290] Load Cached PNG Texture: Squad/Props/IVANavBallNoBase/Arrows8dir
[LOG 11:37:30.299] Load Cached PNG Texture: Squad/Props/IVANavBallNoBase/IVANavBall
[LOG 11:37:30.304] Load Cached PNG Texture: Squad/Props/IVANavBallNoBase/ManeuverNode_vectors
[LOG 11:37:30.312] Load Cached PNG Texture: Squad/Props/IVANavBallNoBase/navball2
[LOG 11:37:30.318] Load Cached PNG Texture: Squad/Props/IVANavBallNoBase/navBall_DV_IVA
[LOG 11:37:30.323] Load Cached PNG Texture: Squad/Props/IVANavBallNoBase/navBall_vectors_IVA
[LOG 11:37:30.329] Load DDS texture: Squad/Props/ledPanelSpeed/circularButton
[LOG 11:37:30.334] Load DDS texture: Squad/Props/ledPanelSpeed/ledPanel
[LOG 11:37:30.340] Load DDS texture: Squad/Props/Monitor/Emissives
[LOG 11:37:30.347] Load DDS texture: Squad/Props/Monitor/Emissives_glow
[LOG 11:37:30.353] Load DDS texture: Squad/Props/Monitor/Monitor
[LOG 11:37:30.358] Load DDS texture: Squad/Props/NavBall/GaugeGee
[LOG 11:37:30.365] Load DDS texture: Squad/Props/NavBall/GaugeThrottle
[LOG 11:37:30.372] Load DDS texture: Squad/Props/NavBall/model000
[LOG 11:37:30.378] Load DDS texture: Squad/Props/NavBall/model001
[LOG 11:37:30.386] Load DDS texture: Squad/Props/NavBall/model002
[LOG 11:37:30.392] Load DDS texture: Squad/Props/NavBall/model003
[LOG 11:37:30.400] Load DDS texture: Squad/Props/PropsGeneric/propsGeneric
[LOG 11:37:30.408] Load DDS texture: Squad/Props/pullSwitch/model000
[LOG 11:37:30.414] Load DDS texture: Squad/Props/pullSwitch/model001
[LOG 11:37:30.422] Load DDS texture: Squad/Props/radarAltitude/model000
[LOG 11:37:30.428] Load DDS texture: Squad/Props/squareButton/model000
[LOG 11:37:30.435] Load DDS texture: Squad/Props/standingSwitch/model000
[LOG 11:37:30.442] Load DDS texture: Squad/Props/standingSwitch/model001
[LOG 11:37:30.448] Load DDS texture: Squad/Props/switch/model000
[LOG 11:37:30.454] Load DDS texture: Squad/Props/switchGuard/model000
[LOG 11:37:30.460] Load DDS texture: Squad/Props/switchWithGuards/model000
[LOG 11:37:30.467] Load DDS texture: Squad/Props/switchWithGuards/model001
[LOG 11:37:30.472] Load DDS texture: Squad/Props/switchWithGuards/model002
[LOG 11:37:30.479] Load DDS texture: Squad/Props/throttle/model000
[LOG 11:37:30.485] Load DDS texture: Squad/Props/throttle/model001
[LOG 11:37:30.493] Load DDS texture: Squad/Props/VSI/model000
[LOG 11:37:30.494] Load DDS texture: Squad/Spaces/crewCabinInternals/model000
[LOG 11:37:30.502] Load DDS texture: Squad/Spaces/crewCabinInternals/model001
[LOG 11:37:30.509] Load DDS texture: Squad/Spaces/crewCabinInternals/model002
[LOG 11:37:30.515] Load DDS texture: Squad/Spaces/crewCabinInternals/model003
[LOG 11:37:30.516] Load DDS texture: Squad/Spaces/crewCabinInternals/model004
[LOG 11:37:30.525] Load DDS texture: Squad/Spaces/crewCabinInternals/model005
[LOG 11:37:30.534] Load DDS texture: Squad/Spaces/cupolaInternal/ksp_l_cupola_internal_diff
[LOG 11:37:30.545] Load DDS texture: Squad/Spaces/cupolaInternal/ksp_l_cupola_internal_normal
[LOG 11:37:30.552] Load DDS texture: Squad/Spaces/cupolaInternal/ksp_l_cupola_internal_windows_alpha
[LOG 11:37:30.562] Load DDS texture: Squad/Spaces/cupolaInternal/pilot Seat
[LOG 11:37:30.569] Load DDS texture: Squad/Spaces/GenericSpace1/model000
[LOG 11:37:30.577] Load DDS texture: Squad/Spaces/GenericSpace1/model001
[LOG 11:37:30.583] Load DDS texture: Squad/Spaces/GenericSpace1/model002
[LOG 11:37:30.590] Load DDS texture: Squad/Spaces/GenericSpace1/model003
[LOG 11:37:30.597] Load DDS texture: Squad/Spaces/GenericSpace1/model004
[LOG 11:37:30.604] Load DDS texture: Squad/Spaces/GenericSpace1/model005
[LOG 11:37:30.610] Load DDS texture: Squad/Spaces/GenericSpace3/model000
[LOG 11:37:30.619] Load DDS texture: Squad/Spaces/GenericSpace3/model001
[LOG 11:37:30.627] Load DDS texture: Squad/Spaces/GenericSpace3/model002
[LOG 11:37:30.633] Load DDS texture: Squad/Spaces/GenericSpace3/model003
[LOG 11:37:30.640] Load DDS texture: Squad/Spaces/GenericSpace3/model004
[LOG 11:37:30.648] Load DDS texture: Squad/Spaces/GenericSpace3/model005
[LOG 11:37:30.654] Load DDS texture: Squad/Spaces/GenericSpace3/model006
[LOG 11:37:30.660] Load DDS texture: Squad/Spaces/GenericSpace3/model007
[LOG 11:37:30.666] Load DDS texture: Squad/Spaces/landerCabinInternals/model000
[LOG 11:37:30.674] Load DDS texture: Squad/Spaces/landerCabinInternals/model001
[LOG 11:37:30.681] Load DDS texture: Squad/Spaces/landerCabinInternals/model002
[LOG 11:37:30.689] Load DDS texture: Squad/Spaces/landerCabinInternals/model003
[LOG 11:37:30.696] Load DDS texture: Squad/Spaces/landerCabinInternals/model004
[LOG 11:37:30.707] Load DDS texture: Squad/Spaces/landerCabinInternals/model005
[LOG 11:37:30.714] Load DDS texture: Squad/Spaces/landerCabinInternals/model006
[LOG 11:37:30.715] Load DDS texture: Squad/Spaces/landerCabinInternals/model007
[LOG 11:37:30.723] Load DDS texture: Squad/Spaces/landerCabinSmallInternal/ksp_s_landerCan_internal_diff
[LOG 11:37:30.732] Load DDS texture: Squad/Spaces/landerCabinSmallInternal/ksp_s_landerCan_internal_normal
[LOG 11:37:30.741] Load DDS texture: Squad/Spaces/landerCabinSmallInternal/ksp_s_landerCan_internal_window_alpha
[LOG 11:37:30.747] Load DDS texture: Squad/Spaces/landerCabinSmallInternal/pilot Seat
[LOG 11:37:30.755] Load DDS texture: Squad/Spaces/LargeCrewedLabInternals/Glass
[LOG 11:37:30.762] Load DDS texture: Squad/Spaces/LargeCrewedLabInternals/MPL_Int
[LOG 11:37:30.769] Load DDS texture: Squad/Spaces/LargeCrewedLabInternals/MPL_Int_n_NRM
[LOG 11:37:30.778] Load DDS texture: Squad/Spaces/Mk1-3/Mk1_3_IvaProps_Diffuse
[LOG 11:37:30.787] Load DDS texture: Squad/Spaces/Mk1-3/Mk1_3_IvaProps_Normal
[LOG 11:37:30.797] Load DDS texture: Squad/Spaces/Mk1-3/Mk1_3_IvaShell_Diffuse
[LOG 11:37:30.808] Load DDS texture: Squad/Spaces/Mk1-3/Mk1_3_IvaShell_Emissive
[LOG 11:37:30.817] Load DDS texture: Squad/Spaces/Mk1-3/Mk1_3_IvaShell_Normal
[LOG 11:37:30.825] Load DDS texture: Squad/Spaces/Mk1-3/pilot Seat
[LOG 11:37:30.833] Load DDS texture: Squad/Spaces/mk1CabinInternal/Cabin_Lightmap
[LOG 11:37:30.838] Load DDS texture: Squad/Spaces/mk1CabinInternal/CockpitGeneric
[LOG 11:37:30.850] Load DDS texture: Squad/Spaces/mk1CabinInternal/CockpitGeneric_NRM
[LOG 11:37:30.853] Load DDS texture: Squad/Spaces/mk1CockpitInternal/CockpitGeneric
[LOG 11:37:30.854] Load DDS texture: Squad/Spaces/mk1CockpitInternal/CockpitGeneric_NRM
[LOG 11:37:30.862] Load DDS texture: Squad/Spaces/mk1CockpitInternal/IVAMAP
[LOG 11:37:30.868] Load DDS texture: Squad/Spaces/mk1CockpitInternal/Windows
[LOG 11:37:30.874] Load DDS texture: Squad/Spaces/mk1InlineInternal/Canopy
[LOG 11:37:30.876] Load DDS texture: Squad/Spaces/mk1InlineInternal/CockpitGeneric
[LOG 11:37:30.877] Load DDS texture: Squad/Spaces/mk1InlineInternal/CockpitGeneric_NRM
[LOG 11:37:30.885] Load DDS texture: Squad/Spaces/mk1InlineInternal/Mk1Inline_Lightmap
[LOG 11:37:30.891] Load DDS texture: Squad/Spaces/mk1PodCockpit/model000
[LOG 11:37:30.896] Load DDS texture: Squad/Spaces/mk1PodCockpit/model001
[LOG 11:37:30.906] Load DDS texture: Squad/Spaces/mk1PodCockpit/model002
[LOG 11:37:30.913] Load DDS texture: Squad/Spaces/mk1PodCockpit/model003
[LOG 11:37:30.919] Load DDS texture: Squad/Spaces/mk1PodCockpit/model004
[LOG 11:37:30.935] Load DDS texture: Squad/Spaces/mk1PodCockpit/model005
[LOG 11:37:30.942] Load DDS texture: Squad/Spaces/mk1PodCockpit/model006
[LOG 11:37:30.944] Load DDS texture: Squad/Spaces/mk1PodCockpit/model007
[LOG 11:37:30.953] Load DDS texture: Squad/Spaces/mk1pod_IVA/mk1pod_iva_props_diffuse
[LOG 11:37:30.960] Load DDS texture: Squad/Spaces/mk1pod_IVA/mk1pod_iva_props_emissive
[LOG 11:37:30.968] Load DDS texture: Squad/Spaces/mk1pod_IVA/mk1pod_iva_props_normal
[LOG 11:37:30.978] Load DDS texture: Squad/Spaces/mk1pod_IVA/mk1pod_iva_shell_diffuse
[LOG 11:37:30.988] Load DDS texture: Squad/Spaces/mk1pod_IVA/mk1pod_iva_shell_normal
[LOG 11:37:30.997] Load MBM texture: Squad/Spaces/mk1pod_IVA/pilot Seat
[LOG 11:37:31.034] Load DDS texture: Squad/Spaces/mk2CockpitStandardInternal/CargoBagA
[LOG 11:37:31.034] Load DDS texture: Squad/Spaces/mk2CockpitStandardInternal/Mk2StandardIVA
[LOG 11:37:31.035] Load DDS texture: Squad/Spaces/mk2CockpitStandardInternal/Pilotseat
[LOG 11:37:31.035] Load DDS texture: Squad/Spaces/mk2CockpitStandardInternal/Windows
[LOG 11:37:31.035] Load DDS texture: Squad/Spaces/Mk2CrewCabinInternal/CargoBagA
[LOG 11:37:31.039] Load DDS texture: Squad/Spaces/Mk2CrewCabinInternal/Glass
[LOG 11:37:31.046] Load DDS texture: Squad/Spaces/Mk2CrewCabinInternal/Mk2StandardIVA
[LOG 11:37:31.052] Load DDS texture: Squad/Spaces/Mk2CrewCabinInternal/Pilotseat
[LOG 11:37:31.058] Load DDS texture: Squad/Spaces/mk2InlineInternal/CockpitGeneric
[LOG 11:37:31.065] Load DDS texture: Squad/Spaces/mk2InlineInternal/CockpitGeneric_NRM
[LOG 11:37:31.072] Load DDS texture: Squad/Spaces/mk2InlineInternal/Mk2InlineLightmap
[LOG 11:37:31.079] Load DDS texture: Squad/Spaces/mk2InlineInternal/propsGeneric
[LOG 11:37:31.088] Load DDS texture: Squad/Spaces/mk2LanderCanInternal/mk2LanderCan_props_diffuse
[LOG 11:37:31.097] Load DDS texture: Squad/Spaces/mk2LanderCanInternal/mk2LanderCan_props_normal
[LOG 11:37:31.107] Load DDS texture: Squad/Spaces/mk2LanderCanInternal/mk2LanderCan_shell_diffuse
[LOG 11:37:31.118] Load DDS texture: Squad/Spaces/mk2LanderCanInternal/mk2LanderCan_shell_normal
[LOG 11:37:31.128] Load MBM texture: Squad/Spaces/mk2LanderCanInternal/pilot Seat
[LOG 11:37:31.160] Load DDS texture: Squad/Spaces/MK3CockpitInternal/Glass
[LOG 11:37:31.160] Load DDS texture: Squad/Spaces/MK3CockpitInternal/Mk2StandardIVA
[LOG 11:37:31.161] Load DDS texture: Squad/Spaces/MK3_CrewCab_Int/Glass
[LOG 11:37:31.161] Load DDS texture: Squad/Spaces/MK3_CrewCab_Int/GlassMK3CC
[LOG 11:37:31.161] Load DDS texture: Squad/Spaces/MK3_CrewCab_Int/Mk2StandardIVA
[LOG 11:37:31.168] Load DDS texture: Squad/Spaces/MK3_CrewCab_Int/MK3_CrewCab_Int
[LOG 11:37:31.175] Load DDS texture: Squad/Spaces/MK3_CrewCab_Int/MK3_CrewCab_Int_n
[LOG 11:37:31.181] Load DDS texture: Squad/Spaces/MK3_CrewCab_Int/Pilotseat
[LOG 11:37:31.189] Load DDS texture: Squad/Spaces/Placeholder/PlaceholderIVA
[LOG 11:37:31.196] Load DDS texture: Squad/Spaces/PodCockpit/model000
[LOG 11:37:31.204] Load DDS texture: Squad/Spaces/PodCockpit/model001
[LOG 11:37:31.211] Load DDS texture: Squad/Spaces/PodCockpit/model002
[LOG 11:37:31.218] Load DDS texture: Squad/Spaces/PodCockpit/model003
[LOG 11:37:31.225] Load DDS texture: Squad/Spaces/PodCockpit/model004
[LOG 11:37:31.231] Load DDS texture: Squad/Spaces/PodCockpit/model005
[LOG 11:37:31.238] Load DDS texture: Squad/Spaces/PodCockpit/model006
[LOG 11:37:31.245] Load DDS texture: Squad/Spaces/PodCockpit/model007
[LOG 11:37:31.251] Load DDS texture: Squad/Spaces/sharedAssets/CockpitGeneric
[LOG 11:37:31.257] Load DDS texture: Squad/Spaces/sharedAssets/CockpitGeneric_NRM
[LOG 11:37:31.264] Load Cached PNG Texture: Squad/Strategies/Icons/AggressiveNegotiations
[LOG 11:37:31.270] Load Cached PNG Texture: Squad/Strategies/Icons/AppreciationCampaign
[LOG 11:37:31.276] Load Cached PNG Texture: Squad/Strategies/Icons/BailOutGrant
[LOG 11:37:31.282] Load Cached PNG Texture: Squad/Strategies/Icons/FundraisingCampaign
[LOG 11:37:31.287] Load Cached PNG Texture: Squad/Strategies/Icons/LeadershipInitiative
[LOG 11:37:31.292] Load Cached PNG Texture: Squad/Strategies/Icons/OpenSourceTechProgram
[LOG 11:37:31.299] Load Cached PNG Texture: Squad/Strategies/Icons/OutsourcedResearch
[LOG 11:37:31.306] Load Cached PNG Texture: Squad/Strategies/Icons/PatentsLicensing
[LOG 11:37:31.312] Load Cached PNG Texture: Squad/Strategies/Icons/RecoveryTransponderFitting
[LOG 11:37:31.317] Load Cached PNG Texture: Squad/Strategies/Icons/ResearchRightsSellOut
[LOG 11:37:31.323] Load Cached PNG Texture: Squad/Strategies/Icons/UnpaidResearchProgram
[LOG 11:37:31.330] Load Cached PNG Texture: Squad/Tutorials/ChuteColors
[LOG 11:37:31.336] Load DDS texture: Squad/Tutorials/EditorCoM
[LOG 11:37:31.344] Load Cached PNG Texture: Squad/Tutorials/EditorSnap
[LOG 11:37:31.350] Load Cached PNG Texture: Squad/Tutorials/EditorSnap4x
[LOG 11:37:31.356] Load Cached PNG Texture: Squad/Tutorials/EditorSymm
[LOG 11:37:31.361] Load Cached PNG Texture: Squad/Tutorials/StagingStack
[LOG 11:37:31.362] Load PNG texture: Squad/Tutorials/YPRDiagram
[WRN 11:37:31.362] Texture isn't eligible for DXT compression, width and height must be multiples of 4
[LOG 11:37:31.367] Load Cached PNG Texture: SquadExpansion/MakingHistory/Banners/Fail/default
[LOG 11:37:31.372] Load Cached PNG Texture: SquadExpansion/MakingHistory/Banners/Fail/fail01
[LOG 11:37:31.377] Load Cached PNG Texture: SquadExpansion/MakingHistory/Banners/Fail/fail02
[LOG 11:37:31.377] Load PNG texture: SquadExpansion/MakingHistory/Banners/Menu/default
[WRN 11:37:31.380] Texture isn't eligible for DXT compression, width and height must be multiples of 4
[LOG 11:37:31.380] Load PNG texture: SquadExpansion/MakingHistory/Banners/Menu/MBanner_01
[WRN 11:37:31.384] Texture isn't eligible for DXT compression, width and height must be multiples of 4
[LOG 11:37:31.384] Load PNG texture: SquadExpansion/MakingHistory/Banners/Menu/MBanner_02
[WRN 11:37:31.388] Texture isn't eligible for DXT compression, width and height must be multiples of 4
[LOG 11:37:31.388] Load PNG texture: SquadExpansion/MakingHistory/Banners/Menu/MBanner_03
[WRN 11:37:31.391] Texture isn't eligible for DXT compression, width and height must be multiples of 4
[LOG 11:37:31.391] Load Cached PNG Texture: SquadExpansion/MakingHistory/Banners/Success/default
[LOG 11:37:31.391] Load Cached PNG Texture: SquadExpansion/MakingHistory/Banners/Success/success01
[LOG 11:37:31.396] Load Cached PNG Texture: SquadExpansion/MakingHistory/Banners/Success/success02
[LOG 11:37:31.402] Load Cached PNG Texture: SquadExpansion/MakingHistory/Missions/Acapello 13/Banners/Fail/fail01
[LOG 11:37:31.403] Load PNG texture: SquadExpansion/MakingHistory/Missions/Acapello 13/Banners/Menu/Mun
[WRN 11:37:31.406] Texture isn't eligible for DXT compression, width and height must be multiples of 4
[LOG 11:37:31.409] Load Cached PNG Texture: SquadExpansion/MakingHistory/Missions/Acapello 13/Banners/Success/success01
[LOG 11:37:31.414] Load Cached PNG Texture: SquadExpansion/MakingHistory/Missions/Acapello 15/Banners/Fail/default
[LOG 11:37:31.420] Load Cached PNG Texture: SquadExpansion/MakingHistory/Missions/Acapello 15/Banners/Fail/fail02
[LOG 11:37:31.420] Load PNG texture: SquadExpansion/MakingHistory/Missions/Acapello 15/Banners/Menu/default
[WRN 11:37:31.424] Texture isn't eligible for DXT compression, width and height must be multiples of 4
[LOG 11:37:31.427] Load Cached PNG Texture: SquadExpansion/MakingHistory/Missions/Acapello 15/Banners/Success/default
[LOG 11:37:31.433] Load Cached PNG Texture: SquadExpansion/MakingHistory/Missions/Blue Mun/Banners/Fail/fail01
[LOG 11:37:31.434] Load PNG texture: SquadExpansion/MakingHistory/Missions/Blue Mun/Banners/Menu/default
[WRN 11:37:31.436] Texture isn't eligible for DXT compression, width and height must be multiples of 4
[LOG 11:37:31.439] Load Cached PNG Texture: SquadExpansion/MakingHistory/Missions/Blue Mun/Banners/Success/success02
[LOG 11:37:31.444] Load Cached PNG Texture: SquadExpansion/MakingHistory/Missions/Dawn of the Space Age/Banners/Fail/default
[LOG 11:37:31.444] Load PNG texture: SquadExpansion/MakingHistory/Missions/Dawn of the Space Age/Banners/Menu/default
[WRN 11:37:31.447] Texture isn't eligible for DXT compression, width and height must be multiples of 4
[LOG 11:37:31.450] Load Cached PNG Texture: SquadExpansion/MakingHistory/Missions/Dawn of the Space Age/Banners/Success/default
[LOG 11:37:31.456] Load Cached PNG Texture: SquadExpansion/MakingHistory/Missions/Meet Me in Zero G/Banners/Fail/default
[LOG 11:37:31.462] Load Cached PNG Texture: SquadExpansion/MakingHistory/Missions/Meet Me in Zero G/Banners/Fail/fail01
[LOG 11:37:31.462] Load PNG texture: SquadExpansion/MakingHistory/Missions/Meet Me in Zero G/Banners/Menu/default
[WRN 11:37:31.464] Texture isn't eligible for DXT compression, width and height must be multiples of 4
[LOG 11:37:31.467] Load Cached PNG Texture: SquadExpansion/MakingHistory/Missions/Meet Me in Zero G/Banners/Success/default
[LOG 11:37:31.472] Load Cached PNG Texture: SquadExpansion/MakingHistory/Missions/Meet Me in Zero G/Banners/Success/success02
[LOG 11:37:31.477] Load Cached PNG Texture: SquadExpansion/MakingHistory/Missions/Munar 1/Banners/Fail/default
[LOG 11:37:31.483] Load Cached PNG Texture: SquadExpansion/MakingHistory/Missions/Munar 1/Banners/Fail/fail02
[LOG 11:37:31.483] Load PNG texture: SquadExpansion/MakingHistory/Missions/Munar 1/Banners/Menu/default
[WRN 11:37:31.486] Texture isn't eligible for DXT compression, width and height must be multiples of 4
[LOG 11:37:31.489] Load Cached PNG Texture: SquadExpansion/MakingHistory/Missions/Munar 1/Banners/Success/default
[LOG 11:37:31.494] Load Cached PNG Texture: SquadExpansion/MakingHistory/Missions/Munar 1/Banners/Success/success01
[LOG 11:37:31.499] Load Cached PNG Texture: SquadExpansion/MakingHistory/Missions/Sally-Hut 1/Banners/Fail/default
[LOG 11:37:31.504] Load Cached PNG Texture: SquadExpansion/MakingHistory/Missions/Sally-Hut 1/Banners/Fail/fail01
[LOG 11:37:31.509] Load Cached PNG Texture: SquadExpansion/MakingHistory/Missions/Sally-Hut 1/Banners/Menu/bannerSatellite
[LOG 11:37:31.514] Load Cached PNG Texture: SquadExpansion/MakingHistory/Missions/Sally-Hut 1/Banners/Success/default
[LOG 11:37:31.519] Load Cached PNG Texture: SquadExpansion/MakingHistory/Missions/Sally-Hut 1/Banners/Success/success02
[LOG 11:37:31.526] Load Cached PNG Texture: SquadExpansion/MakingHistory/Missions/To the Mun Via Minmus/Banners/Fail/fail02
[LOG 11:37:31.526] Load PNG texture: SquadExpansion/MakingHistory/Missions/To the Mun Via Minmus/Banners/Menu/MissionBannerKerbin
[WRN 11:37:31.529] Texture isn't eligible for DXT compression, width and height must be multiples of 4
[LOG 11:37:31.532] Load Cached PNG Texture: SquadExpansion/MakingHistory/Missions/To the Mun Via Minmus/Banners/Success/success01
[LOG 11:37:31.537] Load Cached PNG Texture: SquadExpansion/MakingHistory/Missions/Trouble in the Void/Banners/Fail/fail01
[LOG 11:37:31.538] Load PNG texture: SquadExpansion/MakingHistory/Missions/Trouble in the Void/Banners/Menu/default
[WRN 11:37:31.540] Texture isn't eligible for DXT compression, width and height must be multiples of 4
[LOG 11:37:31.543] Load Cached PNG Texture: SquadExpansion/MakingHistory/Missions/Trouble in the Void/Banners/Success/success02
[LOG 11:37:31.548] Load Cached PNG Texture: SquadExpansion/MakingHistory/Missions/Ziggy Kerman and the Spiders from Duna/Banners/Fail/fail02
[LOG 11:37:31.554] Load Cached PNG Texture: SquadExpansion/MakingHistory/Missions/Ziggy Kerman and the Spiders from Duna/Banners/Menu/bannerSatellite
[LOG 11:37:31.560] Load Cached PNG Texture: SquadExpansion/MakingHistory/Missions/Ziggy Kerman and the Spiders from Duna/Banners/Success/success01
[LOG 11:37:31.565] Load Cached PNG Texture: SquadExpansion/MakingHistory/Parts/@thumbs/Decoupler.1p5_icon0
[LOG 11:37:31.572] Load Cached PNG Texture: SquadExpansion/MakingHistory/Parts/@thumbs/Decoupler.1p5_icon1
[LOG 11:37:31.596] Load Cached PNG Texture: SquadExpansion/MakingHistory/Parts/@thumbs/EquiTriangle0_icon0
[LOG 11:37:31.604] Load Cached PNG Texture: SquadExpansion/MakingHistory/Parts/@thumbs/EquiTriangle0_icon1
[LOG 11:37:31.614] Load Cached PNG Texture: SquadExpansion/MakingHistory/Parts/@thumbs/EquiTriangle0_icon2
[LOG 11:37:31.626] Load Cached PNG Texture: SquadExpansion/MakingHistory/Parts/@thumbs/EquiTriangle0_icon3
[LOG 11:37:31.643] Load Cached PNG Texture: SquadExpansion/MakingHistory/Parts/@thumbs/EquiTriangle1p5_icon0
[LOG 11:37:31.650] Load Cached PNG Texture: SquadExpansion/MakingHistory/Parts/@thumbs/EquiTriangle1p5_icon1
[LOG 11:37:31.657] Load Cached PNG Texture: SquadExpansion/MakingHistory/Parts/@thumbs/EquiTriangle1p5_icon2
[LOG 11:37:31.665] Load Cached PNG Texture: SquadExpansion/MakingHistory/Parts/@thumbs/EquiTriangle1p5_icon3
[LOG 11:37:31.672] Load Cached PNG Texture: SquadExpansion/MakingHistory/Parts/@thumbs/EquiTriangle1_icon0
[LOG 11:37:31.682] Load Cached PNG Texture: SquadExpansion/MakingHistory/Parts/@thumbs/EquiTriangle1_icon1
[LOG 11:37:31.690] Load Cached PNG Texture: SquadExpansion/MakingHistory/Parts/@thumbs/EquiTriangle1_icon2
[LOG 11:37:31.710] Load Cached PNG Texture: SquadExpansion/MakingHistory/Parts/@thumbs/EquiTriangle1_icon3
[LOG 11:37:31.718] Load Cached PNG Texture: SquadExpansion/MakingHistory/Parts/@thumbs/EquiTriangle2_icon0
[LOG 11:37:31.728] Load Cached PNG Texture: SquadExpansion/MakingHistory/Parts/@thumbs/EquiTriangle2_icon1
[LOG 11:37:31.736] Load Cached PNG Texture: SquadExpansion/MakingHistory/Parts/@thumbs/EquiTriangle2_icon2
[LOG 11:37:31.743] Load Cached PNG Texture: SquadExpansion/MakingHistory/Parts/@thumbs/EquiTriangle2_icon3
[LOG 11:37:31.752] Load Cached PNG Texture: SquadExpansion/MakingHistory/Parts/@thumbs/HeatShield1p5_icon
[LOG 11:37:31.759] Load Cached PNG Texture: SquadExpansion/MakingHistory/Parts/@thumbs/InflatableAirlock_icon
[LOG 11:37:31.770] Load Cached PNG Texture: SquadExpansion/MakingHistory/Parts/@thumbs/LiquidEngineRV-1_icon
[LOG 11:37:31.776] Load Cached PNG Texture: SquadExpansion/MakingHistory/Parts/@thumbs/monopropMiniSphere_icon
[LOG 11:37:31.782] Load Cached PNG Texture: SquadExpansion/MakingHistory/Parts/@thumbs/Panel0_icon0
[LOG 11:37:31.789] Load Cached PNG Texture: SquadExpansion/MakingHistory/Parts/@thumbs/Panel0_icon1
[LOG 11:37:31.796] Load Cached PNG Texture: SquadExpansion/MakingHistory/Parts/@thumbs/Panel0_icon2
[LOG 11:37:31.802] Load Cached PNG Texture: SquadExpansion/MakingHistory/Parts/@thumbs/Panel0_icon3
[LOG 11:37:31.808] Load Cached PNG Texture: SquadExpansion/MakingHistory/Parts/@thumbs/Panel1p5_icon0
[LOG 11:37:31.821] Load Cached PNG Texture: SquadExpansion/MakingHistory/Parts/@thumbs/Panel1p5_icon1
[LOG 11:37:31.830] Load Cached PNG Texture: SquadExpansion/MakingHistory/Parts/@thumbs/Panel1p5_icon2
[LOG 11:37:31.837] Load Cached PNG Texture: SquadExpansion/MakingHistory/Parts/@thumbs/Panel1p5_icon3
[LOG 11:37:31.845] Load Cached PNG Texture: SquadExpansion/MakingHistory/Parts/@thumbs/Panel1_icon0
[LOG 11:37:31.852] Load Cached PNG Texture: SquadExpansion/MakingHistory/Parts/@thumbs/Panel1_icon1
[LOG 11:37:31.865] Load Cached PNG Texture: SquadExpansion/MakingHistory/Parts/@thumbs/Panel1_icon2
[LOG 11:37:31.872] Load Cached PNG Texture: SquadExpansion/MakingHistory/Parts/@thumbs/Panel1_icon3
[LOG 11:37:31.879] Load Cached PNG Texture: SquadExpansion/MakingHistory/Parts/@thumbs/roverWheelM1-F_icon0
[LOG 11:37:31.886] Load Cached PNG Texture: SquadExpansion/MakingHistory/Parts/@thumbs/roverWheelM1-F_icon1
[LOG 11:37:31.893] Load Cached PNG Texture: SquadExpansion/MakingHistory/Parts/@thumbs/Separator.1p5_icon0
[LOG 11:37:31.905] Load Cached PNG Texture: SquadExpansion/MakingHistory/Parts/@thumbs/Separator.1p5_icon1
[LOG 11:37:31.912] Load Cached PNG Texture: SquadExpansion/MakingHistory/Parts/@thumbs/Size1p5.Strut.Decoupler_icon0
[LOG 11:37:31.919] Load Cached PNG Texture: SquadExpansion/MakingHistory/Parts/@thumbs/Size1p5.Strut.Decoupler_icon1
[LOG 11:37:31.926] Load Cached PNG Texture: SquadExpansion/MakingHistory/Parts/@thumbs/Size1to0ServiceModule_icon
[LOG 11:37:31.934] Load Cached PNG Texture: SquadExpansion/MakingHistory/Parts/@thumbs/Triangle0_icon0
[LOG 11:37:31.942] Load Cached PNG Texture: SquadExpansion/MakingHistory/Parts/@thumbs/Triangle0_icon1
[LOG 11:37:31.949] Load Cached PNG Texture: SquadExpansion/MakingHistory/Parts/@thumbs/Triangle0_icon2
[LOG 11:37:31.959] Load Cached PNG Texture: SquadExpansion/MakingHistory/Parts/@thumbs/Triangle0_icon3
[LOG 11:37:31.970] Load Cached PNG Texture: SquadExpansion/MakingHistory/Parts/@thumbs/Triangle1p5_icon0
[LOG 11:37:31.981] Load Cached PNG Texture: SquadExpansion/MakingHistory/Parts/@thumbs/Triangle1p5_icon1
[LOG 11:37:31.988] Load Cached PNG Texture: SquadExpansion/MakingHistory/Parts/@thumbs/Triangle1p5_icon2
[LOG 11:37:31.995] Load Cached PNG Texture: SquadExpansion/MakingHistory/Parts/@thumbs/Triangle1p5_icon3
[LOG 11:37:32.003] Load Cached PNG Texture: SquadExpansion/MakingHistory/Parts/@thumbs/Triangle1_icon0
[LOG 11:37:32.012] Load Cached PNG Texture: SquadExpansion/MakingHistory/Parts/@thumbs/Triangle1_icon1
[LOG 11:37:32.021] Load Cached PNG Texture: SquadExpansion/MakingHistory/Parts/@thumbs/Triangle1_icon2
[LOG 11:37:32.028] Load Cached PNG Texture: SquadExpansion/MakingHistory/Parts/@thumbs/Triangle1_icon3
[LOG 11:37:32.035] Load Cached PNG Texture: SquadExpansion/MakingHistory/Parts/@thumbs/Triangle2_icon0
[LOG 11:37:32.053] Load Cached PNG Texture: SquadExpansion/MakingHistory/Parts/@thumbs/Triangle2_icon1
[LOG 11:37:32.060] Load Cached PNG Texture: SquadExpansion/MakingHistory/Parts/@thumbs/Triangle2_icon2
[LOG 11:37:32.070] Load Cached PNG Texture: SquadExpansion/MakingHistory/Parts/@thumbs/Triangle2_icon3
[LOG 11:37:32.077] Load Cached PNG Texture: SquadExpansion/MakingHistory/Parts/@thumbs/Tube1_icon0
[LOG 11:37:32.085] Load Cached PNG Texture: SquadExpansion/MakingHistory/Parts/@thumbs/Tube1_icon1
[LOG 11:37:32.099] Load Cached PNG Texture: SquadExpansion/MakingHistory/Parts/@thumbs/Tube1_icon2
[LOG 11:37:32.107] Load Cached PNG Texture: SquadExpansion/MakingHistory/Parts/@thumbs/Tube1_icon3
[LOG 11:37:32.112] Load Cached PNG Texture: SquadExpansion/MakingHistory/Parts/@thumbs/Tube1_icon4
[LOG 11:37:32.122] Load Cached PNG Texture: SquadExpansion/MakingHistory/Parts/Aero/protectiveRocketNoseMk5A/s1p5_cone
[LOG 11:37:32.129] Load Cached PNG Texture: SquadExpansion/MakingHistory/Parts/Aero/protectiveRocketNoseMk5A/s1p5_cone_Orange
[LOG 11:37:32.135] Load DDS texture: SquadExpansion/MakingHistory/Parts/Coupling/Assets/airlock
[LOG 11:37:32.141] Load DDS texture: SquadExpansion/MakingHistory/Parts/Coupling/Assets/airlock_N
[LOG 11:37:32.147] Load DDS texture: SquadExpansion/MakingHistory/Parts/Coupling/Assets/EnginePlate
[LOG 11:37:32.153] Load DDS texture: SquadExpansion/MakingHistory/Parts/Coupling/Assets/Size1_5_Decoupler_grey
[LOG 11:37:32.159] Load DDS texture: SquadExpansion/MakingHistory/Parts/Coupling/Assets/Size1_5_Decoupler_orange
[LOG 11:37:32.165] Load DDS texture: SquadExpansion/MakingHistory/Parts/Engine/Assets/KE-1
[LOG 11:37:32.172] Load DDS texture: SquadExpansion/MakingHistory/Parts/Engine/Assets/KE-1_BASE
[LOG 11:37:32.181] Load DDS texture: SquadExpansion/MakingHistory/Parts/Engine/Assets/LV-T87
[LOG 11:37:32.187] Load DDS texture: SquadExpansion/MakingHistory/Parts/Engine/Assets/LV-T91
[LOG 11:37:32.196] Load DDS texture: SquadExpansion/MakingHistory/Parts/Engine/Assets/RE-I2
[LOG 11:37:32.202] Load DDS texture: SquadExpansion/MakingHistory/Parts/Engine/Assets/RE-J10
[LOG 11:37:32.210] Load DDS texture: SquadExpansion/MakingHistory/Parts/Engine/Assets/RE-J10_N
[LOG 11:37:32.218] Load DDS texture: SquadExpansion/MakingHistory/Parts/Engine/Assets/RK-7
[LOG 11:37:32.224] Load DDS texture: SquadExpansion/MakingHistory/Parts/Engine/Assets/RK-7_N
[LOG 11:37:32.232] Load DDS texture: SquadExpansion/MakingHistory/Parts/Engine/solidBoosterTHK/SolidBoosterS2-17_emissive
[LOG 11:37:32.244] Load DDS texture: SquadExpansion/MakingHistory/Parts/Engine/solidBoosterTHK/solidBoosterTHK_diffuse
[LOG 11:37:32.252] Load DDS texture: SquadExpansion/MakingHistory/Parts/FuelTank/Assets/Size1p5_02
[LOG 11:37:32.260] Load DDS texture: SquadExpansion/MakingHistory/Parts/FuelTank/Assets/Size1p5_02_ALT01
[LOG 11:37:32.269] Load DDS texture: SquadExpansion/MakingHistory/Parts/FuelTank/Assets/Size1p5_02_ALT02
[LOG 11:37:32.276] Load DDS texture: SquadExpansion/MakingHistory/Parts/FuelTank/Assets/Size1p5_02_ALT02_normal
[LOG 11:37:32.284] Load DDS texture: SquadExpansion/MakingHistory/Parts/FuelTank/Assets/Size1p5_mono
[LOG 11:37:32.291] Load DDS texture: SquadExpansion/MakingHistory/Parts/FuelTank/Assets/Size1p5_mono_2
[LOG 11:37:32.298] Load DDS texture: SquadExpansion/MakingHistory/Parts/FuelTank/Assets/Size1p5_mono_N
[LOG 11:37:32.305] Load DDS texture: SquadExpansion/MakingHistory/Parts/FuelTank/Assets/Size1_5_TankAdapters
[LOG 11:37:32.312] Load DDS texture: SquadExpansion/MakingHistory/Parts/FuelTank/Assets/Size1_5_TankAdapters_ALT01
[LOG 11:37:32.320] Load DDS texture: SquadExpansion/MakingHistory/Parts/FuelTank/Assets/Size1_5_TankAdapters_ALT02
[LOG 11:37:32.327] Load DDS texture: SquadExpansion/MakingHistory/Parts/FuelTank/Assets/Size1_5_TankAdapters_ALT02nm
[LOG 11:37:32.334] Load DDS texture: SquadExpansion/MakingHistory/Parts/FuelTank/Assets/Size1_5_TankAdapters_N
[LOG 11:37:32.342] Load DDS texture: SquadExpansion/MakingHistory/Parts/FuelTank/Assets/Size1_5_Tanks
[LOG 11:37:32.348] Load DDS texture: SquadExpansion/MakingHistory/Parts/FuelTank/Assets/Size1_5_Tanks_ALT02
[LOG 11:37:32.354] Load DDS texture: SquadExpansion/MakingHistory/Parts/FuelTank/Assets/Size1_5_Tanks_ALT02_nm
[LOG 11:37:32.362] Load DDS texture: SquadExpansion/MakingHistory/Parts/FuelTank/Assets/Size1_5_Tanks_grey
[LOG 11:37:32.370] Load DDS texture: SquadExpansion/MakingHistory/Parts/FuelTank/Assets/Size4_Tanks
[LOG 11:37:32.379] Load DDS texture: SquadExpansion/MakingHistory/Parts/FuelTank/Assets/Size4_Tanks_N
[LOG 11:37:32.387] Load DDS texture: SquadExpansion/MakingHistory/Parts/Ground/Assets/RoverWheel
[LOG 11:37:32.394] Load DDS texture: SquadExpansion/MakingHistory/Parts/Ground/Assets/RoverWheelG
[LOG 11:37:32.400] Load DDS texture: SquadExpansion/MakingHistory/Parts/Payload/Assets/Size1to0ServiceBay
[LOG 11:37:32.408] Load DDS texture: SquadExpansion/MakingHistory/Parts/Payload/Assets/Size1to0ServiceBay_n
[LOG 11:37:32.415] Load DDS texture: SquadExpansion/MakingHistory/Parts/Payload/Assets/SM18_diffuse
[LOG 11:37:32.427] Load Cached PNG Texture: SquadExpansion/MakingHistory/Parts/Payload/Assets/SM18_NRM
[LOG 11:37:32.437] Load DDS texture: SquadExpansion/MakingHistory/Parts/Payload/Assets/SM18_specular
[LOG 11:37:32.447] Load DDS texture: SquadExpansion/MakingHistory/Parts/Payload/Assets/SM25_diffuse
[LOG 11:37:32.454] Load DDS texture: SquadExpansion/MakingHistory/Parts/Payload/Assets/SM25_normals
[LOG 11:37:32.461] Load DDS texture: SquadExpansion/MakingHistory/Parts/Pods/Assets/KV1
[LOG 11:37:32.467] Load DDS texture: SquadExpansion/MakingHistory/Parts/Pods/Assets/KV1_GLOW
[LOG 11:37:32.474] Load DDS texture: SquadExpansion/MakingHistory/Parts/Pods/Assets/KV2
[LOG 11:37:32.481] Load DDS texture: SquadExpansion/MakingHistory/Parts/Pods/Assets/KV3
[LOG 11:37:32.487] Load DDS texture: SquadExpansion/MakingHistory/Parts/Pods/Assets/Mk2Pod
[LOG 11:37:32.494] Load DDS texture: SquadExpansion/MakingHistory/Parts/Pods/Assets/Mk2Pod_GLOW
[LOG 11:37:32.500] Load DDS texture: SquadExpansion/MakingHistory/Parts/Pods/Assets/Mk2Pod_n
[LOG 11:37:32.506] Load DDS texture: SquadExpansion/MakingHistory/Parts/Pods/Assets/Size1_5_Lander
[LOG 11:37:32.514] Load DDS texture: SquadExpansion/MakingHistory/Parts/Pods/Assets/Size1_5_Lander_GLOW
[LOG 11:37:32.522] Load DDS texture: SquadExpansion/MakingHistory/Parts/SharedAssets/Shrouds
[LOG 11:37:32.528] Load DDS texture: SquadExpansion/MakingHistory/Parts/SharedAssets/Shrouds_N
[LOG 11:37:32.535] Load DDS texture: SquadExpansion/MakingHistory/Parts/Structural/Assets/NormalMap
[LOG 11:37:32.543] Load DDS texture: SquadExpansion/MakingHistory/Parts/Structural/Assets/Panels
[LOG 11:37:32.550] Load DDS texture: SquadExpansion/MakingHistory/Parts/Structural/Assets/Panels_Dark_D
[LOG 11:37:32.559] Load DDS texture: SquadExpansion/MakingHistory/Parts/Structural/Assets/Panels_Gold_D
[LOG 11:37:32.567] Load Cached PNG Texture: SquadExpansion/MakingHistory/Parts/Structural/Assets/Panels_Gold_NRM
[LOG 11:37:32.575] Load DDS texture: SquadExpansion/MakingHistory/Parts/Structural/Assets/Panels_Gold_S
[LOG 11:37:32.583] Load DDS texture: SquadExpansion/MakingHistory/Parts/Structural/Assets/Panels_Silver_D
[LOG 11:37:32.591] Load DDS texture: SquadExpansion/MakingHistory/Parts/Structural/Assets/Panels_Silver_S
[LOG 11:37:32.599] Load Cached PNG Texture: SquadExpansion/MakingHistory/Ships/@thumbs/VAB/Acapello
[LOG 11:37:32.605] Load Cached PNG Texture: SquadExpansion/MakingHistory/Ships/@thumbs/VAB/Beta Centaurus
[LOG 11:37:32.611] Load Cached PNG Texture: SquadExpansion/MakingHistory/Ships/@thumbs/VAB/Goliath II HLV
[LOG 11:37:32.616] Load Cached PNG Texture: SquadExpansion/MakingHistory/Ships/@thumbs/VAB/Muna 1
[LOG 11:37:32.623] Load Cached PNG Texture: SquadExpansion/MakingHistory/Ships/@thumbs/VAB/Sally-Hut 1
[LOG 11:37:32.631] Load Cached PNG Texture: SquadExpansion/MakingHistory/Ships/@thumbs/VAB/SWM-94 Communications Satellite
[LOG 11:37:32.637] Load Cached PNG Texture: SquadExpansion/MakingHistory/Ships/@thumbs/VAB/Valshkod 2
[LOG 11:37:32.643] Load DDS texture: SquadExpansion/MakingHistory/Spaces/KVPods/airlock
[LOG 11:37:32.650] Load DDS texture: SquadExpansion/MakingHistory/Spaces/KVPods/airlock_N
[LOG 11:37:32.658] Load DDS texture: SquadExpansion/MakingHistory/Spaces/KVPods/KV1_Props_Diffuse
[LOG 11:37:32.668] Load DDS texture: SquadExpansion/MakingHistory/Spaces/KVPods/KV1_Props_Normal
[LOG 11:37:32.678] Load DDS texture: SquadExpansion/MakingHistory/Spaces/KVPods/KV1_Shell_Diffuse
[LOG 11:37:32.690] Load DDS texture: SquadExpansion/MakingHistory/Spaces/KVPods/KV1_Shell_Emissive
[LOG 11:37:32.700] Load DDS texture: SquadExpansion/MakingHistory/Spaces/KVPods/KV1_Shell_Normal
[LOG 11:37:32.708] Load DDS texture: SquadExpansion/MakingHistory/Spaces/KVPods/KV1_Vzor_Diffuse
[LOG 11:37:32.716] Load DDS texture: SquadExpansion/MakingHistory/Spaces/KVPods/KV2_Props_Diffuse
[LOG 11:37:32.724] Load DDS texture: SquadExpansion/MakingHistory/Spaces/KVPods/KV2_Props_Emissive
[LOG 11:37:32.733] Load DDS texture: SquadExpansion/MakingHistory/Spaces/KVPods/KV2_Props_Normal
[LOG 11:37:32.743] Load DDS texture: SquadExpansion/MakingHistory/Spaces/KVPods/KV2_Shell_Diffuse
[LOG 11:37:32.753] Load DDS texture: SquadExpansion/MakingHistory/Spaces/KVPods/KV2_Shell_Normal
[LOG 11:37:32.761] Load DDS texture: SquadExpansion/MakingHistory/Spaces/KVPods/KV3_Props_Diffuse
[LOG 11:37:32.771] Load DDS texture: SquadExpansion/MakingHistory/Spaces/KVPods/KV3_Props_Normal
[LOG 11:37:32.780] Load DDS texture: SquadExpansion/MakingHistory/Spaces/KVPods/KV3_Shell_Diffuse
[LOG 11:37:32.788] Load DDS texture: SquadExpansion/MakingHistory/Spaces/KVPods/KV3_Shell_Normal
[LOG 11:37:32.806] Load DDS texture: SquadExpansion/MakingHistory/Spaces/KVPods/motor
[LOG 11:37:32.812] Load DDS texture: SquadExpansion/MakingHistory/Spaces/KVPods/pilot Seat
[LOG 11:37:32.819] Load DDS texture: SquadExpansion/MakingHistory/Spaces/MEM/PANELS_AO
[LOG 11:37:32.827] Load DDS texture: SquadExpansion/MakingHistory/Spaces/MEM/PANELS_EMISSIVE
[LOG 11:37:32.836] Load DDS texture: SquadExpansion/MakingHistory/Spaces/MEM/PANELS_NORMAL
[LOG 11:37:32.844] Load DDS texture: SquadExpansion/MakingHistory/Spaces/MEM/pilot Seat
[LOG 11:37:32.850] Load DDS texture: SquadExpansion/MakingHistory/Spaces/MEM/propsGeneric
[LOG 11:37:32.857] Load DDS texture: SquadExpansion/MakingHistory/Spaces/MEM/PROPS_AO
[LOG 11:37:32.864] Load DDS texture: SquadExpansion/MakingHistory/Spaces/MEM/PROPS_EMISSIVE
[LOG 11:37:32.872] Load DDS texture: SquadExpansion/MakingHistory/Spaces/MEM/PROPS_NORMAL
[LOG 11:37:32.881] Load DDS texture: SquadExpansion/MakingHistory/Spaces/Mk2Pod/DIfuse_controlboard
[LOG 11:37:32.889] Load DDS texture: SquadExpansion/MakingHistory/Spaces/Mk2Pod/Normal_controlbard
[LOG 11:37:32.900] Load DDS texture: SquadExpansion/MakingHistory/Spaces/Mk2Pod/Outershell_Base_Color
[LOG 11:37:32.910] Load DDS texture: SquadExpansion/MakingHistory/Spaces/Mk2Pod/Outershell_Normal
[LOG 11:37:32.917] Load DDS texture: SquadExpansion/MakingHistory/Spaces/Mk2Pod/pilot Seat
[LOG 11:37:32.924] Load Cached PNG Texture: SquadExpansion/Serenity/Parts/@thumbs/controller1000_icon
[LOG 11:37:32.930] Load Cached PNG Texture: SquadExpansion/Serenity/Parts/@thumbs/DeployedCentralStation_icon
[LOG 11:37:32.940] Load Cached PNG Texture: SquadExpansion/Serenity/Parts/@thumbs/DeployedGoExOb_icon
[LOG 11:37:32.947] Load Cached PNG Texture: SquadExpansion/Serenity/Parts/@thumbs/DeployedIONExp_icon
[LOG 11:37:32.968] Load Cached PNG Texture: SquadExpansion/Serenity/Parts/@thumbs/DeployedRTG_icon
[LOG 11:37:32.976] Load Cached PNG Texture: SquadExpansion/Serenity/Parts/@thumbs/DeployedSatDish_icon
[LOG 11:37:32.983] Load Cached PNG Texture: SquadExpansion/Serenity/Parts/@thumbs/DeployedSeismicSensor_icon
[LOG 11:37:33.002] Load Cached PNG Texture: SquadExpansion/Serenity/Parts/@thumbs/DeployedSolarPanel_icon
[LOG 11:37:33.014] Load Cached PNG Texture: SquadExpansion/Serenity/Parts/@thumbs/DeployedWeatherStn_icon
[LOG 11:37:33.022] Load Cached PNG Texture: SquadExpansion/Serenity/Parts/@thumbs/FanShroud.01_icon0
[LOG 11:37:33.027] Load Cached PNG Texture: SquadExpansion/Serenity/Parts/@thumbs/FanShroud.01_icon1
[LOG 11:37:33.034] Load Cached PNG Texture: SquadExpansion/Serenity/Parts/@thumbs/FanShroud.02_icon0
[LOG 11:37:33.042] Load Cached PNG Texture: SquadExpansion/Serenity/Parts/@thumbs/FanShroud.02_icon1
[LOG 11:37:33.048] Load Cached PNG Texture: SquadExpansion/Serenity/Parts/@thumbs/hinge.01.s_icon0
[LOG 11:37:33.055] Load Cached PNG Texture: SquadExpansion/Serenity/Parts/@thumbs/hinge.01.s_icon1
[LOG 11:37:33.061] Load Cached PNG Texture: SquadExpansion/Serenity/Parts/@thumbs/hinge.01_icon0
[LOG 11:37:33.066] Load Cached PNG Texture: SquadExpansion/Serenity/Parts/@thumbs/hinge.01_icon1
[LOG 11:37:33.074] Load Cached PNG Texture: SquadExpansion/Serenity/Parts/@thumbs/hinge.03.s_icon0
[LOG 11:37:33.080] Load Cached PNG Texture: SquadExpansion/Serenity/Parts/@thumbs/hinge.03.s_icon1
[LOG 11:37:33.085] Load Cached PNG Texture: SquadExpansion/Serenity/Parts/@thumbs/hinge.03_icon0
[LOG 11:37:33.092] Load Cached PNG Texture: SquadExpansion/Serenity/Parts/@thumbs/hinge.03_icon1
[LOG 11:37:33.102] Load Cached PNG Texture: SquadExpansion/Serenity/Parts/@thumbs/largeFanBlade_icon0
[LOG 11:37:33.109] Load Cached PNG Texture: SquadExpansion/Serenity/Parts/@thumbs/largeFanBlade_icon1
[LOG 11:37:33.117] Load Cached PNG Texture: SquadExpansion/Serenity/Parts/@thumbs/largePropeller_icon0
[LOG 11:37:33.129] Load Cached PNG Texture: SquadExpansion/Serenity/Parts/@thumbs/largePropeller_icon1
[LOG 11:37:33.137] Load Cached PNG Texture: SquadExpansion/Serenity/Parts/@thumbs/lGripPad_icon0
[LOG 11:37:33.146] Load Cached PNG Texture: SquadExpansion/Serenity/Parts/@thumbs/lGripPad_icon1
[LOG 11:37:33.152] Load Cached PNG Texture: SquadExpansion/Serenity/Parts/@thumbs/lGripStrip_icon
[LOG 11:37:33.158] Load Cached PNG Texture: SquadExpansion/Serenity/Parts/@thumbs/mediumFanBlade_icon0
[LOG 11:37:33.165] Load Cached PNG Texture: SquadExpansion/Serenity/Parts/@thumbs/mediumFanBlade_icon1
[LOG 11:37:33.172] Load Cached PNG Texture: SquadExpansion/Serenity/Parts/@thumbs/mediumPropeller_icon0
[LOG 11:37:33.185] Load Cached PNG Texture: SquadExpansion/Serenity/Parts/@thumbs/mediumPropeller_icon1
[LOG 11:37:33.192] Load Cached PNG Texture: SquadExpansion/Serenity/Parts/@thumbs/mGripPad_icon0
[LOG 11:37:33.198] Load Cached PNG Texture: SquadExpansion/Serenity/Parts/@thumbs/mGripPad_icon1
[LOG 11:37:33.204] Load Cached PNG Texture: SquadExpansion/Serenity/Parts/@thumbs/noseconeTiny_icon
[LOG 11:37:33.213] Load Cached PNG Texture: SquadExpansion/Serenity/Parts/@thumbs/noseconeVS_icon
[LOG 11:37:33.223] Load Cached PNG Texture: SquadExpansion/Serenity/Parts/@thumbs/piston.01_icon0
[LOG 11:37:33.232] Load Cached PNG Texture: SquadExpansion/Serenity/Parts/@thumbs/piston.01_icon1
[LOG 11:37:33.238] Load Cached PNG Texture: SquadExpansion/Serenity/Parts/@thumbs/piston.02_icon0
[LOG 11:37:33.245] Load Cached PNG Texture: SquadExpansion/Serenity/Parts/@thumbs/piston.02_icon1
[LOG 11:37:33.252] Load Cached PNG Texture: SquadExpansion/Serenity/Parts/@thumbs/piston.03_icon0
[LOG 11:37:33.259] Load Cached PNG Texture: SquadExpansion/Serenity/Parts/@thumbs/piston.03_icon1
[LOG 11:37:33.265] Load Cached PNG Texture: SquadExpansion/Serenity/Parts/@thumbs/piston.04_icon0
[LOG 11:37:33.271] Load Cached PNG Texture: SquadExpansion/Serenity/Parts/@thumbs/piston.04_icon1
[LOG 11:37:33.278] Load Cached PNG Texture: SquadExpansion/Serenity/Parts/@thumbs/RobotArmScanner.S1_icon
[LOG 11:37:33.294] Load Cached PNG Texture: SquadExpansion/Serenity/Parts/@thumbs/RobotArmScanner.S2_icon
[LOG 11:37:33.302] Load Cached PNG Texture: SquadExpansion/Serenity/Parts/@thumbs/RobotArmScanner.S3_icon
[LOG 11:37:33.313] Load Cached PNG Texture: SquadExpansion/Serenity/Parts/@thumbs/rotor.01s_icon0
[LOG 11:37:33.323] Load Cached PNG Texture: SquadExpansion/Serenity/Parts/@thumbs/rotor.01s_icon1
[LOG 11:37:33.353] Load Cached PNG Texture: SquadExpansion/Serenity/Parts/@thumbs/rotor.01_icon0
[LOG 11:37:33.383] Load Cached PNG Texture: SquadExpansion/Serenity/Parts/@thumbs/rotor.01_icon1
[LOG 11:37:33.406] Load Cached PNG Texture: SquadExpansion/Serenity/Parts/@thumbs/rotor.02s_icon0
[LOG 11:37:33.428] Load Cached PNG Texture: SquadExpansion/Serenity/Parts/@thumbs/rotor.02s_icon1
[LOG 11:37:33.450] Load Cached PNG Texture: SquadExpansion/Serenity/Parts/@thumbs/rotor.02_icon0
[LOG 11:37:33.483] Load Cached PNG Texture: SquadExpansion/Serenity/Parts/@thumbs/rotor.02_icon1
[LOG 11:37:33.500] Load Cached PNG Texture: SquadExpansion/Serenity/Parts/@thumbs/RotorEngine.02_icon
[LOG 11:37:33.509] Load Cached PNG Texture: SquadExpansion/Serenity/Parts/@thumbs/rotoServo.00_icon0
[LOG 11:37:33.514] Load Cached PNG Texture: SquadExpansion/Serenity/Parts/@thumbs/rotoServo.00_icon1
[LOG 11:37:33.520] Load Cached PNG Texture: SquadExpansion/Serenity/Parts/@thumbs/rotoServo.02_icon0
[LOG 11:37:33.529] Load Cached PNG Texture: SquadExpansion/Serenity/Parts/@thumbs/rotoServo.02_icon1
[LOG 11:37:33.535] Load Cached PNG Texture: SquadExpansion/Serenity/Parts/@thumbs/rotoServo.03_icon0
[LOG 11:37:33.541] Load Cached PNG Texture: SquadExpansion/Serenity/Parts/@thumbs/rotoServo.03_icon1
[LOG 11:37:33.548] Load Cached PNG Texture: SquadExpansion/Serenity/Parts/@thumbs/sGripPad_icon0
[LOG 11:37:33.554] Load Cached PNG Texture: SquadExpansion/Serenity/Parts/@thumbs/sGripPad_icon1
[LOG 11:37:33.560] Load Cached PNG Texture: SquadExpansion/Serenity/Parts/@thumbs/sGripStrip_icon
[LOG 11:37:33.565] Load Cached PNG Texture: SquadExpansion/Serenity/Parts/@thumbs/smallFanBlade_icon0
[LOG 11:37:33.572] Load Cached PNG Texture: SquadExpansion/Serenity/Parts/@thumbs/smallFanBlade_icon1
[LOG 11:37:33.578] Load Cached PNG Texture: SquadExpansion/Serenity/Parts/@thumbs/smallHeliBlade_icon0
[LOG 11:37:33.593] Load Cached PNG Texture: SquadExpansion/Serenity/Parts/@thumbs/smallHeliBlade_icon1
[LOG 11:37:33.599] Load Cached PNG Texture: SquadExpansion/Serenity/Parts/@thumbs/smallPropeller_icon0
[LOG 11:37:33.605] Load Cached PNG Texture: SquadExpansion/Serenity/Parts/@thumbs/smallPropeller_icon1
[LOG 11:37:33.611] Load DDS texture: SquadExpansion/Serenity/Parts/Aero/Assets/copterBlades_diffuse
[LOG 11:37:33.616] Load DDS texture: SquadExpansion/Serenity/Parts/Aero/Assets/shroudsDiffuse_color
[LOG 11:37:33.622] Load DDS texture: SquadExpansion/Serenity/Parts/Aero/Assets/shroudsDiffuse_plain
[LOG 11:37:33.626] Load Cached PNG Texture: SquadExpansion/Serenity/Parts/DeployedScience/MockupTexture
[LOG 11:37:33.632] Load DDS texture: SquadExpansion/Serenity/Parts/DeployedScience/Assets/centralStation_diffuse
[LOG 11:37:33.658] Load DDS texture: SquadExpansion/Serenity/Parts/DeployedScience/Assets/centralStation_emissive
[LOG 11:37:33.684] Load DDS texture: SquadExpansion/Serenity/Parts/DeployedScience/Assets/GenericParts_diffuse
[LOG 11:37:33.685] Load DDS texture: SquadExpansion/Serenity/Parts/DeployedScience/Assets/GenericParts_emissive
[LOG 11:37:33.689] Load DDS texture: SquadExpansion/Serenity/Parts/DeployedScience/Assets/GenericParts_normal
[LOG 11:37:33.697] Load DDS texture: SquadExpansion/Serenity/Parts/DeployedScience/Assets/goex_diffuse
[LOG 11:37:33.706] Load DDS texture: SquadExpansion/Serenity/Parts/DeployedScience/Assets/goex_specMapped
[LOG 11:37:33.712] Load DDS texture: SquadExpansion/Serenity/Parts/DeployedScience/Assets/Grid
[LOG 11:37:33.720] Load DDS texture: SquadExpansion/Serenity/Parts/DeployedScience/Assets/IonExperiment_diffuse
[LOG 11:37:33.729] Load DDS texture: SquadExpansion/Serenity/Parts/DeployedScience/Assets/RTGCask_diffuse
[LOG 11:37:33.738] Load DDS texture: SquadExpansion/Serenity/Parts/DeployedScience/Assets/satDish_diffuse
[LOG 11:37:33.746] Load Cached PNG Texture: SquadExpansion/Serenity/Parts/DeployedScience/Assets/Scratch
[LOG 11:37:33.753] Load DDS texture: SquadExpansion/Serenity/Parts/DeployedScience/Assets/Screen2
[LOG 11:37:33.759] Load DDS texture: SquadExpansion/Serenity/Parts/DeployedScience/Assets/Screen3
[LOG 11:37:33.765] Load DDS texture: SquadExpansion/Serenity/Parts/DeployedScience/Assets/ScreenReadout
[LOG 11:37:33.774] Load DDS texture: SquadExpansion/Serenity/Parts/DeployedScience/Assets/seismicSensor_diffuse
[LOG 11:37:33.780] Load DDS texture: SquadExpansion/Serenity/Parts/DeployedScience/Assets/seismicSensor_nrm
[LOG 11:37:33.785] Load DDS texture: SquadExpansion/Serenity/Parts/DeployedScience/Assets/seismicSensor_specularMapped
[LOG 11:37:33.792] Load DDS texture: SquadExpansion/Serenity/Parts/DeployedScience/Assets/SolarGraph
[LOG 11:37:33.799] Load DDS texture: SquadExpansion/Serenity/Parts/DeployedScience/Assets/solarPanel_diffuse
[LOG 11:37:33.804] Load DDS texture: SquadExpansion/Serenity/Parts/DeployedScience/Assets/Waveleght3
[LOG 11:37:33.810] Load DDS texture: SquadExpansion/Serenity/Parts/DeployedScience/Assets/Wavelenght
[LOG 11:37:33.817] Load DDS texture: SquadExpansion/Serenity/Parts/DeployedScience/Assets/Wavelenght2
[LOG 11:37:33.822] Load DDS texture: SquadExpansion/Serenity/Parts/DeployedScience/Assets/wavelenght4
[LOG 11:37:33.827] Load DDS texture: SquadExpansion/Serenity/Parts/DeployedScience/Assets/wavelenght5
[LOG 11:37:33.857] Load DDS texture: SquadExpansion/Serenity/Parts/DeployedScience/Assets/WeatherStation [Normal]
[LOG 11:37:33.878] Load DDS texture: SquadExpansion/Serenity/Parts/DeployedScience/Assets/Weather_Station_diffuse
[LOG 11:37:33.884] Load DDS texture: SquadExpansion/Serenity/Parts/DeployedScience/Assets/Weather_Station_normal
[LOG 11:37:33.890] Load DDS texture: SquadExpansion/Serenity/Parts/Propellers/Assets/blade_diffuse
[LOG 11:37:33.898] Load DDS texture: SquadExpansion/Serenity/Parts/Propellers/Assets/copterBlades_diffuse
[LOG 11:37:33.909] Load DDS texture: SquadExpansion/Serenity/Parts/Propellers/Assets/fan_diffuse
[LOG 11:37:33.916] Load DDS texture: SquadExpansion/Serenity/Parts/Robotics/Assets/hinges-03-s_diffuse_Color
[LOG 11:37:33.923] Load DDS texture: SquadExpansion/Serenity/Parts/Robotics/Assets/hinges-03_diffuse_color
[LOG 11:37:33.929] Load DDS texture: SquadExpansion/Serenity/Parts/Robotics/Assets/hinges-03_diffuse_plain
[LOG 11:37:33.935] Load DDS texture: SquadExpansion/Serenity/Parts/Robotics/Assets/hinges_diffuse
[LOG 11:37:33.940] Load DDS texture: SquadExpansion/Serenity/Parts/Robotics/Assets/Hinge_diffuse_G-00_Color
[LOG 11:37:33.946] Load DDS texture: SquadExpansion/Serenity/Parts/Robotics/Assets/Hinge_diffuse_G-11_Color
[LOG 11:37:33.952] Load DDS texture: SquadExpansion/Serenity/Parts/Robotics/Assets/Hinge_diffuse_G-11_plain
[LOG 11:37:33.959] Load DDS texture: SquadExpansion/Serenity/Parts/Robotics/Assets/Hinge_normal
[LOG 11:37:34.064] Load DDS texture: SquadExpansion/Serenity/Parts/Robotics/Assets/RotorEngine_02_diffuse
[LOG 11:37:34.078] Load DDS texture: SquadExpansion/Serenity/Parts/Robotics/Assets/RotorEngine_03_diffuse
[LOG 11:37:34.085] Load DDS texture: SquadExpansion/Serenity/Parts/Robotics/Assets/RotorEngine_03_normal
[LOG 11:37:34.092] Load DDS texture: SquadExpansion/Serenity/Parts/Robotics/Assets/Rotor_01_diffuse_color
[LOG 11:37:34.100] Load DDS texture: SquadExpansion/Serenity/Parts/Robotics/Assets/Rotor_01_diffuse_plain
[LOG 11:37:34.107] Load DDS texture: SquadExpansion/Serenity/Parts/Robotics/Assets/Rotor_01_normal
[LOG 11:37:34.112] Load DDS texture: SquadExpansion/Serenity/Parts/Robotics/Assets/Rotor_01_specular_D
[LOG 11:37:34.118] Load DDS texture: SquadExpansion/Serenity/Parts/Robotics/Assets/Rotor_02_diffuse_color
[LOG 11:37:34.125] Load DDS texture: SquadExpansion/Serenity/Parts/Robotics/Assets/Rotor_03_diffuse_color
[LOG 11:37:34.132] Load DDS texture: SquadExpansion/Serenity/Parts/Robotics/Assets/Rotor_03_diffuse_plain
[LOG 11:37:34.139] Load DDS texture: SquadExpansion/Serenity/Parts/Robotics/Assets/Rotor_03_normal
[LOG 11:37:34.146] Load DDS texture: SquadExpansion/Serenity/Parts/Robotics/Assets/rotoServos_diffuse_color
[LOG 11:37:34.154] Load DDS texture: SquadExpansion/Serenity/Parts/Robotics/Assets/rotoServos_diffuse_plain
[LOG 11:37:34.160] Load DDS texture: SquadExpansion/Serenity/Parts/Robotics/Assets/rotoServos_nrm
[LOG 11:37:34.166] Load DDS texture: SquadExpansion/Serenity/Parts/Robotics/Controllers/roboController_diffuse
[LOG 11:37:34.173] Load DDS texture: SquadExpansion/Serenity/Parts/Robotics/Controllers/roboController_emissive
[LOG 11:37:34.179] Load Cached PNG Texture: SquadExpansion/Serenity/Parts/Science/RobotArmScanner/Assets/DrillBits
[LOG 11:37:34.184] Load DDS texture: SquadExpansion/Serenity/Parts/Science/RobotArmScanner/Assets/DustParticle
[WRN 11:37:34.185] Duplicate PNG texture 'SquadExpansion/Serenity/Parts/Science/RobotArmScanner/Assets/DustParticle' with extension 'png' won't be loaded
[LOG 11:37:34.193] Load DDS texture: SquadExpansion/Serenity/Parts/Science/RobotArmScanner/Assets/GenericParts_diffuse
[LOG 11:37:34.203] Load DDS texture: SquadExpansion/Serenity/Parts/Science/RobotArmScanner/Assets/GenericParts_normal
[LOG 11:37:34.212] Load DDS texture: SquadExpansion/Serenity/Parts/Science/RobotArmScanner/Assets/ROCArm3_diffuse
[LOG 11:37:34.222] Load DDS texture: SquadExpansion/Serenity/Parts/Science/RobotArmScanner/Assets/ROCArm3_normal
[LOG 11:37:34.231] Load DDS texture: SquadExpansion/Serenity/Parts/Science/RobotArmScanner/Assets/ROCArm_2_diffuse
[LOG 11:37:34.239] Load DDS texture: SquadExpansion/Serenity/Parts/Science/RobotArmScanner/Assets/ROCArm_2_normal
[LOG 11:37:34.246] Load Cached PNG Texture: SquadExpansion/Serenity/Parts/Science/RobotArmScanner/Assets/Scratch
[LOG 11:37:34.253] Load DDS texture: SquadExpansion/Serenity/Parts/Science/RobotArmScanner/Assets/SmallArm_diffuse
[LOG 11:37:34.260] Load DDS texture: SquadExpansion/Serenity/Parts/Science/RobotArmScanner/Assets/SmallArm_normal
[LOG 11:37:34.266] Load DDS texture: SquadExpansion/Serenity/Parts/Structural/gripPads/Assets/gripPads_diffuse
[LOG 11:37:34.272] Load DDS texture: SquadExpansion/Serenity/Parts/Structural/gripPads/Assets/gripPads_nrm
[LOG 11:37:34.279] Load Cached PNG Texture: SquadExpansion/Serenity/Ships/@thumbs/SPH/Arrow-E
[LOG 11:37:34.285] Load Cached PNG Texture: SquadExpansion/Serenity/Ships/@thumbs/SPH/Butterfly Rover
[LOG 11:37:34.292] Load Cached PNG Texture: SquadExpansion/Serenity/Ships/@thumbs/SPH/Jeb_s Quadtaxi
[LOG 11:37:34.297] Load Cached PNG Texture: SquadExpansion/Serenity/Ships/@thumbs/SPH/Kerbodyne Rotodyne
[LOG 11:37:34.304] Load Cached PNG Texture: SquadExpansion/Serenity/Ships/@thumbs/SPH/Seahawk
[LOG 11:37:34.313] Load Cached PNG Texture: SquadExpansion/Serenity/Ships/@thumbs/SPH/Val-Thopter
[LOG 11:37:34.324] Load MU model: Squad/FX/afterburner_flame
[LOG 11:37:34.333] Load MU model: Squad/FX/afterburner_shock
[LOG 11:37:34.339] Load MU model: Squad/FX/diamondBlue
[LOG 11:37:34.344] Load MU model: Squad/FX/exhaustFlames_blue
[LOG 11:37:34.431] Load MU model: Squad/FX/hydroLOXFlame
[LOG 11:37:34.431] Load MU model: Squad/FX/IonPlume
[LOG 11:37:34.432] Load MU model: Squad/FX/ks1_Exhaust
[LOG 11:37:34.432] Load MU model: Squad/FX/ks25_Exhaust
[LOG 11:37:34.432] Load MU model: Squad/FX/ksX_Exhaust
[LOG 11:37:34.432] Load MU model: Squad/FX/LES_Thruster
[LOG 11:37:34.432] Load MU model: Squad/FX/Monoprop_big
[LOG 11:37:34.432] Load MU model: Squad/FX/Monoprop_medium
[LOG 11:37:34.432] Load MU model: Squad/FX/Monoprop_small
[LOG 11:37:34.432] Load MU model: Squad/FX/shockExhaust_blue
[LOG 11:37:34.433] Load MU model: Squad/FX/shockExhaust_blue_small
[LOG 11:37:34.433] Load MU model: Squad/FX/shockExhaust_red_small
[LOG 11:37:34.433] Load MU model: Squad/FX/SRB_Large
[LOG 11:37:34.433] Load MU model: Squad/FX/SRB_LargeSparks
[LOG 11:37:34.433] Load MU model: Squad/Parts/Aero/aerodynamicNoseCone/aerodynamicNoseCone
[LOG 11:37:34.435] Load MU model: Squad/Parts/Aero/airbrake/Airbrake
[LOG 11:37:34.442] Load MU model: Squad/Parts/Aero/airIntakeRadialXM-G50/RadialIntake
[LOG 11:37:34.446] Load MU model: Squad/Parts/Aero/airlinerWings/ControlSurface
[LOG 11:37:34.452] Load MU model: Squad/Parts/Aero/airlinerWings/MainWing
[LOG 11:37:34.458] Load MU model: Squad/Parts/Aero/airlinerWings/TailFin
[LOG 11:37:34.468] Load MU model: Squad/Parts/Aero/airplaneFins/AdvCanard
[LOG 11:37:34.474] Load MU model: Squad/Parts/Aero/airplaneFins/Canard
[LOG 11:37:34.482] Load MU model: Squad/Parts/Aero/airplaneFins/Swept
[LOG 11:37:34.489] Load MU model: Squad/Parts/Aero/airplaneFins/TailFin
[LOG 11:37:34.495] Load MU model: Squad/Parts/Aero/basicFin/basicFin
[LOG 11:37:34.501] Load MU model: Squad/Parts/Aero/circularIntake/CircularIntake
[LOG 11:37:34.508] Load MU model: Squad/Parts/Aero/circularIntake/ConeIntake
[LOG 11:37:34.513] Load MU model: Squad/Parts/Aero/cones/Assets/AvioCone
[LOG 11:37:34.519] Load MU model: Squad/Parts/Aero/cones/Assets/ConeA
[LOG 11:37:34.526] Load MU model: Squad/Parts/Aero/cones/Assets/ConeB
[LOG 11:37:34.531] Load MU model: Squad/Parts/Aero/cones/Assets/NCS
[LOG 11:37:34.537] Load MU model: Squad/Parts/Aero/cones/Assets/orangeNoseCone
[LOG 11:37:34.544] Load MU model: Squad/Parts/Aero/cones/Assets/rocketNoseCone
[LOG 11:37:34.550] Load MU model: Squad/Parts/Aero/cones/Assets/rocketNoseCone_v2
[LOG 11:37:34.556] Load MU model: Squad/Parts/Aero/cones/Assets/rocketNoseCone_v3
[LOG 11:37:34.561] Load MU model: Squad/Parts/Aero/cones/Assets/TailA
[LOG 11:37:34.567] Load MU model: Squad/Parts/Aero/cones/Assets/TailB
[LOG 11:37:34.573] Load MU model: Squad/Parts/Aero/cones/Assets/TinyCone
[LOG 11:37:34.579] Load MU model: Squad/Parts/Aero/fairings/AutoTruss
[LOG 11:37:34.585] Load MU model: Squad/Parts/Aero/fairings/fairingSize1
[LOG 11:37:34.590] Load MU model: Squad/Parts/Aero/fairings/fairingSize2
[LOG 11:37:34.595] Load MU model: Squad/Parts/Aero/fairings/fairingSize3
[LOG 11:37:34.600] Load MU model: Squad/Parts/Aero/HeatShield/HeatShield0
[LOG 11:37:34.607] Load MU model: Squad/Parts/Aero/HeatShield/HeatShield1
[LOG 11:37:34.613] Load MU model: Squad/Parts/Aero/HeatShield/HeatShield2
[LOG 11:37:34.618] Load MU model: Squad/Parts/Aero/HeatShield/HeatShield3
[LOG 11:37:34.624] Load MU model: Squad/Parts/Aero/InflatableHeatShield/HeatShield
[LOG 11:37:34.629] Load MU model: Squad/Parts/Aero/intakeRadialLong/IntakeRadial
[LOG 11:37:34.634] Load MU model: Squad/Parts/Aero/miniIntake/SmallIntake
[LOG 11:37:34.639] Load MU model: Squad/Parts/Aero/ramAirIntake/RampIntake
[LOG 11:37:34.643] Load MU model: Squad/Parts/Aero/shuttleWings/ShuttleDeltaWing
[LOG 11:37:34.650] Load MU model: Squad/Parts/Aero/shuttleWings/ShuttleElevonA
[LOG 11:37:34.656] Load MU model: Squad/Parts/Aero/shuttleWings/ShuttleElevonB
[LOG 11:37:34.661] Load MU model: Squad/Parts/Aero/shuttleWings/ShuttleRudder
[LOG 11:37:34.669] Load MU model: Squad/Parts/Aero/shuttleWings/ShuttleStrake
[LOG 11:37:34.673] Load MU model: Squad/Parts/Aero/wingletAV-R8/model
[LOG 11:37:34.682] Load MU model: Squad/Parts/Aero/wingletAV-T1/model
[LOG 11:37:34.688] Load MU model: Squad/Parts/Aero/wingletDeltaDeluxe/model
[LOG 11:37:34.696] Load MU model: Squad/Parts/Aero/wings/connector1
[LOG 11:37:34.702] Load MU model: Squad/Parts/Aero/wings/connector2
[LOG 11:37:34.707] Load MU model: Squad/Parts/Aero/wings/connector3
[LOG 11:37:34.714] Load MU model: Squad/Parts/Aero/wings/connector4
[LOG 11:37:34.719] Load MU model: Squad/Parts/Aero/wings/connector5
[LOG 11:37:34.724] Load MU model: Squad/Parts/Aero/wings/delta
[LOG 11:37:34.730] Load MU model: Squad/Parts/Aero/wings/delta_small
[LOG 11:37:34.735] Load MU model: Squad/Parts/Aero/wings/elevon1
[LOG 11:37:34.740] Load MU model: Squad/Parts/Aero/wings/elevon2
[LOG 11:37:34.748] Load MU model: Squad/Parts/Aero/wings/elevon3
[LOG 11:37:34.753] Load MU model: Squad/Parts/Aero/wings/elevon4
[LOG 11:37:34.759] Load MU model: Squad/Parts/Aero/wings/elevon5
[LOG 11:37:34.768] Load MU model: Squad/Parts/Aero/wings/strake
[LOG 11:37:34.773] Load MU model: Squad/Parts/Aero/wings/structural1
[LOG 11:37:34.781] Load MU model: Squad/Parts/Aero/wings/structural2
[LOG 11:37:34.787] Load MU model: Squad/Parts/Aero/wings/structural3
[LOG 11:37:34.792] Load MU model: Squad/Parts/Aero/wings/structural4
[LOG 11:37:34.798] Load MU model: Squad/Parts/Aero/wings/swept1
[LOG 11:37:34.804] Load MU model: Squad/Parts/Aero/wings/swept2
[LOG 11:37:34.815] Load MU model: Squad/Parts/Cargo/CargoContainers/cargoContainer
[LOG 11:37:34.821] Load MU model: Squad/Parts/Cargo/CargoContainers/smallCargoContainer
[LOG 11:37:34.827] Load MU model: Squad/Parts/Cargo/Cylinder/EVAcylinder
[LOG 11:37:34.833] Load MU model: Squad/Parts/Cargo/GroundAnchor/groundAnchor
[LOG 11:37:34.847] Load MU model: Squad/Parts/Cargo/Jetpack/Jetpack
[LOG 11:37:34.853] Load MU model: Squad/Parts/Cargo/Parachute/Parachute
[LOG 11:37:34.859] Load MU model: Squad/Parts/Cargo/RepairKit/RepairKit
[LOG 11:37:34.874] Load MU model: Squad/Parts/Cargo/ScienceKit/ExperimentKit
[LOG 11:37:34.875] Load MU model: Squad/Parts/Cargo/StorageUnits/Assets/CargoStorageUnit
[LOG 11:37:34.878] Load MU model: Squad/Parts/Cargo/StorageUnits/Assets/ConformalStorageUnit
[LOG 11:37:34.883] Load MU model: Squad/Parts/Command/advancedSasModuleLarge/model
[LOG 11:37:34.889] Load MU model: Squad/Parts/Command/cupola/model
[LOG 11:37:34.896] Load MU model: Squad/Parts/Command/externalCommandSeat/model
[LOG 11:37:34.901] Load MU model: Squad/Parts/Command/hitchhikerStorageContainer/model
[LOG 11:37:34.907] Load MU model: Squad/Parts/Command/inlineAdvancedStabilizer/model
[LOG 11:37:34.913] Load MU model: Squad/Parts/Command/inlineReactionWheel/model
[LOG 11:37:34.919] Load MU model: Squad/Parts/Command/Mk1-3Pod/Mk1-3
[LOG 11:37:34.924] Load MU model: Squad/Parts/Command/mk1Cockpits/Cabin
[LOG 11:37:34.929] Load MU model: Squad/Parts/Command/mk1Cockpits/CockpitInline
[LOG 11:37:34.935] Load MU model: Squad/Parts/Command/mk1Cockpits/CockpitStandard
[LOG 11:37:34.949] Load MU model: Squad/Parts/Command/mk1LanderCan/model
[LOG 11:37:34.950] Load MU model: Squad/Parts/Command/mk1pod_v2/Mk1Pod_v2
[LOG 11:37:34.954] Load MU model: Squad/Parts/Command/mk2CockpitInline/model
[LOG 11:37:34.960] Load MU model: Squad/Parts/Command/mk2CockpitStandard/model
[LOG 11:37:34.967] Load MU model: Squad/Parts/Command/mk2DroneCore/model
[LOG 11:37:34.972] Load MU model: Squad/Parts/Command/mk2LanderCan/model
[LOG 11:37:34.979] Load MU model: Squad/Parts/Command/mk2LanderCan_v2/mk2LanderCan
[LOG 11:37:34.984] Load MU model: Squad/Parts/Command/mk3CockpitShuttle/model
[LOG 11:37:34.991] Load MU model: Squad/Parts/Command/MpoProbe/MpoProbe
[LOG 11:37:34.997] Load MU model: Squad/Parts/Command/MtmStage/MTM_Stage
[LOG 11:37:35.003] Load MU model: Squad/Parts/Command/probeCoreCube/probeCoreCube
[LOG 11:37:35.008] Load MU model: Squad/Parts/Command/probeCoreHex/model
[LOG 11:37:35.014] Load MU model: Squad/Parts/Command/probeCoreHex_v2/model
[LOG 11:37:35.020] Load MU model: Squad/Parts/Command/probeCoreOcto2_v2/probeCoreOcto2_v2
[LOG 11:37:35.026] Load MU model: Squad/Parts/Command/probeCoreOcto_v2/probeCoreOcto_v2
[LOG 11:37:35.032] Load MU model: Squad/Parts/Command/probeRoverBody/model
[LOG 11:37:35.038] Load MU model: Squad/Parts/Command/probeRoverBody_v2/probeRoverBody_v2
[LOG 11:37:35.047] Load MU model: Squad/Parts/Command/probeStackLarge/model
[LOG 11:37:35.052] Load MU model: Squad/Parts/Command/probeStackSmall/model
[LOG 11:37:35.062] Load MU model: Squad/Parts/Command/probeStackSphere_v2/probeStackSphere_v2
[LOG 11:37:35.070] Load MU model: Squad/Parts/CompoundParts/FuelLine/model
[LOG 11:37:35.076] Load MU model: Squad/Parts/CompoundParts/strutConnector/model
[LOG 11:37:35.083] Load MU model: Squad/Parts/Coupling/Assets/Decoupler_0
[LOG 11:37:35.088] Load MU model: Squad/Parts/Coupling/Assets/Decoupler_1
[LOG 11:37:35.096] Load MU model: Squad/Parts/Coupling/Assets/Decoupler_1p5
[LOG 11:37:35.104] Load MU model: Squad/Parts/Coupling/Assets/Decoupler_2
[LOG 11:37:35.109] Load MU model: Squad/Parts/Coupling/Assets/Decoupler_3
[LOG 11:37:35.115] Load MU model: Squad/Parts/Coupling/Assets/Decoupler_4
[LOG 11:37:35.121] Load MU model: Squad/Parts/Coupling/Assets/Separator_0
[LOG 11:37:35.127] Load MU model: Squad/Parts/Coupling/Assets/Separator_1
[LOG 11:37:35.133] Load MU model: Squad/Parts/Coupling/Assets/Separator_1p5
[LOG 11:37:35.141] Load MU model: Squad/Parts/Coupling/Assets/Separator_2
[LOG 11:37:35.147] Load MU model: Squad/Parts/Coupling/Assets/Separator_3
[LOG 11:37:35.155] Load MU model: Squad/Parts/Coupling/Assets/Separator_4
[LOG 11:37:35.161] Load MU model: Squad/Parts/Electrical/10CSolarPanels/assets/OX-10C
[LOG 11:37:35.168] Load MU model: Squad/Parts/Electrical/10CSolarPanels/assets/SP-10C
[LOG 11:37:35.175] Load MU model: Squad/Parts/Electrical/10LSolarPanels/assets/OX-10L
[LOG 11:37:35.180] Load MU model: Squad/Parts/Electrical/10LSolarPanels/assets/SP-10L
[LOG 11:37:35.187] Load MU model: Squad/Parts/Electrical/1x6ShroudSolarPanels/model
[LOG 11:37:35.192] Load MU model: Squad/Parts/Electrical/1x6SolarPanels/model
[LOG 11:37:35.198] Load MU model: Squad/Parts/Electrical/3x2ShroudSolarPanels/model
[LOG 11:37:35.205] Load MU model: Squad/Parts/Electrical/3x2SolarPanels/model
[LOG 11:37:35.211] Load MU model: Squad/Parts/Electrical/gigantorXlSolarArray/model
[LOG 11:37:35.216] Load MU model: Squad/Parts/Electrical/radialFlatSolarPanel/model
[LOG 11:37:35.222] Load MU model: Squad/Parts/Electrical/RTG/model
[LOG 11:37:35.228] Load MU model: Squad/Parts/Electrical/z-100Battery/model
[LOG 11:37:35.236] Load MU model: Squad/Parts/Electrical/z-1kBattery/model
[LOG 11:37:35.242] Load MU model: Squad/Parts/Electrical/z-200Battery/model
[LOG 11:37:35.248] Load MU model: Squad/Parts/Electrical/z-400Battery/model
[LOG 11:37:35.254] Load MU model: Squad/Parts/Electrical/z-4kBattery/model
[LOG 11:37:35.260] Load MU model: Squad/Parts/Engine/ionEngine/model
[LOG 11:37:35.265] Load MU model: Squad/Parts/Engine/jetEngines/turbineInside
[LOG 11:37:35.270] Load MU model: Squad/Parts/Engine/jetEngines/turboFanSize1
[LOG 11:37:35.277] Load MU model: Squad/Parts/Engine/jetEngines/turboFanSize2
[LOG 11:37:35.285] Load MU model: Squad/Parts/Engine/jetEngines/turboJet
[LOG 11:37:35.292] Load MU model: Squad/Parts/Engine/jetEngines/turboRamJet
[LOG 11:37:35.296] Load MU model: Squad/Parts/Engine/liquidEngine24-77/model
[LOG 11:37:35.302] Load MU model: Squad/Parts/Engine/liquidEngine24-77_v2/Twitch_v2
[LOG 11:37:35.309] Load MU model: Squad/Parts/Engine/liquidEngine48-7S_v2/SparkV2
[LOG 11:37:35.314] Load MU model: Squad/Parts/Engine/liquidEngineAerospike/AeroSpike
[LOG 11:37:35.320] Load MU model: Squad/Parts/Engine/liquidEngineLV-1_v2/Assets/Ant
[LOG 11:37:35.326] Load MU model: Squad/Parts/Engine/liquidEngineLV-1_v2/Assets/Spider
[LOG 11:37:35.435] Load MU model: Squad/Parts/Engine/liquidEngineLV-909_v2/TerrierV2
[LOG 11:37:35.450] Load MU model: Squad/Parts/Engine/liquidEngineLV-N/model
[LOG 11:37:35.459] Load MU model: Squad/Parts/Engine/liquidEngineLV-T30/model
[LOG 11:37:35.466] Load MU model: Squad/Parts/Engine/liquidEngineLV-T30_v2/Reliant_v2
[LOG 11:37:35.472] Load MU model: Squad/Parts/Engine/liquidEngineLV-T45/model
[LOG 11:37:35.478] Load MU model: Squad/Parts/Engine/liquidEngineLV-T45_v2/Swivel_v2
[LOG 11:37:35.485] Load MU model: Squad/Parts/Engine/liquidEngineMainsail_v2/liquidEngineMainsail_v2
[LOG 11:37:35.490] Load MU model: Squad/Parts/Engine/liquidEngineMk55/Thud
[LOG 11:37:35.496] Load MU model: Squad/Parts/Engine/liquidEnginePoodle_v2/LqdEnginePoodle_v2
[LOG 11:37:35.503] Load MU model: Squad/Parts/Engine/liquidEngineSkipper_v2/skipper_v2
[LOG 11:37:35.509] Load MU model: Squad/Parts/Engine/liquidEngineSSME/SSME
[LOG 11:37:35.515] Load MU model: Squad/Parts/Engine/MassiveSRB/MassiveSRB
[LOG 11:37:35.520] Load MU model: Squad/Parts/Engine/miniJet/SmallJet
[LOG 11:37:35.528] Load MU model: Squad/Parts/Engine/OMSEngine/Puff_v2
[LOG 11:37:35.532] Load MU model: Squad/Parts/Engine/rapierEngine/rapier
[LOG 11:37:35.537] Load MU model: Squad/Parts/Engine/Size1_SRBs/SRB10
[LOG 11:37:35.543] Load MU model: Squad/Parts/Engine/Size1_SRBs/SRB5
[LOG 11:37:35.549] Load MU model: Squad/Parts/Engine/Size2LFB/Size2LFB
[LOG 11:37:35.555] Load MU model: Squad/Parts/Engine/Size2LFB_v2/Size2LFB_v2
[LOG 11:37:35.562] Load MU model: Squad/Parts/Engine/Size3AdvancedEngine/Size3AdvancedEngine
[LOG 11:37:35.568] Load MU model: Squad/Parts/Engine/Size3EngineCluster/Size3EngineCluster
[LOG 11:37:35.574] Load MU model: Squad/Parts/Engine/solidBoosterBACC/model
[LOG 11:37:35.579] Load MU model: Squad/Parts/Engine/solidBoosterS2-17/solidBoosterS2-17
[LOG 11:37:35.586] Load MU model: Squad/Parts/Engine/solidBoosterS2-33/solidBoosterS2-33
[LOG 11:37:35.592] Load MU model: Squad/Parts/Engine/solidBoosterSep/model
[LOG 11:37:35.597] Load MU model: Squad/Parts/Engine/SolidBoostersF/Assets/SolidBoosterF3S0
[LOG 11:37:35.602] Load MU model: Squad/Parts/Engine/SolidBoostersF/Assets/SolidBoosterFM1
[LOG 11:37:35.607] Load MU model: Squad/Parts/FuelTank/adapterTanks/Mk3-Mk2
[LOG 11:37:35.613] Load MU model: Squad/Parts/FuelTank/adapterTanks/Mk3-Size2
[LOG 11:37:35.618] Load MU model: Squad/Parts/FuelTank/adapterTanks/Mk3-Size2Slant
[LOG 11:37:35.624] Load MU model: Squad/Parts/FuelTank/adapterTanks/ShuttleAdapter
[LOG 11:37:35.629] Load MU model: Squad/Parts/FuelTank/adapterTanks/Size2-Mk2
[LOG 11:37:35.635] Load MU model: Squad/Parts/FuelTank/adapterTanks/Size2-Size1
[LOG 11:37:35.640] Load MU model: Squad/Parts/FuelTank/adapterTanks/Size2-Size1Slant
[LOG 11:37:35.644] Load MU model: Squad/Parts/FuelTank/adapterTanks/Size3-Mk3
[LOG 11:37:35.650] Load MU model: Squad/Parts/FuelTank/drainTankFTE-1/fuelValve
[LOG 11:37:35.658] Load MU model: Squad/Parts/FuelTank/FoilTanks/RadialTank_Capsule
[LOG 11:37:35.663] Load MU model: Squad/Parts/FuelTank/FoilTanks/RadialTank_Round
[LOG 11:37:35.669] Load MU model: Squad/Parts/FuelTank/FoilTanks/ToroidTank
[LOG 11:37:35.675] Load MU model: Squad/Parts/FuelTank/fuelTankOscarB/model
[LOG 11:37:35.680] Load MU model: Squad/Parts/FuelTank/miniFuselage/Fuselage
[LOG 11:37:35.686] Load MU model: Squad/Parts/FuelTank/mk2Adapters/bicoupler
[LOG 11:37:35.692] Load MU model: Squad/Parts/FuelTank/mk2Adapters/long
[LOG 11:37:35.698] Load MU model: Squad/Parts/FuelTank/mk2Adapters/standard
[LOG 11:37:35.704] Load MU model: Squad/Parts/FuelTank/mk2FuselageLong/FuselageLongLFO
[LOG 11:37:35.710] Load MU model: Squad/Parts/FuelTank/mk2FuselageLong/FuselageLongLiquid
[LOG 11:37:35.716] Load MU model: Squad/Parts/FuelTank/mk2FuselageShort/FuselageShortLFO
[LOG 11:37:35.721] Load MU model: Squad/Parts/FuelTank/mk2FuselageShort/FuselageShortLiquid
[LOG 11:37:35.726] Load MU model: Squad/Parts/FuelTank/mk2FuselageShort/FuselageShortMono
[LOG 11:37:35.733] Load MU model: Squad/Parts/FuelTank/mk3Fuselage/CREW
[LOG 11:37:35.739] Load MU model: Squad/Parts/FuelTank/mk3Fuselage/LFO_100
[LOG 11:37:35.745] Load MU model: Squad/Parts/FuelTank/mk3Fuselage/LFO_25
[LOG 11:37:35.752] Load MU model: Squad/Parts/FuelTank/mk3Fuselage/LFO_50
[LOG 11:37:35.758] Load MU model: Squad/Parts/FuelTank/mk3Fuselage/LF_100
[LOG 11:37:35.764] Load MU model: Squad/Parts/FuelTank/mk3Fuselage/LF_25
[LOG 11:37:35.771] Load MU model: Squad/Parts/FuelTank/mk3Fuselage/LF_50
[LOG 11:37:35.776] Load MU model: Squad/Parts/FuelTank/mk3Fuselage/MONO
[LOG 11:37:35.783] Load MU model: Squad/Parts/FuelTank/RCSFuelTankR1/RCSFuelTankR1_01
[LOG 11:37:35.789] Load MU model: Squad/Parts/FuelTank/RCSFuelTankR10/model
[LOG 11:37:35.794] Load MU model: Squad/Parts/FuelTank/RCSFuelTankR25/RCSFuelTankR25
[LOG 11:37:35.799] Load MU model: Squad/Parts/FuelTank/RCSTankRadial/model
[LOG 11:37:35.806] Load MU model: Squad/Parts/FuelTank/RCStankRadialLong/model
[LOG 11:37:35.812] Load MU model: Squad/Parts/FuelTank/RockomaxTanks/Assets/Rockomax16
[LOG 11:37:35.817] Load MU model: Squad/Parts/FuelTank/RockomaxTanks/Assets/Rockomax32
[LOG 11:37:35.823] Load MU model: Squad/Parts/FuelTank/RockomaxTanks/Assets/Rockomax64
[LOG 11:37:35.829] Load MU model: Squad/Parts/FuelTank/RockomaxTanks/Assets/Rockomax8
[LOG 11:37:35.835] Load MU model: Squad/Parts/FuelTank/Size1_Tanks/Size1Tank_01
[LOG 11:37:35.840] Load MU model: Squad/Parts/FuelTank/Size1_Tanks/Size1Tank_02
[LOG 11:37:35.846] Load MU model: Squad/Parts/FuelTank/Size1_Tanks/Size1Tank_03
[LOG 11:37:35.852] Load MU model: Squad/Parts/FuelTank/Size1_Tanks/Size1Tank_04
[LOG 11:37:35.859] Load MU model: Squad/Parts/FuelTank/Size3Tanks/Size3LargeTank
[LOG 11:37:35.864] Load MU model: Squad/Parts/FuelTank/Size3Tanks/Size3MediumTank
[LOG 11:37:35.870] Load MU model: Squad/Parts/FuelTank/Size3Tanks/Size3SmallTank
[LOG 11:37:35.877] Load MU model: Squad/Parts/FuelTank/xenonTank/model
[LOG 11:37:35.882] Load MU model: Squad/Parts/FuelTank/xenonTankLarge/model
[LOG 11:37:35.889] Load MU model: Squad/Parts/FuelTank/xenonTankRadial/model
[LOG 11:37:35.894] Load MU model: Squad/Parts/Misc/AsteroidDay/CamSat
[LOG 11:37:35.900] Load MU model: Squad/Parts/Misc/AsteroidDay/HECS2
[LOG 11:37:35.907] Load MU model: Squad/Parts/Misc/AsteroidDay/HighGainAntenna
[LOG 11:37:35.913] Load MU model: Squad/Parts/Misc/AsteroidDay/LgRadialSolar
[LOG 11:37:35.920] Load MU model: Squad/Parts/Misc/PotatoComet/Cube
[LOG 11:37:35.921] Load MU model: Squad/Parts/Misc/PotatoRoid/Cube
[LOG 11:37:35.928] Load MU model: Squad/Parts/Resources/FuelCell/FuelCell
[LOG 11:37:35.934] Load MU model: Squad/Parts/Resources/FuelCell/FuelCellArray
[LOG 11:37:35.940] Load MU model: Squad/Parts/Resources/ISRU/ISRU
[LOG 11:37:35.945] Load MU model: Squad/Parts/Resources/LargeTank/LargeTank
[LOG 11:37:35.951] Load MU model: Squad/Parts/Resources/MiniDrill/MiniDrill
[LOG 11:37:35.958] Load MU model: Squad/Parts/Resources/MiniISRU/MiniISRU
[LOG 11:37:35.963] Load MU model: Squad/Parts/Resources/OrbitalScanner/OrbitalScanner
[LOG 11:37:35.973] Load MU model: Squad/Parts/Resources/RadialDrill/TriBitDrill
[LOG 11:37:35.979] Load MU model: Squad/Parts/Resources/RadialTank/RadialOreTank
[LOG 11:37:35.985] Load MU model: Squad/Parts/Resources/SmallTank/SmallTank
[LOG 11:37:35.991] Load MU model: Squad/Parts/Resources/SurfaceScanner/SurfaceScanner
[LOG 11:37:35.997] Load MU model: Squad/Parts/Resources/SurveyScanner/SurveyScanner
[LOG 11:37:36.002] Load MU model: Squad/Parts/Science/AtmosphereSensor/model
[LOG 11:37:36.008] Load MU model: Squad/Parts/Science/GooExperiment/GooExperiment
[LOG 11:37:36.015] Load MU model: Squad/Parts/Science/LargeCrewedLab/large_crewed_lab
[LOG 11:37:36.022] Load MU model: Squad/Parts/Science/Magnetometer/Magnetometer
[LOG 11:37:36.028] Load MU model: Squad/Parts/Science/MaterialBay/science_module_small
[LOG 11:37:36.034] Load MU model: Squad/Parts/Science/ScienceBox/ScienceBox
[LOG 11:37:36.040] Load MU model: Squad/Parts/Science/sensorAccelerometer/model
[LOG 11:37:36.047] Load MU model: Squad/Parts/Science/sensorBarometer/model
[LOG 11:37:36.052] Load MU model: Squad/Parts/Science/sensorGravimeter/model
[LOG 11:37:36.060] Load MU model: Squad/Parts/Science/sensorThermometer/model
[LOG 11:37:36.065] Load MU model: Squad/Parts/Structural/FLAdapters/Assets/adapterSmallMiniShort_v2
[LOG 11:37:36.070] Load MU model: Squad/Parts/Structural/FLAdapters/Assets/adapterSmallMiniTall_v2
[LOG 11:37:36.077] Load MU model: Squad/Parts/Structural/mk1Parts/Fuselage
[LOG 11:37:36.082] Load MU model: Squad/Parts/Structural/mk1Parts/IntakeFuselage
[LOG 11:37:36.087] Load MU model: Squad/Parts/Structural/mk1Parts/Nacelle1
[LOG 11:37:36.096] Load MU model: Squad/Parts/Structural/mk1Parts/Nacelle2
[LOG 11:37:36.102] Load MU model: Squad/Parts/Structural/mk1Parts/Structural
[LOG 11:37:36.108] Load MU model: Squad/Parts/Structural/mk1Parts/StructuralHollow
[LOG 11:37:36.113] Load MU model: Squad/Parts/Structural/Size3To2Adapter_v2/Size2to3_v2
[LOG 11:37:36.119] Load MU model: Squad/Parts/Structural/stackAdapters/Assets/adapterLargeSmallBi
[LOG 11:37:36.126] Load MU model: Squad/Parts/Structural/stackAdapters/Assets/adapterLargeSmallQuad
[LOG 11:37:36.132] Load MU model: Squad/Parts/Structural/stackAdapters/Assets/adapterLargeSmallTri
[LOG 11:37:36.137] Load MU model: Squad/Parts/Structural/stationHub/model
[LOG 11:37:36.143] Load MU model: Squad/Parts/Structural/structuralIBeam200/model
[LOG 11:37:36.148] Load MU model: Squad/Parts/Structural/structuralIBeam200Pocket/model
[LOG 11:37:36.154] Load MU model: Squad/Parts/Structural/structuralIBeam650/model
[LOG 11:37:36.159] Load MU model: Squad/Parts/Structural/structuralMicronode/model
[LOG 11:37:36.166] Load MU model: Squad/Parts/Structural/structuralPanel1x1/model
[LOG 11:37:36.172] Load MU model: Squad/Parts/Structural/structuralPanel2x2/model
[LOG 11:37:36.177] Load MU model: Squad/Parts/Structural/structuralPylons/PylonBig
[LOG 11:37:36.184] Load MU model: Squad/Parts/Structural/structuralPylons/PylonSmall
[LOG 11:37:36.190] Load MU model: Squad/Parts/Structural/strutCubicOcto/model
[LOG 11:37:36.197] Load MU model: Squad/Parts/Structural/strutOcto/model
[LOG 11:37:36.205] Load MU model: Squad/Parts/Structural/trussGirderAdapter/model
[LOG 11:37:36.211] Load MU model: Squad/Parts/Structural/trussGirderL/model
[LOG 11:37:36.216] Load MU model: Squad/Parts/Structural/trussGirderXL/model
[LOG 11:37:36.223] Load MU model: Squad/Parts/Thermal/FoldingRadiators/foldingRadLarge
[LOG 11:37:36.229] Load MU model: Squad/Parts/Thermal/FoldingRadiators/foldingRadMed
[LOG 11:37:36.236] Load MU model: Squad/Parts/Thermal/FoldingRadiators/foldingRadSmall
[LOG 11:37:36.241] Load MU model: Squad/Parts/Thermal/RadiatorPanels/radPanelEdge
[LOG 11:37:36.247] Load MU model: Squad/Parts/Thermal/RadiatorPanels/radPanelLg
[LOG 11:37:36.255] Load MU model: Squad/Parts/Thermal/RadiatorPanels/radPanelSm
[LOG 11:37:36.261] Load MU model: Squad/Parts/Utility/commDish88-88/model
[LOG 11:37:36.266] Load MU model: Squad/Parts/Utility/commsAntennaDTS-M1/mediumDishAntenna
[LOG 11:37:36.273] Load MU model: Squad/Parts/Utility/commsDish16/model
[LOG 11:37:36.278] Load MU model: Squad/Parts/Utility/decouplerRadialHDM/model
[LOG 11:37:36.283] Load MU model: Squad/Parts/Utility/decouplerRadialTT-38K/model
[LOG 11:37:36.289] Load MU model: Squad/Parts/Utility/decouplerRadialTT-70/model
[LOG 11:37:36.298] Load MU model: Squad/Parts/Utility/DirectAntennas/HGAntenna
[LOG 11:37:36.303] Load MU model: Squad/Parts/Utility/DirectAntennas/HGAntenna_v2
[LOG 11:37:36.309] Load MU model: Squad/Parts/Utility/DirectAntennas/SurfAntenna
[LOG 11:37:36.319] Load MU model: Squad/Parts/Utility/dockingPort/dockingPort
[LOG 11:37:36.326] Load MU model: Squad/Parts/Utility/dockingPortInline/dockingPortInline
[LOG 11:37:36.332] Load MU model: Squad/Parts/Utility/dockingPortJr/dockingPortJr
[LOG 11:37:36.337] Load MU model: Squad/Parts/Utility/dockingPortShielded/dockingPortShielded
[LOG 11:37:36.343] Load MU model: Squad/Parts/Utility/dockingPortSr/dockingPortSr
[LOG 11:37:36.350] Load MU model: Squad/Parts/Utility/Fireworks/Assets/fireworksLauncherBig
[LOG 11:37:36.355] Load MU model: Squad/Parts/Utility/Fireworks/Assets/fireworksLauncherSmall
[LOG 11:37:36.361] Load MU model: Squad/Parts/Utility/flags/flagFlat/flagFlatMeshes
[LOG 11:37:36.366] Load MU model: Squad/Parts/Utility/flags/flagSize0/flagSize0Meshes
[LOG 11:37:36.373] Load MU model: Squad/Parts/Utility/flags/flagSize1/flagSize1Meshes
[LOG 11:37:36.378] Load MU model: Squad/Parts/Utility/flags/flagSize2/flagSize2Meshes
[LOG 11:37:36.383] Load MU model: Squad/Parts/Utility/flags/flagSize3/flagSize3Meshes
[LOG 11:37:36.388] Load MU model: Squad/Parts/Utility/GrapplingDevice/GrapplingArm
[LOG 11:37:36.394] Load MU model: Squad/Parts/Utility/ladderRadial/model
[LOG 11:37:36.400] Load MU model: Squad/Parts/Utility/ladderTelescopic/model
[LOG 11:37:36.406] Load MU model: Squad/Parts/Utility/ladderTelescopicBay/model
[LOG 11:37:36.411] Load MU model: Squad/Parts/Utility/landingLegLT-1/model
[LOG 11:37:36.417] Load MU model: Squad/Parts/Utility/landingLegLT-2/model
[LOG 11:37:36.424] Load MU model: Squad/Parts/Utility/landingLegLT-5/model
[WRN 11:37:36.425] WheelCollider requires an attached Rigidbody to function.
[WRN 11:37:36.425] WheelCollider requires an attached Rigidbody to function.
[LOG 11:37:36.430] Load MU model: Squad/Parts/Utility/launchClamp1/model
[LOG 11:37:36.433] Load MU model: Squad/Parts/Utility/launchEscapeSystem/LaunchEscapeSystem
[LOG 11:37:36.440] Load MU model: Squad/Parts/Utility/Lights/Assets/light_02
[LOG 11:37:36.446] Load MU model: Squad/Parts/Utility/Lights/Assets/light_03
[LOG 11:37:36.451] Load MU model: Squad/Parts/Utility/Lights/Assets/light_04
[LOG 11:37:36.457] Load MU model: Squad/Parts/Utility/Lights/Assets/light_07
[LOG 11:37:36.462] Load MU model: Squad/Parts/Utility/Lights/Assets/light_08
[LOG 11:37:36.467] Load MU model: Squad/Parts/Utility/Lights/Assets/light_12
[LOG 11:37:36.476] Load MU model: Squad/Parts/Utility/linearVernorRCS/Assets/linearRCS
[LOG 11:37:36.481] Load MU model: Squad/Parts/Utility/linearVernorRCS/Assets/vernorEngine
[LOG 11:37:36.487] Load MU model: Squad/Parts/Utility/mk2CargoBay/BayLarge
[LOG 11:37:36.493] Load MU model: Squad/Parts/Utility/mk2CargoBay/BaySmall
[LOG 11:37:36.498] Load MU model: Squad/Parts/Utility/mk2CrewCabin/model
[LOG 11:37:36.504] Load MU model: Squad/Parts/Utility/mk2DockingPort/mk2Dockingport
[LOG 11:37:36.509] Load MU model: Squad/Parts/Utility/mk3CargoBay/long
[LOG 11:37:36.515] Load MU model: Squad/Parts/Utility/mk3CargoBay/medium
[LOG 11:37:36.520] Load MU model: Squad/Parts/Utility/mk3CargoBay/ramp
[LOG 11:37:36.526] Load MU model: Squad/Parts/Utility/mk3CargoBay/short
[LOG 11:37:36.532] Load MU model: Squad/Parts/Utility/parachuteMk1/model
[LOG 11:37:36.539] Load MU model: Squad/Parts/Utility/parachuteMk12-R/model
[LOG 11:37:36.547] Load MU model: Squad/Parts/Utility/parachuteMk16-XL/model
[LOG 11:37:36.553] Load MU model: Squad/Parts/Utility/parachuteMk2-R/model
[LOG 11:37:36.559] Load MU model: Squad/Parts/Utility/parachuteMk25/model
[LOG 11:37:36.564] Load MU model: Squad/Parts/Utility/radialAttachmentPoint/model
[LOG 11:37:36.570] Load MU model: Squad/Parts/Utility/rcsBlockRV-105_v2/rcsBlock105
[LOG 11:37:36.576] Load MU model: Squad/Parts/Utility/rcsSmallLinear/Assets/RCSLinearSmall
[LOG 11:37:36.581] Load MU model: Squad/Parts/Utility/RelayAntennas/HGAntenna
[LOG 11:37:36.586] Load MU model: Squad/Parts/Utility/RelayAntennas/RA-100
[LOG 11:37:36.592] Load MU model: Squad/Parts/Utility/RelayAntennas/RA-5
[LOG 11:37:36.598] Load MU model: Squad/Parts/Utility/RelayAntennas/RA-50
[LOG 11:37:36.604] Load MU model: Squad/Parts/Utility/rockomaxAdapters/Assets/brandAdapter
[LOG 11:37:36.612] Load MU model: Squad/Parts/Utility/rockomaxAdapters/Assets/brandAdapter02
[LOG 11:37:36.618] Load MU model: Squad/Parts/Utility/ServiceBay_v2/Assets/ServiceBay_125_v2
[LOG 11:37:36.624] Load MU model: Squad/Parts/Utility/ServiceBay_v2/Assets/ServiceBay_250_v2
[LOG 11:37:36.631] Load MU model: Squad/Parts/Utility/smallClaw/smallClaw
[LOG 11:37:36.638] Load MU model: Squad/Parts/Utility/spotLightMk1/model
[LOG 11:37:36.645] Load MU model: Squad/Parts/Utility/spotLightMk1_v2/model
[LOG 11:37:36.650] Load MU model: Squad/Parts/Utility/spotLightMk2/model
[LOG 11:37:36.656] Load MU model: Squad/Parts/Utility/spotLightMk2_v2/model
[LOG 11:37:36.663] Load MU model: Squad/Parts/Utility/stackCouplers/Assets/stackBiCoupler_v2
[LOG 11:37:36.670] Load MU model: Squad/Parts/Utility/stackCouplers/Assets/stackQuadCoupler
[LOG 11:37:36.676] Load MU model: Squad/Parts/Utility/stackCouplers/Assets/stackTriCoupler_v2
[LOG 11:37:36.682] Load MU model: Squad/Parts/Wheel/LandingGear/GearExtraLarge
[WRN 11:37:36.683] WheelCollider requires an attached Rigidbody to function.
[WRN 11:37:36.683] WheelCollider requires an attached Rigidbody to function.
[LOG 11:37:36.687] Load MU model: Squad/Parts/Wheel/LandingGear/GearFixed
[WRN 11:37:36.688] WheelCollider requires an attached Rigidbody to function.
[WRN 11:37:36.688] WheelCollider requires an attached Rigidbody to function.
[LOG 11:37:36.694] Load MU model: Squad/Parts/Wheel/LandingGear/GearFree
[WRN 11:37:36.694] WheelCollider requires an attached Rigidbody to function.
[WRN 11:37:36.694] WheelCollider requires an attached Rigidbody to function.
[LOG 11:37:36.699] Load MU model: Squad/Parts/Wheel/LandingGear/GearLarge
[WRN 11:37:36.699] WheelCollider requires an attached Rigidbody to function.
[WRN 11:37:36.699] WheelCollider requires an attached Rigidbody to function.
[LOG 11:37:36.705] Load MU model: Squad/Parts/Wheel/LandingGear/GearMedium
[WRN 11:37:36.705] WheelCollider requires an attached Rigidbody to function.
[WRN 11:37:36.705] WheelCollider requires an attached Rigidbody to function.
[LOG 11:37:36.710] Load MU model: Squad/Parts/Wheel/LandingGear/GearSmall
[WRN 11:37:36.710] WheelCollider requires an attached Rigidbody to function.
[WRN 11:37:36.710] WheelCollider requires an attached Rigidbody to function.
[LOG 11:37:36.717] Load MU model: Squad/Parts/Wheel/roverWheelM1/model
[WRN 11:37:36.717] WheelCollider requires an attached Rigidbody to function.
[WRN 11:37:36.717] WheelCollider requires an attached Rigidbody to function.
[LOG 11:37:36.721] Load MU model: Squad/Parts/Wheel/roverWheelS2/model
[WRN 11:37:36.721] WheelCollider requires an attached Rigidbody to function.
[WRN 11:37:36.721] WheelCollider requires an attached Rigidbody to function.
[LOG 11:37:36.726] Load MU model: Squad/Parts/Wheel/roverWheelTR-2L/model
[WRN 11:37:36.726] WheelCollider requires an attached Rigidbody to function.
[WRN 11:37:36.726] WheelCollider requires an attached Rigidbody to function.
[LOG 11:37:36.732] Load MU model: Squad/Parts/Wheel/roverWheelXL3/model
[WRN 11:37:36.734] WheelCollider requires an attached Rigidbody to function.
[WRN 11:37:36.734] WheelCollider requires an attached Rigidbody to function.
[LOG 11:37:36.739] Load MU model: Squad/Props/AltimeterThreeHands/model
[LOG 11:37:36.745] Load MU model: Squad/Props/AtmosphereDepth/model
[LOG 11:37:36.750] Load MU model: Squad/Props/AxisIndicator/model
[LOG 11:37:36.755] Load MU model: Squad/Props/buttonsGeneric/circularButton
[LOG 11:37:36.761] Load MU model: Squad/Props/buttonsGeneric/clusterButtons
[LOG 11:37:36.767] Load MU model: Squad/Props/buttonsGeneric/clusterButtons2
[LOG 11:37:36.772] Load MU model: Squad/Props/buttonsGeneric/clusterKnob
[LOG 11:37:36.777] Load MU model: Squad/Props/buttonsGeneric/clusterKnob2
[LOG 11:37:36.783] Load MU model: Squad/Props/buttonsGeneric/clusterMixed
[LOG 11:37:36.788] Load MU model: Squad/Props/buttonsGeneric/clusterSwitches01
[LOG 11:37:36.794] Load MU model: Squad/Props/buttonsGeneric/clusterSwitches02
[LOG 11:37:36.799] Load MU model: Squad/Props/buttonsGeneric/clusterSwitches03
[LOG 11:37:36.804] Load MU model: Squad/Props/buttonsGeneric/clusterSwitches04
[LOG 11:37:36.809] Load MU model: Squad/Props/buttonsGeneric/clusterSwitches05
[LOG 11:37:36.816] Load MU model: Squad/Props/buttonsGeneric/clusterSwitches06
[LOG 11:37:36.822] Load MU model: Squad/Props/buttonsGeneric/clusterSwitches07
[LOG 11:37:36.826] Load MU model: Squad/Props/buttonsGeneric/directionalKnob
[LOG 11:37:36.830] Load MU model: Squad/Props/buttonsGeneric/directionalKnob2
[LOG 11:37:36.836] Load MU model: Squad/Props/buttonsGeneric/pullSwitch
[LOG 11:37:36.844] Load MU model: Squad/Props/buttonsGeneric/squareButton
[LOG 11:37:36.855] Load MU model: Squad/Props/buttonsGeneric/standingSwitch
[LOG 11:37:36.861] Load MU model: Squad/Props/buttonsGeneric/switch
[LOG 11:37:36.870] Load MU model: Squad/Props/buttonsGeneric/switchWithGuards
[LOG 11:37:36.878] Load MU model: Squad/Props/ButtonSquare/model
[LOG 11:37:36.883] Load MU model: Squad/Props/circularButton/model
[LOG 11:37:36.889] Load MU model: Squad/Props/Compass/model
[LOG 11:37:36.894] Load MU model: Squad/Props/directionalKnob/model
[LOG 11:37:36.900] Load MU model: Squad/Props/directionalKnob2/model
[LOG 11:37:36.904] Load MU model: Squad/Props/IndicatorPanel/model
[LOG 11:37:36.909] Load MU model: Squad/Props/IVANavBall/model
[LOG 11:37:36.919] Load MU model: Squad/Props/IVANavBallNoBase/model
[LOG 11:37:36.925] Load MU model: Squad/Props/ledPanelSpeed/model
[LOG 11:37:36.932] Load MU model: Squad/Props/Monitor/MonitorDockingMode
[LOG 11:37:36.937] Load MU model: Squad/Props/NavBall/model
[LOG 11:37:36.943] Load MU model: Squad/Props/PropsGeneric/Button_DockingMode
[LOG 11:37:36.948] Load MU model: Squad/Props/PropsGeneric/CargoBagA
[LOG 11:37:36.954] Load MU model: Squad/Props/PropsGeneric/CargoBagB
[LOG 11:37:36.960] Load MU model: Squad/Props/PropsGeneric/CargoBagC
[LOG 11:37:36.968] Load MU model: Squad/Props/PropsGeneric/Hatch_Plane
[LOG 11:37:36.974] Load MU model: Squad/Props/PropsGeneric/Hatch_Plane_Curve90
[LOG 11:37:36.980] Load MU model: Squad/Props/PropsGeneric/Hatch_Plane_Frame
[LOG 11:37:36.985] Load MU model: Squad/Props/PropsGeneric/Seat_Passenger
[LOG 11:37:36.990] Load MU model: Squad/Props/PropsGeneric/Seat_Pilot
[LOG 11:37:36.996] Load MU model: Squad/Props/PropsGeneric/Seat_Pilot_Helmet
[LOG 11:37:37.002] Load MU model: Squad/Props/PropsGeneric/SideStick
[LOG 11:37:37.007] Load MU model: Squad/Props/pullSwitch/model
[LOG 11:37:37.013] Load MU model: Squad/Props/radarAltitude/model
[LOG 11:37:37.019] Load MU model: Squad/Props/squareButton/model
[LOG 11:37:37.024] Load MU model: Squad/Props/standingSwitch/model
[LOG 11:37:37.032] Load MU model: Squad/Props/switch/model
[LOG 11:37:37.038] Load MU model: Squad/Props/switchGuard/model
[LOG 11:37:37.043] Load MU model: Squad/Props/switchWithGuards/model
[LOG 11:37:37.048] Load MU model: Squad/Props/throttle/model
[LOG 11:37:37.054] Load MU model: Squad/Props/VSI/model
[LOG 11:37:37.060] Load MU model: Squad/Spaces/crewCabinInternals/model
[LOG 11:37:37.066] Load MU model: Squad/Spaces/cupolaInternal/model
[LOG 11:37:37.072] Load MU model: Squad/Spaces/GenericSpace1/model
[LOG 11:37:37.079] Load MU model: Squad/Spaces/GenericSpace3/model
[LOG 11:37:37.084] Load MU model: Squad/Spaces/landerCabinInternals/model
[LOG 11:37:37.090] Load MU model: Squad/Spaces/landerCabinSmallInternal/model
[LOG 11:37:37.098] Load MU model: Squad/Spaces/LargeCrewedLabInternals/Large_Crewed_lab_Int
[LOG 11:37:37.104] Load MU model: Squad/Spaces/Mk1-3/model
[LOG 11:37:37.111] Load MU model: Squad/Spaces/mk1CabinInternal/mk1cabin
[LOG 11:37:37.117] Load MU model: Squad/Spaces/mk1CockpitInternal/Mk1StandardIVA
[LOG 11:37:37.126] Load MU model: Squad/Spaces/mk1InlineInternal/Mk1InlineIVA
[LOG 11:37:37.128] Load MU model: Squad/Spaces/mk1PodCockpit/model
[LOG 11:37:37.142] Load MU model: Squad/Spaces/mk1pod_IVA/mk1pod_IVA
[LOG 11:37:37.149] Load MU model: Squad/Spaces/mk2CockpitStandardInternal/model
[LOG 11:37:37.156] Load MU model: Squad/Spaces/Mk2CrewCabinInternal/MK2_CrewCab_Int
[LOG 11:37:37.161] Load MU model: Squad/Spaces/mk2InlineInternal/mk2InlineIVA
[LOG 11:37:37.167] Load MU model: Squad/Spaces/mk2LanderCanInternal/mk2LanderCanInternal
[LOG 11:37:37.174] Load MU model: Squad/Spaces/MK3CockpitInternal/MK3_Cockpit_Int
[LOG 11:37:37.181] Load MU model: Squad/Spaces/MK3_CrewCab_Int/MK3_CrewCab_Int
[LOG 11:37:37.187] Load MU model: Squad/Spaces/OverlayMasks/CupolaMask
[LOG 11:37:37.192] Load MU model: Squad/Spaces/OverlayMasks/HitchhikerBorder
[LOG 11:37:37.198] Load MU model: Squad/Spaces/OverlayMasks/HitchhikerMask
[LOG 11:37:37.204] Load MU model: Squad/Spaces/OverlayMasks/LargeLabBorder
[LOG 11:37:37.209] Load MU model: Squad/Spaces/OverlayMasks/LargeLabMask
[LOG 11:37:37.213] Load MU model: Squad/Spaces/OverlayMasks/Mk1CabinBorder
[LOG 11:37:37.220] Load MU model: Squad/Spaces/OverlayMasks/Mk1CabinMask
[LOG 11:37:37.225] Load MU model: Squad/Spaces/OverlayMasks/Mk1InlineMask
[LOG 11:37:37.230] Load MU model: Squad/Spaces/OverlayMasks/Mk1InlineMask2
[LOG 11:37:37.236] Load MU model: Squad/Spaces/OverlayMasks/Mk1StandardBorder2
[LOG 11:37:37.240] Load MU model: Squad/Spaces/OverlayMasks/Mk1StandardBorder3
[LOG 11:37:37.246] Load MU model: Squad/Spaces/OverlayMasks/Mk1StandardMask
[LOG 11:37:37.250] Load MU model: Squad/Spaces/OverlayMasks/Mk1StandardMask2
[LOG 11:37:37.255] Load MU model: Squad/Spaces/OverlayMasks/Mk1StandardMask3
[LOG 11:37:37.260] Load MU model: Squad/Spaces/OverlayMasks/Mk2CabinBorder
[LOG 11:37:37.266] Load MU model: Squad/Spaces/OverlayMasks/Mk2CabinMask
[LOG 11:37:37.270] Load MU model: Squad/Spaces/OverlayMasks/Mk2InlineBorder
[LOG 11:37:37.275] Load MU model: Squad/Spaces/OverlayMasks/Mk2InlineMask
[LOG 11:37:37.280] Load MU model: Squad/Spaces/OverlayMasks/Mk2StandardBorder
[LOG 11:37:37.286] Load MU model: Squad/Spaces/OverlayMasks/Mk2StandardMask
[LOG 11:37:37.291] Load MU model: Squad/Spaces/OverlayMasks/Mk3CabinBorder
[LOG 11:37:37.296] Load MU model: Squad/Spaces/OverlayMasks/Mk3CabinMask
[LOG 11:37:37.300] Load MU model: Squad/Spaces/OverlayMasks/Mk3CabinMask2
[LOG 11:37:37.306] Load MU model: Squad/Spaces/OverlayMasks/Mk3ShuttleBorder
[LOG 11:37:37.311] Load MU model: Squad/Spaces/OverlayMasks/Mk3ShuttleMask
[LOG 11:37:37.316] Load MU model: Squad/Spaces/OverlayMasks/Size1LanderBorder
[LOG 11:37:37.320] Load MU model: Squad/Spaces/OverlayMasks/Size1LanderMask
[LOG 11:37:37.326] Load MU model: Squad/Spaces/OverlayMasks/Size1PodBorder
[LOG 11:37:37.330] Load MU model: Squad/Spaces/OverlayMasks/Size1PodMask
[LOG 11:37:37.335] Load MU model: Squad/Spaces/OverlayMasks/Size2LanderBorder
[LOG 11:37:37.340] Load MU model: Squad/Spaces/OverlayMasks/Size2LanderMask
[LOG 11:37:37.345] Load MU model: Squad/Spaces/OverlayMasks/Size2PodBorder
[LOG 11:37:37.349] Load MU model: Squad/Spaces/OverlayMasks/Size2PodMask
[LOG 11:37:37.354] Load MU model: Squad/Spaces/Placeholder/PlaceholderIVA
[LOG 11:37:37.360] Load MU model: Squad/Spaces/PodCockpit/model
[LOG 11:37:37.365] Load MU model: SquadExpansion/MakingHistory/Parts/Aero/protectiveRocketNoseMk5A/Size_1_5_Cone
[LOG 11:37:37.370] Load MU model: SquadExpansion/MakingHistory/Parts/Coupling/Assets/EnginePlate
[LOG 11:37:37.377] Load MU model: SquadExpansion/MakingHistory/Parts/Coupling/Assets/InflatableAirlock
[LOG 11:37:37.382] Load MU model: SquadExpansion/MakingHistory/Parts/Coupling/Assets/Size1_5_Decoupler
[LOG 11:37:37.387] Load MU model: SquadExpansion/MakingHistory/Parts/Engine/Assets/KE-1
[LOG 11:37:37.394] Load MU model: SquadExpansion/MakingHistory/Parts/Engine/Assets/LV-T87
[LOG 11:37:37.400] Load MU model: SquadExpansion/MakingHistory/Parts/Engine/Assets/LV-T91
[LOG 11:37:37.406] Load MU model: SquadExpansion/MakingHistory/Parts/Engine/Assets/RE-I2
[LOG 11:37:37.411] Load MU model: SquadExpansion/MakingHistory/Parts/Engine/Assets/RE-J10
[LOG 11:37:37.417] Load MU model: SquadExpansion/MakingHistory/Parts/Engine/Assets/RK-7
[LOG 11:37:37.422] Load MU model: SquadExpansion/MakingHistory/Parts/Engine/Assets/RV-1
[LOG 11:37:37.427] Load MU model: SquadExpansion/MakingHistory/Parts/Engine/solidBoosterTHK/solidBoosterTHK
[LOG 11:37:37.432] Load MU model: SquadExpansion/MakingHistory/Parts/FuelTank/Assets/MiniMonoTank
[LOG 11:37:37.436] Load MU model: SquadExpansion/MakingHistory/Parts/FuelTank/Assets/Size1_5_Size0_Adapter_01
[LOG 11:37:37.444] Load MU model: SquadExpansion/MakingHistory/Parts/FuelTank/Assets/Size1_5_Size1_Adapter_01
[LOG 11:37:37.450] Load MU model: SquadExpansion/MakingHistory/Parts/FuelTank/Assets/Size1_5_Size1_Adapter_02
[LOG 11:37:37.455] Load MU model: SquadExpansion/MakingHistory/Parts/FuelTank/Assets/Size1_5_Size2_Adapter_01
[LOG 11:37:37.459] Load MU model: SquadExpansion/MakingHistory/Parts/FuelTank/Assets/Size1_5_Tank_01
[LOG 11:37:37.465] Load MU model: SquadExpansion/MakingHistory/Parts/FuelTank/Assets/Size1_5_Tank_02
[LOG 11:37:37.472] Load MU model: SquadExpansion/MakingHistory/Parts/FuelTank/Assets/Size1_5_Tank_03
[LOG 11:37:37.477] Load MU model: SquadExpansion/MakingHistory/Parts/FuelTank/Assets/Size1_5_Tank_04
[LOG 11:37:37.482] Load MU model: SquadExpansion/MakingHistory/Parts/FuelTank/Assets/Size1_5_Tank_05
[LOG 11:37:37.488] Load MU model: SquadExpansion/MakingHistory/Parts/FuelTank/Assets/Size3_Size4_Adapter_01
[LOG 11:37:37.493] Load MU model: SquadExpansion/MakingHistory/Parts/FuelTank/Assets/Size4_EngineAdapter_01
[LOG 11:37:37.499] Load MU model: SquadExpansion/MakingHistory/Parts/FuelTank/Assets/Size4_Tank_01
[LOG 11:37:37.503] Load MU model: SquadExpansion/MakingHistory/Parts/FuelTank/Assets/Size4_Tank_02
[LOG 11:37:37.508] Load MU model: SquadExpansion/MakingHistory/Parts/FuelTank/Assets/Size4_Tank_03
[LOG 11:37:37.514] Load MU model: SquadExpansion/MakingHistory/Parts/FuelTank/Assets/Size4_Tank_04
[LOG 11:37:37.519] Load MU model: SquadExpansion/MakingHistory/Parts/FuelTank/Assets/Size_1p5_Monoprop
[LOG 11:37:37.525] Load MU model: SquadExpansion/MakingHistory/Parts/Ground/Assets/RoverWheel
[WRN 11:37:37.525] WheelCollider requires an attached Rigidbody to function.
[WRN 11:37:37.525] WheelCollider requires an attached Rigidbody to function.
[LOG 11:37:37.530] Load MU model: SquadExpansion/MakingHistory/Parts/Payload/Assets/ServiceModule18
[LOG 11:37:37.535] Load MU model: SquadExpansion/MakingHistory/Parts/Payload/Assets/ServiceModule25
[LOG 11:37:37.540] Load MU model: SquadExpansion/MakingHistory/Parts/Payload/Assets/Size1to0ServiceModule
[LOG 11:37:37.546] Load MU model: SquadExpansion/MakingHistory/Parts/Pods/Assets/Mk2Pod
[LOG 11:37:37.553] Load MU model: SquadExpansion/MakingHistory/Parts/Pods/Assets/RoundPod
[LOG 11:37:37.560] Load MU model: SquadExpansion/MakingHistory/Parts/Pods/Assets/Size1_5_Lander
[LOG 11:37:37.566] Load MU model: SquadExpansion/MakingHistory/Parts/SharedAssets/Shroud1p5x0
[LOG 11:37:37.570] Load MU model: SquadExpansion/MakingHistory/Parts/SharedAssets/Shroud1p5x1
[LOG 11:37:37.575] Load MU model: SquadExpansion/MakingHistory/Parts/SharedAssets/Shroud1p5x2
[LOG 11:37:37.581] Load MU model: SquadExpansion/MakingHistory/Parts/SharedAssets/Shroud1p5x3
[LOG 11:37:37.586] Load MU model: SquadExpansion/MakingHistory/Parts/SharedAssets/Shroud1p5x4
[LOG 11:37:37.591] Load MU model: SquadExpansion/MakingHistory/Parts/SharedAssets/Shroud1x0
[LOG 11:37:37.596] Load MU model: SquadExpansion/MakingHistory/Parts/SharedAssets/Shroud1x1
[LOG 11:37:37.601] Load MU model: SquadExpansion/MakingHistory/Parts/SharedAssets/Shroud1x2
[LOG 11:37:37.605] Load MU model: SquadExpansion/MakingHistory/Parts/SharedAssets/Shroud1x3
[LOG 11:37:37.610] Load MU model: SquadExpansion/MakingHistory/Parts/SharedAssets/Shroud1x4
[LOG 11:37:37.615] Load MU model: SquadExpansion/MakingHistory/Parts/SharedAssets/Shroud2x0
[LOG 11:37:37.620] Load MU model: SquadExpansion/MakingHistory/Parts/SharedAssets/Shroud2x1
[LOG 11:37:37.626] Load MU model: SquadExpansion/MakingHistory/Parts/SharedAssets/Shroud2x2
[LOG 11:37:37.632] Load MU model: SquadExpansion/MakingHistory/Parts/SharedAssets/Shroud2x3
[LOG 11:37:37.636] Load MU model: SquadExpansion/MakingHistory/Parts/SharedAssets/Shroud2x4
[LOG 11:37:37.642] Load MU model: SquadExpansion/MakingHistory/Parts/SharedAssets/Shroud3x0
[LOG 11:37:37.647] Load MU model: SquadExpansion/MakingHistory/Parts/SharedAssets/Shroud3x1
[LOG 11:37:37.651] Load MU model: SquadExpansion/MakingHistory/Parts/SharedAssets/Shroud3x2
[LOG 11:37:37.657] Load MU model: SquadExpansion/MakingHistory/Parts/SharedAssets/Shroud3x3
[LOG 11:37:37.663] Load MU model: SquadExpansion/MakingHistory/Parts/SharedAssets/Shroud3x4
[LOG 11:37:37.667] Load MU model: SquadExpansion/MakingHistory/Parts/SharedAssets/Shroud4x0
[LOG 11:37:37.674] Load MU model: SquadExpansion/MakingHistory/Parts/SharedAssets/Shroud4x1
[LOG 11:37:37.679] Load MU model: SquadExpansion/MakingHistory/Parts/SharedAssets/Shroud4x2
[LOG 11:37:37.683] Load MU model: SquadExpansion/MakingHistory/Parts/SharedAssets/Shroud4x3
[LOG 11:37:37.689] Load MU model: SquadExpansion/MakingHistory/Parts/SharedAssets/Shroud4x4
[LOG 11:37:37.695] Load MU model: SquadExpansion/MakingHistory/Parts/SharedAssets/ShroudCollider0
[LOG 11:37:37.699] Load MU model: SquadExpansion/MakingHistory/Parts/SharedAssets/ShroudCollider1
[LOG 11:37:37.704] Load MU model: SquadExpansion/MakingHistory/Parts/SharedAssets/ShroudCollider1p5
[LOG 11:37:37.709] Load MU model: SquadExpansion/MakingHistory/Parts/SharedAssets/ShroudCollider2
[LOG 11:37:37.713] Load MU model: SquadExpansion/MakingHistory/Parts/SharedAssets/ShroudCollider3
[LOG 11:37:37.718] Load MU model: SquadExpansion/MakingHistory/Parts/SharedAssets/ShroudCollider4
[LOG 11:37:37.724] Load MU model: SquadExpansion/MakingHistory/Parts/Structural/Assets/EquiTriangle0
[LOG 11:37:37.729] Load MU model: SquadExpansion/MakingHistory/Parts/Structural/Assets/EquiTriangle1
[LOG 11:37:37.735] Load MU model: SquadExpansion/MakingHistory/Parts/Structural/Assets/EquiTriangle1p5
[LOG 11:37:37.740] Load MU model: SquadExpansion/MakingHistory/Parts/Structural/Assets/EquiTriangle2
[LOG 11:37:37.744] Load MU model: SquadExpansion/MakingHistory/Parts/Structural/Assets/Panel0
[LOG 11:37:37.749] Load MU model: SquadExpansion/MakingHistory/Parts/Structural/Assets/Panel1
[LOG 11:37:37.754] Load MU model: SquadExpansion/MakingHistory/Parts/Structural/Assets/Panel1p5
[LOG 11:37:37.759] Load MU model: SquadExpansion/MakingHistory/Parts/Structural/Assets/Panel2
[LOG 11:37:37.767] Load MU model: SquadExpansion/MakingHistory/Parts/Structural/Assets/Triangle0
[LOG 11:37:37.772] Load MU model: SquadExpansion/MakingHistory/Parts/Structural/Assets/Triangle1
[LOG 11:37:37.777] Load MU model: SquadExpansion/MakingHistory/Parts/Structural/Assets/Triangle1p5
[LOG 11:37:37.783] Load MU model: SquadExpansion/MakingHistory/Parts/Structural/Assets/Triangle2
[LOG 11:37:37.788] Load MU model: SquadExpansion/MakingHistory/Parts/Utility/flags/flagSize1p5/flagSize1p5Meshes
[LOG 11:37:37.793] Load MU model: SquadExpansion/MakingHistory/Parts/Utility/flags/flagSize4/flagSize4Meshes
[LOG 11:37:37.798] Load MU model: SquadExpansion/MakingHistory/Spaces/KVPods/Airlock_IVA
[LOG 11:37:37.804] Load MU model: SquadExpansion/MakingHistory/Spaces/KVPods/KV1_IVA
[LOG 11:37:37.810] Load MU model: SquadExpansion/MakingHistory/Spaces/KVPods/KV2_IVA
[LOG 11:37:37.815] Load MU model: SquadExpansion/MakingHistory/Spaces/KVPods/KV3_IVA
[LOG 11:37:37.820] Load MU model: SquadExpansion/MakingHistory/Spaces/MEM/MEM_IVA
[LOG 11:37:37.826] Load MU model: SquadExpansion/MakingHistory/Spaces/Mk2Pod/MK2POD_IVA
[LOG 11:37:37.830] Load MU model: SquadExpansion/Serenity/Parts/Aero/Assets/FanShroud_01
[LOG 11:37:37.837] Load MU model: SquadExpansion/Serenity/Parts/Aero/Assets/FanShroud_02
[LOG 11:37:37.841] Load MU model: SquadExpansion/Serenity/Parts/Aero/Assets/FanShroud_03
[LOG 11:37:37.847] Load MU model: SquadExpansion/Serenity/Parts/Aero/Assets/noseconeTiny
[LOG 11:37:37.852] Load MU model: SquadExpansion/Serenity/Parts/Aero/Assets/noseconeVS
[LOG 11:37:37.857] Load MU model: SquadExpansion/Serenity/Parts/DeployedScience/Assets/CentralStation
[LOG 11:37:37.862] Load MU model: SquadExpansion/Serenity/Parts/DeployedScience/Assets/GoExOb
[LOG 11:37:37.868] Load MU model: SquadExpansion/Serenity/Parts/DeployedScience/Assets/IonExperiment
[LOG 11:37:37.874] Load MU model: SquadExpansion/Serenity/Parts/DeployedScience/Assets/RTGCask
[LOG 11:37:37.883] Load MU model: SquadExpansion/Serenity/Parts/DeployedScience/Assets/satDish
[LOG 11:37:37.891] Load MU model: SquadExpansion/Serenity/Parts/DeployedScience/Assets/seismicSensor
[LOG 11:37:37.897] Load MU model: SquadExpansion/Serenity/Parts/DeployedScience/Assets/solarPanel
[LOG 11:37:37.905] Load MU model: SquadExpansion/Serenity/Parts/DeployedScience/Assets/WeatherStation
[LOG 11:37:37.910] Load MU model: SquadExpansion/Serenity/Parts/Propellers/Assets/largeFanBlade
[LOG 11:37:37.916] Load MU model: SquadExpansion/Serenity/Parts/Propellers/Assets/largeHeliBlade
[LOG 11:37:37.922] Load MU model: SquadExpansion/Serenity/Parts/Propellers/Assets/largePropeller
[LOG 11:37:37.930] Load MU model: SquadExpansion/Serenity/Parts/Propellers/Assets/mediumFanBlade
[LOG 11:37:37.935] Load MU model: SquadExpansion/Serenity/Parts/Propellers/Assets/mediumHeliBlade
[LOG 11:37:37.942] Load MU model: SquadExpansion/Serenity/Parts/Propellers/Assets/mediumPropeller
[LOG 11:37:37.948] Load MU model: SquadExpansion/Serenity/Parts/Propellers/Assets/smallFanBlade
[LOG 11:37:37.954] Load MU model: SquadExpansion/Serenity/Parts/Propellers/Assets/smallHeliBlade
[LOG 11:37:37.961] Load MU model: SquadExpansion/Serenity/Parts/Propellers/Assets/smallPropeller
[LOG 11:37:37.967] Load MU model: SquadExpansion/Serenity/Parts/Robotics/Assets/hinge_01
[LOG 11:37:37.974] Load MU model: SquadExpansion/Serenity/Parts/Robotics/Assets/hinge_01_s
[LOG 11:37:37.980] Load MU model: SquadExpansion/Serenity/Parts/Robotics/Assets/hinge_03
[LOG 11:37:37.986] Load MU model: SquadExpansion/Serenity/Parts/Robotics/Assets/hinge_03_s
[LOG 11:37:37.993] Load MU model: SquadExpansion/Serenity/Parts/Robotics/Assets/hinge_04
[LOG 11:37:37.998] Load MU model: SquadExpansion/Serenity/Parts/Robotics/Assets/piston_01
[LOG 11:37:38.004] Load MU model: SquadExpansion/Serenity/Parts/Robotics/Assets/piston_02
[LOG 11:37:38.012] Load MU model: SquadExpansion/Serenity/Parts/Robotics/Assets/piston_03
[LOG 11:37:38.017] Load MU model: SquadExpansion/Serenity/Parts/Robotics/Assets/piston_04
[LOG 11:37:38.024] Load MU model: SquadExpansion/Serenity/Parts/Robotics/Assets/RotorEngine_02
[LOG 11:37:38.031] Load MU model: SquadExpansion/Serenity/Parts/Robotics/Assets/RotorEngine_03
[LOG 11:37:38.037] Load MU model: SquadExpansion/Serenity/Parts/Robotics/Assets/rotor_01
[LOG 11:37:38.061] Load MU model: SquadExpansion/Serenity/Parts/Robotics/Assets/rotor_01s
[LOG 11:37:38.068] Load MU model: SquadExpansion/Serenity/Parts/Robotics/Assets/rotor_02
[LOG 11:37:38.074] Load MU model: SquadExpansion/Serenity/Parts/Robotics/Assets/rotor_02s
[LOG 11:37:38.080] Load MU model: SquadExpansion/Serenity/Parts/Robotics/Assets/rotor_03
[LOG 11:37:38.085] Load MU model: SquadExpansion/Serenity/Parts/Robotics/Assets/rotor_03s
[LOG 11:37:38.092] Load MU model: SquadExpansion/Serenity/Parts/Robotics/Assets/RotoServo_00
[LOG 11:37:38.098] Load MU model: SquadExpansion/Serenity/Parts/Robotics/Assets/RotoServo_02
[LOG 11:37:38.104] Load MU model: SquadExpansion/Serenity/Parts/Robotics/Assets/RotoServo_03
[LOG 11:37:38.109] Load MU model: SquadExpansion/Serenity/Parts/Robotics/Assets/RotoServo_04
[LOG 11:37:38.116] Load MU model: SquadExpansion/Serenity/Parts/Robotics/Controllers/controller1000
[LOG 11:37:38.122] Load MU model: SquadExpansion/Serenity/Parts/Science/RobotArmScanner/Assets/ROCArm_01
[LOG 11:37:38.128] Load MU model: SquadExpansion/Serenity/Parts/Science/RobotArmScanner/Assets/ROCArm_02
[LOG 11:37:38.135] Load MU model: SquadExpansion/Serenity/Parts/Science/RobotArmScanner/Assets/ROCArm_03
[LOG 11:37:38.142] Load MU model: SquadExpansion/Serenity/Parts/Structural/gripPads/Assets/lGripPad
[LOG 11:37:38.148] Load MU model: SquadExpansion/Serenity/Parts/Structural/gripPads/Assets/lGripStrip
[LOG 11:37:38.154] Load MU model: SquadExpansion/Serenity/Parts/Structural/gripPads/Assets/mGripPad
[LOG 11:37:38.162] Load MU model: SquadExpansion/Serenity/Parts/Structural/gripPads/Assets/sGripPad
[LOG 11:37:38.168] Load MU model: SquadExpansion/Serenity/Parts/Structural/gripPads/Assets/sGripStrip
[LOG 11:37:38.168] Loading Asset Bundle Definitions
[LOG 11:37:38.169] AssetLoader: Loading bundle definitions
[LOG 11:37:38.277] AssetLoader: Loaded bundle 'squadcore'
[LOG 11:37:38.278] AssetLoader: Loaded bundle 'squadcorefx'
[LOG 11:37:38.278] AssetLoader: Loaded mod bundle 'kspedia'
[LOG 11:37:38.279] AssetLoader: Loaded mod bundle 'kspedia_actionsets'
[LOG 11:37:38.279] AssetLoader: Loaded mod bundle 'kspedia_aircraft'
[LOG 11:37:38.279] AssetLoader: Loaded mod bundle 'kspedia_aircraftbasics'
[LOG 11:37:38.280] AssetLoader: Loaded mod bundle 'kspedia_aircraftbasicsbalance'
[LOG 11:37:38.280] AssetLoader: Loaded mod bundle 'kspedia_aircraftbasicsbalance2'
[LOG 11:37:38.280] AssetLoader: Loaded mod bundle 'kspedia_aircraftbasicscol'
[LOG 11:37:38.280] AssetLoader: Loaded mod bundle 'kspedia_aircraftbasicscontrol'
[LOG 11:37:38.281] AssetLoader: Loaded mod bundle 'kspedia_aircraftbasicscontrolsurfaces'
[LOG 11:37:38.281] AssetLoader: Loaded mod bundle 'kspedia_aircraftbasicsdrag'
[LOG 11:37:38.282] AssetLoader: Loaded mod bundle 'kspedia_aircraftbasicsengines'
[LOG 11:37:38.282] AssetLoader: Loaded mod bundle 'kspedia_aircraftbasicsforces'
[LOG 11:37:38.282] AssetLoader: Loaded mod bundle 'kspedia_aircraftbasicsintakes'
[LOG 11:37:38.282] AssetLoader: Loaded mod bundle 'kspedia_aircraftbasicslandinggear'
[LOG 11:37:38.282] AssetLoader: Loaded mod bundle 'kspedia_aircraftbasicslift'
[LOG 11:37:38.283] AssetLoader: Loaded mod bundle 'kspedia_axisgroups'
[LOG 11:37:38.283] AssetLoader: Loaded mod bundle 'kspedia_career'
[LOG 11:37:38.283] AssetLoader: Loaded mod bundle 'kspedia_careerbasicscontracts'
[LOG 11:37:38.283] AssetLoader: Loaded mod bundle 'kspedia_careerbasicscrew'
[LOG 11:37:38.283] AssetLoader: Loaded mod bundle 'kspedia_careerbasicscurrencies'
[LOG 11:37:38.284] AssetLoader: Loaded mod bundle 'kspedia_careerbasicsexperience'
[LOG 11:37:38.284] AssetLoader: Loaded mod bundle 'kspedia_careerbasicsfacilities'
[LOG 11:37:38.284] AssetLoader: Loaded mod bundle 'kspedia_careerbasicsstrategies'
[LOG 11:37:38.284] AssetLoader: Loaded mod bundle 'kspedia_careerbasicstechnology'
[LOG 11:37:38.284] AssetLoader: Loaded mod bundle 'kspedia_careerui-ac'
[LOG 11:37:38.285] AssetLoader: Loaded mod bundle 'kspedia_careerui-admin'
[LOG 11:37:38.285] AssetLoader: Loaded mod bundle 'kspedia_careerui-ksc'
[LOG 11:37:38.285] AssetLoader: Loaded mod bundle 'kspedia_careerui-mc'
[LOG 11:37:38.285] AssetLoader: Loaded mod bundle 'kspedia_careerui-sciencearchives'
[LOG 11:37:38.286] AssetLoader: Loaded mod bundle 'kspedia_careerui-techtree'
[LOG 11:37:38.286] AssetLoader: Loaded mod bundle 'kspedia_careerui-ts'
[LOG 11:37:38.286] AssetLoader: Loaded mod bundle 'kspedia_careerui'
[LOG 11:37:38.287] AssetLoader: Loaded mod bundle 'kspedia_cargoapp'
[LOG 11:37:38.287] AssetLoader: Loaded mod bundle 'kspedia_cargomode'
[LOG 11:37:38.287] AssetLoader: Loaded mod bundle 'kspedia_cargosystem-placeableparts'
[LOG 11:37:38.287] AssetLoader: Loaded mod bundle 'kspedia_cargosystem'
[LOG 11:37:38.288] AssetLoader: Loaded mod bundle 'kspedia_chute'
[LOG 11:37:38.288] AssetLoader: Loaded mod bundle 'kspedia_commnet'
[LOG 11:37:38.288] AssetLoader: Loaded mod bundle 'kspedia_commnetbasics'
[LOG 11:37:38.288] AssetLoader: Loaded mod bundle 'kspedia_commnetbuildingeffectivenetworks'
[LOG 11:37:38.288] AssetLoader: Loaded mod bundle 'kspedia_commnetcalculatingrange'
[LOG 11:37:38.289] AssetLoader: Loaded mod bundle 'kspedia_commnetcontrollevels'
[LOG 11:37:38.289] AssetLoader: Loaded mod bundle 'kspedia_commnetcontrollinks'
[LOG 11:37:38.289] AssetLoader: Loaded mod bundle 'kspedia_commnetcontrolpoints'
[LOG 11:37:38.289] AssetLoader: Loaded mod bundle 'kspedia_commnetgui'
[LOG 11:37:38.289] AssetLoader: Loaded mod bundle 'kspedia_commnetgui01'
[LOG 11:37:38.289] AssetLoader: Loaded mod bundle 'kspedia_commnetgui02'
[LOG 11:37:38.290] AssetLoader: Loaded mod bundle 'kspedia_commnetrange'
[LOG 11:37:38.290] AssetLoader: Loaded mod bundle 'kspedia_commnetrelays'
[LOG 11:37:38.290] AssetLoader: Loaded mod bundle 'kspedia_commnetsciencetransmission'
[LOG 11:37:38.290] AssetLoader: Loaded mod bundle 'kspedia_commnetsignalstrength'
[LOG 11:37:38.290] AssetLoader: Loaded mod bundle 'kspedia_commnettransmission'
[LOG 11:37:38.291] AssetLoader: Loaded mod bundle 'kspedia_constructionui-actiongroups'
[LOG 11:37:38.291] AssetLoader: Loaded mod bundle 'kspedia_constructionui-applauncher'
[LOG 11:37:38.291] AssetLoader: Loaded mod bundle 'kspedia_constructionui-crew'
[LOG 11:37:38.292] AssetLoader: Loaded mod bundle 'kspedia_constructionui-engineersreport'
[LOG 11:37:38.292] AssetLoader: Loaded mod bundle 'kspedia_constructionui-gizmos'
[LOG 11:37:38.292] AssetLoader: Loaded mod bundle 'kspedia_constructionui-infos'
[LOG 11:37:38.293] AssetLoader: Loaded mod bundle 'kspedia_constructionui-partdetails'
[LOG 11:37:38.293] AssetLoader: Loaded mod bundle 'kspedia_constructionui-parts'
[LOG 11:37:38.293] AssetLoader: Loaded mod bundle 'kspedia_constructionui-symmetry'
[LOG 11:37:38.293] AssetLoader: Loaded mod bundle 'kspedia_constructionui-vesseldetails'
[LOG 11:37:38.294] AssetLoader: Loaded mod bundle 'kspedia_constructionui'
[LOG 11:37:38.294] AssetLoader: Loaded mod bundle 'kspedia_controls-dockingmode'
[LOG 11:37:38.294] AssetLoader: Loaded mod bundle 'kspedia_controls-editor'
[LOG 11:37:38.294] AssetLoader: Loaded mod bundle 'kspedia_controls-editorgizmos'
[LOG 11:37:38.295] AssetLoader: Loaded mod bundle 'kspedia_controls-eva'
[LOG 11:37:38.295] AssetLoader: Loaded mod bundle 'kspedia_controls-flight'
[LOG 11:37:38.295] AssetLoader: Loaded mod bundle 'kspedia_controls-flightactivities'
[LOG 11:37:38.295] AssetLoader: Loaded mod bundle 'kspedia_controls-flightdirections'
[LOG 11:37:38.295] AssetLoader: Loaded mod bundle 'kspedia_controls-general'
[LOG 11:37:38.296] AssetLoader: Loaded mod bundle 'kspedia_controls-mapandtime'
[LOG 11:37:38.296] AssetLoader: Loaded mod bundle 'kspedia_controls-mouseconstruction'
[LOG 11:37:38.296] AssetLoader: Loaded mod bundle 'kspedia_controls-mouseflight'
[LOG 11:37:38.296] AssetLoader: Loaded mod bundle 'kspedia_controls-rcs'
[LOG 11:37:38.297] AssetLoader: Loaded mod bundle 'kspedia_controls'
[LOG 11:37:38.297] AssetLoader: Loaded mod bundle 'kspedia_eastereggs'
[LOG 11:37:38.297] AssetLoader: Loaded mod bundle 'kspedia_evaconstructionmode'
[LOG 11:37:38.297] AssetLoader: Loaded mod bundle 'kspedia_facilities-ac'
[LOG 11:37:38.297] AssetLoader: Loaded mod bundle 'kspedia_facilities-admin'
[LOG 11:37:38.298] AssetLoader: Loaded mod bundle 'kspedia_facilities-context'
[LOG 11:37:38.298] AssetLoader: Loaded mod bundle 'kspedia_facilities-ksc'
[LOG 11:37:38.298] AssetLoader: Loaded mod bundle 'kspedia_facilities-launchpad'
[LOG 11:37:38.298] AssetLoader: Loaded mod bundle 'kspedia_facilities-mc'
[LOG 11:37:38.298] AssetLoader: Loaded mod bundle 'kspedia_facilities-randd'
[LOG 11:37:38.298] AssetLoader: Loaded mod bundle 'kspedia_facilities-runway'
[LOG 11:37:38.299] AssetLoader: Loaded mod bundle 'kspedia_facilities-sph'
[LOG 11:37:38.299] AssetLoader: Loaded mod bundle 'kspedia_facilities-ts'
[LOG 11:37:38.299] AssetLoader: Loaded mod bundle 'kspedia_facilities-vab'
[LOG 11:37:38.299] AssetLoader: Loaded mod bundle 'kspedia_flightui-altimeter'
[LOG 11:37:38.300] AssetLoader: Loaded mod bundle 'kspedia_flightui-applauncher'
[LOG 11:37:38.300] AssetLoader: Loaded mod bundle 'kspedia_flightui-evaactivities'
[LOG 11:37:38.300] AssetLoader: Loaded mod bundle 'kspedia_flightui-maneuvermodeeditor'
[LOG 11:37:38.300] AssetLoader: Loaded mod bundle 'kspedia_flightui-maneuvermodeeditorcont'
[LOG 11:37:38.301] AssetLoader: Loaded mod bundle 'kspedia_flightui-maneuvermodeorbit'
[LOG 11:37:38.301] AssetLoader: Loaded mod bundle 'kspedia_flightui-maneuvertoolinfo'
[LOG 11:37:38.302] AssetLoader: Loaded mod bundle 'kspedia_flightui-maneuvertoolmain'
[LOG 11:37:38.302] AssetLoader: Loaded mod bundle 'kspedia_flightui-modecontrol'
[LOG 11:37:38.302] AssetLoader: Loaded mod bundle 'kspedia_flightui-navball'
[LOG 11:37:38.302] AssetLoader: Loaded mod bundle 'kspedia_flightui-partrepairs'
[LOG 11:37:38.303] AssetLoader: Loaded mod bundle 'kspedia_flightui-portraits'
[LOG 11:37:38.303] AssetLoader: Loaded mod bundle 'kspedia_flightui-staging'
[LOG 11:37:38.303] AssetLoader: Loaded mod bundle 'kspedia_flightui-timeandaction'
[LOG 11:37:38.303] AssetLoader: Loaded mod bundle 'kspedia_flightui'
[LOG 11:37:38.303] AssetLoader: Loaded mod bundle 'kspedia_heat'
[LOG 11:37:38.304] AssetLoader: Loaded mod bundle 'kspedia_heatactiveradiators'
[LOG 11:37:38.304] AssetLoader: Loaded mod bundle 'kspedia_heatengines'
[LOG 11:37:38.304] AssetLoader: Loaded mod bundle 'kspedia_heatflow'
[LOG 11:37:38.304] AssetLoader: Loaded mod bundle 'kspedia_heatpart'
[LOG 11:37:38.305] AssetLoader: Loaded mod bundle 'kspedia_heatpassiveradiators'
[LOG 11:37:38.305] AssetLoader: Loaded mod bundle 'kspedia_heatshields'
[LOG 11:37:38.305] AssetLoader: Loaded mod bundle 'kspedia_kerbnet'
[LOG 11:37:38.305] AssetLoader: Loaded mod bundle 'kspedia_kerbnetinterface'
[LOG 11:37:38.306] AssetLoader: Loaded mod bundle 'kspedia_kerbnetmodes'
[LOG 11:37:38.306] AssetLoader: Loaded mod bundle 'kspedia_kerbnetwaypoints'
[LOG 11:37:38.306] AssetLoader: Loaded mod bundle 'kspedia_locations'
[LOG 11:37:38.306] AssetLoader: Loaded mod bundle 'kspedia_manual'
[LOG 11:37:38.306] AssetLoader: Loaded mod bundle 'kspedia_mapui-alarmclockcreation'
[LOG 11:37:38.307] AssetLoader: Loaded mod bundle 'kspedia_mapui-alarmclockmain'
[LOG 11:37:38.307] AssetLoader: Loaded mod bundle 'kspedia_mapui-burnindicator'
[LOG 11:37:38.307] AssetLoader: Loaded mod bundle 'kspedia_mapui-dvtoolsflight'
[LOG 11:37:38.307] AssetLoader: Loaded mod bundle 'kspedia_mapui-dvtoolsvab'
[LOG 11:37:38.307] AssetLoader: Loaded mod bundle 'kspedia_mapui-mannodes'
[LOG 11:37:38.308] AssetLoader: Loaded mod bundle 'kspedia_mapui-orbitnodes'
[LOG 11:37:38.308] AssetLoader: Loaded mod bundle 'kspedia_mapui-orbitnodes2'
[LOG 11:37:38.308] AssetLoader: Loaded mod bundle 'kspedia_mapui'
[LOG 11:37:38.308] AssetLoader: Loaded mod bundle 'kspedia_orbitalbasics-atmosphere'
[LOG 11:37:38.308] AssetLoader: Loaded mod bundle 'kspedia_orbitalbasics-gettingbackdown'
[LOG 11:37:38.309] AssetLoader: Loaded mod bundle 'kspedia_orbitalbasics-gettingupthere'
[LOG 11:37:38.309] AssetLoader: Loaded mod bundle 'kspedia_orbitalbasics-gravityturn'
[LOG 11:37:38.309] AssetLoader: Loaded mod bundle 'kspedia_orbitalbasics-orbits'
[LOG 11:37:38.309] AssetLoader: Loaded mod bundle 'kspedia_orbitalbasics-stayingupthere'
[LOG 11:37:38.309] AssetLoader: Loaded mod bundle 'kspedia_orbitalbasics'
[LOG 11:37:38.309] AssetLoader: Loaded mod bundle 'kspedia_orbitaldefinitions-appe'
[LOG 11:37:38.310] AssetLoader: Loaded mod bundle 'kspedia_orbitaldefinitions-dirandinc'
[LOG 11:37:38.310] AssetLoader: Loaded mod bundle 'kspedia_orbitaldefinitions-directions'
[LOG 11:37:38.310] AssetLoader: Loaded mod bundle 'kspedia_orbitaldefinitions-eccentricity'
[LOG 11:37:38.310] AssetLoader: Loaded mod bundle 'kspedia_orbitaldefinitions'
[LOG 11:37:38.310] AssetLoader: Loaded mod bundle 'kspedia_orbitalmaneuvers-adjustinginclination'
[LOG 11:37:38.310] AssetLoader: Loaded mod bundle 'kspedia_orbitalmaneuvers-deltav'
[LOG 11:37:38.310] AssetLoader: Loaded mod bundle 'kspedia_orbitalmaneuvers-efficiency'
[LOG 11:37:38.311] AssetLoader: Loaded mod bundle 'kspedia_orbitalmaneuvers-hohmanntransfer'
[LOG 11:37:38.311] AssetLoader: Loaded mod bundle 'kspedia_orbitalmaneuvers-hohmanntransfer2'
[LOG 11:37:38.311] AssetLoader: Loaded mod bundle 'kspedia_orbitalmaneuvers-orbittypes'
[LOG 11:37:38.311] AssetLoader: Loaded mod bundle 'kspedia_orbitalmaneuvers-radandantirad'
[LOG 11:37:38.312] AssetLoader: Loaded mod bundle 'kspedia_orbitalmaneuvers-shapingup'
[LOG 11:37:38.312] AssetLoader: Loaded mod bundle 'kspedia_orbitalmaneuvers'
[LOG 11:37:38.312] AssetLoader: Loaded mod bundle 'kspedia_planets-dres'
[LOG 11:37:38.312] AssetLoader: Loaded mod bundle 'kspedia_planets-duna'
[LOG 11:37:38.312] AssetLoader: Loaded mod bundle 'kspedia_planets-eeloo'
[LOG 11:37:38.313] AssetLoader: Loaded mod bundle 'kspedia_planets-eve'
[LOG 11:37:38.313] AssetLoader: Loaded mod bundle 'kspedia_planets-jool'
[LOG 11:37:38.313] AssetLoader: Loaded mod bundle 'kspedia_planets-kerbin'
[LOG 11:37:38.313] AssetLoader: Loaded mod bundle 'kspedia_planets-moho'
[LOG 11:37:38.313] AssetLoader: Loaded mod bundle 'kspedia_planets-sun'
[LOG 11:37:38.313] AssetLoader: Loaded mod bundle 'kspedia_planets-system'
[LOG 11:37:38.314] AssetLoader: Loaded mod bundle 'kspedia_resources-asteroidmining'
[LOG 11:37:38.314] AssetLoader: Loaded mod bundle 'kspedia_resources-conversionmanagement'
[LOG 11:37:38.314] AssetLoader: Loaded mod bundle 'kspedia_resources-drilling'
[LOG 11:37:38.314] AssetLoader: Loaded mod bundle 'kspedia_resources-findingit'
[LOG 11:37:38.314] AssetLoader: Loaded mod bundle 'kspedia_resources-findingit2'
[LOG 11:37:38.314] AssetLoader: Loaded mod bundle 'kspedia_resources-storageandconversion'
[LOG 11:37:38.315] AssetLoader: Loaded mod bundle 'kspedia_resources'
[LOG 11:37:38.315] AssetLoader: Loaded mod bundle 'kspedia_rocketry'
[LOG 11:37:38.315] AssetLoader: Loaded mod bundle 'kspedia_rocketryadvanced-fairings'
[LOG 11:37:38.315] AssetLoader: Loaded mod bundle 'kspedia_rocketryadvanced-girders'
[LOG 11:37:38.315] AssetLoader: Loaded mod bundle 'kspedia_rocketryadvanced'
[LOG 11:37:38.316] AssetLoader: Loaded mod bundle 'kspedia_rocketrybasics'
[LOG 11:37:38.316] AssetLoader: Loaded mod bundle 'kspedia_rocketrybasicsaero'
[LOG 11:37:38.316] AssetLoader: Loaded mod bundle 'kspedia_rocketrybasicscentered'
[LOG 11:37:38.316] AssetLoader: Loaded mod bundle 'kspedia_rocketrybasicschutes'
[LOG 11:37:38.316] AssetLoader: Loaded mod bundle 'kspedia_rocketrybasicscontrol'
[LOG 11:37:38.317] AssetLoader: Loaded mod bundle 'kspedia_rocketrybasicsecrecharging'
[LOG 11:37:38.317] AssetLoader: Loaded mod bundle 'kspedia_rocketrybasicsengines'
[LOG 11:37:38.317] AssetLoader: Loaded mod bundle 'kspedia_rocketrybasicsforces'
[LOG 11:37:38.317] AssetLoader: Loaded mod bundle 'kspedia_rocketrybasicshatchesandladders'
[LOG 11:37:38.317] AssetLoader: Loaded mod bundle 'kspedia_rocketrybasicshibernation'
[LOG 11:37:38.317] AssetLoader: Loaded mod bundle 'kspedia_rocketrybasicsresources'
[LOG 11:37:38.318] AssetLoader: Loaded mod bundle 'kspedia_rocketrybasicsservicecontainers'
[LOG 11:37:38.318] AssetLoader: Loaded mod bundle 'kspedia_rocketrybasicsstability'
[LOG 11:37:38.318] AssetLoader: Loaded mod bundle 'kspedia_rocketrybasicsstabilityassist'
[LOG 11:37:38.318] AssetLoader: Loaded mod bundle 'kspedia_rocketrybasicsstaging'
[LOG 11:37:38.319] AssetLoader: Loaded mod bundle 'kspedia_rocketrybasicssymmetry'
[LOG 11:37:38.319] AssetLoader: Loaded mod bundle 'kspedia_science'
[LOG 11:37:38.319] AssetLoader: Loaded mod bundle 'kspedia_sciencedata'
[LOG 11:37:38.319] AssetLoader: Loaded mod bundle 'kspedia_scienceexperiments'
[LOG 11:37:38.319] AssetLoader: Loaded mod bundle 'kspedia_sciencelab'
[LOG 11:37:38.319] AssetLoader: Loaded mod bundle 'kspedia_sciencetransmitted'
[LOG 11:37:38.320] AssetLoader: Loaded mod bundle 'kspedia_spacetravel'
[LOG 11:37:38.320] AssetLoader: Loaded mod bundle 'kspedia_variantswitcher'
[LOG 11:37:38.320] AssetLoader: Loaded mod bundle 'kspfonts'
[LOG 11:37:38.450] AssetLoader: Loaded bundle 'squadcore'
[LOG 11:37:38.450] AssetLoader: Loaded bundle 'squadcorefx'
[LOG 11:37:38.451] AssetLoader: Loaded mod bundle 'kspedia_builder'
[LOG 11:37:38.452] AssetLoader: Loaded mod bundle 'kspedia_buildertoolbar'
[LOG 11:37:38.452] AssetLoader: Loaded mod bundle 'kspedia_canvas'
[LOG 11:37:38.452] AssetLoader: Loaded mod bundle 'kspedia_exportingvalidation'
[LOG 11:37:38.452] AssetLoader: Loaded mod bundle 'kspedia_flight'
[LOG 11:37:38.453] AssetLoader: Loaded mod bundle 'kspedia_flightapp'
[LOG 11:37:38.453] AssetLoader: Loaded mod bundle 'kspedia_gap'
[LOG 11:37:38.453] AssetLoader: Loaded mod bundle 'kspedia_gaptools'
[LOG 11:37:38.453] AssetLoader: Loaded mod bundle 'kspedia_makinghistory'
[LOG 11:37:38.454] AssetLoader: Loaded mod bundle 'kspedia_missionbriefing'
[LOG 11:37:38.454] AssetLoader: Loaded mod bundle 'kspedia_nodedocking'
[LOG 11:37:38.454] AssetLoader: Loaded mod bundle 'kspedia_nodesconnectors'
[LOG 11:37:38.454] AssetLoader: Loaded mod bundle 'kspedia_sap'
[LOG 11:37:38.455] AssetLoader: Loaded mod bundle 'kspedia_sidebar'
[LOG 11:37:38.455] AssetLoader: Loaded mod bundle 'kspedia_testingcheckpoints'
[LOG 11:37:38.455] AssetLoader: Loaded bundle 'makinghistory'
[LOG 11:37:38.455] AssetLoader: Loaded mod bundle 'kspedia_bladecyclic-collective-behaviour'
[LOG 11:37:38.455] AssetLoader: Loaded mod bundle 'kspedia_bladecyclic-collective-controls'
[LOG 11:37:38.456] AssetLoader: Loaded mod bundle 'kspedia_deployedscience-experiments'
[LOG 11:37:38.456] AssetLoader: Loaded mod bundle 'kspedia_deployedscience'
[LOG 11:37:38.456] AssetLoader: Loaded mod bundle 'kspedia_grippads'
[LOG 11:37:38.456] AssetLoader: Loaded mod bundle 'kspedia_layindtracks'
[LOG 11:37:38.457] AssetLoader: Loaded mod bundle 'kspedia_propellers'
[LOG 11:37:38.457] AssetLoader: Loaded mod bundle 'kspedia_propellersaerodynamics'
[LOG 11:37:38.457] AssetLoader: Loaded mod bundle 'kspedia_roboticcontroller'
[LOG 11:37:38.457] AssetLoader: Loaded mod bundle 'kspedia_roboticparts'
[LOG 11:37:38.458] AssetLoader: Loaded mod bundle 'kspedia_surface features-overview'
[LOG 11:37:38.458] AssetLoader: Loaded mod bundle 'kspedia_surface features-roverarmdetails'
[LOG 11:37:38.458] AssetLoader: Loaded mod bundle 'kspedia_trackeditor'
[LOG 11:37:38.458] AssetLoader: Loaded mod bundle 'kspedia_trackeditortoolbar'
[LOG 11:37:38.459] AssetLoader: Loaded mod bundle 'serenity'
[LOG 11:37:38.460] AssetLoader: Finished loading. 226 bundle definitions loaded.
[LOG 11:37:38.460] Compiling Configs:
[LOG 11:37:38.460] Config(PHYSICSGLOBALS) /Physics/PHYSICSGLOBALS
[LOG 11:37:38.460] Config(KSP_COMMUNITY_FIXES) KSPCommunityFixes/Settings/KSP_COMMUNITY_FIXES
[LOG 11:37:38.460] Config(Localization) KSPCommunityFixes/Localization/en-us/Localization
[LOG 11:37:38.460] Config(Localization) KSPCommunityFixes/Localization/fr-fr/Localization
[LOG 11:37:38.460] Config(Localization) KSPCommunityFixes/Localization/ru/Localization
[LOG 11:37:38.460] Config(Localization) KSPCommunityFixes/Localization/zh-cn/Localization
[LOG 11:37:38.460] Config(@PART[*]:HAS[@MODULE[ModuleDockingNodeFixed]]:NEEDS[FixDockingNodes]:FINAL) KSPCommunityFixes/MMPatches/ModSupport/FixDockingNodes/@PART[*]:HAS[@MODULE[ModuleDockingNodeFixed]]:NEEDS[FixDockingNodes]:FINAL
[LOG 11:37:38.460] Config(@PART[*]:HAS[@MODULE[Refunding]]:LAST[999_KSP-Recall]) KSPCommunityFixes/MMPatches/ModSupport/KSPRecall/@PART[*]:HAS[@MODULE[Refunding]]:LAST[999_KSP-Recall]
[LOG 11:37:38.460] Config(@PART[*]:HAS[#hasRefundingOnRecovery[?rue]]:LAST[999_KSP-Recall]) KSPCommunityFixes/MMPatches/ModSupport/KSPRecall/@PART[*]:HAS[#hasRefundingOnRecovery[?rue]]:LAST[999_KSP-Recall]
[LOG 11:37:38.460] Config(@PART[*]:HAS[#hasRefundingOnRecovery]:LAST[999_KSP-Recall]) KSPCommunityFixes/MMPatches/ModSupport/KSPRecall/@PART[*]:HAS[#hasRefundingOnRecovery]:LAST[999_KSP-Recall]
[LOG 11:37:38.460] Config(@KSP-Recall:LAST[999_KSP-Recall]) KSPCommunityFixes/MMPatches/ModSupport/KSPRecall/@KSP-Recall:LAST[999_KSP-Recall]
[LOG 11:37:38.460] Config(@KSP-Recall:HAS[#hasRefundingOnRecovery[?rue]]:LAST[999_KSP-Recall]) KSPCommunityFixes/MMPatches/ModSupport/KSPRecall/@KSP-Recall:HAS[#hasRefundingOnRecovery[?rue]]:LAST[999_KSP-Recall]
[LOG 11:37:38.460] Config(@KSP-Recall:HAS[#hasRefundingOnRecovery]:LAST[999_KSP-Recall]) KSPCommunityFixes/MMPatches/ModSupport/KSPRecall/@KSP-Recall:HAS[#hasRefundingOnRecovery]:LAST[999_KSP-Recall]
[LOG 11:37:38.460] Config(@KSP_COMMUNITY_FIXES:NEEDS[AttachedOnEditor]) KSPCommunityFixes/MMPatches/ModSupport/KSPRecall/@KSP_COMMUNITY_FIXES:NEEDS[AttachedOnEditor]
[LOG 11:37:38.460] Config(@KSP_COMMUNITY_FIXES:NEEDS[UniversalStorage2]) KSPCommunityFixes/MMPatches/ModSupport/UniversalStorage/@KSP_COMMUNITY_FIXES:NEEDS[UniversalStorage2]
[LOG 11:37:38.460] Config(@PART[telescopicLadderBay]:FIRST) KSPCommunityFixes/MMPatches/StockTweaks/LadderToggleableLight/@PART[telescopicLadderBay]:FIRST
[LOG 11:37:38.460] Config(@PART[telescopicLadderBay]:HAS[#LadderToggleableLight[?rue]]:FIRST) KSPCommunityFixes/MMPatches/StockTweaks/LadderToggleableLight/@PART[telescopicLadderBay]:HAS[#LadderToggleableLight[?rue]]:FIRST
[LOG 11:37:38.460] Config(@PART[telescopicLadderBay]:HAS[#LadderToggleableLight]:FIRST) KSPCommunityFixes/MMPatches/StockTweaks/LadderToggleableLight/@PART[telescopicLadderBay]:HAS[#LadderToggleableLight]:FIRST
[LOG 11:37:38.460] Config(@PART[GearSmall]:FIRST) KSPCommunityFixes/MMPatches/StockTweaks/LandingGearLights/@PART[GearSmall]:FIRST
[LOG 11:37:38.460] Config(@PART[SmallGearBay]:FIRST) KSPCommunityFixes/MMPatches/StockTweaks/LandingGearLights/@PART[SmallGearBay]:FIRST
[LOG 11:37:38.460] Config(@PART[sasModule]:FOR[KSPCommunityFixes]) KSPCommunityFixes/MMPatches/StockTweaks/ManufacturerFixes/@PART[sasModule]:FOR[KSPCommunityFixes]
[LOG 11:37:38.460] Config(@PART[xenonTankRadial]:FOR[KSPCommunityFixes]) KSPCommunityFixes/MMPatches/StockTweaks/ManufacturerFixes/@PART[xenonTankRadial]:FOR[KSPCommunityFixes]
[LOG 11:37:38.460] Config(@PART[winglet|fireworksLauncherSmall|fireworksLauncherBig]:FOR[KSPCommunityFixes]) KSPCommunityFixes/MMPatches/StockTweaks/ManufacturerFixes/@PART[winglet|fireworksLauncherSmall|fireworksLauncherBig]:FOR[KSPCommunityFixes]
[LOG 11:37:38.460] Config(@PART[solidBooster_sm_v2|solidBooster_v2]:FOR[KSPCommunityFixes]) KSPCommunityFixes/MMPatches/StockTweaks/ManufacturerFixes/@PART[solidBooster_sm_v2|solidBooster_v2]:FOR[KSPCommunityFixes]
[LOG 11:37:38.461] Config(@PART[ServiceBay_125_v2|ServiceBay_250_v2]:FOR[KSPCommunityFixes]) KSPCommunityFixes/MMPatches/StockTweaks/ManufacturerFixes/@PART[ServiceBay_125_v2|ServiceBay_250_v2]:FOR[KSPCommunityFixes]
[LOG 11:37:38.461] Config(@PART[externalTankCapsule]:FOR[KSPCommunityFixes]) KSPCommunityFixes/MMPatches/StockTweaks/ManufacturerFixes/@PART[externalTankCapsule]:FOR[KSPCommunityFixes]
[LOG 11:37:38.461] Config(@PART[RCSFuelTank|rcsTankMini|RCSTank1-2]:FOR[KSPCommunityFixes]) KSPCommunityFixes/MMPatches/StockTweaks/ManufacturerFixes/@PART[RCSFuelTank|rcsTankMini|RCSTank1-2]:FOR[KSPCommunityFixes]
[LOG 11:37:38.461] Config(@PART[landerCabinSmall]:FOR[KSPCommunityFixes]) KSPCommunityFixes/MMPatches/StockTweaks/ManufacturerFixes/@PART[landerCabinSmall]:FOR[KSPCommunityFixes]
[LOG 11:37:38.461] Config(@PART[dockingPortLateral]:FOR[KSPCommunityFixes]) KSPCommunityFixes/MMPatches/StockTweaks/ManufacturerFixes/@PART[dockingPortLateral]:FOR[KSPCommunityFixes]
[LOG 11:37:38.461] Config(@PART[EnginePlate4]:FOR[KSPCommunityFixes]:NEEDS[SquadExpansion/MakingHistory]) KSPCommunityFixes/MMPatches/StockTweaks/ManufacturerFixes/@PART[EnginePlate4]:FOR[KSPCommunityFixes]:NEEDS[SquadExpansion/MakingHistory]
[LOG 11:37:38.461] Config(@PART[Mk2Pod]:FOR[KSPCommunityFixes]:NEEDS[SquadExpansion/MakingHistory]) KSPCommunityFixes/MMPatches/StockTweaks/ManufacturerFixes/@PART[Mk2Pod]:FOR[KSPCommunityFixes]:NEEDS[SquadExpansion/MakingHistory]
[LOG 11:37:38.461] Config(@PART[evaChute|parachuteSingle|parachuteRadial|radialDrogue|parachuteLarge|parachuteDrogue]:FOR[KSPCommunityFixes]) KSPCommunityFixes/MMPatches/StockTweaks/ManufacturerFixes/@PART[evaChute|parachuteSingle|parachuteRadial|radialDrogue|parachuteLarge|parachuteDrogue]:FOR[KSPCommunityFixes]
[LOG 11:37:38.461] Config(@PART[stackPoint1|dockingPort1|dockingPort2|dockingPort3|dockingPortLarge]:FOR[KSPCommunityFixes]) KSPCommunityFixes/MMPatches/StockTweaks/ManufacturerFixes/@PART[stackPoint1|dockingPort1|dockingPort2|dockingPort3|dockingPortLarge]:FOR[KSPCommunityFixes]
[LOG 11:37:38.461] Config(AGENT) KSPCommunityFixes/MMPatches/StockTweaks/ManufacturerFixes/Clamp-O-Tron
[LOG 11:37:38.461] Config(AGENT) KSPCommunityFixes/MMPatches/StockTweaks/ManufacturerFixes/FreeFall Parachutes
[LOG 11:37:38.461] Config(AGENT) KSPCommunityFixes/MMPatches/StockTweaks/ManufacturerFixes/LightYear Tire Company
[LOG 11:37:38.461] Config(AGENT) KSPCommunityFixes/MMPatches/StockTweaks/ManufacturerFixes/Stratus Corporation
[LOG 11:37:38.461] Config(Localization) KSPCommunityFixes/MMPatches/StockTweaks/ManufacturerFixes/Localization
[LOG 11:37:38.461] Config(AGENT) Squad/Agencies/Agents/C7 Aerospace Division
[LOG 11:37:38.461] Config(AGENT) Squad/Agencies/Agents/Dinkelstein Kerman's Construction Emporium
[LOG 11:37:38.461] Config(AGENT) Squad/Agencies/Agents/Experimental Engineering Group
[LOG 11:37:38.461] Config(AGENT) Squad/Agencies/Agents/FLOOYD Dynamics Research Labs
[LOG 11:37:38.461] Config(AGENT) Squad/Agencies/Agents/Goliath National Products
[LOG 11:37:38.461] Config(AGENT) Squad/Agencies/Agents/Integrated Integrals
[LOG 11:37:38.461] Config(AGENT) Squad/Agencies/Agents/Ionic Symphonic Protonic Electronics
[LOG 11:37:38.461] Config(AGENT) Squad/Agencies/Agents/Jebediah Kerman's Junkyard and Spacecraft Parts Co
[LOG 11:37:38.461] Config(AGENT) Squad/Agencies/Agents/Kerbal Motion LLC
[LOG 11:37:38.461] Config(AGENT) Squad/Agencies/Agents/Kerbin World-Firsts Record-Keeping Society
[LOG 11:37:38.461] Config(AGENT) Squad/Agencies/Agents/Kerbodyne
[LOG 11:37:38.461] Config(AGENT) Squad/Agencies/Agents/Kerlington Model Rockets and Paper Products Inc
[LOG 11:37:38.461] Config(AGENT) Squad/Agencies/Agents/Maxo Construction Toys
[LOG 11:37:38.461] Config(AGENT) Squad/Agencies/Agents/Moving Parts Experts Group
[LOG 11:37:38.461] Config(AGENT) Squad/Agencies/Agents/O.M.B. Demolition Enterprises
[LOG 11:37:38.461] Config(AGENT) Squad/Agencies/Agents/Periapsis Rocket Supplies Co
[LOG 11:37:38.461] Config(AGENT) Squad/Agencies/Agents/Probodobodyne Inc
[LOG 11:37:38.461] Config(AGENT) Squad/Agencies/Agents/Research & Development Department
[LOG 11:37:38.461] Config(AGENT) Squad/Agencies/Agents/Reaction Systems Ltd
[LOG 11:37:38.461] Config(AGENT) Squad/Agencies/Agents/Rockomax Conglomerate
[LOG 11:37:38.462] Config(AGENT) Squad/Agencies/Agents/Rokea Inc
[LOG 11:37:38.462] Config(AGENT) Squad/Agencies/Agents/Sean's Cannery
[LOG 11:37:38.462] Config(AGENT) Squad/Agencies/Agents/STEADLER Engineering Corps
[LOG 11:37:38.462] Config(AGENT) Squad/Agencies/Agents/StrutCo
[LOG 11:37:38.462] Config(AGENT) Squad/Agencies/Agents/Vac-Co Advanced Suction Systems
[LOG 11:37:38.462] Config(AGENT) Squad/Agencies/Agents/WinterOwl Aircraft Emporium
[LOG 11:37:38.462] Config(AGENT) Squad/Agencies/Agents/Zaltonic Electronics
[LOG 11:37:38.462] Config(CONTRACT_CONSTRUCTION_PARTS) Squad/Contracts/constructionContractParts/CONTRACT_CONSTRUCTION_PARTS
[LOG 11:37:38.462] Config(Contracts) Squad/Contracts/Contracts/Contracts
[LOG 11:37:38.462] Config(CONTRACTCRAFT) Squad/Contracts/PrebuiltCraft/prebuiltData/CONTRACTCRAFT
[LOG 11:37:38.462] Config(CONTRACTCRAFT) Squad/Contracts/PrebuiltCraft/OrbitalConstructionContract/orbitalConstructionContractCraft/CONTRACTCRAFT
[LOG 11:37:38.462] Config(CONTRACTCRAFT) Squad/Contracts/PrebuiltCraft/RepairContract/repairContractCraft/CONTRACTCRAFT
[LOG 11:37:38.462] Config(CONTRACTCRAFT) Squad/Contracts/PrebuiltCraft/RoverContract/roverContractCraft/CONTRACTCRAFT
[LOG 11:37:38.462] Config(KEYBOARD_LAYOUT) Squad/Controls/Azerty/#autoLOC_6001233
[LOG 11:37:38.462] Config(PITCH_DOWN) Squad/Controls/Azerty/PITCH_DOWN
[LOG 11:37:38.462] Config(PITCH_UP) Squad/Controls/Azerty/PITCH_UP
[LOG 11:37:38.462] Config(YAW_LEFT) Squad/Controls/Azerty/YAW_LEFT
[LOG 11:37:38.462] Config(YAW_RIGHT) Squad/Controls/Azerty/YAW_RIGHT
[LOG 11:37:38.462] Config(ROLL_LEFT) Squad/Controls/Azerty/ROLL_LEFT
[LOG 11:37:38.462] Config(ROLL_RIGHT) Squad/Controls/Azerty/ROLL_RIGHT
[LOG 11:37:38.462] Config(THROTTLE_UP) Squad/Controls/Azerty/THROTTLE_UP
[LOG 11:37:38.462] Config(THROTTLE_DOWN) Squad/Controls/Azerty/THROTTLE_DOWN
[LOG 11:37:38.462] Config(SAS_HOLD) Squad/Controls/Azerty/SAS_HOLD
[LOG 11:37:38.462] Config(SAS_TOGGLE) Squad/Controls/Azerty/SAS_TOGGLE
[LOG 11:37:38.462] Config(LAUNCH_STAGES) Squad/Controls/Azerty/LAUNCH_STAGES
[LOG 11:37:38.462] Config(Docking_toggleRotLin) Squad/Controls/Azerty/Docking_toggleRotLin
[LOG 11:37:38.463] Config(CAMERA_MODE) Squad/Controls/Azerty/CAMERA_MODE
[LOG 11:37:38.463] Config(CAMERA_NEXT) Squad/Controls/Azerty/CAMERA_NEXT
[LOG 11:37:38.463] Config(PAUSE) Squad/Controls/Azerty/PAUSE
[LOG 11:37:38.463] Config(PRECISION_CTRL) Squad/Controls/Azerty/PRECISION_CTRL
[LOG 11:37:38.463] Config(ZOOM_IN) Squad/Controls/Azerty/ZOOM_IN
[LOG 11:37:38.463] Config(ZOOM_OUT) Squad/Controls/Azerty/ZOOM_OUT
[LOG 11:37:38.463] Config(SCROLL_VIEW_UP) Squad/Controls/Azerty/SCROLL_VIEW_UP
[LOG 11:37:38.463] Config(SCROLL_VIEW_DOWN) Squad/Controls/Azerty/SCROLL_VIEW_DOWN
[LOG 11:37:38.463] Config(SCROLL_ICONS_UP) Squad/Controls/Azerty/SCROLL_ICONS_UP
[LOG 11:37:38.463] Config(SCROLL_ICONS_DOWN) Squad/Controls/Azerty/SCROLL_ICONS_DOWN
[LOG 11:37:38.463] Config(CAMERA_ORBIT_UP) Squad/Controls/Azerty/CAMERA_ORBIT_UP
[LOG 11:37:38.463] Config(CAMERA_ORBIT_DOWN) Squad/Controls/Azerty/CAMERA_ORBIT_DOWN
[LOG 11:37:38.463] Config(CAMERA_ORBIT_LEFT) Squad/Controls/Azerty/CAMERA_ORBIT_LEFT
[LOG 11:37:38.463] Config(CAMERA_ORBIT_RIGHT) Squad/Controls/Azerty/CAMERA_ORBIT_RIGHT
[LOG 11:37:38.463] Config(CAMERA_RESET) Squad/Controls/Azerty/CAMERA_RESET
[LOG 11:37:38.463] Config(CAMERA_MOUSE_TOGGLE) Squad/Controls/Azerty/CAMERA_MOUSE_TOGGLE
[LOG 11:37:38.463] Config(TIME_WARP_INCREASE) Squad/Controls/Azerty/TIME_WARP_INCREASE
[LOG 11:37:38.463] Config(TIME_WARP_DECREASE) Squad/Controls/Azerty/TIME_WARP_DECREASE
[LOG 11:37:38.463] Config(TIME_WARP_STOP) Squad/Controls/Azerty/TIME_WARP_STOP
[LOG 11:37:38.463] Config(MAP_VIEW_TOGGLE) Squad/Controls/Azerty/MAP_VIEW_TOGGLE
[LOG 11:37:38.463] Config(NAVBALL_TOGGLE) Squad/Controls/Azerty/NAVBALL_TOGGLE
[LOG 11:37:38.463] Config(UIMODE_STAGING) Squad/Controls/Azerty/UIMODE_STAGING
[LOG 11:37:38.463] Config(UIMODE_DOCKING) Squad/Controls/Azerty/UIMODE_DOCKING
[LOG 11:37:38.463] Config(TRANSLATE_DOWN) Squad/Controls/Azerty/TRANSLATE_DOWN
[LOG 11:37:38.463] Config(TRANSLATE_UP) Squad/Controls/Azerty/TRANSLATE_UP
[LOG 11:37:38.463] Config(TRANSLATE_LEFT) Squad/Controls/Azerty/TRANSLATE_LEFT
[LOG 11:37:38.463] Config(TRANSLATE_RIGHT) Squad/Controls/Azerty/TRANSLATE_RIGHT
[LOG 11:37:38.463] Config(TRANSLATE_FWD) Squad/Controls/Azerty/TRANSLATE_FWD
[LOG 11:37:38.463] Config(TRANSLATE_BACK) Squad/Controls/Azerty/TRANSLATE_BACK
[LOG 11:37:38.463] Config(RCS_TOGGLE) Squad/Controls/Azerty/RCS_TOGGLE
[LOG 11:37:38.463] Config(FOCUS_NEXT_VESSEL) Squad/Controls/Azerty/FOCUS_NEXT_VESSEL
[LOG 11:37:38.463] Config(FOCUS_PREV_VESSEL) Squad/Controls/Azerty/FOCUS_PREV_VESSEL
[LOG 11:37:38.463] Config(TOGGLE_UI) Squad/Controls/Azerty/TOGGLE_UI
[LOG 11:37:38.463] Config(TOGGLE_STATUS_SCREEN) Squad/Controls/Azerty/TOGGLE_STATUS_SCREEN
[LOG 11:37:38.463] Config(TAKE_SCREENSHOT) Squad/Controls/Azerty/TAKE_SCREENSHOT
[LOG 11:37:38.463] Config(TOGGLE_LABELS) Squad/Controls/Azerty/TOGGLE_LABELS
[LOG 11:37:38.463] Config(TOGGLE_TEMP_GAUGES) Squad/Controls/Azerty/TOGGLE_TEMP_GAUGES
[LOG 11:37:38.463] Config(TOGGLE_TEMP_OVERLAY) Squad/Controls/Azerty/TOGGLE_TEMP_OVERLAY
[LOG 11:37:38.463] Config(TOGGLE_FLIGHT_FORCES) Squad/Controls/Azerty/TOGGLE_FLIGHT_FORCES
[LOG 11:37:38.463] Config(QUICKSAVE) Squad/Controls/Azerty/QUICKSAVE
[LOG 11:37:38.463] Config(QUICKLOAD) Squad/Controls/Azerty/QUICKLOAD
[LOG 11:37:38.463] Config(THROTTLE_CUTOFF) Squad/Controls/Azerty/THROTTLE_CUTOFF
[LOG 11:37:38.463] Config(THROTTLE_FULL) Squad/Controls/Azerty/THROTTLE_FULL
[LOG 11:37:38.463] Config(LANDING_GEAR) Squad/Controls/Azerty/LANDING_GEAR
[LOG 11:37:38.463] Config(HEADLIGHT_TOGGLE) Squad/Controls/Azerty/HEADLIGHT_TOGGLE
[LOG 11:37:38.463] Config(BRAKES) Squad/Controls/Azerty/BRAKES
[LOG 11:37:38.463] Config(TOGGLE_SPACENAV_FLIGHT_CONTROL) Squad/Controls/Azerty/TOGGLE_SPACENAV_FLIGHT_CONTROL
[LOG 11:37:38.463] Config(TOGGLE_SPACENAV_ROLL_LOCK) Squad/Controls/Azerty/TOGGLE_SPACENAV_ROLL_LOCK
[LOG 11:37:38.463] Config(WHEEL_STEER_LEFT) Squad/Controls/Azerty/WHEEL_STEER_LEFT
[LOG 11:37:38.463] Config(WHEEL_STEER_RIGHT) Squad/Controls/Azerty/WHEEL_STEER_RIGHT
[LOG 11:37:38.463] Config(WHEEL_THROTTLE_DOWN) Squad/Controls/Azerty/WHEEL_THROTTLE_DOWN
[LOG 11:37:38.463] Config(WHEEL_THROTTLE_UP) Squad/Controls/Azerty/WHEEL_THROTTLE_UP
[LOG 11:37:38.463] Config(EVA_forward) Squad/Controls/Azerty/EVA_forward
[LOG 11:37:38.463] Config(EVA_back) Squad/Controls/Azerty/EVA_back
[LOG 11:37:38.463] Config(EVA_left) Squad/Controls/Azerty/EVA_left
[LOG 11:37:38.463] Config(EVA_right) Squad/Controls/Azerty/EVA_right
[LOG 11:37:38.463] Config(EVA_yaw_left) Squad/Controls/Azerty/EVA_yaw_left
[LOG 11:37:38.463] Config(EVA_yaw_right) Squad/Controls/Azerty/EVA_yaw_right
[LOG 11:37:38.463] Config(EVA_Pack_forward) Squad/Controls/Azerty/EVA_Pack_forward
[LOG 11:37:38.463] Config(EVA_Pack_back) Squad/Controls/Azerty/EVA_Pack_back
[LOG 11:37:38.463] Config(EVA_Pack_left) Squad/Controls/Azerty/EVA_Pack_left
[LOG 11:37:38.463] Config(EVA_Pack_right) Squad/Controls/Azerty/EVA_Pack_right
[LOG 11:37:38.463] Config(EVA_Pack_up) Squad/Controls/Azerty/EVA_Pack_up
[LOG 11:37:38.463] Config(EVA_Pack_down) Squad/Controls/Azerty/EVA_Pack_down
[LOG 11:37:38.463] Config(EVA_Jump) Squad/Controls/Azerty/EVA_Jump
[LOG 11:37:38.463] Config(EVA_Run) Squad/Controls/Azerty/EVA_Run
[LOG 11:37:38.463] Config(EVA_ToggleMovementMode) Squad/Controls/Azerty/EVA_ToggleMovementMode
[LOG 11:37:38.463] Config(EVA_TogglePack) Squad/Controls/Azerty/EVA_TogglePack
[LOG 11:37:38.463] Config(EVA_Use) Squad/Controls/Azerty/EVA_Use
[LOG 11:37:38.463] Config(EVA_Board) Squad/Controls/Azerty/EVA_Board
[LOG 11:37:38.463] Config(EVA_Orient) Squad/Controls/Azerty/EVA_Orient
[LOG 11:37:38.463] Config(EVA_Lights) Squad/Controls/Azerty/EVA_Lights
[LOG 11:37:38.463] Config(EVA_ChuteDeploy) Squad/Controls/Azerty/EVA_ChuteDeploy
[LOG 11:37:38.463] Config(Editor_pitchUp) Squad/Controls/Azerty/Editor_pitchUp
[LOG 11:37:38.463] Config(Editor_pitchDown) Squad/Controls/Azerty/Editor_pitchDown
[LOG 11:37:38.463] Config(Editor_yawLeft) Squad/Controls/Azerty/Editor_yawLeft
[LOG 11:37:38.463] Config(Editor_yawRight) Squad/Controls/Azerty/Editor_yawRight
[LOG 11:37:38.463] Config(Editor_rollLeft) Squad/Controls/Azerty/Editor_rollLeft
[LOG 11:37:38.465] Config(Editor_rollRight) Squad/Controls/Azerty/Editor_rollRight
[LOG 11:37:38.465] Config(Editor_resetRotation) Squad/Controls/Azerty/Editor_resetRotation
[LOG 11:37:38.465] Config(Editor_modePlace) Squad/Controls/Azerty/Editor_modePlace
[LOG 11:37:38.465] Config(Editor_modeOffset) Squad/Controls/Azerty/Editor_modeOffset
[LOG 11:37:38.465] Config(Editor_modeRotate) Squad/Controls/Azerty/Editor_modeRotate
[LOG 11:37:38.465] Config(Editor_modeRoot) Squad/Controls/Azerty/Editor_modeRoot
[LOG 11:37:38.465] Config(Editor_coordSystem) Squad/Controls/Azerty/Editor_coordSystem
[LOG 11:37:38.465] Config(Editor_toggleSymMethod) Squad/Controls/Azerty/Editor_toggleSymMethod
[LOG 11:37:38.465] Config(Editor_toggleSymMode) Squad/Controls/Azerty/Editor_toggleSymMode
[LOG 11:37:38.465] Config(Editor_toggleAngleSnap) Squad/Controls/Azerty/Editor_toggleAngleSnap
[LOG 11:37:38.465] Config(Editor_fineTweak) Squad/Controls/Azerty/Editor_fineTweak
[LOG 11:37:38.465] Config(Editor_partSearch) Squad/Controls/Azerty/Editor_partSearch
[LOG 11:37:38.465] Config(Editor_zoomScrollModifier) Squad/Controls/Azerty/Editor_zoomScrollModifier
[LOG 11:37:38.465] Config(MODIFIER_KEY) Squad/Controls/Azerty/MODIFIER_KEY
[LOG 11:37:38.465] Config(AbortActionGroup) Squad/Controls/Azerty/AbortActionGroup
[LOG 11:37:38.465] Config(CustomActionGroup1) Squad/Controls/Azerty/CustomActionGroup1
[LOG 11:37:38.465] Config(CustomActionGroup2) Squad/Controls/Azerty/CustomActionGroup2
[LOG 11:37:38.465] Config(CustomActionGroup3) Squad/Controls/Azerty/CustomActionGroup3
[LOG 11:37:38.465] Config(CustomActionGroup4) Squad/Controls/Azerty/CustomActionGroup4
[LOG 11:37:38.465] Config(CustomActionGroup5) Squad/Controls/Azerty/CustomActionGroup5
[LOG 11:37:38.465] Config(CustomActionGroup6) Squad/Controls/Azerty/CustomActionGroup6
[LOG 11:37:38.465] Config(CustomActionGroup7) Squad/Controls/Azerty/CustomActionGroup7
[LOG 11:37:38.465] Config(CustomActionGroup8) Squad/Controls/Azerty/CustomActionGroup8
[LOG 11:37:38.465] Config(CustomActionGroup9) Squad/Controls/Azerty/CustomActionGroup9
[LOG 11:37:38.465] Config(CustomActionGroup10) Squad/Controls/Azerty/CustomActionGroup10
[LOG 11:37:38.465] Config(KEY_MAP) Squad/Controls/Azerty/KEY_MAP
[LOG 11:37:38.465] Config(KEYBOARD_LAYOUT) Squad/Controls/Dvorak/#autoLOC_6001234
[LOG 11:37:38.465] Config(PITCH_DOWN) Squad/Controls/Dvorak/PITCH_DOWN
[LOG 11:37:38.465] Config(PITCH_UP) Squad/Controls/Dvorak/PITCH_UP
[LOG 11:37:38.465] Config(YAW_LEFT) Squad/Controls/Dvorak/YAW_LEFT
[LOG 11:37:38.465] Config(YAW_RIGHT) Squad/Controls/Dvorak/YAW_RIGHT
[LOG 11:37:38.465] Config(ROLL_LEFT) Squad/Controls/Dvorak/ROLL_LEFT
[LOG 11:37:38.465] Config(ROLL_RIGHT) Squad/Controls/Dvorak/ROLL_RIGHT
[LOG 11:37:38.465] Config(THROTTLE_UP) Squad/Controls/Dvorak/THROTTLE_UP
[LOG 11:37:38.465] Config(THROTTLE_DOWN) Squad/Controls/Dvorak/THROTTLE_DOWN
[LOG 11:37:38.465] Config(SAS_HOLD) Squad/Controls/Dvorak/SAS_HOLD
[LOG 11:37:38.466] Config(SAS_TOGGLE) Squad/Controls/Dvorak/SAS_TOGGLE
[LOG 11:37:38.466] Config(LAUNCH_STAGES) Squad/Controls/Dvorak/LAUNCH_STAGES
[LOG 11:37:38.466] Config(Docking_toggleRotLin) Squad/Controls/Dvorak/Docking_toggleRotLin
[LOG 11:37:38.466] Config(CAMERA_MODE) Squad/Controls/Dvorak/CAMERA_MODE
[LOG 11:37:38.466] Config(CAMERA_NEXT) Squad/Controls/Dvorak/CAMERA_NEXT
[LOG 11:37:38.466] Config(PAUSE) Squad/Controls/Dvorak/PAUSE
[LOG 11:37:38.466] Config(PRECISION_CTRL) Squad/Controls/Dvorak/PRECISION_CTRL
[LOG 11:37:38.466] Config(ZOOM_IN) Squad/Controls/Dvorak/ZOOM_IN
[LOG 11:37:38.466] Config(ZOOM_OUT) Squad/Controls/Dvorak/ZOOM_OUT
[LOG 11:37:38.466] Config(SCROLL_VIEW_UP) Squad/Controls/Dvorak/SCROLL_VIEW_UP
[LOG 11:37:38.466] Config(SCROLL_VIEW_DOWN) Squad/Controls/Dvorak/SCROLL_VIEW_DOWN
[LOG 11:37:38.466] Config(SCROLL_ICONS_UP) Squad/Controls/Dvorak/SCROLL_ICONS_UP
[LOG 11:37:38.466] Config(SCROLL_ICONS_DOWN) Squad/Controls/Dvorak/SCROLL_ICONS_DOWN
[LOG 11:37:38.466] Config(CAMERA_ORBIT_UP) Squad/Controls/Dvorak/CAMERA_ORBIT_UP
[LOG 11:37:38.466] Config(CAMERA_ORBIT_DOWN) Squad/Controls/Dvorak/CAMERA_ORBIT_DOWN
[LOG 11:37:38.466] Config(CAMERA_ORBIT_LEFT) Squad/Controls/Dvorak/CAMERA_ORBIT_LEFT
[LOG 11:37:38.466] Config(CAMERA_ORBIT_RIGHT) Squad/Controls/Dvorak/CAMERA_ORBIT_RIGHT
[LOG 11:37:38.466] Config(CAMERA_RESET) Squad/Controls/Dvorak/CAMERA_RESET
[LOG 11:37:38.466] Config(CAMERA_MOUSE_TOGGLE) Squad/Controls/Dvorak/CAMERA_MOUSE_TOGGLE
[LOG 11:37:38.466] Config(TIME_WARP_INCREASE) Squad/Controls/Dvorak/TIME_WARP_INCREASE
[LOG 11:37:38.466] Config(TIME_WARP_DECREASE) Squad/Controls/Dvorak/TIME_WARP_DECREASE
[LOG 11:37:38.466] Config(TIME_WARP_STOP) Squad/Controls/Dvorak/TIME_WARP_STOP
[LOG 11:37:38.466] Config(MAP_VIEW_TOGGLE) Squad/Controls/Dvorak/MAP_VIEW_TOGGLE
[LOG 11:37:38.466] Config(NAVBALL_TOGGLE) Squad/Controls/Dvorak/NAVBALL_TOGGLE
[LOG 11:37:38.466] Config(UIMODE_STAGING) Squad/Controls/Dvorak/UIMODE_STAGING
[LOG 11:37:38.466] Config(UIMODE_DOCKING) Squad/Controls/Dvorak/UIMODE_DOCKING
[LOG 11:37:38.466] Config(TRANSLATE_DOWN) Squad/Controls/Dvorak/TRANSLATE_DOWN
[LOG 11:37:38.466] Config(TRANSLATE_UP) Squad/Controls/Dvorak/TRANSLATE_UP
[LOG 11:37:38.466] Config(TRANSLATE_LEFT) Squad/Controls/Dvorak/TRANSLATE_LEFT
[LOG 11:37:38.466] Config(TRANSLATE_RIGHT) Squad/Controls/Dvorak/TRANSLATE_RIGHT
[LOG 11:37:38.466] Config(TRANSLATE_FWD) Squad/Controls/Dvorak/TRANSLATE_FWD
[LOG 11:37:38.466] Config(TRANSLATE_BACK) Squad/Controls/Dvorak/TRANSLATE_BACK
[LOG 11:37:38.466] Config(RCS_TOGGLE) Squad/Controls/Dvorak/RCS_TOGGLE
[LOG 11:37:38.466] Config(FOCUS_NEXT_VESSEL) Squad/Controls/Dvorak/FOCUS_NEXT_VESSEL
[LOG 11:37:38.466] Config(FOCUS_PREV_VESSEL) Squad/Controls/Dvorak/FOCUS_PREV_VESSEL
[LOG 11:37:38.466] Config(TOGGLE_UI) Squad/Controls/Dvorak/TOGGLE_UI
[LOG 11:37:38.466] Config(TOGGLE_STATUS_SCREEN) Squad/Controls/Dvorak/TOGGLE_STATUS_SCREEN
[LOG 11:37:38.466] Config(TAKE_SCREENSHOT) Squad/Controls/Dvorak/TAKE_SCREENSHOT
[LOG 11:37:38.466] Config(TOGGLE_LABELS) Squad/Controls/Dvorak/TOGGLE_LABELS
[LOG 11:37:38.466] Config(TOGGLE_TEMP_GAUGES) Squad/Controls/Dvorak/TOGGLE_TEMP_GAUGES
[LOG 11:37:38.466] Config(TOGGLE_TEMP_OVERLAY) Squad/Controls/Dvorak/TOGGLE_TEMP_OVERLAY
[LOG 11:37:38.466] Config(TOGGLE_FLIGHT_FORCES) Squad/Controls/Dvorak/TOGGLE_FLIGHT_FORCES
[LOG 11:37:38.466] Config(QUICKSAVE) Squad/Controls/Dvorak/QUICKSAVE
[LOG 11:37:38.467] Config(QUICKLOAD) Squad/Controls/Dvorak/QUICKLOAD
[LOG 11:37:38.467] Config(THROTTLE_CUTOFF) Squad/Controls/Dvorak/THROTTLE_CUTOFF
[LOG 11:37:38.467] Config(THROTTLE_FULL) Squad/Controls/Dvorak/THROTTLE_FULL
[LOG 11:37:38.467] Config(LANDING_GEAR) Squad/Controls/Dvorak/LANDING_GEAR
[LOG 11:37:38.467] Config(HEADLIGHT_TOGGLE) Squad/Controls/Dvorak/HEADLIGHT_TOGGLE
[LOG 11:37:38.467] Config(BRAKES) Squad/Controls/Dvorak/BRAKES
[LOG 11:37:38.467] Config(TOGGLE_SPACENAV_FLIGHT_CONTROL) Squad/Controls/Dvorak/TOGGLE_SPACENAV_FLIGHT_CONTROL
[LOG 11:37:38.467] Config(TOGGLE_SPACENAV_ROLL_LOCK) Squad/Controls/Dvorak/TOGGLE_SPACENAV_ROLL_LOCK
[LOG 11:37:38.467] Config(WHEEL_STEER_LEFT) Squad/Controls/Dvorak/WHEEL_STEER_LEFT
[LOG 11:37:38.467] Config(WHEEL_STEER_RIGHT) Squad/Controls/Dvorak/WHEEL_STEER_RIGHT
[LOG 11:37:38.467] Config(WHEEL_THROTTLE_DOWN) Squad/Controls/Dvorak/WHEEL_THROTTLE_DOWN
[LOG 11:37:38.467] Config(WHEEL_THROTTLE_UP) Squad/Controls/Dvorak/WHEEL_THROTTLE_UP
[LOG 11:37:38.467] Config(EVA_forward) Squad/Controls/Dvorak/EVA_forward
[LOG 11:37:38.467] Config(EVA_back) Squad/Controls/Dvorak/EVA_back
[LOG 11:37:38.467] Config(EVA_left) Squad/Controls/Dvorak/EVA_left
[LOG 11:37:38.467] Config(EVA_right) Squad/Controls/Dvorak/EVA_right
[LOG 11:37:38.467] Config(EVA_yaw_left) Squad/Controls/Dvorak/EVA_yaw_left
[LOG 11:37:38.467] Config(EVA_yaw_right) Squad/Controls/Dvorak/EVA_yaw_right
[LOG 11:37:38.467] Config(EVA_Pack_forward) Squad/Controls/Dvorak/EVA_Pack_forward
[LOG 11:37:38.467] Config(EVA_Pack_back) Squad/Controls/Dvorak/EVA_Pack_back
[LOG 11:37:38.467] Config(EVA_Pack_left) Squad/Controls/Dvorak/EVA_Pack_left
[LOG 11:37:38.467] Config(EVA_Pack_right) Squad/Controls/Dvorak/EVA_Pack_right
[LOG 11:37:38.467] Config(EVA_Pack_up) Squad/Controls/Dvorak/EVA_Pack_up
[LOG 11:37:38.467] Config(EVA_Pack_down) Squad/Controls/Dvorak/EVA_Pack_down
[LOG 11:37:38.467] Config(EVA_Jump) Squad/Controls/Dvorak/EVA_Jump
[LOG 11:37:38.467] Config(EVA_Run) Squad/Controls/Dvorak/EVA_Run
[LOG 11:37:38.467] Config(EVA_ToggleMovementMode) Squad/Controls/Dvorak/EVA_ToggleMovementMode
[LOG 11:37:38.467] Config(EVA_TogglePack) Squad/Controls/Dvorak/EVA_TogglePack
[LOG 11:37:38.467] Config(EVA_Use) Squad/Controls/Dvorak/EVA_Use
[LOG 11:37:38.467] Config(EVA_Board) Squad/Controls/Dvorak/EVA_Board
[LOG 11:37:38.467] Config(EVA_Orient) Squad/Controls/Dvorak/EVA_Orient
[LOG 11:37:38.467] Config(EVA_Lights) Squad/Controls/Dvorak/EVA_Lights
[LOG 11:37:38.467] Config(EVA_ChuteDeploy) Squad/Controls/Dvorak/EVA_ChuteDeploy
[LOG 11:37:38.467] Config(Editor_pitchUp) Squad/Controls/Dvorak/Editor_pitchUp
[LOG 11:37:38.467] Config(Editor_pitchDown) Squad/Controls/Dvorak/Editor_pitchDown
[LOG 11:37:38.467] Config(Editor_yawLeft) Squad/Controls/Dvorak/Editor_yawLeft
[LOG 11:37:38.467] Config(Editor_yawRight) Squad/Controls/Dvorak/Editor_yawRight
[LOG 11:37:38.467] Config(Editor_rollLeft) Squad/Controls/Dvorak/Editor_rollLeft
[LOG 11:37:38.467] Config(Editor_rollRight) Squad/Controls/Dvorak/Editor_rollRight
[LOG 11:37:38.467] Config(Editor_resetRotation) Squad/Controls/Dvorak/Editor_resetRotation
[LOG 11:37:38.467] Config(Editor_modePlace) Squad/Controls/Dvorak/Editor_modePlace
[LOG 11:37:38.467] Config(Editor_modeOffset) Squad/Controls/Dvorak/Editor_modeOffset
[LOG 11:37:38.467] Config(Editor_modeRotate) Squad/Controls/Dvorak/Editor_modeRotate
[LOG 11:37:38.467] Config(Editor_modeRoot) Squad/Controls/Dvorak/Editor_modeRoot
[LOG 11:37:38.467] Config(Editor_coordSystem) Squad/Controls/Dvorak/Editor_coordSystem
[LOG 11:37:38.467] Config(Editor_toggleSymMethod) Squad/Controls/Dvorak/Editor_toggleSymMethod
[LOG 11:37:38.467] Config(Editor_toggleSymMode) Squad/Controls/Dvorak/Editor_toggleSymMode
[LOG 11:37:38.467] Config(Editor_toggleAngleSnap) Squad/Controls/Dvorak/Editor_toggleAngleSnap
[LOG 11:37:38.468] Config(Editor_fineTweak) Squad/Controls/Dvorak/Editor_fineTweak
[LOG 11:37:38.468] Config(Editor_partSearch) Squad/Controls/Dvorak/Editor_partSearch
[LOG 11:37:38.468] Config(Editor_zoomScrollModifier) Squad/Controls/Dvorak/Editor_zoomScrollModifier
[LOG 11:37:38.468] Config(MODIFIER_KEY) Squad/Controls/Dvorak/MODIFIER_KEY
[LOG 11:37:38.468] Config(AbortActionGroup) Squad/Controls/Dvorak/AbortActionGroup
[LOG 11:37:38.468] Config(CustomActionGroup1) Squad/Controls/Dvorak/CustomActionGroup1
[LOG 11:37:38.468] Config(CustomActionGroup2) Squad/Controls/Dvorak/CustomActionGroup2
[LOG 11:37:38.468] Config(CustomActionGroup3) Squad/Controls/Dvorak/CustomActionGroup3
[LOG 11:37:38.468] Config(CustomActionGroup4) Squad/Controls/Dvorak/CustomActionGroup4
[LOG 11:37:38.468] Config(CustomActionGroup5) Squad/Controls/Dvorak/CustomActionGroup5
[LOG 11:37:38.468] Config(CustomActionGroup6) Squad/Controls/Dvorak/CustomActionGroup6
[LOG 11:37:38.468] Config(CustomActionGroup7) Squad/Controls/Dvorak/CustomActionGroup7
[LOG 11:37:38.468] Config(CustomActionGroup8) Squad/Controls/Dvorak/CustomActionGroup8
[LOG 11:37:38.468] Config(CustomActionGroup9) Squad/Controls/Dvorak/CustomActionGroup9
[LOG 11:37:38.468] Config(CustomActionGroup10) Squad/Controls/Dvorak/CustomActionGroup10
[LOG 11:37:38.468] Config(KEY_MAP) Squad/Controls/Dvorak/KEY_MAP
[LOG 11:37:38.468] Config(KEYBOARD_LAYOUT) Squad/Controls/Qwerty/#autoLOC_6001227
[LOG 11:37:38.468] Config(PITCH_DOWN) Squad/Controls/Qwerty/PITCH_DOWN
[LOG 11:37:38.468] Config(PITCH_UP) Squad/Controls/Qwerty/PITCH_UP
[LOG 11:37:38.468] Config(YAW_LEFT) Squad/Controls/Qwerty/YAW_LEFT
[LOG 11:37:38.468] Config(YAW_RIGHT) Squad/Controls/Qwerty/YAW_RIGHT
[LOG 11:37:38.468] Config(ROLL_LEFT) Squad/Controls/Qwerty/ROLL_LEFT
[LOG 11:37:38.468] Config(ROLL_RIGHT) Squad/Controls/Qwerty/ROLL_RIGHT
[LOG 11:37:38.468] Config(THROTTLE_UP) Squad/Controls/Qwerty/THROTTLE_UP
[LOG 11:37:38.468] Config(THROTTLE_DOWN) Squad/Controls/Qwerty/THROTTLE_DOWN
[LOG 11:37:38.468] Config(SAS_HOLD) Squad/Controls/Qwerty/SAS_HOLD
[LOG 11:37:38.468] Config(SAS_TOGGLE) Squad/Controls/Qwerty/SAS_TOGGLE
[LOG 11:37:38.468] Config(LAUNCH_STAGES) Squad/Controls/Qwerty/LAUNCH_STAGES
[LOG 11:37:38.468] Config(Docking_toggleRotLin) Squad/Controls/Qwerty/Docking_toggleRotLin
[LOG 11:37:38.468] Config(CAMERA_MODE) Squad/Controls/Qwerty/CAMERA_MODE
[LOG 11:37:38.468] Config(CAMERA_NEXT) Squad/Controls/Qwerty/CAMERA_NEXT
[LOG 11:37:38.468] Config(PAUSE) Squad/Controls/Qwerty/PAUSE
[LOG 11:37:38.468] Config(PRECISION_CTRL) Squad/Controls/Qwerty/PRECISION_CTRL
[LOG 11:37:38.468] Config(ZOOM_IN) Squad/Controls/Qwerty/ZOOM_IN
[LOG 11:37:38.468] Config(ZOOM_OUT) Squad/Controls/Qwerty/ZOOM_OUT
[LOG 11:37:38.468] Config(SCROLL_VIEW_UP) Squad/Controls/Qwerty/SCROLL_VIEW_UP
[LOG 11:37:38.468] Config(SCROLL_VIEW_DOWN) Squad/Controls/Qwerty/SCROLL_VIEW_DOWN
[LOG 11:37:38.468] Config(SCROLL_ICONS_UP) Squad/Controls/Qwerty/SCROLL_ICONS_UP
[LOG 11:37:38.468] Config(SCROLL_ICONS_DOWN) Squad/Controls/Qwerty/SCROLL_ICONS_DOWN
[LOG 11:37:38.468] Config(CAMERA_ORBIT_UP) Squad/Controls/Qwerty/CAMERA_ORBIT_UP
[LOG 11:37:38.468] Config(CAMERA_ORBIT_DOWN) Squad/Controls/Qwerty/CAMERA_ORBIT_DOWN
[LOG 11:37:38.468] Config(CAMERA_ORBIT_LEFT) Squad/Controls/Qwerty/CAMERA_ORBIT_LEFT
[LOG 11:37:38.469] Config(CAMERA_ORBIT_RIGHT) Squad/Controls/Qwerty/CAMERA_ORBIT_RIGHT
[LOG 11:37:38.469] Config(CAMERA_RESET) Squad/Controls/Qwerty/CAMERA_RESET
[LOG 11:37:38.469] Config(CAMERA_MOUSE_TOGGLE) Squad/Controls/Qwerty/CAMERA_MOUSE_TOGGLE
[LOG 11:37:38.469] Config(TIME_WARP_INCREASE) Squad/Controls/Qwerty/TIME_WARP_INCREASE
[LOG 11:37:38.469] Config(TIME_WARP_DECREASE) Squad/Controls/Qwerty/TIME_WARP_DECREASE
[LOG 11:37:38.469] Config(TIME_WARP_STOP) Squad/Controls/Qwerty/TIME_WARP_STOP
[LOG 11:37:38.469] Config(MAP_VIEW_TOGGLE) Squad/Controls/Qwerty/MAP_VIEW_TOGGLE
[LOG 11:37:38.469] Config(NAVBALL_TOGGLE) Squad/Controls/Qwerty/NAVBALL_TOGGLE
[LOG 11:37:38.469] Config(UIMODE_STAGING) Squad/Controls/Qwerty/UIMODE_STAGING
[LOG 11:37:38.469] Config(UIMODE_DOCKING) Squad/Controls/Qwerty/UIMODE_DOCKING
[LOG 11:37:38.469] Config(TRANSLATE_DOWN) Squad/Controls/Qwerty/TRANSLATE_DOWN
[LOG 11:37:38.469] Config(TRANSLATE_UP) Squad/Controls/Qwerty/TRANSLATE_UP
[LOG 11:37:38.469] Config(TRANSLATE_LEFT) Squad/Controls/Qwerty/TRANSLATE_LEFT
[LOG 11:37:38.469] Config(TRANSLATE_RIGHT) Squad/Controls/Qwerty/TRANSLATE_RIGHT
[LOG 11:37:38.469] Config(TRANSLATE_FWD) Squad/Controls/Qwerty/TRANSLATE_FWD
[LOG 11:37:38.469] Config(TRANSLATE_BACK) Squad/Controls/Qwerty/TRANSLATE_BACK
[LOG 11:37:38.469] Config(RCS_TOGGLE) Squad/Controls/Qwerty/RCS_TOGGLE
[LOG 11:37:38.469] Config(FOCUS_NEXT_VESSEL) Squad/Controls/Qwerty/FOCUS_NEXT_VESSEL
[LOG 11:37:38.469] Config(FOCUS_PREV_VESSEL) Squad/Controls/Qwerty/FOCUS_PREV_VESSEL
[LOG 11:37:38.469] Config(TOGGLE_UI) Squad/Controls/Qwerty/TOGGLE_UI
[LOG 11:37:38.469] Config(TOGGLE_STATUS_SCREEN) Squad/Controls/Qwerty/TOGGLE_STATUS_SCREEN
[LOG 11:37:38.469] Config(TAKE_SCREENSHOT) Squad/Controls/Qwerty/TAKE_SCREENSHOT
[LOG 11:37:38.469] Config(TOGGLE_LABELS) Squad/Controls/Qwerty/TOGGLE_LABELS
[LOG 11:37:38.469] Config(TOGGLE_TEMP_GAUGES) Squad/Controls/Qwerty/TOGGLE_TEMP_GAUGES
[LOG 11:37:38.469] Config(TOGGLE_TEMP_OVERLAY) Squad/Controls/Qwerty/TOGGLE_TEMP_OVERLAY
[LOG 11:37:38.469] Config(TOGGLE_FLIGHT_FORCES) Squad/Controls/Qwerty/TOGGLE_FLIGHT_FORCES
[LOG 11:37:38.469] Config(QUICKSAVE) Squad/Controls/Qwerty/QUICKSAVE
[LOG 11:37:38.469] Config(QUICKLOAD) Squad/Controls/Qwerty/QUICKLOAD
[LOG 11:37:38.469] Config(THROTTLE_CUTOFF) Squad/Controls/Qwerty/THROTTLE_CUTOFF
[LOG 11:37:38.469] Config(THROTTLE_FULL) Squad/Controls/Qwerty/THROTTLE_FULL
[LOG 11:37:38.469] Config(LANDING_GEAR) Squad/Controls/Qwerty/LANDING_GEAR
[LOG 11:37:38.469] Config(HEADLIGHT_TOGGLE) Squad/Controls/Qwerty/HEADLIGHT_TOGGLE
[LOG 11:37:38.469] Config(BRAKES) Squad/Controls/Qwerty/BRAKES
[LOG 11:37:38.469] Config(TOGGLE_SPACENAV_FLIGHT_CONTROL) Squad/Controls/Qwerty/TOGGLE_SPACENAV_FLIGHT_CONTROL
[LOG 11:37:38.469] Config(TOGGLE_SPACENAV_ROLL_LOCK) Squad/Controls/Qwerty/TOGGLE_SPACENAV_ROLL_LOCK
[LOG 11:37:38.469] Config(WHEEL_STEER_LEFT) Squad/Controls/Qwerty/WHEEL_STEER_LEFT
[LOG 11:37:38.469] Config(WHEEL_STEER_RIGHT) Squad/Controls/Qwerty/WHEEL_STEER_RIGHT
[LOG 11:37:38.469] Config(WHEEL_THROTTLE_DOWN) Squad/Controls/Qwerty/WHEEL_THROTTLE_DOWN
[LOG 11:37:38.469] Config(WHEEL_THROTTLE_UP) Squad/Controls/Qwerty/WHEEL_THROTTLE_UP
[LOG 11:37:38.469] Config(EVA_forward) Squad/Controls/Qwerty/EVA_forward
[LOG 11:37:38.469] Config(EVA_back) Squad/Controls/Qwerty/EVA_back
[LOG 11:37:38.469] Config(EVA_left) Squad/Controls/Qwerty/EVA_left
[LOG 11:37:38.469] Config(EVA_right) Squad/Controls/Qwerty/EVA_right
[LOG 11:37:38.470] Config(EVA_yaw_left) Squad/Controls/Qwerty/EVA_yaw_left
[LOG 11:37:38.470] Config(EVA_yaw_right) Squad/Controls/Qwerty/EVA_yaw_right
[LOG 11:37:38.470] Config(EVA_Pack_forward) Squad/Controls/Qwerty/EVA_Pack_forward
[LOG 11:37:38.470] Config(EVA_Pack_back) Squad/Controls/Qwerty/EVA_Pack_back
[LOG 11:37:38.470] Config(EVA_Pack_left) Squad/Controls/Qwerty/EVA_Pack_left
[LOG 11:37:38.470] Config(EVA_Pack_right) Squad/Controls/Qwerty/EVA_Pack_right
[LOG 11:37:38.470] Config(EVA_Pack_up) Squad/Controls/Qwerty/EVA_Pack_up
[LOG 11:37:38.470] Config(EVA_Pack_down) Squad/Controls/Qwerty/EVA_Pack_down
[LOG 11:37:38.470] Config(EVA_Jump) Squad/Controls/Qwerty/EVA_Jump
[LOG 11:37:38.470] Config(EVA_Run) Squad/Controls/Qwerty/EVA_Run
[LOG 11:37:38.470] Config(EVA_ToggleMovementMode) Squad/Controls/Qwerty/EVA_ToggleMovementMode
[LOG 11:37:38.470] Config(EVA_TogglePack) Squad/Controls/Qwerty/EVA_TogglePack
[LOG 11:37:38.470] Config(EVA_Use) Squad/Controls/Qwerty/EVA_Use
[LOG 11:37:38.470] Config(EVA_Board) Squad/Controls/Qwerty/EVA_Board
[LOG 11:37:38.470] Config(EVA_Orient) Squad/Controls/Qwerty/EVA_Orient
[LOG 11:37:38.470] Config(EVA_Lights) Squad/Controls/Qwerty/EVA_Lights
[LOG 11:37:38.470] Config(EVA_ChuteDeploy) Squad/Controls/Qwerty/EVA_ChuteDeploy
[LOG 11:37:38.470] Config(Editor_pitchUp) Squad/Controls/Qwerty/Editor_pitchUp
[LOG 11:37:38.470] Config(Editor_pitchDown) Squad/Controls/Qwerty/Editor_pitchDown
[LOG 11:37:38.470] Config(Editor_yawLeft) Squad/Controls/Qwerty/Editor_yawLeft
[LOG 11:37:38.470] Config(Editor_yawRight) Squad/Controls/Qwerty/Editor_yawRight
[LOG 11:37:38.470] Config(Editor_rollLeft) Squad/Controls/Qwerty/Editor_rollLeft
[LOG 11:37:38.470] Config(Editor_rollRight) Squad/Controls/Qwerty/Editor_rollRight
[LOG 11:37:38.470] Config(Editor_resetRotation) Squad/Controls/Qwerty/Editor_resetRotation
[LOG 11:37:38.470] Config(Editor_modePlace) Squad/Controls/Qwerty/Editor_modePlace
[LOG 11:37:38.470] Config(Editor_modeOffset) Squad/Controls/Qwerty/Editor_modeOffset
[LOG 11:37:38.470] Config(Editor_modeRotate) Squad/Controls/Qwerty/Editor_modeRotate
[LOG 11:37:38.470] Config(Editor_modeRoot) Squad/Controls/Qwerty/Editor_modeRoot
[LOG 11:37:38.470] Config(Editor_coordSystem) Squad/Controls/Qwerty/Editor_coordSystem
[LOG 11:37:38.470] Config(Editor_toggleSymMethod) Squad/Controls/Qwerty/Editor_toggleSymMethod
[LOG 11:37:38.470] Config(Editor_toggleSymMode) Squad/Controls/Qwerty/Editor_toggleSymMode
[LOG 11:37:38.470] Config(Editor_toggleAngleSnap) Squad/Controls/Qwerty/Editor_toggleAngleSnap
[LOG 11:37:38.470] Config(Editor_fineTweak) Squad/Controls/Qwerty/Editor_fineTweak
[LOG 11:37:38.470] Config(Editor_partSearch) Squad/Controls/Qwerty/Editor_partSearch
[LOG 11:37:38.470] Config(Editor_zoomScrollModifier) Squad/Controls/Qwerty/Editor_zoomScrollModifier
[LOG 11:37:38.470] Config(MODIFIER_KEY) Squad/Controls/Qwerty/MODIFIER_KEY
[LOG 11:37:38.470] Config(AbortActionGroup) Squad/Controls/Qwerty/AbortActionGroup
[LOG 11:37:38.470] Config(CustomActionGroup1) Squad/Controls/Qwerty/CustomActionGroup1
[LOG 11:37:38.470] Config(CustomActionGroup2) Squad/Controls/Qwerty/CustomActionGroup2
[LOG 11:37:38.470] Config(CustomActionGroup3) Squad/Controls/Qwerty/CustomActionGroup3
[LOG 11:37:38.470] Config(CustomActionGroup4) Squad/Controls/Qwerty/CustomActionGroup4
[LOG 11:37:38.470] Config(CustomActionGroup5) Squad/Controls/Qwerty/CustomActionGroup5
[LOG 11:37:38.470] Config(CustomActionGroup6) Squad/Controls/Qwerty/CustomActionGroup6
[LOG 11:37:38.470] Config(CustomActionGroup7) Squad/Controls/Qwerty/CustomActionGroup7
[LOG 11:37:38.470] Config(CustomActionGroup8) Squad/Controls/Qwerty/CustomActionGroup8
[LOG 11:37:38.470] Config(CustomActionGroup9) Squad/Controls/Qwerty/CustomActionGroup9
[LOG 11:37:38.470] Config(CustomActionGroup10) Squad/Controls/Qwerty/CustomActionGroup10
[LOG 11:37:38.471] Config(KEY_MAP) Squad/Controls/Qwerty/KEY_MAP
[LOG 11:37:38.471] Config(KEYBOARD_LAYOUT) Squad/Controls/Qwerty_en-GB/#autoLOC_6001228
[LOG 11:37:38.471] Config(KEY_MAP) Squad/Controls/Qwerty_en-GB/KEY_MAP
[LOG 11:37:38.471] Config(KEYBOARD_LAYOUT) Squad/Controls/Qwerty_es-LA/#autoLOC_6001229
[LOG 11:37:38.471] Config(CAMERA_MOUSE_TOGGLE) Squad/Controls/Qwerty_es-LA/CAMERA_MOUSE_TOGGLE
[LOG 11:37:38.471] Config(TIME_WARP_STOP) Squad/Controls/Qwerty_es-LA/TIME_WARP_STOP
[LOG 11:37:38.471] Config(FOCUS_NEXT_VESSEL) Squad/Controls/Qwerty_es-LA/FOCUS_NEXT_VESSEL
[LOG 11:37:38.471] Config(FOCUS_PREV_VESSEL) Squad/Controls/Qwerty_es-LA/FOCUS_PREV_VESSEL
[LOG 11:37:38.471] Config(CAMERA_RESET) Squad/Controls/Qwerty_es-LA/CAMERA_RESET
[LOG 11:37:38.471] Config(Editor_partSearch) Squad/Controls/Qwerty_es-LA/Editor_partSearch
[LOG 11:37:38.471] Config(KEY_MAP) Squad/Controls/Qwerty_es-LA/KEY_MAP
[LOG 11:37:38.471] Config(KEYBOARD_LAYOUT) Squad/Controls/Qwerty_it-IT/#autoLOC_6001230
[LOG 11:37:38.471] Config(FOCUS_NEXT_VESSEL) Squad/Controls/Qwerty_it-IT/FOCUS_NEXT_VESSEL
[LOG 11:37:38.471] Config(FOCUS_PREV_VESSEL) Squad/Controls/Qwerty_it-IT/FOCUS_PREV_VESSEL
[LOG 11:37:38.471] Config(CAMERA_MOUSE_TOGGLE) Squad/Controls/Qwerty_it-IT/CAMERA_MOUSE_TOGGLE
[LOG 11:37:38.471] Config(TIME_WARP_STOP) Squad/Controls/Qwerty_it-IT/TIME_WARP_STOP
[LOG 11:37:38.471] Config(CAMERA_RESET) Squad/Controls/Qwerty_it-IT/CAMERA_RESET
[LOG 11:37:38.471] Config(Editor_partSearch) Squad/Controls/Qwerty_it-IT/Editor_partSearch
[LOG 11:37:38.471] Config(KEY_MAP) Squad/Controls/Qwerty_it-IT/KEY_MAP
[LOG 11:37:38.471] Config(KEYBOARD_LAYOUT) Squad/Controls/Qwerty_ja-JP/#autoLOC_6001231
[LOG 11:37:38.471] Config(FOCUS_NEXT_VESSEL) Squad/Controls/Qwerty_ja-JP/FOCUS_NEXT_VESSEL
[LOG 11:37:38.471] Config(FOCUS_PREV_VESSEL) Squad/Controls/Qwerty_ja-JP/FOCUS_PREV_VESSEL
[LOG 11:37:38.471] Config(PRECISION_CTRL) Squad/Controls/Qwerty_ja-JP/PRECISION_CTRL
[LOG 11:37:38.471] Config(CAMERA_MOUSE_TOGGLE) Squad/Controls/Qwerty_ja-JP/CAMERA_MOUSE_TOGGLE
[LOG 11:37:38.472] Config(Editor_partSearch) Squad/Controls/Qwerty_ja-JP/Editor_partSearch
[LOG 11:37:38.472] Config(CAMERA_RESET) Squad/Controls/Qwerty_ja-JP/CAMERA_RESET
[LOG 11:37:38.472] Config(KEY_MAP) Squad/Controls/Qwerty_ja-JP/KEY_MAP
[LOG 11:37:38.472] Config(KEYBOARD_LAYOUT) Squad/Controls/Qwerty_pt-PT/#autoLOC_6001230
[LOG 11:37:38.472] Config(FOCUS_NEXT_VESSEL) Squad/Controls/Qwerty_pt-PT/FOCUS_NEXT_VESSEL
[LOG 11:37:38.472] Config(FOCUS_PREV_VESSEL) Squad/Controls/Qwerty_pt-PT/FOCUS_PREV_VESSEL
[LOG 11:37:38.472] Config(CAMERA_MOUSE_TOGGLE) Squad/Controls/Qwerty_pt-PT/CAMERA_MOUSE_TOGGLE
[LOG 11:37:38.472] Config(TIME_WARP_STOP) Squad/Controls/Qwerty_pt-PT/TIME_WARP_STOP
[LOG 11:37:38.472] Config(CAMERA_RESET) Squad/Controls/Qwerty_pt-PT/CAMERA_RESET
[LOG 11:37:38.472] Config(Editor_partSearch) Squad/Controls/Qwerty_pt-PT/Editor_partSearch
[LOG 11:37:38.472] Config(KEY_MAP) Squad/Controls/Qwerty_pt-PT/KEY_MAP
[LOG 11:37:38.472] Config(KEYBOARD_LAYOUT) Squad/Controls/Qwertz/#autoLOC_6001232
[LOG 11:37:38.472] Config(PITCH_DOWN) Squad/Controls/Qwertz/PITCH_DOWN
[LOG 11:37:38.472] Config(PITCH_UP) Squad/Controls/Qwertz/PITCH_UP
[LOG 11:37:38.472] Config(YAW_LEFT) Squad/Controls/Qwertz/YAW_LEFT
[LOG 11:37:38.472] Config(YAW_RIGHT) Squad/Controls/Qwertz/YAW_RIGHT
[LOG 11:37:38.472] Config(ROLL_LEFT) Squad/Controls/Qwertz/ROLL_LEFT
[LOG 11:37:38.472] Config(ROLL_RIGHT) Squad/Controls/Qwertz/ROLL_RIGHT
[LOG 11:37:38.472] Config(THROTTLE_UP) Squad/Controls/Qwertz/THROTTLE_UP
[LOG 11:37:38.472] Config(THROTTLE_DOWN) Squad/Controls/Qwertz/THROTTLE_DOWN
[LOG 11:37:38.472] Config(SAS_HOLD) Squad/Controls/Qwertz/SAS_HOLD
[LOG 11:37:38.472] Config(SAS_TOGGLE) Squad/Controls/Qwertz/SAS_TOGGLE
[LOG 11:37:38.472] Config(LAUNCH_STAGES) Squad/Controls/Qwertz/LAUNCH_STAGES
[LOG 11:37:38.472] Config(Docking_toggleRotLin) Squad/Controls/Qwertz/Docking_toggleRotLin
[LOG 11:37:38.472] Config(CAMERA_MODE) Squad/Controls/Qwertz/CAMERA_MODE
[LOG 11:37:38.472] Config(CAMERA_NEXT) Squad/Controls/Qwertz/CAMERA_NEXT
[LOG 11:37:38.472] Config(PAUSE) Squad/Controls/Qwertz/PAUSE
[LOG 11:37:38.472] Config(PRECISION_CTRL) Squad/Controls/Qwertz/PRECISION_CTRL
[LOG 11:37:38.472] Config(ZOOM_IN) Squad/Controls/Qwertz/ZOOM_IN
[LOG 11:37:38.472] Config(ZOOM_OUT) Squad/Controls/Qwertz/ZOOM_OUT
[LOG 11:37:38.472] Config(SCROLL_VIEW_UP) Squad/Controls/Qwertz/SCROLL_VIEW_UP
[LOG 11:37:38.472] Config(SCROLL_VIEW_DOWN) Squad/Controls/Qwertz/SCROLL_VIEW_DOWN
[LOG 11:37:38.472] Config(SCROLL_ICONS_UP) Squad/Controls/Qwertz/SCROLL_ICONS_UP
[LOG 11:37:38.472] Config(SCROLL_ICONS_DOWN) Squad/Controls/Qwertz/SCROLL_ICONS_DOWN
[LOG 11:37:38.472] Config(CAMERA_ORBIT_UP) Squad/Controls/Qwertz/CAMERA_ORBIT_UP
[LOG 11:37:38.472] Config(CAMERA_ORBIT_DOWN) Squad/Controls/Qwertz/CAMERA_ORBIT_DOWN
[LOG 11:37:38.472] Config(CAMERA_ORBIT_LEFT) Squad/Controls/Qwertz/CAMERA_ORBIT_LEFT
[LOG 11:37:38.472] Config(CAMERA_ORBIT_RIGHT) Squad/Controls/Qwertz/CAMERA_ORBIT_RIGHT
[LOG 11:37:38.472] Config(CAMERA_RESET) Squad/Controls/Qwertz/CAMERA_RESET
[LOG 11:37:38.472] Config(CAMERA_MOUSE_TOGGLE) Squad/Controls/Qwertz/CAMERA_MOUSE_TOGGLE
[LOG 11:37:38.472] Config(TIME_WARP_INCREASE) Squad/Controls/Qwertz/TIME_WARP_INCREASE
[LOG 11:37:38.472] Config(TIME_WARP_DECREASE) Squad/Controls/Qwertz/TIME_WARP_DECREASE
[LOG 11:37:38.472] Config(TIME_WARP_STOP) Squad/Controls/Qwertz/TIME_WARP_STOP
[LOG 11:37:38.472] Config(MAP_VIEW_TOGGLE) Squad/Controls/Qwertz/MAP_VIEW_TOGGLE
[LOG 11:37:38.472] Config(NAVBALL_TOGGLE) Squad/Controls/Qwertz/NAVBALL_TOGGLE
[LOG 11:37:38.472] Config(UIMODE_STAGING) Squad/Controls/Qwertz/UIMODE_STAGING
[LOG 11:37:38.472] Config(UIMODE_DOCKING) Squad/Controls/Qwertz/UIMODE_DOCKING
[LOG 11:37:38.472] Config(TRANSLATE_DOWN) Squad/Controls/Qwertz/TRANSLATE_DOWN
[LOG 11:37:38.473] Config(TRANSLATE_UP) Squad/Controls/Qwertz/TRANSLATE_UP
[LOG 11:37:38.473] Config(TRANSLATE_LEFT) Squad/Controls/Qwertz/TRANSLATE_LEFT
[LOG 11:37:38.473] Config(TRANSLATE_RIGHT) Squad/Controls/Qwertz/TRANSLATE_RIGHT
[LOG 11:37:38.473] Config(TRANSLATE_FWD) Squad/Controls/Qwertz/TRANSLATE_FWD
[LOG 11:37:38.473] Config(TRANSLATE_BACK) Squad/Controls/Qwertz/TRANSLATE_BACK
[LOG 11:37:38.473] Config(RCS_TOGGLE) Squad/Controls/Qwertz/RCS_TOGGLE
[LOG 11:37:38.473] Config(FOCUS_NEXT_VESSEL) Squad/Controls/Qwertz/FOCUS_NEXT_VESSEL
[LOG 11:37:38.473] Config(FOCUS_PREV_VESSEL) Squad/Controls/Qwertz/FOCUS_PREV_VESSEL
[LOG 11:37:38.473] Config(TOGGLE_UI) Squad/Controls/Qwertz/TOGGLE_UI
[LOG 11:37:38.473] Config(TOGGLE_STATUS_SCREEN) Squad/Controls/Qwertz/TOGGLE_STATUS_SCREEN
[LOG 11:37:38.473] Config(TAKE_SCREENSHOT) Squad/Controls/Qwertz/TAKE_SCREENSHOT
[LOG 11:37:38.473] Config(TOGGLE_LABELS) Squad/Controls/Qwertz/TOGGLE_LABELS
[LOG 11:37:38.473] Config(TOGGLE_TEMP_GAUGES) Squad/Controls/Qwertz/TOGGLE_TEMP_GAUGES
[LOG 11:37:38.473] Config(TOGGLE_TEMP_OVERLAY) Squad/Controls/Qwertz/TOGGLE_TEMP_OVERLAY
[LOG 11:37:38.473] Config(TOGGLE_FLIGHT_FORCES) Squad/Controls/Qwertz/TOGGLE_FLIGHT_FORCES
[LOG 11:37:38.473] Config(QUICKSAVE) Squad/Controls/Qwertz/QUICKSAVE
[LOG 11:37:38.473] Config(QUICKLOAD) Squad/Controls/Qwertz/QUICKLOAD
[LOG 11:37:38.473] Config(THROTTLE_CUTOFF) Squad/Controls/Qwertz/THROTTLE_CUTOFF
[LOG 11:37:38.473] Config(THROTTLE_FULL) Squad/Controls/Qwertz/THROTTLE_FULL
[LOG 11:37:38.473] Config(LANDING_GEAR) Squad/Controls/Qwertz/LANDING_GEAR
[LOG 11:37:38.473] Config(HEADLIGHT_TOGGLE) Squad/Controls/Qwertz/HEADLIGHT_TOGGLE
[LOG 11:37:38.473] Config(BRAKES) Squad/Controls/Qwertz/BRAKES
[LOG 11:37:38.473] Config(TOGGLE_SPACENAV_FLIGHT_CONTROL) Squad/Controls/Qwertz/TOGGLE_SPACENAV_FLIGHT_CONTROL
[LOG 11:37:38.473] Config(TOGGLE_SPACENAV_ROLL_LOCK) Squad/Controls/Qwertz/TOGGLE_SPACENAV_ROLL_LOCK
[LOG 11:37:38.473] Config(WHEEL_STEER_LEFT) Squad/Controls/Qwertz/WHEEL_STEER_LEFT
[LOG 11:37:38.473] Config(WHEEL_STEER_RIGHT) Squad/Controls/Qwertz/WHEEL_STEER_RIGHT
[LOG 11:37:38.473] Config(WHEEL_THROTTLE_DOWN) Squad/Controls/Qwertz/WHEEL_THROTTLE_DOWN
[LOG 11:37:38.473] Config(WHEEL_THROTTLE_UP) Squad/Controls/Qwertz/WHEEL_THROTTLE_UP
[LOG 11:37:38.473] Config(EVA_forward) Squad/Controls/Qwertz/EVA_forward
[LOG 11:37:38.473] Config(EVA_back) Squad/Controls/Qwertz/EVA_back
[LOG 11:37:38.473] Config(EVA_left) Squad/Controls/Qwertz/EVA_left
[LOG 11:37:38.473] Config(EVA_right) Squad/Controls/Qwertz/EVA_right
[LOG 11:37:38.473] Config(EVA_yaw_left) Squad/Controls/Qwertz/EVA_yaw_left
[LOG 11:37:38.473] Config(EVA_yaw_right) Squad/Controls/Qwertz/EVA_yaw_right
[LOG 11:37:38.473] Config(EVA_Pack_forward) Squad/Controls/Qwertz/EVA_Pack_forward
[LOG 11:37:38.473] Config(EVA_Pack_back) Squad/Controls/Qwertz/EVA_Pack_back
[LOG 11:37:38.473] Config(EVA_Pack_left) Squad/Controls/Qwertz/EVA_Pack_left
[LOG 11:37:38.473] Config(EVA_Pack_right) Squad/Controls/Qwertz/EVA_Pack_right
[LOG 11:37:38.473] Config(EVA_Pack_up) Squad/Controls/Qwertz/EVA_Pack_up
[LOG 11:37:38.473] Config(EVA_Pack_down) Squad/Controls/Qwertz/EVA_Pack_down
[LOG 11:37:38.473] Config(EVA_Jump) Squad/Controls/Qwertz/EVA_Jump
[LOG 11:37:38.473] Config(EVA_Run) Squad/Controls/Qwertz/EVA_Run
[LOG 11:37:38.474] Config(EVA_ToggleMovementMode) Squad/Controls/Qwertz/EVA_ToggleMovementMode
[LOG 11:37:38.474] Config(EVA_TogglePack) Squad/Controls/Qwertz/EVA_TogglePack
[LOG 11:37:38.474] Config(EVA_Use) Squad/Controls/Qwertz/EVA_Use
[LOG 11:37:38.474] Config(EVA_Board) Squad/Controls/Qwertz/EVA_Board
[LOG 11:37:38.474] Config(EVA_Orient) Squad/Controls/Qwertz/EVA_Orient
[LOG 11:37:38.474] Config(EVA_Lights) Squad/Controls/Qwertz/EVA_Lights
[LOG 11:37:38.474] Config(Editor_pitchUp) Squad/Controls/Qwertz/Editor_pitchUp
[LOG 11:37:38.474] Config(Editor_pitchDown) Squad/Controls/Qwertz/Editor_pitchDown
[LOG 11:37:38.474] Config(Editor_yawLeft) Squad/Controls/Qwertz/Editor_yawLeft
[LOG 11:37:38.474] Config(Editor_yawRight) Squad/Controls/Qwertz/Editor_yawRight
[LOG 11:37:38.474] Config(Editor_rollLeft) Squad/Controls/Qwertz/Editor_rollLeft
[LOG 11:37:38.474] Config(Editor_rollRight) Squad/Controls/Qwertz/Editor_rollRight
[LOG 11:37:38.474] Config(Editor_resetRotation) Squad/Controls/Qwertz/Editor_resetRotation
[LOG 11:37:38.474] Config(Editor_modePlace) Squad/Controls/Qwertz/Editor_modePlace
[LOG 11:37:38.474] Config(Editor_modeOffset) Squad/Controls/Qwertz/Editor_modeOffset
[LOG 11:37:38.474] Config(Editor_modeRotate) Squad/Controls/Qwertz/Editor_modeRotate
[LOG 11:37:38.474] Config(Editor_modeRoot) Squad/Controls/Qwertz/Editor_modeRoot
[LOG 11:37:38.474] Config(Editor_coordSystem) Squad/Controls/Qwertz/Editor_coordSystem
[LOG 11:37:38.474] Config(Editor_toggleSymMethod) Squad/Controls/Qwertz/Editor_toggleSymMethod
[LOG 11:37:38.474] Config(Editor_toggleSymMode) Squad/Controls/Qwertz/Editor_toggleSymMode
[LOG 11:37:38.474] Config(Editor_toggleAngleSnap) Squad/Controls/Qwertz/Editor_toggleAngleSnap
[LOG 11:37:38.474] Config(Editor_fineTweak) Squad/Controls/Qwertz/Editor_fineTweak
[LOG 11:37:38.474] Config(Editor_partSearch) Squad/Controls/Qwertz/Editor_partSearch
[LOG 11:37:38.474] Config(Editor_zoomScrollModifier) Squad/Controls/Qwertz/Editor_zoomScrollModifier
[LOG 11:37:38.474] Config(MODIFIER_KEY) Squad/Controls/Qwertz/MODIFIER_KEY
[LOG 11:37:38.474] Config(AbortActionGroup) Squad/Controls/Qwertz/AbortActionGroup
[LOG 11:37:38.474] Config(CustomActionGroup1) Squad/Controls/Qwertz/CustomActionGroup1
[LOG 11:37:38.474] Config(CustomActionGroup2) Squad/Controls/Qwertz/CustomActionGroup2
[LOG 11:37:38.474] Config(CustomActionGroup3) Squad/Controls/Qwertz/CustomActionGroup3
[LOG 11:37:38.474] Config(CustomActionGroup4) Squad/Controls/Qwertz/CustomActionGroup4
[LOG 11:37:38.474] Config(CustomActionGroup5) Squad/Controls/Qwertz/CustomActionGroup5
[LOG 11:37:38.474] Config(CustomActionGroup6) Squad/Controls/Qwertz/CustomActionGroup6
[LOG 11:37:38.474] Config(CustomActionGroup7) Squad/Controls/Qwertz/CustomActionGroup7
[LOG 11:37:38.474] Config(CustomActionGroup8) Squad/Controls/Qwertz/CustomActionGroup8
[LOG 11:37:38.474] Config(CustomActionGroup9) Squad/Controls/Qwertz/CustomActionGroup9
[LOG 11:37:38.474] Config(CustomActionGroup10) Squad/Controls/Qwertz/CustomActionGroup10
[LOG 11:37:38.474] Config(KEY_MAP) Squad/Controls/Qwertz/KEY_MAP
[LOG 11:37:38.474] Config(EXPERIENCE_TRAIT) Squad/Experience/Traits/Pilot
[LOG 11:37:38.474] Config(EXPERIENCE_TRAIT) Squad/Experience/Traits/Engineer
[LOG 11:37:38.474] Config(EXPERIENCE_TRAIT) Squad/Experience/Traits/Scientist
[LOG 11:37:38.474] Config(EXPERIENCE_TRAIT) Squad/Experience/Traits/Tourist
[LOG 11:37:38.474] Config(Localization) Squad/Localization/dictionary/Localization
[LOG 11:37:38.475] Config(MISSIONPACK) Squad/Missions/MissionPacks/squad_ESA
[LOG 11:37:38.475] Config(VARIANTTHEME) Squad/Parts/VariantThemes/White
[LOG 11:37:38.475] Config(VARIANTTHEME) Squad/Parts/VariantThemes/BlackAndWhite
[LOG 11:37:38.475] Config(VARIANTTHEME) Squad/Parts/VariantThemes/GrayAndOrange
[LOG 11:37:38.475] Config(VARIANTTHEME) Squad/Parts/VariantThemes/Dark
[LOG 11:37:38.475] Config(VARIANTTHEME) Squad/Parts/VariantThemes/Gray
[LOG 11:37:38.475] Config(VARIANTTHEME) Squad/Parts/VariantThemes/Orange
[LOG 11:37:38.475] Config(VARIANTTHEME) Squad/Parts/VariantThemes/Gold
[LOG 11:37:38.475] Config(VARIANTTHEME) Squad/Parts/VariantThemes/Bare
[LOG 11:37:38.475] Config(VARIANTTHEME) Squad/Parts/VariantThemes/Shroud
[LOG 11:37:38.475] Config(VARIANTTHEME) Squad/Parts/VariantThemes/GrayAndWhite
[LOG 11:37:38.475] Config(VARIANTTHEME) Squad/Parts/VariantThemes/YellowAndWhite
[LOG 11:37:38.475] Config(VARIANTTHEME) Squad/Parts/VariantThemes/Silver
[LOG 11:37:38.475] Config(VARIANTTHEME) Squad/Parts/VariantThemes/Gray with Stripes
[LOG 11:37:38.475] Config(PART) Squad/Parts/Aero/aerodynamicNoseCone/aerodynamicNoseCone/noseCone
[LOG 11:37:38.475] Config(PART) Squad/Parts/Aero/airbrake/Airbrake/airbrake1
[LOG 11:37:38.475] Config(PART) Squad/Parts/Aero/airIntakeRadialXM-G50/airIntakeRadialXM-G50/airScoop
[LOG 11:37:38.475] Config(PART) Squad/Parts/Aero/airlinerWings/ControlSurface/airlinerCtrlSrf
[LOG 11:37:38.475] Config(PART) Squad/Parts/Aero/airlinerWings/MainWing/airlinerMainWing
[LOG 11:37:38.475] Config(PART) Squad/Parts/Aero/airlinerWings/TailFin/airlinerTailFin
[LOG 11:37:38.475] Config(PART) Squad/Parts/Aero/airplaneFins/advancedCanard/AdvancedCanard
[LOG 11:37:38.475] Config(PART) Squad/Parts/Aero/airplaneFins/standardCanard/CanardController
[LOG 11:37:38.475] Config(PART) Squad/Parts/Aero/airplaneFins/sweptWing/sweptWing
[LOG 11:37:38.475] Config(PART) Squad/Parts/Aero/airplaneFins/tailfin/tailfin
[LOG 11:37:38.475] Config(PART) Squad/Parts/Aero/basicFin/basicFin/basicFin
[LOG 11:37:38.475] Config(PART) Squad/Parts/Aero/circularIntake/circularIntake/CircularIntake
[LOG 11:37:38.475] Config(PART) Squad/Parts/Aero/circularIntake/intakeShockCone/shockConeIntake
[LOG 11:37:38.475] Config(PART) Squad/Parts/Aero/cones/avionicsNoseCone/avionicsNoseCone
[LOG 11:37:38.475] Config(PART) Squad/Parts/Aero/cones/ConeA/pointyNoseConeA
[LOG 11:37:38.475] Config(PART) Squad/Parts/Aero/cones/ConeB/pointyNoseConeB
[LOG 11:37:38.475] Config(PART) Squad/Parts/Aero/cones/noseConeAdapter/noseConeAdapter
[LOG 11:37:38.475] Config(PART) Squad/Parts/Aero/cones/protectiveRocketNoseMk7_v2/rocketNoseCone_v2
[LOG 11:37:38.475] Config(PART) Squad/Parts/Aero/cones/protectiveRocketNoseMk7_v3/rocketNoseCone_v3
[LOG 11:37:38.475] Config(PART) Squad/Parts/Aero/cones/rocketNoseCone_size3/rocketNoseConeSize3
[LOG 11:37:38.475] Config(PART) Squad/Parts/Aero/cones/smallNoseCone/standardNoseCone
[LOG 11:37:38.475] Config(PART) Squad/Parts/Aero/cones/tailConnectorA/airplaneTail
[LOG 11:37:38.475] Config(PART) Squad/Parts/Aero/cones/tailConnectorB/airplaneTailB
[LOG 11:37:38.475] Config(PART) Squad/Parts/Aero/fairings/fairingSize1/fairingSize1
[LOG 11:37:38.475] Config(PART) Squad/Parts/Aero/fairings/fairingSize2/fairingSize2
[LOG 11:37:38.475] Config(PART) Squad/Parts/Aero/fairings/fairingSize3/fairingSize3
[LOG 11:37:38.476] Config(PART) Squad/Parts/Aero/HeatShield/HeatShield0/HeatShield0
[LOG 11:37:38.476] Config(PART) Squad/Parts/Aero/HeatShield/HeatShield1/HeatShield1
[LOG 11:37:38.476] Config(PART) Squad/Parts/Aero/HeatShield/HeatShield2/HeatShield2
[LOG 11:37:38.476] Config(PART) Squad/Parts/Aero/HeatShield/HeatShield3/HeatShield3
[LOG 11:37:38.476] Config(PART) Squad/Parts/Aero/InflatableHeatShield/HeatShield/InflatableHeatShield
[LOG 11:37:38.476] Config(PART) Squad/Parts/Aero/intakeRadialLong/intakeRadialLong/IntakeRadialLong
[LOG 11:37:38.476] Config(PART) Squad/Parts/Aero/miniIntake/SmallIntake/miniIntake
[LOG 11:37:38.476] Config(PART) Squad/Parts/Aero/ramAirIntake/ramAirIntake/ramAirIntake
[LOG 11:37:38.476] Config(PART) Squad/Parts/Aero/shuttleWings/delta/wingShuttleDelta
[LOG 11:37:38.476] Config(PART) Squad/Parts/Aero/shuttleWings/elevon1/wingShuttleElevon1
[LOG 11:37:38.476] Config(PART) Squad/Parts/Aero/shuttleWings/elevon2/wingShuttleElevon2
[LOG 11:37:38.476] Config(PART) Squad/Parts/Aero/shuttleWings/rudder/wingShuttleRudder
[LOG 11:37:38.476] Config(PART) Squad/Parts/Aero/shuttleWings/strake/wingShuttleStrake
[LOG 11:37:38.476] Config(PART) Squad/Parts/Aero/wingletAV-R8/wingletAV-R8/R8winglet
[LOG 11:37:38.476] Config(PART) Squad/Parts/Aero/wingletAV-T1/wingletAV-T1/winglet
[LOG 11:37:38.476] Config(PART) Squad/Parts/Aero/wingletDeltaDeluxe/wingletDeltaDeluxe/winglet3
[LOG 11:37:38.476] Config(PART) Squad/Parts/Aero/wings/connector1/wingConnector
[LOG 11:37:38.476] Config(PART) Squad/Parts/Aero/wings/connector2/wingConnector2
[LOG 11:37:38.476] Config(PART) Squad/Parts/Aero/wings/connector3/wingConnector3
[LOG 11:37:38.476] Config(PART) Squad/Parts/Aero/wings/connector4/wingConnector4
[LOG 11:37:38.476] Config(PART) Squad/Parts/Aero/wings/connector5/wingConnector5
[LOG 11:37:38.476] Config(PART) Squad/Parts/Aero/wings/delta/deltaWing
[LOG 11:37:38.476] Config(PART) Squad/Parts/Aero/wings/delta_small/delta_small
[LOG 11:37:38.476] Config(PART) Squad/Parts/Aero/wings/elevon1/StandardCtrlSrf
[LOG 11:37:38.476] Config(PART) Squad/Parts/Aero/wings/elevon2/elevon2
[LOG 11:37:38.476] Config(PART) Squad/Parts/Aero/wings/elevon3/elevon3
[LOG 11:37:38.476] Config(PART) Squad/Parts/Aero/wings/elevon4/smallCtrlSrf
[LOG 11:37:38.476] Config(PART) Squad/Parts/Aero/wings/elevon5/elevon5
[LOG 11:37:38.476] Config(PART) Squad/Parts/Aero/wings/strake/wingStrake
[LOG 11:37:38.476] Config(PART) Squad/Parts/Aero/wings/structural1/structuralWing
[LOG 11:37:38.476] Config(PART) Squad/Parts/Aero/wings/structural2/structuralWing2
[LOG 11:37:38.476] Config(PART) Squad/Parts/Aero/wings/structural3/structuralWing3
[LOG 11:37:38.476] Config(PART) Squad/Parts/Aero/wings/structural4/structuralWing4
[LOG 11:37:38.476] Config(PART) Squad/Parts/Aero/wings/swept1/sweptWing1
[LOG 11:37:38.476] Config(PART) Squad/Parts/Aero/wings/swept2/sweptWing2
[LOG 11:37:38.476] Config(PART) Squad/Parts/Cargo/CargoContainers/cargoContainer/cargoContainer
[LOG 11:37:38.476] Config(PART) Squad/Parts/Cargo/CargoContainers/smallCargoContainer/smallCargoContainer
[LOG 11:37:38.476] Config(PART) Squad/Parts/Cargo/Cylinder/Cylinder/evaCylinder
[LOG 11:37:38.476] Config(PART) Squad/Parts/Cargo/GroundAnchor/groundAnchor/groundAnchor
[LOG 11:37:38.476] Config(PART) Squad/Parts/Cargo/Jetpack/Jetpack/evaJetpack
[LOG 11:37:38.477] Config(PART) Squad/Parts/Cargo/Parachute/Parachute/evaChute
[LOG 11:37:38.477] Config(PART) Squad/Parts/Cargo/RepairKit/RepairKit/evaRepairKit
[LOG 11:37:38.477] Config(PART) Squad/Parts/Cargo/ScienceKit/evaScienceKit/evaScienceKit
[LOG 11:37:38.477] Config(PART) Squad/Parts/Cargo/StorageUnits/CargoStorageUnit/CargoStorageUnit
[LOG 11:37:38.477] Config(PART) Squad/Parts/Cargo/StorageUnits/ConformalStorageUnit/ConformalStorageUnit
[LOG 11:37:38.477] Config(PART) Squad/Parts/Command/advancedSasModuleLarge/advSasModuleLarge/asasmodule1-2
[LOG 11:37:38.477] Config(PART) Squad/Parts/Command/cupola/cupola/cupola
[LOG 11:37:38.477] Config(PART) Squad/Parts/Command/externalCommandSeat/externalCommandSeat/seatExternalCmd
[LOG 11:37:38.477] Config(PART) Squad/Parts/Command/hitchhikerStorageContainer/hitchikerStorageContainer/crewCabin
[LOG 11:37:38.477] Config(PART) Squad/Parts/Command/inlineAdvancedStabilizer/inlineAdvancedStabilizer/advSasModule
[LOG 11:37:38.477] Config(PART) Squad/Parts/Command/inlineReactionWheel/inlineReactionWheel/sasModule
[LOG 11:37:38.477] Config(PART) Squad/Parts/Command/Mk1-3Pod/mk1-3/mk1-3pod
[LOG 11:37:38.477] Config(PART) Squad/Parts/Command/mk1Cockpits/mk1Cockpit/Mark1Cockpit
[LOG 11:37:38.477] Config(PART) Squad/Parts/Command/mk1Cockpits/mk1CrewCabin/MK1CrewCabin
[LOG 11:37:38.477] Config(PART) Squad/Parts/Command/mk1Cockpits/mk1InlineCockpit/Mark2Cockpit
[LOG 11:37:38.477] Config(PART) Squad/Parts/Command/mk1LanderCan/mk1LanderCan/landerCabinSmall
[LOG 11:37:38.477] Config(PART) Squad/Parts/Command/mk1pod_v2/mk1Pod_v2/mk1pod_v2
[LOG 11:37:38.477] Config(PART) Squad/Parts/Command/mk2CockpitInline/mk2CockpitInline/mk2Cockpit_Inline
[LOG 11:37:38.477] Config(PART) Squad/Parts/Command/mk2CockpitStandard/mk2CockpitStandard/mk2Cockpit_Standard
[LOG 11:37:38.477] Config(PART) Squad/Parts/Command/mk2DroneCore/mk2Dronecore/mk2DroneCore
[LOG 11:37:38.477] Config(PART) Squad/Parts/Command/mk2LanderCan/mk2LanderCan/mk2LanderCabin
[LOG 11:37:38.477] Config(PART) Squad/Parts/Command/mk2LanderCan_v2/mk2LanderCan_v2/mk2LanderCabin_v2
[LOG 11:37:38.477] Config(PART) Squad/Parts/Command/mk3CockpitShuttle/mk3CockpitShuttle/mk3Cockpit_Shuttle
[LOG 11:37:38.477] Config(PART) Squad/Parts/Command/MpoProbe/MpoProbe/MpoProbe
[LOG 11:37:38.477] Config(PART) Squad/Parts/Command/MtmStage/MTM_Stage/MtmStage
[LOG 11:37:38.477] Config(PART) Squad/Parts/Command/probeCoreCube/probeCoreCube/probeCoreCube
[LOG 11:37:38.477] Config(PART) Squad/Parts/Command/probeCoreHex/probeCoreHex/probeCoreHex
[LOG 11:37:38.477] Config(PART) Squad/Parts/Command/probeCoreHex_v2/probeCoreHex_v2/probeCoreHex_v2
[LOG 11:37:38.477] Config(PART) Squad/Parts/Command/probeCoreOcto2_v2/probeCoreOcto2_v2/probeCoreOcto2_v2
[LOG 11:37:38.477] Config(PART) Squad/Parts/Command/probeCoreOcto_v2/probeCoreOcto_v2/probeCoreOcto_v2
[LOG 11:37:38.477] Config(PART) Squad/Parts/Command/probeRoverBody/probeRoverBody/roverBody
[LOG 11:37:38.477] Config(PART) Squad/Parts/Command/probeRoverBody_v2/probeRoverBody_v2/roverBody_v2
[LOG 11:37:38.477] Config(PART) Squad/Parts/Command/probeStackLarge/probeStackLarge/probeStackLarge
[LOG 11:37:38.477] Config(PART) Squad/Parts/Command/probeStackSmall/probeStackSmall/probeStackSmall
[LOG 11:37:38.477] Config(PART) Squad/Parts/Command/probeStackSphere_v2/probeStackSphere_v2/probeCoreSphere_v2
[LOG 11:37:38.477] Config(PART) Squad/Parts/CompoundParts/FuelLine/fuelLine/fuelLine
[LOG 11:37:38.477] Config(PART) Squad/Parts/CompoundParts/strutConnector/strutConnector/strutConnector
[LOG 11:37:38.477] Config(PART) Squad/Parts/Coupling/Decoupler_0/Decoupler_0
[LOG 11:37:38.478] Config(PART) Squad/Parts/Coupling/Decoupler_1/Decoupler_1
[LOG 11:37:38.478] Config(PART) Squad/Parts/Coupling/Decoupler_2/Decoupler_2
[LOG 11:37:38.478] Config(PART) Squad/Parts/Coupling/Decoupler_3/Decoupler_3
[LOG 11:37:38.478] Config(PART) Squad/Parts/Coupling/Separator_0/Separator_0
[LOG 11:37:38.478] Config(PART) Squad/Parts/Coupling/Separator_1/Separator_1
[LOG 11:37:38.478] Config(PART) Squad/Parts/Coupling/Separator_2/Separator_2
[LOG 11:37:38.478] Config(PART) Squad/Parts/Coupling/Separator_3/Separator_3
[LOG 11:37:38.478] Config(PART) Squad/Parts/Electrical/10CSolarPanels/OX-10C/solarPanelOX10C
[LOG 11:37:38.478] Config(PART) Squad/Parts/Electrical/10CSolarPanels/SP-10C/solarPanelSP10C
[LOG 11:37:38.478] Config(PART) Squad/Parts/Electrical/10LSolarPanels/OX-10L/solarPanelOX10L
[LOG 11:37:38.478] Config(PART) Squad/Parts/Electrical/10LSolarPanels/SP-10L/solarPanelSP10L
[LOG 11:37:38.478] Config(PART) Squad/Parts/Electrical/1x6ShroudSolarPanels/1x6ShroudSolarPanels/solarPanels2
[LOG 11:37:38.478] Config(PART) Squad/Parts/Electrical/1x6SolarPanels/1x6SolarPanels/solarPanels4
[LOG 11:37:38.478] Config(PART) Squad/Parts/Electrical/3x2ShroudSolarPanels/3x2ShroudSolarPanels/solarPanels1
[LOG 11:37:38.478] Config(PART) Squad/Parts/Electrical/3x2SolarPanels/3x2SolarPanels/solarPanels3
[LOG 11:37:38.478] Config(PART) Squad/Parts/Electrical/gigantorXlSolarArray/gigantorXlSolarArray/largeSolarPanel
[LOG 11:37:38.478] Config(PART) Squad/Parts/Electrical/radialFlatSolarPanel/radialFlatSolarPanel/solarPanels5
[LOG 11:37:38.478] Config(PART) Squad/Parts/Electrical/RTG/RTG/rtg
[LOG 11:37:38.478] Config(PART) Squad/Parts/Electrical/z-100Battery/z-100Battery/batteryPack
[LOG 11:37:38.478] Config(PART) Squad/Parts/Electrical/z-1kBattery/z-1kBattery/batteryBank
[LOG 11:37:38.478] Config(PART) Squad/Parts/Electrical/z-200Battery/z-200Battery/batteryBankMini
[LOG 11:37:38.478] Config(PART) Squad/Parts/Electrical/z-400Battery/z-400Battery/ksp_r_largeBatteryPack
[LOG 11:37:38.478] Config(PART) Squad/Parts/Electrical/z-4kBattery/z-4kBattery/batteryBankLarge
[LOG 11:37:38.478] Config(PART) Squad/Parts/Engine/ionEngine/ionEngine/ionEngine
[LOG 11:37:38.478] Config(PART) Squad/Parts/Engine/jetEngines/jetEngineAfterburning/turboJet
[LOG 11:37:38.478] Config(PART) Squad/Parts/Engine/jetEngines/jetEngineBasic/JetEngine
[LOG 11:37:38.478] Config(PART) Squad/Parts/Engine/jetEngines/jetEngineBig/turboFanSize2
[LOG 11:37:38.478] Config(PART) Squad/Parts/Engine/jetEngines/jetEngineTurbo/turboFanEngine
[LOG 11:37:38.478] Config(PART) Squad/Parts/Engine/liquidEngine24-77/liquidEngine24-77/smallRadialEngine
[LOG 11:37:38.478] Config(PART) Squad/Parts/Engine/liquidEngine24-77_v2/liquidEngine24-77_v2/smallRadialEngine_v2
[LOG 11:37:38.478] Config(PART) Squad/Parts/Engine/liquidEngine48-7S_v2/liquidEngine48-7S_v2/liquidEngineMini_v2
[LOG 11:37:38.478] Config(PART) Squad/Parts/Engine/liquidEngineAerospike/liquidEngineAerospike/toroidalAerospike
[LOG 11:37:38.479] Config(PART) Squad/Parts/Engine/liquidEngineLV-1_v2/liquidEngineLV-1R _v2/radialEngineMini_v2
[LOG 11:37:38.479] Config(PART) Squad/Parts/Engine/liquidEngineLV-1_v2/liquidEngineLV-1_v2/microEngine_v2
[LOG 11:37:38.479] Config(PART) Squad/Parts/Engine/liquidEngineLV-909_v2/liquidEngineLV-909_v2/liquidEngine3_v2
[LOG 11:37:38.479] Config(PART) Squad/Parts/Engine/liquidEngineLV-N/liquidEngineLV-N/nuclearEngine
[LOG 11:37:38.479] Config(PART) Squad/Parts/Engine/liquidEngineLV-T30/liquidEngineLV-T30/liquidEngine
[LOG 11:37:38.479] Config(PART) Squad/Parts/Engine/liquidEngineLV-T30_v2/liquidEngineLV-T30_v2/liquidEngine_v2
[LOG 11:37:38.479] Config(PART) Squad/Parts/Engine/liquidEngineLV-T45/liquidEngineLV-T45/liquidEngine2
[LOG 11:37:38.479] Config(PART) Squad/Parts/Engine/liquidEngineLV-T45_v2/liquidEngineLV-T45_v2/liquidEngine2_v2
[LOG 11:37:38.479] Config(PART) Squad/Parts/Engine/liquidEngineMainsail_v2/liquidEngineMainsail_v2/liquidEngineMainsail_v2
[LOG 11:37:38.479] Config(PART) Squad/Parts/Engine/liquidEngineMk55/liquidEngineMk55/radialLiquidEngine1-2
[LOG 11:37:38.479] Config(PART) Squad/Parts/Engine/liquidEnginePoodle_v2/liquidEnginePoodle_v2/liquidEngine2-2_v2
[LOG 11:37:38.479] Config(PART) Squad/Parts/Engine/liquidEngineSkipper_v2/skipperLiquidEngine_v2/engineLargeSkipper_v2
[LOG 11:37:38.479] Config(PART) Squad/Parts/Engine/liquidEngineSSME/SSME/SSME
[LOG 11:37:38.479] Config(PART) Squad/Parts/Engine/MassiveSRB/part/MassiveBooster
[LOG 11:37:38.479] Config(PART) Squad/Parts/Engine/miniJet/SmallJetEngine/miniJetEngine
[LOG 11:37:38.479] Config(PART) Squad/Parts/Engine/OMSEngine/omsEngine/omsEngine
[LOG 11:37:38.479] Config(PART) Squad/Parts/Engine/rapierEngine/rapierEngine/RAPIER
[LOG 11:37:38.479] Config(PART) Squad/Parts/Engine/Size1_SRBs/solidBoosterRT-10_v2/solidBooster_v2
[LOG 11:37:38.479] Config(PART) Squad/Parts/Engine/Size1_SRBs/solidBoosterRT-5_v2/solidBooster_sm_v2
[LOG 11:37:38.479] Config(PART) Squad/Parts/Engine/Size2LFB/part/Size2LFB
[LOG 11:37:38.479] Config(PART) Squad/Parts/Engine/Size2LFB_v2/part/Size2LFB_v2
[LOG 11:37:38.479] Config(PART) Squad/Parts/Engine/Size3AdvancedEngine/part/Size3AdvancedEngine
[LOG 11:37:38.479] Config(PART) Squad/Parts/Engine/Size3EngineCluster/part/Size3EngineCluster
[LOG 11:37:38.479] Config(PART) Squad/Parts/Engine/solidBoosterBACC/solidBoosterBACC/solidBooster1-1
[LOG 11:37:38.479] Config(PART) Squad/Parts/Engine/solidBoosterS2-17/solidBoosterS2-17/Thoroughbred
[LOG 11:37:38.479] Config(PART) Squad/Parts/Engine/solidBoosterS2-33/solidBoosterS2-33/Clydesdale
[LOG 11:37:38.479] Config(PART) Squad/Parts/Engine/solidBoosterSep/solidBoosterSep/sepMotor1
[LOG 11:37:38.479] Config(PART) Squad/Parts/Engine/SolidBoostersF/SolidBoosterF3S0/Shrimp
[LOG 11:37:38.479] Config(PART) Squad/Parts/Engine/SolidBoostersF/SolidBoosterFM1/Mite
[LOG 11:37:38.479] Config(PART) Squad/Parts/FuelTank/adapterTanks/Mk3-Mk2/adapterMk3-Mk2
[LOG 11:37:38.479] Config(PART) Squad/Parts/FuelTank/adapterTanks/Mk3-ShuttleAdapter/adapterEngines
[LOG 11:37:38.479] Config(PART) Squad/Parts/FuelTank/adapterTanks/Mk3-Size2/adapterMk3-Size2
[LOG 11:37:38.479] Config(PART) Squad/Parts/FuelTank/adapterTanks/Mk3-Size2Slant/adapterMk3-Size2Slant
[LOG 11:37:38.479] Config(PART) Squad/Parts/FuelTank/adapterTanks/Size2-Mk2/adapterSize2-Mk2
[LOG 11:37:38.479] Config(PART) Squad/Parts/FuelTank/adapterTanks/Size2-Size1/adapterSize2-Size1
[LOG 11:37:38.479] Config(PART) Squad/Parts/FuelTank/adapterTanks/Size2-Size1Slant/adapterSize2-Size1Slant
[LOG 11:37:38.480] Config(PART) Squad/Parts/FuelTank/adapterTanks/Size3-Mk3/adapterSize3-Mk3
[LOG 11:37:38.480] Config(PART) Squad/Parts/FuelTank/drainTankFTE-1/ReleaseValve/ReleaseValve
[LOG 11:37:38.480] Config(PART) Squad/Parts/FuelTank/FoilTanks/RadialTank_Capsule/externalTankCapsule
[LOG 11:37:38.480] Config(PART) Squad/Parts/FuelTank/FoilTanks/RadialTank_Round/externalTankRound
[LOG 11:37:38.480] Config(PART) Squad/Parts/FuelTank/FoilTanks/ToroidTank/externalTankToroid
[LOG 11:37:38.480] Config(PART) Squad/Parts/FuelTank/fuelTankOscarB/fuelTankOscarB/miniFuelTank
[LOG 11:37:38.480] Config(PART) Squad/Parts/FuelTank/miniFuselage/miniFuselage/miniFuselage
[LOG 11:37:38.480] Config(PART) Squad/Parts/FuelTank/mk2Adapters/bicoupler/mk2_1m_Bicoupler
[LOG 11:37:38.480] Config(PART) Squad/Parts/FuelTank/mk2Adapters/long/mk2_1m_AdapterLong
[LOG 11:37:38.480] Config(PART) Squad/Parts/FuelTank/mk2Adapters/standard/mk2SpacePlaneAdapter
[LOG 11:37:38.480] Config(PART) Squad/Parts/FuelTank/mk2FuselageLong/LFO_long/mk2FuselageLongLFO
[LOG 11:37:38.480] Config(PART) Squad/Parts/FuelTank/mk2FuselageLong/L_long/mk2Fuselage
[LOG 11:37:38.480] Config(PART) Squad/Parts/FuelTank/mk2FuselageShort/LFO_short/mk2FuselageShortLFO
[LOG 11:37:38.480] Config(PART) Squad/Parts/FuelTank/mk2FuselageShort/L_short/mk2FuselageShortLiquid
[LOG 11:37:38.480] Config(PART) Squad/Parts/FuelTank/mk2FuselageShort/Mono_short/mk2FuselageShortMono
[LOG 11:37:38.480] Config(PART) Squad/Parts/FuelTank/mk3Fuselage/CREW/mk3CrewCabin
[LOG 11:37:38.480] Config(PART) Squad/Parts/FuelTank/mk3Fuselage/LFO_100/mk3FuselageLFO_100
[LOG 11:37:38.480] Config(PART) Squad/Parts/FuelTank/mk3Fuselage/LFO_25/mk3FuselageLFO_25
[LOG 11:37:38.480] Config(PART) Squad/Parts/FuelTank/mk3Fuselage/LFO_50/mk3FuselageLFO_50
[LOG 11:37:38.480] Config(PART) Squad/Parts/FuelTank/mk3Fuselage/LF_100/mk3FuselageLF_100
[LOG 11:37:38.480] Config(PART) Squad/Parts/FuelTank/mk3Fuselage/LF_25/mk3FuselageLF_25
[LOG 11:37:38.480] Config(PART) Squad/Parts/FuelTank/mk3Fuselage/LF_50/mk3FuselageLF_50
[LOG 11:37:38.480] Config(PART) Squad/Parts/FuelTank/mk3Fuselage/MONO/mk3FuselageMONO
[LOG 11:37:38.480] Config(PART) Squad/Parts/FuelTank/RCSFuelTankR1/RCSFuelTankR1/RCSTank1-2
[LOG 11:37:38.480] Config(PART) Squad/Parts/FuelTank/RCSFuelTankR10/RCSFuelTankR10/rcsTankMini
[LOG 11:37:38.480] Config(PART) Squad/Parts/FuelTank/RCSFuelTankR25/RCSFuelTankR25/RCSFuelTank
[LOG 11:37:38.480] Config(PART) Squad/Parts/FuelTank/RCSTankRadial/radialRCSTank/radialRCSTank
[LOG 11:37:38.480] Config(PART) Squad/Parts/FuelTank/RCStankRadialLong/RCSTankRadialLong/rcsTankRadialLong
[LOG 11:37:38.480] Config(PART) Squad/Parts/FuelTank/RockomaxTanks/Rockomax16/Rockomax16_BW
[LOG 11:37:38.480] Config(PART) Squad/Parts/FuelTank/RockomaxTanks/Rockomax32/Rockomax32_BW
[LOG 11:37:38.480] Config(PART) Squad/Parts/FuelTank/RockomaxTanks/Rockomax64/Rockomax64_BW
[LOG 11:37:38.480] Config(PART) Squad/Parts/FuelTank/RockomaxTanks/Rockomax8/Rockomax8BW
[LOG 11:37:38.480] Config(PART) Squad/Parts/FuelTank/Size1_Tanks/fuelTankT100/fuelTankSmallFlat
[LOG 11:37:38.480] Config(PART) Squad/Parts/FuelTank/Size1_Tanks/fuelTankT200/fuelTankSmall
[LOG 11:37:38.480] Config(PART) Squad/Parts/FuelTank/Size1_Tanks/fuelTankT400/fuelTank
[LOG 11:37:38.480] Config(PART) Squad/Parts/FuelTank/Size1_Tanks/fuelTankT800/fuelTank_long
[LOG 11:37:38.480] Config(PART) Squad/Parts/FuelTank/Size3Tanks/large/Size3LargeTank
[LOG 11:37:38.480] Config(PART) Squad/Parts/FuelTank/Size3Tanks/medium/Size3MediumTank
[LOG 11:37:38.480] Config(PART) Squad/Parts/FuelTank/Size3Tanks/small/Size3SmallTank
[LOG 11:37:38.480] Config(PART) Squad/Parts/FuelTank/xenonTank/xenonTank/xenonTank
[LOG 11:37:38.480] Config(PART) Squad/Parts/FuelTank/xenonTankLarge/xenonTankLarge/xenonTankLarge
[LOG 11:37:38.480] Config(PART) Squad/Parts/FuelTank/xenonTankRadial/xenonTankRadial/xenonTankRadial
[LOG 11:37:38.480] Config(PART) Squad/Parts/Misc/AsteroidDay/CamSat/InfraredTelescope
[LOG 11:37:38.480] Config(PART) Squad/Parts/Misc/AsteroidDay/HECS2/HECS2_ProbeCore
[LOG 11:37:38.480] Config(PART) Squad/Parts/Misc/AsteroidDay/HighGainAntenna/HighGainAntenna
[LOG 11:37:38.480] Config(PART) Squad/Parts/Misc/AsteroidDay/LgRadialSolar/LgRadialSolarPanel
[LOG 11:37:38.480] Config(PART) Squad/Parts/Misc/PotatoComet/part/PotatoComet
[LOG 11:37:38.480] Config(PART) Squad/Parts/Misc/PotatoRoid/part/PotatoRoid
[LOG 11:37:38.480] Config(PART) Squad/Parts/Prebuilt/flag/flag
[LOG 11:37:38.480] Config(PART) Squad/Parts/Prebuilt/kerbalEVA/kerbalEVA
[LOG 11:37:38.481] Config(PART) Squad/Parts/Prebuilt/kerbalEVAfemale/kerbalEVAfemale
[LOG 11:37:38.481] Config(PART) Squad/Parts/Prebuilt/kerbalEVASlimSuit/kerbalEVASlimSuit
[LOG 11:37:38.481] Config(PART) Squad/Parts/Prebuilt/kerbalEVASlimSuitFemale/kerbalEVASlimSuitFemale
[LOG 11:37:38.481] Config(PART) Squad/Parts/Resources/FuelCell/FuelCell/FuelCell
[LOG 11:37:38.481] Config(PART) Squad/Parts/Resources/FuelCell/FuelCellArray/FuelCellArray
[LOG 11:37:38.481] Config(PART) Squad/Parts/Resources/ISRU/ISRU/ISRU
[LOG 11:37:38.481] Config(PART) Squad/Parts/Resources/LargeTank/LargeTank/LargeTank
[LOG 11:37:38.481] Config(PART) Squad/Parts/Resources/MiniDrill/MiniDrill/MiniDrill
[LOG 11:37:38.481] Config(PART) Squad/Parts/Resources/MiniISRU/MiniISRU/MiniISRU
[LOG 11:37:38.481] Config(PART) Squad/Parts/Resources/OrbitalScanner/OrbitalScanner/OrbitalScanner
[LOG 11:37:38.481] Config(PART) Squad/Parts/Resources/RadialDrill/RadialDrill/RadialDrill
[LOG 11:37:38.481] Config(PART) Squad/Parts/Resources/RadialTank/RadialTank/RadialOreTank
[LOG 11:37:38.481] Config(PART) Squad/Parts/Resources/SmallTank/SmallTank/SmallTank
[LOG 11:37:38.481] Config(PART) Squad/Parts/Resources/SurfaceScanner/SurfaceScanner/SurfaceScanner
[LOG 11:37:38.481] Config(PART) Squad/Parts/Resources/SurveyScanner/SurveyScanner/SurveyScanner
[LOG 11:37:38.481] Config(PART) Squad/Parts/Science/AtmosphereSensor/sensorAtmosphere/sensorAtmosphere
[LOG 11:37:38.481] Config(PART) Squad/Parts/Science/GooExperiment/gooExperiment/GooExperiment
[LOG 11:37:38.481] Config(PART) Squad/Parts/Science/LargeCrewedLab/largeCrewedLab/Large_Crewed_Lab
[LOG 11:37:38.481] Config(PART) Squad/Parts/Science/Magnetometer/Magnetometer/Magnetometer
[LOG 11:37:38.481] Config(PART) Squad/Parts/Science/MaterialBay/materialBay/science_module
[LOG 11:37:38.481] Config(PART) Squad/Parts/Science/ScienceBox/ScienceBox/ScienceBox
[LOG 11:37:38.481] Config(PART) Squad/Parts/Science/sensorAccelerometer/sensorAccelerometer/sensorAccelerometer
[LOG 11:37:38.481] Config(PART) Squad/Parts/Science/sensorBarometer/sensorBarometer/sensorBarometer
[LOG 11:37:38.481] Config(PART) Squad/Parts/Science/sensorGravimeter/sensorGravimeter/sensorGravimeter
[LOG 11:37:38.481] Config(PART) Squad/Parts/Science/sensorThermometer/sensorThermometer/sensorThermometer
[LOG 11:37:38.481] Config(PART) Squad/Parts/Structural/FLAdapters/adapterSmallMiniShort/adapterSmallMiniShort
[LOG 11:37:38.481] Config(PART) Squad/Parts/Structural/FLAdapters/adapterSmallMiniTall/adapterSmallMiniTall
[LOG 11:37:38.482] Config(PART) Squad/Parts/Structural/mk1Parts/engineBodyRadial/radialEngineBody
[LOG 11:37:38.482] Config(PART) Squad/Parts/Structural/mk1Parts/engineNacelle/nacelleBody
[LOG 11:37:38.482] Config(PART) Squad/Parts/Structural/mk1Parts/mk1Fuselage/MK1Fuselage
[LOG 11:37:38.482] Config(PART) Squad/Parts/Structural/mk1Parts/mk1FuselageIntake/MK1IntakeFuselage
[LOG 11:37:38.482] Config(PART) Squad/Parts/Structural/mk1Parts/mk1Structural/Mk1FuselageStructural
[LOG 11:37:38.482] Config(PART) Squad/Parts/Structural/Size3To2Adapter_v2/Size2to3_v2/Size3To2Adapter_v2
[LOG 11:37:38.482] Config(PART) Squad/Parts/Structural/stackAdapters/adapterLargeSmallBi/adapterLargeSmallBi
[LOG 11:37:38.482] Config(PART) Squad/Parts/Structural/stackAdapters/adapterLargeSmallQuad/adapterLargeSmallQuad
[LOG 11:37:38.482] Config(PART) Squad/Parts/Structural/stackAdapters/adapterLargeSmallTri/adapterLargeSmallTri
[LOG 11:37:38.482] Config(PART) Squad/Parts/Structural/stationHub/stationHub/stationHub
[LOG 11:37:38.482] Config(PART) Squad/Parts/Structural/structuralIBeam200/structuralIBeam200/structuralIBeam2
[LOG 11:37:38.482] Config(PART) Squad/Parts/Structural/structuralIBeam200Pocket/structuralIBeam200Pocket/structuralIBeam3
[LOG 11:37:38.482] Config(PART) Squad/Parts/Structural/structuralIBeam650/structuralIBeam650/structuralIBeam1
[LOG 11:37:38.482] Config(PART) Squad/Parts/Structural/structuralMicronode/structuralMicronode/structuralMiniNode
[LOG 11:37:38.482] Config(PART) Squad/Parts/Structural/structuralPanel1x1/structuralPanel1x1/structuralPanel1
[LOG 11:37:38.482] Config(PART) Squad/Parts/Structural/structuralPanel2x2/structuralPanel2x2/structuralPanel2
[LOG 11:37:38.482] Config(PART) Squad/Parts/Structural/structuralPylons/smallHardpoint/smallHardpoint
[LOG 11:37:38.482] Config(PART) Squad/Parts/Structural/structuralPylons/structuralPylon/structuralPylon
[LOG 11:37:38.482] Config(PART) Squad/Parts/Structural/strutCubicOcto/strutCubicOcto/strutCube
[LOG 11:37:38.482] Config(PART) Squad/Parts/Structural/strutOcto/strutOcto/strutOcto
[LOG 11:37:38.482] Config(PART) Squad/Parts/Structural/trussGirderAdapter/trussGirderAdapter/trussAdapter
[LOG 11:37:38.482] Config(PART) Squad/Parts/Structural/trussGirderL/trussGirderL/trussPiece1x
[LOG 11:37:38.482] Config(PART) Squad/Parts/Structural/trussGirderXL/trussGirderXL/trussPiece3x
[LOG 11:37:38.482] Config(PART) Squad/Parts/Thermal/FoldingRadiators/foldingRadLarge/foldingRadLarge
[LOG 11:37:38.482] Config(PART) Squad/Parts/Thermal/FoldingRadiators/foldingRadMed/foldingRadMed
[LOG 11:37:38.482] Config(PART) Squad/Parts/Thermal/FoldingRadiators/foldingRadSmall/foldingRadSmall
[LOG 11:37:38.482] Config(PART) Squad/Parts/Thermal/RadiatorPanels/radPanelEdge/radPanelEdge
[LOG 11:37:38.482] Config(PART) Squad/Parts/Thermal/RadiatorPanels/radPanelLg/radPanelLg
[LOG 11:37:38.482] Config(PART) Squad/Parts/Thermal/RadiatorPanels/radPanelSm/radPanelSm
[LOG 11:37:38.482] Config(PART) Squad/Parts/Utility/commDish88-88/commDish88-88/commDish
[LOG 11:37:38.482] Config(PART) Squad/Parts/Utility/commsAntennaDTS-M1/commsAntennaDTS-M1/mediumDishAntenna
[LOG 11:37:38.482] Config(PART) Squad/Parts/Utility/commsDish16/commsAntenna16/longAntenna
[LOG 11:37:38.482] Config(PART) Squad/Parts/Utility/decouplerRadialHDM/decouplerRadialHDM/radialDecoupler1-2
[LOG 11:37:38.482] Config(PART) Squad/Parts/Utility/decouplerRadialTT-38K/decouplerRadialTT-38K/radialDecoupler
[LOG 11:37:38.482] Config(PART) Squad/Parts/Utility/decouplerRadialTT-70/decouplerRadialTT-70/radialDecoupler2
[LOG 11:37:38.482] Config(PART) Squad/Parts/Utility/DirectAntennas/C16S/SurfAntenna
[LOG 11:37:38.482] Config(PART) Squad/Parts/Utility/DirectAntennas/HG-5/HighGainAntenna5
[LOG 11:37:38.482] Config(PART) Squad/Parts/Utility/DirectAntennas/HG-5_v2/HighGainAntenna5_v2
[LOG 11:37:38.482] Config(PART) Squad/Parts/Utility/dockingPort/dockingPort/dockingPort2
[LOG 11:37:38.482] Config(PART) Squad/Parts/Utility/dockingPortInline/dockingPortInline/dockingPortLateral
[LOG 11:37:38.482] Config(PART) Squad/Parts/Utility/dockingPortJr/dockingPortJr/dockingPort3
[LOG 11:37:38.483] Config(PART) Squad/Parts/Utility/dockingPortShielded/dockingPortShielded/dockingPort1
[LOG 11:37:38.483] Config(PART) Squad/Parts/Utility/dockingPortSr/dockingPortSr/dockingPortLarge
[LOG 11:37:38.483] Config(PART) Squad/Parts/Utility/Fireworks/fireworksLauncherBig/fireworksLauncherBig
[LOG 11:37:38.483] Config(PART) Squad/Parts/Utility/Fireworks/fireworksLauncherSmall/fireworksLauncherSmall
[LOG 11:37:38.483] Config(PART) Squad/Parts/Utility/flags/flagFlat/flagFlat/flagPartFlat
[LOG 11:37:38.483] Config(PART) Squad/Parts/Utility/flags/flagSize0/flagSize0/flagPartSize0
[LOG 11:37:38.483] Config(PART) Squad/Parts/Utility/flags/flagSize1/flagSize1/flagPartSize1
[LOG 11:37:38.483] Config(PART) Squad/Parts/Utility/flags/flagSize2/flagSize2/flagPartSize2
[LOG 11:37:38.483] Config(PART) Squad/Parts/Utility/flags/flagSize3/flagSize3/flagPartSize3
[LOG 11:37:38.483] Config(PART) Squad/Parts/Utility/GrapplingDevice/part/GrapplingDevice
[LOG 11:37:38.483] Config(PART) Squad/Parts/Utility/ladderRadial/ladderRadial/ladder1
[LOG 11:37:38.483] Config(PART) Squad/Parts/Utility/ladderTelescopic/ladderTelescopic/telescopicLadder
[LOG 11:37:38.483] Config(PART) Squad/Parts/Utility/ladderTelescopicBay/ladderTelescopicBay/telescopicLadderBay
[LOG 11:37:38.483] Config(PART) Squad/Parts/Utility/landingLegLT-1/landingLegLT-1/landingLeg1
[LOG 11:37:38.483] Config(PART) Squad/Parts/Utility/landingLegLT-2/landingLegLT-2/landingLeg1-2
[LOG 11:37:38.483] Config(PART) Squad/Parts/Utility/landingLegLT-5/landingLegLT-5/miniLandingLeg
[LOG 11:37:38.483] Config(PART) Squad/Parts/Utility/launchClamp1/launchClamp1/launchClamp1
[LOG 11:37:38.483] Config(PART) Squad/Parts/Utility/launchEscapeSystem/part/LaunchEscapeSystem
[LOG 11:37:38.483] Config(PART) Squad/Parts/Utility/Lights/domeLight1/domeLight1
[LOG 11:37:38.483] Config(PART) Squad/Parts/Utility/Lights/groundLight1/groundLight1
[LOG 11:37:38.483] Config(PART) Squad/Parts/Utility/Lights/groundLight2/groundLight2
[LOG 11:37:38.483] Config(PART) Squad/Parts/Utility/Lights/navLight1/navLight1
[LOG 11:37:38.483] Config(PART) Squad/Parts/Utility/Lights/spotLight1/spotLight3
[LOG 11:37:38.483] Config(PART) Squad/Parts/Utility/Lights/stripLight1/stripLight1
[LOG 11:37:38.483] Config(PART) Squad/Parts/Utility/linearVernorRCS/linearRCS/linearRcs
[LOG 11:37:38.483] Config(PART) Squad/Parts/Utility/linearVernorRCS/vernorEngine/vernierEngine
[LOG 11:37:38.483] Config(PART) Squad/Parts/Utility/mk2CargoBay/BayL/mk2CargoBayL
[LOG 11:37:38.483] Config(PART) Squad/Parts/Utility/mk2CargoBay/BayS/mk2CargoBayS
[LOG 11:37:38.483] Config(PART) Squad/Parts/Utility/mk2CrewCabin/mk2CrewCabin/mk2CrewCabin
[LOG 11:37:38.483] Config(PART) Squad/Parts/Utility/mk2DockingPort/mk2DockingPort/mk2DockingPort
[LOG 11:37:38.483] Config(PART) Squad/Parts/Utility/mk3CargoBay/long/mk3CargoBayL
[LOG 11:37:38.483] Config(PART) Squad/Parts/Utility/mk3CargoBay/medium/mk3CargoBayM
[LOG 11:37:38.483] Config(PART) Squad/Parts/Utility/mk3CargoBay/ramp/mk3CargoRamp
[LOG 11:37:38.483] Config(PART) Squad/Parts/Utility/mk3CargoBay/short/mk3CargoBayS
[LOG 11:37:38.483] Config(PART) Squad/Parts/Utility/parachuteMk1/parachuteMk1/parachuteSingle
[LOG 11:37:38.483] Config(PART) Squad/Parts/Utility/parachuteMk12-R/parachuteMk12-R/radialDrogue
[LOG 11:37:38.483] Config(PART) Squad/Parts/Utility/parachuteMk16-XL/parachuteMk16-XL/parachuteLarge
[LOG 11:37:38.483] Config(PART) Squad/Parts/Utility/parachuteMk2-R/parachuteMk2-R/parachuteRadial
[LOG 11:37:38.483] Config(PART) Squad/Parts/Utility/parachuteMk25/parachuteMk25/parachuteDrogue
[LOG 11:37:38.483] Config(PART) Squad/Parts/Utility/radialAttachmentPoint/radialAttachmentPoint/stackPoint1
[LOG 11:37:38.484] Config(PART) Squad/Parts/Utility/rcsBlockRV-105_v2/rcsBlockRV-105/RCSBlock_v2
[LOG 11:37:38.484] Config(PART) Squad/Parts/Utility/rcsBlockRV-105_v2/RCSblock_01_small/RCSblock_01_small
[LOG 11:37:38.484] Config(PART) Squad/Parts/Utility/rcsSmallLinear/RCSLinearSmall/RCSLinearSmall
[LOG 11:37:38.484] Config(PART) Squad/Parts/Utility/RelayAntennas/RA-100/RelayAntenna100
[LOG 11:37:38.484] Config(PART) Squad/Parts/Utility/RelayAntennas/RA-5/RelayAntenna5
[LOG 11:37:38.484] Config(PART) Squad/Parts/Utility/RelayAntennas/RA-50/RelayAntenna50
[LOG 11:37:38.484] Config(PART) Squad/Parts/Utility/rockomaxAdapters/largeAdapter/largeAdapter
[LOG 11:37:38.484] Config(PART) Squad/Parts/Utility/rockomaxAdapters/largeAdapterShort/largeAdapter2
[LOG 11:37:38.484] Config(PART) Squad/Parts/Utility/ServiceBay_v2/ServiceBay_125_v2/ServiceBay_125_v2
[LOG 11:37:38.484] Config(PART) Squad/Parts/Utility/ServiceBay_v2/ServiceBay_250_v2/ServiceBay_250_v2
[LOG 11:37:38.484] Config(PART) Squad/Parts/Utility/smallClaw/smallClaw/smallClaw
[LOG 11:37:38.484] Config(PART) Squad/Parts/Utility/spotLightMk1/spotLightMk1/spotLight1
[LOG 11:37:38.484] Config(PART) Squad/Parts/Utility/spotLightMk1_v2/spotLightMk1_v2/spotLight1_v2
[LOG 11:37:38.484] Config(PART) Squad/Parts/Utility/spotLightMk2/spotLightMk2/spotLight2
[LOG 11:37:38.484] Config(PART) Squad/Parts/Utility/spotLightMk2_v2/spotLightMk2_v2/spotLight2_v2
[LOG 11:37:38.484] Config(PART) Squad/Parts/Utility/stackCouplers/stackBiCoupler_v2/stackBiCoupler_v2
[LOG 11:37:38.484] Config(PART) Squad/Parts/Utility/stackCouplers/stackQuadCoupler/stackQuadCoupler
[LOG 11:37:38.484] Config(PART) Squad/Parts/Utility/stackCouplers/stackTriCoupler_v2/stackTriCoupler_v2
[LOG 11:37:38.484] Config(PART) Squad/Parts/Wheel/LandingGear/GearExtraLarge/GearLarge
[LOG 11:37:38.484] Config(PART) Squad/Parts/Wheel/LandingGear/GearFixed/GearFixed
[LOG 11:37:38.484] Config(PART) Squad/Parts/Wheel/LandingGear/GearFree/GearFree
[LOG 11:37:38.484] Config(PART) Squad/Parts/Wheel/LandingGear/GearLarge/GearMedium
[LOG 11:37:38.484] Config(PART) Squad/Parts/Wheel/LandingGear/GearMedium/GearSmall
[LOG 11:37:38.484] Config(PART) Squad/Parts/Wheel/LandingGear/GearSmall/SmallGearBay
[LOG 11:37:38.484] Config(PART) Squad/Parts/Wheel/roverWheelM1/roverWheelM1/roverWheel1
[LOG 11:37:38.484] Config(PART) Squad/Parts/Wheel/roverWheelS2/roverWheelS2/roverWheel2
[LOG 11:37:38.484] Config(PART) Squad/Parts/Wheel/roverWheelTR-2L/roverWheelTR-2L/wheelMed
[LOG 11:37:38.484] Config(PART) Squad/Parts/Wheel/roverWheelXL3/roverWheelXL3/roverWheel3
[LOG 11:37:38.484] Config(PROP) Squad/Props/AltimeterThreeHands/prop/AltimeterThreeHands
[LOG 11:37:38.484] Config(PROP) Squad/Props/AtmosphereDepth/prop/AtmosphereDepth
[LOG 11:37:38.484] Config(PROP) Squad/Props/AxisIndicator/pitchConfig/AxisIndicatorPitch
[LOG 11:37:38.484] Config(PROP) Squad/Props/AxisIndicator/rollConfig/AxisIndicatorRoll
[LOG 11:37:38.484] Config(PROP) Squad/Props/AxisIndicator/yawConfig/AxisIndicatorYaw
[LOG 11:37:38.484] Config(PROP) Squad/Props/buttonsGeneric/circularButton/genericCircularButton
[LOG 11:37:38.484] Config(PROP) Squad/Props/buttonsGeneric/clusterButtons/genericClusterButtons
[LOG 11:37:38.484] Config(PROP) Squad/Props/buttonsGeneric/clusterButtons2/genericClusterButtons2
[LOG 11:37:38.484] Config(PROP) Squad/Props/buttonsGeneric/clusterKnob/genericClusterKnobs
[LOG 11:37:38.484] Config(PROP) Squad/Props/buttonsGeneric/clusterKnob2/genericClusterKnobs2
[LOG 11:37:38.484] Config(PROP) Squad/Props/buttonsGeneric/clusterMixed/genericClusterMixed
[LOG 11:37:38.484] Config(PROP) Squad/Props/buttonsGeneric/clusterSwitches01/genericClusterSwitches01
[LOG 11:37:38.484] Config(PROP) Squad/Props/buttonsGeneric/clusterSwitches02/genericClusterSwitches02
[LOG 11:37:38.485] Config(PROP) Squad/Props/buttonsGeneric/clusterSwitches03/genericClusterSwitches03
[LOG 11:37:38.485] Config(PROP) Squad/Props/buttonsGeneric/clusterSwitches04/genericClusterSwitches04
[LOG 11:37:38.485] Config(PROP) Squad/Props/buttonsGeneric/clusterSwitches05/genericClusterSwitches05
[LOG 11:37:38.485] Config(PROP) Squad/Props/buttonsGeneric/clusterSwitches06/genericClusterSwitches06
[LOG 11:37:38.485] Config(PROP) Squad/Props/buttonsGeneric/clusterSwitches07/genericClusterSwitches07
[LOG 11:37:38.485] Config(PROP) Squad/Props/buttonsGeneric/directionalKnob/genericDirectionalKnob
[LOG 11:37:38.485] Config(PROP) Squad/Props/buttonsGeneric/directionalKnob2/genericDirectionalKnob2
[LOG 11:37:38.485] Config(PROP) Squad/Props/buttonsGeneric/pullSwitch/genericPullSwitch
[LOG 11:37:38.485] Config(PROP) Squad/Props/buttonsGeneric/squareButton/genericSquareButton
[LOG 11:37:38.485] Config(PROP) Squad/Props/buttonsGeneric/standingSwitch/genericStandingSwitch
[LOG 11:37:38.485] Config(PROP) Squad/Props/buttonsGeneric/switch/genericSwitch
[LOG 11:37:38.485] Config(PROP) Squad/Props/buttonsGeneric/switchWithGuards/genericSwitchWithGuards
[LOG 11:37:38.485] Config(PROP) Squad/Props/ButtonSquare/prop/ButtonSquare
[LOG 11:37:38.485] Config(PROP) Squad/Props/circularButton/prop/circularButton
[LOG 11:37:38.485] Config(PROP) Squad/Props/Compass/prop/Compass
[LOG 11:37:38.485] Config(PROP) Squad/Props/directionalKnob/prop/directionalKnob
[LOG 11:37:38.485] Config(PROP) Squad/Props/directionalKnob2/prop/directionalKnob2
[LOG 11:37:38.485] Config(PROP) Squad/Props/IndicatorPanel/prop/IndicatorPanel
[LOG 11:37:38.485] Config(PROP) Squad/Props/IVANavBall/prop/NavBall
[LOG 11:37:38.485] Config(PROP) Squad/Props/IVANavBallNoBase/prop/NavBallNoBase
[LOG 11:37:38.485] Config(PROP) Squad/Props/ledPanelSpeed/prop/ledPanelSpeed
[LOG 11:37:38.485] Config(PROP) Squad/Props/Monitor/DockingMode/MonitorDockingMode
[LOG 11:37:38.485] Config(PROP) Squad/Props/NavBall/prop/NavBall
[LOG 11:37:38.485] Config(PROP) Squad/Props/PropsGeneric/Button_DockingMode/Button_DockingMode
[LOG 11:37:38.485] Config(PROP) Squad/Props/PropsGeneric/CargoBagA/CargoBagA
[LOG 11:37:38.485] Config(PROP) Squad/Props/PropsGeneric/CargoBagB/CargoBagB
[LOG 11:37:38.485] Config(PROP) Squad/Props/PropsGeneric/CargoBagC/CargoBagC
[LOG 11:37:38.485] Config(PROP) Squad/Props/PropsGeneric/Hatch_Plane/Hatch_Plane
[LOG 11:37:38.485] Config(PROP) Squad/Props/PropsGeneric/Hatch_Plane_Curve90/Hatch_Plane_Curve90
[LOG 11:37:38.485] Config(PROP) Squad/Props/PropsGeneric/Hatch_Plane_Frame/Hatch_Plane_Frame
[LOG 11:37:38.485] Config(PROP) Squad/Props/PropsGeneric/Seat_Passenger/Seat_Passenger
[LOG 11:37:38.485] Config(PROP) Squad/Props/PropsGeneric/Seat_Pilot/Seat_Pilot
[LOG 11:37:38.485] Config(PROP) Squad/Props/PropsGeneric/Seat_Pilot_Helmet/Seat_Pilot_Helmet
[LOG 11:37:38.485] Config(PROP) Squad/Props/PropsGeneric/SideStick/SideStick
[LOG 11:37:38.485] Config(PROP) Squad/Props/pullSwitch/prop/pullSwitch
[LOG 11:37:38.485] Config(PROP) Squad/Props/radarAltitude/prop/RadarAltimeter
[LOG 11:37:38.485] Config(PROP) Squad/Props/squareButton/prop/squareButton
[LOG 11:37:38.485] Config(PROP) Squad/Props/standingSwitch/prop/standingSwitch
[LOG 11:37:38.485] Config(PROP) Squad/Props/switch/prop/switch
[LOG 11:37:38.485] Config(PROP) Squad/Props/switchGuard/prop/switchGuard
[LOG 11:37:38.485] Config(PROP) Squad/Props/switchWithGuards/prop/switchWithGuards
[LOG 11:37:38.485] Config(PROP) Squad/Props/throttle/prop/throttle
[LOG 11:37:38.485] Config(PROP) Squad/Props/VSI/prop/VSI
[LOG 11:37:38.485] Config(SPACEOBJECTS_LIMITS) Squad/Resources/CometDefs/SPACEOBJECTS_LIMITS
[LOG 11:37:38.485] Config(COMET_MANAGER) Squad/Resources/CometDefs/COMET_MANAGER
[LOG 11:37:38.486] Config(COMET_ORBIT_TYPE) Squad/Resources/CometDefs/short
[LOG 11:37:38.486] Config(COMET_ORBIT_TYPE) Squad/Resources/CometDefs/intermediate
[LOG 11:37:38.486] Config(COMET_ORBIT_TYPE) Squad/Resources/CometDefs/long
[LOG 11:37:38.486] Config(COMET_ORBIT_TYPE) Squad/Resources/CometDefs/interstellar
[LOG 11:37:38.486] Config(FIREWORKFX_DEFINITION) Squad/Resources/FireworkFXDefinitions/classicTrail
[LOG 11:37:38.486] Config(FIREWORKFX_DEFINITION) Squad/Resources/FireworkFXDefinitions/whirlyTrail
[LOG 11:37:38.486] Config(FIREWORKFX_DEFINITION) Squad/Resources/FireworkFXDefinitions/strobeTrail
[LOG 11:37:38.486] Config(FIREWORKFX_DEFINITION) Squad/Resources/FireworkFXDefinitions/bareTrail
[LOG 11:37:38.486] Config(FIREWORKFX_DEFINITION) Squad/Resources/FireworkFXDefinitions/classicBurst
[LOG 11:37:38.486] Config(FIREWORKFX_DEFINITION) Squad/Resources/FireworkFXDefinitions/chrysBurst
[LOG 11:37:38.486] Config(FIREWORKFX_DEFINITION) Squad/Resources/FireworkFXDefinitions/palmBurst
[LOG 11:37:38.486] Config(FIREWORKFX_DEFINITION) Squad/Resources/FireworkFXDefinitions/ringBurst
[LOG 11:37:38.486] Config(FIREWORKFX_DEFINITION) Squad/Resources/FireworkFXDefinitions/crosetteBurst
[LOG 11:37:38.486] Config(FIREWORKFX_DEFINITION) Squad/Resources/FireworkFXDefinitions/willowBurst
[LOG 11:37:38.486] Config(FIREWORKFX_DEFINITION) Squad/Resources/FireworkFXDefinitions/crackeBurst
[LOG 11:37:38.486] Config(FIREWORKFX_DEFINITION) Squad/Resources/FireworkFXDefinitions/palmCrackleBurst
[LOG 11:37:38.486] Config(FIREWORKFX_DEFINITION) Squad/Resources/FireworkFXDefinitions/dragonBurst
[LOG 11:37:38.486] Config(GLOBAL_RESOURCE) Squad/Resources/Ore/GLOBAL_RESOURCE
[LOG 11:37:38.486] Config(PLANETARY_RESOURCE) Squad/Resources/Ore/PLANETARY_RESOURCE
[LOG 11:37:38.486] Config(PLANETARY_RESOURCE) Squad/Resources/Ore/PLANETARY_RESOURCE
[LOG 11:37:38.486] Config(RESOURCE_OVERLAY_CONFIGURATION_SOLID) Squad/Resources/Overlay/RESOURCE_OVERLAY_CONFIGURATION_SOLID
[LOG 11:37:38.486] Config(RESOURCE_OVERLAY_CONFIGURATION_LINES) Squad/Resources/Overlay/RESOURCE_OVERLAY_CONFIGURATION_LINES
[LOG 11:37:38.486] Config(RESOURCE_OVERLAY_CONFIGURATION_DOTS) Squad/Resources/Overlay/RESOURCE_OVERLAY_CONFIGURATION_DOTS
[LOG 11:37:38.486] Config(RESOURCE_CONFIGURATION) Squad/Resources/ResourceDefaults/RESOURCE_CONFIGURATION
[LOG 11:37:38.486] Config(RESOURCE_DEFINITION) Squad/Resources/ResourcesGeneric/LiquidFuel
[LOG 11:37:38.486] Config(RESOURCE_DEFINITION) Squad/Resources/ResourcesGeneric/Oxidizer
[LOG 11:37:38.486] Config(RESOURCE_DEFINITION) Squad/Resources/ResourcesGeneric/SolidFuel
[LOG 11:37:38.486] Config(RESOURCE_DEFINITION) Squad/Resources/ResourcesGeneric/MonoPropellant
[LOG 11:37:38.486] Config(RESOURCE_DEFINITION) Squad/Resources/ResourcesGeneric/XenonGas
[LOG 11:37:38.486] Config(RESOURCE_DEFINITION) Squad/Resources/ResourcesGeneric/ElectricCharge
[LOG 11:37:38.486] Config(RESOURCE_DEFINITION) Squad/Resources/ResourcesGeneric/IntakeAir
[LOG 11:37:38.486] Config(RESOURCE_DEFINITION) Squad/Resources/ResourcesGeneric/EVA Propellant
[LOG 11:37:38.486] Config(RESOURCE_DEFINITION) Squad/Resources/ResourcesGeneric/Ore
[LOG 11:37:38.486] Config(RESOURCE_DEFINITION) Squad/Resources/ResourcesGeneric/Ablator
[LOG 11:37:38.486] Config(EXPERIMENT_DEFINITION) Squad/Resources/ScienceDefs/EXPERIMENT_DEFINITION
[LOG 11:37:38.486] Config(EXPERIMENT_DEFINITION) Squad/Resources/ScienceDefs/EXPERIMENT_DEFINITION
[LOG 11:37:38.486] Config(EXPERIMENT_DEFINITION) Squad/Resources/ScienceDefs/EXPERIMENT_DEFINITION
[LOG 11:37:38.486] Config(EXPERIMENT_DEFINITION) Squad/Resources/ScienceDefs/EXPERIMENT_DEFINITION
[LOG 11:37:38.486] Config(EXPERIMENT_DEFINITION) Squad/Resources/ScienceDefs/EXPERIMENT_DEFINITION
[LOG 11:37:38.486] Config(EXPERIMENT_DEFINITION) Squad/Resources/ScienceDefs/EXPERIMENT_DEFINITION
[LOG 11:37:38.486] Config(EXPERIMENT_DEFINITION) Squad/Resources/ScienceDefs/EXPERIMENT_DEFINITION
[LOG 11:37:38.486] Config(EXPERIMENT_DEFINITION) Squad/Resources/ScienceDefs/EXPERIMENT_DEFINITION
[LOG 11:37:38.487] Config(EXPERIMENT_DEFINITION) Squad/Resources/ScienceDefs/EXPERIMENT_DEFINITION
[LOG 11:37:38.487] Config(EXPERIMENT_DEFINITION) Squad/Resources/ScienceDefs/EXPERIMENT_DEFINITION
[LOG 11:37:38.487] Config(EXPERIMENT_DEFINITION) Squad/Resources/ScienceDefs/EXPERIMENT_DEFINITION
[LOG 11:37:38.487] Config(EXPERIMENT_DEFINITION) Squad/Resources/ScienceDefs/EXPERIMENT_DEFINITION
[LOG 11:37:38.487] Config(EXPERIMENT_DEFINITION) Squad/Resources/ScienceDefs/EXPERIMENT_DEFINITION
[LOG 11:37:38.487] Config(EXPERIMENT_DEFINITION) Squad/Resources/ScienceDefs/EXPERIMENT_DEFINITION
[LOG 11:37:38.487] Config(EXPERIMENT_DEFINITION) Squad/Resources/ScienceDefs/EXPERIMENT_DEFINITION
[LOG 11:37:38.487] Config(EXPERIMENT_DEFINITION) Squad/Resources/ScienceDefs/EXPERIMENT_DEFINITION
[LOG 11:37:38.487] Config(EXPERIMENT_DEFINITION) Squad/Resources/ScienceDefs/EXPERIMENT_DEFINITION
[LOG 11:37:38.487] Config(EXPERIMENT_DEFINITION) Squad/Resources/ScienceDefs/EXPERIMENT_DEFINITION
[LOG 11:37:38.487] Config(STORY_DEF) Squad/Resources/StoryDefs/STORY_DEF
[LOG 11:37:38.487] Config(TechTree) Squad/Resources/TechTree/TechTree
[LOG 11:37:38.487] Config(INTERNAL) Squad/Spaces/crewCabinInternals/internal/crewCabinInternals
[LOG 11:37:38.487] Config(INTERNAL) Squad/Spaces/cupolaInternal/internal/cupolaInternal
[LOG 11:37:38.487] Config(INTERNAL) Squad/Spaces/GenericSpace1/internal/GenericSpace1
[LOG 11:37:38.487] Config(INTERNAL) Squad/Spaces/GenericSpace3/internal/GenericSpace3
[LOG 11:37:38.487] Config(INTERNAL) Squad/Spaces/landerCabinInternals/internal/landerCabinInternals
[LOG 11:37:38.487] Config(INTERNAL) Squad/Spaces/landerCabinSmallInternal/internal/landerCabinSmallInternal
[LOG 11:37:38.487] Config(INTERNAL) Squad/Spaces/LargeCrewedLabInternals/internal/Mobile_Processing_Lab_Int
[LOG 11:37:38.487] Config(INTERNAL) Squad/Spaces/Mk1-3/internal/Mk1-3
[LOG 11:37:38.487] Config(INTERNAL) Squad/Spaces/mk1CabinInternal/internal/mk1CabinInternal
[LOG 11:37:38.487] Config(INTERNAL) Squad/Spaces/mk1CockpitInternal/internal/mk1CockpitInternal
[LOG 11:37:38.487] Config(INTERNAL) Squad/Spaces/mk1InlineInternal/internal/mk1InlineInternal
[LOG 11:37:38.487] Config(INTERNAL) Squad/Spaces/mk1PodCockpit/internal/mk1PodCockpit
[LOG 11:37:38.487] Config(INTERNAL) Squad/Spaces/mk1pod_IVA/mk1pod_Internal/mk1pod_IVA
[LOG 11:37:38.487] Config(INTERNAL) Squad/Spaces/mk2CockpitStandardInternal/internal/mk2CockpitStandardInternals
[LOG 11:37:38.487] Config(INTERNAL) Squad/Spaces/Mk2CrewCabinInternal/internal_MK2_CrewCab/MK2_CrewCab_Int
[LOG 11:37:38.487] Config(INTERNAL) Squad/Spaces/mk2InlineInternal/internal/mk2InlineInternal
[LOG 11:37:38.487] Config(INTERNAL) Squad/Spaces/mk2LanderCanInternal/internal/mk2LanderCanInternal
[LOG 11:37:38.487] Config(INTERNAL) Squad/Spaces/MK3CockpitInternal/internal_MK3/MK3_Cockpit_Int
[LOG 11:37:38.487] Config(INTERNAL) Squad/Spaces/MK3_CrewCab_Int/internal_MK3_CrewCab/MK3_CrewCab_Int
[LOG 11:37:38.487] Config(INTERNAL) Squad/Spaces/Placeholder/internal/Placeholder
[LOG 11:37:38.487] Config(INTERNAL) Squad/Spaces/PodCockpit/internal/PodCockpit
[LOG 11:37:38.487] Config(STRATEGY_DEPARTMENT) Squad/Strategies/Departments/Finances
[LOG 11:37:38.487] Config(STRATEGY_DEPARTMENT) Squad/Strategies/Departments/Science
[LOG 11:37:38.487] Config(STRATEGY_DEPARTMENT) Squad/Strategies/Departments/Public Relations
[LOG 11:37:38.487] Config(STRATEGY_DEPARTMENT) Squad/Strategies/Departments/Operations
[LOG 11:37:38.488] Config(STRATEGY) Squad/Strategies/Strategies/AppreciationCampaignCfg
[LOG 11:37:38.488] Config(STRATEGY) Squad/Strategies/Strategies/FundraisingCampaignCfg
[LOG 11:37:38.488] Config(STRATEGY) Squad/Strategies/Strategies/OpenSourceTechProgramCfg
[LOG 11:37:38.488] Config(STRATEGY) Squad/Strategies/Strategies/UnpaidResearchProgramCfg
[LOG 11:37:38.488] Config(STRATEGY) Squad/Strategies/Strategies/OutsourcedResearchCfg
[LOG 11:37:38.488] Config(STRATEGY) Squad/Strategies/Strategies/PatentsLicensingCfg
[LOG 11:37:38.488] Config(STRATEGY) Squad/Strategies/Strategies/AgressiveNegotiations
[LOG 11:37:38.488] Config(STRATEGY) Squad/Strategies/Strategies/RecoveryTransponders
[LOG 11:37:38.488] Config(STRATEGY) Squad/Strategies/Strategies/BailoutGrant
[LOG 11:37:38.488] Config(STRATEGY) Squad/Strategies/Strategies/researchIPsellout
[LOG 11:37:38.488] Config(STRATEGY) Squad/Strategies/Strategies/LeadershipInitiative
[LOG 11:37:38.488] Config(TUTORIAL) Squad/Tutorials/FlightSuborbital/FlightSuborbital
[LOG 11:37:38.488] Config(TUTORIAL) Squad/Tutorials/FromMun/FromMun
[LOG 11:37:38.488] Config(TUTORIAL) Squad/Tutorials/GoForOrbit/GoForOrbit
[LOG 11:37:38.488] Config(MISSIONPACK) SquadExpansion/MakingHistory/Missions/MissionPacks/squad_MakingHistory
[LOG 11:37:38.488] Config(MISSIONPACK) SquadExpansion/MakingHistory/Missions/MissionPacks/squad_MakingHistory_Other
[LOG 11:37:38.488] Config(MISSIONPACK) SquadExpansion/MakingHistory/Missions/MissionPacks/squad_MakingHistory_Tutorial
[LOG 11:37:38.488] Config(MEBASICNODE) SquadExpansion/MakingHistory/Nodes/AccuracyLogic/TestAccuracyLogic
[LOG 11:37:38.488] Config(MEBASICNODE) SquadExpansion/MakingHistory/Nodes/ActionChancePartResourceLevels/ActionPartResourceAmount
[LOG 11:37:38.488] Config(MEBASICNODE) SquadExpansion/MakingHistory/Nodes/ActionExplode/ActionVesselExplode
[LOG 11:37:38.488] Config(MEBASICNODE) SquadExpansion/MakingHistory/Nodes/ActionMissionScore/MissionScore
[LOG 11:37:38.488] Config(MEBASICNODE) SquadExpansion/MakingHistory/Nodes/ActionModifierFunds/ModifyFunds
[LOG 11:37:38.488] Config(MEBASICNODE) SquadExpansion/MakingHistory/Nodes/ActionModifierScore/MissionScore
[LOG 11:37:38.488] Config(MEBASICNODE) SquadExpansion/MakingHistory/Nodes/ActionPartExplode/ActionPartExplode
[LOG 11:37:38.488] Config(MEBASICNODE) SquadExpansion/MakingHistory/Nodes/ActionPartResourceDrain/ActionPartResourceDrain
[LOG 11:37:38.488] Config(MEBASICNODE) SquadExpansion/MakingHistory/Nodes/ActionVesselActionGroup/ActionVesselActionGroup
[LOG 11:37:38.488] Config(MEBASICNODE) SquadExpansion/MakingHistory/Nodes/ActionVesselStage/ActionVesselStage
[LOG 11:37:38.488] Config(MEBASICNODE) SquadExpansion/MakingHistory/Nodes/CreateAsteroid/CreateAsteroid
[LOG 11:37:38.488] Config(MEBASICNODE) SquadExpansion/MakingHistory/Nodes/CreateComet/CreateComet
[LOG 11:37:38.489] Config(MEBASICNODE) SquadExpansion/MakingHistory/Nodes/CreateFlag/CreateFlag
[LOG 11:37:38.489] Config(MEBASICNODE) SquadExpansion/MakingHistory/Nodes/CreateLaunchSite/CreateLaunchSite
[LOG 11:37:38.489] Config(MEBASICNODE) SquadExpansion/MakingHistory/Nodes/CreateVessel/CreateVessel
[LOG 11:37:38.489] Config(MEBASICNODE) SquadExpansion/MakingHistory/Nodes/CrewAssignment/TestCrewAssignment
[LOG 11:37:38.489] Config(MEBASICNODE) SquadExpansion/MakingHistory/Nodes/Destroyed/Crashed
[LOG 11:37:38.489] Config(MEBASICNODE) SquadExpansion/MakingHistory/Nodes/DialogMessage/DialogMessage
[LOG 11:37:38.489] Config(MEBASICNODE) SquadExpansion/MakingHistory/Nodes/Distance/Distance
[LOG 11:37:38.489] Config(MEBASICNODE) SquadExpansion/MakingHistory/Nodes/EmptyFalse/EmptyFalse
[LOG 11:37:38.489] Config(MEBASICNODE) SquadExpansion/MakingHistory/Nodes/EmptyTrue/EmptyTrue
[LOG 11:37:38.489] Config(MEBASICNODE) SquadExpansion/MakingHistory/Nodes/EscapeSOI/SOILeft
[LOG 11:37:38.489] Config(MEBASICNODE) SquadExpansion/MakingHistory/Nodes/EVA/EVA
[LOG 11:37:38.489] Config(MEBASICNODE) SquadExpansion/MakingHistory/Nodes/Flying/Flying
[LOG 11:37:38.489] Config(MEBASICNODE) SquadExpansion/MakingHistory/Nodes/FundsRecovery/FundsRecovery
[LOG 11:37:38.489] Config(MEBASICNODE) SquadExpansion/MakingHistory/Nodes/KerbalBoarded/TestKerbalBoarded
[LOG 11:37:38.489] Config(MEBASICNODE) SquadExpansion/MakingHistory/Nodes/KerbalKilled/EVA
[LOG 11:37:38.489] Config(MEBASICNODE) SquadExpansion/MakingHistory/Nodes/KerbalRecovery/KerbalRecovery
[LOG 11:37:38.489] Config(MEBASICNODE) SquadExpansion/MakingHistory/Nodes/KerbalRescue/KerbalRescue
[LOG 11:37:38.489] Config(MEBASICNODE) SquadExpansion/MakingHistory/Nodes/Landed/Landed
[LOG 11:37:38.489] Config(MEBASICNODE) SquadExpansion/MakingHistory/Nodes/Message/Message
[LOG 11:37:38.489] Config(MEBASICNODE) SquadExpansion/MakingHistory/Nodes/MissionFunds/MissionFunds
[LOG 11:37:38.489] Config(MEBASICNODE) SquadExpansion/MakingHistory/Nodes/MissionScore/MissionScore
[LOG 11:37:38.489] Config(MEBASICNODE) SquadExpansion/MakingHistory/Nodes/Orbit/Orbit
[LOG 11:37:38.489] Config(MEBASICNODE) SquadExpansion/MakingHistory/Nodes/OrbitParams/OrbitParams
[LOG 11:37:38.489] Config(MEBASICNODE) SquadExpansion/MakingHistory/Nodes/PartDocking/TestPartDocking
[LOG 11:37:38.489] Config(MEBASICNODE) SquadExpansion/MakingHistory/Nodes/PartFailure/PartFailure
[LOG 11:37:38.489] Config(MEBASICNODE) SquadExpansion/MakingHistory/Nodes/PartGrapple/TestGrapple
[LOG 11:37:38.489] Config(MEBASICNODE) SquadExpansion/MakingHistory/Nodes/PartRepair/PartRepair
[LOG 11:37:38.490] Config(MEBASICNODE) SquadExpansion/MakingHistory/Nodes/PlaceKerbal/CreateKerbal
[LOG 11:37:38.490] Config(MEBASICNODE) SquadExpansion/MakingHistory/Nodes/PlantFlag/PlantFlag
[LOG 11:37:38.490] Config(MEBASICNODE) SquadExpansion/MakingHistory/Nodes/ReachSOI/ReachSOI
[LOG 11:37:38.490] Config(MEBASICNODE) SquadExpansion/MakingHistory/Nodes/Resource/ResourceAmount
[LOG 11:37:38.490] Config(MEBASICNODE) SquadExpansion/MakingHistory/Nodes/ResourceRecovery/TestResourcesRecovery
[LOG 11:37:38.490] Config(MEBASICNODE) SquadExpansion/MakingHistory/Nodes/ScienceExperiment/ScienceExperiment
[LOG 11:37:38.490] Config(MEBASICNODE) SquadExpansion/MakingHistory/Nodes/SetCamera/SetCamera
[LOG 11:37:38.490] Config(MEBASICNODE) SquadExpansion/MakingHistory/Nodes/SplashDown/SplashDown
[LOG 11:37:38.490] Config(MEBASICNODE) SquadExpansion/MakingHistory/Nodes/StageActivated/TestVesselStageActivated
[LOG 11:37:38.490] Config(MEBASICNODE) SquadExpansion/MakingHistory/Nodes/TakeKerbal/TestTakeKerbal
[LOG 11:37:38.490] Config(MEBASICNODE) SquadExpansion/MakingHistory/Nodes/TestFlyThrough/TestFlyThrough
[LOG 11:37:38.490] Config(MEBASICNODE) SquadExpansion/MakingHistory/Nodes/TestGoTo/TestGoTo
[LOG 11:37:38.490] Config(MEBASICNODE) SquadExpansion/MakingHistory/Nodes/TimeMET/TimeMET
[LOG 11:37:38.490] Config(MEBASICNODE) SquadExpansion/MakingHistory/Nodes/TimeOfMission/TimeOfMission
[LOG 11:37:38.490] Config(MEBASICNODE) SquadExpansion/MakingHistory/Nodes/TimeSinceNode/TestTimeSinceNode
[LOG 11:37:38.490] Config(MEBASICNODE) SquadExpansion/MakingHistory/Nodes/VesselActiveCount/TestVesselActiveCount
[LOG 11:37:38.490] Config(MEBASICNODE) SquadExpansion/MakingHistory/Nodes/VesselAltitudeGoal/VesselAltitudeGoal
[LOG 11:37:38.490] Config(MEBASICNODE) SquadExpansion/MakingHistory/Nodes/VesselCrewCount/VeselCrewCount
[LOG 11:37:38.490] Config(MEBASICNODE) SquadExpansion/MakingHistory/Nodes/VesselMassLogic/VesselMass
[LOG 11:37:38.490] Config(MEBASICNODE) SquadExpansion/MakingHistory/Nodes/VesselPartCount/PartCount
[LOG 11:37:38.490] Config(MEBASICNODE) SquadExpansion/MakingHistory/Nodes/VesselRecovery/TestVesselRecovery
[LOG 11:37:38.490] Config(MEBASICNODE) SquadExpansion/MakingHistory/Nodes/VesselStage/TestVesselStage
[LOG 11:37:38.490] Config(MEBASICNODE) SquadExpansion/MakingHistory/Nodes/VesselVelocity/VesselVelocity
[LOG 11:37:38.490] Config(PART) SquadExpansion/MakingHistory/Parts/Aero/protectiveRocketNoseMk16/rocketNoseCone_size4/rocketNoseConeSize4
[LOG 11:37:38.490] Config(PART) SquadExpansion/MakingHistory/Parts/Aero/protectiveRocketNoseMk5A/Size_1_5_Cone/Size_1_5_Cone
[LOG 11:37:38.490] Config(PART) SquadExpansion/MakingHistory/Parts/Coupling/Decoupler_1p5/Decoupler_1p5
[LOG 11:37:38.491] Config(PART) SquadExpansion/MakingHistory/Parts/Coupling/Decoupler_4/Decoupler_4
[LOG 11:37:38.491] Config(PART) SquadExpansion/MakingHistory/Parts/Coupling/EnginePlate_1p5/EnginePlate1p5
[LOG 11:37:38.491] Config(PART) SquadExpansion/MakingHistory/Parts/Coupling/EnginePlate_2/EnginePlate2
[LOG 11:37:38.491] Config(PART) SquadExpansion/MakingHistory/Parts/Coupling/EnginePlate_3/EnginePlate3
[LOG 11:37:38.491] Config(PART) SquadExpansion/MakingHistory/Parts/Coupling/EnginePlate_4/EnginePlate4
[LOG 11:37:38.491] Config(PART) SquadExpansion/MakingHistory/Parts/Coupling/EnginePlate_5/EnginePlate5
[LOG 11:37:38.491] Config(PART) SquadExpansion/MakingHistory/Parts/Coupling/InflatableAirlock/InflatableAirlock
[LOG 11:37:38.491] Config(PART) SquadExpansion/MakingHistory/Parts/Coupling/Separator_1p5/Separator_1p5
[LOG 11:37:38.491] Config(PART) SquadExpansion/MakingHistory/Parts/Coupling/Separator_4/Separator_4
[LOG 11:37:38.491] Config(PART) SquadExpansion/MakingHistory/Parts/Coupling/Size1p5_Strut_Decoupler/Size1p5_Strut_Decoupler
[LOG 11:37:38.491] Config(PART) SquadExpansion/MakingHistory/Parts/Engine/LiquidEngineKE-1/LiquidEngineKE-1
[LOG 11:37:38.491] Config(PART) SquadExpansion/MakingHistory/Parts/Engine/LiquidEngineLV-T91/LiquidEngineLV-T91
[LOG 11:37:38.491] Config(PART) SquadExpansion/MakingHistory/Parts/Engine/LiquidEngineLV-TX87/LiquidEngineLV-TX87
[LOG 11:37:38.491] Config(PART) SquadExpansion/MakingHistory/Parts/Engine/LiquidEngineRE-I2/LiquidEngineRE-I2
[LOG 11:37:38.492] Config(PART) SquadExpansion/MakingHistory/Parts/Engine/LiquidEngineRE-J10/LiquidEngineRE-J10
[LOG 11:37:38.492] Config(PART) SquadExpansion/MakingHistory/Parts/Engine/LiquidEngineRK-7/LiquidEngineRK-7
[LOG 11:37:38.492] Config(PART) SquadExpansion/MakingHistory/Parts/Engine/LiquidEngineRV-1/LiquidEngineRV-1
[LOG 11:37:38.492] Config(PART) SquadExpansion/MakingHistory/Parts/Engine/solidBoosterTHK/solidBoosterTHK/Pollux
[LOG 11:37:38.492] Config(PART) SquadExpansion/MakingHistory/Parts/FuelTank/MonoPropMini/monopropMiniSphere
[LOG 11:37:38.492] Config(PART) SquadExpansion/MakingHistory/Parts/FuelTank/Size1p5_Monoprop/Size1p5_Monoprop
[LOG 11:37:38.492] Config(PART) SquadExpansion/MakingHistory/Parts/FuelTank/Size1p5_Size0_Adapter_01/Size1p5_Size0_Adapter_01
[LOG 11:37:38.492] Config(PART) SquadExpansion/MakingHistory/Parts/FuelTank/Size1p5_Size1_Adapter_01/Size1p5_Size1_Adapter_01
[LOG 11:37:38.492] Config(PART) SquadExpansion/MakingHistory/Parts/FuelTank/Size1p5_Size1_Adapter_02/Size1p5_Size1_Adapter_02
[LOG 11:37:38.492] Config(PART) SquadExpansion/MakingHistory/Parts/FuelTank/Size1p5_Size2_Adapter_01/Size1p5_Size2_Adapter_01
[LOG 11:37:38.492] Config(PART) SquadExpansion/MakingHistory/Parts/FuelTank/Size1p5_Tank_01/Size1p5_Tank_01
[LOG 11:37:38.492] Config(PART) SquadExpansion/MakingHistory/Parts/FuelTank/Size1p5_Tank_02/Size1p5_Tank_02
[LOG 11:37:38.492] Config(PART) SquadExpansion/MakingHistory/Parts/FuelTank/Size1p5_Tank_03/Size1p5_Tank_03
[LOG 11:37:38.492] Config(PART) SquadExpansion/MakingHistory/Parts/FuelTank/Size1p5_Tank_04/Size1p5_Tank_04
[LOG 11:37:38.492] Config(PART) SquadExpansion/MakingHistory/Parts/FuelTank/Size1p5_Tank_05/Size1p5_Tank_05
[LOG 11:37:38.492] Config(PART) SquadExpansion/MakingHistory/Parts/FuelTank/Size3_Size4_Adapter_01/Size3_Size4_Adapter_01
[LOG 11:37:38.492] Config(PART) SquadExpansion/MakingHistory/Parts/FuelTank/Size4_EngineAdapter_01/Size4_EngineAdapter_01
[LOG 11:37:38.492] Config(PART) SquadExpansion/MakingHistory/Parts/FuelTank/Size4_Tank_01/Size4_Tank_01
[LOG 11:37:38.492] Config(PART) SquadExpansion/MakingHistory/Parts/FuelTank/Size4_Tank_02/Size4_Tank_02
[LOG 11:37:38.492] Config(PART) SquadExpansion/MakingHistory/Parts/FuelTank/Size4_Tank_03/Size4_Tank_03
[LOG 11:37:38.492] Config(PART) SquadExpansion/MakingHistory/Parts/FuelTank/Size4_Tank_04/Size4_Tank_04
[LOG 11:37:38.492] Config(PART) SquadExpansion/MakingHistory/Parts/Ground/RoverWheel/roverWheelM1-F
[LOG 11:37:38.492] Config(PART) SquadExpansion/MakingHistory/Parts/Payload/fairingSize1p5/fairingSize1p5
[LOG 11:37:38.492] Config(PART) SquadExpansion/MakingHistory/Parts/Payload/fairingSize4/fairingSize4
[LOG 11:37:38.492] Config(PART) SquadExpansion/MakingHistory/Parts/Payload/Size1to0ServiceModule/Size1to0ServiceModule
[LOG 11:37:38.492] Config(PART) SquadExpansion/MakingHistory/Parts/Payload/SM18/ServiceModule18
[LOG 11:37:38.493] Config(PART) SquadExpansion/MakingHistory/Parts/Payload/SM25/ServiceModule25
[LOG 11:37:38.493] Config(PART) SquadExpansion/MakingHistory/Parts/Pods/KV1Pod/kv1Pod
[LOG 11:37:38.493] Config(PART) SquadExpansion/MakingHistory/Parts/Pods/KV2Pod/kv2Pod
[LOG 11:37:38.493] Config(PART) SquadExpansion/MakingHistory/Parts/Pods/KV3Pod/kv3Pod
[LOG 11:37:38.493] Config(PART) SquadExpansion/MakingHistory/Parts/Pods/Mk2Pod/Mk2Pod
[LOG 11:37:38.493] Config(PART) SquadExpansion/MakingHistory/Parts/Pods/Size1_5_Lander/MEMLander
[LOG 11:37:38.493] Config(PART) SquadExpansion/MakingHistory/Parts/Prebuilt/kerbalEVAfemaleVintage/kerbalEVAfemaleVintage
[LOG 11:37:38.493] Config(PART) SquadExpansion/MakingHistory/Parts/Prebuilt/kerbalEVAVintage/kerbalEVAVintage
[LOG 11:37:38.493] Config(PART) SquadExpansion/MakingHistory/Parts/Structural/EquiTriangle0/EquiTriangle0
[LOG 11:37:38.493] Config(PART) SquadExpansion/MakingHistory/Parts/Structural/EquiTriangle1/EquiTriangle1
[LOG 11:37:38.493] Config(PART) SquadExpansion/MakingHistory/Parts/Structural/EquiTriangle1p5/EquiTriangle1p5
[LOG 11:37:38.493] Config(PART) SquadExpansion/MakingHistory/Parts/Structural/EquiTriangle2/EquiTriangle2
[LOG 11:37:38.493] Config(PART) SquadExpansion/MakingHistory/Parts/Structural/Panel0/Panel0
[LOG 11:37:38.493] Config(PART) SquadExpansion/MakingHistory/Parts/Structural/Panel1/Panel1
[LOG 11:37:38.493] Config(PART) SquadExpansion/MakingHistory/Parts/Structural/Panel1p5/Panel1p5
[LOG 11:37:38.493] Config(PART) SquadExpansion/MakingHistory/Parts/Structural/Panel2/Panel2
[LOG 11:37:38.493] Config(PART) SquadExpansion/MakingHistory/Parts/Structural/Triangle0/Triangle0
[LOG 11:37:38.493] Config(PART) SquadExpansion/MakingHistory/Parts/Structural/Triangle1/Triangle1
[LOG 11:37:38.493] Config(PART) SquadExpansion/MakingHistory/Parts/Structural/Triangle1p5/Triangle1p5
[LOG 11:37:38.493] Config(PART) SquadExpansion/MakingHistory/Parts/Structural/Triangle2/Triangle2
[LOG 11:37:38.493] Config(PART) SquadExpansion/MakingHistory/Parts/Structural/Tube1/Tube1
[LOG 11:37:38.493] Config(PART) SquadExpansion/MakingHistory/Parts/Structural/Tube1p5/Tube1p5
[LOG 11:37:38.493] Config(PART) SquadExpansion/MakingHistory/Parts/Structural/Tube2/Tube2
[LOG 11:37:38.493] Config(PART) SquadExpansion/MakingHistory/Parts/Structural/Tube3/Tube3
[LOG 11:37:38.493] Config(PART) SquadExpansion/MakingHistory/Parts/Structural/Tube4/Tube4
[LOG 11:37:38.493] Config(PART) SquadExpansion/MakingHistory/Parts/Thermal/HeatShield1p5/HeatShield1p5
[LOG 11:37:38.493] Config(PART) SquadExpansion/MakingHistory/Parts/Utility/flags/flagSize1p5/flagSize1p5/flagPartSize1p5
[LOG 11:37:38.493] Config(PART) SquadExpansion/MakingHistory/Parts/Utility/flags/flagSize4/flagSize4/flagPartSize4
[LOG 11:37:38.493] Config(INTERNAL) SquadExpansion/MakingHistory/Spaces/KVPods/Airlock_Internal/Airlock_IVA
[LOG 11:37:38.493] Config(INTERNAL) SquadExpansion/MakingHistory/Spaces/KVPods/KV1_Internal/KV1_IVA
[LOG 11:37:38.493] Config(INTERNAL) SquadExpansion/MakingHistory/Spaces/KVPods/KV2_Internal/KV2_IVA
[LOG 11:37:38.494] Config(INTERNAL) SquadExpansion/MakingHistory/Spaces/KVPods/KV3_Internal/KV3_IVA
[LOG 11:37:38.494] Config(INTERNAL) SquadExpansion/MakingHistory/Spaces/MEM/MEM_IVA/MEM_IVA
[LOG 11:37:38.494] Config(INTERNAL) SquadExpansion/MakingHistory/Spaces/Mk2Pod/Mk2Pod_Internal/MK2POD_IVA
[LOG 11:37:38.494] Config(Contracts) SquadExpansion/Serenity/Contracts/contracts/Contracts
[LOG 11:37:38.494] Config(EXPERIENCE_TRAIT) SquadExpansion/Serenity/Experience/Traits/Engineer
[LOG 11:37:38.494] Config(EXPERIENCE_TRAIT) SquadExpansion/Serenity/Experience/Traits/Scientist
[LOG 11:37:38.494] Config(Localization) SquadExpansion/Serenity/Localization/dictionary/Localization
[LOG 11:37:38.494] Config(PART) SquadExpansion/Serenity/Parts/Aero/FanShroud_01/FanShroud_01
[LOG 11:37:38.494] Config(PART) SquadExpansion/Serenity/Parts/Aero/FanShroud_02/FanShroud_02
[LOG 11:37:38.494] Config(PART) SquadExpansion/Serenity/Parts/Aero/FanShroud_03/FanShroud_03
[LOG 11:37:38.494] Config(PART) SquadExpansion/Serenity/Parts/Aero/noseconeTiny/noseconeTiny
[LOG 11:37:38.494] Config(PART) SquadExpansion/Serenity/Parts/Aero/noseconeVS/noseconeVS
[LOG 11:37:38.494] Config(PART) SquadExpansion/Serenity/Parts/DeployedScience/centralStation/DeployedCentralStation
[LOG 11:37:38.494] Config(PART) SquadExpansion/Serenity/Parts/DeployedScience/gooObservation/DeployedGoExOb
[LOG 11:37:38.494] Config(PART) SquadExpansion/Serenity/Parts/DeployedScience/ionCollector/DeployedIONExp
[LOG 11:37:38.494] Config(PART) SquadExpansion/Serenity/Parts/DeployedScience/rtg/DeployedRTG
[LOG 11:37:38.494] Config(PART) SquadExpansion/Serenity/Parts/DeployedScience/satDish/DeployedSatDish
[LOG 11:37:38.494] Config(PART) SquadExpansion/Serenity/Parts/DeployedScience/seismicSensor/DeployedSeismicSensor
[LOG 11:37:38.494] Config(PART) SquadExpansion/Serenity/Parts/DeployedScience/solarPanel/DeployedSolarPanel
[LOG 11:37:38.494] Config(PART) SquadExpansion/Serenity/Parts/DeployedScience/weatherStation/DeployedWeatherStn
[LOG 11:37:38.494] Config(PART) SquadExpansion/Serenity/Parts/Prebuilt/kerbalEVA/kerbalEVA
[LOG 11:37:38.494] Config(PART) SquadExpansion/Serenity/Parts/Prebuilt/kerbalEVAfemale/kerbalEVAfemale
[LOG 11:37:38.494] Config(PART) SquadExpansion/Serenity/Parts/Prebuilt/kerbalEVAfemaleFuture/kerbalEVAfemaleFuture
[LOG 11:37:38.494] Config(PART) SquadExpansion/Serenity/Parts/Prebuilt/kerbalEVAfemaleVintage/kerbalEVAfemaleVintage
[LOG 11:37:38.494] Config(PART) SquadExpansion/Serenity/Parts/Prebuilt/kerbalEVAFuture/kerbalEVAFuture
[LOG 11:37:38.494] Config(PART) SquadExpansion/Serenity/Parts/Prebuilt/kerbalEVASlimSuit/kerbalEVASlimSuit
[LOG 11:37:38.494] Config(PART) SquadExpansion/Serenity/Parts/Prebuilt/kerbalEVASlimSuitFemale/kerbalEVASlimSuitFemale
[LOG 11:37:38.494] Config(PART) SquadExpansion/Serenity/Parts/Prebuilt/kerbalEVAVintage/kerbalEVAVintage
[LOG 11:37:38.494] Config(PART) SquadExpansion/Serenity/Parts/Propellers/largeFanBlade/largeFanBlade
[LOG 11:37:38.494] Config(PART) SquadExpansion/Serenity/Parts/Propellers/largeHeliBlade/largeHeliBlade
[LOG 11:37:38.494] Config(PART) SquadExpansion/Serenity/Parts/Propellers/largePropeller/largePropeller
[LOG 11:37:38.494] Config(PART) SquadExpansion/Serenity/Parts/Propellers/mediumFanBlade/mediumFanBlade
[LOG 11:37:38.494] Config(PART) SquadExpansion/Serenity/Parts/Propellers/mediumHeliBlade/mediumHeliBlade
[LOG 11:37:38.494] Config(PART) SquadExpansion/Serenity/Parts/Propellers/mediumPropeller/mediumPropeller
[LOG 11:37:38.494] Config(PART) SquadExpansion/Serenity/Parts/Propellers/smallFanBlade/smallFanBlade
[LOG 11:37:38.494] Config(PART) SquadExpansion/Serenity/Parts/Propellers/smallHeliBlade/smallHeliBlade
[LOG 11:37:38.494] Config(PART) SquadExpansion/Serenity/Parts/Propellers/smallPropeller/smallPropeller
[LOG 11:37:38.494] Config(PART) SquadExpansion/Serenity/Parts/Robotics/hinge_01/hinge_01
[LOG 11:37:38.494] Config(PART) SquadExpansion/Serenity/Parts/Robotics/hinge_01_s/hinge_01_s
[LOG 11:37:38.495] Config(PART) SquadExpansion/Serenity/Parts/Robotics/hinge_03/hinge_03
[LOG 11:37:38.495] Config(PART) SquadExpansion/Serenity/Parts/Robotics/hinge_03_s/hinge_03_s
[LOG 11:37:38.495] Config(PART) SquadExpansion/Serenity/Parts/Robotics/hinge_04/hinge_04
[LOG 11:37:38.495] Config(PART) SquadExpansion/Serenity/Parts/Robotics/piston_01/piston_01
[LOG 11:37:38.495] Config(PART) SquadExpansion/Serenity/Parts/Robotics/piston_02/piston_02
[LOG 11:37:38.495] Config(PART) SquadExpansion/Serenity/Parts/Robotics/piston_03/piston_03
[LOG 11:37:38.495] Config(PART) SquadExpansion/Serenity/Parts/Robotics/piston_04/piston_04
[LOG 11:37:38.495] Config(PART) SquadExpansion/Serenity/Parts/Robotics/RotorEngine_02/RotorEngine_02
[LOG 11:37:38.495] Config(PART) SquadExpansion/Serenity/Parts/Robotics/RotorEngine_03/RotorEngine_03
[LOG 11:37:38.495] Config(PART) SquadExpansion/Serenity/Parts/Robotics/rotor_01/rotor_01
[LOG 11:37:38.495] Config(PART) SquadExpansion/Serenity/Parts/Robotics/rotor_01s/rotor_01s
[LOG 11:37:38.495] Config(PART) SquadExpansion/Serenity/Parts/Robotics/rotor_02/rotor_02
[LOG 11:37:38.495] Config(PART) SquadExpansion/Serenity/Parts/Robotics/rotor_02s/rotor_02s
[LOG 11:37:38.495] Config(PART) SquadExpansion/Serenity/Parts/Robotics/rotor_03/rotor_03
[LOG 11:37:38.495] Config(PART) SquadExpansion/Serenity/Parts/Robotics/rotor_03s/rotor_03s
[LOG 11:37:38.495] Config(PART) SquadExpansion/Serenity/Parts/Robotics/rotoServo_00/rotoServo_00
[LOG 11:37:38.495] Config(PART) SquadExpansion/Serenity/Parts/Robotics/rotoServo_02/rotoServo_02
[LOG 11:37:38.495] Config(PART) SquadExpansion/Serenity/Parts/Robotics/rotoServo_03/rotoServo_03
[LOG 11:37:38.495] Config(PART) SquadExpansion/Serenity/Parts/Robotics/rotoServo_04/rotoServo_04
[LOG 11:37:38.495] Config(PART) SquadExpansion/Serenity/Parts/Robotics/Controllers/KAL1000/controller1000
[LOG 11:37:38.495] Config(PART) SquadExpansion/Serenity/Parts/Science/RobotArmScanner/RobotArmScanner_S1/RobotArmScanner_S1
[LOG 11:37:38.495] Config(PART) SquadExpansion/Serenity/Parts/Science/RobotArmScanner/RobotArmScanner_S2/RobotArmScanner_S2
[LOG 11:37:38.495] Config(PART) SquadExpansion/Serenity/Parts/Science/RobotArmScanner/RobotArmScanner_S3/RobotArmScanner_S3
[LOG 11:37:38.495] Config(PART) SquadExpansion/Serenity/Parts/Structural/gripPads/lGripPad/lGripPad
[LOG 11:37:38.495] Config(PART) SquadExpansion/Serenity/Parts/Structural/gripPads/lGripStrip/lGripStrip
[LOG 11:37:38.495] Config(PART) SquadExpansion/Serenity/Parts/Structural/gripPads/mGripPad/mGripPad
[LOG 11:37:38.495] Config(PART) SquadExpansion/Serenity/Parts/Structural/gripPads/sGripPad/sGripPad
[LOG 11:37:38.495] Config(PART) SquadExpansion/Serenity/Parts/Structural/gripPads/sGripStrip/sGripStrip
[LOG 11:37:38.495] Config(DEPLOYEDSCIENCE) SquadExpansion/Serenity/Resources/DeployedScience/DEPLOYEDSCIENCE
[LOG 11:37:38.495] Config(PHYSICMATERIAL_DEFINITION) SquadExpansion/Serenity/Resources/PhysicsMaterials/MediumGrip
[LOG 11:37:38.495] Config(PHYSICMATERIAL_DEFINITION) SquadExpansion/Serenity/Resources/PhysicsMaterials/HighGrip
[LOG 11:37:38.495] Config(PHYSICMATERIAL_DEFINITION) SquadExpansion/Serenity/Resources/PhysicsMaterials/ExtremeGrip
[LOG 11:37:38.495] Config(PHYSICMATERIAL_DEFINITION) SquadExpansion/Serenity/Resources/PhysicsMaterials/LowGrip
[LOG 11:37:38.495] Config(PHYSICMATERIAL_DEFINITION) SquadExpansion/Serenity/Resources/PhysicsMaterials/Default
[LOG 11:37:38.495] Config(ROC_DEFINITION) SquadExpansion/Serenity/Resources/rocsdef/ROC_DEFINITION
[LOG 11:37:38.495] Config(ROC_DEFINITION) SquadExpansion/Serenity/Resources/rocsdef/ROC_DEFINITION
[LOG 11:37:38.495] Config(ROC_DEFINITION) SquadExpansion/Serenity/Resources/rocsdef/ROC_DEFINITION
[LOG 11:37:38.496] Config(ROC_DEFINITION) SquadExpansion/Serenity/Resources/rocsdef/ROC_DEFINITION
[LOG 11:37:38.496] Config(ROC_DEFINITION) SquadExpansion/Serenity/Resources/rocsdef/ROC_DEFINITION
[LOG 11:37:38.496] Config(ROC_DEFINITION) SquadExpansion/Serenity/Resources/rocsdef/ROC_DEFINITION
[LOG 11:37:38.496] Config(ROC_DEFINITION) SquadExpansion/Serenity/Resources/rocsdef/ROC_DEFINITION
[LOG 11:37:38.496] Config(ROC_DEFINITION) SquadExpansion/Serenity/Resources/rocsdef/ROC_DEFINITION
[LOG 11:37:38.496] Config(ROC_DEFINITION) SquadExpansion/Serenity/Resources/rocsdef/ROC_DEFINITION
[LOG 11:37:38.496] Config(ROC_DEFINITION) SquadExpansion/Serenity/Resources/rocsdef/ROC_DEFINITION
[LOG 11:37:38.496] Config(ROC_DEFINITION) SquadExpansion/Serenity/Resources/rocsdef/ROC_DEFINITION
[LOG 11:37:38.496] Config(ROC_DEFINITION) SquadExpansion/Serenity/Resources/rocsdef/ROC_DEFINITION
[LOG 11:37:38.496] Config(ROC_DEFINITION) SquadExpansion/Serenity/Resources/rocsdef/ROC_DEFINITION
[LOG 11:37:38.496] Config(ROC_DEFINITION) SquadExpansion/Serenity/Resources/rocsdef/ROC_DEFINITION
[LOG 11:37:38.496] Config(ROC_DEFINITION) SquadExpansion/Serenity/Resources/rocsdef/ROC_DEFINITION
[LOG 11:37:38.496] Config(ROC_DEFINITION) SquadExpansion/Serenity/Resources/rocsdef/ROC_DEFINITION
[LOG 11:37:38.496] Config(ROC_DEFINITION) SquadExpansion/Serenity/Resources/rocsdef/ROC_DEFINITION
[LOG 11:37:38.496] Config(ROC_DEFINITION) SquadExpansion/Serenity/Resources/rocsdef/ROC_DEFINITION
[LOG 11:37:38.496] Config(ROC_DEFINITION) SquadExpansion/Serenity/Resources/rocsdef/ROC_DEFINITION
[LOG 11:37:38.496] Config(ROC_DEFINITION) SquadExpansion/Serenity/Resources/rocsdef/ROC_DEFINITION
[LOG 11:37:38.496] Config(ROC_DEFINITION) SquadExpansion/Serenity/Resources/rocsdef/ROC_DEFINITION
[LOG 11:37:38.496] Config(ROC_DEFINITION) SquadExpansion/Serenity/Resources/rocsdef/ROC_DEFINITION
[LOG 11:37:38.496] Config(ROC_DEFINITION) SquadExpansion/Serenity/Resources/rocsdef/ROC_DEFINITION
[LOG 11:37:38.496] Config(ROC_DEFINITION) SquadExpansion/Serenity/Resources/rocsdef/ROC_DEFINITION
[LOG 11:37:38.496] Config(ROC_DEFINITION) SquadExpansion/Serenity/Resources/rocsdef/ROC_DEFINITION
[LOG 11:37:38.496] Config(ROC_DEFINITION) SquadExpansion/Serenity/Resources/rocsdef/ROC_DEFINITION
[LOG 11:37:38.496] Config(ROC_DEFINITION) SquadExpansion/Serenity/Resources/rocsdef/ROC_DEFINITION
[LOG 11:37:38.496] Config(ROC_DEFINITION) SquadExpansion/Serenity/Resources/rocsdef/ROC_DEFINITION
[LOG 11:37:38.496] Config(ROC_DEFINITION) SquadExpansion/Serenity/Resources/rocsdef/ROC_DEFINITION
[LOG 11:37:38.496] Config(ROC_DEFINITION) SquadExpansion/Serenity/Resources/rocsdef/ROC_DEFINITION
[LOG 11:37:38.496] Config(ROC_DEFINITION) SquadExpansion/Serenity/Resources/rocsdef/ROC_DEFINITION
[LOG 11:37:38.496] Config(ROC_DEFINITION) SquadExpansion/Serenity/Resources/rocsdef/ROC_DEFINITION
[LOG 11:37:38.496] Config(ROC_DEFINITION) SquadExpansion/Serenity/Resources/rocsdef/ROC_DEFINITION
[LOG 11:37:38.496] Config(ROC_DEFINITION) SquadExpansion/Serenity/Resources/rocsdef/ROC_DEFINITION
[LOG 11:37:38.496] Config(EXPERIMENT_DEFINITION) SquadExpansion/Serenity/Resources/ScienceDefs/EXPERIMENT_DEFINITION
[LOG 11:37:38.496] Config(EXPERIMENT_DEFINITION) SquadExpansion/Serenity/Resources/ScienceDefs/EXPERIMENT_DEFINITION
[LOG 11:37:38.496] Config(EXPERIMENT_DEFINITION) SquadExpansion/Serenity/Resources/ScienceDefs/EXPERIMENT_DEFINITION
[LOG 11:37:38.496] Config(EXPERIMENT_DEFINITION) SquadExpansion/Serenity/Resources/ScienceDefs/EXPERIMENT_DEFINITION
[LOG 11:37:38.496] Config(EXPERIMENT_DEFINITION) SquadExpansion/Serenity/Resources/ScienceDefs/EXPERIMENT_DEFINITION
[LOG 11:37:38.496] Config(EXPERIMENT_DEFINITION) SquadExpansion/Serenity/Resources/ScienceDefs/EXPERIMENT_DEFINITION
[LOG 11:37:38.496] Config(EXPERIMENT_DEFINITION) SquadExpansion/Serenity/Resources/ScienceDefs/EXPERIMENT_DEFINITION
[LOG 11:37:38.496] Config(EXPERIMENT_DEFINITION) SquadExpansion/Serenity/Resources/ScienceDefs/EXPERIMENT_DEFINITION
[LOG 11:37:38.496] Config(EXPERIMENT_DEFINITION) SquadExpansion/Serenity/Resources/ScienceDefs/EXPERIMENT_DEFINITION
[LOG 11:37:38.497] Config(EXPERIMENT_DEFINITION) SquadExpansion/Serenity/Resources/ScienceDefs/EXPERIMENT_DEFINITION
[LOG 11:37:38.497] Config(EXPERIMENT_DEFINITION) SquadExpansion/Serenity/Resources/ScienceDefs/EXPERIMENT_DEFINITION
[LOG 11:37:38.497] Config(EXPERIMENT_DEFINITION) SquadExpansion/Serenity/Resources/ScienceDefs/EXPERIMENT_DEFINITION
[LOG 11:37:38.497] Config(EXPERIMENT_DEFINITION) SquadExpansion/Serenity/Resources/ScienceDefs/EXPERIMENT_DEFINITION
[LOG 11:37:38.497] Config(EXPERIMENT_DEFINITION) SquadExpansion/Serenity/Resources/ScienceDefs/EXPERIMENT_DEFINITION
[LOG 11:37:38.497] Config(EXPERIMENT_DEFINITION) SquadExpansion/Serenity/Resources/ScienceDefs/EXPERIMENT_DEFINITION
[LOG 11:37:38.497] Config(EXPERIMENT_DEFINITION) SquadExpansion/Serenity/Resources/ScienceDefs/EXPERIMENT_DEFINITION
[LOG 11:37:38.497] Config(EXPERIMENT_DEFINITION) SquadExpansion/Serenity/Resources/ScienceDefs/EXPERIMENT_DEFINITION
[LOG 11:37:38.497] Config(EXPERIMENT_DEFINITION) SquadExpansion/Serenity/Resources/ScienceDefs/EXPERIMENT_DEFINITION
[LOG 11:37:38.497] Config(EXPERIMENT_DEFINITION) SquadExpansion/Serenity/Resources/ScienceDefs/EXPERIMENT_DEFINITION
[LOG 11:37:38.497] Config(EXPERIMENT_DEFINITION) SquadExpansion/Serenity/Resources/ScienceDefs/EXPERIMENT_DEFINITION
[LOG 11:37:38.497] Config(EXPERIMENT_DEFINITION) SquadExpansion/Serenity/Resources/ScienceDefs/EXPERIMENT_DEFINITION
[LOG 11:37:38.497] Config(EXPERIMENT_DEFINITION) SquadExpansion/Serenity/Resources/ScienceDefs/EXPERIMENT_DEFINITION
[LOG 11:37:38.497] Config(EXPERIMENT_DEFINITION) SquadExpansion/Serenity/Resources/ScienceDefs/EXPERIMENT_DEFINITION
[LOG 11:37:38.497] Config(EXPERIMENT_DEFINITION) SquadExpansion/Serenity/Resources/ScienceDefs/EXPERIMENT_DEFINITION
[LOG 11:37:38.497] Config(EXPERIMENT_DEFINITION) SquadExpansion/Serenity/Resources/ScienceDefs/EXPERIMENT_DEFINITION
[LOG 11:37:38.497] Config(EXPERIMENT_DEFINITION) SquadExpansion/Serenity/Resources/ScienceDefs/EXPERIMENT_DEFINITION
[LOG 11:37:38.497] Config(EXPERIMENT_DEFINITION) SquadExpansion/Serenity/Resources/ScienceDefs/EXPERIMENT_DEFINITION
[LOG 11:37:38.497] Config(EXPERIMENT_DEFINITION) SquadExpansion/Serenity/Resources/ScienceDefs/EXPERIMENT_DEFINITION
[LOG 11:37:38.497] Config(EXPERIMENT_DEFINITION) SquadExpansion/Serenity/Resources/ScienceDefs/EXPERIMENT_DEFINITION
[LOG 11:37:38.497] Config(EXPERIMENT_DEFINITION) SquadExpansion/Serenity/Resources/ScienceDefs/EXPERIMENT_DEFINITION
[LOG 11:37:38.497] Config(EXPERIMENT_DEFINITION) SquadExpansion/Serenity/Resources/ScienceDefs/EXPERIMENT_DEFINITION
[LOG 11:37:38.497] Config(EXPERIMENT_DEFINITION) SquadExpansion/Serenity/Resources/ScienceDefs/EXPERIMENT_DEFINITION
[LOG 11:37:38.497] Config(EXPERIMENT_DEFINITION) SquadExpansion/Serenity/Resources/ScienceDefs/EXPERIMENT_DEFINITION
[LOG 11:37:38.497] Config(EXPERIMENT_DEFINITION) SquadExpansion/Serenity/Resources/ScienceDefs/EXPERIMENT_DEFINITION
[LOG 11:37:38.497] Config(EXPERIMENT_DEFINITION) SquadExpansion/Serenity/Resources/ScienceDefs/EXPERIMENT_DEFINITION
[LOG 11:37:38.497] Config(EXPERIMENT_DEFINITION) SquadExpansion/Serenity/Resources/ScienceDefs/EXPERIMENT_DEFINITION
[LOG 11:37:38.497] Config(EXPERIMENT_DEFINITION) SquadExpansion/Serenity/Resources/ScienceDefs/EXPERIMENT_DEFINITION
[LOG 11:37:38.497] Config(EXPERIMENT_DEFINITION) SquadExpansion/Serenity/Resources/ScienceDefs/EXPERIMENT_DEFINITION
[LOG 11:37:38.497] Config(STORY_DEF) SquadExpansion/Serenity/Resources/StoryDefs/STORY_DEF
[LOG 11:37:38.497] Compiling Configs Completed.
[LOG 11:37:38.500] Resource LiquidFuel added to database
[LOG 11:37:38.500] Resource Oxidizer added to database
[LOG 11:37:38.501] Resource SolidFuel added to database
[LOG 11:37:38.501] Resource MonoPropellant added to database
[LOG 11:37:38.501] Resource XenonGas added to database
[LOG 11:37:38.501] Resource ElectricCharge added to database
[LOG 11:37:38.501] Resource IntakeAir added to database
[LOG 11:37:38.501] Resource EVA Propellant added to database
[LOG 11:37:38.502] Resource Ore added to database
[LOG 11:37:38.502] Resource Ablator added to database
[LOG 11:37:38.503] Resource MediumGrip added to database
[LOG 11:37:38.503] Resource HighGrip added to database
[LOG 11:37:38.503] Resource ExtremeGrip added to database
[LOG 11:37:38.503] Resource LowGrip added to database
[LOG 11:37:38.503] Resource Default added to database
[LOG 11:37:38.503] CodeAssetLoader: Compiling all code assets
[LOG 11:37:38.507] ExperienceSystemConfig: Added Effect 'DeployedSciencePowerSkill' to Trait 'Ingénieur'
[LOG 11:37:38.507] ExperienceSystemConfig: Added Effect 'DeployedScienceExpSkill' to Trait 'Scientifique'
[LOG 11:37:38.512] ConfigNode[]
[LOG 11:37:38.512] GameDatabase: Assets loaded in 28.395s
[LOG 11:37:38.513] [ModuleManager] Waited 0.000s for patching to finish
[LOG 11:37:38.513] [ModuleManager] Applying patched game database
[LOG 11:37:38.515] [ModuleManager] Dumping ModuleManager log to main log
[LOG 11:37:38.516] [ModuleManager] 
#### BEGIN MODULEMANAGER LOG ####


[LOG 11:37:18.383] Log started at 2026-09-24 11:37:18.383
[LOG 11:37:21.528] Checking Cache
[LOG 11:37:21.762] SHA generated in 0.231s
[LOG 11:37:21.762]       SHA = 2F-A9-07-BD-CE-F4-37-9A-AB-28-B6-3E-5D-81-5A-BB-A3-D8-56-62-37-0F-47-57-32-8F-87-2F-7C-0D-0B-35
[LOG 11:37:21.783] Cache SHA = 42-8E-66-31-DF-F8-17-4E-2F-FE-91-9E-FD-B3-0C-DA-3A-21-DA-EC-E8-D4-A4-AE-5A-82-05-C3-CD-57-09-B4
[LOG 11:37:21.783] useCache = False
[LOG 11:37:21.784] Pre patch init
[LOG 11:37:21.917] compiling list of loaded mods...
Mod DLLs found:
  Name                                    Assembly Version         Assembly File Version    KSPAssembly Version      SHA256

  Assembly-CSharp                         0.0.0.0                  0.0.0.0                  1.12                     d9e42483f25ee80a9c11d6c1c0a0d29b4ec78c1e08d76c971b71580c9cce51e4
  ModuleManager                           4.2.3.0                  4.2.3.0                  2.5                      95847827ab293b9e82a19b7efb97ffea3e98cc03b181862536ac8eb572e30d7d
  0Harmony                                2.2.1.0                  2.2.1.0                                           19ce60ac3280f72ec1751d36a40cb7e2fece2934df8345969dc7feb83bd633e4
  HarmonyInstallChecker                   2.2.1.0                  2.2.1.0                  1.0                      f11e659e91a52c21c5bda78e52b82a7bdc246bcab6a999733af3c69a11a9dc0e
  0_MultipleModuleInPartAPI               1.0.0.0                  1.0.0.0                  1.0                      df4a22fb0535de7fa154ca234b50dd7c2fc6be879e4a877d9bad1f87bafafcbf
  KSPCommunityFixes                       1.41.0.0                 1.41.1.0                 1.41                     e08ebbec7ab34f4f7ff56d6e900051bb0d259a4bc092881d7db3ca2f9f2e9a11
  KSPSteamCtrlr                           0.0.1.35                 0.0.1.35                                          1675fa4fcb61d014eb1babe7eed703e7f76a1008537ee57ca7cec65cd9ff94ac
  TerrainPrecisionFixDiag2Mod             1.0.9763.17423           1.0.9763.17423                                    1d1bcbd98a1f9779b51c29b5524057ef49d2c8b8e41b0733316de17fd5984023
  TerrainPrecisionFixDiag3Mod             1.0.9762.16971           1.0.9762.16971                                    76f46bd5f0bdb477749617e810a7ea4aabaf4c069ad92e85b8148f5462985212
  TerrainPrecisionFixDiagMod              1.0.9762.27666           1.0.9762.27666                                    ba97fd3121638549a429ae63d568a18511f33593f5e703793dd286e69741ca96
Non-DLL mods added (:FOR[xxx]):
Mods by directory (sub directories of GameData):
  000_Harmony
  Squad
  SquadExpansion
Mods added by assemblies:

[LOG 11:37:21.918] Loading Physics.cfg
[LOG 11:37:21.920] Extracting patches
[LOG 11:37:21.930] Deleting root node in file KSPCommunityFixes/MMPatches/ModSupport/FixDockingNodes node: @PART[*]:HAS[@MODULE[ModuleDockingNodeFixed]]:NEEDS[FixDockingNodes]:FINAL as it can't satisfy its NEEDS
[LOG 11:37:21.931] Deleting root node in file KSPCommunityFixes/MMPatches/ModSupport/KSPRecall node: @KSP_COMMUNITY_FIXES:NEEDS[AttachedOnEditor] as it can't satisfy its NEEDS
[LOG 11:37:21.931] Deleting root node in file KSPCommunityFixes/MMPatches/ModSupport/UniversalStorage node: @KSP_COMMUNITY_FIXES:NEEDS[UniversalStorage2] as it can't satisfy its NEEDS
[LOG 11:37:21.979] Applying patches
[LOG 11:37:21.980] :INSERT (initial) pass
[LOG 11:37:22.002] :FIRST pass
[LOG 11:37:22.005] Applying update KSPCommunityFixes/MMPatches/StockTweaks/LadderToggleableLight/@PART[telescopicLadderBay]:FIRST to Squad/Parts/Utility/ladderTelescopicBay/ladderTelescopicBay.cfg/PART[telescopicLadderBay]
[LOG 11:37:22.011] Applying update KSPCommunityFixes/MMPatches/StockTweaks/LadderToggleableLight/@PART[telescopicLadderBay]:HAS[#LadderToggleableLight[?rue]]:FIRST to Squad/Parts/Utility/ladderTelescopicBay/ladderTelescopicBay.cfg/PART[telescopicLadderBay]
[LOG 11:37:22.011] Applying update KSPCommunityFixes/MMPatches/StockTweaks/LadderToggleableLight/@PART[telescopicLadderBay]:HAS[#LadderToggleableLight]:FIRST to Squad/Parts/Utility/ladderTelescopicBay/ladderTelescopicBay.cfg/PART[telescopicLadderBay]
[LOG 11:37:22.012] Applying update KSPCommunityFixes/MMPatches/StockTweaks/LandingGearLights/@PART[GearSmall]:FIRST to Squad/Parts/Wheel/LandingGear/GearMedium.cfg/PART[GearSmall]
[LOG 11:37:22.013] Applying update KSPCommunityFixes/MMPatches/StockTweaks/LandingGearLights/@PART[SmallGearBay]:FIRST to Squad/Parts/Wheel/LandingGear/GearSmall.cfg/PART[SmallGearBay]
[LOG 11:37:22.014] :LEGACY (default) pass
[LOG 11:37:22.015] :BEFORE[0_MULTIPLEMODULEINPARTAPI] pass
[LOG 11:37:22.015] :FOR[0_MULTIPLEMODULEINPARTAPI] pass
[LOG 11:37:22.015] :AFTER[0_MULTIPLEMODULEINPARTAPI] pass
[LOG 11:37:22.015] :BEFORE[000_HARMONY] pass
[LOG 11:37:22.015] :FOR[000_HARMONY] pass
[LOG 11:37:22.015] :AFTER[000_HARMONY] pass
[LOG 11:37:22.015] :BEFORE[0HARMONY] pass
[LOG 11:37:22.015] :FOR[0HARMONY] pass
[LOG 11:37:22.015] :AFTER[0HARMONY] pass
[LOG 11:37:22.015] :BEFORE[ASSEMBLY-CSHARP] pass
[LOG 11:37:22.015] :FOR[ASSEMBLY-CSHARP] pass
[LOG 11:37:22.015] :AFTER[ASSEMBLY-CSHARP] pass
[LOG 11:37:22.015] :BEFORE[HARMONYINSTALLCHECKER] pass
[LOG 11:37:22.015] :FOR[HARMONYINSTALLCHECKER] pass
[LOG 11:37:22.015] :AFTER[HARMONYINSTALLCHECKER] pass
[LOG 11:37:22.015] :BEFORE[KSPCOMMUNITYFIXES] pass
[LOG 11:37:22.015] :FOR[KSPCOMMUNITYFIXES] pass
[LOG 11:37:22.015] Applying update KSPCommunityFixes/MMPatches/StockTweaks/ManufacturerFixes/@PART[sasModule]:FOR[KSPCommunityFixes] to Squad/Parts/Command/inlineReactionWheel/inlineReactionWheel.cfg/PART[sasModule]
[LOG 11:37:22.016] Applying update KSPCommunityFixes/MMPatches/StockTweaks/ManufacturerFixes/@PART[xenonTankRadial]:FOR[KSPCommunityFixes] to Squad/Parts/FuelTank/xenonTankRadial/xenonTankRadial.cfg/PART[xenonTankRadial]
[LOG 11:37:22.016] Applying update KSPCommunityFixes/MMPatches/StockTweaks/ManufacturerFixes/@PART[winglet|fireworksLauncherSmall|fireworksLauncherBig]:FOR[KSPCommunityFixes] to Squad/Parts/Aero/wingletAV-T1/wingletAV-T1.cfg/PART[winglet]
[LOG 11:37:22.016] Applying update KSPCommunityFixes/MMPatches/StockTweaks/ManufacturerFixes/@PART[winglet|fireworksLauncherSmall|fireworksLauncherBig]:FOR[KSPCommunityFixes] to Squad/Parts/Utility/Fireworks/fireworksLauncherBig.cfg/PART[fireworksLauncherBig]
[LOG 11:37:22.016] Applying update KSPCommunityFixes/MMPatches/StockTweaks/ManufacturerFixes/@PART[winglet|fireworksLauncherSmall|fireworksLauncherBig]:FOR[KSPCommunityFixes] to Squad/Parts/Utility/Fireworks/fireworksLauncherSmall.cfg/PART[fireworksLauncherSmall]
[LOG 11:37:22.017] Applying update KSPCommunityFixes/MMPatches/StockTweaks/ManufacturerFixes/@PART[solidBooster_sm_v2|solidBooster_v2]:FOR[KSPCommunityFixes] to Squad/Parts/Engine/Size1_SRBs/solidBoosterRT-10_v2.cfg/PART[solidBooster_v2]
[LOG 11:37:22.017] Applying update KSPCommunityFixes/MMPatches/StockTweaks/ManufacturerFixes/@PART[solidBooster_sm_v2|solidBooster_v2]:FOR[KSPCommunityFixes] to Squad/Parts/Engine/Size1_SRBs/solidBoosterRT-5_v2.cfg/PART[solidBooster_sm_v2]
[LOG 11:37:22.017] Applying update KSPCommunityFixes/MMPatches/StockTweaks/ManufacturerFixes/@PART[ServiceBay_125_v2|ServiceBay_250_v2]:FOR[KSPCommunityFixes] to Squad/Parts/Utility/ServiceBay_v2/ServiceBay_125_v2.cfg/PART[ServiceBay_125_v2]
[LOG 11:37:22.017] Applying update KSPCommunityFixes/MMPatches/StockTweaks/ManufacturerFixes/@PART[ServiceBay_125_v2|ServiceBay_250_v2]:FOR[KSPCommunityFixes] to Squad/Parts/Utility/ServiceBay_v2/ServiceBay_250_v2.cfg/PART[ServiceBay_250_v2]
[LOG 11:37:22.018] Applying update KSPCommunityFixes/MMPatches/StockTweaks/ManufacturerFixes/@PART[externalTankCapsule]:FOR[KSPCommunityFixes] to Squad/Parts/FuelTank/FoilTanks/RadialTank_Capsule.cfg/PART[externalTankCapsule]
[LOG 11:37:22.018] Applying update KSPCommunityFixes/MMPatches/StockTweaks/ManufacturerFixes/@PART[RCSFuelTank|rcsTankMini|RCSTank1-2]:FOR[KSPCommunityFixes] to Squad/Parts/FuelTank/RCSFuelTankR1/RCSFuelTankR1.cfg/PART[RCSTank1-2]
[LOG 11:37:22.018] Applying update KSPCommunityFixes/MMPatches/StockTweaks/ManufacturerFixes/@PART[RCSFuelTank|rcsTankMini|RCSTank1-2]:FOR[KSPCommunityFixes] to Squad/Parts/FuelTank/RCSFuelTankR10/RCSFuelTankR10.cfg/PART[rcsTankMini]
[LOG 11:37:22.018] Applying update KSPCommunityFixes/MMPatches/StockTweaks/ManufacturerFixes/@PART[RCSFuelTank|rcsTankMini|RCSTank1-2]:FOR[KSPCommunityFixes] to Squad/Parts/FuelTank/RCSFuelTankR25/RCSFuelTankR25.cfg/PART[RCSFuelTank]
[LOG 11:37:22.018] Applying update KSPCommunityFixes/MMPatches/StockTweaks/ManufacturerFixes/@PART[landerCabinSmall]:FOR[KSPCommunityFixes] to Squad/Parts/Command/mk1LanderCan/mk1LanderCan.cfg/PART[landerCabinSmall]
[LOG 11:37:22.019] Applying update KSPCommunityFixes/MMPatches/StockTweaks/ManufacturerFixes/@PART[dockingPortLateral]:FOR[KSPCommunityFixes] to Squad/Parts/Utility/dockingPortInline/dockingPortInline.cfg/PART[dockingPortLateral]
[LOG 11:37:22.019] Applying update KSPCommunityFixes/MMPatches/StockTweaks/ManufacturerFixes/@PART[EnginePlate4]:FOR[KSPCommunityFixes]:NEEDS[SquadExpansion/MakingHistory] to SquadExpansion/MakingHistory/Parts/Coupling/EnginePlate_4.cfg/PART[EnginePlate4]
[LOG 11:37:22.019] Applying update KSPCommunityFixes/MMPatches/StockTweaks/ManufacturerFixes/@PART[Mk2Pod]:FOR[KSPCommunityFixes]:NEEDS[SquadExpansion/MakingHistory] to SquadExpansion/MakingHistory/Parts/Pods/Mk2Pod.cfg/PART[Mk2Pod]
[LOG 11:37:22.020] Applying update KSPCommunityFixes/MMPatches/StockTweaks/ManufacturerFixes/@PART[evaChute|parachuteSingle|parachuteRadial|radialDrogue|parachuteLarge|parachuteDrogue]:FOR[KSPCommunityFixes] to Squad/Parts/Cargo/Parachute/Parachute.cfg/PART[evaChute]
[LOG 11:37:22.020] Applying update KSPCommunityFixes/MMPatches/StockTweaks/ManufacturerFixes/@PART[evaChute|parachuteSingle|parachuteRadial|radialDrogue|parachuteLarge|parachuteDrogue]:FOR[KSPCommunityFixes] to Squad/Parts/Utility/parachuteMk1/parachuteMk1.cfg/PART[parachuteSingle]
[LOG 11:37:22.020] Applying update KSPCommunityFixes/MMPatches/StockTweaks/ManufacturerFixes/@PART[evaChute|parachuteSingle|parachuteRadial|radialDrogue|parachuteLarge|parachuteDrogue]:FOR[KSPCommunityFixes] to Squad/Parts/Utility/parachuteMk12-R/parachuteMk12-R.cfg/PART[radialDrogue]
[LOG 11:37:22.020] Applying update KSPCommunityFixes/MMPatches/StockTweaks/ManufacturerFixes/@PART[evaChute|parachuteSingle|parachuteRadial|radialDrogue|parachuteLarge|parachuteDrogue]:FOR[KSPCommunityFixes] to Squad/Parts/Utility/parachuteMk16-XL/parachuteMk16-XL.cfg/PART[parachuteLarge]
[LOG 11:37:22.020] Applying update KSPCommunityFixes/MMPatches/StockTweaks/ManufacturerFixes/@PART[evaChute|parachuteSingle|parachuteRadial|radialDrogue|parachuteLarge|parachuteDrogue]:FOR[KSPCommunityFixes] to Squad/Parts/Utility/parachuteMk2-R/parachuteMk2-R.cfg/PART[parachuteRadial]
[LOG 11:37:22.020] Applying update KSPCommunityFixes/MMPatches/StockTweaks/ManufacturerFixes/@PART[evaChute|parachuteSingle|parachuteRadial|radialDrogue|parachuteLarge|parachuteDrogue]:FOR[KSPCommunityFixes] to Squad/Parts/Utility/parachuteMk25/parachuteMk25.cfg/PART[parachuteDrogue]
[LOG 11:37:22.021] Applying update KSPCommunityFixes/MMPatches/StockTweaks/ManufacturerFixes/@PART[stackPoint1|dockingPort1|dockingPort2|dockingPort3|dockingPortLarge]:FOR[KSPCommunityFixes] to Squad/Parts/Utility/dockingPort/dockingPort.cfg/PART[dockingPort2]
[LOG 11:37:22.021] Applying update KSPCommunityFixes/MMPatches/StockTweaks/ManufacturerFixes/@PART[stackPoint1|dockingPort1|dockingPort2|dockingPort3|dockingPortLarge]:FOR[KSPCommunityFixes] to Squad/Parts/Utility/dockingPortJr/dockingPortJr.cfg/PART[dockingPort3]
[LOG 11:37:22.022] Applying update KSPCommunityFixes/MMPatches/StockTweaks/ManufacturerFixes/@PART[stackPoint1|dockingPort1|dockingPort2|dockingPort3|dockingPortLarge]:FOR[KSPCommunityFixes] to Squad/Parts/Utility/dockingPortShielded/dockingPortShielded.cfg/PART[dockingPort1]
[LOG 11:37:22.022] Applying update KSPCommunityFixes/MMPatches/StockTweaks/ManufacturerFixes/@PART[stackPoint1|dockingPort1|dockingPort2|dockingPort3|dockingPortLarge]:FOR[KSPCommunityFixes] to Squad/Parts/Utility/dockingPortSr/dockingPortSr.cfg/PART[dockingPortLarge]
[LOG 11:37:22.022] Applying update KSPCommunityFixes/MMPatches/StockTweaks/ManufacturerFixes/@PART[stackPoint1|dockingPort1|dockingPort2|dockingPort3|dockingPortLarge]:FOR[KSPCommunityFixes] to Squad/Parts/Utility/radialAttachmentPoint/radialAttachmentPoint.cfg/PART[stackPoint1]
[LOG 11:37:22.022] :AFTER[KSPCOMMUNITYFIXES] pass
[LOG 11:37:22.022] :BEFORE[KSPSTEAMCTRLR] pass
[LOG 11:37:22.022] :FOR[KSPSTEAMCTRLR] pass
[LOG 11:37:22.022] :AFTER[KSPSTEAMCTRLR] pass
[LOG 11:37:22.022] :BEFORE[MODULEMANAGER] pass
[LOG 11:37:22.022] :FOR[MODULEMANAGER] pass
[LOG 11:37:22.022] :AFTER[MODULEMANAGER] pass
[LOG 11:37:22.022] :BEFORE[SQUAD] pass
[LOG 11:37:22.022] :FOR[SQUAD] pass
[LOG 11:37:22.022] :AFTER[SQUAD] pass
[LOG 11:37:22.022] :BEFORE[SQUADEXPANSION] pass
[LOG 11:37:22.022] :FOR[SQUADEXPANSION] pass
[LOG 11:37:22.022] :AFTER[SQUADEXPANSION] pass
[LOG 11:37:22.022] :BEFORE[TERRAINPRECISIONFIXDIAG2MOD] pass
[LOG 11:37:22.022] :FOR[TERRAINPRECISIONFIXDIAG2MOD] pass
[LOG 11:37:22.022] :AFTER[TERRAINPRECISIONFIXDIAG2MOD] pass
[LOG 11:37:22.022] :BEFORE[TERRAINPRECISIONFIXDIAG3MOD] pass
[LOG 11:37:22.022] :FOR[TERRAINPRECISIONFIXDIAG3MOD] pass
[LOG 11:37:22.022] :AFTER[TERRAINPRECISIONFIXDIAG3MOD] pass
[LOG 11:37:22.022] :BEFORE[TERRAINPRECISIONFIXDIAGMOD] pass
[LOG 11:37:22.022] :FOR[TERRAINPRECISIONFIXDIAGMOD] pass
[LOG 11:37:22.022] :AFTER[TERRAINPRECISIONFIXDIAGMOD] pass
[LOG 11:37:22.023] :LAST[999_KSP-RECALL] pass
[LOG 11:37:22.035] :FINAL pass
[LOG 11:37:22.035] Done patching
[LOG 11:37:22.035] Saving Cache
[LOG 11:37:22.085] Saving cache
[LOG 11:37:22.391] ModuleManager: 33 patches applied

[LOG 11:37:22.391] Ran in 0.862s
[LOG 11:37:22.433] Done!



#### END MODULEMANAGER LOG ####
[LOG 11:37:38.517] [ModuleManager] Running tests...
[LOG 11:37:38.517] [ModuleManager] tests complete.
[LOG 11:37:38.518] [ModuleManager] Reloading resources definitions
[LOG 11:37:38.518] Resource LiquidFuel added to database
[LOG 11:37:38.518] Resource Oxidizer added to database
[LOG 11:37:38.518] Resource SolidFuel added to database
[LOG 11:37:38.518] Resource MonoPropellant added to database
[LOG 11:37:38.518] Resource XenonGas added to database
[LOG 11:37:38.518] Resource ElectricCharge added to database
[LOG 11:37:38.519] Resource IntakeAir added to database
[LOG 11:37:38.519] Resource EVA Propellant added to database
[LOG 11:37:38.519] Resource Ore added to database
[LOG 11:37:38.519] Resource Ablator added to database
[LOG 11:37:38.519] [ModuleManager] Reloading Trait configs
[LOG 11:37:38.519] ExperienceSystemConfig: Added Effect 'DeployedSciencePowerSkill' to Trait 'Ingénieur'
[LOG 11:37:38.519] ExperienceSystemConfig: Added Effect 'DeployedScienceExpSkill' to Trait 'Scientifique'
[LOG 11:37:38.519] [ModuleManager] Reloading Part Upgrades
[LOG 11:37:38.520] [ModuleManager] Setting modded physics as the active one
[LOG 11:37:38.521] PhysicsGlobals: Loading database
[LOG 11:37:38.522] [ModuleManager] Running post patch callbacks
[LOG 11:37:38.530] [KSPCommunityFixes] Patch AutoStrutDrift applied.
[LOG 11:37:38.533] [KSPCommunityFixes] Patch EditorAnimatedPartsShipModified applied.
[LOG 11:37:38.542] [KSPCommunityFixes] Patch DragCubeLoadException applied.
[LOG 11:37:38.547] [KSPCommunityFixes] Patch DoubleCurvePreserveTangents applied.
[LOG 11:37:38.604] [KSPCommunityFixes] Patch DockingPortRotationDriftAndFixes applied.
[LOG 11:37:38.641] [KSPCommunityFixes] Patch DockingPortConserveMomentum applied.
[LOG 11:37:38.646] [KSPCommunityFixes] Patch DebugConsoleDontStealInput applied.
[LOG 11:37:38.649] [KSPCommunityFixes] Patch CorrectDragForFlags applied.
[LOG 11:37:38.650] [KSPCommunityFixes] Patch CometMiningNotRemovingMass applied.
[LOG 11:37:38.655] [KSPCommunityFixes] Patch ChutePhantomSymmetry applied.
[LOG 11:37:38.657] [KSPCommunityFixes] Patch CometSpawnerUniqueFlightId applied.
[LOG 11:37:38.658] [KSPCommunityFixes] Patch AsteroidSpawnerUniqueFlightId applied.
[LOG 11:37:38.660] [KSPCommunityFixes] Patch AsteroidInfiniteMining applied.
[LOG 11:37:38.687] [KSPCommunityFixes] Patch PersistentIConfigNode applied.
[LOG 11:37:38.687] [KSPCommunityFixes] Patch OnSymmetryFieldChanged not applied (not enabled in Settings.cfg)
[LOG 11:37:38.688] [KSPCommunityFixes] Patch ModUpgradePipeline not applied (not enabled in Settings.cfg)
[LOG 11:37:38.688] [KSPCommunityFixes] Patch KSPFieldEnumDesc not applied (not enabled in Settings.cfg)
[LOG 11:37:38.689] [KSPCommunityFixes] Patch EventProfilerMarkers not applied (not enabled in Settings.cfg)
[LOG 11:37:38.689] [KSPCommunityFixes] Patch DockingPortLockedEvents not applied (not enabled in Settings.cfg)
[LOG 11:37:38.691] [KSPCommunityFixes] Patch DepartmentHeadImage applied.
[LOG 11:37:38.700] [KSPCommunityFixes] Patch BaseFieldListUseFieldHost applied.
[LOG 11:37:38.726] [KSPCommunityFixes] Patch ResourceConverterPerf applied.
[LOG 11:37:38.732] [KSPCommunityFixes] Patch ProgressTrackingSpeedBoost applied.
[LOG 11:37:38.736] [KSPCommunityFixes] Patch PQSUpdateNoMemoryAlloc applied.
[LOG 11:37:38.736] [KSPCommunityFixes] Patch PQSOnlyStartOnce not applied (not enabled in Settings.cfg)
[LOG 11:37:38.748] [KSPCommunityFixes] Patch PQSCoroutineLeak applied.
[LOG 11:37:38.782] [KSPCommunityFixes] Patch PartSystemsFastUpdate applied.
[LOG 11:37:38.799] [KSPCommunityFixes] Patch PartParsingPerf applied.
[LOG 11:37:38.802] [KSPCommunityFixes] Patch EnginePlateAirstreamShieldedTopPart applied.
[LOG 11:37:38.807] [KSPCommunityFixes] Patch EVAConstructionMass applied.
[LOG 11:37:38.813] [KSPCommunityFixes] Patch EVAConstructionUninitializedInventory applied.
[LOG 11:37:38.817] [KSPCommunityFixes] Patch EVAKerbalRecovery applied.
[LOG 11:37:38.821] [KSPCommunityFixes] Patch TimeWarpOrbitShift applied.
[LOG 11:37:38.822] [KSPCommunityFixes] Patch TimeWarpBodyCollision applied.
[LOG 11:37:38.832] [KSPCommunityFixes] Patch ThumbnailSpotlight applied.
[LOG 11:37:38.835] [KSPCommunityFixes] Patch SymmetryReferenceOnDelete applied.
[LOG 11:37:38.835] [KSPCommunityFixes] Patch StrategyDuration not applied (not enabled in Settings.cfg)
[LOG 11:37:38.837] [KSPCommunityFixes] Patch StockAlarmDescPreserveLineBreak applied.
[LOG 11:37:38.856] [KSPCommunityFixes] Patch StickySplashedFixer applied.
[LOG 11:37:38.862] [KSPCommunityFixes] Patch ScatterDistribution applied.
[LOG 11:37:38.889] [KSPCommunityFixes] Patch RoboticsDrift applied.
[LOG 11:37:38.890] [KSPCommunityFixes] Patch RestoreMaxPhysicsDT applied.
[LOG 11:37:38.911] [KSPCommunityFixes] Patch RespawnDeadKerbals applied.
[LOG 11:37:38.914] [KSPCommunityFixes] Patch RescaledRoboticParts applied.
[LOG 11:37:38.918] [KSPCommunityFixes] Patch ReRootPreserveSurfaceAttach applied.
[LOG 11:37:38.935] [KSPCommunityFixes] Patch OptimizedModuleRaycasts applied.
[LOG 11:37:38.941] GetSubclassesOfParentClass: Found 1 types with ModuleInventoryPart parent in 10 assemblies.
[LOG 11:37:38.947] [KSPCommunityFixes] Patch RefundingOnRecovery applied.
[LOG 11:37:38.947] [KSPCommunityFixes] Patch PatchedConicEncounterFlickering applied.
[LOG 11:37:38.957] [KSPCommunityFixes] Patch PartListTooltipIconSpin applied.
[LOG 11:37:38.960] [KSPCommunityFixes] Patch PackedPartsRotation applied.
[LOG 11:37:38.970] [KSPCommunityFixes] Patch ModulePartVariantsNodePersistence applied.
[LOG 11:37:38.973] [KSPCommunityFixes] Patch ModuleAnimateGenericCrewModSpawnIVA applied.
[LOG 11:37:38.975] [KSPCommunityFixes] Patch ModuleActiveRadiatorNoParentException applied.
[LOG 11:37:38.977] [KSPCommunityFixes] Patch MapTargetBodyWithEncounter applied.
[LOG 11:37:38.980] [KSPCommunityFixes] Patch LostSoundAfterSceneSwitch applied.
[LOG 11:37:38.987] [KSPCommunityFixes] Patch LadderToggleableLight applied.
[LOG 11:37:38.999] [KSPCommunityFixes] Patch InventoryPartMass applied.
[LOG 11:37:39.005] [KSPCommunityFixes] Patch HarvesterECConsumption applied.
[LOG 11:37:39.006] [KSPCommunityFixes] Patch FixGetUnivseralTime applied.
[LOG 11:37:39.014] [KSPCommunityFixes] Patch ExtendedDeployableParts applied.
[LOG 11:37:39.016] [KSPCommunityFixes] Patch PropellantFlowDescription applied.
[LOG 11:37:39.037] [KSPCommunityFixes] Patch OptimisedVectorLines applied.
[LOG 11:37:39.046] [KSPCommunityFixes] Patch ModuleDockingNodeFindOtherNodesFaster applied.
[LOG 11:37:39.052] [KSPCommunityFixes] Patch ModuleColorChangerOptimization applied.
[LOG 11:37:39.063] [KSPCommunityFixes] Patch AutoSavedCraftNameAtLaunch applied.
[LOG 11:37:39.085] [KSPCommunityFixes] Patch PAWCollapsedInventories applied.
[LOG 11:37:39.090] [KSPCommunityFixes] Patch UIFloatEditNumericInput applied.
[LOG 11:37:39.117] [KSPCommunityFixes] Patch PAWStockGroups applied.
[LOG 11:37:39.128] [KSPCommunityFixes] Patch AltimeterHorizontalPosition applied.
[LOG 11:37:39.144] [KSPCommunityFixes] Patch SceneLoadSpeedBoost applied.
[LOG 11:37:39.179] [KSPCommunityFixes] Patch OnDemandPartBuoyancy applied.
[LOG 11:37:39.180] [KSPCommunityFixes] Patch ForceSyncSceneSwitch applied.
[LOG 11:37:39.180] [KSPCommunityFixes] Patch FewerSaves not applied (not enabled in Settings.cfg)
[LOG 11:37:39.181] [KSPCommunityFixes] Patch WheelInertiaLimit applied.
[LOG 11:37:39.181] [KSPCommunityFixes] Patch StockAlarmCustomFormatterDate isn't applicable to this KSP version.
[LOG 11:37:39.186] [KSPCommunityFixes] Patch ROCValidationOOR applied.
[LOG 11:37:39.192] [KSPCommunityFixes] Patch ZeroCostTechNodes applied.
[LOG 11:37:39.193] [KSPCommunityFixes] Patch ReactionWheelsPotentialTorque applied.
[LOG 11:37:39.198] [KSPCommunityFixes] Patch PAWGroupMemory applied.
[LOG 11:37:39.237] [KSPCommunityFixes] Patch PartStartStability applied.
[LOG 11:37:39.242] [KSPCommunityFixes] Patch PartBoundsIgnoreDisabledTransforms applied.
[LOG 11:37:39.278] [KSPCommunityFixes] Patch ModuleIndexingMismatch applied.
[LOG 11:37:39.284] [KSPCommunityFixes] Patch MapSOCorrectWrapping applied.
[LOG 11:37:39.285] [KSPCommunityFixes] Patch KerbalTooltipMaxSustainedG applied.
[LOG 11:37:39.288] [KSPCommunityFixes] Patch KerbalInventoryPersistence applied.
[LOG 11:37:39.288] [KSPCommunityFixes] Patch FlightSceneLoadKraken not applied (not enabled in Settings.cfg)
[LOG 11:37:39.290] [KSPCommunityFixes] Patch FIUpdateRadiation applied.
[LOG 11:37:39.292] [KSPCommunityFixes] Patch FastAndFixedEnumExtensions applied.
[LOG 11:37:39.327] [KSPCommunityFixes] Patch DeltaVHideWhenDisabled applied.
[LOG 11:37:39.331] [KSPCommunityFixes] Patch BlockMapViewPartClick applied.
[LOG 11:37:39.335] [KSPCommunityFixes] Patch PAWItemsOrder applied.
[LOG 11:37:39.388] [KSPCommunityFixes] Patch BetterEditorUndoRedo applied.
[LOG 11:37:39.400] [KSPCommunityFixes] Patch AutostrutActions applied.
[LOG 11:37:39.400] [KSPCommunityFixes] Patch DisableNewGameIntro not applied (not enabled in Settings.cfg)
[LOG 11:37:39.429] [KSPCommunityFixes] Patch MinorPerfTweaks applied.
[LOG 11:37:39.502] [KSPCommunityFixes] Patch MemoryLeaks applied.
[LOG 11:37:39.508] [KSPCommunityFixes] Patch LowerMinPhysicsDTPerFrame applied.
[LOG 11:37:39.511] [KSPCommunityFixes] Patch LocalizerPerf applied.
[LOG 11:37:39.512] [KSPCommunityFixes] Patch IMGUIOptimization applied.
[LOG 11:37:39.526] [KSPCommunityFixes] Patch FloatingOriginPerf applied.
[LOG 11:37:39.570] [KSPCommunityFixes] Patch FlightIntegratorPerf applied.
[LOG 11:37:39.574] [KSPCommunityFixes] Patch FasterPartFindTransform applied.
[LOG 11:37:39.585] [KSPCommunityFixes] Patch FasterEditorPartList applied.
[LOG 11:37:39.586] [KSPCommunityFixes] Patch ExpansionBundlePreload applied.
[LOG 11:37:39.595] [KSPCommunityFixes] Patch DragCubeGeneration applied.
[LOG 11:37:39.598] [KSPCommunityFixes] Patch DisableMapUpdateInFlight applied.
[LOG 11:37:39.599] [KSPCommunityFixes] Patch DisableHiddenPortraits applied.
[LOG 11:37:39.600] [KSPCommunityFixes] Patch DisableManeuverTool applied.
[LOG 11:37:39.634] [KSPCommunityFixes] Patch CraftBrowserOptimisations applied.
[LOG 11:37:39.639] [KSPCommunityFixes] Patch CommNetThrottling applied.
[LOG 11:37:39.643] [KSPCommunityFixes] Patch FairingMouseOverPersistence applied.
[LOG 11:37:39.659] [KSPCommunityFixes] Patch OptionalMakingHistoryDLCFeatures applied.
[LOG 11:37:39.673] [KSPCommunityFixes] Patch ResourceLockActions applied.
[LOG 11:37:39.679] [KSPCommunityFixes] Patch ShowContractFinishDates applied.
[LOG 11:37:39.687] [KSPCommunityFixes] Patch TargetParentBody applied.
[LOG 11:37:39.701] [KSPCommunityFixes] Patch ToolbarShowHide applied.
[LOG 11:37:39.703] [KSPCommunityFixes] Patch ContractProgressEnumCache applied.
[LOG 11:37:39.711] [KSPCommunityFixes] Patch ActiveRadiatorPerf applied.
[LOG 11:37:39.714] [KSPCommunityFixes] Patch CargoBayPerf applied.
[LOG 11:37:39.722] [KSPCommunityFixes] Patch CollisionEnhancerFastUpdate applied.
[LOG 11:37:39.726] [KSPCommunityFixes] Patch CollisionManagerFastUpdate applied.
[LOG 11:37:39.730] [KSPCommunityFixes] Patch AsteroidAndCometDrillCache applied.
[LOG 11:37:39.740] [KSPCommunityFixes] Patch TweakableWheelsAutostrut applied.
[LOG 11:37:39.760] [KSPCommunityFixes] Patch PatchSettings applied.
[LOG 11:37:39.808] [KSPCommunityFixes] Patch UpgradeBugs applied.
[LOG 11:37:39.808] [KSPCommunityFixes] Patch PartTooltipUpgradesApplyToSubstituteParts not applied (not enabled in Settings.cfg)
[LOG 11:37:39.878] [ModuleManager] Calling ConfigNodePerf.ModuleManagerPostLoad()
[LOG 11:37:39.879] [ModuleManager] Post patch ran in 1.365s
[LOG 11:37:39.917] PartLoader: Creating part database
[LOG 11:37:39.918] PartLoader: Compiling Part 'Squad/Parts/Aero/aerodynamicNoseCone/aerodynamicNoseCone/noseCone'
[LOG 11:37:39.936] EffectList: Created 15 effect types
[LOG 11:37:40.017] PartLoader: Part 'Squad/Parts/Aero/aerodynamicNoseCone/aerodynamicNoseCone/noseCone' has no database record. Creating.
[LOG 11:37:40.017] [DragCubeSystem]: Drag cubes not found or cannot be read for part Part. Generating New drag cubes.
[LOG 11:37:40.018] [KSPCF/DragCubeGeneration] Creating drag cubes for part 'noseCone'
[LOG 11:37:40.063] PartLoader: Compiling Part 'Squad/Parts/Aero/airbrake/Airbrake/airbrake1'
[LOG 11:37:40.111] PartLoader: Part 'Squad/Parts/Aero/airbrake/Airbrake/airbrake1' has no database record. Creating.
[LOG 11:37:40.111] [DragCubeSystem]: Drag cubes not found or cannot be read for part Part. Generating New drag cubes.
[LOG 11:37:40.111] [KSPCF/DragCubeGeneration] Creating drag cubes for part 'airbrake1'
[LOG 11:37:40.151] PartLoader: Compiling Part 'Squad/Parts/Aero/airIntakeRadialXM-G50/airIntakeRadialXM-G50/airScoop'
[LOG 11:37:40.162] PartLoader: Part 'Squad/Parts/Aero/airIntakeRadialXM-G50/airIntakeRadialXM-G50/airScoop' has no database record. Creating.
[LOG 11:37:40.162] [DragCubeSystem]: Drag cubes not found or cannot be read for part Part. Generating New drag cubes.
[LOG 11:37:40.162] [KSPCF/DragCubeGeneration] Creating drag cubes for part 'airScoop'
[LOG 11:37:40.173] PartLoader: Compiling Part 'Squad/Parts/Aero/airlinerWings/ControlSurface/airlinerCtrlSrf'
[LOG 11:37:40.182] PartLoader: Part 'Squad/Parts/Aero/airlinerWings/ControlSurface/airlinerCtrlSrf' has no database record. Creating.
[LOG 11:37:40.182] [DragCubeSystem]: Drag cubes not found or cannot be read for part Part. Generating New drag cubes.
[LOG 11:37:40.182] [KSPCF/DragCubeGeneration] Creating drag cubes for part 'airlinerCtrlSrf'
[LOG 11:37:40.215] PartLoader: Compiling Part 'Squad/Parts/Aero/airlinerWings/MainWing/airlinerMainWing'
[LOG 11:37:40.218] PartLoader: Part 'Squad/Parts/Aero/airlinerWings/MainWing/airlinerMainWing' has no database record. Creating.
[LOG 11:37:40.218] [DragCubeSystem]: Drag cubes not found or cannot be read for part Part. Generating New drag cubes.
[LOG 11:37:40.219] [KSPCF/DragCubeGeneration] Creating drag cubes for part 'airlinerMainWing'
[LOG 11:37:40.230] PartLoader: Compiling Part 'Squad/Parts/Aero/airlinerWings/TailFin/airlinerTailFin'
[LOG 11:37:40.234] PartLoader: Part 'Squad/Parts/Aero/airlinerWings/TailFin/airlinerTailFin' has no database record. Creating.
[LOG 11:37:40.234] [DragCubeSystem]: Drag cubes not found or cannot be read for part Part. Generating New drag cubes.
[LOG 11:37:40.234] [KSPCF/DragCubeGeneration] Creating drag cubes for part 'airlinerTailFin'
[LOG 11:37:40.262] PartLoader: Compiling Part 'Squad/Parts/Aero/airplaneFins/advancedCanard/AdvancedCanard'
[LOG 11:37:40.265] PartLoader: Part 'Squad/Parts/Aero/airplaneFins/advancedCanard/AdvancedCanard' has no database record. Creating.
[LOG 11:37:40.265] [DragCubeSystem]: Drag cubes not found or cannot be read for part Part. Generating New drag cubes.
[LOG 11:37:40.265] [KSPCF/DragCubeGeneration] Creating drag cubes for part 'AdvancedCanard'
[LOG 11:37:40.289] PartLoader: Compiling Part 'Squad/Parts/Aero/airplaneFins/standardCanard/CanardController'
[LOG 11:37:40.294] PartLoader: Part 'Squad/Parts/Aero/airplaneFins/standardCanard/CanardController' has no database record. Creating.
[LOG 11:37:40.294] [DragCubeSystem]: Drag cubes not found or cannot be read for part Part. Generating New drag cubes.
[LOG 11:37:40.294] [KSPCF/DragCubeGeneration] Creating drag cubes for part 'CanardController'
[LOG 11:37:40.321] PartLoader: Compiling Part 'Squad/Parts/Aero/airplaneFins/sweptWing/sweptWing'
[LOG 11:37:40.324] PartLoader: Part 'Squad/Parts/Aero/airplaneFins/sweptWing/sweptWing' has no database record. Creating.
[LOG 11:37:40.324] [DragCubeSystem]: Drag cubes not found or cannot be read for part Part. Generating New drag cubes.
[LOG 11:37:40.324] [KSPCF/DragCubeGeneration] Creating drag cubes for part 'sweptWing'
[LOG 11:37:40.330] PartLoader: Compiling Part 'Squad/Parts/Aero/airplaneFins/tailfin/tailfin'
[LOG 11:37:40.336] PartLoader: Part 'Squad/Parts/Aero/airplaneFins/tailfin/tailfin' has no database record. Creating.
[LOG 11:37:40.336] [DragCubeSystem]: Drag cubes not found or cannot be read for part Part. Generating New drag cubes.
[LOG 11:37:40.336] [KSPCF/DragCubeGeneration] Creating drag cubes for part 'tailfin'
[LOG 11:37:40.362] PartLoader: Compiling Part 'Squad/Parts/Aero/basicFin/basicFin/basicFin'
[LOG 11:37:40.365] PartLoader: Part 'Squad/Parts/Aero/basicFin/basicFin/basicFin' has no database record. Creating.
[LOG 11:37:40.365] [DragCubeSystem]: Drag cubes not found or cannot be read for part Part. Generating New drag cubes.
[LOG 11:37:40.365] [KSPCF/DragCubeGeneration] Creating drag cubes for part 'basicFin'
[LOG 11:37:40.370] PartLoader: Compiling Part 'Squad/Parts/Aero/circularIntake/circularIntake/CircularIntake'
[LOG 11:37:40.375] PartLoader: Part 'Squad/Parts/Aero/circularIntake/circularIntake/CircularIntake' has no database record. Creating.
[LOG 11:37:40.376] PartLoader: Compiling Part 'Squad/Parts/Aero/circularIntake/intakeShockCone/shockConeIntake'
[LOG 11:37:40.378] PartLoader: Part 'Squad/Parts/Aero/circularIntake/intakeShockCone/shockConeIntake' has no database record. Creating.
[LOG 11:37:40.378] PartLoader: Compiling Part 'Squad/Parts/Aero/cones/avionicsNoseCone/avionicsNoseCone'
[LOG 11:37:40.387] PartLoader: Part 'Squad/Parts/Aero/cones/avionicsNoseCone/avionicsNoseCone' has no database record. Creating.
[LOG 11:37:40.387] [DragCubeSystem]: Drag cubes not found or cannot be read for part Part. Generating New drag cubes.
[LOG 11:37:40.387] [KSPCF/DragCubeGeneration] Creating drag cubes for part 'avionicsNoseCone'
[LOG 11:37:40.396] PartLoader: Compiling Part 'Squad/Parts/Aero/cones/ConeA/pointyNoseConeA'
[LOG 11:37:40.398] PartLoader: Part 'Squad/Parts/Aero/cones/ConeA/pointyNoseConeA' has no database record. Creating.
[LOG 11:37:40.398] [DragCubeSystem]: Drag cubes not found or cannot be read for part Part. Generating New drag cubes.
[LOG 11:37:40.398] [KSPCF/DragCubeGeneration] Creating drag cubes for part 'pointyNoseConeA'
[LOG 11:37:40.404] PartLoader: Compiling Part 'Squad/Parts/Aero/cones/ConeB/pointyNoseConeB'
[LOG 11:37:40.406] PartLoader: Part 'Squad/Parts/Aero/cones/ConeB/pointyNoseConeB' has no database record. Creating.
[LOG 11:37:40.406] [DragCubeSystem]: Drag cubes not found or cannot be read for part Part. Generating New drag cubes.
[LOG 11:37:40.406] [KSPCF/DragCubeGeneration] Creating drag cubes for part 'pointyNoseConeB'
[LOG 11:37:40.411] PartLoader: Compiling Part 'Squad/Parts/Aero/cones/noseConeAdapter/noseConeAdapter'
[LOG 11:37:40.412] PartLoader: Part 'Squad/Parts/Aero/cones/noseConeAdapter/noseConeAdapter' has no database record. Creating.
[LOG 11:37:40.412] [DragCubeSystem]: Drag cubes not found or cannot be read for part Part. Generating New drag cubes.
[LOG 11:37:40.412] [KSPCF/DragCubeGeneration] Creating drag cubes for part 'noseConeAdapter'
[LOG 11:37:40.417] PartLoader: Compiling Part 'Squad/Parts/Aero/cones/protectiveRocketNoseMk7_v2/rocketNoseCone_v2'
[LOG 11:37:40.420] PartLoader: Part 'Squad/Parts/Aero/cones/protectiveRocketNoseMk7_v2/rocketNoseCone_v2' has no database record. Creating.
[LOG 11:37:40.420] [DragCubeSystem]: Drag cubes not found or cannot be read for part Part. Generating New drag cubes.
[LOG 11:37:40.420] [KSPCF/DragCubeGeneration] Creating drag cubes for part 'rocketNoseCone.v2'
[LOG 11:37:40.426] PartLoader: Compiling Part 'Squad/Parts/Aero/cones/protectiveRocketNoseMk7_v3/rocketNoseCone_v3'
[LOG 11:37:40.429] PartLoader: Part 'Squad/Parts/Aero/cones/protectiveRocketNoseMk7_v3/rocketNoseCone_v3' has no database record. Creating.
[LOG 11:37:40.429] [DragCubeSystem]: Drag cubes not found or cannot be read for part Part. Generating New drag cubes.
[LOG 11:37:40.429] [KSPCF/DragCubeGeneration] Creating drag cubes for part 'rocketNoseCone.v3'
[LOG 11:37:40.435] PartLoader: Compiling Part 'Squad/Parts/Aero/cones/rocketNoseCone_size3/rocketNoseConeSize3'
[LOG 11:37:40.438] PartLoader: Part 'Squad/Parts/Aero/cones/rocketNoseCone_size3/rocketNoseConeSize3' has no database record. Creating.
[LOG 11:37:40.438] [DragCubeSystem]: Drag cubes not found or cannot be read for part Part. Generating New drag cubes.
[LOG 11:37:40.438] [KSPCF/DragCubeGeneration] Creating drag cubes for part 'rocketNoseConeSize3'
[LOG 11:37:40.443] PartLoader: Compiling Part 'Squad/Parts/Aero/cones/smallNoseCone/standardNoseCone'
[LOG 11:37:40.446] PartLoader: Part 'Squad/Parts/Aero/cones/smallNoseCone/standardNoseCone' has no database record. Creating.
[LOG 11:37:40.446] [DragCubeSystem]: Drag cubes not found or cannot be read for part Part. Generating New drag cubes.
[LOG 11:37:40.446] [KSPCF/DragCubeGeneration] Creating drag cubes for part 'standardNoseCone'
[LOG 11:37:40.450] PartLoader: Compiling Part 'Squad/Parts/Aero/cones/tailConnectorA/airplaneTail'
[LOG 11:37:40.453] PartLoader: Part 'Squad/Parts/Aero/cones/tailConnectorA/airplaneTail' has no database record. Creating.
[LOG 11:37:40.453] [DragCubeSystem]: Drag cubes not found or cannot be read for part Part. Generating New drag cubes.
[LOG 11:37:40.454] [KSPCF/DragCubeGeneration] Creating drag cubes for part 'airplaneTail'
[LOG 11:37:40.458] PartLoader: Compiling Part 'Squad/Parts/Aero/cones/tailConnectorB/airplaneTailB'
[LOG 11:37:40.460] PartLoader: Part 'Squad/Parts/Aero/cones/tailConnectorB/airplaneTailB' has no database record. Creating.
[LOG 11:37:40.460] [DragCubeSystem]: Drag cubes not found or cannot be read for part Part. Generating New drag cubes.
[LOG 11:37:40.460] [KSPCF/DragCubeGeneration] Creating drag cubes for part 'airplaneTailB'
[LOG 11:37:40.466] PartLoader: Compiling Part 'Squad/Parts/Aero/fairings/fairingSize1/fairingSize1'
[LOG 11:37:40.500] PartLoader: Part 'Squad/Parts/Aero/fairings/fairingSize1/fairingSize1' has no database record. Creating.
[LOG 11:37:40.500] [DragCubeSystem]: Drag cubes not found or cannot be read for part Part. Generating New drag cubes.
[LOG 11:37:40.500] [KSPCF/DragCubeGeneration] Creating drag cubes for part 'fairingSize1'
[LOG 11:37:40.508] PartLoader: Compiling Part 'Squad/Parts/Aero/fairings/fairingSize2/fairingSize2'
[LOG 11:37:40.516] PartLoader: Part 'Squad/Parts/Aero/fairings/fairingSize2/fairingSize2' has no database record. Creating.
[LOG 11:37:40.516] [DragCubeSystem]: Drag cubes not found or cannot be read for part Part. Generating New drag cubes.
[LOG 11:37:40.516] [KSPCF/DragCubeGeneration] Creating drag cubes for part 'fairingSize2'
[LOG 11:37:40.524] PartLoader: Compiling Part 'Squad/Parts/Aero/fairings/fairingSize3/fairingSize3'
[LOG 11:37:40.533] PartLoader: Part 'Squad/Parts/Aero/fairings/fairingSize3/fairingSize3' has no database record. Creating.
[LOG 11:37:40.533] [DragCubeSystem]: Drag cubes not found or cannot be read for part Part. Generating New drag cubes.
[LOG 11:37:40.533] [KSPCF/DragCubeGeneration] Creating drag cubes for part 'fairingSize3'
[LOG 11:37:40.541] PartLoader: Compiling Part 'Squad/Parts/Aero/HeatShield/HeatShield0/HeatShield0'
[LOG 11:37:40.551] PartLoader: Part 'Squad/Parts/Aero/HeatShield/HeatShield0/HeatShield0' has no database record. Creating.
[LOG 11:37:40.551] [DragCubeSystem]: Drag cubes not found or cannot be read for part Part. Generating New drag cubes.
[LOG 11:37:40.551] [KSPCF/DragCubeGeneration] Creating drag cubes for part 'HeatShield0'
[LOG 11:37:40.559] PartLoader: Compiling Part 'Squad/Parts/Aero/HeatShield/HeatShield1/HeatShield1'
[LOG 11:37:40.569] PartLoader: Part 'Squad/Parts/Aero/HeatShield/HeatShield1/HeatShield1' has no database record. Creating.
[LOG 11:37:40.569] [DragCubeSystem]: Drag cubes not found or cannot be read for part Part. Generating New drag cubes.
[LOG 11:37:40.569] [KSPCF/DragCubeGeneration] Creating drag cubes for part 'HeatShield1'
[LOG 11:37:40.586] PartLoader: Compiling Part 'Squad/Parts/Aero/HeatShield/HeatShield2/HeatShield2'
[LOG 11:37:40.590] PartLoader: Part 'Squad/Parts/Aero/HeatShield/HeatShield2/HeatShield2' has no database record. Creating.
[LOG 11:37:40.590] [DragCubeSystem]: Drag cubes not found or cannot be read for part Part. Generating New drag cubes.
[LOG 11:37:40.590] [KSPCF/DragCubeGeneration] Creating drag cubes for part 'HeatShield2'
[LOG 11:37:40.608] PartLoader: Compiling Part 'Squad/Parts/Aero/HeatShield/HeatShield3/HeatShield3'
[LOG 11:37:40.614] PartLoader: Part 'Squad/Parts/Aero/HeatShield/HeatShield3/HeatShield3' has no database record. Creating.
[LOG 11:37:40.614] [DragCubeSystem]: Drag cubes not found or cannot be read for part Part. Generating New drag cubes.
[LOG 11:37:40.614] [KSPCF/DragCubeGeneration] Creating drag cubes for part 'HeatShield3'
[LOG 11:37:40.632] PartLoader: Compiling Part 'Squad/Parts/Aero/InflatableHeatShield/HeatShield/InflatableHeatShield'
[LOG 11:37:40.638] PartLoader: Part 'Squad/Parts/Aero/InflatableHeatShield/HeatShield/InflatableHeatShield' has no database record. Creating.
[LOG 11:37:40.638] [DragCubeSystem]: Drag cubes not found or cannot be read for part Part. Generating New drag cubes.
[LOG 11:37:40.638] [KSPCF/DragCubeGeneration] Creating drag cubes for part 'InflatableHeatShield'
[LOG 11:37:40.659] PartLoader: Compiling Part 'Squad/Parts/Aero/intakeRadialLong/intakeRadialLong/IntakeRadialLong'
[LOG 11:37:40.663] PartLoader: Part 'Squad/Parts/Aero/intakeRadialLong/intakeRadialLong/IntakeRadialLong' has no database record. Creating.
[LOG 11:37:40.663] [DragCubeSystem]: Drag cubes not found or cannot be read for part Part. Generating New drag cubes.
[LOG 11:37:40.663] [KSPCF/DragCubeGeneration] Creating drag cubes for part 'IntakeRadialLong'
[LOG 11:37:40.669] PartLoader: Compiling Part 'Squad/Parts/Aero/miniIntake/SmallIntake/miniIntake'
[LOG 11:37:40.671] PartLoader: Part 'Squad/Parts/Aero/miniIntake/SmallIntake/miniIntake' has no database record. Creating.
[LOG 11:37:40.671] PartLoader: Compiling Part 'Squad/Parts/Aero/ramAirIntake/ramAirIntake/ramAirIntake'
[LOG 11:37:40.673] PartLoader: Part 'Squad/Parts/Aero/ramAirIntake/ramAirIntake/ramAirIntake' has no database record. Creating.
[LOG 11:37:40.674] PartLoader: Compiling Part 'Squad/Parts/Aero/shuttleWings/delta/wingShuttleDelta'
[LOG 11:37:40.676] PartLoader: Part 'Squad/Parts/Aero/shuttleWings/delta/wingShuttleDelta' has no database record. Creating.
[LOG 11:37:40.676] [DragCubeSystem]: Drag cubes not found or cannot be read for part Part. Generating New drag cubes.
[LOG 11:37:40.676] [KSPCF/DragCubeGeneration] Creating drag cubes for part 'wingShuttleDelta'
[LOG 11:37:40.681] PartLoader: Compiling Part 'Squad/Parts/Aero/shuttleWings/elevon1/wingShuttleElevon1'
[LOG 11:37:40.686] PartLoader: Part 'Squad/Parts/Aero/shuttleWings/elevon1/wingShuttleElevon1' has no database record. Creating.
[LOG 11:37:40.686] [DragCubeSystem]: Drag cubes not found or cannot be read for part Part. Generating New drag cubes.
[LOG 11:37:40.686] [KSPCF/DragCubeGeneration] Creating drag cubes for part 'wingShuttleElevon1'
[LOG 11:37:40.712] PartLoader: Compiling Part 'Squad/Parts/Aero/shuttleWings/elevon2/wingShuttleElevon2'
[LOG 11:37:40.715] PartLoader: Part 'Squad/Parts/Aero/shuttleWings/elevon2/wingShuttleElevon2' has no database record. Creating.
[LOG 11:37:40.715] [DragCubeSystem]: Drag cubes not found or cannot be read for part Part. Generating New drag cubes.
[LOG 11:37:40.715] [KSPCF/DragCubeGeneration] Creating drag cubes for part 'wingShuttleElevon2'
[LOG 11:37:40.745] PartLoader: Compiling Part 'Squad/Parts/Aero/shuttleWings/rudder/wingShuttleRudder'
[LOG 11:37:40.749] PartLoader: Part 'Squad/Parts/Aero/shuttleWings/rudder/wingShuttleRudder' has no database record. Creating.
[LOG 11:37:40.749] [DragCubeSystem]: Drag cubes not found or cannot be read for part Part. Generating New drag cubes.
[LOG 11:37:40.749] [KSPCF/DragCubeGeneration] Creating drag cubes for part 'wingShuttleRudder'
[LOG 11:37:40.776] PartLoader: Compiling Part 'Squad/Parts/Aero/shuttleWings/strake/wingShuttleStrake'
[LOG 11:37:40.778] PartLoader: Part 'Squad/Parts/Aero/shuttleWings/strake/wingShuttleStrake' has no database record. Creating.
[LOG 11:37:40.778] [DragCubeSystem]: Drag cubes not found or cannot be read for part Part. Generating New drag cubes.
[LOG 11:37:40.778] [KSPCF/DragCubeGeneration] Creating drag cubes for part 'wingShuttleStrake'
[LOG 11:37:40.783] PartLoader: Compiling Part 'Squad/Parts/Aero/wingletAV-R8/wingletAV-R8/R8winglet'
[LOG 11:37:40.788] PartLoader: Part 'Squad/Parts/Aero/wingletAV-R8/wingletAV-R8/R8winglet' has no database record. Creating.
[LOG 11:37:40.788] [DragCubeSystem]: Drag cubes not found or cannot be read for part Part. Generating New drag cubes.
[LOG 11:37:40.788] [KSPCF/DragCubeGeneration] Creating drag cubes for part 'R8winglet'
[LOG 11:37:40.812] PartLoader: Compiling Part 'Squad/Parts/Aero/wingletAV-T1/wingletAV-T1/winglet'
[LOG 11:37:40.814] PartLoader: Part 'Squad/Parts/Aero/wingletAV-T1/wingletAV-T1/winglet' has no database record. Creating.
[LOG 11:37:40.814] [DragCubeSystem]: Drag cubes not found or cannot be read for part Part. Generating New drag cubes.
[LOG 11:37:40.814] [KSPCF/DragCubeGeneration] Creating drag cubes for part 'winglet'
[LOG 11:37:40.819] PartLoader: Compiling Part 'Squad/Parts/Aero/wingletDeltaDeluxe/wingletDeltaDeluxe/winglet3'
[LOG 11:37:40.823] PartLoader: Part 'Squad/Parts/Aero/wingletDeltaDeluxe/wingletDeltaDeluxe/winglet3' has no database record. Creating.
[LOG 11:37:40.823] [DragCubeSystem]: Drag cubes not found or cannot be read for part Part. Generating New drag cubes.
[LOG 11:37:40.823] [KSPCF/DragCubeGeneration] Creating drag cubes for part 'winglet3'
[LOG 11:37:40.844] PartLoader: Compiling Part 'Squad/Parts/Aero/wings/connector1/wingConnector'
[LOG 11:37:40.847] PartLoader: Part 'Squad/Parts/Aero/wings/connector1/wingConnector' has no database record. Creating.
[LOG 11:37:40.847] [DragCubeSystem]: Drag cubes not found or cannot be read for part Part. Generating New drag cubes.
[LOG 11:37:40.847] [KSPCF/DragCubeGeneration] Creating drag cubes for part 'wingConnector'
[LOG 11:37:40.853] PartLoader: Compiling Part 'Squad/Parts/Aero/wings/connector2/wingConnector2'
[LOG 11:37:40.855] PartLoader: Part 'Squad/Parts/Aero/wings/connector2/wingConnector2' has no database record. Creating.
[LOG 11:37:40.855] [DragCubeSystem]: Drag cubes not found or cannot be read for part Part. Generating New drag cubes.
[LOG 11:37:40.855] [KSPCF/DragCubeGeneration] Creating drag cubes for part 'wingConnector2'
[LOG 11:37:40.860] PartLoader: Compiling Part 'Squad/Parts/Aero/wings/connector3/wingConnector3'
[LOG 11:37:40.861] PartLoader: Part 'Squad/Parts/Aero/wings/connector3/wingConnector3' has no database record. Creating.
[LOG 11:37:40.861] [DragCubeSystem]: Drag cubes not found or cannot be read for part Part. Generating New drag cubes.
[LOG 11:37:40.861] [KSPCF/DragCubeGeneration] Creating drag cubes for part 'wingConnector3'
[LOG 11:37:40.866] PartLoader: Compiling Part 'Squad/Parts/Aero/wings/connector4/wingConnector4'
[LOG 11:37:40.869] PartLoader: Part 'Squad/Parts/Aero/wings/connector4/wingConnector4' has no database record. Creating.
[LOG 11:37:40.869] [DragCubeSystem]: Drag cubes not found or cannot be read for part Part. Generating New drag cubes.
[LOG 11:37:40.869] [KSPCF/DragCubeGeneration] Creating drag cubes for part 'wingConnector4'
[LOG 11:37:40.874] PartLoader: Compiling Part 'Squad/Parts/Aero/wings/connector5/wingConnector5'
[LOG 11:37:40.877] PartLoader: Part 'Squad/Parts/Aero/wings/connector5/wingConnector5' has no database record. Creating.
[LOG 11:37:40.877] [DragCubeSystem]: Drag cubes not found or cannot be read for part Part. Generating New drag cubes.
[LOG 11:37:40.877] [KSPCF/DragCubeGeneration] Creating drag cubes for part 'wingConnector5'
[LOG 11:37:40.881] PartLoader: Compiling Part 'Squad/Parts/Aero/wings/delta/deltaWing'
[LOG 11:37:40.884] PartLoader: Part 'Squad/Parts/Aero/wings/delta/deltaWing' has no database record. Creating.
[LOG 11:37:40.884] [DragCubeSystem]: Drag cubes not found or cannot be read for part Part. Generating New drag cubes.
[LOG 11:37:40.885] [KSPCF/DragCubeGeneration] Creating drag cubes for part 'deltaWing'
[LOG 11:37:40.890] PartLoader: Compiling Part 'Squad/Parts/Aero/wings/delta_small/delta_small'
[LOG 11:37:40.892] PartLoader: Part 'Squad/Parts/Aero/wings/delta_small/delta_small' has no database record. Creating.
[LOG 11:37:40.892] [DragCubeSystem]: Drag cubes not found or cannot be read for part Part. Generating New drag cubes.
[LOG 11:37:40.892] [KSPCF/DragCubeGeneration] Creating drag cubes for part 'delta.small'
[LOG 11:37:40.896] PartLoader: Compiling Part 'Squad/Parts/Aero/wings/elevon1/StandardCtrlSrf'
[LOG 11:37:40.899] PartLoader: Part 'Squad/Parts/Aero/wings/elevon1/StandardCtrlSrf' has no database record. Creating.
[LOG 11:37:40.899] [DragCubeSystem]: Drag cubes not found or cannot be read for part Part. Generating New drag cubes.
[LOG 11:37:40.899] [KSPCF/DragCubeGeneration] Creating drag cubes for part 'StandardCtrlSrf'
[LOG 11:37:40.921] PartLoader: Compiling Part 'Squad/Parts/Aero/wings/elevon2/elevon2'
[LOG 11:37:40.924] PartLoader: Part 'Squad/Parts/Aero/wings/elevon2/elevon2' has no database record. Creating.
[LOG 11:37:40.924] [DragCubeSystem]: Drag cubes not found or cannot be read for part Part. Generating New drag cubes.
[LOG 11:37:40.924] [KSPCF/DragCubeGeneration] Creating drag cubes for part 'elevon2'
[LOG 11:37:40.955] PartLoader: Compiling Part 'Squad/Parts/Aero/wings/elevon3/elevon3'
[LOG 11:37:40.958] PartLoader: Part 'Squad/Parts/Aero/wings/elevon3/elevon3' has no database record. Creating.
[LOG 11:37:40.958] [DragCubeSystem]: Drag cubes not found or cannot be read for part Part. Generating New drag cubes.
[LOG 11:37:40.958] [KSPCF/DragCubeGeneration] Creating drag cubes for part 'elevon3'
[LOG 11:37:40.991] PartLoader: Compiling Part 'Squad/Parts/Aero/wings/elevon4/smallCtrlSrf'
[LOG 11:37:40.995] PartLoader: Part 'Squad/Parts/Aero/wings/elevon4/smallCtrlSrf' has no database record. Creating.
[LOG 11:37:40.995] [DragCubeSystem]: Drag cubes not found or cannot be read for part Part. Generating New drag cubes.
[LOG 11:37:40.995] [KSPCF/DragCubeGeneration] Creating drag cubes for part 'smallCtrlSrf'
[LOG 11:37:41.028] PartLoader: Compiling Part 'Squad/Parts/Aero/wings/elevon5/elevon5'
[LOG 11:37:41.031] PartLoader: Part 'Squad/Parts/Aero/wings/elevon5/elevon5' has no database record. Creating.
[LOG 11:37:41.031] [DragCubeSystem]: Drag cubes not found or cannot be read for part Part. Generating New drag cubes.
[LOG 11:37:41.031] [KSPCF/DragCubeGeneration] Creating drag cubes for part 'elevon5'
[LOG 11:37:41.065] PartLoader: Compiling Part 'Squad/Parts/Aero/wings/strake/wingStrake'
[LOG 11:37:41.067] PartLoader: Part 'Squad/Parts/Aero/wings/strake/wingStrake' has no database record. Creating.
[LOG 11:37:41.067] [DragCubeSystem]: Drag cubes not found or cannot be read for part Part. Generating New drag cubes.
[LOG 11:37:41.067] [KSPCF/DragCubeGeneration] Creating drag cubes for part 'wingStrake'
[LOG 11:37:41.076] PartLoader: Compiling Part 'Squad/Parts/Aero/wings/structural1/structuralWing'
[LOG 11:37:41.078] PartLoader: Part 'Squad/Parts/Aero/wings/structural1/structuralWing' has no database record. Creating.
[LOG 11:37:41.078] [DragCubeSystem]: Drag cubes not found or cannot be read for part Part. Generating New drag cubes.
[LOG 11:37:41.078] [KSPCF/DragCubeGeneration] Creating drag cubes for part 'structuralWing'
[LOG 11:37:41.086] PartLoader: Compiling Part 'Squad/Parts/Aero/wings/structural2/structuralWing2'
[LOG 11:37:41.089] PartLoader: Part 'Squad/Parts/Aero/wings/structural2/structuralWing2' has no database record. Creating.
[LOG 11:37:41.089] [DragCubeSystem]: Drag cubes not found or cannot be read for part Part. Generating New drag cubes.
[LOG 11:37:41.089] [KSPCF/DragCubeGeneration] Creating drag cubes for part 'structuralWing2'
[LOG 11:37:41.099] PartLoader: Compiling Part 'Squad/Parts/Aero/wings/structural3/structuralWing3'
[LOG 11:37:41.101] PartLoader: Part 'Squad/Parts/Aero/wings/structural3/structuralWing3' has no database record. Creating.
[LOG 11:37:41.101] [DragCubeSystem]: Drag cubes not found or cannot be read for part Part. Generating New drag cubes.
[LOG 11:37:41.101] [KSPCF/DragCubeGeneration] Creating drag cubes for part 'structuralWing3'
[LOG 11:37:41.110] PartLoader: Compiling Part 'Squad/Parts/Aero/wings/structural4/structuralWing4'
[LOG 11:37:41.111] PartLoader: Part 'Squad/Parts/Aero/wings/structural4/structuralWing4' has no database record. Creating.
[LOG 11:37:41.111] [DragCubeSystem]: Drag cubes not found or cannot be read for part Part. Generating New drag cubes.
[LOG 11:37:41.112] [KSPCF/DragCubeGeneration] Creating drag cubes for part 'structuralWing4'
[LOG 11:37:41.120] PartLoader: Compiling Part 'Squad/Parts/Aero/wings/swept1/sweptWing1'
[LOG 11:37:41.123] PartLoader: Part 'Squad/Parts/Aero/wings/swept1/sweptWing1' has no database record. Creating.
[LOG 11:37:41.123] [DragCubeSystem]: Drag cubes not found or cannot be read for part Part. Generating New drag cubes.
[LOG 11:37:41.123] [KSPCF/DragCubeGeneration] Creating drag cubes for part 'sweptWing1'
[LOG 11:37:41.133] PartLoader: Compiling Part 'Squad/Parts/Aero/wings/swept2/sweptWing2'
[LOG 11:37:41.136] PartLoader: Part 'Squad/Parts/Aero/wings/swept2/sweptWing2' has no database record. Creating.
[LOG 11:37:41.136] [DragCubeSystem]: Drag cubes not found or cannot be read for part Part. Generating New drag cubes.
[LOG 11:37:41.136] [KSPCF/DragCubeGeneration] Creating drag cubes for part 'sweptWing2'
[LOG 11:37:41.143] PartLoader: Compiling Part 'Squad/Parts/Cargo/CargoContainers/cargoContainer/cargoContainer'
[WRN 11:37:41.145] [Part]: Cannot have ModuleCargoPart and ModuleInventoryPart on same Part [cargoContainer'. Removed ModuleCargoPart
[LOG 11:37:41.149] PartLoader: Part 'Squad/Parts/Cargo/CargoContainers/cargoContainer/cargoContainer' has no database record. Creating.
[LOG 11:37:41.149] [DragCubeSystem]: Drag cubes not found or cannot be read for part Part. Generating New drag cubes.
[LOG 11:37:41.149] [KSPCF/DragCubeGeneration] Creating drag cubes for part 'cargoContainer'
[LOG 11:37:41.159] PartLoader: Compiling Part 'Squad/Parts/Cargo/CargoContainers/smallCargoContainer/smallCargoContainer'
[WRN 11:37:41.160] [Part]: Cannot have ModuleCargoPart and ModuleInventoryPart on same Part [smallCargoContainer'. Removed ModuleCargoPart
[LOG 11:37:41.161] PartLoader: Part 'Squad/Parts/Cargo/CargoContainers/smallCargoContainer/smallCargoContainer' has no database record. Creating.
[LOG 11:37:41.161] [DragCubeSystem]: Drag cubes not found or cannot be read for part Part. Generating New drag cubes.
[LOG 11:37:41.161] [KSPCF/DragCubeGeneration] Creating drag cubes for part 'smallCargoContainer'
[LOG 11:37:41.169] PartLoader: Compiling Part 'Squad/Parts/Cargo/Cylinder/Cylinder/evaCylinder'
[LOG 11:37:41.171] PartLoader: Part 'Squad/Parts/Cargo/Cylinder/Cylinder/evaCylinder' has no database record. Creating.
[LOG 11:37:41.171] [DragCubeSystem]: Drag cubes not found or cannot be read for part Part. Generating New drag cubes.
[LOG 11:37:41.171] [KSPCF/DragCubeGeneration] Creating drag cubes for part 'evaCylinder'
[LOG 11:37:41.179] PartLoader: Compiling Part 'Squad/Parts/Cargo/GroundAnchor/groundAnchor/groundAnchor'
[LOG 11:37:41.201] PartLoader: Part 'Squad/Parts/Cargo/GroundAnchor/groundAnchor/groundAnchor' has no database record. Creating.
[LOG 11:37:41.201] [DragCubeSystem]: Drag cubes not found or cannot be read for part Part. Generating New drag cubes.
[LOG 11:37:41.201] [KSPCF/DragCubeGeneration] Creating drag cubes for part 'groundAnchor'
[LOG 11:37:41.224] PartLoader: Compiling Part 'Squad/Parts/Cargo/Jetpack/Jetpack/evaJetpack'
[LOG 11:37:41.226] PartLoader: Part 'Squad/Parts/Cargo/Jetpack/Jetpack/evaJetpack' has no database record. Creating.
[LOG 11:37:41.226] [DragCubeSystem]: Drag cubes not found or cannot be read for part Part. Generating New drag cubes.
[LOG 11:37:41.226] [KSPCF/DragCubeGeneration] Creating drag cubes for part 'evaJetpack'
[LOG 11:37:41.235] PartLoader: Compiling Part 'Squad/Parts/Cargo/Parachute/Parachute/evaChute'
[LOG 11:37:41.237] PartLoader: Part 'Squad/Parts/Cargo/Parachute/Parachute/evaChute' has no database record. Creating.
[LOG 11:37:41.237] [DragCubeSystem]: Drag cubes not found or cannot be read for part Part. Generating New drag cubes.
[LOG 11:37:41.237] [KSPCF/DragCubeGeneration] Creating drag cubes for part 'evaChute'
[LOG 11:37:41.246] PartLoader: Compiling Part 'Squad/Parts/Cargo/RepairKit/RepairKit/evaRepairKit'
[LOG 11:37:41.248] PartLoader: Part 'Squad/Parts/Cargo/RepairKit/RepairKit/evaRepairKit' has no database record. Creating.
[LOG 11:37:41.248] [DragCubeSystem]: Drag cubes not found or cannot be read for part Part. Generating New drag cubes.
[LOG 11:37:41.248] [KSPCF/DragCubeGeneration] Creating drag cubes for part 'evaRepairKit'
[LOG 11:37:41.259] PartLoader: Compiling Part 'Squad/Parts/Cargo/ScienceKit/evaScienceKit/evaScienceKit'
[LOG 11:37:41.260] PartLoader: Part 'Squad/Parts/Cargo/ScienceKit/evaScienceKit/evaScienceKit' has no database record. Creating.
[LOG 11:37:41.260] [DragCubeSystem]: Drag cubes not found or cannot be read for part Part. Generating New drag cubes.
[LOG 11:37:41.260] [KSPCF/DragCubeGeneration] Creating drag cubes for part 'evaScienceKit'
[LOG 11:37:41.269] PartLoader: Compiling Part 'Squad/Parts/Cargo/StorageUnits/CargoStorageUnit/CargoStorageUnit'
[WRN 11:37:41.270] [Part]: Cannot have ModuleCargoPart and ModuleInventoryPart on same Part [CargoStorageUnit'. Removed ModuleCargoPart
[LOG 11:37:41.274] PartLoader: Part 'Squad/Parts/Cargo/StorageUnits/CargoStorageUnit/CargoStorageUnit' has no database record. Creating.
[LOG 11:37:41.274] [DragCubeSystem]: Drag cubes not found or cannot be read for part Part. Generating New drag cubes.
[LOG 11:37:41.274] [KSPCF/DragCubeGeneration] Creating drag cubes for part 'CargoStorageUnit'
[LOG 11:37:41.283] PartLoader: Compiling Part 'Squad/Parts/Cargo/StorageUnits/ConformalStorageUnit/ConformalStorageUnit'
[WRN 11:37:41.284] [Part]: Cannot have ModuleCargoPart and ModuleInventoryPart on same Part [ConformalStorageUnit'. Removed ModuleCargoPart
[LOG 11:37:41.286] PartLoader: Part 'Squad/Parts/Cargo/StorageUnits/ConformalStorageUnit/ConformalStorageUnit' has no database record. Creating.
[LOG 11:37:41.286] [DragCubeSystem]: Drag cubes not found or cannot be read for part Part. Generating New drag cubes.
[LOG 11:37:41.286] [KSPCF/DragCubeGeneration] Creating drag cubes for part 'ConformalStorageUnit'
[LOG 11:37:41.295] PartLoader: Compiling Part 'Squad/Parts/Command/advancedSasModuleLarge/advSasModuleLarge/asasmodule1-2'
[LOG 11:37:41.299] PartLoader: Part 'Squad/Parts/Command/advancedSasModuleLarge/advSasModuleLarge/asasmodule1-2' has no database record. Creating.
[LOG 11:37:41.300] PartLoader: Compiling Part 'Squad/Parts/Command/cupola/cupola/cupola'
[LOG 11:37:41.315] PartLoader: Part 'Squad/Parts/Command/cupola/cupola/cupola' has no database record. Creating.
[LOG 11:37:41.315] [DragCubeSystem]: Drag cubes not found or cannot be read for part Part. Generating New drag cubes.
[LOG 11:37:41.315] [KSPCF/DragCubeGeneration] Creating drag cubes for part 'cupola'
[LOG 11:37:41.327] PartLoader: Compiling Part 'Squad/Parts/Command/externalCommandSeat/externalCommandSeat/seatExternalCmd'
[LOG 11:37:41.331] PartLoader: Part 'Squad/Parts/Command/externalCommandSeat/externalCommandSeat/seatExternalCmd' has no database record. Creating.
[LOG 11:37:41.331] [DragCubeSystem]: Drag cubes not found or cannot be read for part Part. Generating New drag cubes.
[LOG 11:37:41.331] [KSPCF/DragCubeGeneration] Creating drag cubes for part 'seatExternalCmd'
[LOG 11:37:41.337] PartLoader: Compiling Part 'Squad/Parts/Command/hitchhikerStorageContainer/hitchikerStorageContainer/crewCabin'
[LOG 11:37:41.345] PartLoader: Part 'Squad/Parts/Command/hitchhikerStorageContainer/hitchikerStorageContainer/crewCabin' has no database record. Creating.
[LOG 11:37:41.345] [DragCubeSystem]: Drag cubes not found or cannot be read for part Part. Generating New drag cubes.
[LOG 11:37:41.345] [KSPCF/DragCubeGeneration] Creating drag cubes for part 'crewCabin'
[LOG 11:37:41.351] PartLoader: Compiling Part 'Squad/Parts/Command/inlineAdvancedStabilizer/inlineAdvancedStabilizer/advSasModule'
[LOG 11:37:41.354] PartLoader: Part 'Squad/Parts/Command/inlineAdvancedStabilizer/inlineAdvancedStabilizer/advSasModule' has no database record. Creating.
[LOG 11:37:41.354] [DragCubeSystem]: Drag cubes not found or cannot be read for part Part. Generating New drag cubes.
[LOG 11:37:41.354] [KSPCF/DragCubeGeneration] Creating drag cubes for part 'advSasModule'
[LOG 11:37:41.360] PartLoader: Compiling Part 'Squad/Parts/Command/inlineReactionWheel/inlineReactionWheel/sasModule'
[LOG 11:37:41.362] PartLoader: Part 'Squad/Parts/Command/inlineReactionWheel/inlineReactionWheel/sasModule' has no database record. Creating.
[LOG 11:37:41.362] [DragCubeSystem]: Drag cubes not found or cannot be read for part Part. Generating New drag cubes.
[LOG 11:37:41.362] [KSPCF/DragCubeGeneration] Creating drag cubes for part 'sasModule'
[LOG 11:37:41.367] PartLoader: Compiling Part 'Squad/Parts/Command/Mk1-3Pod/mk1-3/mk1-3pod'
[LOG 11:37:41.382] PartLoader: Part 'Squad/Parts/Command/Mk1-3Pod/mk1-3/mk1-3pod' has no database record. Creating.
[LOG 11:37:41.382] [DragCubeSystem]: Drag cubes not found or cannot be read for part Part. Generating New drag cubes.
[LOG 11:37:41.382] [KSPCF/DragCubeGeneration] Creating drag cubes for part 'mk1-3pod'
[LOG 11:37:41.390] PartLoader: Compiling Part 'Squad/Parts/Command/mk1Cockpits/mk1Cockpit/Mark1Cockpit'
[WRN 11:37:41.393] [Part]: Cannot have ModuleCargoPart and ModuleInventoryPart on same Part [Mark1Cockpit'. Removed ModuleCargoPart
[LOG 11:37:41.400] PartLoader: Part 'Squad/Parts/Command/mk1Cockpits/mk1Cockpit/Mark1Cockpit' has no database record. Creating.
[LOG 11:37:41.400] [DragCubeSystem]: Drag cubes not found or cannot be read for part Part. Generating New drag cubes.
[LOG 11:37:41.400] [KSPCF/DragCubeGeneration] Creating drag cubes for part 'Mark1Cockpit'
[LOG 11:37:41.406] PartLoader: Compiling Part 'Squad/Parts/Command/mk1Cockpits/mk1CrewCabin/MK1CrewCabin'
[WRN 11:37:41.408] [Part]: Cannot have ModuleCargoPart and ModuleInventoryPart on same Part [MK1CrewCabin'. Removed ModuleCargoPart
[LOG 11:37:41.412] PartLoader: Part 'Squad/Parts/Command/mk1Cockpits/mk1CrewCabin/MK1CrewCabin' has no database record. Creating.
[LOG 11:37:41.412] [DragCubeSystem]: Drag cubes not found or cannot be read for part Part. Generating New drag cubes.
[LOG 11:37:41.412] [KSPCF/DragCubeGeneration] Creating drag cubes for part 'MK1CrewCabin'
[LOG 11:37:41.418] PartLoader: Compiling Part 'Squad/Parts/Command/mk1Cockpits/mk1InlineCockpit/Mark2Cockpit'
[WRN 11:37:41.421] [Part]: Cannot have ModuleCargoPart and ModuleInventoryPart on same Part [Mark2Cockpit'. Removed ModuleCargoPart
[LOG 11:37:41.424] PartLoader: Part 'Squad/Parts/Command/mk1Cockpits/mk1InlineCockpit/Mark2Cockpit' has no database record. Creating.
[LOG 11:37:41.424] [DragCubeSystem]: Drag cubes not found or cannot be read for part Part. Generating New drag cubes.
[LOG 11:37:41.424] [KSPCF/DragCubeGeneration] Creating drag cubes for part 'Mark2Cockpit'
[LOG 11:37:41.435] PartLoader: Compiling Part 'Squad/Parts/Command/mk1LanderCan/mk1LanderCan/landerCabinSmall'
[WRN 11:37:41.439] [Part]: Cannot have ModuleCargoPart and ModuleInventoryPart on same Part [landerCabinSmall'. Removed ModuleCargoPart
[LOG 11:37:41.444] PartLoader: Part 'Squad/Parts/Command/mk1LanderCan/mk1LanderCan/landerCabinSmall' has no database record. Creating.
[LOG 11:37:41.444] [DragCubeSystem]: Drag cubes not found or cannot be read for part Part. Generating New drag cubes.
[LOG 11:37:41.444] [KSPCF/DragCubeGeneration] Creating drag cubes for part 'landerCabinSmall'
[LOG 11:37:41.450] PartLoader: Compiling Part 'Squad/Parts/Command/mk1pod_v2/mk1Pod_v2/mk1pod_v2'
[WRN 11:37:41.454] [Part]: Cannot have ModuleCargoPart and ModuleInventoryPart on same Part [mk1pod.v2'. Removed ModuleCargoPart
[LOG 11:37:41.457] PartLoader: Part 'Squad/Parts/Command/mk1pod_v2/mk1Pod_v2/mk1pod_v2' has no database record. Creating.
[LOG 11:37:41.457] [DragCubeSystem]: Drag cubes not found or cannot be read for part Part. Generating New drag cubes.
[LOG 11:37:41.457] [KSPCF/DragCubeGeneration] Creating drag cubes for part 'mk1pod.v2'
[LOG 11:37:41.468] PartLoader: Compiling Part 'Squad/Parts/Command/mk2CockpitInline/mk2CockpitInline/mk2Cockpit_Inline'
[WRN 11:37:41.471] [Part]: Cannot have ModuleCargoPart and ModuleInventoryPart on same Part [mk2Cockpit.Inline'. Removed ModuleCargoPart
[LOG 11:37:41.474] PartLoader: Part 'Squad/Parts/Command/mk2CockpitInline/mk2CockpitInline/mk2Cockpit_Inline' has no database record. Creating.
[LOG 11:37:41.474] [DragCubeSystem]: Drag cubes not found or cannot be read for part Part. Generating New drag cubes.
[LOG 11:37:41.474] [KSPCF/DragCubeGeneration] Creating drag cubes for part 'mk2Cockpit.Inline'
[LOG 11:37:41.481] PartLoader: Compiling Part 'Squad/Parts/Command/mk2CockpitStandard/mk2CockpitStandard/mk2Cockpit_Standard'
[WRN 11:37:41.485] [Part]: Cannot have ModuleCargoPart and ModuleInventoryPart on same Part [mk2Cockpit.Standard'. Removed ModuleCargoPart
[LOG 11:37:41.492] PartLoader: Part 'Squad/Parts/Command/mk2CockpitStandard/mk2CockpitStandard/mk2Cockpit_Standard' has no database record. Creating.
[LOG 11:37:41.492] [DragCubeSystem]: Drag cubes not found or cannot be read for part Part. Generating New drag cubes.
[LOG 11:37:41.492] [KSPCF/DragCubeGeneration] Creating drag cubes for part 'mk2Cockpit.Standard'
[LOG 11:37:41.500] PartLoader: Compiling Part 'Squad/Parts/Command/mk2DroneCore/mk2Dronecore/mk2DroneCore'
[LOG 11:37:41.504] PartLoader: Part 'Squad/Parts/Command/mk2DroneCore/mk2Dronecore/mk2DroneCore' has no database record. Creating.
[LOG 11:37:41.505] PartLoader: Compiling Part 'Squad/Parts/Command/mk2LanderCan/mk2LanderCan/mk2LanderCabin'
[WRN 11:37:41.507] [Part]: Cannot have ModuleCargoPart and ModuleInventoryPart on same Part [mk2LanderCabin'. Removed ModuleCargoPart
[LOG 11:37:41.509] PartLoader: Part 'Squad/Parts/Command/mk2LanderCan/mk2LanderCan/mk2LanderCabin' has no database record. Creating.
[LOG 11:37:41.509] [DragCubeSystem]: Drag cubes not found or cannot be read for part Part. Generating New drag cubes.
[LOG 11:37:41.509] [KSPCF/DragCubeGeneration] Creating drag cubes for part 'mk2LanderCabin'
[LOG 11:37:41.517] PartLoader: Compiling Part 'Squad/Parts/Command/mk2LanderCan_v2/mk2LanderCan_v2/mk2LanderCabin_v2'
[WRN 11:37:41.523] [Part]: Cannot have ModuleCargoPart and ModuleInventoryPart on same Part [mk2LanderCabin.v2'. Removed ModuleCargoPart
[LOG 11:37:41.526] PartLoader: Part 'Squad/Parts/Command/mk2LanderCan_v2/mk2LanderCan_v2/mk2LanderCabin_v2' has no database record. Creating.
[LOG 11:37:41.526] [DragCubeSystem]: Drag cubes not found or cannot be read for part Part. Generating New drag cubes.
[LOG 11:37:41.526] [KSPCF/DragCubeGeneration] Creating drag cubes for part 'mk2LanderCabin.v2'
[LOG 11:37:41.535] PartLoader: Compiling Part 'Squad/Parts/Command/mk3CockpitShuttle/mk3CockpitShuttle/mk3Cockpit_Shuttle'
[LOG 11:37:41.539] PartLoader: Part 'Squad/Parts/Command/mk3CockpitShuttle/mk3CockpitShuttle/mk3Cockpit_Shuttle' has no database record. Creating.
[LOG 11:37:41.539] [DragCubeSystem]: Drag cubes not found or cannot be read for part Part. Generating New drag cubes.
[LOG 11:37:41.539] [KSPCF/DragCubeGeneration] Creating drag cubes for part 'mk3Cockpit.Shuttle'
[LOG 11:37:41.546] PartLoader: Compiling Part 'Squad/Parts/Command/MpoProbe/MpoProbe/MpoProbe'
[LOG 11:37:41.549] PartLoader: Part 'Squad/Parts/Command/MpoProbe/MpoProbe/MpoProbe' has no database record. Creating.
[LOG 11:37:41.549] [DragCubeSystem]: Drag cubes not found or cannot be read for part Part. Generating New drag cubes.
[LOG 11:37:41.549] [KSPCF/DragCubeGeneration] Creating drag cubes for part 'MpoProbe'
[LOG 11:37:41.555] PartLoader: Compiling Part 'Squad/Parts/Command/MtmStage/MTM_Stage/MtmStage'
[LOG 11:37:41.558] PartLoader: Part 'Squad/Parts/Command/MtmStage/MTM_Stage/MtmStage' has no database record. Creating.
[LOG 11:37:41.558] [DragCubeSystem]: Drag cubes not found or cannot be read for part Part. Generating New drag cubes.
[LOG 11:37:41.558] [KSPCF/DragCubeGeneration] Creating drag cubes for part 'MtmStage'
[LOG 11:37:41.564] PartLoader: Compiling Part 'Squad/Parts/Command/probeCoreCube/probeCoreCube/probeCoreCube'
[LOG 11:37:41.566] PartLoader: Part 'Squad/Parts/Command/probeCoreCube/probeCoreCube/probeCoreCube' has no database record. Creating.
[LOG 11:37:41.569] PartLoader: Compiling Part 'Squad/Parts/Command/probeCoreHex/probeCoreHex/probeCoreHex'
[LOG 11:37:41.572] PartLoader: Part 'Squad/Parts/Command/probeCoreHex/probeCoreHex/probeCoreHex' has no database record. Creating.
[LOG 11:37:41.572] [DragCubeSystem]: Drag cubes not found or cannot be read for part Part. Generating New drag cubes.
[LOG 11:37:41.572] [KSPCF/DragCubeGeneration] Creating drag cubes for part 'probeCoreHex'
[LOG 11:37:41.580] PartLoader: Compiling Part 'Squad/Parts/Command/probeCoreHex_v2/probeCoreHex_v2/probeCoreHex_v2'
[LOG 11:37:41.585] PartLoader: Part 'Squad/Parts/Command/probeCoreHex_v2/probeCoreHex_v2/probeCoreHex_v2' has no database record. Creating.
[LOG 11:37:41.585] [DragCubeSystem]: Drag cubes not found or cannot be read for part Part. Generating New drag cubes.
[LOG 11:37:41.585] [KSPCF/DragCubeGeneration] Creating drag cubes for part 'probeCoreHex.v2'
[LOG 11:37:41.592] PartLoader: Compiling Part 'Squad/Parts/Command/probeCoreOcto2_v2/probeCoreOcto2_v2/probeCoreOcto2_v2'
[LOG 11:37:41.596] PartLoader: Part 'Squad/Parts/Command/probeCoreOcto2_v2/probeCoreOcto2_v2/probeCoreOcto2_v2' has no database record. Creating.
[LOG 11:37:41.596] [DragCubeSystem]: Drag cubes not found or cannot be read for part Part. Generating New drag cubes.
[LOG 11:37:41.596] [KSPCF/DragCubeGeneration] Creating drag cubes for part 'probeCoreOcto2.v2'
[LOG 11:37:41.604] PartLoader: Compiling Part 'Squad/Parts/Command/probeCoreOcto_v2/probeCoreOcto_v2/probeCoreOcto_v2'
[LOG 11:37:41.607] PartLoader: Part 'Squad/Parts/Command/probeCoreOcto_v2/probeCoreOcto_v2/probeCoreOcto_v2' has no database record. Creating.
[LOG 11:37:41.607] [DragCubeSystem]: Drag cubes not found or cannot be read for part Part. Generating New drag cubes.
[LOG 11:37:41.607] [KSPCF/DragCubeGeneration] Creating drag cubes for part 'probeCoreOcto.v2'
[LOG 11:37:41.613] PartLoader: Compiling Part 'Squad/Parts/Command/probeRoverBody/probeRoverBody/roverBody'
[LOG 11:37:41.615] PartLoader: Part 'Squad/Parts/Command/probeRoverBody/probeRoverBody/roverBody' has no database record. Creating.
[LOG 11:37:41.615] [DragCubeSystem]: Drag cubes not found or cannot be read for part Part. Generating New drag cubes.
[LOG 11:37:41.615] [KSPCF/DragCubeGeneration] Creating drag cubes for part 'roverBody'
[LOG 11:37:41.622] PartLoader: Compiling Part 'Squad/Parts/Command/probeRoverBody_v2/probeRoverBody_v2/roverBody_v2'
[LOG 11:37:41.625] PartLoader: Part 'Squad/Parts/Command/probeRoverBody_v2/probeRoverBody_v2/roverBody_v2' has no database record. Creating.
[LOG 11:37:41.626] [DragCubeSystem]: Drag cubes not found or cannot be read for part Part. Generating New drag cubes.
[LOG 11:37:41.626] [KSPCF/DragCubeGeneration] Creating drag cubes for part 'roverBody.v2'
[LOG 11:37:41.650] PartLoader: Compiling Part 'Squad/Parts/Command/probeStackLarge/probeStackLarge/probeStackLarge'
[LOG 11:37:41.656] PartLoader: Part 'Squad/Parts/Command/probeStackLarge/probeStackLarge/probeStackLarge' has no database record. Creating.
[LOG 11:37:41.656] [DragCubeSystem]: Drag cubes not found or cannot be read for part Part. Generating New drag cubes.
[LOG 11:37:41.656] [KSPCF/DragCubeGeneration] Creating drag cubes for part 'probeStackLarge'
[LOG 11:37:41.661] PartLoader: Compiling Part 'Squad/Parts/Command/probeStackSmall/probeStackSmall/probeStackSmall'
[LOG 11:37:41.665] PartLoader: Part 'Squad/Parts/Command/probeStackSmall/probeStackSmall/probeStackSmall' has no database record. Creating.
[LOG 11:37:41.665] [DragCubeSystem]: Drag cubes not found or cannot be read for part Part. Generating New drag cubes.
[LOG 11:37:41.665] [KSPCF/DragCubeGeneration] Creating drag cubes for part 'probeStackSmall'
[LOG 11:37:41.674] PartLoader: Compiling Part 'Squad/Parts/Command/probeStackSphere_v2/probeStackSphere_v2/probeCoreSphere_v2'
[LOG 11:37:41.678] PartLoader: Part 'Squad/Parts/Command/probeStackSphere_v2/probeStackSphere_v2/probeCoreSphere_v2' has no database record. Creating.
[LOG 11:37:41.681] PartLoader: Compiling Part 'Squad/Parts/CompoundParts/FuelLine/fuelLine/fuelLine'
[LOG 11:37:41.700] PartLoader: Part 'Squad/Parts/CompoundParts/FuelLine/fuelLine/fuelLine' has no database record. Creating.
[LOG 11:37:41.700] [DragCubeSystem]: Drag cubes not found or cannot be read for part CompoundPart. Generating New drag cubes.
[LOG 11:37:41.700] [KSPCF/DragCubeGeneration] Creating drag cubes for part 'fuelLine'
[LOG 11:37:41.710] PartLoader: Compiling Part 'Squad/Parts/CompoundParts/strutConnector/strutConnector/strutConnector'
[LOG 11:37:41.716] PartLoader: Part 'Squad/Parts/CompoundParts/strutConnector/strutConnector/strutConnector' has no database record. Creating.
[LOG 11:37:41.716] [DragCubeSystem]: Drag cubes not found or cannot be read for part CompoundPart. Generating New drag cubes.
[LOG 11:37:41.716] [KSPCF/DragCubeGeneration] Creating drag cubes for part 'strutConnector'
[LOG 11:37:41.728] PartLoader: Compiling Part 'Squad/Parts/Coupling/Decoupler_0/Decoupler_0'
[LOG 11:37:41.734] PartLoader: Part 'Squad/Parts/Coupling/Decoupler_0/Decoupler_0' has no database record. Creating.
[LOG 11:37:41.734] PartLoader: Compiling Part 'Squad/Parts/Coupling/Decoupler_1/Decoupler_1'
[LOG 11:37:41.738] PartLoader: Part 'Squad/Parts/Coupling/Decoupler_1/Decoupler_1' has no database record. Creating.
[LOG 11:37:41.738] PartLoader: Compiling Part 'Squad/Parts/Coupling/Decoupler_2/Decoupler_2'
[LOG 11:37:41.742] PartLoader: Part 'Squad/Parts/Coupling/Decoupler_2/Decoupler_2' has no database record. Creating.
[LOG 11:37:41.742] PartLoader: Compiling Part 'Squad/Parts/Coupling/Decoupler_3/Decoupler_3'
[LOG 11:37:41.744] PartLoader: Part 'Squad/Parts/Coupling/Decoupler_3/Decoupler_3' has no database record. Creating.
[LOG 11:37:41.745] PartLoader: Compiling Part 'Squad/Parts/Coupling/Separator_0/Separator_0'
[LOG 11:37:41.747] PartLoader: Part 'Squad/Parts/Coupling/Separator_0/Separator_0' has no database record. Creating.
[LOG 11:37:41.748] PartLoader: Compiling Part 'Squad/Parts/Coupling/Separator_1/Separator_1'
[LOG 11:37:41.750] PartLoader: Part 'Squad/Parts/Coupling/Separator_1/Separator_1' has no database record. Creating.
[LOG 11:37:41.751] PartLoader: Compiling Part 'Squad/Parts/Coupling/Separator_2/Separator_2'
[LOG 11:37:41.754] PartLoader: Part 'Squad/Parts/Coupling/Separator_2/Separator_2' has no database record. Creating.
[LOG 11:37:41.754] PartLoader: Compiling Part 'Squad/Parts/Coupling/Separator_3/Separator_3'
[LOG 11:37:41.757] PartLoader: Part 'Squad/Parts/Coupling/Separator_3/Separator_3' has no database record. Creating.
[LOG 11:37:41.757] PartLoader: Compiling Part 'Squad/Parts/Electrical/10CSolarPanels/OX-10C/solarPanelOX10C'
[LOG 11:37:41.763] PartLoader: Part 'Squad/Parts/Electrical/10CSolarPanels/OX-10C/solarPanelOX10C' has no database record. Creating.
[LOG 11:37:41.763] [DragCubeSystem]: Drag cubes not found or cannot be read for part Part. Generating New drag cubes.
[LOG 11:37:41.764] [KSPCF/DragCubeGeneration] Creating drag cubes for part 'solarPanelOX10C'
[LOG 11:37:41.834] PartLoader: Compiling Part 'Squad/Parts/Electrical/10CSolarPanels/SP-10C/solarPanelSP10C'
[LOG 11:37:41.836] PartLoader: Part 'Squad/Parts/Electrical/10CSolarPanels/SP-10C/solarPanelSP10C' has no database record. Creating.
[LOG 11:37:41.836] [DragCubeSystem]: Drag cubes not found or cannot be read for part Part. Generating New drag cubes.
[LOG 11:37:41.838] [KSPCF/DragCubeGeneration] Creating drag cubes for part 'solarPanelSP10C'
[LOG 11:37:41.867] PartLoader: Compiling Part 'Squad/Parts/Electrical/10LSolarPanels/OX-10L/solarPanelOX10L'
[LOG 11:37:41.870] PartLoader: Part 'Squad/Parts/Electrical/10LSolarPanels/OX-10L/solarPanelOX10L' has no database record. Creating.
[LOG 11:37:41.870] [DragCubeSystem]: Drag cubes not found or cannot be read for part Part. Generating New drag cubes.
[LOG 11:37:41.870] [KSPCF/DragCubeGeneration] Creating drag cubes for part 'solarPanelOX10L'
[LOG 11:37:41.898] PartLoader: Compiling Part 'Squad/Parts/Electrical/10LSolarPanels/SP-10L/solarPanelSP10L'
[LOG 11:37:41.902] PartLoader: Part 'Squad/Parts/Electrical/10LSolarPanels/SP-10L/solarPanelSP10L' has no database record. Creating.
[LOG 11:37:41.902] [DragCubeSystem]: Drag cubes not found or cannot be read for part Part. Generating New drag cubes.
[LOG 11:37:41.902] [KSPCF/DragCubeGeneration] Creating drag cubes for part 'solarPanelSP10L'
[LOG 11:37:41.931] PartLoader: Compiling Part 'Squad/Parts/Electrical/1x6ShroudSolarPanels/1x6ShroudSolarPanels/solarPanels2'
[LOG 11:37:41.934] PartLoader: Part 'Squad/Parts/Electrical/1x6ShroudSolarPanels/1x6ShroudSolarPanels/solarPanels2' has no database record. Creating.
[LOG 11:37:41.934] [DragCubeSystem]: Drag cubes not found or cannot be read for part Part. Generating New drag cubes.
[LOG 11:37:41.934] [KSPCF/DragCubeGeneration] Creating drag cubes for part 'solarPanels2'
[LOG 11:37:41.967] PartLoader: Compiling Part 'Squad/Parts/Electrical/1x6SolarPanels/1x6SolarPanels/solarPanels4'
[LOG 11:37:41.970] PartLoader: Part 'Squad/Parts/Electrical/1x6SolarPanels/1x6SolarPanels/solarPanels4' has no database record. Creating.
[LOG 11:37:41.970] [DragCubeSystem]: Drag cubes not found or cannot be read for part Part. Generating New drag cubes.
[LOG 11:37:41.970] [KSPCF/DragCubeGeneration] Creating drag cubes for part 'solarPanels4'
[LOG 11:37:41.998] PartLoader: Compiling Part 'Squad/Parts/Electrical/3x2ShroudSolarPanels/3x2ShroudSolarPanels/solarPanels1'
[LOG 11:37:42.001] PartLoader: Part 'Squad/Parts/Electrical/3x2ShroudSolarPanels/3x2ShroudSolarPanels/solarPanels1' has no database record. Creating.
[LOG 11:37:42.001] [DragCubeSystem]: Drag cubes not found or cannot be read for part Part. Generating New drag cubes.
[LOG 11:37:42.001] [KSPCF/DragCubeGeneration] Creating drag cubes for part 'solarPanels1'
[LOG 11:37:42.036] PartLoader: Compiling Part 'Squad/Parts/Electrical/3x2SolarPanels/3x2SolarPanels/solarPanels3'
[LOG 11:37:42.043] PartLoader: Part 'Squad/Parts/Electrical/3x2SolarPanels/3x2SolarPanels/solarPanels3' has no database record. Creating.
[LOG 11:37:42.043] [DragCubeSystem]: Drag cubes not found or cannot be read for part Part. Generating New drag cubes.
[LOG 11:37:42.043] [KSPCF/DragCubeGeneration] Creating drag cubes for part 'solarPanels3'
[LOG 11:37:42.065] PartLoader: Compiling Part 'Squad/Parts/Electrical/gigantorXlSolarArray/gigantorXlSolarArray/largeSolarPanel'
[LOG 11:37:42.068] PartLoader: Part 'Squad/Parts/Electrical/gigantorXlSolarArray/gigantorXlSolarArray/largeSolarPanel' has no database record. Creating.
[LOG 11:37:42.068] [DragCubeSystem]: Drag cubes not found or cannot be read for part Part. Generating New drag cubes.
[LOG 11:37:42.068] [KSPCF/DragCubeGeneration] Creating drag cubes for part 'largeSolarPanel'
[LOG 11:37:42.087] PartLoader: Compiling Part 'Squad/Parts/Electrical/radialFlatSolarPanel/radialFlatSolarPanel/solarPanels5'
[LOG 11:37:42.089] PartLoader: Part 'Squad/Parts/Electrical/radialFlatSolarPanel/radialFlatSolarPanel/solarPanels5' has no database record. Creating.
[LOG 11:37:42.089] [DragCubeSystem]: Drag cubes not found or cannot be read for part Part. Generating New drag cubes.
[LOG 11:37:42.091] [KSPCF/DragCubeGeneration] Creating drag cubes for part 'solarPanels5'
[LOG 11:37:42.099] PartLoader: Compiling Part 'Squad/Parts/Electrical/RTG/RTG/rtg'
[LOG 11:37:42.106] PartLoader: Part 'Squad/Parts/Electrical/RTG/RTG/rtg' has no database record. Creating.
[LOG 11:37:42.106] [DragCubeSystem]: Drag cubes not found or cannot be read for part Part. Generating New drag cubes.
[LOG 11:37:42.106] [KSPCF/DragCubeGeneration] Creating drag cubes for part 'rtg'
[LOG 11:37:42.112] PartLoader: Compiling Part 'Squad/Parts/Electrical/z-100Battery/z-100Battery/batteryPack'
[LOG 11:37:42.114] PartLoader: Part 'Squad/Parts/Electrical/z-100Battery/z-100Battery/batteryPack' has no database record. Creating.
[LOG 11:37:42.114] [DragCubeSystem]: Drag cubes not found or cannot be read for part Part. Generating New drag cubes.
[LOG 11:37:42.114] [KSPCF/DragCubeGeneration] Creating drag cubes for part 'batteryPack'
[LOG 11:37:42.118] PartLoader: Compiling Part 'Squad/Parts/Electrical/z-1kBattery/z-1kBattery/batteryBank'
[LOG 11:37:42.120] PartLoader: Part 'Squad/Parts/Electrical/z-1kBattery/z-1kBattery/batteryBank' has no database record. Creating.
[LOG 11:37:42.120] [DragCubeSystem]: Drag cubes not found or cannot be read for part Part. Generating New drag cubes.
[LOG 11:37:42.120] [KSPCF/DragCubeGeneration] Creating drag cubes for part 'batteryBank'
[LOG 11:37:42.125] PartLoader: Compiling Part 'Squad/Parts/Electrical/z-200Battery/z-200Battery/batteryBankMini'
[LOG 11:37:42.127] PartLoader: Part 'Squad/Parts/Electrical/z-200Battery/z-200Battery/batteryBankMini' has no database record. Creating.
[LOG 11:37:42.127] [DragCubeSystem]: Drag cubes not found or cannot be read for part Part. Generating New drag cubes.
[LOG 11:37:42.127] [KSPCF/DragCubeGeneration] Creating drag cubes for part 'batteryBankMini'
[LOG 11:37:42.132] PartLoader: Compiling Part 'Squad/Parts/Electrical/z-400Battery/z-400Battery/ksp_r_largeBatteryPack'
[LOG 11:37:42.134] PartLoader: Part 'Squad/Parts/Electrical/z-400Battery/z-400Battery/ksp_r_largeBatteryPack' has no database record. Creating.
[LOG 11:37:42.134] [DragCubeSystem]: Drag cubes not found or cannot be read for part Part. Generating New drag cubes.
[LOG 11:37:42.134] [KSPCF/DragCubeGeneration] Creating drag cubes for part 'ksp.r.largeBatteryPack'
[LOG 11:37:42.139] PartLoader: Compiling Part 'Squad/Parts/Electrical/z-4kBattery/z-4kBattery/batteryBankLarge'
[LOG 11:37:42.140] PartLoader: Part 'Squad/Parts/Electrical/z-4kBattery/z-4kBattery/batteryBankLarge' has no database record. Creating.
[LOG 11:37:42.140] [DragCubeSystem]: Drag cubes not found or cannot be read for part Part. Generating New drag cubes.
[LOG 11:37:42.140] [KSPCF/DragCubeGeneration] Creating drag cubes for part 'batteryBankLarge'
[LOG 11:37:42.144] PartLoader: Compiling Part 'Squad/Parts/Engine/ionEngine/ionEngine/ionEngine'
[LOG 11:37:42.156] PartLoader: Part 'Squad/Parts/Engine/ionEngine/ionEngine/ionEngine' has no database record. Creating.
[LOG 11:37:42.156] [DragCubeSystem]: Drag cubes not found or cannot be read for part Part. Generating New drag cubes.
[LOG 11:37:42.156] [KSPCF/DragCubeGeneration] Creating drag cubes for part 'ionEngine'
[LOG 11:37:42.162] PartLoader: Compiling Part 'Squad/Parts/Engine/jetEngines/jetEngineAfterburning/turboJet'
[LOG 11:37:42.180] PartLoader: Part 'Squad/Parts/Engine/jetEngines/jetEngineAfterburning/turboJet' has no database record. Creating.
[LOG 11:37:42.180] [DragCubeSystem]: Drag cubes not found or cannot be read for part Part. Generating New drag cubes.
[LOG 11:37:42.180] [KSPCF/DragCubeGeneration] Creating drag cubes for part 'turboJet'
[LOG 11:37:42.189] PartLoader: Compiling Part 'Squad/Parts/Engine/jetEngines/jetEngineBasic/JetEngine'
[LOG 11:37:42.195] PartLoader: Part 'Squad/Parts/Engine/jetEngines/jetEngineBasic/JetEngine' has no database record. Creating.
[LOG 11:37:42.195] [DragCubeSystem]: Drag cubes not found or cannot be read for part Part. Generating New drag cubes.
[LOG 11:37:42.195] [KSPCF/DragCubeGeneration] Creating drag cubes for part 'JetEngine'
[LOG 11:37:42.210] PartLoader: Compiling Part 'Squad/Parts/Engine/jetEngines/jetEngineBig/turboFanSize2'
[LOG 11:37:42.216] PartLoader: Part 'Squad/Parts/Engine/jetEngines/jetEngineBig/turboFanSize2' has no database record. Creating.
[LOG 11:37:42.216] [DragCubeSystem]: Drag cubes not found or cannot be read for part Part. Generating New drag cubes.
[LOG 11:37:42.216] [KSPCF/DragCubeGeneration] Creating drag cubes for part 'turboFanSize2'
[LOG 11:37:42.232] PartLoader: Compiling Part 'Squad/Parts/Engine/jetEngines/jetEngineTurbo/turboFanEngine'
[LOG 11:37:42.237] PartLoader: Part 'Squad/Parts/Engine/jetEngines/jetEngineTurbo/turboFanEngine' has no database record. Creating.
[LOG 11:37:42.237] [DragCubeSystem]: Drag cubes not found or cannot be read for part Part. Generating New drag cubes.
[LOG 11:37:42.237] [KSPCF/DragCubeGeneration] Creating drag cubes for part 'turboFanEngine'
[LOG 11:37:42.243] PartLoader: Compiling Part 'Squad/Parts/Engine/liquidEngine24-77/liquidEngine24-77/smallRadialEngine'
[LOG 11:37:42.247] PartLoader: Part 'Squad/Parts/Engine/liquidEngine24-77/liquidEngine24-77/smallRadialEngine' has no database record. Creating.
[LOG 11:37:42.247] [DragCubeSystem]: Drag cubes not found or cannot be read for part Part. Generating New drag cubes.
[LOG 11:37:42.247] [KSPCF/DragCubeGeneration] Creating drag cubes for part 'smallRadialEngine'
[LOG 11:37:42.253] PartLoader: Compiling Part 'Squad/Parts/Engine/liquidEngine24-77_v2/liquidEngine24-77_v2/smallRadialEngine_v2'
[LOG 11:37:42.257] PartLoader: Part 'Squad/Parts/Engine/liquidEngine24-77_v2/liquidEngine24-77_v2/smallRadialEngine_v2' has no database record. Creating.
[LOG 11:37:42.257] [DragCubeSystem]: Drag cubes not found or cannot be read for part Part. Generating New drag cubes.
[LOG 11:37:42.257] [KSPCF/DragCubeGeneration] Creating drag cubes for part 'smallRadialEngine.v2'
[LOG 11:37:42.264] PartLoader: Compiling Part 'Squad/Parts/Engine/liquidEngine48-7S_v2/liquidEngine48-7S_v2/liquidEngineMini_v2'
[LOG 11:37:42.270] PartLoader: Part 'Squad/Parts/Engine/liquidEngine48-7S_v2/liquidEngine48-7S_v2/liquidEngineMini_v2' has no database record. Creating.
[LOG 11:37:42.270] [DragCubeSystem]: Drag cubes not found or cannot be read for part Part. Generating New drag cubes.
[LOG 11:37:42.270] [KSPCF/DragCubeGeneration] Creating drag cubes for part 'liquidEngineMini.v2'
[LOG 11:37:42.307] PartLoader: Compiling Part 'Squad/Parts/Engine/liquidEngineAerospike/liquidEngineAerospike/toroidalAerospike'
[LOG 11:37:42.323] PartLoader: Part 'Squad/Parts/Engine/liquidEngineAerospike/liquidEngineAerospike/toroidalAerospike' has no database record. Creating.
[LOG 11:37:42.323] [DragCubeSystem]: Drag cubes not found or cannot be read for part Part. Generating New drag cubes.
[LOG 11:37:42.323] [KSPCF/DragCubeGeneration] Creating drag cubes for part 'toroidalAerospike'
[LOG 11:37:42.340] PartLoader: Compiling Part 'Squad/Parts/Engine/liquidEngineLV-1_v2/liquidEngineLV-1R _v2/radialEngineMini_v2'
[LOG 11:37:42.345] PartLoader: Part 'Squad/Parts/Engine/liquidEngineLV-1_v2/liquidEngineLV-1R _v2/radialEngineMini_v2' has no database record. Creating.
[LOG 11:37:42.345] [DragCubeSystem]: Drag cubes not found or cannot be read for part Part. Generating New drag cubes.
[LOG 11:37:42.345] [KSPCF/DragCubeGeneration] Creating drag cubes for part 'radialEngineMini.v2'
[LOG 11:37:42.363] PartLoader: Compiling Part 'Squad/Parts/Engine/liquidEngineLV-1_v2/liquidEngineLV-1_v2/microEngine_v2'
[LOG 11:37:42.367] PartLoader: Part 'Squad/Parts/Engine/liquidEngineLV-1_v2/liquidEngineLV-1_v2/microEngine_v2' has no database record. Creating.
[LOG 11:37:42.367] [DragCubeSystem]: Drag cubes not found or cannot be read for part Part. Generating New drag cubes.
[LOG 11:37:42.367] [KSPCF/DragCubeGeneration] Creating drag cubes for part 'microEngine.v2'
[LOG 11:37:42.385] PartLoader: Compiling Part 'Squad/Parts/Engine/liquidEngineLV-909_v2/liquidEngineLV-909_v2/liquidEngine3_v2'
[LOG 11:37:42.391] PartLoader: Part 'Squad/Parts/Engine/liquidEngineLV-909_v2/liquidEngineLV-909_v2/liquidEngine3_v2' has no database record. Creating.
[LOG 11:37:42.391] [DragCubeSystem]: Drag cubes not found or cannot be read for part Part. Generating New drag cubes.
[LOG 11:37:42.391] [KSPCF/DragCubeGeneration] Creating drag cubes for part 'liquidEngine3.v2'
[LOG 11:37:42.428] PartLoader: Compiling Part 'Squad/Parts/Engine/liquidEngineLV-N/liquidEngineLV-N/nuclearEngine'
[LOG 11:37:42.435] PartLoader: Part 'Squad/Parts/Engine/liquidEngineLV-N/liquidEngineLV-N/nuclearEngine' has no database record. Creating.
[LOG 11:37:42.435] [DragCubeSystem]: Drag cubes not found or cannot be read for part Part. Generating New drag cubes.
[LOG 11:37:42.435] [KSPCF/DragCubeGeneration] Part 'nuclearEngine' has defined a procedural drag cube setup
[LOG 11:37:42.436] PartLoader: Compiling Part 'Squad/Parts/Engine/liquidEngineLV-T30/liquidEngineLV-T30/liquidEngine'
[LOG 11:37:42.440] PartLoader: Part 'Squad/Parts/Engine/liquidEngineLV-T30/liquidEngineLV-T30/liquidEngine' has no database record. Creating.
[LOG 11:37:42.440] [DragCubeSystem]: Drag cubes not found or cannot be read for part Part. Generating New drag cubes.
[LOG 11:37:42.440] [KSPCF/DragCubeGeneration] Creating drag cubes for part 'liquidEngine'
[LOG 11:37:42.458] PartLoader: Compiling Part 'Squad/Parts/Engine/liquidEngineLV-T30_v2/liquidEngineLV-T30_v2/liquidEngine_v2'
[LOG 11:37:42.464] PartLoader: Part 'Squad/Parts/Engine/liquidEngineLV-T30_v2/liquidEngineLV-T30_v2/liquidEngine_v2' has no database record. Creating.
[LOG 11:37:42.465] PartLoader: Compiling Part 'Squad/Parts/Engine/liquidEngineLV-T45/liquidEngineLV-T45/liquidEngine2'
[LOG 11:37:42.474] PartLoader: Part 'Squad/Parts/Engine/liquidEngineLV-T45/liquidEngineLV-T45/liquidEngine2' has no database record. Creating.
[LOG 11:37:42.474] [DragCubeSystem]: Drag cubes not found or cannot be read for part Part. Generating New drag cubes.
[LOG 11:37:42.474] [KSPCF/DragCubeGeneration] Creating drag cubes for part 'liquidEngine2'
[LOG 11:37:42.491] PartLoader: Compiling Part 'Squad/Parts/Engine/liquidEngineLV-T45_v2/liquidEngineLV-T45_v2/liquidEngine2_v2'
[LOG 11:37:42.497] PartLoader: Part 'Squad/Parts/Engine/liquidEngineLV-T45_v2/liquidEngineLV-T45_v2/liquidEngine2_v2' has no database record. Creating.
[LOG 11:37:42.498] PartLoader: Compiling Part 'Squad/Parts/Engine/liquidEngineMainsail_v2/liquidEngineMainsail_v2/liquidEngineMainsail_v2'
[LOG 11:37:42.506] PartLoader: Part 'Squad/Parts/Engine/liquidEngineMainsail_v2/liquidEngineMainsail_v2/liquidEngineMainsail_v2' has no database record. Creating.
[LOG 11:37:42.506] [DragCubeSystem]: Drag cubes not found or cannot be read for part Part. Generating New drag cubes.
[LOG 11:37:42.506] [KSPCF/DragCubeGeneration] Creating drag cubes for part 'liquidEngineMainsail.v2'
[LOG 11:37:42.542] PartLoader: Compiling Part 'Squad/Parts/Engine/liquidEngineMk55/liquidEngineMk55/radialLiquidEngine1-2'
[LOG 11:37:42.547] PartLoader: Part 'Squad/Parts/Engine/liquidEngineMk55/liquidEngineMk55/radialLiquidEngine1-2' has no database record. Creating.
[LOG 11:37:42.547] [DragCubeSystem]: Drag cubes not found or cannot be read for part Part. Generating New drag cubes.
[LOG 11:37:42.547] [KSPCF/DragCubeGeneration] Creating drag cubes for part 'radialLiquidEngine1-2'
[LOG 11:37:42.553] PartLoader: Compiling Part 'Squad/Parts/Engine/liquidEnginePoodle_v2/liquidEnginePoodle_v2/liquidEngine2-2_v2'
[LOG 11:37:42.560] PartLoader: Part 'Squad/Parts/Engine/liquidEnginePoodle_v2/liquidEnginePoodle_v2/liquidEngine2-2_v2' has no database record. Creating.
[LOG 11:37:42.560] PartLoader: Compiling Part 'Squad/Parts/Engine/liquidEngineSkipper_v2/skipperLiquidEngine_v2/engineLargeSkipper_v2'
[LOG 11:37:42.566] PartLoader: Part 'Squad/Parts/Engine/liquidEngineSkipper_v2/skipperLiquidEngine_v2/engineLargeSkipper_v2' has no database record. Creating.
[LOG 11:37:42.566] [DragCubeSystem]: Drag cubes not found or cannot be read for part Part. Generating New drag cubes.
[LOG 11:37:42.566] [KSPCF/DragCubeGeneration] Creating drag cubes for part 'engineLargeSkipper.v2'
[LOG 11:37:42.601] PartLoader: Compiling Part 'Squad/Parts/Engine/liquidEngineSSME/SSME/SSME'
[LOG 11:37:42.606] PartLoader: Part 'Squad/Parts/Engine/liquidEngineSSME/SSME/SSME' has no database record. Creating.
[LOG 11:37:42.606] [DragCubeSystem]: Drag cubes not found or cannot be read for part Part. Generating New drag cubes.
[LOG 11:37:42.606] [KSPCF/DragCubeGeneration] Creating drag cubes for part 'SSME'
[LOG 11:37:42.686] PartLoader: Compiling Part 'Squad/Parts/Engine/MassiveSRB/part/MassiveBooster'
[LOG 11:37:42.693] PartLoader: Part 'Squad/Parts/Engine/MassiveSRB/part/MassiveBooster' has no database record. Creating.
[LOG 11:37:42.693] [DragCubeSystem]: Drag cubes not found or cannot be read for part Part. Generating New drag cubes.
[LOG 11:37:42.693] [KSPCF/DragCubeGeneration] Creating drag cubes for part 'MassiveBooster'
[LOG 11:37:42.700] PartLoader: Compiling Part 'Squad/Parts/Engine/miniJet/SmallJetEngine/miniJetEngine'
[LOG 11:37:42.705] PartLoader: Part 'Squad/Parts/Engine/miniJet/SmallJetEngine/miniJetEngine' has no database record. Creating.
[LOG 11:37:42.705] [DragCubeSystem]: Drag cubes not found or cannot be read for part Part. Generating New drag cubes.
[LOG 11:37:42.705] [KSPCF/DragCubeGeneration] Creating drag cubes for part 'miniJetEngine'
[LOG 11:37:42.713] PartLoader: Compiling Part 'Squad/Parts/Engine/OMSEngine/omsEngine/omsEngine'
[LOG 11:37:42.717] PartLoader: Part 'Squad/Parts/Engine/OMSEngine/omsEngine/omsEngine' has no database record. Creating.
[LOG 11:37:42.717] [DragCubeSystem]: Drag cubes not found or cannot be read for part Part. Generating New drag cubes.
[LOG 11:37:42.717] [KSPCF/DragCubeGeneration] Creating drag cubes for part 'omsEngine'
[LOG 11:37:42.725] PartLoader: Compiling Part 'Squad/Parts/Engine/rapierEngine/rapierEngine/RAPIER'
[LOG 11:37:42.731] PartLoader: Part 'Squad/Parts/Engine/rapierEngine/rapierEngine/RAPIER' has no database record. Creating.
[LOG 11:37:42.731] [DragCubeSystem]: Drag cubes not found or cannot be read for part Part. Generating New drag cubes.
[LOG 11:37:42.731] [KSPCF/DragCubeGeneration] Creating drag cubes for part 'RAPIER'
[LOG 11:37:42.737] PartLoader: Compiling Part 'Squad/Parts/Engine/Size1_SRBs/solidBoosterRT-10_v2/solidBooster_v2'
[LOG 11:37:42.745] PartLoader: Part 'Squad/Parts/Engine/Size1_SRBs/solidBoosterRT-10_v2/solidBooster_v2' has no database record. Creating.
[LOG 11:37:42.745] [DragCubeSystem]: Drag cubes not found or cannot be read for part Part. Generating New drag cubes.
[LOG 11:37:42.745] [KSPCF/DragCubeGeneration] Creating drag cubes for part 'solidBooster.v2'
[LOG 11:37:42.817] PartLoader: Compiling Part 'Squad/Parts/Engine/Size1_SRBs/solidBoosterRT-5_v2/solidBooster_sm_v2'
[LOG 11:37:42.822] PartLoader: Part 'Squad/Parts/Engine/Size1_SRBs/solidBoosterRT-5_v2/solidBooster_sm_v2' has no database record. Creating.
[LOG 11:37:42.822] [DragCubeSystem]: Drag cubes not found or cannot be read for part Part. Generating New drag cubes.
[LOG 11:37:42.822] [KSPCF/DragCubeGeneration] Creating drag cubes for part 'solidBooster.sm.v2'
[LOG 11:37:42.884] PartLoader: Compiling Part 'Squad/Parts/Engine/Size2LFB/part/Size2LFB'
[LOG 11:37:42.889] PartLoader: Part 'Squad/Parts/Engine/Size2LFB/part/Size2LFB' has no database record. Creating.
[LOG 11:37:42.889] [DragCubeSystem]: Drag cubes not found or cannot be read for part Part. Generating New drag cubes.
[LOG 11:37:42.889] [KSPCF/DragCubeGeneration] Creating drag cubes for part 'Size2LFB'
[LOG 11:37:42.897] PartLoader: Compiling Part 'Squad/Parts/Engine/Size2LFB_v2/part/Size2LFB_v2'
[LOG 11:37:42.903] PartLoader: Part 'Squad/Parts/Engine/Size2LFB_v2/part/Size2LFB_v2' has no database record. Creating.
[LOG 11:37:42.903] [DragCubeSystem]: Drag cubes not found or cannot be read for part Part. Generating New drag cubes.
[LOG 11:37:42.903] [KSPCF/DragCubeGeneration] Creating drag cubes for part 'Size2LFB.v2'
[LOG 11:37:42.913] PartLoader: Compiling Part 'Squad/Parts/Engine/Size3AdvancedEngine/part/Size3AdvancedEngine'
[LOG 11:37:42.918] PartLoader: Part 'Squad/Parts/Engine/Size3AdvancedEngine/part/Size3AdvancedEngine' has no database record. Creating.
[LOG 11:37:42.918] [DragCubeSystem]: Drag cubes not found or cannot be read for part Part. Generating New drag cubes.
[LOG 11:37:42.918] [KSPCF/DragCubeGeneration] Creating drag cubes for part 'Size3AdvancedEngine'
[LOG 11:37:42.940] PartLoader: Compiling Part 'Squad/Parts/Engine/Size3EngineCluster/part/Size3EngineCluster'
[LOG 11:37:42.945] PartLoader: Part 'Squad/Parts/Engine/Size3EngineCluster/part/Size3EngineCluster' has no database record. Creating.
[LOG 11:37:42.945] [DragCubeSystem]: Drag cubes not found or cannot be read for part Part. Generating New drag cubes.
[LOG 11:37:42.945] [KSPCF/DragCubeGeneration] Creating drag cubes for part 'Size3EngineCluster'
[LOG 11:37:42.954] PartLoader: Compiling Part 'Squad/Parts/Engine/solidBoosterBACC/solidBoosterBACC/solidBooster1-1'
[LOG 11:37:42.958] PartLoader: Part 'Squad/Parts/Engine/solidBoosterBACC/solidBoosterBACC/solidBooster1-1' has no database record. Creating.
[LOG 11:37:42.958] [DragCubeSystem]: Drag cubes not found or cannot be read for part Part. Generating New drag cubes.
[LOG 11:37:42.958] [KSPCF/DragCubeGeneration] Creating drag cubes for part 'solidBooster1-1'
[LOG 11:37:42.966] PartLoader: Compiling Part 'Squad/Parts/Engine/solidBoosterS2-17/solidBoosterS2-17/Thoroughbred'
[LOG 11:37:42.980] PartLoader: Part 'Squad/Parts/Engine/solidBoosterS2-17/solidBoosterS2-17/Thoroughbred' has no database record. Creating.
[LOG 11:37:42.980] [DragCubeSystem]: Drag cubes not found or cannot be read for part Part. Generating New drag cubes.
[LOG 11:37:42.980] [KSPCF/DragCubeGeneration] Creating drag cubes for part 'Thoroughbred'
[LOG 11:37:42.987] PartLoader: Compiling Part 'Squad/Parts/Engine/solidBoosterS2-33/solidBoosterS2-33/Clydesdale'
[LOG 11:37:42.990] PartLoader: Part 'Squad/Parts/Engine/solidBoosterS2-33/solidBoosterS2-33/Clydesdale' has no database record. Creating.
[LOG 11:37:42.990] [DragCubeSystem]: Drag cubes not found or cannot be read for part Part. Generating New drag cubes.
[LOG 11:37:42.990] [KSPCF/DragCubeGeneration] Creating drag cubes for part 'Clydesdale'
[LOG 11:37:42.996] PartLoader: Compiling Part 'Squad/Parts/Engine/solidBoosterSep/solidBoosterSep/sepMotor1'
[LOG 11:37:42.998] [ModuleCargoPart]: Setting stackableQuantity to 1 as sepMotor1 contains resources
[LOG 11:37:43.001] PartLoader: Part 'Squad/Parts/Engine/solidBoosterSep/solidBoosterSep/sepMotor1' has no database record. Creating.
[LOG 11:37:43.001] [DragCubeSystem]: Drag cubes not found or cannot be read for part Part. Generating New drag cubes.
[LOG 11:37:43.001] [KSPCF/DragCubeGeneration] Creating drag cubes for part 'sepMotor1'
[LOG 11:37:43.007] PartLoader: Compiling Part 'Squad/Parts/Engine/SolidBoostersF/SolidBoosterF3S0/Shrimp'
[LOG 11:37:43.011] PartLoader: Part 'Squad/Parts/Engine/SolidBoostersF/SolidBoosterF3S0/Shrimp' has no database record. Creating.
[LOG 11:37:43.011] [DragCubeSystem]: Drag cubes not found or cannot be read for part Part. Generating New drag cubes.
[LOG 11:37:43.011] [KSPCF/DragCubeGeneration] Creating drag cubes for part 'Shrimp'
[LOG 11:37:43.017] PartLoader: Compiling Part 'Squad/Parts/Engine/SolidBoostersF/SolidBoosterFM1/Mite'
[LOG 11:37:43.021] PartLoader: Part 'Squad/Parts/Engine/SolidBoostersF/SolidBoosterFM1/Mite' has no database record. Creating.
[LOG 11:37:43.021] [DragCubeSystem]: Drag cubes not found or cannot be read for part Part. Generating New drag cubes.
[LOG 11:37:43.021] [KSPCF/DragCubeGeneration] Creating drag cubes for part 'Mite'
[LOG 11:37:43.026] PartLoader: Compiling Part 'Squad/Parts/FuelTank/adapterTanks/Mk3-Mk2/adapterMk3-Mk2'
[LOG 11:37:43.027] PartLoader: Part 'Squad/Parts/FuelTank/adapterTanks/Mk3-Mk2/adapterMk3-Mk2' has no database record. Creating.
[LOG 11:37:43.027] [DragCubeSystem]: Drag cubes not found or cannot be read for part Part. Generating New drag cubes.
[LOG 11:37:43.027] [KSPCF/DragCubeGeneration] Creating drag cubes for part 'adapterMk3-Mk2'
[LOG 11:37:43.033] PartLoader: Compiling Part 'Squad/Parts/FuelTank/adapterTanks/Mk3-ShuttleAdapter/adapterEngines'
[LOG 11:37:43.035] PartLoader: Part 'Squad/Parts/FuelTank/adapterTanks/Mk3-ShuttleAdapter/adapterEngines' has no database record. Creating.
[LOG 11:37:43.035] [DragCubeSystem]: Drag cubes not found or cannot be read for part Part. Generating New drag cubes.
[LOG 11:37:43.035] [KSPCF/DragCubeGeneration] Creating drag cubes for part 'adapterEngines'
[LOG 11:37:43.041] PartLoader: Compiling Part 'Squad/Parts/FuelTank/adapterTanks/Mk3-Size2/adapterMk3-Size2'
[LOG 11:37:43.042] PartLoader: Part 'Squad/Parts/FuelTank/adapterTanks/Mk3-Size2/adapterMk3-Size2' has no database record. Creating.
[LOG 11:37:43.042] [DragCubeSystem]: Drag cubes not found or cannot be read for part Part. Generating New drag cubes.
[LOG 11:37:43.042] [KSPCF/DragCubeGeneration] Creating drag cubes for part 'adapterMk3-Size2'
[LOG 11:37:43.047] PartLoader: Compiling Part 'Squad/Parts/FuelTank/adapterTanks/Mk3-Size2Slant/adapterMk3-Size2Slant'
[LOG 11:37:43.048] PartLoader: Part 'Squad/Parts/FuelTank/adapterTanks/Mk3-Size2Slant/adapterMk3-Size2Slant' has no database record. Creating.
[LOG 11:37:43.048] [DragCubeSystem]: Drag cubes not found or cannot be read for part Part. Generating New drag cubes.
[LOG 11:37:43.048] [KSPCF/DragCubeGeneration] Creating drag cubes for part 'adapterMk3-Size2Slant'
[LOG 11:37:43.052] PartLoader: Compiling Part 'Squad/Parts/FuelTank/adapterTanks/Size2-Mk2/adapterSize2-Mk2'
[LOG 11:37:43.053] PartLoader: Part 'Squad/Parts/FuelTank/adapterTanks/Size2-Mk2/adapterSize2-Mk2' has no database record. Creating.
[LOG 11:37:43.053] [DragCubeSystem]: Drag cubes not found or cannot be read for part Part. Generating New drag cubes.
[LOG 11:37:43.053] [KSPCF/DragCubeGeneration] Creating drag cubes for part 'adapterSize2-Mk2'
[LOG 11:37:43.058] PartLoader: Compiling Part 'Squad/Parts/FuelTank/adapterTanks/Size2-Size1/adapterSize2-Size1'
[LOG 11:37:43.059] PartLoader: Part 'Squad/Parts/FuelTank/adapterTanks/Size2-Size1/adapterSize2-Size1' has no database record. Creating.
[LOG 11:37:43.059] [DragCubeSystem]: Drag cubes not found or cannot be read for part Part. Generating New drag cubes.
[LOG 11:37:43.059] [KSPCF/DragCubeGeneration] Creating drag cubes for part 'adapterSize2-Size1'
[LOG 11:37:43.064] PartLoader: Compiling Part 'Squad/Parts/FuelTank/adapterTanks/Size2-Size1Slant/adapterSize2-Size1Slant'
[LOG 11:37:43.065] PartLoader: Part 'Squad/Parts/FuelTank/adapterTanks/Size2-Size1Slant/adapterSize2-Size1Slant' has no database record. Creating.
[LOG 11:37:43.066] [DragCubeSystem]: Drag cubes not found or cannot be read for part Part. Generating New drag cubes.
[LOG 11:37:43.066] [KSPCF/DragCubeGeneration] Creating drag cubes for part 'adapterSize2-Size1Slant'
[LOG 11:37:43.071] PartLoader: Compiling Part 'Squad/Parts/FuelTank/adapterTanks/Size3-Mk3/adapterSize3-Mk3'
[LOG 11:37:43.072] PartLoader: Part 'Squad/Parts/FuelTank/adapterTanks/Size3-Mk3/adapterSize3-Mk3' has no database record. Creating.
[LOG 11:37:43.079] [DragCubeSystem]: Drag cubes not found or cannot be read for part Part. Generating New drag cubes.
[LOG 11:37:43.079] [KSPCF/DragCubeGeneration] Creating drag cubes for part 'adapterSize3-Mk3'
[LOG 11:37:43.085] PartLoader: Compiling Part 'Squad/Parts/FuelTank/drainTankFTE-1/ReleaseValve/ReleaseValve'
[LOG 11:37:43.098] PartLoader: Part 'Squad/Parts/FuelTank/drainTankFTE-1/ReleaseValve/ReleaseValve' has no database record. Creating.
[LOG 11:37:43.098] [DragCubeSystem]: Drag cubes not found or cannot be read for part Part. Generating New drag cubes.
[LOG 11:37:43.098] [KSPCF/DragCubeGeneration] Creating drag cubes for part 'ReleaseValve'
[LOG 11:37:43.103] PartLoader: Compiling Part 'Squad/Parts/FuelTank/FoilTanks/RadialTank_Capsule/externalTankCapsule'
[LOG 11:37:43.107] PartLoader: Part 'Squad/Parts/FuelTank/FoilTanks/RadialTank_Capsule/externalTankCapsule' has no database record. Creating.
[LOG 11:37:43.107] [DragCubeSystem]: Drag cubes not found or cannot be read for part Part. Generating New drag cubes.
[LOG 11:37:43.107] [KSPCF/DragCubeGeneration] Creating drag cubes for part 'externalTankCapsule'
[LOG 11:37:43.113] PartLoader: Compiling Part 'Squad/Parts/FuelTank/FoilTanks/RadialTank_Round/externalTankRound'
[LOG 11:37:43.115] PartLoader: Part 'Squad/Parts/FuelTank/FoilTanks/RadialTank_Round/externalTankRound' has no database record. Creating.
[LOG 11:37:43.115] [DragCubeSystem]: Drag cubes not found or cannot be read for part Part. Generating New drag cubes.
[LOG 11:37:43.115] [KSPCF/DragCubeGeneration] Creating drag cubes for part 'externalTankRound'
[LOG 11:37:43.120] PartLoader: Compiling Part 'Squad/Parts/FuelTank/FoilTanks/ToroidTank/externalTankToroid'
[LOG 11:37:43.122] PartLoader: Part 'Squad/Parts/FuelTank/FoilTanks/ToroidTank/externalTankToroid' has no database record. Creating.
[LOG 11:37:43.122] [DragCubeSystem]: Drag cubes not found or cannot be read for part Part. Generating New drag cubes.
[LOG 11:37:43.122] [KSPCF/DragCubeGeneration] Creating drag cubes for part 'externalTankToroid'
[LOG 11:37:43.127] PartLoader: Compiling Part 'Squad/Parts/FuelTank/fuelTankOscarB/fuelTankOscarB/miniFuelTank'
[LOG 11:37:43.128] PartLoader: Part 'Squad/Parts/FuelTank/fuelTankOscarB/fuelTankOscarB/miniFuelTank' has no database record. Creating.
[LOG 11:37:43.128] [DragCubeSystem]: Drag cubes not found or cannot be read for part Part. Generating New drag cubes.
[LOG 11:37:43.128] [KSPCF/DragCubeGeneration] Creating drag cubes for part 'miniFuelTank'
[LOG 11:37:43.133] PartLoader: Compiling Part 'Squad/Parts/FuelTank/miniFuselage/miniFuselage/miniFuselage'
[LOG 11:37:43.135] PartLoader: Part 'Squad/Parts/FuelTank/miniFuselage/miniFuselage/miniFuselage' has no database record. Creating.
[LOG 11:37:43.135] [DragCubeSystem]: Drag cubes not found or cannot be read for part Part. Generating New drag cubes.
[LOG 11:37:43.135] [KSPCF/DragCubeGeneration] Creating drag cubes for part 'miniFuselage'
[LOG 11:37:43.146] PartLoader: Compiling Part 'Squad/Parts/FuelTank/mk2Adapters/bicoupler/mk2_1m_Bicoupler'
[LOG 11:37:43.149] PartLoader: Part 'Squad/Parts/FuelTank/mk2Adapters/bicoupler/mk2_1m_Bicoupler' has no database record. Creating.
[LOG 11:37:43.149] [DragCubeSystem]: Drag cubes not found or cannot be read for part Part. Generating New drag cubes.
[LOG 11:37:43.149] [KSPCF/DragCubeGeneration] Creating drag cubes for part 'mk2.1m.Bicoupler'
[LOG 11:37:43.156] PartLoader: Compiling Part 'Squad/Parts/FuelTank/mk2Adapters/long/mk2_1m_AdapterLong'
[LOG 11:37:43.158] PartLoader: Part 'Squad/Parts/FuelTank/mk2Adapters/long/mk2_1m_AdapterLong' has no database record. Creating.
[LOG 11:37:43.158] [DragCubeSystem]: Drag cubes not found or cannot be read for part Part. Generating New drag cubes.
[LOG 11:37:43.158] [KSPCF/DragCubeGeneration] Creating drag cubes for part 'mk2.1m.AdapterLong'
[LOG 11:37:43.163] PartLoader: Compiling Part 'Squad/Parts/FuelTank/mk2Adapters/standard/mk2SpacePlaneAdapter'
[LOG 11:37:43.165] PartLoader: Part 'Squad/Parts/FuelTank/mk2Adapters/standard/mk2SpacePlaneAdapter' has no database record. Creating.
[LOG 11:37:43.165] [DragCubeSystem]: Drag cubes not found or cannot be read for part Part. Generating New drag cubes.
[LOG 11:37:43.165] [KSPCF/DragCubeGeneration] Creating drag cubes for part 'mk2SpacePlaneAdapter'
[LOG 11:37:43.170] PartLoader: Compiling Part 'Squad/Parts/FuelTank/mk2FuselageLong/LFO_long/mk2FuselageLongLFO'
[LOG 11:37:43.173] PartLoader: Part 'Squad/Parts/FuelTank/mk2FuselageLong/LFO_long/mk2FuselageLongLFO' has no database record. Creating.
[LOG 11:37:43.173] [DragCubeSystem]: Drag cubes not found or cannot be read for part Part. Generating New drag cubes.
[LOG 11:37:43.173] [KSPCF/DragCubeGeneration] Creating drag cubes for part 'mk2FuselageLongLFO'
[LOG 11:37:43.187] PartLoader: Compiling Part 'Squad/Parts/FuelTank/mk2FuselageLong/L_long/mk2Fuselage'
[LOG 11:37:43.190] PartLoader: Part 'Squad/Parts/FuelTank/mk2FuselageLong/L_long/mk2Fuselage' has no database record. Creating.
[LOG 11:37:43.190] [DragCubeSystem]: Drag cubes not found or cannot be read for part Part. Generating New drag cubes.
[LOG 11:37:43.190] [KSPCF/DragCubeGeneration] Creating drag cubes for part 'mk2Fuselage'
[LOG 11:37:43.195] PartLoader: Compiling Part 'Squad/Parts/FuelTank/mk2FuselageShort/LFO_short/mk2FuselageShortLFO'
[LOG 11:37:43.197] PartLoader: Part 'Squad/Parts/FuelTank/mk2FuselageShort/LFO_short/mk2FuselageShortLFO' has no database record. Creating.
[LOG 11:37:43.197] [DragCubeSystem]: Drag cubes not found or cannot be read for part Part. Generating New drag cubes.
[LOG 11:37:43.197] [KSPCF/DragCubeGeneration] Creating drag cubes for part 'mk2FuselageShortLFO'
[LOG 11:37:43.201] PartLoader: Compiling Part 'Squad/Parts/FuelTank/mk2FuselageShort/L_short/mk2FuselageShortLiquid'
[LOG 11:37:43.203] PartLoader: Part 'Squad/Parts/FuelTank/mk2FuselageShort/L_short/mk2FuselageShortLiquid' has no database record. Creating.
[LOG 11:37:43.203] [DragCubeSystem]: Drag cubes not found or cannot be read for part Part. Generating New drag cubes.
[LOG 11:37:43.203] [KSPCF/DragCubeGeneration] Creating drag cubes for part 'mk2FuselageShortLiquid'
[LOG 11:37:43.208] PartLoader: Compiling Part 'Squad/Parts/FuelTank/mk2FuselageShort/Mono_short/mk2FuselageShortMono'
[LOG 11:37:43.210] PartLoader: Part 'Squad/Parts/FuelTank/mk2FuselageShort/Mono_short/mk2FuselageShortMono' has no database record. Creating.
[LOG 11:37:43.210] [DragCubeSystem]: Drag cubes not found or cannot be read for part Part. Generating New drag cubes.
[LOG 11:37:43.210] [KSPCF/DragCubeGeneration] Creating drag cubes for part 'mk2FuselageShortMono'
[LOG 11:37:43.217] PartLoader: Compiling Part 'Squad/Parts/FuelTank/mk3Fuselage/CREW/mk3CrewCabin'
[LOG 11:37:43.220] PartLoader: Part 'Squad/Parts/FuelTank/mk3Fuselage/CREW/mk3CrewCabin' has no database record. Creating.
[LOG 11:37:43.220] [DragCubeSystem]: Drag cubes not found or cannot be read for part Part. Generating New drag cubes.
[LOG 11:37:43.220] [KSPCF/DragCubeGeneration] Creating drag cubes for part 'mk3CrewCabin'
[LOG 11:37:43.226] PartLoader: Compiling Part 'Squad/Parts/FuelTank/mk3Fuselage/LFO_100/mk3FuselageLFO_100'
[LOG 11:37:43.228] PartLoader: Part 'Squad/Parts/FuelTank/mk3Fuselage/LFO_100/mk3FuselageLFO_100' has no database record. Creating.
[LOG 11:37:43.228] [DragCubeSystem]: Drag cubes not found or cannot be read for part Part. Generating New drag cubes.
[LOG 11:37:43.228] [KSPCF/DragCubeGeneration] Creating drag cubes for part 'mk3FuselageLFO.100'
[LOG 11:37:43.232] PartLoader: Compiling Part 'Squad/Parts/FuelTank/mk3Fuselage/LFO_25/mk3FuselageLFO_25'
[LOG 11:37:43.234] PartLoader: Part 'Squad/Parts/FuelTank/mk3Fuselage/LFO_25/mk3FuselageLFO_25' has no database record. Creating.
[LOG 11:37:43.234] [DragCubeSystem]: Drag cubes not found or cannot be read for part Part. Generating New drag cubes.
[LOG 11:37:43.234] [KSPCF/DragCubeGeneration] Creating drag cubes for part 'mk3FuselageLFO.25'
[LOG 11:37:43.240] PartLoader: Compiling Part 'Squad/Parts/FuelTank/mk3Fuselage/LFO_50/mk3FuselageLFO_50'
[LOG 11:37:43.241] PartLoader: Part 'Squad/Parts/FuelTank/mk3Fuselage/LFO_50/mk3FuselageLFO_50' has no database record. Creating.
[LOG 11:37:43.241] [DragCubeSystem]: Drag cubes not found or cannot be read for part Part. Generating New drag cubes.
[LOG 11:37:43.241] [KSPCF/DragCubeGeneration] Creating drag cubes for part 'mk3FuselageLFO.50'
[LOG 11:37:43.245] PartLoader: Compiling Part 'Squad/Parts/FuelTank/mk3Fuselage/LF_100/mk3FuselageLF_100'
[LOG 11:37:43.247] PartLoader: Part 'Squad/Parts/FuelTank/mk3Fuselage/LF_100/mk3FuselageLF_100' has no database record. Creating.
[LOG 11:37:43.247] [DragCubeSystem]: Drag cubes not found or cannot be read for part Part. Generating New drag cubes.
[LOG 11:37:43.247] [KSPCF/DragCubeGeneration] Creating drag cubes for part 'mk3FuselageLF.100'
[LOG 11:37:43.255] PartLoader: Compiling Part 'Squad/Parts/FuelTank/mk3Fuselage/LF_25/mk3FuselageLF_25'
[LOG 11:37:43.257] PartLoader: Part 'Squad/Parts/FuelTank/mk3Fuselage/LF_25/mk3FuselageLF_25' has no database record. Creating.
[LOG 11:37:43.257] [DragCubeSystem]: Drag cubes not found or cannot be read for part Part. Generating New drag cubes.
[LOG 11:37:43.257] [KSPCF/DragCubeGeneration] Creating drag cubes for part 'mk3FuselageLF.25'
[LOG 11:37:43.262] PartLoader: Compiling Part 'Squad/Parts/FuelTank/mk3Fuselage/LF_50/mk3FuselageLF_50'
[LOG 11:37:43.263] PartLoader: Part 'Squad/Parts/FuelTank/mk3Fuselage/LF_50/mk3FuselageLF_50' has no database record. Creating.
[LOG 11:37:43.263] [DragCubeSystem]: Drag cubes not found or cannot be read for part Part. Generating New drag cubes.
[LOG 11:37:43.263] [KSPCF/DragCubeGeneration] Creating drag cubes for part 'mk3FuselageLF.50'
[LOG 11:37:43.268] PartLoader: Compiling Part 'Squad/Parts/FuelTank/mk3Fuselage/MONO/mk3FuselageMONO'
[LOG 11:37:43.269] PartLoader: Part 'Squad/Parts/FuelTank/mk3Fuselage/MONO/mk3FuselageMONO' has no database record. Creating.
[LOG 11:37:43.269] [DragCubeSystem]: Drag cubes not found or cannot be read for part Part. Generating New drag cubes.
[LOG 11:37:43.269] [KSPCF/DragCubeGeneration] Creating drag cubes for part 'mk3FuselageMONO'
[LOG 11:37:43.275] PartLoader: Compiling Part 'Squad/Parts/FuelTank/RCSFuelTankR1/RCSFuelTankR1/RCSTank1-2'
[LOG 11:37:43.277] PartLoader: Part 'Squad/Parts/FuelTank/RCSFuelTankR1/RCSFuelTankR1/RCSTank1-2' has no database record. Creating.
[LOG 11:37:43.277] [DragCubeSystem]: Drag cubes not found or cannot be read for part Part. Generating New drag cubes.
[LOG 11:37:43.277] [KSPCF/DragCubeGeneration] Creating drag cubes for part 'RCSTank1-2'
[LOG 11:37:43.281] PartLoader: Compiling Part 'Squad/Parts/FuelTank/RCSFuelTankR10/RCSFuelTankR10/rcsTankMini'
[LOG 11:37:43.283] PartLoader: Part 'Squad/Parts/FuelTank/RCSFuelTankR10/RCSFuelTankR10/rcsTankMini' has no database record. Creating.
[LOG 11:37:43.283] [DragCubeSystem]: Drag cubes not found or cannot be read for part Part. Generating New drag cubes.
[LOG 11:37:43.283] [KSPCF/DragCubeGeneration] Creating drag cubes for part 'rcsTankMini'
[LOG 11:37:43.292] PartLoader: Compiling Part 'Squad/Parts/FuelTank/RCSFuelTankR25/RCSFuelTankR25/RCSFuelTank'
[LOG 11:37:43.294] PartLoader: Part 'Squad/Parts/FuelTank/RCSFuelTankR25/RCSFuelTankR25/RCSFuelTank' has no database record. Creating.
[LOG 11:37:43.294] [DragCubeSystem]: Drag cubes not found or cannot be read for part Part. Generating New drag cubes.
[LOG 11:37:43.294] [KSPCF/DragCubeGeneration] Creating drag cubes for part 'RCSFuelTank'
[LOG 11:37:43.300] PartLoader: Compiling Part 'Squad/Parts/FuelTank/RCSTankRadial/radialRCSTank/radialRCSTank'
[LOG 11:37:43.302] PartLoader: Part 'Squad/Parts/FuelTank/RCSTankRadial/radialRCSTank/radialRCSTank' has no database record. Creating.
[LOG 11:37:43.302] [DragCubeSystem]: Drag cubes not found or cannot be read for part Part. Generating New drag cubes.
[LOG 11:37:43.302] [KSPCF/DragCubeGeneration] Creating drag cubes for part 'radialRCSTank'
[LOG 11:37:43.308] PartLoader: Compiling Part 'Squad/Parts/FuelTank/RCStankRadialLong/RCSTankRadialLong/rcsTankRadialLong'
[LOG 11:37:43.310] PartLoader: Part 'Squad/Parts/FuelTank/RCStankRadialLong/RCSTankRadialLong/rcsTankRadialLong' has no database record. Creating.
[LOG 11:37:43.310] [DragCubeSystem]: Drag cubes not found or cannot be read for part Part. Generating New drag cubes.
[LOG 11:37:43.310] [KSPCF/DragCubeGeneration] Creating drag cubes for part 'rcsTankRadialLong'
[LOG 11:37:43.315] PartLoader: Compiling Part 'Squad/Parts/FuelTank/RockomaxTanks/Rockomax16/Rockomax16_BW'
[LOG 11:37:43.317] PartLoader: Part 'Squad/Parts/FuelTank/RockomaxTanks/Rockomax16/Rockomax16_BW' has no database record. Creating.
[LOG 11:37:43.317] [DragCubeSystem]: Drag cubes not found or cannot be read for part Part. Generating New drag cubes.
[LOG 11:37:43.318] [KSPCF/DragCubeGeneration] Creating drag cubes for part 'Rockomax16.BW'
[LOG 11:37:43.326] PartLoader: Compiling Part 'Squad/Parts/FuelTank/RockomaxTanks/Rockomax32/Rockomax32_BW'
[LOG 11:37:43.328] PartLoader: Part 'Squad/Parts/FuelTank/RockomaxTanks/Rockomax32/Rockomax32_BW' has no database record. Creating.
[LOG 11:37:43.329] [DragCubeSystem]: Drag cubes not found or cannot be read for part Part. Generating New drag cubes.
[LOG 11:37:43.329] [KSPCF/DragCubeGeneration] Creating drag cubes for part 'Rockomax32.BW'
[LOG 11:37:43.417] PartLoader: Compiling Part 'Squad/Parts/FuelTank/RockomaxTanks/Rockomax64/Rockomax64_BW'
[LOG 11:37:43.419] PartLoader: Part 'Squad/Parts/FuelTank/RockomaxTanks/Rockomax64/Rockomax64_BW' has no database record. Creating.
[LOG 11:37:43.419] [DragCubeSystem]: Drag cubes not found or cannot be read for part Part. Generating New drag cubes.
[LOG 11:37:43.419] [KSPCF/DragCubeGeneration] Creating drag cubes for part 'Rockomax64.BW'
[LOG 11:37:43.449] PartLoader: Compiling Part 'Squad/Parts/FuelTank/RockomaxTanks/Rockomax8/Rockomax8BW'
[LOG 11:37:43.451] PartLoader: Part 'Squad/Parts/FuelTank/RockomaxTanks/Rockomax8/Rockomax8BW' has no database record. Creating.
[LOG 11:37:43.451] [DragCubeSystem]: Drag cubes not found or cannot be read for part Part. Generating New drag cubes.
[LOG 11:37:43.451] [KSPCF/DragCubeGeneration] Creating drag cubes for part 'Rockomax8BW'
[LOG 11:37:43.471] PartLoader: Compiling Part 'Squad/Parts/FuelTank/Size1_Tanks/fuelTankT100/fuelTankSmallFlat'
[LOG 11:37:43.474] PartLoader: Part 'Squad/Parts/FuelTank/Size1_Tanks/fuelTankT100/fuelTankSmallFlat' has no database record. Creating.
[LOG 11:37:43.474] [DragCubeSystem]: Drag cubes not found or cannot be read for part Part. Generating New drag cubes.
[LOG 11:37:43.474] [KSPCF/DragCubeGeneration] Creating drag cubes for part 'fuelTankSmallFlat'
[LOG 11:37:43.481] PartLoader: Compiling Part 'Squad/Parts/FuelTank/Size1_Tanks/fuelTankT200/fuelTankSmall'
[LOG 11:37:43.483] PartLoader: Part 'Squad/Parts/FuelTank/Size1_Tanks/fuelTankT200/fuelTankSmall' has no database record. Creating.
[LOG 11:37:43.483] [DragCubeSystem]: Drag cubes not found or cannot be read for part Part. Generating New drag cubes.
[LOG 11:37:43.483] [KSPCF/DragCubeGeneration] Creating drag cubes for part 'fuelTankSmall'
[LOG 11:37:43.490] PartLoader: Compiling Part 'Squad/Parts/FuelTank/Size1_Tanks/fuelTankT400/fuelTank'
[LOG 11:37:43.492] PartLoader: Part 'Squad/Parts/FuelTank/Size1_Tanks/fuelTankT400/fuelTank' has no database record. Creating.
[LOG 11:37:43.492] [DragCubeSystem]: Drag cubes not found or cannot be read for part Part. Generating New drag cubes.
[LOG 11:37:43.492] [KSPCF/DragCubeGeneration] Creating drag cubes for part 'fuelTank'
[LOG 11:37:43.502] PartLoader: Compiling Part 'Squad/Parts/FuelTank/Size1_Tanks/fuelTankT800/fuelTank_long'
[LOG 11:37:43.505] PartLoader: Part 'Squad/Parts/FuelTank/Size1_Tanks/fuelTankT800/fuelTank_long' has no database record. Creating.
[LOG 11:37:43.505] [DragCubeSystem]: Drag cubes not found or cannot be read for part Part. Generating New drag cubes.
[LOG 11:37:43.505] [KSPCF/DragCubeGeneration] Creating drag cubes for part 'fuelTank.long'
[LOG 11:37:43.513] PartLoader: Compiling Part 'Squad/Parts/FuelTank/Size3Tanks/large/Size3LargeTank'
[LOG 11:37:43.515] PartLoader: Part 'Squad/Parts/FuelTank/Size3Tanks/large/Size3LargeTank' has no database record. Creating.
[LOG 11:37:43.515] [DragCubeSystem]: Drag cubes not found or cannot be read for part Part. Generating New drag cubes.
[LOG 11:37:43.515] [KSPCF/DragCubeGeneration] Creating drag cubes for part 'Size3LargeTank'
[LOG 11:37:43.522] PartLoader: Compiling Part 'Squad/Parts/FuelTank/Size3Tanks/medium/Size3MediumTank'
[LOG 11:37:43.524] PartLoader: Part 'Squad/Parts/FuelTank/Size3Tanks/medium/Size3MediumTank' has no database record. Creating.
[LOG 11:37:43.524] [DragCubeSystem]: Drag cubes not found or cannot be read for part Part. Generating New drag cubes.
[LOG 11:37:43.524] [KSPCF/DragCubeGeneration] Creating drag cubes for part 'Size3MediumTank'
[LOG 11:37:43.532] PartLoader: Compiling Part 'Squad/Parts/FuelTank/Size3Tanks/small/Size3SmallTank'
[LOG 11:37:43.537] PartLoader: Part 'Squad/Parts/FuelTank/Size3Tanks/small/Size3SmallTank' has no database record. Creating.
[LOG 11:37:43.538] [DragCubeSystem]: Drag cubes not found or cannot be read for part Part. Generating New drag cubes.
[LOG 11:37:43.538] [KSPCF/DragCubeGeneration] Creating drag cubes for part 'Size3SmallTank'
[LOG 11:37:43.567] PartLoader: Compiling Part 'Squad/Parts/FuelTank/xenonTank/xenonTank/xenonTank'
[LOG 11:37:43.572] PartLoader: Part 'Squad/Parts/FuelTank/xenonTank/xenonTank/xenonTank' has no database record. Creating.
[LOG 11:37:43.572] [DragCubeSystem]: Drag cubes not found or cannot be read for part Part. Generating New drag cubes.
[LOG 11:37:43.572] [KSPCF/DragCubeGeneration] Creating drag cubes for part 'xenonTank'
[LOG 11:37:43.600] PartLoader: Compiling Part 'Squad/Parts/FuelTank/xenonTankLarge/xenonTankLarge/xenonTankLarge'
[LOG 11:37:43.603] PartLoader: Part 'Squad/Parts/FuelTank/xenonTankLarge/xenonTankLarge/xenonTankLarge' has no database record. Creating.
[LOG 11:37:43.603] [DragCubeSystem]: Drag cubes not found or cannot be read for part Part. Generating New drag cubes.
[LOG 11:37:43.606] [KSPCF/DragCubeGeneration] Creating drag cubes for part 'xenonTankLarge'
[LOG 11:37:43.634] PartLoader: Compiling Part 'Squad/Parts/FuelTank/xenonTankRadial/xenonTankRadial/xenonTankRadial'
[LOG 11:37:43.638] PartLoader: Part 'Squad/Parts/FuelTank/xenonTankRadial/xenonTankRadial/xenonTankRadial' has no database record. Creating.
[LOG 11:37:43.638] [DragCubeSystem]: Drag cubes not found or cannot be read for part Part. Generating New drag cubes.
[LOG 11:37:43.638] [KSPCF/DragCubeGeneration] Creating drag cubes for part 'xenonTankRadial'
[LOG 11:37:43.667] PartLoader: Compiling Part 'Squad/Parts/Misc/AsteroidDay/CamSat/InfraredTelescope'
[LOG 11:37:43.673] PartLoader: Part 'Squad/Parts/Misc/AsteroidDay/CamSat/InfraredTelescope' has no database record. Creating.
[LOG 11:37:43.673] [DragCubeSystem]: Drag cubes not found or cannot be read for part Part. Generating New drag cubes.
[LOG 11:37:43.673] [KSPCF/DragCubeGeneration] Creating drag cubes for part 'InfraredTelescope'
[LOG 11:37:43.701] PartLoader: Compiling Part 'Squad/Parts/Misc/AsteroidDay/HECS2/HECS2_ProbeCore'
[LOG 11:37:43.705] PartLoader: Part 'Squad/Parts/Misc/AsteroidDay/HECS2/HECS2_ProbeCore' has no database record. Creating.
[LOG 11:37:43.705] [DragCubeSystem]: Drag cubes not found or cannot be read for part Part. Generating New drag cubes.
[LOG 11:37:43.705] [KSPCF/DragCubeGeneration] Creating drag cubes for part 'HECS2.ProbeCore'
[LOG 11:37:43.715] PartLoader: Compiling Part 'Squad/Parts/Misc/AsteroidDay/HighGainAntenna/HighGainAntenna'
[LOG 11:37:43.720] PartLoader: Part 'Squad/Parts/Misc/AsteroidDay/HighGainAntenna/HighGainAntenna' has no database record. Creating.
[LOG 11:37:43.720] [DragCubeSystem]: Drag cubes not found or cannot be read for part Part. Generating New drag cubes.
[LOG 11:37:43.720] [KSPCF/DragCubeGeneration] Creating drag cubes for part 'HighGainAntenna'
[LOG 11:37:43.754] PartLoader: Compiling Part 'Squad/Parts/Misc/AsteroidDay/LgRadialSolar/LgRadialSolarPanel'
[LOG 11:37:43.757] PartLoader: Part 'Squad/Parts/Misc/AsteroidDay/LgRadialSolar/LgRadialSolarPanel' has no database record. Creating.
[LOG 11:37:43.757] [DragCubeSystem]: Drag cubes not found or cannot be read for part Part. Generating New drag cubes.
[LOG 11:37:43.757] [KSPCF/DragCubeGeneration] Creating drag cubes for part 'LgRadialSolarPanel'
[LOG 11:37:43.768] PartLoader: Compiling Part 'Squad/Parts/Misc/PotatoComet/part/PotatoComet'
[LOG 11:37:43.776] PartLoader: Part 'Squad/Parts/Misc/PotatoComet/part/PotatoComet' has no database record. Creating.
[LOG 11:37:43.776] PartLoader: Compiling Part 'Squad/Parts/Misc/PotatoRoid/part/PotatoRoid'
[LOG 11:37:43.782] PartLoader: Part 'Squad/Parts/Misc/PotatoRoid/part/PotatoRoid' has no database record. Creating.
[LOG 11:37:43.782] PartLoader: Compiling Part 'Squad/Parts/Prebuilt/flag/flag'
[LOG 11:37:43.783] PartLoader: Compiling Part 'Squad/Parts/Prebuilt/kerbalEVA/kerbalEVA'
[LOG 11:37:43.795] PartLoader: Compiling Part 'Squad/Parts/Prebuilt/kerbalEVAfemale/kerbalEVAfemale'
[LOG 11:37:43.798] PartLoader: Compiling Part 'Squad/Parts/Prebuilt/kerbalEVASlimSuit/kerbalEVASlimSuit'
[LOG 11:37:43.801] PartLoader: Compiling Part 'Squad/Parts/Prebuilt/kerbalEVASlimSuitFemale/kerbalEVASlimSuitFemale'
[LOG 11:37:43.804] PartLoader: Compiling Part 'Squad/Parts/Resources/FuelCell/FuelCell/FuelCell'
[LOG 11:37:43.810] PartLoader: Part 'Squad/Parts/Resources/FuelCell/FuelCell/FuelCell' has no database record. Creating.
[LOG 11:37:43.810] [DragCubeSystem]: Drag cubes not found or cannot be read for part Part. Generating New drag cubes.
[LOG 11:37:43.810] [KSPCF/DragCubeGeneration] Creating drag cubes for part 'FuelCell'
[LOG 11:37:43.822] PartLoader: Compiling Part 'Squad/Parts/Resources/FuelCell/FuelCellArray/FuelCellArray'
[LOG 11:37:43.825] PartLoader: Part 'Squad/Parts/Resources/FuelCell/FuelCellArray/FuelCellArray' has no database record. Creating.
[LOG 11:37:43.825] [DragCubeSystem]: Drag cubes not found or cannot be read for part Part. Generating New drag cubes.
[LOG 11:37:43.825] [KSPCF/DragCubeGeneration] Creating drag cubes for part 'FuelCellArray'
[LOG 11:37:43.833] PartLoader: Compiling Part 'Squad/Parts/Resources/ISRU/ISRU/ISRU'
[LOG 11:37:43.838] PartLoader: Part 'Squad/Parts/Resources/ISRU/ISRU/ISRU' has no database record. Creating.
[LOG 11:37:43.838] [DragCubeSystem]: Drag cubes not found or cannot be read for part Part. Generating New drag cubes.
[LOG 11:37:43.838] [KSPCF/DragCubeGeneration] Creating drag cubes for part 'ISRU'
[LOG 11:37:43.863] PartLoader: Compiling Part 'Squad/Parts/Resources/LargeTank/LargeTank/LargeTank'
[LOG 11:37:43.866] PartLoader: Part 'Squad/Parts/Resources/LargeTank/LargeTank/LargeTank' has no database record. Creating.
[LOG 11:37:43.866] [DragCubeSystem]: Drag cubes not found or cannot be read for part Part. Generating New drag cubes.
[LOG 11:37:43.866] [KSPCF/DragCubeGeneration] Creating drag cubes for part 'LargeTank'
[LOG 11:37:43.875] PartLoader: Compiling Part 'Squad/Parts/Resources/MiniDrill/MiniDrill/MiniDrill'
[LOG 11:37:43.888] PartLoader: Part 'Squad/Parts/Resources/MiniDrill/MiniDrill/MiniDrill' has no database record. Creating.
[LOG 11:37:43.888] [DragCubeSystem]: Drag cubes not found or cannot be read for part Part. Generating New drag cubes.
[LOG 11:37:43.888] [KSPCF/DragCubeGeneration] Creating drag cubes for part 'MiniDrill'
[LOG 11:37:43.955] PartLoader: Compiling Part 'Squad/Parts/Resources/MiniISRU/MiniISRU/MiniISRU'
[LOG 11:37:43.962] PartLoader: Part 'Squad/Parts/Resources/MiniISRU/MiniISRU/MiniISRU' has no database record. Creating.
[LOG 11:37:43.962] [DragCubeSystem]: Drag cubes not found or cannot be read for part Part. Generating New drag cubes.
[LOG 11:37:43.962] [KSPCF/DragCubeGeneration] Creating drag cubes for part 'MiniISRU'
[LOG 11:37:43.969] PartLoader: Compiling Part 'Squad/Parts/Resources/OrbitalScanner/OrbitalScanner/OrbitalScanner'
[LOG 11:37:43.975] PartLoader: Part 'Squad/Parts/Resources/OrbitalScanner/OrbitalScanner/OrbitalScanner' has no database record. Creating.
[LOG 11:37:43.975] [DragCubeSystem]: Drag cubes not found or cannot be read for part Part. Generating New drag cubes.
[LOG 11:37:43.975] [KSPCF/DragCubeGeneration] Creating drag cubes for part 'OrbitalScanner'
[LOG 11:37:44.008] PartLoader: Compiling Part 'Squad/Parts/Resources/RadialDrill/RadialDrill/RadialDrill'
[LOG 11:37:44.014] PartLoader: Part 'Squad/Parts/Resources/RadialDrill/RadialDrill/RadialDrill' has no database record. Creating.
[LOG 11:37:44.014] [DragCubeSystem]: Drag cubes not found or cannot be read for part Part. Generating New drag cubes.
[LOG 11:37:44.014] [KSPCF/DragCubeGeneration] Creating drag cubes for part 'RadialDrill'
[LOG 11:37:44.066] PartLoader: Compiling Part 'Squad/Parts/Resources/RadialTank/RadialTank/RadialOreTank'
[LOG 11:37:44.068] PartLoader: Part 'Squad/Parts/Resources/RadialTank/RadialTank/RadialOreTank' has no database record. Creating.
[LOG 11:37:44.068] [DragCubeSystem]: Drag cubes not found or cannot be read for part Part. Generating New drag cubes.
[LOG 11:37:44.068] [KSPCF/DragCubeGeneration] Creating drag cubes for part 'RadialOreTank'
[LOG 11:37:44.072] PartLoader: Compiling Part 'Squad/Parts/Resources/SmallTank/SmallTank/SmallTank'
[LOG 11:37:44.073] PartLoader: Part 'Squad/Parts/Resources/SmallTank/SmallTank/SmallTank' has no database record. Creating.
[LOG 11:37:44.073] [DragCubeSystem]: Drag cubes not found or cannot be read for part Part. Generating New drag cubes.
[LOG 11:37:44.074] [KSPCF/DragCubeGeneration] Creating drag cubes for part 'SmallTank'
[LOG 11:37:44.078] PartLoader: Compiling Part 'Squad/Parts/Resources/SurfaceScanner/SurfaceScanner/SurfaceScanner'
[LOG 11:37:44.087] PartLoader: Part 'Squad/Parts/Resources/SurfaceScanner/SurfaceScanner/SurfaceScanner' has no database record. Creating.
[LOG 11:37:44.087] [DragCubeSystem]: Drag cubes not found or cannot be read for part Part. Generating New drag cubes.
[LOG 11:37:44.087] [KSPCF/DragCubeGeneration] Creating drag cubes for part 'SurfaceScanner'
[LOG 11:37:44.094] PartLoader: Compiling Part 'Squad/Parts/Resources/SurveyScanner/SurveyScanner/SurveyScanner'
[LOG 11:37:44.100] PartLoader: Part 'Squad/Parts/Resources/SurveyScanner/SurveyScanner/SurveyScanner' has no database record. Creating.
[LOG 11:37:44.100] [DragCubeSystem]: Drag cubes not found or cannot be read for part Part. Generating New drag cubes.
[LOG 11:37:44.100] [KSPCF/DragCubeGeneration] Creating drag cubes for part 'SurveyScanner'
[LOG 11:37:44.115] PartLoader: Compiling Part 'Squad/Parts/Science/AtmosphereSensor/sensorAtmosphere/sensorAtmosphere'
[LOG 11:37:44.117] PartLoader: Part 'Squad/Parts/Science/AtmosphereSensor/sensorAtmosphere/sensorAtmosphere' has no database record. Creating.
[LOG 11:37:44.117] [DragCubeSystem]: Drag cubes not found or cannot be read for part Part. Generating New drag cubes.
[LOG 11:37:44.117] [KSPCF/DragCubeGeneration] Creating drag cubes for part 'sensorAtmosphere'
[LOG 11:37:44.121] PartLoader: Compiling Part 'Squad/Parts/Science/GooExperiment/gooExperiment/GooExperiment'
[LOG 11:37:44.124] PartLoader: Part 'Squad/Parts/Science/GooExperiment/gooExperiment/GooExperiment' has no database record. Creating.
[LOG 11:37:44.124] [DragCubeSystem]: Drag cubes not found or cannot be read for part Part. Generating New drag cubes.
[LOG 11:37:44.124] [KSPCF/DragCubeGeneration] Creating drag cubes for part 'GooExperiment'
[LOG 11:37:44.144] PartLoader: Compiling Part 'Squad/Parts/Science/LargeCrewedLab/largeCrewedLab/Large_Crewed_Lab'
[LOG 11:37:44.154] PartLoader: Part 'Squad/Parts/Science/LargeCrewedLab/largeCrewedLab/Large_Crewed_Lab' has no database record. Creating.
[LOG 11:37:44.154] [DragCubeSystem]: Drag cubes not found or cannot be read for part Part. Generating New drag cubes.
[LOG 11:37:44.154] [KSPCF/DragCubeGeneration] Creating drag cubes for part 'Large.Crewed.Lab'
[LOG 11:37:44.160] PartLoader: Compiling Part 'Squad/Parts/Science/Magnetometer/Magnetometer/Magnetometer'
[LOG 11:37:44.168] PartLoader: Part 'Squad/Parts/Science/Magnetometer/Magnetometer/Magnetometer' has no database record. Creating.
[LOG 11:37:44.168] [DragCubeSystem]: Drag cubes not found or cannot be read for part Part. Generating New drag cubes.
[LOG 11:37:44.168] [KSPCF/DragCubeGeneration] Creating drag cubes for part 'Magnetometer'
[LOG 11:37:44.185] PartLoader: Compiling Part 'Squad/Parts/Science/MaterialBay/materialBay/science_module'
[LOG 11:37:44.189] PartLoader: Part 'Squad/Parts/Science/MaterialBay/materialBay/science_module' has no database record. Creating.
[LOG 11:37:44.189] [DragCubeSystem]: Drag cubes not found or cannot be read for part Part. Generating New drag cubes.
[LOG 11:37:44.189] [KSPCF/DragCubeGeneration] Creating drag cubes for part 'science.module'
[LOG 11:37:44.204] PartLoader: Compiling Part 'Squad/Parts/Science/ScienceBox/ScienceBox/ScienceBox'
[LOG 11:37:44.206] PartLoader: Part 'Squad/Parts/Science/ScienceBox/ScienceBox/ScienceBox' has no database record. Creating.
[LOG 11:37:44.206] [DragCubeSystem]: Drag cubes not found or cannot be read for part Part. Generating New drag cubes.
[LOG 11:37:44.206] [KSPCF/DragCubeGeneration] Creating drag cubes for part 'ScienceBox'
[LOG 11:37:44.210] PartLoader: Compiling Part 'Squad/Parts/Science/sensorAccelerometer/sensorAccelerometer/sensorAccelerometer'
[LOG 11:37:44.214] PartLoader: Part 'Squad/Parts/Science/sensorAccelerometer/sensorAccelerometer/sensorAccelerometer' has no database record. Creating.
[LOG 11:37:44.214] [DragCubeSystem]: Drag cubes not found or cannot be read for part Part. Generating New drag cubes.
[LOG 11:37:44.214] [KSPCF/DragCubeGeneration] Creating drag cubes for part 'sensorAccelerometer'
[LOG 11:37:44.219] PartLoader: Compiling Part 'Squad/Parts/Science/sensorBarometer/sensorBarometer/sensorBarometer'
[LOG 11:37:44.221] PartLoader: Part 'Squad/Parts/Science/sensorBarometer/sensorBarometer/sensorBarometer' has no database record. Creating.
[LOG 11:37:44.221] [DragCubeSystem]: Drag cubes not found or cannot be read for part Part. Generating New drag cubes.
[LOG 11:37:44.221] [KSPCF/DragCubeGeneration] Creating drag cubes for part 'sensorBarometer'
[LOG 11:37:44.226] PartLoader: Compiling Part 'Squad/Parts/Science/sensorGravimeter/sensorGravimeter/sensorGravimeter'
[LOG 11:37:44.228] PartLoader: Part 'Squad/Parts/Science/sensorGravimeter/sensorGravimeter/sensorGravimeter' has no database record. Creating.
[LOG 11:37:44.228] [DragCubeSystem]: Drag cubes not found or cannot be read for part Part. Generating New drag cubes.
[LOG 11:37:44.228] [KSPCF/DragCubeGeneration] Creating drag cubes for part 'sensorGravimeter'
[LOG 11:37:44.233] PartLoader: Compiling Part 'Squad/Parts/Science/sensorThermometer/sensorThermometer/sensorThermometer'
[LOG 11:37:44.235] PartLoader: Part 'Squad/Parts/Science/sensorThermometer/sensorThermometer/sensorThermometer' has no database record. Creating.
[LOG 11:37:44.235] [DragCubeSystem]: Drag cubes not found or cannot be read for part Part. Generating New drag cubes.
[LOG 11:37:44.235] [KSPCF/DragCubeGeneration] Creating drag cubes for part 'sensorThermometer'
[LOG 11:37:44.239] PartLoader: Compiling Part 'Squad/Parts/Structural/FLAdapters/adapterSmallMiniShort/adapterSmallMiniShort'
[LOG 11:37:44.241] PartLoader: Part 'Squad/Parts/Structural/FLAdapters/adapterSmallMiniShort/adapterSmallMiniShort' has no database record. Creating.
[LOG 11:37:44.241] [DragCubeSystem]: Drag cubes not found or cannot be read for part Part. Generating New drag cubes.
[LOG 11:37:44.241] [KSPCF/DragCubeGeneration] Creating drag cubes for part 'adapterSmallMiniShort'
[LOG 11:37:44.245] PartLoader: Compiling Part 'Squad/Parts/Structural/FLAdapters/adapterSmallMiniTall/adapterSmallMiniTall'
[LOG 11:37:44.247] PartLoader: Part 'Squad/Parts/Structural/FLAdapters/adapterSmallMiniTall/adapterSmallMiniTall' has no database record. Creating.
[LOG 11:37:44.247] [DragCubeSystem]: Drag cubes not found or cannot be read for part Part. Generating New drag cubes.
[LOG 11:37:44.247] [KSPCF/DragCubeGeneration] Creating drag cubes for part 'adapterSmallMiniTall'
[LOG 11:37:44.252] PartLoader: Compiling Part 'Squad/Parts/Structural/mk1Parts/engineBodyRadial/radialEngineBody'
[LOG 11:37:44.253] PartLoader: Part 'Squad/Parts/Structural/mk1Parts/engineBodyRadial/radialEngineBody' has no database record. Creating.
[LOG 11:37:44.254] [DragCubeSystem]: Drag cubes not found or cannot be read for part Part. Generating New drag cubes.
[LOG 11:37:44.254] [KSPCF/DragCubeGeneration] Creating drag cubes for part 'radialEngineBody'
[LOG 11:37:44.258] PartLoader: Compiling Part 'Squad/Parts/Structural/mk1Parts/engineNacelle/nacelleBody'
[LOG 11:37:44.260] PartLoader: Part 'Squad/Parts/Structural/mk1Parts/engineNacelle/nacelleBody' has no database record. Creating.
[LOG 11:37:44.260] [DragCubeSystem]: Drag cubes not found or cannot be read for part Part. Generating New drag cubes.
[LOG 11:37:44.260] [KSPCF/DragCubeGeneration] Creating drag cubes for part 'nacelleBody'
[LOG 11:37:44.264] PartLoader: Compiling Part 'Squad/Parts/Structural/mk1Parts/mk1Fuselage/MK1Fuselage'
[LOG 11:37:44.266] PartLoader: Part 'Squad/Parts/Structural/mk1Parts/mk1Fuselage/MK1Fuselage' has no database record. Creating.
[LOG 11:37:44.266] [DragCubeSystem]: Drag cubes not found or cannot be read for part Part. Generating New drag cubes.
[LOG 11:37:44.266] [KSPCF/DragCubeGeneration] Creating drag cubes for part 'MK1Fuselage'
[LOG 11:37:44.272] PartLoader: Compiling Part 'Squad/Parts/Structural/mk1Parts/mk1FuselageIntake/MK1IntakeFuselage'
[LOG 11:37:44.275] PartLoader: Part 'Squad/Parts/Structural/mk1Parts/mk1FuselageIntake/MK1IntakeFuselage' has no database record. Creating.
[LOG 11:37:44.275] [DragCubeSystem]: Drag cubes not found or cannot be read for part Part. Generating New drag cubes.
[LOG 11:37:44.275] [KSPCF/DragCubeGeneration] Creating drag cubes for part 'MK1IntakeFuselage'
[LOG 11:37:44.279] PartLoader: Compiling Part 'Squad/Parts/Structural/mk1Parts/mk1Structural/Mk1FuselageStructural'
[LOG 11:37:44.280] PartLoader: Part 'Squad/Parts/Structural/mk1Parts/mk1Structural/Mk1FuselageStructural' has no database record. Creating.
[LOG 11:37:44.280] PartLoader: Compiling Part 'Squad/Parts/Structural/Size3To2Adapter_v2/Size2to3_v2/Size3To2Adapter_v2'
[LOG 11:37:44.282] PartLoader: Part 'Squad/Parts/Structural/Size3To2Adapter_v2/Size2to3_v2/Size3To2Adapter_v2' has no database record. Creating.
[LOG 11:37:44.283] PartLoader: Compiling Part 'Squad/Parts/Structural/stackAdapters/adapterLargeSmallBi/adapterLargeSmallBi'
[LOG 11:37:44.285] PartLoader: Part 'Squad/Parts/Structural/stackAdapters/adapterLargeSmallBi/adapterLargeSmallBi' has no database record. Creating.
[LOG 11:37:44.285] [DragCubeSystem]: Drag cubes not found or cannot be read for part Part. Generating New drag cubes.
[LOG 11:37:44.285] [KSPCF/DragCubeGeneration] Creating drag cubes for part 'adapterLargeSmallBi'
[LOG 11:37:44.290] PartLoader: Compiling Part 'Squad/Parts/Structural/stackAdapters/adapterLargeSmallQuad/adapterLargeSmallQuad'
[LOG 11:37:44.293] PartLoader: Part 'Squad/Parts/Structural/stackAdapters/adapterLargeSmallQuad/adapterLargeSmallQuad' has no database record. Creating.
[LOG 11:37:44.293] [DragCubeSystem]: Drag cubes not found or cannot be read for part Part. Generating New drag cubes.
[LOG 11:37:44.293] [KSPCF/DragCubeGeneration] Creating drag cubes for part 'adapterLargeSmallQuad'
[LOG 11:37:44.297] PartLoader: Compiling Part 'Squad/Parts/Structural/stackAdapters/adapterLargeSmallTri/adapterLargeSmallTri'
[LOG 11:37:44.299] PartLoader: Part 'Squad/Parts/Structural/stackAdapters/adapterLargeSmallTri/adapterLargeSmallTri' has no database record. Creating.
[LOG 11:37:44.299] [DragCubeSystem]: Drag cubes not found or cannot be read for part Part. Generating New drag cubes.
[LOG 11:37:44.299] [KSPCF/DragCubeGeneration] Creating drag cubes for part 'adapterLargeSmallTri'
[LOG 11:37:44.303] PartLoader: Compiling Part 'Squad/Parts/Structural/stationHub/stationHub/stationHub'
[LOG 11:37:44.305] PartLoader: Part 'Squad/Parts/Structural/stationHub/stationHub/stationHub' has no database record. Creating.
[LOG 11:37:44.305] [DragCubeSystem]: Drag cubes not found or cannot be read for part Part. Generating New drag cubes.
[LOG 11:37:44.305] [KSPCF/DragCubeGeneration] Creating drag cubes for part 'stationHub'
[LOG 11:37:44.309] PartLoader: Compiling Part 'Squad/Parts/Structural/structuralIBeam200/structuralIBeam200/structuralIBeam2'
[LOG 11:37:44.311] PartLoader: Part 'Squad/Parts/Structural/structuralIBeam200/structuralIBeam200/structuralIBeam2' has no database record. Creating.
[LOG 11:37:44.311] [DragCubeSystem]: Drag cubes not found or cannot be read for part Part. Generating New drag cubes.
[LOG 11:37:44.311] [KSPCF/DragCubeGeneration] Creating drag cubes for part 'structuralIBeam2'
[LOG 11:37:44.315] PartLoader: Compiling Part 'Squad/Parts/Structural/structuralIBeam200Pocket/structuralIBeam200Pocket/structuralIBeam3'
[LOG 11:37:44.316] PartLoader: Part 'Squad/Parts/Structural/structuralIBeam200Pocket/structuralIBeam200Pocket/structuralIBeam3' has no database record. Creating.
[LOG 11:37:44.316] [DragCubeSystem]: Drag cubes not found or cannot be read for part Part. Generating New drag cubes.
[LOG 11:37:44.316] [KSPCF/DragCubeGeneration] Creating drag cubes for part 'structuralIBeam3'
[LOG 11:37:44.320] PartLoader: Compiling Part 'Squad/Parts/Structural/structuralIBeam650/structuralIBeam650/structuralIBeam1'
[LOG 11:37:44.321] PartLoader: Part 'Squad/Parts/Structural/structuralIBeam650/structuralIBeam650/structuralIBeam1' has no database record. Creating.
[LOG 11:37:44.321] [DragCubeSystem]: Drag cubes not found or cannot be read for part Part. Generating New drag cubes.
[LOG 11:37:44.321] [KSPCF/DragCubeGeneration] Creating drag cubes for part 'structuralIBeam1'
[LOG 11:37:44.325] PartLoader: Compiling Part 'Squad/Parts/Structural/structuralMicronode/structuralMicronode/structuralMiniNode'
[LOG 11:37:44.327] PartLoader: Part 'Squad/Parts/Structural/structuralMicronode/structuralMicronode/structuralMiniNode' has no database record. Creating.
[LOG 11:37:44.327] [DragCubeSystem]: Drag cubes not found or cannot be read for part Part. Generating New drag cubes.
[LOG 11:37:44.327] [KSPCF/DragCubeGeneration] Creating drag cubes for part 'structuralMiniNode'
[LOG 11:37:44.331] PartLoader: Compiling Part 'Squad/Parts/Structural/structuralPanel1x1/structuralPanel1x1/structuralPanel1'
[LOG 11:37:44.333] PartLoader: Part 'Squad/Parts/Structural/structuralPanel1x1/structuralPanel1x1/structuralPanel1' has no database record. Creating.
[LOG 11:37:44.333] [DragCubeSystem]: Drag cubes not found or cannot be read for part Part. Generating New drag cubes.
[LOG 11:37:44.333] [KSPCF/DragCubeGeneration] Creating drag cubes for part 'structuralPanel1'
[LOG 11:37:44.338] PartLoader: Compiling Part 'Squad/Parts/Structural/structuralPanel2x2/structuralPanel2x2/structuralPanel2'
[LOG 11:37:44.339] PartLoader: Part 'Squad/Parts/Structural/structuralPanel2x2/structuralPanel2x2/structuralPanel2' has no database record. Creating.
[LOG 11:37:44.339] [DragCubeSystem]: Drag cubes not found or cannot be read for part Part. Generating New drag cubes.
[LOG 11:37:44.339] [KSPCF/DragCubeGeneration] Creating drag cubes for part 'structuralPanel2'
[LOG 11:37:44.343] PartLoader: Compiling Part 'Squad/Parts/Structural/structuralPylons/smallHardpoint/smallHardpoint'
[LOG 11:37:44.346] PartLoader: Part 'Squad/Parts/Structural/structuralPylons/smallHardpoint/smallHardpoint' has no database record. Creating.
[LOG 11:37:44.346] [DragCubeSystem]: Drag cubes not found or cannot be read for part Part. Generating New drag cubes.
[LOG 11:37:44.346] [KSPCF/DragCubeGeneration] Creating drag cubes for part 'smallHardpoint'
[LOG 11:37:44.350] PartLoader: Compiling Part 'Squad/Parts/Structural/structuralPylons/structuralPylon/structuralPylon'
[LOG 11:37:44.352] PartLoader: Part 'Squad/Parts/Structural/structuralPylons/structuralPylon/structuralPylon' has no database record. Creating.
[LOG 11:37:44.352] [DragCubeSystem]: Drag cubes not found or cannot be read for part Part. Generating New drag cubes.
[LOG 11:37:44.352] [KSPCF/DragCubeGeneration] Creating drag cubes for part 'structuralPylon'
[LOG 11:37:44.356] PartLoader: Compiling Part 'Squad/Parts/Structural/strutCubicOcto/strutCubicOcto/strutCube'
[LOG 11:37:44.358] PartLoader: Part 'Squad/Parts/Structural/strutCubicOcto/strutCubicOcto/strutCube' has no database record. Creating.
[LOG 11:37:44.358] [DragCubeSystem]: Drag cubes not found or cannot be read for part Part. Generating New drag cubes.
[LOG 11:37:44.358] [KSPCF/DragCubeGeneration] Creating drag cubes for part 'strutCube'
[LOG 11:37:44.362] PartLoader: Compiling Part 'Squad/Parts/Structural/strutOcto/strutOcto/strutOcto'
[LOG 11:37:44.364] PartLoader: Part 'Squad/Parts/Structural/strutOcto/strutOcto/strutOcto' has no database record. Creating.
[LOG 11:37:44.364] [DragCubeSystem]: Drag cubes not found or cannot be read for part Part. Generating New drag cubes.
[LOG 11:37:44.364] [KSPCF/DragCubeGeneration] Creating drag cubes for part 'strutOcto'
[LOG 11:37:44.368] PartLoader: Compiling Part 'Squad/Parts/Structural/trussGirderAdapter/trussGirderAdapter/trussAdapter'
[LOG 11:37:44.369] PartLoader: Part 'Squad/Parts/Structural/trussGirderAdapter/trussGirderAdapter/trussAdapter' has no database record. Creating.
[LOG 11:37:44.369] [DragCubeSystem]: Drag cubes not found or cannot be read for part Part. Generating New drag cubes.
[LOG 11:37:44.369] [KSPCF/DragCubeGeneration] Creating drag cubes for part 'trussAdapter'
[LOG 11:37:44.374] PartLoader: Compiling Part 'Squad/Parts/Structural/trussGirderL/trussGirderL/trussPiece1x'
[LOG 11:37:44.376] PartLoader: Part 'Squad/Parts/Structural/trussGirderL/trussGirderL/trussPiece1x' has no database record. Creating.
[LOG 11:37:44.376] [DragCubeSystem]: Drag cubes not found or cannot be read for part Part. Generating New drag cubes.
[LOG 11:37:44.376] [KSPCF/DragCubeGeneration] Creating drag cubes for part 'trussPiece1x'
[LOG 11:37:44.379] PartLoader: Compiling Part 'Squad/Parts/Structural/trussGirderXL/trussGirderXL/trussPiece3x'
[LOG 11:37:44.382] PartLoader: Part 'Squad/Parts/Structural/trussGirderXL/trussGirderXL/trussPiece3x' has no database record. Creating.
[LOG 11:37:44.382] [DragCubeSystem]: Drag cubes not found or cannot be read for part Part. Generating New drag cubes.
[LOG 11:37:44.382] [KSPCF/DragCubeGeneration] Creating drag cubes for part 'trussPiece3x'
[LOG 11:37:44.386] PartLoader: Compiling Part 'Squad/Parts/Thermal/FoldingRadiators/foldingRadLarge/foldingRadLarge'
[LOG 11:37:44.393] PartLoader: Part 'Squad/Parts/Thermal/FoldingRadiators/foldingRadLarge/foldingRadLarge' has no database record. Creating.
[LOG 11:37:44.394] PartLoader: Compiling Part 'Squad/Parts/Thermal/FoldingRadiators/foldingRadMed/foldingRadMed'
[LOG 11:37:44.397] PartLoader: Part 'Squad/Parts/Thermal/FoldingRadiators/foldingRadMed/foldingRadMed' has no database record. Creating.
[LOG 11:37:44.398] PartLoader: Compiling Part 'Squad/Parts/Thermal/FoldingRadiators/foldingRadSmall/foldingRadSmall'
[LOG 11:37:44.401] PartLoader: Part 'Squad/Parts/Thermal/FoldingRadiators/foldingRadSmall/foldingRadSmall' has no database record. Creating.
[LOG 11:37:44.401] PartLoader: Compiling Part 'Squad/Parts/Thermal/RadiatorPanels/radPanelEdge/radPanelEdge'
[LOG 11:37:44.403] PartLoader: Part 'Squad/Parts/Thermal/RadiatorPanels/radPanelEdge/radPanelEdge' has no database record. Creating.
[LOG 11:37:44.403] [DragCubeSystem]: Drag cubes not found or cannot be read for part Part. Generating New drag cubes.
[LOG 11:37:44.403] [KSPCF/DragCubeGeneration] Creating drag cubes for part 'radPanelEdge'
[LOG 11:37:44.409] PartLoader: Compiling Part 'Squad/Parts/Thermal/RadiatorPanels/radPanelLg/radPanelLg'
[LOG 11:37:44.411] PartLoader: Part 'Squad/Parts/Thermal/RadiatorPanels/radPanelLg/radPanelLg' has no database record. Creating.
[LOG 11:37:44.411] [DragCubeSystem]: Drag cubes not found or cannot be read for part Part. Generating New drag cubes.
[LOG 11:37:44.411] [KSPCF/DragCubeGeneration] Creating drag cubes for part 'radPanelLg'
[LOG 11:37:44.416] PartLoader: Compiling Part 'Squad/Parts/Thermal/RadiatorPanels/radPanelSm/radPanelSm'
[LOG 11:37:44.418] PartLoader: Part 'Squad/Parts/Thermal/RadiatorPanels/radPanelSm/radPanelSm' has no database record. Creating.
[LOG 11:37:44.418] [DragCubeSystem]: Drag cubes not found or cannot be read for part Part. Generating New drag cubes.
[LOG 11:37:44.418] [KSPCF/DragCubeGeneration] Creating drag cubes for part 'radPanelSm'
[LOG 11:37:44.423] PartLoader: Compiling Part 'Squad/Parts/Utility/commDish88-88/commDish88-88/commDish'
[LOG 11:37:44.426] PartLoader: Part 'Squad/Parts/Utility/commDish88-88/commDish88-88/commDish' has no database record. Creating.
[LOG 11:37:44.426] [DragCubeSystem]: Drag cubes not found or cannot be read for part Part. Generating New drag cubes.
[LOG 11:37:44.426] [KSPCF/DragCubeGeneration] Creating drag cubes for part 'commDish'
[LOG 11:37:44.443] PartLoader: Compiling Part 'Squad/Parts/Utility/commsAntennaDTS-M1/commsAntennaDTS-M1/mediumDishAntenna'
[LOG 11:37:44.448] PartLoader: Part 'Squad/Parts/Utility/commsAntennaDTS-M1/commsAntennaDTS-M1/mediumDishAntenna' has no database record. Creating.
[LOG 11:37:44.448] [DragCubeSystem]: Drag cubes not found or cannot be read for part Part. Generating New drag cubes.
[LOG 11:37:44.448] [KSPCF/DragCubeGeneration] Creating drag cubes for part 'mediumDishAntenna'
[LOG 11:37:44.463] PartLoader: Compiling Part 'Squad/Parts/Utility/commsDish16/commsAntenna16/longAntenna'
[LOG 11:37:44.466] PartLoader: Part 'Squad/Parts/Utility/commsDish16/commsAntenna16/longAntenna' has no database record. Creating.
[LOG 11:37:44.466] [DragCubeSystem]: Drag cubes not found or cannot be read for part Part. Generating New drag cubes.
[LOG 11:37:44.466] [KSPCF/DragCubeGeneration] Creating drag cubes for part 'longAntenna'
[LOG 11:37:44.481] PartLoader: Compiling Part 'Squad/Parts/Utility/decouplerRadialHDM/decouplerRadialHDM/radialDecoupler1-2'
[LOG 11:37:44.486] PartLoader: Part 'Squad/Parts/Utility/decouplerRadialHDM/decouplerRadialHDM/radialDecoupler1-2' has no database record. Creating.
[LOG 11:37:44.486] [DragCubeSystem]: Drag cubes not found or cannot be read for part Part. Generating New drag cubes.
[LOG 11:37:44.486] [KSPCF/DragCubeGeneration] Creating drag cubes for part 'radialDecoupler1-2'
[LOG 11:37:44.491] PartLoader: Compiling Part 'Squad/Parts/Utility/decouplerRadialTT-38K/decouplerRadialTT-38K/radialDecoupler'
[LOG 11:37:44.494] PartLoader: Part 'Squad/Parts/Utility/decouplerRadialTT-38K/decouplerRadialTT-38K/radialDecoupler' has no database record. Creating.
[LOG 11:37:44.494] [DragCubeSystem]: Drag cubes not found or cannot be read for part Part. Generating New drag cubes.
[LOG 11:37:44.494] [KSPCF/DragCubeGeneration] Creating drag cubes for part 'radialDecoupler'
[LOG 11:37:44.498] PartLoader: Compiling Part 'Squad/Parts/Utility/decouplerRadialTT-70/decouplerRadialTT-70/radialDecoupler2'
[LOG 11:37:44.501] PartLoader: Part 'Squad/Parts/Utility/decouplerRadialTT-70/decouplerRadialTT-70/radialDecoupler2' has no database record. Creating.
[LOG 11:37:44.501] [DragCubeSystem]: Drag cubes not found or cannot be read for part Part. Generating New drag cubes.
[LOG 11:37:44.501] [KSPCF/DragCubeGeneration] Creating drag cubes for part 'radialDecoupler2'
[LOG 11:37:44.506] PartLoader: Compiling Part 'Squad/Parts/Utility/DirectAntennas/C16S/SurfAntenna'
[LOG 11:37:44.508] PartLoader: Part 'Squad/Parts/Utility/DirectAntennas/C16S/SurfAntenna' has no database record. Creating.
[LOG 11:37:44.508] [DragCubeSystem]: Drag cubes not found or cannot be read for part Part. Generating New drag cubes.
[LOG 11:37:44.508] [KSPCF/DragCubeGeneration] Creating drag cubes for part 'SurfAntenna'
[LOG 11:37:44.513] PartLoader: Compiling Part 'Squad/Parts/Utility/DirectAntennas/HG-5/HighGainAntenna5'
[LOG 11:37:44.516] PartLoader: Part 'Squad/Parts/Utility/DirectAntennas/HG-5/HighGainAntenna5' has no database record. Creating.
[LOG 11:37:44.516] [DragCubeSystem]: Drag cubes not found or cannot be read for part Part. Generating New drag cubes.
[LOG 11:37:44.516] [KSPCF/DragCubeGeneration] Creating drag cubes for part 'HighGainAntenna5'
[LOG 11:37:44.531] PartLoader: Compiling Part 'Squad/Parts/Utility/DirectAntennas/HG-5_v2/HighGainAntenna5_v2'
[LOG 11:37:44.534] PartLoader: Part 'Squad/Parts/Utility/DirectAntennas/HG-5_v2/HighGainAntenna5_v2' has no database record. Creating.
[LOG 11:37:44.535] [DragCubeSystem]: Drag cubes not found or cannot be read for part Part. Generating New drag cubes.
[LOG 11:37:44.535] [KSPCF/DragCubeGeneration] Creating drag cubes for part 'HighGainAntenna5.v2'
[LOG 11:37:44.551] PartLoader: Compiling Part 'Squad/Parts/Utility/dockingPort/dockingPort/dockingPort2'
[LOG 11:37:44.561] PartLoader: Part 'Squad/Parts/Utility/dockingPort/dockingPort/dockingPort2' has no database record. Creating.
[LOG 11:37:44.561] [DragCubeSystem]: Drag cubes not found or cannot be read for part Part. Generating New drag cubes.
[LOG 11:37:44.561] [KSPCF/DragCubeGeneration] Creating drag cubes for part 'dockingPort2'
[LOG 11:37:44.568] PartLoader: Compiling Part 'Squad/Parts/Utility/dockingPortInline/dockingPortInline/dockingPortLateral'
[LOG 11:37:44.571] PartLoader: Part 'Squad/Parts/Utility/dockingPortInline/dockingPortInline/dockingPortLateral' has no database record. Creating.
[LOG 11:37:44.571] [DragCubeSystem]: Drag cubes not found or cannot be read for part Part. Generating New drag cubes.
[LOG 11:37:44.571] [KSPCF/DragCubeGeneration] Creating drag cubes for part 'dockingPortLateral'
[LOG 11:37:44.587] PartLoader: Compiling Part 'Squad/Parts/Utility/dockingPortJr/dockingPortJr/dockingPort3'
[LOG 11:37:44.591] PartLoader: Part 'Squad/Parts/Utility/dockingPortJr/dockingPortJr/dockingPort3' has no database record. Creating.
[LOG 11:37:44.592] [DragCubeSystem]: Drag cubes not found or cannot be read for part Part. Generating New drag cubes.
[LOG 11:37:44.592] [KSPCF/DragCubeGeneration] Creating drag cubes for part 'dockingPort3'
[LOG 11:37:44.596] PartLoader: Compiling Part 'Squad/Parts/Utility/dockingPortShielded/dockingPortShielded/dockingPort1'
[LOG 11:37:44.601] PartLoader: Part 'Squad/Parts/Utility/dockingPortShielded/dockingPortShielded/dockingPort1' has no database record. Creating.
[LOG 11:37:44.601] [DragCubeSystem]: Drag cubes not found or cannot be read for part Part. Generating New drag cubes.
[LOG 11:37:44.601] [KSPCF/DragCubeGeneration] Creating drag cubes for part 'dockingPort1'
[LOG 11:37:44.636] PartLoader: Compiling Part 'Squad/Parts/Utility/dockingPortSr/dockingPortSr/dockingPortLarge'
[LOG 11:37:44.640] PartLoader: Part 'Squad/Parts/Utility/dockingPortSr/dockingPortSr/dockingPortLarge' has no database record. Creating.
[LOG 11:37:44.640] [DragCubeSystem]: Drag cubes not found or cannot be read for part Part. Generating New drag cubes.
[LOG 11:37:44.640] [KSPCF/DragCubeGeneration] Creating drag cubes for part 'dockingPortLarge'
[LOG 11:37:44.645] PartLoader: Compiling Part 'Squad/Parts/Utility/Fireworks/fireworksLauncherBig/fireworksLauncherBig'
[LOG 11:37:44.653] PartLoader: Part 'Squad/Parts/Utility/Fireworks/fireworksLauncherBig/fireworksLauncherBig' has no database record. Creating.
[LOG 11:37:44.653] [DragCubeSystem]: Drag cubes not found or cannot be read for part Part. Generating New drag cubes.
[LOG 11:37:44.653] [KSPCF/DragCubeGeneration] Creating drag cubes for part 'fireworksLauncherBig'
[LOG 11:37:44.659] PartLoader: Compiling Part 'Squad/Parts/Utility/Fireworks/fireworksLauncherSmall/fireworksLauncherSmall'
[LOG 11:37:44.665] PartLoader: Part 'Squad/Parts/Utility/Fireworks/fireworksLauncherSmall/fireworksLauncherSmall' has no database record. Creating.
[LOG 11:37:44.666] [DragCubeSystem]: Drag cubes not found or cannot be read for part Part. Generating New drag cubes.
[LOG 11:37:44.666] [KSPCF/DragCubeGeneration] Creating drag cubes for part 'fireworksLauncherSmall'
[LOG 11:37:44.672] PartLoader: Compiling Part 'Squad/Parts/Utility/flags/flagFlat/flagFlat/flagPartFlat'
[LOG 11:37:44.678] PartLoader: Part 'Squad/Parts/Utility/flags/flagFlat/flagFlat/flagPartFlat' has no database record. Creating.
[LOG 11:37:44.678] [DragCubeSystem]: Drag cubes not found or cannot be read for part Part. Generating New drag cubes.
[LOG 11:37:44.678] [KSPCF/DragCubeGeneration] Creating drag cubes for part 'flagPartFlat'
[LOG 11:37:44.684] PartLoader: Compiling Part 'Squad/Parts/Utility/flags/flagSize0/flagSize0/flagPartSize0'
[LOG 11:37:44.687] PartLoader: Part 'Squad/Parts/Utility/flags/flagSize0/flagSize0/flagPartSize0' has no database record. Creating.
[LOG 11:37:44.687] [DragCubeSystem]: Drag cubes not found or cannot be read for part Part. Generating New drag cubes.
[LOG 11:37:44.687] [KSPCF/DragCubeGeneration] Creating drag cubes for part 'flagPartSize0'
[LOG 11:37:44.692] PartLoader: Compiling Part 'Squad/Parts/Utility/flags/flagSize1/flagSize1/flagPartSize1'
[LOG 11:37:44.695] PartLoader: Part 'Squad/Parts/Utility/flags/flagSize1/flagSize1/flagPartSize1' has no database record. Creating.
[LOG 11:37:44.695] [DragCubeSystem]: Drag cubes not found or cannot be read for part Part. Generating New drag cubes.
[LOG 11:37:44.695] [KSPCF/DragCubeGeneration] Creating drag cubes for part 'flagPartSize1'
[LOG 11:37:44.700] PartLoader: Compiling Part 'Squad/Parts/Utility/flags/flagSize2/flagSize2/flagPartSize2'
[LOG 11:37:44.703] PartLoader: Part 'Squad/Parts/Utility/flags/flagSize2/flagSize2/flagPartSize2' has no database record. Creating.
[LOG 11:37:44.703] [DragCubeSystem]: Drag cubes not found or cannot be read for part Part. Generating New drag cubes.
[LOG 11:37:44.703] [KSPCF/DragCubeGeneration] Creating drag cubes for part 'flagPartSize2'
[LOG 11:37:44.707] PartLoader: Compiling Part 'Squad/Parts/Utility/flags/flagSize3/flagSize3/flagPartSize3'
[LOG 11:37:44.710] PartLoader: Part 'Squad/Parts/Utility/flags/flagSize3/flagSize3/flagPartSize3' has no database record. Creating.
[LOG 11:37:44.710] [DragCubeSystem]: Drag cubes not found or cannot be read for part Part. Generating New drag cubes.
[LOG 11:37:44.710] [KSPCF/DragCubeGeneration] Creating drag cubes for part 'flagPartSize3'
[LOG 11:37:44.715] PartLoader: Compiling Part 'Squad/Parts/Utility/GrapplingDevice/part/GrapplingDevice'
[LOG 11:37:44.723] PartLoader: Part 'Squad/Parts/Utility/GrapplingDevice/part/GrapplingDevice' has no database record. Creating.
[LOG 11:37:44.723] [DragCubeSystem]: Drag cubes not found or cannot be read for part Part. Generating New drag cubes.
[LOG 11:37:44.723] [KSPCF/DragCubeGeneration] Creating drag cubes for part 'GrapplingDevice'
[LOG 11:37:44.742] PartLoader: Compiling Part 'Squad/Parts/Utility/ladderRadial/ladderRadial/ladder1'
[LOG 11:37:44.744] PartLoader: Part 'Squad/Parts/Utility/ladderRadial/ladderRadial/ladder1' has no database record. Creating.
[LOG 11:37:44.744] [DragCubeSystem]: Drag cubes not found or cannot be read for part Part. Generating New drag cubes.
[LOG 11:37:44.744] [KSPCF/DragCubeGeneration] Creating drag cubes for part 'ladder1'
[LOG 11:37:44.748] PartLoader: Compiling Part 'Squad/Parts/Utility/ladderTelescopic/ladderTelescopic/telescopicLadder'
[LOG 11:37:44.753] PartLoader: Part 'Squad/Parts/Utility/ladderTelescopic/ladderTelescopic/telescopicLadder' has no database record. Creating.
[LOG 11:37:44.753] [DragCubeSystem]: Drag cubes not found or cannot be read for part Part. Generating New drag cubes.
[LOG 11:37:44.753] [KSPCF/DragCubeGeneration] Creating drag cubes for part 'telescopicLadder'
[LOG 11:37:44.768] PartLoader: Compiling Part 'Squad/Parts/Utility/ladderTelescopicBay/ladderTelescopicBay/telescopicLadderBay'
[LOG 11:37:44.778] PartLoader: Part 'Squad/Parts/Utility/ladderTelescopicBay/ladderTelescopicBay/telescopicLadderBay' has no database record. Creating.
[LOG 11:37:44.778] [DragCubeSystem]: Drag cubes not found or cannot be read for part Part. Generating New drag cubes.
[LOG 11:37:44.778] [KSPCF/DragCubeGeneration] Creating drag cubes for part 'telescopicLadderBay'
[LOG 11:37:44.794] PartLoader: Compiling Part 'Squad/Parts/Utility/landingLegLT-1/landingLegLT-1/landingLeg1'
[LOG 11:37:44.812] PartLoader: Part 'Squad/Parts/Utility/landingLegLT-1/landingLegLT-1/landingLeg1' has no database record. Creating.
[LOG 11:37:44.812] [DragCubeSystem]: Drag cubes not found or cannot be read for part Part. Generating New drag cubes.
[LOG 11:37:44.812] [KSPCF/DragCubeGeneration] Creating drag cubes for part 'landingLeg1'
[LOG 11:37:44.828] PartLoader: Compiling Part 'Squad/Parts/Utility/landingLegLT-2/landingLegLT-2/landingLeg1-2'
[LOG 11:37:44.834] PartLoader: Part 'Squad/Parts/Utility/landingLegLT-2/landingLegLT-2/landingLeg1-2' has no database record. Creating.
[LOG 11:37:44.834] [DragCubeSystem]: Drag cubes not found or cannot be read for part Part. Generating New drag cubes.
[LOG 11:37:44.834] [KSPCF/DragCubeGeneration] Creating drag cubes for part 'landingLeg1-2'
[LOG 11:37:44.849] PartLoader: Compiling Part 'Squad/Parts/Utility/landingLegLT-5/landingLegLT-5/miniLandingLeg'
[LOG 11:37:44.853] PartLoader: Part 'Squad/Parts/Utility/landingLegLT-5/landingLegLT-5/miniLandingLeg' has no database record. Creating.
[LOG 11:37:44.853] [DragCubeSystem]: Drag cubes not found or cannot be read for part Part. Generating New drag cubes.
[LOG 11:37:44.853] [KSPCF/DragCubeGeneration] Creating drag cubes for part 'miniLandingLeg'
[LOG 11:37:44.867] PartLoader: Compiling Part 'Squad/Parts/Utility/launchClamp1/launchClamp1/launchClamp1'
[LOG 11:37:44.872] PartLoader: Part 'Squad/Parts/Utility/launchClamp1/launchClamp1/launchClamp1' has no database record. Creating.
[LOG 11:37:44.872] [DragCubeSystem]: Drag cubes not found or cannot be read for part Part. Generating New drag cubes.
[LOG 11:37:44.872] [KSPCF/DragCubeGeneration] Creating drag cubes for part 'launchClamp1'
[LOG 11:37:44.877] PartLoader: Compiling Part 'Squad/Parts/Utility/launchEscapeSystem/part/LaunchEscapeSystem'
[LOG 11:37:44.881] PartLoader: Part 'Squad/Parts/Utility/launchEscapeSystem/part/LaunchEscapeSystem' has no database record. Creating.
[LOG 11:37:44.881] [DragCubeSystem]: Drag cubes not found or cannot be read for part Part. Generating New drag cubes.
[LOG 11:37:44.881] [KSPCF/DragCubeGeneration] Creating drag cubes for part 'LaunchEscapeSystem'
[LOG 11:37:44.886] PartLoader: Compiling Part 'Squad/Parts/Utility/Lights/domeLight1/domeLight1'
[LOG 11:37:44.888] PartLoader: Part 'Squad/Parts/Utility/Lights/domeLight1/domeLight1' has no database record. Creating.
[LOG 11:37:44.888] [DragCubeSystem]: Drag cubes not found or cannot be read for part Part. Generating New drag cubes.
[LOG 11:37:44.888] [KSPCF/DragCubeGeneration] Creating drag cubes for part 'domeLight1'
[LOG 11:37:44.893] PartLoader: Compiling Part 'Squad/Parts/Utility/Lights/groundLight1/groundLight1'
[LOG 11:37:44.897] PartLoader: Part 'Squad/Parts/Utility/Lights/groundLight1/groundLight1' has no database record. Creating.
[LOG 11:37:44.897] [DragCubeSystem]: Drag cubes not found or cannot be read for part Part. Generating New drag cubes.
[LOG 11:37:44.897] [KSPCF/DragCubeGeneration] Creating drag cubes for part 'groundLight1'
[LOG 11:37:44.903] PartLoader: Compiling Part 'Squad/Parts/Utility/Lights/groundLight2/groundLight2'
[LOG 11:37:44.906] PartLoader: Part 'Squad/Parts/Utility/Lights/groundLight2/groundLight2' has no database record. Creating.
[LOG 11:37:44.906] [DragCubeSystem]: Drag cubes not found or cannot be read for part Part. Generating New drag cubes.
[LOG 11:37:44.906] [KSPCF/DragCubeGeneration] Creating drag cubes for part 'groundLight2'
[LOG 11:37:44.910] PartLoader: Compiling Part 'Squad/Parts/Utility/Lights/navLight1/navLight1'
[LOG 11:37:44.913] PartLoader: Part 'Squad/Parts/Utility/Lights/navLight1/navLight1' has no database record. Creating.
[LOG 11:37:44.913] [DragCubeSystem]: Drag cubes not found or cannot be read for part Part. Generating New drag cubes.
[LOG 11:37:44.913] [KSPCF/DragCubeGeneration] Creating drag cubes for part 'navLight1'
[LOG 11:37:44.917] PartLoader: Compiling Part 'Squad/Parts/Utility/Lights/spotLight1/spotLight3'
[LOG 11:37:44.920] PartLoader: Part 'Squad/Parts/Utility/Lights/spotLight1/spotLight3' has no database record. Creating.
[LOG 11:37:44.920] [DragCubeSystem]: Drag cubes not found or cannot be read for part Part. Generating New drag cubes.
[LOG 11:37:44.920] [KSPCF/DragCubeGeneration] Creating drag cubes for part 'spotLight3'
[LOG 11:37:44.925] PartLoader: Compiling Part 'Squad/Parts/Utility/Lights/stripLight1/stripLight1'
[LOG 11:37:44.928] PartLoader: Part 'Squad/Parts/Utility/Lights/stripLight1/stripLight1' has no database record. Creating.
[LOG 11:37:44.928] [DragCubeSystem]: Drag cubes not found or cannot be read for part Part. Generating New drag cubes.
[LOG 11:37:44.928] [KSPCF/DragCubeGeneration] Creating drag cubes for part 'stripLight1'
[LOG 11:37:44.933] PartLoader: Compiling Part 'Squad/Parts/Utility/linearVernorRCS/linearRCS/linearRcs'
[LOG 11:37:44.937] PartLoader: Part 'Squad/Parts/Utility/linearVernorRCS/linearRCS/linearRcs' has no database record. Creating.
[LOG 11:37:44.937] [DragCubeSystem]: Drag cubes not found or cannot be read for part Part. Generating New drag cubes.
[LOG 11:37:44.937] [KSPCF/DragCubeGeneration] Creating drag cubes for part 'linearRcs'
[LOG 11:37:44.942] PartLoader: Compiling Part 'Squad/Parts/Utility/linearVernorRCS/vernorEngine/vernierEngine'
[LOG 11:37:44.945] PartLoader: Part 'Squad/Parts/Utility/linearVernorRCS/vernorEngine/vernierEngine' has no database record. Creating.
[LOG 11:37:44.945] [DragCubeSystem]: Drag cubes not found or cannot be read for part Part. Generating New drag cubes.
[LOG 11:37:44.945] [KSPCF/DragCubeGeneration] Creating drag cubes for part 'vernierEngine'
[LOG 11:37:44.949] PartLoader: Compiling Part 'Squad/Parts/Utility/mk2CargoBay/BayL/mk2CargoBayL'
[LOG 11:37:44.953] PartLoader: Part 'Squad/Parts/Utility/mk2CargoBay/BayL/mk2CargoBayL' has no database record. Creating.
[LOG 11:37:44.953] PartLoader: Compiling Part 'Squad/Parts/Utility/mk2CargoBay/BayS/mk2CargoBayS'
[LOG 11:37:44.955] PartLoader: Part 'Squad/Parts/Utility/mk2CargoBay/BayS/mk2CargoBayS' has no database record. Creating.
[LOG 11:37:44.955] PartLoader: Compiling Part 'Squad/Parts/Utility/mk2CrewCabin/mk2CrewCabin/mk2CrewCabin'
[WRN 11:37:44.956] [Part]: Cannot have ModuleCargoPart and ModuleInventoryPart on same Part [mk2CrewCabin'. Removed ModuleCargoPart
[LOG 11:37:44.958] PartLoader: Part 'Squad/Parts/Utility/mk2CrewCabin/mk2CrewCabin/mk2CrewCabin' has no database record. Creating.
[LOG 11:37:44.958] [DragCubeSystem]: Drag cubes not found or cannot be read for part Part. Generating New drag cubes.
[LOG 11:37:44.958] [KSPCF/DragCubeGeneration] Creating drag cubes for part 'mk2CrewCabin'
[LOG 11:37:44.963] PartLoader: Compiling Part 'Squad/Parts/Utility/mk2DockingPort/mk2DockingPort/mk2DockingPort'
[LOG 11:37:44.966] PartLoader: Part 'Squad/Parts/Utility/mk2DockingPort/mk2DockingPort/mk2DockingPort' has no database record. Creating.
[LOG 11:37:44.968] PartLoader: Compiling Part 'Squad/Parts/Utility/mk3CargoBay/long/mk3CargoBayL'
[LOG 11:37:44.971] PartLoader: Part 'Squad/Parts/Utility/mk3CargoBay/long/mk3CargoBayL' has no database record. Creating.
[LOG 11:37:44.971] PartLoader: Compiling Part 'Squad/Parts/Utility/mk3CargoBay/medium/mk3CargoBayM'
[LOG 11:37:44.974] PartLoader: Part 'Squad/Parts/Utility/mk3CargoBay/medium/mk3CargoBayM' has no database record. Creating.
[LOG 11:37:44.974] PartLoader: Compiling Part 'Squad/Parts/Utility/mk3CargoBay/ramp/mk3CargoRamp'
[LOG 11:37:44.977] PartLoader: Part 'Squad/Parts/Utility/mk3CargoBay/ramp/mk3CargoRamp' has no database record. Creating.
[LOG 11:37:44.977] PartLoader: Compiling Part 'Squad/Parts/Utility/mk3CargoBay/short/mk3CargoBayS'
[LOG 11:37:44.979] PartLoader: Part 'Squad/Parts/Utility/mk3CargoBay/short/mk3CargoBayS' has no database record. Creating.
[LOG 11:37:44.979] PartLoader: Compiling Part 'Squad/Parts/Utility/parachuteMk1/parachuteMk1/parachuteSingle'
[LOG 11:37:44.986] PartLoader: Part 'Squad/Parts/Utility/parachuteMk1/parachuteMk1/parachuteSingle' has no database record. Creating.
[LOG 11:37:44.986] [DragCubeSystem]: Drag cubes not found or cannot be read for part Part. Generating New drag cubes.
[LOG 11:37:44.986] [KSPCF/DragCubeGeneration] Creating drag cubes for part 'parachuteSingle'
[LOG 11:37:45.011] PartLoader: Compiling Part 'Squad/Parts/Utility/parachuteMk12-R/parachuteMk12-R/radialDrogue'
[LOG 11:37:45.014] PartLoader: Part 'Squad/Parts/Utility/parachuteMk12-R/parachuteMk12-R/radialDrogue' has no database record. Creating.
[LOG 11:37:45.014] [DragCubeSystem]: Drag cubes not found or cannot be read for part Part. Generating New drag cubes.
[LOG 11:37:45.014] [KSPCF/DragCubeGeneration] Creating drag cubes for part 'radialDrogue'
[LOG 11:37:45.037] PartLoader: Compiling Part 'Squad/Parts/Utility/parachuteMk16-XL/parachuteMk16-XL/parachuteLarge'
[LOG 11:37:45.042] PartLoader: Part 'Squad/Parts/Utility/parachuteMk16-XL/parachuteMk16-XL/parachuteLarge' has no database record. Creating.
[LOG 11:37:45.042] [DragCubeSystem]: Drag cubes not found or cannot be read for part Part. Generating New drag cubes.
[LOG 11:37:45.042] [KSPCF/DragCubeGeneration] Creating drag cubes for part 'parachuteLarge'
[LOG 11:37:45.065] PartLoader: Compiling Part 'Squad/Parts/Utility/parachuteMk2-R/parachuteMk2-R/parachuteRadial'
[LOG 11:37:45.069] PartLoader: Part 'Squad/Parts/Utility/parachuteMk2-R/parachuteMk2-R/parachuteRadial' has no database record. Creating.
[LOG 11:37:45.069] [DragCubeSystem]: Drag cubes not found or cannot be read for part Part. Generating New drag cubes.
[LOG 11:37:45.069] [KSPCF/DragCubeGeneration] Creating drag cubes for part 'parachuteRadial'
[LOG 11:37:45.091] PartLoader: Compiling Part 'Squad/Parts/Utility/parachuteMk25/parachuteMk25/parachuteDrogue'
[LOG 11:37:45.095] PartLoader: Part 'Squad/Parts/Utility/parachuteMk25/parachuteMk25/parachuteDrogue' has no database record. Creating.
[LOG 11:37:45.095] [DragCubeSystem]: Drag cubes not found or cannot be read for part Part. Generating New drag cubes.
[LOG 11:37:45.095] [KSPCF/DragCubeGeneration] Creating drag cubes for part 'parachuteDrogue'
[LOG 11:37:45.117] PartLoader: Compiling Part 'Squad/Parts/Utility/radialAttachmentPoint/radialAttachmentPoint/stackPoint1'
[LOG 11:37:45.120] PartLoader: Part 'Squad/Parts/Utility/radialAttachmentPoint/radialAttachmentPoint/stackPoint1' has no database record. Creating.
[LOG 11:37:45.120] [DragCubeSystem]: Drag cubes not found or cannot be read for part Part. Generating New drag cubes.
[LOG 11:37:45.120] [KSPCF/DragCubeGeneration] Creating drag cubes for part 'stackPoint1'
[LOG 11:37:45.124] PartLoader: Compiling Part 'Squad/Parts/Utility/rcsBlockRV-105_v2/rcsBlockRV-105/RCSBlock_v2'
[LOG 11:37:45.129] PartLoader: Part 'Squad/Parts/Utility/rcsBlockRV-105_v2/rcsBlockRV-105/RCSBlock_v2' has no database record. Creating.
[LOG 11:37:45.129] [DragCubeSystem]: Drag cubes not found or cannot be read for part Part. Generating New drag cubes.
[LOG 11:37:45.129] [KSPCF/DragCubeGeneration] Creating drag cubes for part 'RCSBlock.v2'
[LOG 11:37:45.166] PartLoader: Compiling Part 'Squad/Parts/Utility/rcsBlockRV-105_v2/RCSblock_01_small/RCSblock_01_small'
[LOG 11:37:45.173] PartLoader: Part 'Squad/Parts/Utility/rcsBlockRV-105_v2/RCSblock_01_small/RCSblock_01_small' has no database record. Creating.
[LOG 11:37:45.173] [DragCubeSystem]: Drag cubes not found or cannot be read for part Part. Generating New drag cubes.
[LOG 11:37:45.173] [KSPCF/DragCubeGeneration] Creating drag cubes for part 'RCSblock.01.small'
[LOG 11:37:45.223] PartLoader: Compiling Part 'Squad/Parts/Utility/rcsSmallLinear/RCSLinearSmall/RCSLinearSmall'
[LOG 11:37:45.229] PartLoader: Part 'Squad/Parts/Utility/rcsSmallLinear/RCSLinearSmall/RCSLinearSmall' has no database record. Creating.
[LOG 11:37:45.229] [DragCubeSystem]: Drag cubes not found or cannot be read for part Part. Generating New drag cubes.
[LOG 11:37:45.229] [KSPCF/DragCubeGeneration] Creating drag cubes for part 'RCSLinearSmall'
[LOG 11:37:45.246] PartLoader: Compiling Part 'Squad/Parts/Utility/RelayAntennas/RA-100/RelayAntenna100'
[LOG 11:37:45.249] PartLoader: Part 'Squad/Parts/Utility/RelayAntennas/RA-100/RelayAntenna100' has no database record. Creating.
[LOG 11:37:45.249] [DragCubeSystem]: Drag cubes not found or cannot be read for part Part. Generating New drag cubes.
[LOG 11:37:45.249] [KSPCF/DragCubeGeneration] Creating drag cubes for part 'RelayAntenna100'
[LOG 11:37:45.254] PartLoader: Compiling Part 'Squad/Parts/Utility/RelayAntennas/RA-5/RelayAntenna5'
[LOG 11:37:45.256] PartLoader: Part 'Squad/Parts/Utility/RelayAntennas/RA-5/RelayAntenna5' has no database record. Creating.
[LOG 11:37:45.256] [DragCubeSystem]: Drag cubes not found or cannot be read for part Part. Generating New drag cubes.
[LOG 11:37:45.256] [KSPCF/DragCubeGeneration] Creating drag cubes for part 'RelayAntenna5'
[LOG 11:37:45.262] PartLoader: Compiling Part 'Squad/Parts/Utility/RelayAntennas/RA-50/RelayAntenna50'
[LOG 11:37:45.265] PartLoader: Part 'Squad/Parts/Utility/RelayAntennas/RA-50/RelayAntenna50' has no database record. Creating.
[LOG 11:37:45.265] [DragCubeSystem]: Drag cubes not found or cannot be read for part Part. Generating New drag cubes.
[LOG 11:37:45.265] [KSPCF/DragCubeGeneration] Creating drag cubes for part 'RelayAntenna50'
[LOG 11:37:45.270] PartLoader: Compiling Part 'Squad/Parts/Utility/rockomaxAdapters/largeAdapter/largeAdapter'
[LOG 11:37:45.272] PartLoader: Part 'Squad/Parts/Utility/rockomaxAdapters/largeAdapter/largeAdapter' has no database record. Creating.
[LOG 11:37:45.272] [DragCubeSystem]: Drag cubes not found or cannot be read for part Part. Generating New drag cubes.
[LOG 11:37:45.272] [KSPCF/DragCubeGeneration] Creating drag cubes for part 'largeAdapter'
[LOG 11:37:45.277] PartLoader: Compiling Part 'Squad/Parts/Utility/rockomaxAdapters/largeAdapterShort/largeAdapter2'
[LOG 11:37:45.279] PartLoader: Part 'Squad/Parts/Utility/rockomaxAdapters/largeAdapterShort/largeAdapter2' has no database record. Creating.
[LOG 11:37:45.280] [DragCubeSystem]: Drag cubes not found or cannot be read for part Part. Generating New drag cubes.
[LOG 11:37:45.280] [KSPCF/DragCubeGeneration] Creating drag cubes for part 'largeAdapter2'
[LOG 11:37:45.284] PartLoader: Compiling Part 'Squad/Parts/Utility/ServiceBay_v2/ServiceBay_125_v2/ServiceBay_125_v2'
[LOG 11:37:45.287] PartLoader: Part 'Squad/Parts/Utility/ServiceBay_v2/ServiceBay_125_v2/ServiceBay_125_v2' has no database record. Creating.
[LOG 11:37:45.287] [DragCubeSystem]: Drag cubes not found or cannot be read for part Part. Generating New drag cubes.
[LOG 11:37:45.287] [KSPCF/DragCubeGeneration] Creating drag cubes for part 'ServiceBay.125.v2'
[LOG 11:37:45.300] PartLoader: Compiling Part 'Squad/Parts/Utility/ServiceBay_v2/ServiceBay_250_v2/ServiceBay_250_v2'
[LOG 11:37:45.303] PartLoader: Part 'Squad/Parts/Utility/ServiceBay_v2/ServiceBay_250_v2/ServiceBay_250_v2' has no database record. Creating.
[LOG 11:37:45.303] [DragCubeSystem]: Drag cubes not found or cannot be read for part Part. Generating New drag cubes.
[LOG 11:37:45.303] [KSPCF/DragCubeGeneration] Creating drag cubes for part 'ServiceBay.250.v2'
[LOG 11:37:45.317] PartLoader: Compiling Part 'Squad/Parts/Utility/smallClaw/smallClaw/smallClaw'
[LOG 11:37:45.322] PartLoader: Part 'Squad/Parts/Utility/smallClaw/smallClaw/smallClaw' has no database record. Creating.
[LOG 11:37:45.322] [DragCubeSystem]: Drag cubes not found or cannot be read for part Part. Generating New drag cubes.
[LOG 11:37:45.322] [KSPCF/DragCubeGeneration] Creating drag cubes for part 'smallClaw'
[LOG 11:37:45.340] PartLoader: Compiling Part 'Squad/Parts/Utility/spotLightMk1/spotLightMk1/spotLight1'
[LOG 11:37:45.344] PartLoader: Part 'Squad/Parts/Utility/spotLightMk1/spotLightMk1/spotLight1' has no database record. Creating.
[LOG 11:37:45.344] [DragCubeSystem]: Drag cubes not found or cannot be read for part Part. Generating New drag cubes.
[LOG 11:37:45.344] [KSPCF/DragCubeGeneration] Creating drag cubes for part 'spotLight1'
[LOG 11:37:45.350] PartLoader: Compiling Part 'Squad/Parts/Utility/spotLightMk1_v2/spotLightMk1_v2/spotLight1_v2'
[LOG 11:37:45.355] PartLoader: Part 'Squad/Parts/Utility/spotLightMk1_v2/spotLightMk1_v2/spotLight1_v2' has no database record. Creating.
[LOG 11:37:45.355] [DragCubeSystem]: Drag cubes not found or cannot be read for part Part. Generating New drag cubes.
[LOG 11:37:45.355] [KSPCF/DragCubeGeneration] Creating drag cubes for part 'spotLight1.v2'
[LOG 11:37:45.360] PartLoader: Compiling Part 'Squad/Parts/Utility/spotLightMk2/spotLightMk2/spotLight2'
[LOG 11:37:45.362] PartLoader: Part 'Squad/Parts/Utility/spotLightMk2/spotLightMk2/spotLight2' has no database record. Creating.
[LOG 11:37:45.362] [DragCubeSystem]: Drag cubes not found or cannot be read for part Part. Generating New drag cubes.
[LOG 11:37:45.362] [KSPCF/DragCubeGeneration] Creating drag cubes for part 'spotLight2'
[LOG 11:37:45.367] PartLoader: Compiling Part 'Squad/Parts/Utility/spotLightMk2_v2/spotLightMk2_v2/spotLight2_v2'
[LOG 11:37:45.372] PartLoader: Part 'Squad/Parts/Utility/spotLightMk2_v2/spotLightMk2_v2/spotLight2_v2' has no database record. Creating.
[LOG 11:37:45.372] [DragCubeSystem]: Drag cubes not found or cannot be read for part Part. Generating New drag cubes.
[LOG 11:37:45.372] [KSPCF/DragCubeGeneration] Creating drag cubes for part 'spotLight2.v2'
[LOG 11:37:45.377] PartLoader: Compiling Part 'Squad/Parts/Utility/stackCouplers/stackBiCoupler_v2/stackBiCoupler_v2'
[LOG 11:37:45.379] PartLoader: Part 'Squad/Parts/Utility/stackCouplers/stackBiCoupler_v2/stackBiCoupler_v2' has no database record. Creating.
[LOG 11:37:45.379] [DragCubeSystem]: Drag cubes not found or cannot be read for part Part. Generating New drag cubes.
[LOG 11:37:45.379] [KSPCF/DragCubeGeneration] Creating drag cubes for part 'stackBiCoupler.v2'
[LOG 11:37:45.382] PartLoader: Compiling Part 'Squad/Parts/Utility/stackCouplers/stackQuadCoupler/stackQuadCoupler'
[LOG 11:37:45.384] PartLoader: Part 'Squad/Parts/Utility/stackCouplers/stackQuadCoupler/stackQuadCoupler' has no database record. Creating.
[LOG 11:37:45.384] [DragCubeSystem]: Drag cubes not found or cannot be read for part Part. Generating New drag cubes.
[LOG 11:37:45.384] [KSPCF/DragCubeGeneration] Creating drag cubes for part 'stackQuadCoupler'
[LOG 11:37:45.388] PartLoader: Compiling Part 'Squad/Parts/Utility/stackCouplers/stackTriCoupler_v2/stackTriCoupler_v2'
[LOG 11:37:45.390] PartLoader: Part 'Squad/Parts/Utility/stackCouplers/stackTriCoupler_v2/stackTriCoupler_v2' has no database record. Creating.
[LOG 11:37:45.390] [DragCubeSystem]: Drag cubes not found or cannot be read for part Part. Generating New drag cubes.
[LOG 11:37:45.390] [KSPCF/DragCubeGeneration] Creating drag cubes for part 'stackTriCoupler.v2'
[LOG 11:37:45.395] PartLoader: Compiling Part 'Squad/Parts/Wheel/LandingGear/GearExtraLarge/GearLarge'
[LOG 11:37:45.405] PartLoader: Part 'Squad/Parts/Wheel/LandingGear/GearExtraLarge/GearLarge' has no database record. Creating.
[LOG 11:37:45.405] [DragCubeSystem]: Drag cubes not found or cannot be read for part Part. Generating New drag cubes.
[LOG 11:37:45.405] [KSPCF/DragCubeGeneration] Creating drag cubes for part 'GearLarge'
[LOG 11:37:45.420] PartLoader: Compiling Part 'Squad/Parts/Wheel/LandingGear/GearFixed/GearFixed'
[LOG 11:37:45.423] PartLoader: Part 'Squad/Parts/Wheel/LandingGear/GearFixed/GearFixed' has no database record. Creating.
[LOG 11:37:45.424] [DragCubeSystem]: Drag cubes not found or cannot be read for part Part. Generating New drag cubes.
[LOG 11:37:45.424] [KSPCF/DragCubeGeneration] Creating drag cubes for part 'GearFixed'
[LOG 11:37:45.428] PartLoader: Compiling Part 'Squad/Parts/Wheel/LandingGear/GearFree/GearFree'
[LOG 11:37:45.435] PartLoader: Part 'Squad/Parts/Wheel/LandingGear/GearFree/GearFree' has no database record. Creating.
[LOG 11:37:45.435] [DragCubeSystem]: Drag cubes not found or cannot be read for part Part. Generating New drag cubes.
[LOG 11:37:45.435] [KSPCF/DragCubeGeneration] Creating drag cubes for part 'GearFree'
[LOG 11:37:45.440] PartLoader: Compiling Part 'Squad/Parts/Wheel/LandingGear/GearLarge/GearMedium'
[LOG 11:37:45.448] PartLoader: Part 'Squad/Parts/Wheel/LandingGear/GearLarge/GearMedium' has no database record. Creating.
[LOG 11:37:45.449] [DragCubeSystem]: Drag cubes not found or cannot be read for part Part. Generating New drag cubes.
[LOG 11:37:45.449] [KSPCF/DragCubeGeneration] Creating drag cubes for part 'GearMedium'
[LOG 11:37:45.467] PartLoader: Compiling Part 'Squad/Parts/Wheel/LandingGear/GearMedium/GearSmall'
[LOG 11:37:45.476] PartLoader: Part 'Squad/Parts/Wheel/LandingGear/GearMedium/GearSmall' has no database record. Creating.
[LOG 11:37:45.476] [DragCubeSystem]: Drag cubes not found or cannot be read for part Part. Generating New drag cubes.
[LOG 11:37:45.476] [KSPCF/DragCubeGeneration] Creating drag cubes for part 'GearSmall'
[LOG 11:37:45.493] PartLoader: Compiling Part 'Squad/Parts/Wheel/LandingGear/GearSmall/SmallGearBay'
[LOG 11:37:45.500] PartLoader: Part 'Squad/Parts/Wheel/LandingGear/GearSmall/SmallGearBay' has no database record. Creating.
[LOG 11:37:45.500] [DragCubeSystem]: Drag cubes not found or cannot be read for part Part. Generating New drag cubes.
[LOG 11:37:45.500] [KSPCF/DragCubeGeneration] Creating drag cubes for part 'SmallGearBay'
[LOG 11:37:45.517] PartLoader: Compiling Part 'Squad/Parts/Wheel/roverWheelM1/roverWheelM1/roverWheel1'
[LOG 11:37:45.524] PartLoader: Part 'Squad/Parts/Wheel/roverWheelM1/roverWheelM1/roverWheel1' has no database record. Creating.
[LOG 11:37:45.524] [DragCubeSystem]: Drag cubes not found or cannot be read for part Part. Generating New drag cubes.
[LOG 11:37:45.524] [KSPCF/DragCubeGeneration] Creating drag cubes for part 'roverWheel1'
[LOG 11:37:45.531] PartLoader: Compiling Part 'Squad/Parts/Wheel/roverWheelS2/roverWheelS2/roverWheel2'
[LOG 11:37:45.536] PartLoader: Part 'Squad/Parts/Wheel/roverWheelS2/roverWheelS2/roverWheel2' has no database record. Creating.
[LOG 11:37:45.536] [DragCubeSystem]: Drag cubes not found or cannot be read for part Part. Generating New drag cubes.
[LOG 11:37:45.536] [KSPCF/DragCubeGeneration] Creating drag cubes for part 'roverWheel2'
[LOG 11:37:45.541] PartLoader: Compiling Part 'Squad/Parts/Wheel/roverWheelTR-2L/roverWheelTR-2L/wheelMed'
[LOG 11:37:45.546] PartLoader: Part 'Squad/Parts/Wheel/roverWheelTR-2L/roverWheelTR-2L/wheelMed' has no database record. Creating.
[LOG 11:37:45.546] [DragCubeSystem]: Drag cubes not found or cannot be read for part Part. Generating New drag cubes.
[LOG 11:37:45.546] [KSPCF/DragCubeGeneration] Creating drag cubes for part 'wheelMed'
[LOG 11:37:45.553] PartLoader: Compiling Part 'Squad/Parts/Wheel/roverWheelXL3/roverWheelXL3/roverWheel3'
[LOG 11:37:45.559] PartLoader: Part 'Squad/Parts/Wheel/roverWheelXL3/roverWheelXL3/roverWheel3' has no database record. Creating.
[LOG 11:37:45.559] [DragCubeSystem]: Drag cubes not found or cannot be read for part Part. Generating New drag cubes.
[LOG 11:37:45.559] [KSPCF/DragCubeGeneration] Creating drag cubes for part 'roverWheel3'
[LOG 11:37:45.565] PartLoader: Compiling Part 'SquadExpansion/MakingHistory/Parts/Aero/protectiveRocketNoseMk16/rocketNoseCone_size4/rocketNoseConeSize4'
[LOG 11:37:45.566] PartLoader: Part 'SquadExpansion/MakingHistory/Parts/Aero/protectiveRocketNoseMk16/rocketNoseCone_size4/rocketNoseConeSize4' has no database record. Creating.
[LOG 11:37:45.566] [DragCubeSystem]: Drag cubes not found or cannot be read for part Part. Generating New drag cubes.
[LOG 11:37:45.566] [KSPCF/DragCubeGeneration] Creating drag cubes for part 'rocketNoseConeSize4'
[LOG 11:37:45.571] PartLoader: Compiling Part 'SquadExpansion/MakingHistory/Parts/Aero/protectiveRocketNoseMk5A/Size_1_5_Cone/Size_1_5_Cone'
[LOG 11:37:45.573] PartLoader: Part 'SquadExpansion/MakingHistory/Parts/Aero/protectiveRocketNoseMk5A/Size_1_5_Cone/Size_1_5_Cone' has no database record. Creating.
[LOG 11:37:45.573] [DragCubeSystem]: Drag cubes not found or cannot be read for part Part. Generating New drag cubes.
[LOG 11:37:45.573] [KSPCF/DragCubeGeneration] Creating drag cubes for part 'Size.1.5.Cone'
[LOG 11:37:45.578] PartLoader: Compiling Part 'SquadExpansion/MakingHistory/Parts/Coupling/Decoupler_1p5/Decoupler_1p5'
[LOG 11:37:45.581] PartLoader: Part 'SquadExpansion/MakingHistory/Parts/Coupling/Decoupler_1p5/Decoupler_1p5' has no database record. Creating.
[LOG 11:37:45.582] PartLoader: Compiling Part 'SquadExpansion/MakingHistory/Parts/Coupling/Decoupler_4/Decoupler_4'
[LOG 11:37:45.585] PartLoader: Part 'SquadExpansion/MakingHistory/Parts/Coupling/Decoupler_4/Decoupler_4' has no database record. Creating.
[LOG 11:37:45.586] PartLoader: Compiling Part 'SquadExpansion/MakingHistory/Parts/Coupling/EnginePlate_1p5/EnginePlate1p5'
[LOG 11:37:45.593] PartLoader: Part 'SquadExpansion/MakingHistory/Parts/Coupling/EnginePlate_1p5/EnginePlate1p5' has no database record. Creating.
[LOG 11:37:45.593] [DragCubeSystem]: Drag cubes not found or cannot be read for part Part. Generating New drag cubes.
[LOG 11:37:45.593] [KSPCF/DragCubeGeneration] Part 'EnginePlate1p5' has defined a procedural drag cube setup
[LOG 11:37:45.593] PartLoader: Compiling Part 'SquadExpansion/MakingHistory/Parts/Coupling/EnginePlate_2/EnginePlate2'
[LOG 11:37:45.596] PartLoader: Part 'SquadExpansion/MakingHistory/Parts/Coupling/EnginePlate_2/EnginePlate2' has no database record. Creating.
[LOG 11:37:45.596] [DragCubeSystem]: Drag cubes not found or cannot be read for part Part. Generating New drag cubes.
[LOG 11:37:45.596] [KSPCF/DragCubeGeneration] Part 'EnginePlate2' has defined a procedural drag cube setup
[LOG 11:37:45.597] PartLoader: Compiling Part 'SquadExpansion/MakingHistory/Parts/Coupling/EnginePlate_3/EnginePlate3'
[LOG 11:37:45.600] PartLoader: Part 'SquadExpansion/MakingHistory/Parts/Coupling/EnginePlate_3/EnginePlate3' has no database record. Creating.
[LOG 11:37:45.600] [DragCubeSystem]: Drag cubes not found or cannot be read for part Part. Generating New drag cubes.
[LOG 11:37:45.600] [KSPCF/DragCubeGeneration] Part 'EnginePlate3' has defined a procedural drag cube setup
[LOG 11:37:45.600] PartLoader: Compiling Part 'SquadExpansion/MakingHistory/Parts/Coupling/EnginePlate_4/EnginePlate4'
[LOG 11:37:45.603] PartLoader: Part 'SquadExpansion/MakingHistory/Parts/Coupling/EnginePlate_4/EnginePlate4' has no database record. Creating.
[LOG 11:37:45.603] [DragCubeSystem]: Drag cubes not found or cannot be read for part Part. Generating New drag cubes.
[LOG 11:37:45.603] [KSPCF/DragCubeGeneration] Part 'EnginePlate4' has defined a procedural drag cube setup
[LOG 11:37:45.604] PartLoader: Compiling Part 'SquadExpansion/MakingHistory/Parts/Coupling/EnginePlate_5/EnginePlate5'
[LOG 11:37:45.607] PartLoader: Part 'SquadExpansion/MakingHistory/Parts/Coupling/EnginePlate_5/EnginePlate5' has no database record. Creating.
[LOG 11:37:45.607] [DragCubeSystem]: Drag cubes not found or cannot be read for part Part. Generating New drag cubes.
[LOG 11:37:45.607] [KSPCF/DragCubeGeneration] Part 'EnginePlate5' has defined a procedural drag cube setup
[LOG 11:37:45.607] PartLoader: Compiling Part 'SquadExpansion/MakingHistory/Parts/Coupling/InflatableAirlock/InflatableAirlock'
[LOG 11:37:45.611] PartLoader: Part 'SquadExpansion/MakingHistory/Parts/Coupling/InflatableAirlock/InflatableAirlock' has no database record. Creating.
[LOG 11:37:45.611] [DragCubeSystem]: Drag cubes not found or cannot be read for part Part. Generating New drag cubes.
[LOG 11:37:45.611] [KSPCF/DragCubeGeneration] Creating drag cubes for part 'InflatableAirlock'
[LOG 11:37:45.625] PartLoader: Compiling Part 'SquadExpansion/MakingHistory/Parts/Coupling/Separator_1p5/Separator_1p5'
[LOG 11:37:45.629] PartLoader: Part 'SquadExpansion/MakingHistory/Parts/Coupling/Separator_1p5/Separator_1p5' has no database record. Creating.
[LOG 11:37:45.629] PartLoader: Compiling Part 'SquadExpansion/MakingHistory/Parts/Coupling/Separator_4/Separator_4'
[LOG 11:37:45.632] PartLoader: Part 'SquadExpansion/MakingHistory/Parts/Coupling/Separator_4/Separator_4' has no database record. Creating.
[LOG 11:37:45.632] PartLoader: Compiling Part 'SquadExpansion/MakingHistory/Parts/Coupling/Size1p5_Strut_Decoupler/Size1p5_Strut_Decoupler'
[LOG 11:37:45.635] PartLoader: Part 'SquadExpansion/MakingHistory/Parts/Coupling/Size1p5_Strut_Decoupler/Size1p5_Strut_Decoupler' has no database record. Creating.
[LOG 11:37:45.635] PartLoader: Compiling Part 'SquadExpansion/MakingHistory/Parts/Engine/LiquidEngineKE-1/LiquidEngineKE-1'
[LOG 11:37:45.641] PartLoader: Part 'SquadExpansion/MakingHistory/Parts/Engine/LiquidEngineKE-1/LiquidEngineKE-1' has no database record. Creating.
[LOG 11:37:45.641] [DragCubeSystem]: Drag cubes not found or cannot be read for part Part. Generating New drag cubes.
[LOG 11:37:45.641] [KSPCF/DragCubeGeneration] Creating drag cubes for part 'LiquidEngineKE-1'
[LOG 11:37:45.677] PartLoader: Compiling Part 'SquadExpansion/MakingHistory/Parts/Engine/LiquidEngineLV-T91/LiquidEngineLV-T91'
[LOG 11:37:45.684] PartLoader: Part 'SquadExpansion/MakingHistory/Parts/Engine/LiquidEngineLV-T91/LiquidEngineLV-T91' has no database record. Creating.
[LOG 11:37:45.684] [DragCubeSystem]: Drag cubes not found or cannot be read for part Part. Generating New drag cubes.
[LOG 11:37:45.684] [KSPCF/DragCubeGeneration] Creating drag cubes for part 'LiquidEngineLV-T91'
[LOG 11:37:45.716] PartLoader: Compiling Part 'SquadExpansion/MakingHistory/Parts/Engine/LiquidEngineLV-TX87/LiquidEngineLV-TX87'
[LOG 11:37:45.726] PartLoader: Part 'SquadExpansion/MakingHistory/Parts/Engine/LiquidEngineLV-TX87/LiquidEngineLV-TX87' has no database record. Creating.
[LOG 11:37:45.726] [DragCubeSystem]: Drag cubes not found or cannot be read for part Part. Generating New drag cubes.
[LOG 11:37:45.726] [KSPCF/DragCubeGeneration] Creating drag cubes for part 'LiquidEngineLV-TX87'
[LOG 11:37:45.805] PartLoader: Compiling Part 'SquadExpansion/MakingHistory/Parts/Engine/LiquidEngineRE-I2/LiquidEngineRE-I2'
[LOG 11:37:45.811] PartLoader: Part 'SquadExpansion/MakingHistory/Parts/Engine/LiquidEngineRE-I2/LiquidEngineRE-I2' has no database record. Creating.
[LOG 11:37:45.811] [DragCubeSystem]: Drag cubes not found or cannot be read for part Part. Generating New drag cubes.
[LOG 11:37:45.811] [KSPCF/DragCubeGeneration] Creating drag cubes for part 'LiquidEngineRE-I2'
[LOG 11:37:45.842] PartLoader: Compiling Part 'SquadExpansion/MakingHistory/Parts/Engine/LiquidEngineRE-J10/LiquidEngineRE-J10'
[LOG 11:37:45.848] PartLoader: Part 'SquadExpansion/MakingHistory/Parts/Engine/LiquidEngineRE-J10/LiquidEngineRE-J10' has no database record. Creating.
[LOG 11:37:45.848] [DragCubeSystem]: Drag cubes not found or cannot be read for part Part. Generating New drag cubes.
[LOG 11:37:45.848] [KSPCF/DragCubeGeneration] Creating drag cubes for part 'LiquidEngineRE-J10'
[LOG 11:37:45.877] PartLoader: Compiling Part 'SquadExpansion/MakingHistory/Parts/Engine/LiquidEngineRK-7/LiquidEngineRK-7'
[LOG 11:37:45.882] PartLoader: Part 'SquadExpansion/MakingHistory/Parts/Engine/LiquidEngineRK-7/LiquidEngineRK-7' has no database record. Creating.
[LOG 11:37:45.882] [DragCubeSystem]: Drag cubes not found or cannot be read for part Part. Generating New drag cubes.
[LOG 11:37:45.882] [KSPCF/DragCubeGeneration] Creating drag cubes for part 'LiquidEngineRK-7'
[LOG 11:37:45.917] PartLoader: Compiling Part 'SquadExpansion/MakingHistory/Parts/Engine/LiquidEngineRV-1/LiquidEngineRV-1'
[LOG 11:37:45.921] PartLoader: Part 'SquadExpansion/MakingHistory/Parts/Engine/LiquidEngineRV-1/LiquidEngineRV-1' has no database record. Creating.
[LOG 11:37:45.921] [DragCubeSystem]: Drag cubes not found or cannot be read for part Part. Generating New drag cubes.
[LOG 11:37:45.921] [KSPCF/DragCubeGeneration] Creating drag cubes for part 'LiquidEngineRV-1'
[LOG 11:37:45.926] PartLoader: Compiling Part 'SquadExpansion/MakingHistory/Parts/Engine/solidBoosterTHK/solidBoosterTHK/Pollux'
[LOG 11:37:45.929] PartLoader: Part 'SquadExpansion/MakingHistory/Parts/Engine/solidBoosterTHK/solidBoosterTHK/Pollux' has no database record. Creating.
[LOG 11:37:45.929] [DragCubeSystem]: Drag cubes not found or cannot be read for part Part. Generating New drag cubes.
[LOG 11:37:45.929] [KSPCF/DragCubeGeneration] Creating drag cubes for part 'Pollux'
[LOG 11:37:45.935] PartLoader: Compiling Part 'SquadExpansion/MakingHistory/Parts/FuelTank/MonoPropMini/monopropMiniSphere'
[LOG 11:37:45.936] PartLoader: Part 'SquadExpansion/MakingHistory/Parts/FuelTank/MonoPropMini/monopropMiniSphere' has no database record. Creating.
[LOG 11:37:45.936] [DragCubeSystem]: Drag cubes not found or cannot be read for part Part. Generating New drag cubes.
[LOG 11:37:45.936] [KSPCF/DragCubeGeneration] Creating drag cubes for part 'monopropMiniSphere'
[LOG 11:37:45.941] PartLoader: Compiling Part 'SquadExpansion/MakingHistory/Parts/FuelTank/Size1p5_Monoprop/Size1p5_Monoprop'
[LOG 11:37:45.943] PartLoader: Part 'SquadExpansion/MakingHistory/Parts/FuelTank/Size1p5_Monoprop/Size1p5_Monoprop' has no database record. Creating.
[LOG 11:37:45.943] [DragCubeSystem]: Drag cubes not found or cannot be read for part Part. Generating New drag cubes.
[LOG 11:37:45.943] [KSPCF/DragCubeGeneration] Creating drag cubes for part 'Size1p5.Monoprop'
[LOG 11:37:45.949] PartLoader: Compiling Part 'SquadExpansion/MakingHistory/Parts/FuelTank/Size1p5_Size0_Adapter_01/Size1p5_Size0_Adapter_01'
[LOG 11:37:45.951] PartLoader: Part 'SquadExpansion/MakingHistory/Parts/FuelTank/Size1p5_Size0_Adapter_01/Size1p5_Size0_Adapter_01' has no database record. Creating.
[LOG 11:37:45.951] [DragCubeSystem]: Drag cubes not found or cannot be read for part Part. Generating New drag cubes.
[LOG 11:37:45.951] [KSPCF/DragCubeGeneration] Creating drag cubes for part 'Size1p5.Size0.Adapter.01'
[LOG 11:37:45.956] PartLoader: Compiling Part 'SquadExpansion/MakingHistory/Parts/FuelTank/Size1p5_Size1_Adapter_01/Size1p5_Size1_Adapter_01'
[LOG 11:37:45.957] PartLoader: Part 'SquadExpansion/MakingHistory/Parts/FuelTank/Size1p5_Size1_Adapter_01/Size1p5_Size1_Adapter_01' has no database record. Creating.
[LOG 11:37:45.958] [DragCubeSystem]: Drag cubes not found or cannot be read for part Part. Generating New drag cubes.
[LOG 11:37:45.958] [KSPCF/DragCubeGeneration] Creating drag cubes for part 'Size1p5.Size1.Adapter.01'
[LOG 11:37:45.963] PartLoader: Compiling Part 'SquadExpansion/MakingHistory/Parts/FuelTank/Size1p5_Size1_Adapter_02/Size1p5_Size1_Adapter_02'
[LOG 11:37:45.964] PartLoader: Part 'SquadExpansion/MakingHistory/Parts/FuelTank/Size1p5_Size1_Adapter_02/Size1p5_Size1_Adapter_02' has no database record. Creating.
[LOG 11:37:45.964] [DragCubeSystem]: Drag cubes not found or cannot be read for part Part. Generating New drag cubes.
[LOG 11:37:45.964] [KSPCF/DragCubeGeneration] Creating drag cubes for part 'Size1p5.Size1.Adapter.02'
[LOG 11:37:45.969] PartLoader: Compiling Part 'SquadExpansion/MakingHistory/Parts/FuelTank/Size1p5_Size2_Adapter_01/Size1p5_Size2_Adapter_01'
[LOG 11:37:45.971] PartLoader: Part 'SquadExpansion/MakingHistory/Parts/FuelTank/Size1p5_Size2_Adapter_01/Size1p5_Size2_Adapter_01' has no database record. Creating.
[LOG 11:37:45.971] [DragCubeSystem]: Drag cubes not found or cannot be read for part Part. Generating New drag cubes.
[LOG 11:37:45.971] [KSPCF/DragCubeGeneration] Creating drag cubes for part 'Size1p5.Size2.Adapter.01'
[LOG 11:37:45.975] PartLoader: Compiling Part 'SquadExpansion/MakingHistory/Parts/FuelTank/Size1p5_Tank_01/Size1p5_Tank_01'
[LOG 11:37:45.977] PartLoader: Part 'SquadExpansion/MakingHistory/Parts/FuelTank/Size1p5_Tank_01/Size1p5_Tank_01' has no database record. Creating.
[LOG 11:37:45.977] [DragCubeSystem]: Drag cubes not found or cannot be read for part Part. Generating New drag cubes.
[LOG 11:37:45.977] [KSPCF/DragCubeGeneration] Creating drag cubes for part 'Size1p5.Tank.01'
[LOG 11:37:45.983] PartLoader: Compiling Part 'SquadExpansion/MakingHistory/Parts/FuelTank/Size1p5_Tank_02/Size1p5_Tank_02'
[LOG 11:37:45.985] PartLoader: Part 'SquadExpansion/MakingHistory/Parts/FuelTank/Size1p5_Tank_02/Size1p5_Tank_02' has no database record. Creating.
[LOG 11:37:45.985] [DragCubeSystem]: Drag cubes not found or cannot be read for part Part. Generating New drag cubes.
[LOG 11:37:45.985] [KSPCF/DragCubeGeneration] Creating drag cubes for part 'Size1p5.Tank.02'
[LOG 11:37:45.989] PartLoader: Compiling Part 'SquadExpansion/MakingHistory/Parts/FuelTank/Size1p5_Tank_03/Size1p5_Tank_03'
[LOG 11:37:45.991] PartLoader: Part 'SquadExpansion/MakingHistory/Parts/FuelTank/Size1p5_Tank_03/Size1p5_Tank_03' has no database record. Creating.
[LOG 11:37:45.991] [DragCubeSystem]: Drag cubes not found or cannot be read for part Part. Generating New drag cubes.
[LOG 11:37:45.991] [KSPCF/DragCubeGeneration] Creating drag cubes for part 'Size1p5.Tank.03'
[LOG 11:37:45.995] PartLoader: Compiling Part 'SquadExpansion/MakingHistory/Parts/FuelTank/Size1p5_Tank_04/Size1p5_Tank_04'
[LOG 11:37:45.997] PartLoader: Part 'SquadExpansion/MakingHistory/Parts/FuelTank/Size1p5_Tank_04/Size1p5_Tank_04' has no database record. Creating.
[LOG 11:37:45.997] [DragCubeSystem]: Drag cubes not found or cannot be read for part Part. Generating New drag cubes.
[LOG 11:37:45.997] [KSPCF/DragCubeGeneration] Creating drag cubes for part 'Size1p5.Tank.04'
[LOG 11:37:46.002] PartLoader: Compiling Part 'SquadExpansion/MakingHistory/Parts/FuelTank/Size1p5_Tank_05/Size1p5_Tank_05'
[LOG 11:37:46.005] PartLoader: Part 'SquadExpansion/MakingHistory/Parts/FuelTank/Size1p5_Tank_05/Size1p5_Tank_05' has no database record. Creating.
[LOG 11:37:46.005] [DragCubeSystem]: Drag cubes not found or cannot be read for part Part. Generating New drag cubes.
[LOG 11:37:46.005] [KSPCF/DragCubeGeneration] Creating drag cubes for part 'Size1p5.Tank.05'
[LOG 11:37:46.010] PartLoader: Compiling Part 'SquadExpansion/MakingHistory/Parts/FuelTank/Size3_Size4_Adapter_01/Size3_Size4_Adapter_01'
[LOG 11:37:46.011] PartLoader: Part 'SquadExpansion/MakingHistory/Parts/FuelTank/Size3_Size4_Adapter_01/Size3_Size4_Adapter_01' has no database record. Creating.
[LOG 11:37:46.011] [DragCubeSystem]: Drag cubes not found or cannot be read for part Part. Generating New drag cubes.
[LOG 11:37:46.011] [KSPCF/DragCubeGeneration] Creating drag cubes for part 'Size3.Size4.Adapter.01'
[LOG 11:37:46.017] PartLoader: Compiling Part 'SquadExpansion/MakingHistory/Parts/FuelTank/Size4_EngineAdapter_01/Size4_EngineAdapter_01'
[LOG 11:37:46.018] PartLoader: Part 'SquadExpansion/MakingHistory/Parts/FuelTank/Size4_EngineAdapter_01/Size4_EngineAdapter_01' has no database record. Creating.
[LOG 11:37:46.018] [DragCubeSystem]: Drag cubes not found or cannot be read for part Part. Generating New drag cubes.
[LOG 11:37:46.019] [KSPCF/DragCubeGeneration] Creating drag cubes for part 'Size4.EngineAdapter.01'
[LOG 11:37:46.024] PartLoader: Compiling Part 'SquadExpansion/MakingHistory/Parts/FuelTank/Size4_Tank_01/Size4_Tank_01'
[LOG 11:37:46.025] PartLoader: Part 'SquadExpansion/MakingHistory/Parts/FuelTank/Size4_Tank_01/Size4_Tank_01' has no database record. Creating.
[LOG 11:37:46.025] [DragCubeSystem]: Drag cubes not found or cannot be read for part Part. Generating New drag cubes.
[LOG 11:37:46.025] [KSPCF/DragCubeGeneration] Creating drag cubes for part 'Size4.Tank.01'
[LOG 11:37:46.030] PartLoader: Compiling Part 'SquadExpansion/MakingHistory/Parts/FuelTank/Size4_Tank_02/Size4_Tank_02'
[LOG 11:37:46.031] PartLoader: Part 'SquadExpansion/MakingHistory/Parts/FuelTank/Size4_Tank_02/Size4_Tank_02' has no database record. Creating.
[LOG 11:37:46.031] [DragCubeSystem]: Drag cubes not found or cannot be read for part Part. Generating New drag cubes.
[LOG 11:37:46.031] [KSPCF/DragCubeGeneration] Creating drag cubes for part 'Size4.Tank.02'
[LOG 11:37:46.035] PartLoader: Compiling Part 'SquadExpansion/MakingHistory/Parts/FuelTank/Size4_Tank_03/Size4_Tank_03'
[LOG 11:37:46.037] PartLoader: Part 'SquadExpansion/MakingHistory/Parts/FuelTank/Size4_Tank_03/Size4_Tank_03' has no database record. Creating.
[LOG 11:37:46.037] [DragCubeSystem]: Drag cubes not found or cannot be read for part Part. Generating New drag cubes.
[LOG 11:37:46.037] [KSPCF/DragCubeGeneration] Creating drag cubes for part 'Size4.Tank.03'
[LOG 11:37:46.042] PartLoader: Compiling Part 'SquadExpansion/MakingHistory/Parts/FuelTank/Size4_Tank_04/Size4_Tank_04'
[LOG 11:37:46.042] PartLoader: Part 'SquadExpansion/MakingHistory/Parts/FuelTank/Size4_Tank_04/Size4_Tank_04' has no database record. Creating.
[LOG 11:37:46.042] [DragCubeSystem]: Drag cubes not found or cannot be read for part Part. Generating New drag cubes.
[LOG 11:37:46.043] [KSPCF/DragCubeGeneration] Creating drag cubes for part 'Size4.Tank.04'
[LOG 11:37:46.047] PartLoader: Compiling Part 'SquadExpansion/MakingHistory/Parts/Ground/RoverWheel/roverWheelM1-F'
[LOG 11:37:46.053] PartLoader: Part 'SquadExpansion/MakingHistory/Parts/Ground/RoverWheel/roverWheelM1-F' has no database record. Creating.
[LOG 11:37:46.053] [DragCubeSystem]: Drag cubes not found or cannot be read for part Part. Generating New drag cubes.
[LOG 11:37:46.054] [KSPCF/DragCubeGeneration] Creating drag cubes for part 'roverWheelM1-F'
[LOG 11:37:46.070] PartLoader: Compiling Part 'SquadExpansion/MakingHistory/Parts/Payload/fairingSize1p5/fairingSize1p5'
[LOG 11:37:46.075] PartLoader: Part 'SquadExpansion/MakingHistory/Parts/Payload/fairingSize1p5/fairingSize1p5' has no database record. Creating.
[LOG 11:37:46.075] [DragCubeSystem]: Drag cubes not found or cannot be read for part Part. Generating New drag cubes.
[LOG 11:37:46.075] [KSPCF/DragCubeGeneration] Creating drag cubes for part 'fairingSize1p5'
[LOG 11:37:46.080] PartLoader: Compiling Part 'SquadExpansion/MakingHistory/Parts/Payload/fairingSize4/fairingSize4'
[LOG 11:37:46.087] PartLoader: Part 'SquadExpansion/MakingHistory/Parts/Payload/fairingSize4/fairingSize4' has no database record. Creating.
[LOG 11:37:46.087] [DragCubeSystem]: Drag cubes not found or cannot be read for part Part. Generating New drag cubes.
[LOG 11:37:46.087] [KSPCF/DragCubeGeneration] Creating drag cubes for part 'fairingSize4'
[LOG 11:37:46.091] PartLoader: Compiling Part 'SquadExpansion/MakingHistory/Parts/Payload/Size1to0ServiceModule/Size1to0ServiceModule'
[LOG 11:37:46.099] PartLoader: Part 'SquadExpansion/MakingHistory/Parts/Payload/Size1to0ServiceModule/Size1to0ServiceModule' has no database record. Creating.
[LOG 11:37:46.099] [DragCubeSystem]: Drag cubes not found or cannot be read for part Part. Generating New drag cubes.
[LOG 11:37:46.099] [KSPCF/DragCubeGeneration] Part 'Size1to0ServiceModule' has defined a procedural drag cube setup
[LOG 11:37:46.100] PartLoader: Compiling Part 'SquadExpansion/MakingHistory/Parts/Payload/SM18/ServiceModule18'
[LOG 11:37:46.104] PartLoader: Part 'SquadExpansion/MakingHistory/Parts/Payload/SM18/ServiceModule18' has no database record. Creating.
[LOG 11:37:46.104] [DragCubeSystem]: Drag cubes not found or cannot be read for part Part. Generating New drag cubes.
[LOG 11:37:46.104] [KSPCF/DragCubeGeneration] Part 'ServiceModule18' has defined a procedural drag cube setup
[LOG 11:37:46.105] PartLoader: Compiling Part 'SquadExpansion/MakingHistory/Parts/Payload/SM25/ServiceModule25'
[LOG 11:37:46.109] PartLoader: Part 'SquadExpansion/MakingHistory/Parts/Payload/SM25/ServiceModule25' has no database record. Creating.
[LOG 11:37:46.109] [DragCubeSystem]: Drag cubes not found or cannot be read for part Part. Generating New drag cubes.
[LOG 11:37:46.109] [KSPCF/DragCubeGeneration] Part 'ServiceModule25' has defined a procedural drag cube setup
[LOG 11:37:46.109] PartLoader: Compiling Part 'SquadExpansion/MakingHistory/Parts/Pods/KV1Pod/kv1Pod'
[WRN 11:37:46.112] [Part]: Cannot have ModuleCargoPart and ModuleInventoryPart on same Part [kv1Pod'. Removed ModuleCargoPart
[LOG 11:37:46.114] PartLoader: Part 'SquadExpansion/MakingHistory/Parts/Pods/KV1Pod/kv1Pod' has no database record. Creating.
[LOG 11:37:46.115] PartLoader: Compiling Part 'SquadExpansion/MakingHistory/Parts/Pods/KV2Pod/kv2Pod'
[WRN 11:37:46.117] [Part]: Cannot have ModuleCargoPart and ModuleInventoryPart on same Part [kv2Pod'. Removed ModuleCargoPart
[LOG 11:37:46.120] PartLoader: Part 'SquadExpansion/MakingHistory/Parts/Pods/KV2Pod/kv2Pod' has no database record. Creating.
[LOG 11:37:46.121] PartLoader: Compiling Part 'SquadExpansion/MakingHistory/Parts/Pods/KV3Pod/kv3Pod'
[WRN 11:37:46.123] [Part]: Cannot have ModuleCargoPart and ModuleInventoryPart on same Part [kv3Pod'. Removed ModuleCargoPart
[LOG 11:37:46.126] PartLoader: Part 'SquadExpansion/MakingHistory/Parts/Pods/KV3Pod/kv3Pod' has no database record. Creating.
[LOG 11:37:46.127] PartLoader: Compiling Part 'SquadExpansion/MakingHistory/Parts/Pods/Mk2Pod/Mk2Pod'
[WRN 11:37:46.130] [Part]: Cannot have ModuleCargoPart and ModuleInventoryPart on same Part [Mk2Pod'. Removed ModuleCargoPart
[LOG 11:37:46.135] PartLoader: Part 'SquadExpansion/MakingHistory/Parts/Pods/Mk2Pod/Mk2Pod' has no database record. Creating.
[LOG 11:37:46.135] [DragCubeSystem]: Drag cubes not found or cannot be read for part Part. Generating New drag cubes.
[LOG 11:37:46.135] [KSPCF/DragCubeGeneration] Creating drag cubes for part 'Mk2Pod'
[LOG 11:37:46.142] PartLoader: Compiling Part 'SquadExpansion/MakingHistory/Parts/Pods/Size1_5_Lander/MEMLander'
[WRN 11:37:46.145] [Part]: Cannot add ModuleCargoPart as this Part 'MEMLander' already has a ModuleInventoryPart PartModule and they are mutually exclusive.
[LOG 11:37:46.148] PartLoader: Part 'SquadExpansion/MakingHistory/Parts/Pods/Size1_5_Lander/MEMLander' has no database record. Creating.
[LOG 11:37:46.148] [DragCubeSystem]: Drag cubes not found or cannot be read for part Part. Generating New drag cubes.
[LOG 11:37:46.148] [KSPCF/DragCubeGeneration] Creating drag cubes for part 'MEMLander'
[LOG 11:37:46.154] PartLoader: Compiling Part 'SquadExpansion/MakingHistory/Parts/Prebuilt/kerbalEVAfemaleVintage/kerbalEVAfemaleVintage'
[LOG 11:37:46.158] PartLoader: Compiling Part 'SquadExpansion/MakingHistory/Parts/Prebuilt/kerbalEVAVintage/kerbalEVAVintage'
[LOG 11:37:46.162] PartLoader: Compiling Part 'SquadExpansion/MakingHistory/Parts/Structural/EquiTriangle0/EquiTriangle0'
[LOG 11:37:46.165] PartLoader: Part 'SquadExpansion/MakingHistory/Parts/Structural/EquiTriangle0/EquiTriangle0' has no database record. Creating.
[LOG 11:37:46.165] [DragCubeSystem]: Drag cubes not found or cannot be read for part Part. Generating New drag cubes.
[LOG 11:37:46.165] [KSPCF/DragCubeGeneration] Creating drag cubes for part 'EquiTriangle0'
[LOG 11:37:46.171] PartLoader: Compiling Part 'SquadExpansion/MakingHistory/Parts/Structural/EquiTriangle1/EquiTriangle1'
[LOG 11:37:46.173] PartLoader: Part 'SquadExpansion/MakingHistory/Parts/Structural/EquiTriangle1/EquiTriangle1' has no database record. Creating.
[LOG 11:37:46.173] [DragCubeSystem]: Drag cubes not found or cannot be read for part Part. Generating New drag cubes.
[LOG 11:37:46.173] [KSPCF/DragCubeGeneration] Creating drag cubes for part 'EquiTriangle1'
[LOG 11:37:46.177] PartLoader: Compiling Part 'SquadExpansion/MakingHistory/Parts/Structural/EquiTriangle1p5/EquiTriangle1p5'
[LOG 11:37:46.179] PartLoader: Part 'SquadExpansion/MakingHistory/Parts/Structural/EquiTriangle1p5/EquiTriangle1p5' has no database record. Creating.
[LOG 11:37:46.179] [DragCubeSystem]: Drag cubes not found or cannot be read for part Part. Generating New drag cubes.
[LOG 11:37:46.179] [KSPCF/DragCubeGeneration] Creating drag cubes for part 'EquiTriangle1p5'
[LOG 11:37:46.184] PartLoader: Compiling Part 'SquadExpansion/MakingHistory/Parts/Structural/EquiTriangle2/EquiTriangle2'
[LOG 11:37:46.186] PartLoader: Part 'SquadExpansion/MakingHistory/Parts/Structural/EquiTriangle2/EquiTriangle2' has no database record. Creating.
[LOG 11:37:46.186] [DragCubeSystem]: Drag cubes not found or cannot be read for part Part. Generating New drag cubes.
[LOG 11:37:46.186] [KSPCF/DragCubeGeneration] Creating drag cubes for part 'EquiTriangle2'
[LOG 11:37:46.190] PartLoader: Compiling Part 'SquadExpansion/MakingHistory/Parts/Structural/Panel0/Panel0'
[LOG 11:37:46.192] PartLoader: Part 'SquadExpansion/MakingHistory/Parts/Structural/Panel0/Panel0' has no database record. Creating.
[LOG 11:37:46.192] [DragCubeSystem]: Drag cubes not found or cannot be read for part Part. Generating New drag cubes.
[LOG 11:37:46.192] [KSPCF/DragCubeGeneration] Creating drag cubes for part 'Panel0'
[LOG 11:37:46.196] PartLoader: Compiling Part 'SquadExpansion/MakingHistory/Parts/Structural/Panel1/Panel1'
[LOG 11:37:46.197] PartLoader: Part 'SquadExpansion/MakingHistory/Parts/Structural/Panel1/Panel1' has no database record. Creating.
[LOG 11:37:46.197] [DragCubeSystem]: Drag cubes not found or cannot be read for part Part. Generating New drag cubes.
[LOG 11:37:46.197] [KSPCF/DragCubeGeneration] Creating drag cubes for part 'Panel1'
[LOG 11:37:46.202] PartLoader: Compiling Part 'SquadExpansion/MakingHistory/Parts/Structural/Panel1p5/Panel1p5'
[LOG 11:37:46.205] PartLoader: Part 'SquadExpansion/MakingHistory/Parts/Structural/Panel1p5/Panel1p5' has no database record. Creating.
[LOG 11:37:46.205] [DragCubeSystem]: Drag cubes not found or cannot be read for part Part. Generating New drag cubes.
[LOG 11:37:46.205] [KSPCF/DragCubeGeneration] Creating drag cubes for part 'Panel1p5'
[LOG 11:37:46.210] PartLoader: Compiling Part 'SquadExpansion/MakingHistory/Parts/Structural/Panel2/Panel2'
[LOG 11:37:46.212] PartLoader: Part 'SquadExpansion/MakingHistory/Parts/Structural/Panel2/Panel2' has no database record. Creating.
[LOG 11:37:46.212] [DragCubeSystem]: Drag cubes not found or cannot be read for part Part. Generating New drag cubes.
[LOG 11:37:46.212] [KSPCF/DragCubeGeneration] Creating drag cubes for part 'Panel2'
[LOG 11:37:46.216] PartLoader: Compiling Part 'SquadExpansion/MakingHistory/Parts/Structural/Triangle0/Triangle0'
[LOG 11:37:46.218] PartLoader: Part 'SquadExpansion/MakingHistory/Parts/Structural/Triangle0/Triangle0' has no database record. Creating.
[LOG 11:37:46.218] [DragCubeSystem]: Drag cubes not found or cannot be read for part Part. Generating New drag cubes.
[LOG 11:37:46.218] [KSPCF/DragCubeGeneration] Creating drag cubes for part 'Triangle0'
[LOG 11:37:46.222] PartLoader: Compiling Part 'SquadExpansion/MakingHistory/Parts/Structural/Triangle1/Triangle1'
[LOG 11:37:46.224] PartLoader: Part 'SquadExpansion/MakingHistory/Parts/Structural/Triangle1/Triangle1' has no database record. Creating.
[LOG 11:37:46.224] [DragCubeSystem]: Drag cubes not found or cannot be read for part Part. Generating New drag cubes.
[LOG 11:37:46.224] [KSPCF/DragCubeGeneration] Creating drag cubes for part 'Triangle1'
[LOG 11:37:46.229] PartLoader: Compiling Part 'SquadExpansion/MakingHistory/Parts/Structural/Triangle1p5/Triangle1p5'
[LOG 11:37:46.230] PartLoader: Part 'SquadExpansion/MakingHistory/Parts/Structural/Triangle1p5/Triangle1p5' has no database record. Creating.
[LOG 11:37:46.230] [DragCubeSystem]: Drag cubes not found or cannot be read for part Part. Generating New drag cubes.
[LOG 11:37:46.230] [KSPCF/DragCubeGeneration] Creating drag cubes for part 'Triangle1p5'
[LOG 11:37:46.234] PartLoader: Compiling Part 'SquadExpansion/MakingHistory/Parts/Structural/Triangle2/Triangle2'
[LOG 11:37:46.236] PartLoader: Part 'SquadExpansion/MakingHistory/Parts/Structural/Triangle2/Triangle2' has no database record. Creating.
[LOG 11:37:46.237] [DragCubeSystem]: Drag cubes not found or cannot be read for part Part. Generating New drag cubes.
[LOG 11:37:46.237] [KSPCF/DragCubeGeneration] Creating drag cubes for part 'Triangle2'
[LOG 11:37:46.242] PartLoader: Compiling Part 'SquadExpansion/MakingHistory/Parts/Structural/Tube1/Tube1'
[LOG 11:37:46.245] PartLoader: Part 'SquadExpansion/MakingHistory/Parts/Structural/Tube1/Tube1' has no database record. Creating.
[LOG 11:37:46.245] PartLoader: Compiling Part 'SquadExpansion/MakingHistory/Parts/Structural/Tube1p5/Tube1p5'
[LOG 11:37:46.249] PartLoader: Part 'SquadExpansion/MakingHistory/Parts/Structural/Tube1p5/Tube1p5' has no database record. Creating.
[LOG 11:37:46.249] PartLoader: Compiling Part 'SquadExpansion/MakingHistory/Parts/Structural/Tube2/Tube2'
[LOG 11:37:46.253] PartLoader: Part 'SquadExpansion/MakingHistory/Parts/Structural/Tube2/Tube2' has no database record. Creating.
[LOG 11:37:46.253] PartLoader: Compiling Part 'SquadExpansion/MakingHistory/Parts/Structural/Tube3/Tube3'
[LOG 11:37:46.256] PartLoader: Part 'SquadExpansion/MakingHistory/Parts/Structural/Tube3/Tube3' has no database record. Creating.
[LOG 11:37:46.256] PartLoader: Compiling Part 'SquadExpansion/MakingHistory/Parts/Structural/Tube4/Tube4'
[LOG 11:37:46.259] PartLoader: Part 'SquadExpansion/MakingHistory/Parts/Structural/Tube4/Tube4' has no database record. Creating.
[LOG 11:37:46.259] PartLoader: Compiling Part 'SquadExpansion/MakingHistory/Parts/Thermal/HeatShield1p5/HeatShield1p5'
[LOG 11:37:46.262] PartLoader: Part 'SquadExpansion/MakingHistory/Parts/Thermal/HeatShield1p5/HeatShield1p5' has no database record. Creating.
[LOG 11:37:46.262] [DragCubeSystem]: Drag cubes not found or cannot be read for part Part. Generating New drag cubes.
[LOG 11:37:46.262] [KSPCF/DragCubeGeneration] Creating drag cubes for part 'HeatShield1p5'
[LOG 11:37:46.278] PartLoader: Compiling Part 'SquadExpansion/MakingHistory/Parts/Utility/flags/flagSize1p5/flagSize1p5/flagPartSize1p5'
[LOG 11:37:46.281] PartLoader: Part 'SquadExpansion/MakingHistory/Parts/Utility/flags/flagSize1p5/flagSize1p5/flagPartSize1p5' has no database record. Creating.
[LOG 11:37:46.281] [DragCubeSystem]: Drag cubes not found or cannot be read for part Part. Generating New drag cubes.
[LOG 11:37:46.281] [KSPCF/DragCubeGeneration] Creating drag cubes for part 'flagPartSize1p5'
[LOG 11:37:46.285] PartLoader: Compiling Part 'SquadExpansion/MakingHistory/Parts/Utility/flags/flagSize4/flagSize4/flagPartSize4'
[LOG 11:37:46.288] PartLoader: Part 'SquadExpansion/MakingHistory/Parts/Utility/flags/flagSize4/flagSize4/flagPartSize4' has no database record. Creating.
[LOG 11:37:46.288] [DragCubeSystem]: Drag cubes not found or cannot be read for part Part. Generating New drag cubes.
[LOG 11:37:46.288] [KSPCF/DragCubeGeneration] Creating drag cubes for part 'flagPartSize4'
[LOG 11:37:46.293] PartLoader: Compiling Part 'SquadExpansion/Serenity/Parts/Aero/FanShroud_01/FanShroud_01'
[LOG 11:37:46.294] PartLoader: Part 'SquadExpansion/Serenity/Parts/Aero/FanShroud_01/FanShroud_01' has no database record. Creating.
[LOG 11:37:46.294] [DragCubeSystem]: Drag cubes not found or cannot be read for part Part. Generating New drag cubes.
[LOG 11:37:46.294] [KSPCF/DragCubeGeneration] Creating drag cubes for part 'FanShroud.01'
[LOG 11:37:46.299] PartLoader: Compiling Part 'SquadExpansion/Serenity/Parts/Aero/FanShroud_02/FanShroud_02'
[LOG 11:37:46.301] PartLoader: Part 'SquadExpansion/Serenity/Parts/Aero/FanShroud_02/FanShroud_02' has no database record. Creating.
[LOG 11:37:46.301] [DragCubeSystem]: Drag cubes not found or cannot be read for part Part. Generating New drag cubes.
[LOG 11:37:46.301] [KSPCF/DragCubeGeneration] Creating drag cubes for part 'FanShroud.02'
[LOG 11:37:46.306] PartLoader: Compiling Part 'SquadExpansion/Serenity/Parts/Aero/FanShroud_03/FanShroud_03'
[LOG 11:37:46.309] PartLoader: Part 'SquadExpansion/Serenity/Parts/Aero/FanShroud_03/FanShroud_03' has no database record. Creating.
[LOG 11:37:46.309] [DragCubeSystem]: Drag cubes not found or cannot be read for part Part. Generating New drag cubes.
[LOG 11:37:46.309] [KSPCF/DragCubeGeneration] Creating drag cubes for part 'FanShroud.03'
[LOG 11:37:46.312] PartLoader: Compiling Part 'SquadExpansion/Serenity/Parts/Aero/noseconeTiny/noseconeTiny'
[LOG 11:37:46.314] PartLoader: Part 'SquadExpansion/Serenity/Parts/Aero/noseconeTiny/noseconeTiny' has no database record. Creating.
[LOG 11:37:46.314] [DragCubeSystem]: Drag cubes not found or cannot be read for part Part. Generating New drag cubes.
[LOG 11:37:46.314] [KSPCF/DragCubeGeneration] Creating drag cubes for part 'noseconeTiny'
[LOG 11:37:46.318] PartLoader: Compiling Part 'SquadExpansion/Serenity/Parts/Aero/noseconeVS/noseconeVS'
[LOG 11:37:46.319] PartLoader: Part 'SquadExpansion/Serenity/Parts/Aero/noseconeVS/noseconeVS' has no database record. Creating.
[LOG 11:37:46.319] [DragCubeSystem]: Drag cubes not found or cannot be read for part Part. Generating New drag cubes.
[LOG 11:37:46.319] [KSPCF/DragCubeGeneration] Creating drag cubes for part 'noseconeVS'
[LOG 11:37:46.325] PartLoader: Compiling Part 'SquadExpansion/Serenity/Parts/DeployedScience/centralStation/DeployedCentralStation'
[LOG 11:37:46.331] PartLoader: Part 'SquadExpansion/Serenity/Parts/DeployedScience/centralStation/DeployedCentralStation' has no database record. Creating.
[LOG 11:37:46.331] [DragCubeSystem]: Drag cubes not found or cannot be read for part Part. Generating New drag cubes.
[LOG 11:37:46.331] [KSPCF/DragCubeGeneration] Creating drag cubes for part 'DeployedCentralStation'
[LOG 11:37:46.361] PartLoader: Compiling Part 'SquadExpansion/Serenity/Parts/DeployedScience/gooObservation/DeployedGoExOb'
[LOG 11:37:46.372] PartLoader: Part 'SquadExpansion/Serenity/Parts/DeployedScience/gooObservation/DeployedGoExOb' has no database record. Creating.
[LOG 11:37:46.372] [DragCubeSystem]: Drag cubes not found or cannot be read for part Part. Generating New drag cubes.
[LOG 11:37:46.372] [KSPCF/DragCubeGeneration] Creating drag cubes for part 'DeployedGoExOb'
[LOG 11:37:46.406] PartLoader: Compiling Part 'SquadExpansion/Serenity/Parts/DeployedScience/ionCollector/DeployedIONExp'
[LOG 11:37:46.411] PartLoader: Part 'SquadExpansion/Serenity/Parts/DeployedScience/ionCollector/DeployedIONExp' has no database record. Creating.
[LOG 11:37:46.411] [DragCubeSystem]: Drag cubes not found or cannot be read for part Part. Generating New drag cubes.
[LOG 11:37:46.411] [KSPCF/DragCubeGeneration] Creating drag cubes for part 'DeployedIONExp'
[LOG 11:37:46.428] PartLoader: Compiling Part 'SquadExpansion/Serenity/Parts/DeployedScience/rtg/DeployedRTG'
[LOG 11:37:46.434] PartLoader: Part 'SquadExpansion/Serenity/Parts/DeployedScience/rtg/DeployedRTG' has no database record. Creating.
[LOG 11:37:46.434] [DragCubeSystem]: Drag cubes not found or cannot be read for part Part. Generating New drag cubes.
[LOG 11:37:46.434] [KSPCF/DragCubeGeneration] Creating drag cubes for part 'DeployedRTG'
[LOG 11:37:46.454] PartLoader: Compiling Part 'SquadExpansion/Serenity/Parts/DeployedScience/satDish/DeployedSatDish'
[LOG 11:37:46.462] PartLoader: Part 'SquadExpansion/Serenity/Parts/DeployedScience/satDish/DeployedSatDish' has no database record. Creating.
[LOG 11:37:46.462] [DragCubeSystem]: Drag cubes not found or cannot be read for part Part. Generating New drag cubes.
[LOG 11:37:46.462] [KSPCF/DragCubeGeneration] Creating drag cubes for part 'DeployedSatDish'
[LOG 11:37:46.481] PartLoader: Compiling Part 'SquadExpansion/Serenity/Parts/DeployedScience/seismicSensor/DeployedSeismicSensor'
[LOG 11:37:46.484] PartLoader: Part 'SquadExpansion/Serenity/Parts/DeployedScience/seismicSensor/DeployedSeismicSensor' has no database record. Creating.
[LOG 11:37:46.484] [DragCubeSystem]: Drag cubes not found or cannot be read for part Part. Generating New drag cubes.
[LOG 11:37:46.484] [KSPCF/DragCubeGeneration] Creating drag cubes for part 'DeployedSeismicSensor'
[LOG 11:37:46.502] PartLoader: Compiling Part 'SquadExpansion/Serenity/Parts/DeployedScience/solarPanel/DeployedSolarPanel'
[LOG 11:37:46.509] PartLoader: Part 'SquadExpansion/Serenity/Parts/DeployedScience/solarPanel/DeployedSolarPanel' has no database record. Creating.
[LOG 11:37:46.510] [DragCubeSystem]: Drag cubes not found or cannot be read for part Part. Generating New drag cubes.
[LOG 11:37:46.510] [KSPCF/DragCubeGeneration] Creating drag cubes for part 'DeployedSolarPanel'
[LOG 11:37:46.529] PartLoader: Compiling Part 'SquadExpansion/Serenity/Parts/DeployedScience/weatherStation/DeployedWeatherStn'
[LOG 11:37:46.532] PartLoader: Part 'SquadExpansion/Serenity/Parts/DeployedScience/weatherStation/DeployedWeatherStn' has no database record. Creating.
[LOG 11:37:46.532] [DragCubeSystem]: Drag cubes not found or cannot be read for part Part. Generating New drag cubes.
[LOG 11:37:46.532] [KSPCF/DragCubeGeneration] Creating drag cubes for part 'DeployedWeatherStn'
[LOG 11:37:46.558] PartLoader: Compiling Part 'SquadExpansion/Serenity/Parts/Prebuilt/kerbalEVA/kerbalEVA'
[LOG 11:37:46.560] PartLoader: Compiling Part 'SquadExpansion/Serenity/Parts/Prebuilt/kerbalEVAfemale/kerbalEVAfemale'
[LOG 11:37:46.561] PartLoader: Compiling Part 'SquadExpansion/Serenity/Parts/Prebuilt/kerbalEVAfemaleFuture/kerbalEVAfemaleFuture'
[LOG 11:37:46.564] PartLoader: Compiling Part 'SquadExpansion/Serenity/Parts/Prebuilt/kerbalEVAfemaleVintage/kerbalEVAfemaleVintage'
[LOG 11:37:46.566] PartLoader: Compiling Part 'SquadExpansion/Serenity/Parts/Prebuilt/kerbalEVAFuture/kerbalEVAFuture'
[LOG 11:37:46.570] PartLoader: Compiling Part 'SquadExpansion/Serenity/Parts/Prebuilt/kerbalEVASlimSuit/kerbalEVASlimSuit'
[LOG 11:37:46.571] PartLoader: Compiling Part 'SquadExpansion/Serenity/Parts/Prebuilt/kerbalEVASlimSuitFemale/kerbalEVASlimSuitFemale'
[LOG 11:37:46.572] PartLoader: Compiling Part 'SquadExpansion/Serenity/Parts/Prebuilt/kerbalEVAVintage/kerbalEVAVintage'
[LOG 11:37:46.573] PartLoader: Compiling Part 'SquadExpansion/Serenity/Parts/Propellers/largeFanBlade/largeFanBlade'
[LOG 11:37:46.576] PartLoader: Part 'SquadExpansion/Serenity/Parts/Propellers/largeFanBlade/largeFanBlade' has no database record. Creating.
[LOG 11:37:46.576] [DragCubeSystem]: Drag cubes not found or cannot be read for part Part. Generating New drag cubes.
[LOG 11:37:46.576] [KSPCF/DragCubeGeneration] Creating drag cubes for part 'largeFanBlade'
[LOG 11:37:46.596] PartLoader: Compiling Part 'SquadExpansion/Serenity/Parts/Propellers/largeHeliBlade/largeHeliBlade'
[LOG 11:37:46.599] PartLoader: Part 'SquadExpansion/Serenity/Parts/Propellers/largeHeliBlade/largeHeliBlade' has no database record. Creating.
[LOG 11:37:46.599] [DragCubeSystem]: Drag cubes not found or cannot be read for part Part. Generating New drag cubes.
[LOG 11:37:46.599] [KSPCF/DragCubeGeneration] Creating drag cubes for part 'largeHeliBlade'
[LOG 11:37:46.619] PartLoader: Compiling Part 'SquadExpansion/Serenity/Parts/Propellers/largePropeller/largePropeller'
[LOG 11:37:46.624] PartLoader: Part 'SquadExpansion/Serenity/Parts/Propellers/largePropeller/largePropeller' has no database record. Creating.
[LOG 11:37:46.624] [DragCubeSystem]: Drag cubes not found or cannot be read for part Part. Generating New drag cubes.
[LOG 11:37:46.624] [KSPCF/DragCubeGeneration] Creating drag cubes for part 'largePropeller'
[LOG 11:37:46.643] PartLoader: Compiling Part 'SquadExpansion/Serenity/Parts/Propellers/mediumFanBlade/mediumFanBlade'
[LOG 11:37:46.647] PartLoader: Part 'SquadExpansion/Serenity/Parts/Propellers/mediumFanBlade/mediumFanBlade' has no database record. Creating.
[LOG 11:37:46.647] [DragCubeSystem]: Drag cubes not found or cannot be read for part Part. Generating New drag cubes.
[LOG 11:37:46.647] [KSPCF/DragCubeGeneration] Creating drag cubes for part 'mediumFanBlade'
[LOG 11:37:46.666] PartLoader: Compiling Part 'SquadExpansion/Serenity/Parts/Propellers/mediumHeliBlade/mediumHeliBlade'
[LOG 11:37:46.670] PartLoader: Part 'SquadExpansion/Serenity/Parts/Propellers/mediumHeliBlade/mediumHeliBlade' has no database record. Creating.
[LOG 11:37:46.670] [DragCubeSystem]: Drag cubes not found or cannot be read for part Part. Generating New drag cubes.
[LOG 11:37:46.670] [KSPCF/DragCubeGeneration] Creating drag cubes for part 'mediumHeliBlade'
[LOG 11:37:46.688] PartLoader: Compiling Part 'SquadExpansion/Serenity/Parts/Propellers/mediumPropeller/mediumPropeller'
[LOG 11:37:46.692] PartLoader: Part 'SquadExpansion/Serenity/Parts/Propellers/mediumPropeller/mediumPropeller' has no database record. Creating.
[LOG 11:37:46.692] [DragCubeSystem]: Drag cubes not found or cannot be read for part Part. Generating New drag cubes.
[LOG 11:37:46.692] [KSPCF/DragCubeGeneration] Creating drag cubes for part 'mediumPropeller'
[LOG 11:37:46.711] PartLoader: Compiling Part 'SquadExpansion/Serenity/Parts/Propellers/smallFanBlade/smallFanBlade'
[LOG 11:37:46.714] PartLoader: Part 'SquadExpansion/Serenity/Parts/Propellers/smallFanBlade/smallFanBlade' has no database record. Creating.
[LOG 11:37:46.714] [DragCubeSystem]: Drag cubes not found or cannot be read for part Part. Generating New drag cubes.
[LOG 11:37:46.714] [KSPCF/DragCubeGeneration] Creating drag cubes for part 'smallFanBlade'
[LOG 11:37:46.733] PartLoader: Compiling Part 'SquadExpansion/Serenity/Parts/Propellers/smallHeliBlade/smallHeliBlade'
[LOG 11:37:46.737] PartLoader: Part 'SquadExpansion/Serenity/Parts/Propellers/smallHeliBlade/smallHeliBlade' has no database record. Creating.
[LOG 11:37:46.737] [DragCubeSystem]: Drag cubes not found or cannot be read for part Part. Generating New drag cubes.
[LOG 11:37:46.737] [KSPCF/DragCubeGeneration] Creating drag cubes for part 'smallHeliBlade'
[LOG 11:37:46.755] PartLoader: Compiling Part 'SquadExpansion/Serenity/Parts/Propellers/smallPropeller/smallPropeller'
[LOG 11:37:46.758] PartLoader: Part 'SquadExpansion/Serenity/Parts/Propellers/smallPropeller/smallPropeller' has no database record. Creating.
[LOG 11:37:46.758] [DragCubeSystem]: Drag cubes not found or cannot be read for part Part. Generating New drag cubes.
[LOG 11:37:46.759] [KSPCF/DragCubeGeneration] Creating drag cubes for part 'smallPropeller'
[LOG 11:37:46.778] PartLoader: Compiling Part 'SquadExpansion/Serenity/Parts/Robotics/hinge_01/hinge_01'
[LOG 11:37:46.788] PartLoader: Part 'SquadExpansion/Serenity/Parts/Robotics/hinge_01/hinge_01' has no database record. Creating.
[LOG 11:37:46.788] [DragCubeSystem]: Drag cubes not found or cannot be read for part Part. Generating New drag cubes.
[LOG 11:37:46.788] [KSPCF/DragCubeGeneration] Creating drag cubes for part 'hinge.01'
[LOG 11:37:46.793] PartLoader: Compiling Part 'SquadExpansion/Serenity/Parts/Robotics/hinge_01_s/hinge_01_s'
[LOG 11:37:46.797] PartLoader: Part 'SquadExpansion/Serenity/Parts/Robotics/hinge_01_s/hinge_01_s' has no database record. Creating.
[LOG 11:37:46.797] [DragCubeSystem]: Drag cubes not found or cannot be read for part Part. Generating New drag cubes.
[LOG 11:37:46.797] [KSPCF/DragCubeGeneration] Creating drag cubes for part 'hinge.01.s'
[LOG 11:37:46.803] PartLoader: Compiling Part 'SquadExpansion/Serenity/Parts/Robotics/hinge_03/hinge_03'
[LOG 11:37:46.807] PartLoader: Part 'SquadExpansion/Serenity/Parts/Robotics/hinge_03/hinge_03' has no database record. Creating.
[LOG 11:37:46.807] PartLoader: Compiling Part 'SquadExpansion/Serenity/Parts/Robotics/hinge_03_s/hinge_03_s'
[LOG 11:37:46.811] PartLoader: Part 'SquadExpansion/Serenity/Parts/Robotics/hinge_03_s/hinge_03_s' has no database record. Creating.
[LOG 11:37:46.811] PartLoader: Compiling Part 'SquadExpansion/Serenity/Parts/Robotics/hinge_04/hinge_04'
[LOG 11:37:46.815] PartLoader: Part 'SquadExpansion/Serenity/Parts/Robotics/hinge_04/hinge_04' has no database record. Creating.
[LOG 11:37:46.815] PartLoader: Compiling Part 'SquadExpansion/Serenity/Parts/Robotics/piston_01/piston_01'
[LOG 11:37:46.823] PartLoader: Part 'SquadExpansion/Serenity/Parts/Robotics/piston_01/piston_01' has no database record. Creating.
[LOG 11:37:46.823] PartLoader: Compiling Part 'SquadExpansion/Serenity/Parts/Robotics/piston_02/piston_02'
[LOG 11:37:46.827] PartLoader: Part 'SquadExpansion/Serenity/Parts/Robotics/piston_02/piston_02' has no database record. Creating.
[LOG 11:37:46.827] PartLoader: Compiling Part 'SquadExpansion/Serenity/Parts/Robotics/piston_03/piston_03'
[LOG 11:37:46.831] PartLoader: Part 'SquadExpansion/Serenity/Parts/Robotics/piston_03/piston_03' has no database record. Creating.
[LOG 11:37:46.831] PartLoader: Compiling Part 'SquadExpansion/Serenity/Parts/Robotics/piston_04/piston_04'
[LOG 11:37:46.834] PartLoader: Part 'SquadExpansion/Serenity/Parts/Robotics/piston_04/piston_04' has no database record. Creating.
[LOG 11:37:46.835] PartLoader: Compiling Part 'SquadExpansion/Serenity/Parts/Robotics/RotorEngine_02/RotorEngine_02'
[LOG 11:37:46.843] PartLoader: Part 'SquadExpansion/Serenity/Parts/Robotics/RotorEngine_02/RotorEngine_02' has no database record. Creating.
[LOG 11:37:46.843] [DragCubeSystem]: Drag cubes not found or cannot be read for part Part. Generating New drag cubes.
[LOG 11:37:46.843] [KSPCF/DragCubeGeneration] Creating drag cubes for part 'RotorEngine.02'
[LOG 11:37:46.849] PartLoader: Compiling Part 'SquadExpansion/Serenity/Parts/Robotics/RotorEngine_03/RotorEngine_03'
[LOG 11:37:46.853] PartLoader: Part 'SquadExpansion/Serenity/Parts/Robotics/RotorEngine_03/RotorEngine_03' has no database record. Creating.
[LOG 11:37:46.853] [DragCubeSystem]: Drag cubes not found or cannot be read for part Part. Generating New drag cubes.
[LOG 11:37:46.853] [KSPCF/DragCubeGeneration] Creating drag cubes for part 'RotorEngine.03'
[LOG 11:37:46.858] PartLoader: Compiling Part 'SquadExpansion/Serenity/Parts/Robotics/rotor_01/rotor_01'
[LOG 11:37:46.862] PartLoader: Part 'SquadExpansion/Serenity/Parts/Robotics/rotor_01/rotor_01' has no database record. Creating.
[LOG 11:37:46.862] [DragCubeSystem]: Drag cubes not found or cannot be read for part Part. Generating New drag cubes.
[LOG 11:37:46.862] [KSPCF/DragCubeGeneration] Creating drag cubes for part 'rotor.01'
[LOG 11:37:46.867] PartLoader: Compiling Part 'SquadExpansion/Serenity/Parts/Robotics/rotor_01s/rotor_01s'
[LOG 11:37:46.872] PartLoader: Part 'SquadExpansion/Serenity/Parts/Robotics/rotor_01s/rotor_01s' has no database record. Creating.
[LOG 11:37:46.872] [DragCubeSystem]: Drag cubes not found or cannot be read for part Part. Generating New drag cubes.
[LOG 11:37:46.872] [KSPCF/DragCubeGeneration] Creating drag cubes for part 'rotor.01s'
[LOG 11:37:46.878] PartLoader: Compiling Part 'SquadExpansion/Serenity/Parts/Robotics/rotor_02/rotor_02'
[LOG 11:37:46.881] PartLoader: Part 'SquadExpansion/Serenity/Parts/Robotics/rotor_02/rotor_02' has no database record. Creating.
[LOG 11:37:46.881] [DragCubeSystem]: Drag cubes not found or cannot be read for part Part. Generating New drag cubes.
[LOG 11:37:46.881] [KSPCF/DragCubeGeneration] Creating drag cubes for part 'rotor.02'
[LOG 11:37:46.886] PartLoader: Compiling Part 'SquadExpansion/Serenity/Parts/Robotics/rotor_02s/rotor_02s'
[LOG 11:37:46.891] PartLoader: Part 'SquadExpansion/Serenity/Parts/Robotics/rotor_02s/rotor_02s' has no database record. Creating.
[LOG 11:37:46.891] [DragCubeSystem]: Drag cubes not found or cannot be read for part Part. Generating New drag cubes.
[LOG 11:37:46.891] [KSPCF/DragCubeGeneration] Creating drag cubes for part 'rotor.02s'
[LOG 11:37:46.895] PartLoader: Compiling Part 'SquadExpansion/Serenity/Parts/Robotics/rotor_03/rotor_03'
[LOG 11:37:46.899] PartLoader: Part 'SquadExpansion/Serenity/Parts/Robotics/rotor_03/rotor_03' has no database record. Creating.
[LOG 11:37:46.899] [DragCubeSystem]: Drag cubes not found or cannot be read for part Part. Generating New drag cubes.
[LOG 11:37:46.899] [KSPCF/DragCubeGeneration] Creating drag cubes for part 'rotor.03'
[LOG 11:37:46.904] PartLoader: Compiling Part 'SquadExpansion/Serenity/Parts/Robotics/rotor_03s/rotor_03s'
[LOG 11:37:46.908] PartLoader: Part 'SquadExpansion/Serenity/Parts/Robotics/rotor_03s/rotor_03s' has no database record. Creating.
[LOG 11:37:46.908] [DragCubeSystem]: Drag cubes not found or cannot be read for part Part. Generating New drag cubes.
[LOG 11:37:46.908] [KSPCF/DragCubeGeneration] Creating drag cubes for part 'rotor.03s'
[LOG 11:37:46.913] PartLoader: Compiling Part 'SquadExpansion/Serenity/Parts/Robotics/rotoServo_00/rotoServo_00'
[LOG 11:37:46.924] PartLoader: Part 'SquadExpansion/Serenity/Parts/Robotics/rotoServo_00/rotoServo_00' has no database record. Creating.
[LOG 11:37:46.924] [DragCubeSystem]: Drag cubes not found or cannot be read for part Part. Generating New drag cubes.
[LOG 11:37:46.924] [KSPCF/DragCubeGeneration] Creating drag cubes for part 'rotoServo.00'
[LOG 11:37:46.930] PartLoader: Compiling Part 'SquadExpansion/Serenity/Parts/Robotics/rotoServo_02/rotoServo_02'
[LOG 11:37:46.933] PartLoader: Part 'SquadExpansion/Serenity/Parts/Robotics/rotoServo_02/rotoServo_02' has no database record. Creating.
[LOG 11:37:46.933] [DragCubeSystem]: Drag cubes not found or cannot be read for part Part. Generating New drag cubes.
[LOG 11:37:46.933] [KSPCF/DragCubeGeneration] Creating drag cubes for part 'rotoServo.02'
[LOG 11:37:46.938] PartLoader: Compiling Part 'SquadExpansion/Serenity/Parts/Robotics/rotoServo_03/rotoServo_03'
[LOG 11:37:46.942] PartLoader: Part 'SquadExpansion/Serenity/Parts/Robotics/rotoServo_03/rotoServo_03' has no database record. Creating.
[LOG 11:37:46.942] [DragCubeSystem]: Drag cubes not found or cannot be read for part Part. Generating New drag cubes.
[LOG 11:37:46.942] [KSPCF/DragCubeGeneration] Creating drag cubes for part 'rotoServo.03'
[LOG 11:37:46.947] PartLoader: Compiling Part 'SquadExpansion/Serenity/Parts/Robotics/rotoServo_04/rotoServo_04'
[LOG 11:37:46.951] PartLoader: Part 'SquadExpansion/Serenity/Parts/Robotics/rotoServo_04/rotoServo_04' has no database record. Creating.
[LOG 11:37:46.951] [DragCubeSystem]: Drag cubes not found or cannot be read for part Part. Generating New drag cubes.
[LOG 11:37:46.951] [KSPCF/DragCubeGeneration] Creating drag cubes for part 'rotoServo.04'
[LOG 11:37:46.956] PartLoader: Compiling Part 'SquadExpansion/Serenity/Parts/Robotics/Controllers/KAL1000/controller1000'
[LOG 11:37:46.963] PartLoader: Part 'SquadExpansion/Serenity/Parts/Robotics/Controllers/KAL1000/controller1000' has no database record. Creating.
[LOG 11:37:46.963] [DragCubeSystem]: Drag cubes not found or cannot be read for part Part. Generating New drag cubes.
[LOG 11:37:46.963] [KSPCF/DragCubeGeneration] Creating drag cubes for part 'controller1000'
[LOG 11:37:46.969] PartLoader: Compiling Part 'SquadExpansion/Serenity/Parts/Science/RobotArmScanner/RobotArmScanner_S1/RobotArmScanner_S1'
[LOG 11:37:46.975] PartLoader: Part 'SquadExpansion/Serenity/Parts/Science/RobotArmScanner/RobotArmScanner_S1/RobotArmScanner_S1' has no database record. Creating.
[LOG 11:37:46.976] [DragCubeSystem]: Drag cubes not found or cannot be read for part Part. Generating New drag cubes.
[LOG 11:37:46.976] [KSPCF/DragCubeGeneration] Creating drag cubes for part 'RobotArmScanner.S1'
[LOG 11:37:46.997] PartLoader: Compiling Part 'SquadExpansion/Serenity/Parts/Science/RobotArmScanner/RobotArmScanner_S2/RobotArmScanner_S2'
[LOG 11:37:47.001] PartLoader: Part 'SquadExpansion/Serenity/Parts/Science/RobotArmScanner/RobotArmScanner_S2/RobotArmScanner_S2' has no database record. Creating.
[LOG 11:37:47.001] [DragCubeSystem]: Drag cubes not found or cannot be read for part Part. Generating New drag cubes.
[LOG 11:37:47.001] [KSPCF/DragCubeGeneration] Creating drag cubes for part 'RobotArmScanner.S2'
[LOG 11:37:47.022] PartLoader: Compiling Part 'SquadExpansion/Serenity/Parts/Science/RobotArmScanner/RobotArmScanner_S3/RobotArmScanner_S3'
[LOG 11:37:47.027] PartLoader: Part 'SquadExpansion/Serenity/Parts/Science/RobotArmScanner/RobotArmScanner_S3/RobotArmScanner_S3' has no database record. Creating.
[LOG 11:37:47.027] [DragCubeSystem]: Drag cubes not found or cannot be read for part Part. Generating New drag cubes.
[LOG 11:37:47.027] [KSPCF/DragCubeGeneration] Creating drag cubes for part 'RobotArmScanner.S3'
[LOG 11:37:47.048] PartLoader: Compiling Part 'SquadExpansion/Serenity/Parts/Structural/gripPads/lGripPad/lGripPad'
[LOG 11:37:47.054] PartLoader: Part 'SquadExpansion/Serenity/Parts/Structural/gripPads/lGripPad/lGripPad' has no database record. Creating.
[LOG 11:37:47.055] [DragCubeSystem]: Drag cubes not found or cannot be read for part Part. Generating New drag cubes.
[LOG 11:37:47.055] [KSPCF/DragCubeGeneration] Creating drag cubes for part 'lGripPad'
[LOG 11:37:47.068] PartLoader: Compiling Part 'SquadExpansion/Serenity/Parts/Structural/gripPads/lGripStrip/lGripStrip'
[LOG 11:37:47.070] PartLoader: Part 'SquadExpansion/Serenity/Parts/Structural/gripPads/lGripStrip/lGripStrip' has no database record. Creating.
[LOG 11:37:47.071] [DragCubeSystem]: Drag cubes not found or cannot be read for part Part. Generating New drag cubes.
[LOG 11:37:47.071] [KSPCF/DragCubeGeneration] Creating drag cubes for part 'lGripStrip'
[LOG 11:37:47.075] PartLoader: Compiling Part 'SquadExpansion/Serenity/Parts/Structural/gripPads/mGripPad/mGripPad'
[LOG 11:37:47.077] PartLoader: Part 'SquadExpansion/Serenity/Parts/Structural/gripPads/mGripPad/mGripPad' has no database record. Creating.
[LOG 11:37:47.077] [DragCubeSystem]: Drag cubes not found or cannot be read for part Part. Generating New drag cubes.
[LOG 11:37:47.077] [KSPCF/DragCubeGeneration] Creating drag cubes for part 'mGripPad'
[LOG 11:37:47.090] PartLoader: Compiling Part 'SquadExpansion/Serenity/Parts/Structural/gripPads/sGripPad/sGripPad'
[LOG 11:37:47.093] PartLoader: Part 'SquadExpansion/Serenity/Parts/Structural/gripPads/sGripPad/sGripPad' has no database record. Creating.
[LOG 11:37:47.093] [DragCubeSystem]: Drag cubes not found or cannot be read for part Part. Generating New drag cubes.
[LOG 11:37:47.093] [KSPCF/DragCubeGeneration] Creating drag cubes for part 'sGripPad'
[LOG 11:37:47.106] PartLoader: Compiling Part 'SquadExpansion/Serenity/Parts/Structural/gripPads/sGripStrip/sGripStrip'
[LOG 11:37:47.108] PartLoader: Part 'SquadExpansion/Serenity/Parts/Structural/gripPads/sGripStrip/sGripStrip' has no database record. Creating.
[LOG 11:37:47.108] [DragCubeSystem]: Drag cubes not found or cannot be read for part Part. Generating New drag cubes.
[LOG 11:37:47.108] [KSPCF/DragCubeGeneration] Creating drag cubes for part 'sGripStrip'
[LOG 11:37:47.113] PartLoader: Compiling Internal Prop 'Squad/Props/AltimeterThreeHands/prop/AltimeterThreeHands'
[LOG 11:37:47.116] PartLoader: Compiling Internal Prop 'Squad/Props/AtmosphereDepth/prop/AtmosphereDepth'
[LOG 11:37:47.116] PartLoader: Compiling Internal Prop 'Squad/Props/AxisIndicator/pitchConfig/AxisIndicatorPitch'
[LOG 11:37:47.117] PartLoader: Compiling Internal Prop 'Squad/Props/AxisIndicator/rollConfig/AxisIndicatorRoll'
[LOG 11:37:47.118] PartLoader: Compiling Internal Prop 'Squad/Props/AxisIndicator/yawConfig/AxisIndicatorYaw'
[LOG 11:37:47.119] PartLoader: Compiling Internal Prop 'Squad/Props/buttonsGeneric/circularButton/genericCircularButton'
[LOG 11:37:47.119] PartLoader: Compiling Internal Prop 'Squad/Props/buttonsGeneric/clusterButtons/genericClusterButtons'
[LOG 11:37:47.120] PartLoader: Compiling Internal Prop 'Squad/Props/buttonsGeneric/clusterButtons2/genericClusterButtons2'
[LOG 11:37:47.120] PartLoader: Compiling Internal Prop 'Squad/Props/buttonsGeneric/clusterKnob/genericClusterKnobs'
[LOG 11:37:47.120] PartLoader: Compiling Internal Prop 'Squad/Props/buttonsGeneric/clusterKnob2/genericClusterKnobs2'
[LOG 11:37:47.120] PartLoader: Compiling Internal Prop 'Squad/Props/buttonsGeneric/clusterMixed/genericClusterMixed'
[LOG 11:37:47.120] PartLoader: Compiling Internal Prop 'Squad/Props/buttonsGeneric/clusterSwitches01/genericClusterSwitches01'
[LOG 11:37:47.121] PartLoader: Compiling Internal Prop 'Squad/Props/buttonsGeneric/clusterSwitches02/genericClusterSwitches02'
[LOG 11:37:47.121] PartLoader: Compiling Internal Prop 'Squad/Props/buttonsGeneric/clusterSwitches03/genericClusterSwitches03'
[LOG 11:37:47.122] PartLoader: Compiling Internal Prop 'Squad/Props/buttonsGeneric/clusterSwitches04/genericClusterSwitches04'
[LOG 11:37:47.122] PartLoader: Compiling Internal Prop 'Squad/Props/buttonsGeneric/clusterSwitches05/genericClusterSwitches05'
[LOG 11:37:47.122] PartLoader: Compiling Internal Prop 'Squad/Props/buttonsGeneric/clusterSwitches06/genericClusterSwitches06'
[LOG 11:37:47.122] PartLoader: Compiling Internal Prop 'Squad/Props/buttonsGeneric/clusterSwitches07/genericClusterSwitches07'
[LOG 11:37:47.123] PartLoader: Compiling Internal Prop 'Squad/Props/buttonsGeneric/directionalKnob/genericDirectionalKnob'
[LOG 11:37:47.123] PartLoader: Compiling Internal Prop 'Squad/Props/buttonsGeneric/directionalKnob2/genericDirectionalKnob2'
[LOG 11:37:47.123] PartLoader: Compiling Internal Prop 'Squad/Props/buttonsGeneric/pullSwitch/genericPullSwitch'
[LOG 11:37:47.123] PartLoader: Compiling Internal Prop 'Squad/Props/buttonsGeneric/squareButton/genericSquareButton'
[LOG 11:37:47.124] PartLoader: Compiling Internal Prop 'Squad/Props/buttonsGeneric/standingSwitch/genericStandingSwitch'
[LOG 11:37:47.124] PartLoader: Compiling Internal Prop 'Squad/Props/buttonsGeneric/switch/genericSwitch'
[LOG 11:37:47.124] PartLoader: Compiling Internal Prop 'Squad/Props/buttonsGeneric/switchWithGuards/genericSwitchWithGuards'
[LOG 11:37:47.124] PartLoader: Compiling Internal Prop 'Squad/Props/ButtonSquare/prop/ButtonSquare'
[LOG 11:37:47.126] PartLoader: Compiling Internal Prop 'Squad/Props/circularButton/prop/circularButton'
[LOG 11:37:47.126] PartLoader: Compiling Internal Prop 'Squad/Props/Compass/prop/Compass'
[LOG 11:37:47.127] PartLoader: Compiling Internal Prop 'Squad/Props/directionalKnob/prop/directionalKnob'
[LOG 11:37:47.127] PartLoader: Compiling Internal Prop 'Squad/Props/directionalKnob2/prop/directionalKnob2'
[LOG 11:37:47.127] PartLoader: Compiling Internal Prop 'Squad/Props/IndicatorPanel/prop/IndicatorPanel'
[LOG 11:37:47.129] PartLoader: Compiling Internal Prop 'Squad/Props/IVANavBall/prop/NavBall'
[LOG 11:37:47.133] PartLoader: Compiling Internal Prop 'Squad/Props/IVANavBallNoBase/prop/NavBallNoBase'
[LOG 11:37:47.133] PartLoader: Compiling Internal Prop 'Squad/Props/ledPanelSpeed/prop/ledPanelSpeed'
[LOG 11:37:47.134] PartLoader: Compiling Internal Prop 'Squad/Props/Monitor/DockingMode/MonitorDockingMode'
[LOG 11:37:47.135] PartLoader: Compiling Internal Prop 'Squad/Props/NavBall/prop/NavBall'
[LOG 11:37:47.135] PartLoader: Compiling Internal Prop 'Squad/Props/PropsGeneric/Button_DockingMode/Button_DockingMode'
[LOG 11:37:47.135] PartLoader: Compiling Internal Prop 'Squad/Props/PropsGeneric/CargoBagA/CargoBagA'
[LOG 11:37:47.136] PartLoader: Compiling Internal Prop 'Squad/Props/PropsGeneric/CargoBagB/CargoBagB'
[LOG 11:37:47.136] PartLoader: Compiling Internal Prop 'Squad/Props/PropsGeneric/CargoBagC/CargoBagC'
[LOG 11:37:47.136] PartLoader: Compiling Internal Prop 'Squad/Props/PropsGeneric/Hatch_Plane/Hatch_Plane'
[LOG 11:37:47.136] PartLoader: Compiling Internal Prop 'Squad/Props/PropsGeneric/Hatch_Plane_Curve90/Hatch_Plane_Curve90'
[LOG 11:37:47.137] PartLoader: Compiling Internal Prop 'Squad/Props/PropsGeneric/Hatch_Plane_Frame/Hatch_Plane_Frame'
[LOG 11:37:47.137] PartLoader: Compiling Internal Prop 'Squad/Props/PropsGeneric/Seat_Passenger/Seat_Passenger'
[LOG 11:37:47.137] PartLoader: Compiling Internal Prop 'Squad/Props/PropsGeneric/Seat_Pilot/Seat_Pilot'
[LOG 11:37:47.137] PartLoader: Compiling Internal Prop 'Squad/Props/PropsGeneric/Seat_Pilot_Helmet/Seat_Pilot_Helmet'
[LOG 11:37:47.137] PartLoader: Compiling Internal Prop 'Squad/Props/PropsGeneric/SideStick/SideStick'
[LOG 11:37:47.138] PartLoader: Compiling Internal Prop 'Squad/Props/pullSwitch/prop/pullSwitch'
[LOG 11:37:47.138] PartLoader: Compiling Internal Prop 'Squad/Props/radarAltitude/prop/RadarAltimeter'
[LOG 11:37:47.139] PartLoader: Compiling Internal Prop 'Squad/Props/squareButton/prop/squareButton'
[LOG 11:37:47.139] PartLoader: Compiling Internal Prop 'Squad/Props/standingSwitch/prop/standingSwitch'
[LOG 11:37:47.139] PartLoader: Compiling Internal Prop 'Squad/Props/switch/prop/switch'
[LOG 11:37:47.139] PartLoader: Compiling Internal Prop 'Squad/Props/switchGuard/prop/switchGuard'
[LOG 11:37:47.141] PartLoader: Compiling Internal Prop 'Squad/Props/switchWithGuards/prop/switchWithGuards'
[LOG 11:37:47.141] PartLoader: Compiling Internal Prop 'Squad/Props/throttle/prop/throttle'
[LOG 11:37:47.142] PartLoader: Compiling Internal Prop 'Squad/Props/VSI/prop/VSI'
[LOG 11:37:47.142] PartLoader: Compiling Internal Space 'Squad/Spaces/crewCabinInternals/internal/crewCabinInternals'
[LOG 11:37:47.147] PartLoader: Compiling Internal Space 'Squad/Spaces/cupolaInternal/internal/cupolaInternal'
[LOG 11:37:47.155] PartLoader: Compiling Internal Space 'Squad/Spaces/GenericSpace1/internal/GenericSpace1'
[LOG 11:37:47.156] PartLoader: Compiling Internal Space 'Squad/Spaces/GenericSpace3/internal/GenericSpace3'
[LOG 11:37:47.158] PartLoader: Compiling Internal Space 'Squad/Spaces/landerCabinInternals/internal/landerCabinInternals'
[LOG 11:37:47.159] PartLoader: Compiling Internal Space 'Squad/Spaces/landerCabinSmallInternal/internal/landerCabinSmallInternal'
[LOG 11:37:47.161] PartLoader: Compiling Internal Space 'Squad/Spaces/LargeCrewedLabInternals/internal/Mobile_Processing_Lab_Int'
[LOG 11:37:47.171] PartLoader: Compiling Internal Space 'Squad/Spaces/Mk1-3/internal/Mk1-3'
[LOG 11:37:47.174] PartLoader: Compiling Internal Space 'Squad/Spaces/mk1CabinInternal/internal/mk1CabinInternal'
[LOG 11:37:47.177] PartLoader: Compiling Internal Space 'Squad/Spaces/mk1CockpitInternal/internal/mk1CockpitInternal'
[LOG 11:37:47.181] PartLoader: Compiling Internal Space 'Squad/Spaces/mk1InlineInternal/internal/mk1InlineInternal'
[LOG 11:37:47.183] PartLoader: Compiling Internal Space 'Squad/Spaces/mk1PodCockpit/internal/mk1PodCockpit'
[LOG 11:37:47.185] PartLoader: Compiling Internal Space 'Squad/Spaces/mk1pod_IVA/mk1pod_Internal/mk1pod_IVA'
[LOG 11:37:47.189] PartLoader: Compiling Internal Space 'Squad/Spaces/mk2CockpitStandardInternal/internal/mk2CockpitStandardInternals'
[LOG 11:37:47.195] PartLoader: Compiling Internal Space 'Squad/Spaces/Mk2CrewCabinInternal/internal_MK2_CrewCab/MK2_CrewCab_Int'
[LOG 11:37:47.197] PartLoader: Compiling Internal Space 'Squad/Spaces/mk2InlineInternal/internal/mk2InlineInternal'
[LOG 11:37:47.202] PartLoader: Compiling Internal Space 'Squad/Spaces/mk2LanderCanInternal/internal/mk2LanderCanInternal'
[LOG 11:37:47.206] PartLoader: Compiling Internal Space 'Squad/Spaces/MK3CockpitInternal/internal_MK3/MK3_Cockpit_Int'
[LOG 11:37:47.218] PartLoader: Compiling Internal Space 'Squad/Spaces/MK3_CrewCab_Int/internal_MK3_CrewCab/MK3_CrewCab_Int'
[LOG 11:37:47.219] InternalSeat: Cannot find portraitCamera of name 'Camera_Left003'
[LOG 11:37:47.223] PartLoader: Compiling Internal Space 'Squad/Spaces/Placeholder/internal/Placeholder'
[LOG 11:37:47.227] PartLoader: Compiling Internal Space 'Squad/Spaces/PodCockpit/internal/PodCockpit'
[LOG 11:37:47.239] PartLoader: Compiling Internal Space 'SquadExpansion/MakingHistory/Spaces/KVPods/Airlock_Internal/Airlock_IVA'
[LOG 11:37:47.239] PartLoader: Compiling Internal Space 'SquadExpansion/MakingHistory/Spaces/KVPods/KV1_Internal/KV1_IVA'
[LOG 11:37:47.241] PartLoader: Compiling Internal Space 'SquadExpansion/MakingHistory/Spaces/KVPods/KV2_Internal/KV2_IVA'
[LOG 11:37:47.243] PartLoader: Compiling Internal Space 'SquadExpansion/MakingHistory/Spaces/KVPods/KV3_Internal/KV3_IVA'
[LOG 11:37:47.245] PartLoader: Compiling Internal Space 'SquadExpansion/MakingHistory/Spaces/MEM/MEM_IVA/MEM_IVA'
[LOG 11:37:47.250] PartLoader: Compiling Internal Space 'SquadExpansion/MakingHistory/Spaces/Mk2Pod/Mk2Pod_Internal/MK2POD_IVA'
[LOG 11:37:47.305] Assets:
[LOG 11:37:47.305] anim_missionsapp_idle.anim
[LOG 11:37:47.305] anim_missionsapp_idle_warning.anim
[LOG 11:37:47.305] anim_missionsapp_warning.anim
[LOG 11:37:47.305] anim_missionssapp.anim
[LOG 11:37:47.305] animcontroller_missionsappmaster.controller
[LOG 11:37:47.305] app_bg.tif
[LOG 11:37:47.305] app_bottom_gray.tif
[LOG 11:37:47.305] app_divider_pulldown_body.tif
[LOG 11:37:47.305] app_divider_pulldown_footer.tif
[LOG 11:37:47.305] app_divider_pulldown_header.tif
[LOG 11:37:47.306] app_divider_pulldown_header_over.tif
[LOG 11:37:47.306] app_header_gray.tif
[LOG 11:37:47.306] app_missions_icon_active.tif
[LOG 11:37:47.306] app_missions_icon_complete.tif
[LOG 11:37:47.306] app_missions_icon_failed.tif
[LOG 11:37:47.306] app_missions_icon_inactive.tif
[LOG 11:37:47.306] spritesheet_missionsapp.tif
[LOG 11:37:47.306] spritesheet_missionsappwarning.tif
[LOG 11:37:47.306] missionbriefingdialog.prefab
[LOG 11:37:47.306] missionbriefingtag.prefab
[LOG 11:37:47.306] awardwidget.prefab
[LOG 11:37:47.306] missionenddialog.prefab
[LOG 11:37:47.306] missionitemwidget.prefab
[LOG 11:37:47.306] missionplaybutton.prefab
[LOG 11:37:47.306] missionplaydialog.prefab
[LOG 11:37:47.306] missionsteamitemwidget.prefab
[LOG 11:37:47.306] missionvalidationdialog.prefab
[LOG 11:37:47.306] validationentry.prefab
[LOG 11:37:47.306] comettoken.fbx
[LOG 11:37:47.306] comettoken.jpg
[LOG 11:37:47.306] placementegizmo_comet.mat
[LOG 11:37:47.306] placementegizmo_comet_tail.mat
[LOG 11:37:47.306] femalevintagepreview.prefab
[LOG 11:37:47.306] malevintagepreview.prefab
[LOG 11:37:47.306] checkpointentrywidget.prefab
[LOG 11:37:47.306] crewmanagementdialog.prefab
[LOG 11:37:47.306] listitem_vesseltitle.prefab
[LOG 11:37:47.306] missionbrowser.prefab
[LOG 11:37:47.306] missioncheckpointbrowser.prefab
[LOG 11:37:47.306] missioncrewlistitem.prefab
[LOG 11:37:47.306] missionentrywidget.prefab
[LOG 11:37:47.306] missiontemplateentrywidget.prefab
[LOG 11:37:47.306] partcategorizerbutton.prefab
[LOG 11:37:47.306] partselectorbrowser.prefab
[LOG 11:37:47.306] partselectorentry.prefab
[LOG 11:37:47.306] gaputil_vesselframe.prefab
[LOG 11:37:47.306] meguiconnector.prefab
[LOG 11:37:47.306] meguinode.prefab
[LOG 11:37:47.306] meguinodecategorybutton.prefab
[LOG 11:37:47.306] meguinodeicon.prefab
[LOG 11:37:47.306] meguinodeicongroup.prefab
[LOG 11:37:47.306] meguiscrollviewitem.prefab
[LOG 11:37:47.306] meiconloaderbasicnode.prefab
[LOG 11:37:47.306] meiconloadergap.prefab
[LOG 11:37:47.306] meiconloadernodecategorizer.prefab
[LOG 11:37:47.307] menodecanvas.prefab
[LOG 11:37:47.307] missioneditorscreen.prefab
[LOG 11:37:47.307] nodelisttooltip.prefab
[LOG 11:37:47.307] nodelisttooltipextinfolistspacer.prefab
[LOG 11:37:47.307] orbitgizmo.prefab
[LOG 11:37:47.307] biomeshighlight.shader
[LOG 11:37:47.307] projector-surfacegizmo.shader
[LOG 11:37:47.307] scaledplanetbiomeshighlight.shader
[LOG 11:37:47.307] sprites-alwaysover.shader
[LOG 11:37:47.307] ui-unlit-infinite.shader
[LOG 11:37:47.307] ui-unlit-solid.shader
[LOG 11:37:47.307] assetgraph_connectionpoint_inputmark.png
[LOG 11:37:47.307] assetgraph_inputbg.png
[LOG 11:37:47.307] boldly.png
[LOG 11:37:47.307] carpool.png
[LOG 11:37:47.307] frugal.png
[LOG 11:37:47.307] homesick.png
[LOG 11:37:47.307] keys.png
[LOG 11:37:47.307] saint.png
[LOG 11:37:47.307] sinner.png
[LOG 11:37:47.307] thespot.png
[LOG 11:37:47.307] timekeeper.png
[LOG 11:37:47.307] helmetbronze.png
[LOG 11:37:47.307] helmetgold.png
[LOG 11:37:47.307] helmetsilver.png
[LOG 11:37:47.307] action-part-resource-drain.png
[LOG 11:37:47.307] change-part-resource-levels.png
[LOG 11:37:47.307] create-asteroid.png
[LOG 11:37:47.307] create-kerbal.png
[LOG 11:37:47.307] create-vessel.png
[LOG 11:37:47.307] crew-assignment.png
[LOG 11:37:47.307] dialog-message.png
[LOG 11:37:47.307] display-message.png
[LOG 11:37:47.307] fail-part.png
[LOG 11:37:47.307] fly-through.png
[LOG 11:37:47.307] funds-recovery.png
[LOG 11:37:47.307] generic-node.png
[LOG 11:37:47.307] go-to.png
[LOG 11:37:47.307] kerbal-boarded.png
[LOG 11:37:47.307] kerbal-recovery.png
[LOG 11:37:47.307] kerbal-rescue.png
[LOG 11:37:47.307] launch-site.png
[LOG 11:37:47.307] leave-soi.png
[LOG 11:37:47.307] orbit.png
[LOG 11:37:47.308] part-explode.png
[LOG 11:37:47.308] plant-flag.png
[LOG 11:37:47.308] reach-soi.png
[LOG 11:37:47.308] repair-part.png
[LOG 11:37:47.308] resource-amount.png
[LOG 11:37:47.308] resource-recovery.png
[LOG 11:37:47.308] science-experiment.png
[LOG 11:37:47.308] score.png
[LOG 11:37:47.308] take-tourist.png
[LOG 11:37:47.308] test-altitude.png
[LOG 11:37:47.308] test-eva.png
[LOG 11:37:47.308] test-grapple.png
[LOG 11:37:47.308] time-of-flight.png
[LOG 11:37:47.308] time-of-mission.png
[LOG 11:37:47.308] time-since-node.png
[LOG 11:37:47.308] vessel-crashed.png
[LOG 11:37:47.308] vessel-crew-count.png
[LOG 11:37:47.308] vessel-explode.png
[LOG 11:37:47.308] vessel-flying.png
[LOG 11:37:47.308] vessel-landed.png
[LOG 11:37:47.308] vessel-mass.png
[LOG 11:37:47.308] vessel-splashed.png
[LOG 11:37:47.308] vessel-stage-activated.png
[LOG 11:37:47.308] vessel-stage.png
[LOG 11:37:47.308] arrange-graph.png
[LOG 11:37:47.308] builderbuttons_briefing.png
[LOG 11:37:47.308] builderbuttons_reset.png
[LOG 11:37:47.308] builderbuttons_trackingstation.png
[LOG 11:37:47.308] frame-graph.png
[LOG 11:37:47.308] lock.png
[LOG 11:37:47.308] maximize.png
[LOG 11:37:47.308] minimize.png
[LOG 11:37:47.308] pin.png
[LOG 11:37:47.308] pin_down.png
[LOG 11:37:47.308] redo.png
[LOG 11:37:47.308] reset.png
[LOG 11:37:47.308] tracking-station.png
[LOG 11:37:47.308] undo.png
[LOG 11:37:47.308] visible-in-gap.png
[LOG 11:37:47.308] location.png
[LOG 11:37:47.308] logic.png
[LOG 11:37:47.308] science.png
[LOG 11:37:47.308] utility.png
[LOG 11:37:47.308] vessel.png
[LOG 11:37:47.308] eye.png
[LOG 11:37:47.308] iconmb.png
[LOG 11:37:47.308] me_btn_generic_normal.tif
[LOG 11:37:47.308] me_button_generic_normal.tif
[LOG 11:37:47.308] nodecat_bg.png
[LOG 11:37:47.308] nodecat_divider.tif
[LOG 11:37:47.308] nodecat_divider_bottom.tif
[LOG 11:37:47.308] pholderwarningicon.png
[LOG 11:37:47.308] reseticon.png
[LOG 11:37:47.309] validityindicator.controller
[LOG 11:37:47.309] validtyinidicatorpulse.anim
[LOG 11:37:47.309] broadorbittoggle button.png
[LOG 11:37:47.309] maneuvertoggle button.png
[LOG 11:37:47.309] orbitalgizmoicons.png
[LOG 11:37:47.309] reset orbit button.png
[LOG 11:37:47.309] nodelabel.prefab
[LOG 11:37:47.309] kerbaleva_female_exp.prefab
[LOG 11:37:47.309] kerbaleva_rd_exp.prefab
[LOG 11:37:47.309] missioneditorevabody.mat
[LOG 11:37:47.309] missioneditorevabodyalternate.mat
[LOG 11:37:47.309] missioneditorevabodybrown.mat
[LOG 11:37:47.309] missioneditorevaeyeballs.mat
[LOG 11:37:47.309] missioneditorevaeyes.mat
[LOG 11:37:47.309] missioneditorevahead.mat
[LOG 11:37:47.309] missioneditorevahelmet.mat
[LOG 11:37:47.309] missioneditorevahelmetred.mat
[LOG 11:37:47.309] missioneditorevajetpack.mat
[LOG 11:37:47.309] missioneditorevalight.mat
[LOG 11:37:47.309] kbevafemalevintage.prefab
[LOG 11:37:47.309] kbevavintage.prefab
[LOG 11:37:47.309] evalight.fbx
[LOG 11:37:47.309] kbeva@new.fbx
[LOG 11:37:47.309] kbeva@newfem.fbx
[LOG 11:37:47.309] mevahelmetlight.fbx
[LOG 11:37:47.309] evajetpackscondary.dds
[LOG 11:37:47.309] evajetpacksecondary_n.dds
[LOG 11:37:47.309] evalight.png
[LOG 11:37:47.309] kerbalmainnrm.dds
[LOG 11:37:47.309] me_suit_difuse_blue.dds
[LOG 11:37:47.309] me_suit_difuse_low_polybrown.dds
[LOG 11:37:47.309] me_suit_difuse_orange.dds
[LOG 11:37:47.309] kerbalfemalevintage.prefab
[LOG 11:37:47.309] kerbalmalevintage.prefab
[LOG 11:37:47.309] evahelmet.mat
[LOG 11:37:47.309] evatexture.mat
[LOG 11:37:47.309] kerbalgirl_06_basecolor.mat
[LOG 11:37:47.309] kerbalhead.mat
[LOG 11:37:47.309] lambert6.mat
[LOG 11:37:47.309] mat_eyeballs.mat
[LOG 11:37:47.309] mat_eyes01.mat
[LOG 11:37:47.309] material #4.mat
[LOG 11:37:47.309] mesh_female_kerbalastronaut01_kerbalgirl_export_15_lambert20.mat
[LOG 11:37:47.309] mesh_female_kerbalastronaut01_kerbalgirl_export_15_lambert21.mat
[LOG 11:37:47.309] kbfemale_iva_mecanim.fbx
[LOG 11:37:47.309] kbiva_mecanim.fbx
[LOG 11:37:47.309] kerbalicon_eva_female_vintage.tif
[LOG 11:37:47.309] kerbalicon_eva_vintage.tif
[LOG 11:37:47.309] kerbalicon_suit_female_vintage.tif
[LOG 11:37:47.309] kerbalicon_suit_orange_female_vintage.tif
[LOG 11:37:47.309] kerbalicon_suit_orange_vintage.tif
[LOG 11:37:47.309] kerbalicon_suit_vintage.tif
[LOG 11:37:47.310] gap_celestialbody_camerasetup.prefab
[LOG 11:37:47.310] gap_celestialbody_collisionsphere.prefab
[LOG 11:37:47.310] gap_celestialbody_surfacegizmo_area.prefab
[LOG 11:37:47.310] gap_celestialbody_surfacegizmo_basic.prefab
[LOG 11:37:47.310] gap_celestialbody_surfacegizmo_icon.prefab
[LOG 11:37:47.310] gap_celestialbody_surfacegizmo_vessel.prefab
[LOG 11:37:47.310] gap_celestialbody_surfacegizmo_volume.prefab
[LOG 11:37:47.310] gap_proceduralasteroid.prefab
[LOG 11:37:47.310] gap_proceduralcomet.prefab
[LOG 11:37:47.310] gapbuttonprefab.prefab
[LOG 11:37:47.310] gapkerbal_femaleveteran.prefab
[LOG 11:37:47.310] gapkerbal_femaleveteran_vintage.prefab
[LOG 11:37:47.310] gapkerbal_male_slimsuit.prefab
[LOG 11:37:47.310] gapkerbal_maleveteran.prefab
[LOG 11:37:47.310] gapkerbal_maleveteran_vintage.prefab
[LOG 11:37:47.310] gapscrollablesidebarbutton.prefab
[LOG 11:37:47.310] gapsidebarbutton.prefab
[LOG 11:37:47.310] gaptoggleprefab.prefab
[LOG 11:37:47.310] gaputil_biselector.prefab
[LOG 11:37:47.310] gaputil_celestialbody.prefab
[LOG 11:37:47.310] vesseldisplay_camerasetup.prefab
[LOG 11:37:47.310] desert_airfield.prefab
[LOG 11:37:47.310] desert_groundobjects.prefab
[LOG 11:37:47.310] desert_launch_site.prefab
[LOG 11:37:47.310] larkes.prefab
[LOG 11:37:47.310] floor bottom.mat
[LOG 11:37:47.310] floor top.mat
[LOG 11:37:47.310] legs.mat
[LOG 11:37:47.310] ramp.mat
[LOG 11:37:47.310] stairs grid lights pivot.mat
[LOG 11:37:47.310] supports 1.mat
[LOG 11:37:47.310] supports 2.mat
[LOG 11:37:47.310] tunnels.mat
[LOG 11:37:47.310] floor bottom.dds
[LOG 11:37:47.310] floor top.dds
[LOG 11:37:47.310] floor top_normal.dds
[LOG 11:37:47.310] legs.dds
[LOG 11:37:47.310] ramp.dds
[LOG 11:37:47.310] stairs grid lights pivot.dds
[LOG 11:37:47.310] supports 1.dds
[LOG 11:37:47.310] supports 2.dds
[LOG 11:37:47.310] tunnels.dds
[LOG 11:37:47.310] diffuse.mat
[LOG 11:37:47.310] floor bottom_base_color.mat
[LOG 11:37:47.310] floor top_base_color.mat
[LOG 11:37:47.310] legs_base_color.mat
[LOG 11:37:47.310] ramp_base_color.mat
[LOG 11:37:47.310] stairs grid lights pivot_base_colormodpsd.mat
[LOG 11:37:47.310] stairs_grid_lights_pivot_base_color.mat
[LOG 11:37:47.310] supports 1_base_color.mat
[LOG 11:37:47.310] supports 2_base_color.mat
[LOG 11:37:47.310] tunnels_base_color.mat
[LOG 11:37:47.311] mobilelaunchpad_19.fbx
[LOG 11:37:47.311] pontoons.fbx
[LOG 11:37:47.311] pontoons_diffuse.dds
[LOG 11:37:47.311] ramp_normal.png
[LOG 11:37:47.311] 1001_base_color.mat
[LOG 11:37:47.311] desert groundtransition.mat
[LOG 11:37:47.311] desert groundtransition_highquality.mat
[LOG 11:37:47.311] desert groundtransition_lowquality.mat
[LOG 11:37:47.311] desert groundtransition_mediumquality.mat
[LOG 11:37:47.311] desert groundtransition_ultraquality.mat
[LOG 11:37:47.311] desert runway sand.mat
[LOG 11:37:47.311] desert runway stone.mat
[LOG 11:37:47.311] mobilelaunchpad.prefab
[LOG 11:37:47.311] woomerang_groundobjects.prefab
[LOG 11:37:47.311] woomerang_launch_site.prefab
[LOG 11:37:47.311] Scenes:
[LOG 11:37:47.311] kspMissionEditor.unity
[LOG 11:37:53.279] Assets:
[LOG 11:37:53.279] appanim_missionsapp.prefab
[LOG 11:37:53.279] cascading_body_missionheader.prefab
[LOG 11:37:53.279] cascading_body_missioninfo.prefab
[LOG 11:37:53.279] cascading_body_missionobjective.prefab
[LOG 11:37:53.279] cascading_body_missionsvesselheader.prefab
[LOG 11:37:53.279] cascading_body_missionsvesselitem.prefab
[LOG 11:37:53.279] cascading_body_settingsbutton.prefab
[LOG 11:37:53.280] cascading_body_settingstoggle.prefab
[LOG 11:37:53.280] missionsapp.prefab
[LOG 11:37:53.280] axislimitline.prefab
[LOG 11:37:53.280] controlleraction.prefab
[LOG 11:37:53.280] controlleraxis.prefab
[LOG 11:37:53.280] controllerwindow.prefab
[LOG 11:37:53.280] curvepanelpoint.prefab
[LOG 11:37:53.280] curvepanelpointaction.prefab
[LOG 11:37:53.280] axis_align_ends.png
[LOG 11:37:53.280] axis_clamp_values.png
[LOG 11:37:53.280] axis_copy.png
[LOG 11:37:53.280] axis_flip_horizontal.png
[LOG 11:37:53.280] axis_flip_vertical.png
[LOG 11:37:53.280] axis_move_down-trackrow.png
[LOG 11:37:53.280] axis_move_down.png
[LOG 11:37:53.280] axis_move_up-trackrow.png
[LOG 11:37:53.280] axis_move_up.png
[LOG 11:37:53.280] axis_paste.png
[LOG 11:37:53.280] axis_preset_flat.png
[LOG 11:37:53.280] axis_preset_sawtooth.png
[LOG 11:37:53.280] axis_preset_sine.png
[LOG 11:37:53.280] axis_preset_square.png
[LOG 11:37:53.280] axis_preset_triangle.png
[LOG 11:37:53.280] axis_select_all.png
[LOG 11:37:53.280] background_squared_inset.png
[LOG 11:37:53.280] close.png
[LOG 11:37:53.280] direction_forward.png
[LOG 11:37:53.280] direction_reverse.png
[LOG 11:37:53.280] edit.png
[LOG 11:37:53.280] fieldlimitline.png
[LOG 11:37:53.280] keyframe_add.png
[LOG 11:37:53.280] keyframe_clamp_value.png
[LOG 11:37:53.280] keyframe_delete.png
[LOG 11:37:53.280] keyframe_linear.png
[LOG 11:37:53.280] keyframe_smooth.png
[LOG 11:37:53.280] keyframe_step_backward.png
[LOG 11:37:53.281] keyframe_step_forward.png
[LOG 11:37:53.281] line.png
[LOG 11:37:53.281] line_dashed.png
[LOG 11:37:53.281] loop_pingpong.png
[LOG 11:37:53.281] loop_playonce.png
[LOG 11:37:53.281] loop_repeat.png
[LOG 11:37:53.281] node.png
[LOG 11:37:53.281] node_circle.png
[LOG 11:37:53.281] node_square.png
[LOG 11:37:53.281] pause.png
[LOG 11:37:53.281] play.png
[LOG 11:37:53.281] pointer.png
[LOG 11:37:53.281] remove-axis.png
[LOG 11:37:53.281] remove_key.png
[LOG 11:37:53.281] resize_icon.png
[LOG 11:37:53.281] sequence_resize_button_states.png
[LOG 11:37:53.281] sequence_resize_maintain.png
[LOG 11:37:53.281] sequence_resize_scale.png
[LOG 11:37:53.281] sequence_speed.png
[LOG 11:37:53.281] tracking_editor_button_states.png
[LOG 11:37:53.281] femalefuturepreview.prefab
[LOG 11:37:53.281] malefuturepreview.prefab
[LOG 11:37:53.281] kbfemale@controlpanel_a.fbx
[LOG 11:37:53.281] kbfemale@controlpanel_b.fbx
[LOG 11:37:53.281] kbfemale@controlpanel_c.fbx
[LOG 11:37:53.281] kbfemale@rocksample.fbx
[LOG 11:37:53.281] hammerfemale.fbx
[LOG 11:37:53.281] hammermale.fbx
[LOG 11:37:53.281] kbeva@controlpanel_a.fbx
[LOG 11:37:53.281] kbeva@controlpanel_b.fbx
[LOG 11:37:53.281] kbeva@controlpanel_c.fbx
[LOG 11:37:53.281] kbeva@rocksample.fbx
[LOG 11:37:53.281] kerbaleva_female_future.prefab
[LOG 11:37:53.281] kerbaleva_rd_future.prefab
[LOG 11:37:53.281] futureevabody.mat
[LOG 11:37:53.281] futureevabodyalternate.mat
[LOG 11:37:53.281] futureevajetpack.mat
[LOG 11:37:53.281] futureevalight.mat
[LOG 11:37:53.281] futurehelmet.mat
[LOG 11:37:53.281] kbevafemalefuture.prefab
[LOG 11:37:53.281] kbevafuture.prefab
[LOG 11:37:53.281] kbeva@new.fbx
[LOG 11:37:53.281] kbeva@newfem.fbx
[LOG 11:37:53.281] mevahelmetlight.fbx
[LOG 11:37:53.281] serenityfemaleeva.fbx
[LOG 11:37:53.281] serenityflares.fbx
[LOG 11:37:53.281] serenitymaleeva.fbx
[LOG 11:37:53.281] evajetpacknrm.dds
[LOG 11:37:53.281] futuresuit_diffuse_orange.dds
[LOG 11:37:53.281] futuresuit_diffuse_whiteblue.dds
[LOG 11:37:53.281] futuresuit_diffuse_whiteorange.dds
[LOG 11:37:53.281] futuresuit_emissive.dds
[LOG 11:37:53.281] futuresuit_evalight.png
[LOG 11:37:53.281] futuresuitmainnrm.dds
[LOG 11:37:53.281] ksp_ig_jetpack_diffuse.jpg
[LOG 11:37:53.281] kerbalfemalefuture.prefab
[LOG 11:37:53.281] kerbalmalefuture.prefab
[LOG 11:37:53.281] futuresuit_diffuse.mat
[LOG 11:37:53.281] serenityfemaleiva.fbx
[LOG 11:37:53.281] serenitymaleiva.fbx
[LOG 11:37:53.281] kerbalicon_eva_female_future.tif
[LOG 11:37:53.281] kerbalicon_eva_future.tif
[LOG 11:37:53.281] kerbalicon_suit_female_future.tif
[LOG 11:37:53.282] kerbalicon_suit_future.tif
[LOG 11:37:53.282] kerbalicon_suit_orange_female_future.tif
[LOG 11:37:53.282] kerbalicon_suit_orange_future.tif
[LOG 11:37:53.282] bottom_emissor.mat
[LOG 11:37:53.282] burst_emissor.mat
[LOG 11:37:53.282] burstprojectiles_emissor.mat
[LOG 11:37:53.282] constantburst_emissor.mat
[LOG 11:37:53.282] snowflakes_emissor.mat
[LOG 11:37:53.282] vapor_emissor.mat
[LOG 11:37:53.282] base_0.mat
[LOG 11:37:53.282] base_1.mat
[LOG 11:37:53.282] base_2.mat
[LOG 11:37:53.282] base_3_1.mat
[LOG 11:37:53.282] base_3_2.mat
[LOG 11:37:53.282] vapor.mat
[LOG 11:37:53.282] burst.png
[LOG 11:37:53.282] cloud2.png
[LOG 11:37:53.282] v1.png
[LOG 11:37:53.282] v2.png
[LOG 11:37:53.282] v3.png
[LOG 11:37:53.282] v5.png
[LOG 11:37:53.282] gapkerbal_female_future.prefab
[LOG 11:37:53.282] gapkerbal_male_future.prefab
[LOG 11:37:53.282] hammerfemale.prefab
[LOG 11:37:53.282] hammermale.prefab
[LOG 11:37:53.282] bopgravelpile.prefab
[LOG 11:37:53.282] bopgravelpile.fbx
[LOG 11:37:53.282] bop_gravel pile_d.mat
[LOG 11:37:53.282] lambert1.mat
[LOG 11:37:53.282] bop_gravel pile_d.png
[LOG 11:37:53.282] bop_gravel pile_d.tga
[LOG 11:37:53.282] bop_gravel pile_n.png
[LOG 11:37:53.282] bop_gravel pile_s.png
[LOG 11:37:53.282] drescrater.prefab
[LOG 11:37:53.282] dresmeteorite.prefab
[LOG 11:37:53.282] drescrater.fbx
[LOG 11:37:53.282] dresmeteorite.fbx
[LOG 11:37:53.282] dres_crater_d.mat
[LOG 11:37:53.282] dres_meteorite_d.mat
[LOG 11:37:53.282] lambert1.mat
[LOG 11:37:53.282] dres_crater_d.tga
[LOG 11:37:53.282] dres_crater_n.png
[LOG 11:37:53.282] dres_meteorite_d.tga
[LOG 11:37:53.282] dres_meteorite_n.png
[LOG 11:37:53.282] dunablueberries.prefab
[LOG 11:37:53.283] dunadune.prefab
[LOG 11:37:53.283] dunameteorite.prefab
[LOG 11:37:53.283] dunastone.prefab
[LOG 11:37:53.283] dunaasteroid.fbx
[LOG 11:37:53.283] dunablueberries.fbx
[LOG 11:37:53.283] dunadune.fbx
[LOG 11:37:53.283] dunastone.fbx
[LOG 11:37:53.283] duna_asteroid_d.mat
[LOG 11:37:53.283] duna_dune_d.mat
[LOG 11:37:53.283] duna_stone_d.mat
[LOG 11:37:53.283] dune_blueberries_d.mat
[LOG 11:37:53.283] lambert1.mat
[LOG 11:37:53.283] duna_asteroid_d.tga
[LOG 11:37:53.283] duna_asteroid_n.png
[LOG 11:37:53.283] duna_dune_d.tga
[LOG 11:37:53.283] duna_dune_n.tga
[LOG 11:37:53.283] duna_stone_d.tga
[LOG 11:37:53.283] duna_stone_n.png
[LOG 11:37:53.283] dune_blueberries_d.tga
[LOG 11:37:53.283] dune_blueberries_n.png
[LOG 11:37:53.283] eelooberg.prefab
[LOG 11:37:53.283] eeloobrownboulder.prefab
[LOG 11:37:53.283] eelooicechunk.prefab
[LOG 11:37:53.283] eelooberg.fbx
[LOG 11:37:53.283] eelooboulder.fbx
[LOG 11:37:53.283] eelooicechunk.fbx
[LOG 11:37:53.283] eeloo_alien_glacier_d.mat
[LOG 11:37:53.283] eeloo_brown_ boulder_d.mat
[LOG 11:37:53.283] eeloo_ice chunk_d.mat
[LOG 11:37:53.283] lambert1.mat
[LOG 11:37:53.283] eeloo_alien_glacier_d.tga
[LOG 11:37:53.283] eeloo_alien_glacier_e.tga
[LOG 11:37:53.283] eeloo_alien_glacier_n.png
[LOG 11:37:53.283] eeloo_brown_ boulder_d.tga
[LOG 11:37:53.283] eeloo_brown_ boulder_n.png
[LOG 11:37:53.283] eeloo_ice chunk_d.tga
[LOG 11:37:53.283] eeloo_ice chunk_e.tga
[LOG 11:37:53.283] eeloo_ice chunk_n.png
[LOG 11:37:53.283] eeloo_ice chunk_s.tga
[LOG 11:37:53.283] evebasaltformation.prefab
[LOG 11:37:53.283] evepancakedome.prefab
[LOG 11:37:53.283] evevolcanicrock.prefab
[LOG 11:37:53.283] evebasaltformation.fbx
[LOG 11:37:53.283] evepancakeformation.fbx
[LOG 11:37:53.283] evevolcanicrock.fbx
[LOG 11:37:53.283] eve basalt formation_d.mat
[LOG 11:37:53.284] eve pancake formation_d.mat
[LOG 11:37:53.284] eve volcanic rock_d.mat
[LOG 11:37:53.284] lambert1.mat
[LOG 11:37:53.284] eve basalt formation_d.tga
[LOG 11:37:53.284] eve basalt formation_n.tga
[LOG 11:37:53.284] eve pancake formation_d.tga
[LOG 11:37:53.284] eve pancake formation_e.png
[LOG 11:37:53.284] eve pancake formation_n.png
[LOG 11:37:53.284] eve volcanic rock_d.tga
[LOG 11:37:53.284] eve volcanic rock_n.png
[LOG 11:37:53.284] gillyridgeline.fbx
[LOG 11:37:53.284] gilly ridegeline_d.mat
[LOG 11:37:53.284] lambert1.mat
[LOG 11:37:53.284] gillyridgeline.prefab
[LOG 11:37:53.284] gilly ridegeline_d.tga
[LOG 11:37:53.284] gilly ridegeline_n.png
[LOG 11:37:53.284] dunaejecta.prefab
[LOG 11:37:53.284] ikedunaejecta.fbx
[LOG 11:37:53.284] ike_duna_ejecta_mat.mat
[LOG 11:37:53.284] ike duna ejecta_d.tga
[LOG 11:37:53.284] ike duna ejecta_n.png
[LOG 11:37:53.284] kerbinbaobabtree.fbx
[LOG 11:37:53.284] kerbinquartz.fbx
[LOG 11:37:53.284] baobaptree.mat
[LOG 11:37:53.284] kerbin_baobab_tree_d.mat
[LOG 11:37:53.284] kerbin_boabob_tree_d.mat
[LOG 11:37:53.284] kerbin_giant_quartz_d.mat
[LOG 11:37:53.284] lambert1.mat
[LOG 11:37:53.284] lambert2.mat
[LOG 11:37:53.284] kerbinbaobabtree.prefab
[LOG 11:37:53.284] kerbinquartz.prefab
[LOG 11:37:53.284] kerbin_baobab_tree_alpha.png
[LOG 11:37:53.284] kerbin_baobab_tree_d.tga
[LOG 11:37:53.284] kerbin_baobab_tree_n.png
[LOG 11:37:53.284] kerbin_giant_quartz_d.tga
[LOG 11:37:53.284] kerbin_giant_quartz_e.tga
[LOG 11:37:53.284] kerbin_giant_quartz_n.tga
[LOG 11:37:53.284] kerbin_giant_quartz_s.tga
[LOG 11:37:53.284] laytheboulder.fbx
[LOG 11:37:53.284] laythegeyser.fbx
[LOG 11:37:53.284] laythestone.fbx
[LOG 11:37:53.284] lambert1.mat
[LOG 11:37:53.284] laythe_boulder_d.mat
[LOG 11:37:53.284] laythe_geyser_d.mat
[LOG 11:37:53.284] laythe_stone_d.mat
[LOG 11:37:53.284] laytheboulder.prefab
[LOG 11:37:53.285] laythegeyser.prefab
[LOG 11:37:53.285] laythestone.prefab
[LOG 11:37:53.285] laythe_boulder_d.tga
[LOG 11:37:53.285] laythe_boulder_n.png
[LOG 11:37:53.285] laythe_geyser_d.tga
[LOG 11:37:53.285] laythe_geyser_n.png
[LOG 11:37:53.285] laythe_stone_d.tga
[LOG 11:37:53.285] laythe_stone_n.png
[LOG 11:37:53.285] greensandstone.fbx
[LOG 11:37:53.285] lambert1.mat
[LOG 11:37:53.285] minmus_green_sandstone_d.mat
[LOG 11:37:53.285] minmus_olivine_formation_d.mat
[LOG 11:37:53.285] minmusolivineformation.fbx
[LOG 11:37:53.285] minmus_greensandstone.prefab
[LOG 11:37:53.285] minmus_olivineformation.prefab
[LOG 11:37:53.285] minmus_green_sandstone_d.tga
[LOG 11:37:53.285] minmus_green_sandstone_n.png
[LOG 11:37:53.285] minmus_olivine_formation_d.tga
[LOG 11:37:53.285] minmus_olivine_formation_n.png
[LOG 11:37:53.285] lambert1.mat
[LOG 11:37:53.285] moho wrinkleridge_d.mat
[LOG 11:37:53.285] moho_stone_d.mat
[LOG 11:37:53.285] mohostone.fbx
[LOG 11:37:53.285] mohowrinkleridge.fbx
[LOG 11:37:53.285] mohostone.prefab
[LOG 11:37:53.285] mohowrinkleridge.prefab
[LOG 11:37:53.285] moho wrinkleridge_d.tga
[LOG 11:37:53.285] moho wrinkleridge_e.png
[LOG 11:37:53.285] moho wrinkleridge_n.png
[LOG 11:37:53.285] moho_stone_d.tga
[LOG 11:37:53.285] moho_stone_n.png
[LOG 11:37:53.285] lambert1.mat
[LOG 11:37:53.285] mun_crater_d.mat
[LOG 11:37:53.285] mun_large_crater_d.mat
[LOG 11:37:53.285] mun_stone_d.mat
[LOG 11:37:53.285] muncrater.fbx
[LOG 11:37:53.285] munlargecrater.fbx
[LOG 11:37:53.285] munstone.fbx
[LOG 11:37:53.285] muncrater.prefab
[LOG 11:37:53.285] munlargecrater.prefab
[LOG 11:37:53.285] munstone.prefab
[LOG 11:37:53.285] mun_crater_d.tga
[LOG 11:37:53.285] mun_crater_n.png
[LOG 11:37:53.285] mun_large_crater_d.tga
[LOG 11:37:53.285] mun_large_crater_n.png
[LOG 11:37:53.285] mun_stone_d.tga
[LOG 11:37:53.286] mun_stone_n.png
[LOG 11:37:53.286] lambert1.mat
[LOG 11:37:53.286] pol_yellowstone_d.mat
[LOG 11:37:53.286] polyellowstone.fbx
[LOG 11:37:53.286] pol_yellowstones.prefab
[LOG 11:37:53.286] pol_yellowstone_d.png
[LOG 11:37:53.286] pol_yellowstone_n.png
[LOG 11:37:53.286] lambert1.mat
[LOG 11:37:53.286] tylo_checkerboard_d.mat
[LOG 11:37:53.286] tylo_dark boulder_d.mat
[LOG 11:37:53.286] tylo_light_d.mat
[LOG 11:37:53.286] tyloboulder.fbx
[LOG 11:37:53.286] tylocheckerboard.fbx
[LOG 11:37:53.286] tylolightstone.fbx
[LOG 11:37:53.286] tylo_ checkerboard_n.png
[LOG 11:37:53.286] tylo_checkerboard_d.png
[LOG 11:37:53.286] tylo_dark boulder_d.tga
[LOG 11:37:53.286] tylo_dark boulder_n.png
[LOG 11:37:53.286] tylo_light_d.tga
[LOG 11:37:53.286] tylo_light_n.png
[LOG 11:37:53.286] tylocheckerboard.prefab
[LOG 11:37:53.286] tylodarkboulder.prefab
[LOG 11:37:53.286] tylolightstone.prefab
[LOG 11:37:53.286] cryovolcano_d.mat
[LOG 11:37:53.286] lambert1.mat
[LOG 11:37:53.286] vallicechunk_d.mat
[LOG 11:37:53.286] vallstone_d.mat
[LOG 11:37:53.286] vall_cryovolcano.fbx
[LOG 11:37:53.286] vall_icechunk.fbx
[LOG 11:37:53.286] vall_stone.fbx
[LOG 11:37:53.286] cryovolcano_d.tga
[LOG 11:37:53.286] cryovolcano_e.png
[LOG 11:37:53.286] cryovolcano_n.jpg
[LOG 11:37:53.286] cryovolcano_s.jpg
[LOG 11:37:53.286] vallicechunk_d.jpg
[LOG 11:37:53.286] vallicechunk_e.jpg
[LOG 11:37:53.286] vallicechunk_n.jpg
[LOG 11:37:53.286] vallicechunk_s.jpg
[LOG 11:37:53.286] vallstone_d.jpg
[LOG 11:37:53.286] vallstone_e.jpg
[LOG 11:37:53.286] vallstone_n.jpg
[LOG 11:37:53.286] vallstone_s.jpg
[LOG 11:37:53.286] vallcryovolcano.prefab
[LOG 11:37:53.286] vallicechunk.prefab
[LOG 11:37:53.286] vallstone.prefab
[LOG 11:37:53.286] vfx_spark.mat
[LOG 11:37:53.286] vfx_welding_flare.mat
[LOG 11:37:53.287] cometdustmaterial.mat
[LOG 11:37:53.287] cometgeysermat.mat
[LOG 11:37:53.293] GetTypesOfModulesImplementingInterface2: Found 69 types with IPartModuleAdjuster interface in 10 assemblies.
[LOG 11:37:53.299] GetSubclassesOfParentClass: Found 0 types with ModuleActiveRadiator parent in 10 assemblies.
[LOG 11:37:53.304] GetSubclassesOfParentClass: Found 0 types with ModuleAlternator parent in 10 assemblies.
[LOG 11:37:53.308] GetSubclassesOfParentClass: Found 1 types with ModuleControlSurface parent in 10 assemblies.
[LOG 11:37:53.314] GetSubclassesOfParentClass: Found 0 types with ModuleDataTransmitter parent in 10 assemblies.
[LOG 11:37:53.319] GetSubclassesOfParentClass: Found 0 types with ModuleDeployableSolarPanel parent in 10 assemblies.
[LOG 11:37:53.324] GetSubclassesOfParentClass: Found 1 types with ModuleEngines parent in 10 assemblies.
[LOG 11:37:53.328] GetSubclassesOfParentClass: Found 0 types with ModuleGenerator parent in 10 assemblies.
[LOG 11:37:53.332] GetSubclassesOfParentClass: Found 0 types with ModuleGimbal parent in 10 assemblies.
[LOG 11:37:53.336] GetSubclassesOfParentClass: Found 2 types with ModuleLiftingSurface parent in 10 assemblies.
[LOG 11:37:53.341] GetSubclassesOfParentClass: Found 0 types with ModuleLight parent in 10 assemblies.
[LOG 11:37:53.345] GetSubclassesOfParentClass: Found 0 types with ModuleReactionWheel parent in 10 assemblies.
[LOG 11:37:53.349] GetSubclassesOfParentClass: Found 0 types with ModuleSAS parent in 10 assemblies.
[LOG 11:37:53.354] GetSubclassesOfParentClass: Found 0 types with ModuleWheelBrakes parent in 10 assemblies.
[LOG 11:37:53.358] GetSubclassesOfParentClass: Found 1 types with ModuleWheelMotor parent in 10 assemblies.
[LOG 11:37:53.358] GetSubclassesOfParentClass: Using cached results for ModuleActiveRadiator
[LOG 11:37:53.362] GetSubclassesOfParentClass: Found 0 types with ModuleAnchoredDecoupler parent in 10 assemblies.
[LOG 11:37:53.366] GetSubclassesOfParentClass: Found 0 types with ModuleCargoBay parent in 10 assemblies.
[LOG 11:37:53.366] GetSubclassesOfParentClass: Using cached results for ModuleControlSurface
[LOG 11:37:53.366] GetSubclassesOfParentClass: Using cached results for ModuleDataTransmitter
[LOG 11:37:53.371] GetSubclassesOfParentClass: Found 0 types with ModuleDecouple parent in 10 assemblies.
[LOG 11:37:53.375] GetSubclassesOfParentClass: Found 4 types with ModuleDeployablePart parent in 10 assemblies.
[LOG 11:37:53.379] GetSubclassesOfParentClass: Found 0 types with ModuleDockingNode parent in 10 assemblies.
[LOG 11:37:53.379] GetSubclassesOfParentClass: Using cached results for ModuleEngines
[LOG 11:37:53.384] GetSubclassesOfParentClass: Found 0 types with CModuleFuelLine parent in 10 assemblies.
[LOG 11:37:53.388] GetSubclassesOfParentClass: Found 0 types with ModuleGPS parent in 10 assemblies.
[LOG 11:37:53.392] GetSubclassesOfParentClass: Found 0 types with ModuleGrappleNode parent in 10 assemblies.
[LOG 11:37:53.392] GetSubclassesOfParentClass: Using cached results for ModuleGrappleNode
[LOG 11:37:53.396] GetSubclassesOfParentClass: Found 0 types with ModuleKerbNetAccess parent in 10 assemblies.
[LOG 11:37:53.397] GetSubclassesOfParentClass: Using cached results for ModuleLight
[LOG 11:37:53.397] GetSubclassesOfParentClass: Using cached results for ModuleLight
[LOG 11:37:53.401] GetSubclassesOfParentClass: Found 0 types with ModuleProbeControlPoint parent in 10 assemblies.
[LOG 11:37:53.405] GetSubclassesOfParentClass: Found 1 types with ModuleRCS parent in 10 assemblies.
[LOG 11:37:53.406] GetSubclassesOfParentClass: Using cached results for ModuleRCS
[LOG 11:37:53.406] GetSubclassesOfParentClass: Using cached results for ModuleReactionWheel
[LOG 11:37:53.406] GetSubclassesOfParentClass: Using cached results for ModuleReactionWheel
[LOG 11:37:53.411] GetSubclassesOfParentClass: Found 0 types with ModuleResourceIntake parent in 10 assemblies.
[LOG 11:37:53.417] GetSubclassesOfParentClass: Found 0 types with ModuleScienceExperiment parent in 10 assemblies.
[LOG 11:37:53.421] GetSubclassesOfParentClass: Found 0 types with ModuleToggleCrossfeed parent in 10 assemblies.
[LOG 11:37:53.425] GetSubclassesOfParentClass: Found 0 types with ModuleWheelDeployment parent in 10 assemblies.
[LOG 11:37:53.436] ExpansionsLoader: Expansions loaded in 6.134s
[LOG 11:37:53.437] Loading Systems: Elapsed time is 43.57142s
[LOG 11:37:56.643] [AddonLoader]: Instantiating addon 'KSPCFFastLoaderPSystemSetup' from assembly 'KSPCommunityFixes'
[LOG 11:37:56.886] [Agent]: Found 19 agent mentality types
[LOG 11:37:56.888] [AgentList]: 31 agents parsed and loaded.
[LOG 11:37:56.917] [UIMasterController]: HideUI
[LOG 11:37:56.991] [CelestialBody]: Kerbin's solar day length is 1d, 0h, 0m long. sidereal day length is 5h, 59m, 9s long
[LOG 11:38:01.446] [UIMasterController]: HideUI
[LOG 11:38:01.452] [HighLogic]: =========================== Scene Change : From LOADING to MAINMENU =====================
[LOG 11:38:01.888] [AddonLoader]: Instantiating addon 'ContractDefs' from assembly 'KSP'
[LOG 11:38:01.905] [AddonLoader]: Instantiating addon 'KSPCFFastLoaderReport' from assembly 'KSPCommunityFixes'
[LOG 11:38:01.923] [UIMasterController]: ShowUI
[LOG 11:38:02.113] [GameParameters]: Loaded custom parameter class CommNetParams.
[LOG 11:38:02.114] [GameParameters]: Loaded custom parameter class MissionParamsGeneral.
[LOG 11:38:02.114] [GameParameters]: Loaded custom parameter class MissionParamsFacilities.
[LOG 11:38:02.114] [GameParameters]: Loaded custom parameter class MissionParamsExtras.
[LOG 11:38:02.114] [GameParameters]: Loaded custom parameter class AdvancedParams.
[LOG 11:38:02.130] [ReflectionUtil]: Found 40 types with UpgradeModule attribute in 10 assemblies.
[LOG 11:38:02.150] [KSPCF:FastLoader] Intel(R) Core(TM) Ultra 7 155H | 32265 MB | Intel(R) Arc(TM) Pro Graphics (18391 MB)
Total loading time to main menu : 55.883s
- Configs and assemblies loaded in 12.289s
- Configs reload done in 1.126s
- Configs translated in 0.009s
- 2332 assets loaded in 16.642s :
  - 86 audio assets (79.689 MiB) in 0.307s, 259.928 MiB/s
  - 1619 texture assets (1.293 GiB) in 12.479s, 106.107 MiB/s
  - 626 model assets (64.41 MiB) in 3.855s, 16.707 MiB/s
- Asset bundles loaded in 0.428s
- GameDatabase (configs, resources, traits, upgrades...) loaded in 0.052s
- Built-in parts copied in 0.035s
- Part and internal configs extracted in 0.001s
- 483 parts and 1927 modules compiled in 7.196s
  - 4.0 modules/part, 14.898 ms/part, 3.734 ms/module
  - PartIcon compilation : 0.750s
- 27 internal spaces and 56 props compiled in 0.141s
- 2 DLC (Making History, Breaking Ground) loaded in 6.167s
- Planetary system loaded in 5.680s
[LOG 11:38:02.150] Texture queries : 1709, slow path : 1 (0.06 %)
[LOG 11:38:02.155] [ModuleManager] Total loading Time = 43.780s
[LOG 11:38:02.204] [ScenarioTypes]: List Created 23 scenario types loaded from 10 loaded assemblies.
[WRN 11:38:02.213] File 'C:/Users/lhervier/Perso/ksp-dev/KSP_x64_Data/../Missions/MissionScoreInfo.cfg' does not exist
[LOG 11:38:02.216] [ApplicationLauncher] Awake False
[LOG 11:38:02.216] [ApplicationLauncher] SpawnSimpleLayout: VerticalTopDown
[LOG 11:38:02.227] [UiApp] Awake: 
[LOG 11:38:02.228] [ApplicationLauncher] OnSceneLoadedGUIReady: scene MAINMENU ShouldBeVisible() True ShouldBeOnTop() True iIsPositionedAtTop True
[LOG 11:38:02.255] [UIApp] Adding  to Application Launcher
[LOG 11:38:02.259] [ApplicationLauncher] SetHidden: 
[LOG 11:38:02.263] [MessageSystem] OnAppInitialized
[LOG 11:38:02.263] [MessageSystem] Reposition 0.0471995 5965
[LOG 11:38:15.771] [KSPUpgradePipeline]: claude (1.12.5) is up to date.
[LOG 11:38:15.778] [ExperienceSystem]: Found 0 trait types
[LOG 11:38:15.784] [ExperienceSystem]: Found 20 effect types
[LOG 11:38:15.809] [ScenarioTypes]: List Created 23 scenario types loaded from 10 loaded assemblies.
[LOG 11:38:15.830] Game State Saved to saves/claude/persistent
[LOG 11:38:15.841] [MessageSystem] Load Messages
[LOG 11:38:15.843] [UIMasterController]: HideUI
[LOG 11:38:15.844] [HighLogic]: =========================== Scene Change : From MAINMENU to SPACECENTER =====================
[LOG 11:38:16.108] [AddonLoader]: Instantiating addon 'CustomConfigsManager' from assembly 'ModuleManager'
[LOG 11:38:17.959] [UIMasterController]: ShowUI
[LOG 11:38:18.164] [SceneLoadSpeedBoost] Save loaded from disk in 2ms
[LOG 11:38:18.173] GetSubclassesOfParentClass: Found 7 types with AlarmTypeBase parent in 10 assemblies.
[LOG 11:38:18.179] Loading Depletion Nodes
[LOG 11:38:18.179] DepNodeCount:  0
[LOG 11:38:18.179] Loading Biome Nodes
[LOG 11:38:18.179] BiomeNodeCount:  0
[LOG 11:38:18.179] Loading Planet Nodes
[LOG 11:38:18.179] PlanetNodeCount:  0
[LOG 11:38:18.190] [ScenarioDestructibles]: Loading... 0 objects registered
[LOG 11:38:18.275] [UiApp] Awake: KSPedia
[LOG 11:38:18.275] [UiApp] Awake: Missions App
[LOG 11:38:18.275] [UiApp] Awake: AlarmClock
[LOG 11:38:18.276] [GenericAppFrame] Reposition 0 9306
[LOG 11:38:18.276] [ApplicationLauncher] OnSceneLoadedGUIReady: scene SPACECENTER ShouldBeVisible() True ShouldBeOnTop() False iIsPositionedAtTop True
[LOG 11:38:18.276] [ApplicationLauncher] SpawnSimpleLayout: HorizontalRightLeft
[LOG 11:38:18.278] [ApplicationLauncher] SetVisible: 
[LOG 11:38:18.346] [UIApp] OnDestroy: Contracts
[LOG 11:38:18.353] [MessageSystem] Reposition 0.02 9307
[LOG 11:38:18.353] [GenericAppFrame] Reposition 0.02 9307
[LOG 11:38:18.354] [GenericAppFrame] Reposition 0.02 9307
[LOG 11:38:18.442] [UIApp] Adding AlarmClock to Application Launcher
[LOG 11:38:18.443] [UIApp] Adding Missions App to Application Launcher
[LOG 11:38:18.485] [GenericAppFrame] Reposition 0.1211452 9313
[LOG 11:38:18.488] [MissionsApp] OnAppStarted(): id: -382878
[LOG 11:38:18.488] MissionsApp does not execute in this game mode, destroying this instance
[LOG 11:38:18.488] [UIApp] OnDestroy: Missions App
[LOG 11:38:18.500] [UIApp] Adding KSPedia to Application Launcher
[LOG 11:38:19.035] Game Paused!
[LOG 11:38:19.036] [UIMasterController]: ShowUI
[LOG 11:38:21.724] [KSPUpgradePipeline]: claude (1.12.5) is up to date.
[LOG 11:38:21.732] [ScenarioTypes]: List Created 23 scenario types loaded from 10 loaded assemblies.
[LOG 11:38:21.732] [MessageSystem] Load Messages
[LOG 11:38:21.735] [UIMasterController]: HideUI
[LOG 11:38:21.743] [HighLogic]: =========================== Scene Change : From SPACECENTER to FLIGHT =====================
[LOG 11:38:21.745] Game Unpaused!
[LOG 11:38:21.972] [UIApp] OnDestroy: KSPedia
[LOG 11:38:21.972] [UIApp] OnDestroy: AlarmClock
[LOG 11:38:21.975] [KSPCF:MemoryLeaks] Removed a onPlanetariumTargetChange callback owned by a destroyed Assembly-CSharp:CommNetVessel instance
[LOG 11:38:21.979] [KSPCF:MemoryLeaks] Leaving scene "SpaceCenter", cleaned 5 memory leaks in 0.006s. GameEvents callbacks : 471. Allocated memory : 676.238 MiB (managed heap), 2.196 GiB (unmanaged)
[LOG 11:38:21.985] UICanvasPrefabSpawner FlightUI spawning Flight
[LOG 11:38:22.006] UICanvasPrefabSpawner FlightUI spawning VesselLabels
[LOG 11:38:22.006] [UiApp] Awake: ResourceDisplay
[LOG 11:38:22.059] [AddonLoader]: Instantiating addon 'AeroGUI' from assembly 'KSP'
[LOG 11:38:22.067] [AddonLoader]: Instantiating addon 'TerrainPrecisionFixDiag2Mod' from assembly 'TerrainPrecisionFixDiag2Mod'
[LOG 11:38:22.068] [AddonLoader]: Instantiating addon 'TerrainPrecisionFixDiag3Mod' from assembly 'TerrainPrecisionFixDiag3Mod'
[LOG 11:38:22.069] [AddonLoader]: Instantiating addon 'TerrainPrecisionFixDiagMod' from assembly 'TerrainPrecisionFixDiagMod'
[LOG 11:38:22.071] [PlanetariumCamera]: Focus: Kerbin
[LOG 11:38:22.072] [UIMasterController]: HideUI
[LOG 11:38:22.278] [UIMasterController]: HideUI
[LOG 11:38:22.278] ------------------- initializing flight mode... ------------------
[LOG 11:38:22.280] GetSubclassesOfParentClass: Using cached results for AlarmTypeBase
[LOG 11:38:22.280] Loading Depletion Nodes
[LOG 11:38:22.280] DepNodeCount:  0
[LOG 11:38:22.280] Loading Biome Nodes
[LOG 11:38:22.280] BiomeNodeCount:  0
[LOG 11:38:22.280] Loading Planet Nodes
[LOG 11:38:22.280] PlanetNodeCount:  0
[LOG 11:38:22.282] [ScenarioDestructibles]: Loading... 0 objects registered
[LOG 11:38:22.307] Target vessel index: 7  vessel count: 11
[LOG 11:38:22.308] [FLIGHT GLOBALS]: Switching To Vessel Diag3-Rover ---------------------- 
[LOG 11:38:22.308] setting new dominant body: Kerbin
FlightGlobals.mainBody: Kerbin
[LOG 11:38:22.310] Reference Frame: Rotating
[LOG 11:38:22.341] [Diag3-Rover]: landed - waiting for ground contact to resume physics...
[LOG 11:38:22.350] Camera Mode: AUTO
[LOG 11:38:24.052] all systems started
[LOG 11:38:24.234] [Vaisseau sans nom]: landed - waiting for ground contact to resume physics...
[LOG 11:38:24.297] [UiApp] Awake: CurrencyWidgetsApp
[LOG 11:38:24.297] [UiApp] Awake: ResourceDisplay
[LOG 11:38:24.297] [UiApp] Awake: KSPedia
[LOG 11:38:24.297] [UiApp] Awake: Missions App
[LOG 11:38:24.297] [UiApp] Awake: DeltaVApp
[LOG 11:38:24.297] [UiApp] Awake: ActionGroupsApp
[LOG 11:38:24.298] [UiApp] Awake: Construction
[LOG 11:38:24.298] [UiApp] Awake: Cargo
[LOG 11:38:24.298] [UiApp] Awake: AlarmClock
[LOG 11:38:24.298] [UiApp] Awake: ManeuverTool
[LOG 11:38:24.298] [ApplicationLauncher] OnSceneLoadedGUIReady: scene FLIGHT ShouldBeVisible() True ShouldBeOnTop() True iIsPositionedAtTop False
[LOG 11:38:24.298] [ApplicationLauncher] SpawnSimpleLayout: VerticalTopDown
[LOG 11:38:24.301] [KnowledgeBase] OnAppLauncherReady 9554
[LOG 11:38:24.314] [UIApp] OnDestroy: Contracts
[LOG 11:38:24.344] [FlightIntegrator]: Reloaded drag cube for zeroed cube root part trussPiece3x (Diag3-Rover) on vessel Diag3-Rover
[LOG 11:38:24.359] [MessageSystem] Reposition 0.02 9555
[LOG 11:38:24.359] [GenericAppFrame] Reposition 0.02 9555
[LOG 11:38:24.359] [GenericAppFrame] Reposition 0.02 9555
[LOG 11:38:24.435] [FlightIntegrator]: Reloaded drag cube for zeroed cube root part fuelTankSmallFlat (Vaisseau sans nom) on vessel Vaisseau sans nom
[LOG 11:38:24.438] [PlanetariumCamera]: Focus: Diag3-Rover
[LOG 11:38:24.457] [UIApp] Adding ResourceDisplay to Application Launcher
[LOG 11:38:24.458] [UIApp] Adding ResourceDisplay to Application Launcher
[LOG 11:38:24.468] [ResourceDisplay] OnAppStarted(): id: -406470
[LOG 11:38:24.469] [GenericAppFrame] Reposition 0.1265008 9559
[LOG 11:38:24.469] [ResourceDisplay] OnAppStarted(): id: 264296
[LOG 11:38:24.469] ResourceDisplay already exist, destroying this instance
[LOG 11:38:24.470] [UIApp] OnDestroy: ResourceDisplay
[LOG 11:38:24.483] [UIApp] Adding AlarmClock to Application Launcher
[LOG 11:38:24.484] [UIApp] Adding ActionGroupsApp to Application Launcher
[LOG 11:38:24.485] [UIApp] Adding Missions App to Application Launcher
[LOG 11:38:24.486] CURRENCY WIDGET False False False
[LOG 11:38:24.488] [UIApp] OnDestroy: CurrencyWidgetsApp
[LOG 11:38:24.504] [GenericAppFrame] Reposition 0.15261 9561
[LOG 11:38:24.506] [ActionGroupsApp] OnAppStarted(): id: -406494
[LOG 11:38:24.507] [GenericAppFrame] Reposition 0.15261 9561
[LOG 11:38:24.508] [UIApp] Adding DeltaVApp to Application Launcher
[LOG 11:38:24.508] [MissionsApp] OnAppStarted(): id: -406482
[LOG 11:38:24.508] MissionsApp does not execute in this game mode, destroying this instance
[LOG 11:38:24.508] [UIApp] OnDestroy: Missions App
[LOG 11:38:24.519] [GenericAppFrame] Reposition 0.1757524 9562
[LOG 11:38:24.528] [UIApp] Adding Cargo to Application Launcher
[LOG 11:38:24.530] [UIApp] Adding Construction to Application Launcher
[LOG 11:38:24.531] [UIApp] Adding KSPedia to Application Launcher
[WRN 11:38:24.537] HighlightingSystem : Framebuffer depth data is not available and can't be used to occlude highlighting. Highlighting occluders enabled.
[LOG 11:38:24.551] [UIApp] Adding ManeuverTool to Application Launcher
[LOG 11:38:24.553] [ApplicationLauncher] SetHidden: 
[LOG 11:38:24.565] [GenericAppFrame] Reposition 0.2195075 9565
[LOG 11:38:24.572] [ManeuverTool]: Found 1 transfer types
[LOG 11:38:24.619] Flight State Captured
[LOG 11:38:24.622] Saving Achievements Tree...
[LOG 11:38:24.623] Saving Achievements Tree...
[LOG 11:38:24.625] [MessageSystem] Save Messages
[LOG 11:38:24.648] Game State Saved as persistent
[LOG 11:38:25.556] Unpacking Diag3-Rover
[LOG 11:38:25.578] [UIMasterController]: ShowUI
[LOG 11:39:58.572] Unpacking Vaisseau sans nom
[LOG 11:41:22.107] Packing Vaisseau sans nom for orbit
[LOG 11:42:22.525] Vaisseau sans nom Unloaded
[LOG 11:43:24.348] [FlightGlobals]: Active Vessel is moving (sqrVel = 20.2559148444256). Cannot save.
[LOG 11:43:48.077] [Vaisseau sans nom]: landed - waiting for ground contact to resume physics...
[LOG 11:43:48.121] [FlightIntegrator]: Reloaded drag cube for zeroed cube root part fuelTankSmallFlat (Vaisseau sans nom) on vessel Vaisseau sans nom
[LOG 11:43:48.136] [FlightIntegrator]: Vessel Vaisseau sans nom has been unloaded 85.6199999999221, applying analytic temperature 309.813682409962
[LOG 11:43:54.348] [FlightGlobals]: Active Vessel is moving (sqrVel = 49.3061147157309). Cannot save.
[LOG 11:44:24.357] Flight State Captured
[LOG 11:44:24.357] Saving Achievements Tree...
[LOG 11:44:24.357] Saving Achievements Tree...
[LOG 11:44:24.357] [MessageSystem] Save Messages
[LOG 11:44:24.387] Game State Saved to saves/claude/persistent
[LOG 11:44:24.395] [AutoSave]: Game Backed Up and Saved
[LOG 11:45:27.740] Unpacking Vaisseau sans nom
[LOG 11:47:09.776] Game Paused!
[LOG 11:47:09.778] [UIMasterController]: ShowUI
[LOG 11:47:11.008] Flight State Captured
[LOG 11:47:11.008] Saving Achievements Tree...
[LOG 11:47:11.008] Saving Achievements Tree...
[LOG 11:47:11.008] [MessageSystem] Save Messages
[LOG 11:47:11.026] Game State Saved to saves/claude/persistent
[LOG 11:47:11.038] [UIMasterController]: HideUI
[LOG 11:47:11.046] [HighLogic]: =========================== Scene Change : From FLIGHT to MAINMENU =====================
[LOG 11:47:11.414] [UIApp] OnDestroy: KSPedia
[LOG 11:47:11.415] [UIApp] OnDestroy: AlarmClock
[LOG 11:47:11.415] [UIApp] OnDestroy: Construction
[LOG 11:47:11.418] KbApp.OnDestroy Planet Parameters
[LOG 11:47:11.428] [UIApp] OnDestroy: Cargo
[LOG 11:47:11.428] [UIApp] OnDestroy: ManeuverTool
[LOG 11:47:11.429] KbApp.OnDestroy Planet Resources
[LOG 11:47:11.429] [UIApp] OnDestroy: ResourceDisplay
[LOG 11:47:11.429] KbApp.OnDestroy NullName
[LOG 11:47:11.429] KbApp.OnDestroy Unowned Info
[LOG 11:47:11.429] [UIApp] OnDestroy: DeltaVApp
[LOG 11:47:11.429] [UIApp] OnDestroy: ActionGroupsApp
[LOG 11:47:11.431] KbApp.OnDestroy Vessel Crew
[LOG 11:47:11.431] KbApp.OnDestroy Planet Info
[LOG 11:47:11.433] KbApp.OnDestroy Vessel Info
[LOG 11:47:11.435] [KSPCF:MemoryLeaks] Removed a onVesselChange callback owned by a destroyed Assembly-CSharp:ModuleDeployableSolarPanel instance
[LOG 11:47:11.435] [KSPCF:MemoryLeaks] Removed a onVesselChange callback owned by a destroyed Assembly-CSharp:ModuleDeployableSolarPanel instance
[LOG 11:47:11.435] [KSPCF:MemoryLeaks] Removed a onVesselChange callback owned by a destroyed Assembly-CSharp:ModuleDeployableSolarPanel instance
[LOG 11:47:11.435] [KSPCF:MemoryLeaks] Removed a onVesselChange callback owned by a destroyed Assembly-CSharp:ModuleDeployableSolarPanel instance
[LOG 11:47:11.435] [KSPCF:MemoryLeaks] Removed a onVesselChange callback owned by a destroyed Assembly-CSharp:ModuleDeployableSolarPanel instance
[LOG 11:47:11.435] [KSPCF:MemoryLeaks] Removed a onVesselChange callback owned by a destroyed Assembly-CSharp:ModuleDeployableSolarPanel instance
[LOG 11:47:11.435] [KSPCF:MemoryLeaks] Removed a OnMapExited callback owned by a destroyed Assembly-CSharp:NavBallToggle instance
[LOG 11:47:11.435] [KSPCF:MemoryLeaks] Removed a OnGameSettingsApplied callback owned by a destroyed Assembly-CSharp:VesselAutopilotUI instance
[LOG 11:47:11.435] [KSPCF:MemoryLeaks] Removed a onPartActionUICreate callback owned by a destroyed Assembly-CSharp:ModuleInventoryPart instance
[LOG 11:47:11.436] [KSPCF:MemoryLeaks] Removed a onModuleInventoryChanged callback owned by a destroyed Assembly-CSharp:ModuleInventoryPart instance
[LOG 11:47:11.436] [KSPCF:MemoryLeaks] Removed a OnDestructibleLoaded callback owned by a destroyed Assembly-CSharp:RunwayCollisionHandler instance
[LOG 11:47:11.436] [KSPCF:MemoryLeaks] Removed a OnClick callback owned by a destroyed Assembly-CSharp:EVAConstructionModeEditor instance
[LOG 11:47:11.436] [KSPCF:MemoryLeaks] Removed a TimingManager.Instance.timing5.onLateUpdate callback owned by a destroyed Assembly-CSharp:MapView instance
[LOG 11:47:11.436] [KSPCF:MemoryLeaks] Leaving scene "Flight", cleaned 83 memory leaks in 0.002s. GameEvents callbacks : 365. Allocated memory : 704.594 MiB (managed heap), 2.265 GiB (unmanaged)
[LOG 11:47:11.537] [UIMasterController]: ShowUI
[LOG 11:47:11.776] [ScenarioTypes]: List Created 23 scenario types loaded from 10 loaded assemblies.
[WRN 11:47:11.781] File 'C:/Users/lhervier/Perso/ksp-dev/KSP_x64_Data/../Missions/MissionScoreInfo.cfg' does not exist
[LOG 11:47:11.781] [ApplicationLauncher] OnSceneLoadedGUIReady: scene MAINMENU ShouldBeVisible() True ShouldBeOnTop() True iIsPositionedAtTop True
[LOG 11:47:11.782] [ApplicationLauncher] SetHidden: 
[LOG 11:47:11.861] [MessageSystem] Reposition 0.02 43582
[LOG 11:47:11.861] [GenericAppFrame] Reposition 0.02 43582
[LOG 11:47:11.861] [GenericAppFrame] Reposition 0.02 43582
[LOG 11:47:16.394] [UIApp] OnDestroy: 
