[LOG 20:05:50.066] ******* Log Initiated for Kerbal Space Program - 1.12.5.3190 (WindowsPlayer x64) fr-fr *******
Kerbal Space Program - 1.12.5.3190 (WindowsPlayer x64) fr-fr


OS: Windows 10  (10.0.0) 64bit
CPU: Intel(R) Core(TM) i7-4790K CPU @ 4.00GHz (8)
RAM: 32687
GPU: NVIDIA GeForce GTX 1060 6GB (6029MB)
SM: 50 (Direct3D 11.0 [level 11.1])
RT Formats: ARGB32, Depth, ARGBHalf, Shadowmap, RGB565, ARGB4444, ARGB1555, Default, ARGB2101010, DefaultHDR, ARGB64, ARGBFloat, RGFloat, RGHalf, RFloat, RHalf, R8, ARGBInt, RGInt, RInt, BGRA32, RGB111110Float, RG32, RGBAUShort, RG16, BGRA10101010_XR, BGR101010_XR, R16


Log started: Tue, Sep 22, 2026 20:05:50


[LOG 20:05:50.085] ActionCanvas MASK: 3458764513820540928
[LOG 20:05:50.086] AppCanvas MASK: 3458764513820540928
[LOG 20:05:50.087] MainCanvas MASK: 3458764513820540928
[LOG 20:05:57.796] Load(Assembly): /ModuleManager.4.2.3
[LOG 20:05:57.797] AssemblyLoader: Loading assembly at D:\KSP-Dev\GameData\ModuleManager.4.2.3.dll
[LOG 20:05:57.824] AssemblyLoader: KSPAssembly 'ModuleManager' V2.5.0
[LOG 20:05:57.824] Load(Assembly): 000_Harmony/0Harmony
[LOG 20:05:57.824] AssemblyLoader: Loading assembly at D:\KSP-Dev\GameData\000_Harmony\0Harmony.dll
[LOG 20:05:57.826] Load(Assembly): 000_Harmony/HarmonyInstallChecker
[LOG 20:05:57.826] AssemblyLoader: Loading assembly at D:\KSP-Dev\GameData\000_Harmony\HarmonyInstallChecker.dll
[LOG 20:05:57.827] AssemblyLoader: KSPAssembly 'HarmonyKSP' V1.0.0
[LOG 20:05:57.827] Load(Assembly): KSPCommunityFixes/Plugins/0_MultipleModuleInPartAPI
[LOG 20:05:57.827] AssemblyLoader: Loading assembly at D:\KSP-Dev\GameData\KSPCommunityFixes\Plugins\0_MultipleModuleInPartAPI.dll
[LOG 20:05:57.828] AssemblyLoader: KSPAssembly 'MultipleModulePartAPI' V1.0.0
[LOG 20:05:57.828] Load(Assembly): KSPCommunityFixes/Plugins/KSPCommunityFixes
[LOG 20:05:57.828] AssemblyLoader: Loading assembly at D:\KSP-Dev\GameData\KSPCommunityFixes\Plugins\KSPCommunityFixes.dll
[LOG 20:05:57.838] AssemblyLoader: KSPAssembly 'KSPCommunityFixes' V1.41.1
[LOG 20:05:57.838] AssemblyLoader: KSPAssemblyDependency 'HarmonyKSP' V1.0.0
[LOG 20:05:57.838] AssemblyLoader: KSPAssemblyDependency 'ModuleManager' V1.0.0
[LOG 20:05:57.838] AssemblyLoader: KSPAssemblyDependency 'MultipleModulePartAPI' V1.0.0
[LOG 20:05:57.839] Load(Assembly): TerrainPrecisionFixDiagMod/TerrainPrecisionFixDiagMod
[LOG 20:05:57.839] AssemblyLoader: Loading assembly at D:\KSP-Dev\GameData\TerrainPrecisionFixDiagMod\TerrainPrecisionFixDiagMod.dll
[LOG 20:05:57.841] AssemblyLoader: Loading assemblies
[LOG 20:05:57.932] VesselModules: Found VesselModule of type AxisGroupsModule with order 999
[LOG 20:05:57.976] VesselModules: Found VesselModule of type CometVessel with order 999
[LOG 20:05:57.978] VesselModules: Found VesselModule of type SuspensionLoadBalancer with order 999
[LOG 20:05:57.980] VesselModules: Found VesselModule of type FlightIntegrator with order 0
[LOG 20:05:57.982] VesselModules: Found VesselModule of type CommNetVessel with order 999
[LOG 20:05:57.987] VesselModules: Found 5 VesselModule types
[LOG 20:05:57.993] 
************************************************************************

Environment Info
Win32NT 7FFFFFFFFFFFFFFF  Args: KSP_x64.exe 

Mod DLLs found:
Stock assembly: Assembly-CSharp v0.0.0.0
ModuleManager v4.2.3.0
0Harmony v2.2.1.0
HarmonyInstallChecker v2.2.1.0
0_MultipleModuleInPartAPI v1.0.0.0 / v1.0.0+7969fdc50bf4e350193abe5ba2e89533b12ca02f
KSPCommunityFixes v1.41.0.0 / v1.41.1+7969fdc50bf4e350193abe5ba2e89533b12ca02f / v1.41.1.0
TerrainPrecisionFixDiagMod v1.0.9761.35878

Folders and files in GameData:
000_Harmony
KSPCommunityFixes
Stock folder: Squad

Stock folder: SquadExpansion

TerrainPrecisionFixDiagMod
ModuleManager.4.2.3.dll
ModuleManager.ConfigCache
ModuleManager.ConfigSHA
ModuleManager.Physics
ModuleManager.TechTree

************************************************************************

[LOG 20:05:58.013] [AddonLoader]: Instantiating addon 'ModuleManager' from assembly 'ModuleManager'
[LOG 20:05:58.025] [ModuleManager] Adding post patch to the loading screen 4
[LOG 20:05:58.028] [ModuleManager] Patching started on a new thread, all output will be directed to D:\KSP-Dev\Logs\ModuleManager\ModuleManager.log
[LOG 20:05:58.031] [AddonLoader]: Instantiating addon 'HarmonyInstallChecker' from assembly 'HarmonyKSP'
[LOG 20:05:58.032] [AddonLoader]: Instantiating addon 'KSPCommunityFixes' from assembly 'KSPCommunityFixes'
[LOG 20:05:58.033] [AddonLoader]: Instantiating addon 'NoIVA' from assembly 'KSPCommunityFixes'
[LOG 20:05:58.034] [AddonLoader]: Instantiating addon 'ConfigNodePerf' from assembly 'KSPCommunityFixes'
[LOG 20:05:58.286] [AddonLoader]: Instantiating addon 'KSPCFFastLoader' from assembly 'KSPCommunityFixes'
[LOG 20:05:58.288] [KSPCF] Injecting FastLoader...
[LOG 20:05:58.316] [KSPCommunityFixes] Patch GameDatabasePerf applied.
[LOG 20:05:58.425] [AddonLoader]: Instantiating addon 'ReflectionTypeLoadExceptionHandler' from assembly 'KSPCommunityFixes'
[LOG 20:05:59.607] [KSPCF] Taking over stock loader. An exception will follow, this is intended.
[EXC 20:05:59.611] Exception: Terminating stock loader coroutine, this is intended and not an error
	KSPCommunityFixes.Performance.KSPCFFastLoader.GameDatabase_SetupMainLoaders_Prefix () (at <62bb7f5420994f409a34377c091e8538>:0)
	(wrapper dynamic-method) GameDatabase.GameDatabase.SetupMainLoaders_Patch1(GameDatabase)
	GameDatabase+<LoadObjects>d__90.MoveNext () (at <4b449f2841f84227adfaad3149c8fdba>:0)
	UnityEngine.SetupCoroutine.InvokeMoveNext (System.Collections.IEnumerator enumerator, System.IntPtr returnValueAddress) (at <12e76cd50cc64cf19e759e981cb725af>:0)
	UnityEngine.DebugLogHandler:LogException(Exception, Object)
	ModuleManager.UnityLogHandle.InterceptLogHandler:LogException(Exception, Object)
	UnityEngine.MonoBehaviour:StartCoroutine(IEnumerator)
	<CreateDatabase>d__71:MoveNext()
	UnityEngine.MonoBehaviour:StartCoroutine(IEnumerator)
	GameDatabase:StartLoad()
	<LoadSystems>d__11:MoveNext()
	UnityEngine.MonoBehaviour:StartCoroutine(IEnumerator)
	LoadingScreen:Start()
[LOG 20:05:59.907] Preloading Asset Bundle Definitions
[LOG 20:06:00.328] Load Audio: Squad/Alarms/Sounds/Chirps
[LOG 20:06:00.351] Load Audio: Squad/Alarms/Sounds/Classic
[LOG 20:06:00.352] Load Audio: Squad/Alarms/Sounds/ClockTower
[LOG 20:06:00.352] Load Audio: Squad/Alarms/Sounds/ComputerGlass1
[LOG 20:06:00.352] Load Audio: Squad/Alarms/Sounds/ComputerGlass2
[LOG 20:06:00.352] Load Audio: Squad/Alarms/Sounds/ComputerShort
[LOG 20:06:00.352] Load Audio: Squad/Alarms/Sounds/ComputerTriad
[LOG 20:06:00.352] Load Audio: Squad/Alarms/Sounds/DoorBell
[LOG 20:06:00.353] Load Audio: Squad/Alarms/Sounds/Glass
[LOG 20:06:00.353] Load Audio: Squad/Alarms/Sounds/Klaxon
[LOG 20:06:00.353] Load Audio: Squad/Alarms/Sounds/Mobile
[LOG 20:06:00.353] Load Audio: Squad/Alarms/Sounds/Morning
[LOG 20:06:00.353] Load Audio: Squad/Alarms/Sounds/OldClock
[LOG 20:06:00.353] Load Audio: Squad/Alarms/Sounds/OldHorn
[LOG 20:06:00.353] Load Audio: Squad/Alarms/Sounds/Ripple
[LOG 20:06:00.354] Load Audio: Squad/Sounds/editorLoop01
[LOG 20:06:00.354] Load Audio: Squad/Sounds/elev_loop
[LOG 20:06:00.354] Load Audio: Squad/Sounds/elev_start
[LOG 20:06:00.354] Load Audio: Squad/Sounds/elev_stop
[LOG 20:06:00.354] Load Audio: Squad/Sounds/fireworks_explosion_2
[LOG 20:06:00.354] Load Audio: Squad/Sounds/fireworks_explosion_3
[LOG 20:06:00.354] Load Audio: Squad/Sounds/fireworks_explosion_4
[LOG 20:06:00.355] Load Audio: Squad/Sounds/fireworks_launch_boom
[LOG 20:06:00.355] Load Audio: Squad/Sounds/fireworks_only_crackle_crackle_1
[LOG 20:06:00.355] Load Audio: Squad/Sounds/fireworks_only_crackle_dragon_1
[LOG 20:06:00.994] Load Audio: Squad/Sounds/fireworks_only_crackle_palm_1
[LOG 20:06:00.994] Load Audio: Squad/Sounds/fireworks_whistle
[LOG 20:06:00.994] Load Audio: Squad/Sounds/ksp1_banana_V2_01
[LOG 20:06:01.185] Load Audio: Squad/Sounds/ksp1_banana_V2_04
[LOG 20:06:01.186] Load Audio: Squad/Sounds/ksp1_banana_V2_05
[LOG 20:06:01.186] Load Audio: Squad/Sounds/ksp1_golf_swing_normal
[LOG 20:06:01.186] Load Audio: Squad/Sounds/ksp1_ground_anchor_v2_1
[LOG 20:06:01.187] Load Audio: Squad/Sounds/ksp1_strunts_disconnect_v3_pitched2
[LOG 20:06:01.187] Load Audio: Squad/Sounds/repairKit_repair1
[LOG 20:06:01.187] Load Audio: Squad/Sounds/repairKit_repair2
[LOG 20:06:01.187] Load Audio: Squad/Sounds/sound_ambience_nature
[LOG 20:06:01.187] Load Audio: Squad/Sounds/sound_click_flick
[LOG 20:06:01.188] Load Audio: Squad/Sounds/sound_click_latch
[LOG 20:06:01.188] Load Audio: Squad/Sounds/sound_click_sharp
[LOG 20:06:01.188] Load Audio: Squad/Sounds/sound_click_tick
[LOG 20:06:01.188] Load Audio: Squad/Sounds/sound_click_tock
[LOG 20:06:01.189] Load Audio: Squad/Sounds/sound_decoupler_fire
[LOG 20:06:01.189] Load Audio: Squad/Sounds/sound_delete_bin
[LOG 20:06:01.189] Load Audio: Squad/Sounds/sound_explosion_debris1
[LOG 20:06:01.189] Load Audio: Squad/Sounds/sound_explosion_debris2
[LOG 20:06:01.189] Load Audio: Squad/Sounds/sound_explosion_large
[LOG 20:06:01.190] Load Audio: Squad/Sounds/sound_rocket_mini
[LOG 20:06:01.190] Load Audio: Squad/Sounds/sound_rocket_spurts
[LOG 20:06:01.190] Load Audio: Squad/Sounds/sound_servomotor
[LOG 20:06:01.190] Load Audio: Squad/Sounds/sound_tab_extend
[LOG 20:06:01.190] Load Audio: Squad/Sounds/sound_tab_retreat
[LOG 20:06:01.191] Load Audio: SquadExpansion/Serenity/Sounds/robo_arm_large_end
[LOG 20:06:01.191] Load Audio: SquadExpansion/Serenity/Sounds/robo_arm_large_motor_00
[LOG 20:06:01.241] Load Audio: SquadExpansion/Serenity/Sounds/robo_arm_large_scan
[LOG 20:06:01.241] Load Audio: SquadExpansion/Serenity/Sounds/robo_arm_large_start
[LOG 20:06:01.241] Load Audio: SquadExpansion/Serenity/Sounds/robo_arm_medium_end
[LOG 20:06:01.241] Load Audio: SquadExpansion/Serenity/Sounds/robo_arm_medium_motor_00
[LOG 20:06:01.241] Load Audio: SquadExpansion/Serenity/Sounds/robo_arm_medium_scan
[LOG 20:06:01.241] Load Audio: SquadExpansion/Serenity/Sounds/robo_arm_medium_start
[LOG 20:06:01.242] Load Audio: SquadExpansion/Serenity/Sounds/robo_arm_small_end
[LOG 20:06:01.242] Load Audio: SquadExpansion/Serenity/Sounds/robo_arm_small_motor_00
[LOG 20:06:01.242] Load Audio: SquadExpansion/Serenity/Sounds/robo_arm_small_scan
[LOG 20:06:01.242] Load Audio: SquadExpansion/Serenity/Sounds/robo_arm_small_start
[LOG 20:06:01.242] Load Audio: SquadExpansion/Serenity/Sounds/sfx_cryoVolcano_burst
[LOG 20:06:01.242] Load Audio: SquadExpansion/Serenity/Sounds/sfx_cryoVolcano_idle
[LOG 20:06:01.243] Load Audio: SquadExpansion/Serenity/Sounds/sfx_deployable_booster_antena_end
[LOG 20:06:01.243] Load Audio: SquadExpansion/Serenity/Sounds/sfx_deployable_booster_antena_start
[LOG 20:06:01.243] Load Audio: SquadExpansion/Serenity/Sounds/sfx_deployable_central_station_end
[LOG 20:06:01.243] Load Audio: SquadExpansion/Serenity/Sounds/sfx_deployable_central_station_loop
[LOG 20:06:01.243] Load Audio: SquadExpansion/Serenity/Sounds/sfx_deployable_central_station_start
[LOG 20:06:01.243] Load Audio: SquadExpansion/Serenity/Sounds/sfx_deployable_detector_end
[LOG 20:06:01.243] Load Audio: SquadExpansion/Serenity/Sounds/sfx_deployable_detector_start
[LOG 20:06:01.244] Load Audio: SquadExpansion/Serenity/Sounds/sfx_deployable_GoObEd_end
[LOG 20:06:01.244] Load Audio: SquadExpansion/Serenity/Sounds/sfx_deployable_GoObEd_loop
[LOG 20:06:01.244] Load Audio: SquadExpansion/Serenity/Sounds/sfx_deployable_GoObEd_start
[LOG 20:06:01.244] Load Audio: SquadExpansion/Serenity/Sounds/sfx_deployable_rtg_end
[LOG 20:06:01.244] Load Audio: SquadExpansion/Serenity/Sounds/sfx_deployable_rtg_start
[LOG 20:06:01.244] Load Audio: SquadExpansion/Serenity/Sounds/sfx_deployable_seismometer_end
[LOG 20:06:01.261] Load Audio: SquadExpansion/Serenity/Sounds/sfx_deployable_seismometer_start
[LOG 20:06:01.262] Load Audio: SquadExpansion/Serenity/Sounds/sfx_deployable_solar_panel_end
[LOG 20:06:01.262] Load Audio: SquadExpansion/Serenity/Sounds/sfx_deployable_solar_panel_start
[LOG 20:06:01.316] Load Audio: SquadExpansion/Serenity/Sounds/sfx_deployable_weather_station_end
[LOG 20:06:01.317] Load Audio: SquadExpansion/Serenity/Sounds/sfx_deployable_weather_station_loop
[LOG 20:06:01.317] Load Audio: SquadExpansion/Serenity/Sounds/sfx_deployable_weather_station_start
[LOG 20:06:01.317] Load Audio: SquadExpansion/Serenity/Sounds/sfx_geyser_burst
[LOG 20:06:01.317] Load Audio: SquadExpansion/Serenity/Sounds/sfx_geyser_idle
[LOG 20:06:01.355] Load DDS texture: KSPCommunityFixes/MMPatches/StockTweaks/Icons/Clamp-O-Tron
[LOG 20:06:01.359] Load TRUECOLOR texture: KSPCommunityFixes/MMPatches/StockTweaks/Icons/Clamp-O-Tron_scaled
[LOG 20:06:01.365] Load DDS texture: KSPCommunityFixes/MMPatches/StockTweaks/Icons/FreeFallParachutes
[LOG 20:06:01.369] Load TRUECOLOR texture: KSPCommunityFixes/MMPatches/StockTweaks/Icons/FreeFallParachutes_scaled
[LOG 20:06:01.374] Load DDS texture: KSPCommunityFixes/MMPatches/StockTweaks/Icons/LightYearTireCompany
[LOG 20:06:01.380] Load TRUECOLOR texture: KSPCommunityFixes/MMPatches/StockTweaks/Icons/LightYearTireCompany_scaled
[LOG 20:06:01.390] Load DDS texture: KSPCommunityFixes/MMPatches/StockTweaks/Icons/StratusCorporation
[LOG 20:06:01.396] Load TRUECOLOR texture: KSPCommunityFixes/MMPatches/StockTweaks/Icons/StratusCorporation_scaled
[LOG 20:06:01.406] Load DDS texture: Squad/Agencies/C7AerospaceDivision
[LOG 20:06:01.416] Load TRUECOLOR texture: Squad/Agencies/C7AerospaceDivision_scaled
[LOG 20:06:01.424] Load DDS texture: Squad/Agencies/DinkelsteinKermansConstructionEmporium
[LOG 20:06:01.428] Load TRUECOLOR texture: Squad/Agencies/DinkelsteinKermansConstructionEmporium_scaled
[LOG 20:06:01.434] Load DDS texture: Squad/Agencies/ExperimentalEngineering
[LOG 20:06:01.440] Load TRUECOLOR texture: Squad/Agencies/ExperimentalEngineering_scaled
[LOG 20:06:01.446] Load DDS texture: Squad/Agencies/FlooydResearchLab
[LOG 20:06:01.455] Load TRUECOLOR texture: Squad/Agencies/FlooydResearchLab_scaled
[LOG 20:06:01.464] Load DDS texture: Squad/Agencies/GoliathNationalProducts
[LOG 20:06:01.473] Load TRUECOLOR texture: Squad/Agencies/GoliathNationalProducts_scaled
[LOG 20:06:01.478] Load DDS texture: Squad/Agencies/IntegratedIntegrals
[LOG 20:06:01.486] Load TRUECOLOR texture: Squad/Agencies/IntegratedIntegrals_scaled
[LOG 20:06:01.491] Load DDS texture: Squad/Agencies/IonicSymphonicProtonicElectronics
[LOG 20:06:01.496] Load TRUECOLOR texture: Squad/Agencies/IonicSymphonicProtonicElectronics_scaled
[LOG 20:06:01.502] Load DDS texture: Squad/Agencies/JebsJunkyard
[LOG 20:06:01.507] Load TRUECOLOR texture: Squad/Agencies/JebsJunkyard_scaled
[LOG 20:06:01.518] Load DDS texture: Squad/Agencies/KerbalMotion
[LOG 20:06:01.524] Load TRUECOLOR texture: Squad/Agencies/KerbalMotion_scaled
[LOG 20:06:01.529] Load DDS texture: Squad/Agencies/KerbinWorldFirstRecordKeepingSociety
[LOG 20:06:01.536] Load TRUECOLOR texture: Squad/Agencies/KerbinWorldFirstRecordKeepingSociety_scaled
[LOG 20:06:01.549] Load DDS texture: Squad/Agencies/Kerbodyne
[LOG 20:06:01.558] Load TRUECOLOR texture: Squad/Agencies/Kerbodyne_scaled
[LOG 20:06:01.564] Load DDS texture: Squad/Agencies/Kerlington
[LOG 20:06:01.569] Load TRUECOLOR texture: Squad/Agencies/Kerlington_scaled
[LOG 20:06:01.574] Load DDS texture: Squad/Agencies/MaxoConstructionToys
[LOG 20:06:01.580] Load TRUECOLOR texture: Squad/Agencies/MaxoConstructionToys_scaled
[LOG 20:06:01.595] Load DDS texture: Squad/Agencies/MovingPartsExpertsGroup
[LOG 20:06:01.602] Load TRUECOLOR texture: Squad/Agencies/MovingPartsExpertsGroup_scaled
[LOG 20:06:01.609] Load DDS texture: Squad/Agencies/OMBDemolition
[LOG 20:06:01.616] Load TRUECOLOR texture: Squad/Agencies/OMBDemolition_scaled
[LOG 20:06:01.624] Load DDS texture: Squad/Agencies/PeriapsisCo
[LOG 20:06:01.631] Load TRUECOLOR texture: Squad/Agencies/PeriapsisCo_scaled
[LOG 20:06:01.636] Load DDS texture: Squad/Agencies/Probodobodyne
[LOG 20:06:01.642] Load TRUECOLOR texture: Squad/Agencies/Probodobodyne_scaled
[LOG 20:06:01.649] Load DDS texture: Squad/Agencies/R&D
[LOG 20:06:01.654] Load TRUECOLOR texture: Squad/Agencies/R&D_scaled
[LOG 20:06:01.663] Load DDS texture: Squad/Agencies/ReactionSystemsLtd
[LOG 20:06:01.669] Load TRUECOLOR texture: Squad/Agencies/ReactionSystemsLtd_scaled
[LOG 20:06:01.679] Load DDS texture: Squad/Agencies/Rockomax
[LOG 20:06:01.684] Load TRUECOLOR texture: Squad/Agencies/Rockomax_scaled
[LOG 20:06:01.690] Load DDS texture: Squad/Agencies/Rokea
[LOG 20:06:01.695] Load TRUECOLOR texture: Squad/Agencies/Rokea_scaled
[LOG 20:06:01.700] Load DDS texture: Squad/Agencies/SeansCannery
[LOG 20:06:01.705] Load TRUECOLOR texture: Squad/Agencies/SeansCannery_scaled
[LOG 20:06:01.711] Load DDS texture: Squad/Agencies/SteadlerEngineeringCorps
[LOG 20:06:01.723] Load TRUECOLOR texture: Squad/Agencies/SteadlerEngineeringCorps_scaled
[LOG 20:06:01.729] Load DDS texture: Squad/Agencies/StrutCo
[LOG 20:06:01.734] Load TRUECOLOR texture: Squad/Agencies/StrutCo_scaled
[LOG 20:06:01.744] Load DDS texture: Squad/Agencies/Vac-Co
[LOG 20:06:01.749] Load TRUECOLOR texture: Squad/Agencies/Vac-Co_scaled
[LOG 20:06:01.756] Load DDS texture: Squad/Agencies/WinterOwl
[LOG 20:06:01.760] Load TRUECOLOR texture: Squad/Agencies/WinterOwl_scaled
[LOG 20:06:01.772] Load DDS texture: Squad/Agencies/ZaltonicElectronics
[LOG 20:06:01.790] Load TRUECOLOR texture: Squad/Agencies/ZaltonicElectronics_scaled
[LOG 20:06:01.796] Load Cached PNG Texture: Squad/Alarms/Icons/ap
[LOG 20:06:01.803] Load Cached PNG Texture: Squad/Alarms/Icons/default
[LOG 20:06:01.818] Load Cached PNG Texture: Squad/Alarms/Icons/maneuver
[LOG 20:06:01.828] Load Cached PNG Texture: Squad/Alarms/Icons/pe
[LOG 20:06:01.834] Load Cached PNG Texture: Squad/Alarms/Icons/raw
[LOG 20:06:01.842] Load Cached PNG Texture: Squad/Alarms/Icons/soi
[LOG 20:06:01.848] Load Cached PNG Texture: Squad/Alarms/Icons/xfer
[LOG 20:06:01.858] Load DDS texture: Squad/Contracts/Icons/balloon
[LOG 20:06:01.863] Load DDS texture: Squad/Contracts/Icons/custom
[LOG 20:06:01.869] Load DDS texture: Squad/Contracts/Icons/default
[LOG 20:06:01.874] Load DDS texture: Squad/Contracts/Icons/dish
[LOG 20:06:01.879] Load DDS texture: Squad/Contracts/Icons/eva
[LOG 20:06:01.884] Load DDS texture: Squad/Contracts/Icons/gravity
[LOG 20:06:01.902] Load Cached PNG Texture: Squad/Contracts/Icons/ksc
[LOG 20:06:01.907] Load DDS texture: Squad/Contracts/Icons/launchsite
[LOG 20:06:01.912] Load DDS texture: Squad/Contracts/Icons/marker
[LOG 20:06:01.917] Load DDS texture: Squad/Contracts/Icons/pressure
[LOG 20:06:01.925] Load DDS texture: Squad/Contracts/Icons/report
[LOG 20:06:01.929] Load DDS texture: Squad/Contracts/Icons/runway
[LOG 20:06:01.935] Load DDS texture: Squad/Contracts/Icons/sample
[LOG 20:06:01.942] Load DDS texture: Squad/Contracts/Icons/seismic
[LOG 20:06:01.946] Load DDS texture: Squad/Contracts/Icons/thermometer
[LOG 20:06:01.979] Load DDS texture: Squad/Contracts/Icons/vessel
[LOG 20:06:01.985] Load Cached PNG Texture: Squad/Flags/09
[LOG 20:06:01.995] Load Cached PNG Texture: Squad/Flags/blorbs
[LOG 20:06:02.015] Load Cached PNG Texture: Squad/Flags/bullseye
[LOG 20:06:02.026] Load Cached PNG Texture: Squad/Flags/capsule
[LOG 20:06:02.035] Load Cached PNG Texture: Squad/Flags/circles
[LOG 20:06:02.041] Load Cached PNG Texture: Squad/Flags/default
[LOG 20:06:02.046] Load Cached PNG Texture: Squad/Flags/hexagon
[LOG 20:06:02.056] Load Cached PNG Texture: Squad/Flags/hexagonCircles
[LOG 20:06:02.061] Load Cached PNG Texture: Squad/Flags/kerbal1
[LOG 20:06:02.067] Load Cached PNG Texture: Squad/Flags/kerbal2
[LOG 20:06:02.073] Load Cached PNG Texture: Squad/Flags/kerbin
[LOG 20:06:02.078] Load Cached PNG Texture: Squad/Flags/kerbinmunflag
[LOG 20:06:02.087] Load Cached PNG Texture: Squad/Flags/line
[LOG 20:06:02.094] Load Cached PNG Texture: Squad/Flags/minimalistic
[LOG 20:06:02.106] Load Cached PNG Texture: Squad/Flags/orbit
[LOG 20:06:02.113] Load Cached PNG Texture: Squad/Flags/orbs
[LOG 20:06:02.119] Load Cached PNG Texture: Squad/Flags/retro
[LOG 20:06:02.127] Load Cached PNG Texture: Squad/Flags/rings
[LOG 20:06:02.135] Load Cached PNG Texture: Squad/Flags/rocketScience
[LOG 20:06:02.140] Load Cached PNG Texture: Squad/Flags/satellite
[LOG 20:06:02.149] Load Cached PNG Texture: Squad/Flags/Sentinel_Flag
[LOG 20:06:02.163] Load Cached PNG Texture: Squad/Flags/spheres
[LOG 20:06:02.165] Load Cached PNG Texture: Squad/Flags/squadLogo
[LOG 20:06:02.184] Load Cached PNG Texture: Squad/Flags/squadLogo2
[LOG 20:06:02.189] Load Cached PNG Texture: Squad/Flags/stripes
[LOG 20:06:02.199] Load Cached PNG Texture: Squad/Flags/trees
[LOG 20:06:02.212] Load Cached PNG Texture: Squad/Flags/trippy
[LOG 20:06:02.220] Load Cached PNG Texture: Squad/FlagsAgency/esa_dark_blue
[LOG 20:06:02.226] Load Cached PNG Texture: Squad/FlagsAgency/NASA
[LOG 20:06:02.231] Load Cached PNG Texture: Squad/FlagsAgency/uk_space_agency
[LOG 20:06:02.236] Load Cached PNG Texture: Squad/FlagsOrganization/B612_Foundation_flag
[LOG 20:06:02.243] Load Cached PNG Texture: Squad/FlagsOrganization/electron
[LOG 20:06:02.255] Load Cached PNG Texture: Squad/FlagsOrganization/ESA_Arianespace
[LOG 20:06:02.264] Load Cached PNG Texture: Squad/FlagsOrganization/rocketlab
[LOG 20:06:02.269] Load DDS texture: Squad/FX/DiamondBlue
[LOG 20:06:02.273] Load DDS texture: Squad/FX/FlameBlueOrange
[LOG 20:06:02.286] Load DDS texture: Squad/FX/FlamePurple
[LOG 20:06:02.292] Load DDS texture: Squad/FX/FlameRed
[LOG 20:06:02.298] Load DDS texture: Squad/FX/FlameRedOrange
[LOG 20:06:02.308] Load DDS texture: Squad/FX/Monoprop
[LOG 20:06:02.313] Load DDS texture: Squad/FX/plasma2
[LOG 20:06:02.321] Load DDS texture: Squad/FX/rocketplume2
[LOG 20:06:02.327] Load DDS texture: Squad/FX/shockDiamond2
[LOG 20:06:02.332] Load DDS texture: Squad/FX/smokepuff1
[LOG 20:06:02.346] Load DDS texture: Squad/Interiors/Administration/AdminBuilding_Lvl1
[LOG 20:06:02.353] Load DDS texture: Squad/Interiors/Administration/AdminBuilding_Lvl2
[LOG 20:06:02.366] Load DDS texture: Squad/Interiors/Administration/AdminBuilding_Lvl3
[LOG 20:06:02.383] Load DDS texture: Squad/MenuProps/MunOrBust
[LOG 20:06:02.390] Load Cached PNG Texture: Squad/Missions/Banners/Fail/default
[LOG 20:06:02.395] Load PNG texture: Squad/Missions/Banners/Menu/default
[WRN 20:06:02.400] Texture isn't eligible for DXT compression, width and height must be multiples of 4
[LOG 20:06:02.401] Load Cached PNG Texture: Squad/Missions/Banners/Success/default
[LOG 20:06:02.409] Load PNG texture: Squad/Missions/ESA-BepiColombo/Banners/Fail/ESA_MB_Fail_01
[WRN 20:06:02.412] Texture isn't eligible for DXT compression, width and height must be multiples of 4
[LOG 20:06:02.415] Load PNG texture: Squad/Missions/ESA-BepiColombo/Banners/Menu/ESA_MB_Select_01
[WRN 20:06:02.420] Texture isn't eligible for DXT compression, width and height must be multiples of 4
[LOG 20:06:02.426] Load PNG texture: Squad/Missions/ESA-BepiColombo/Banners/Success/ESA_MB_Success_01
[WRN 20:06:02.430] Texture isn't eligible for DXT compression, width and height must be multiples of 4
[LOG 20:06:02.432] Load PNG texture: Squad/Missions/ESA-BepiColombo-Short/Banners/Fail/ESA_MB_Fail_01
[WRN 20:06:02.436] Texture isn't eligible for DXT compression, width and height must be multiples of 4
[LOG 20:06:02.437] Load PNG texture: Squad/Missions/ESA-BepiColombo-Short/Banners/Menu/ESA_MB_Select_01
[WRN 20:06:02.442] Texture isn't eligible for DXT compression, width and height must be multiples of 4
[LOG 20:06:02.442] Load PNG texture: Squad/Missions/ESA-BepiColombo-Short/Banners/Success/ESA_MB_Success_01
[WRN 20:06:02.447] Texture isn't eligible for DXT compression, width and height must be multiples of 4
[LOG 20:06:02.451] Load PNG texture: Squad/Missions/ESA-Rosetta/Banners/Fail/ESA_MB_Fail_02
[WRN 20:06:02.456] Texture isn't eligible for DXT compression, width and height must be multiples of 4
[LOG 20:06:02.458] Load PNG texture: Squad/Missions/ESA-Rosetta/Banners/Menu/ESA_MB_Select_02
[WRN 20:06:02.461] Texture isn't eligible for DXT compression, width and height must be multiples of 4
[LOG 20:06:02.466] Load PNG texture: Squad/Missions/ESA-Rosetta/Banners/Success/ESA_MB_Success_02
[WRN 20:06:02.470] Texture isn't eligible for DXT compression, width and height must be multiples of 4
[LOG 20:06:02.471] Load Cached PNG Texture: Squad/PartList/SimpleIcons/ablator
[LOG 20:06:02.489] Load Cached PNG Texture: Squad/PartList/SimpleIcons/active_radiator
[LOG 20:06:02.509] Load Cached PNG Texture: Squad/PartList/SimpleIcons/asteroid_drill
[LOG 20:06:02.518] Load Cached PNG Texture: Squad/PartList/SimpleIcons/cargo_part
[LOG 20:06:02.523] Load Cached PNG Texture: Squad/PartList/SimpleIcons/comet_drill
[LOG 20:06:02.531] Load Cached PNG Texture: Squad/PartList/SimpleIcons/core_heat
[LOG 20:06:02.536] Load Cached PNG Texture: Squad/PartList/SimpleIcons/cs_main
[LOG 20:06:02.542] Load Cached PNG Texture: Squad/PartList/SimpleIcons/cs_mk2
[LOG 20:06:02.553] Load Cached PNG Texture: Squad/PartList/SimpleIcons/cs_mk3
[LOG 20:06:02.562] Load Cached PNG Texture: Squad/PartList/SimpleIcons/cs_size0
[LOG 20:06:02.568] Load Cached PNG Texture: Squad/PartList/SimpleIcons/cs_size1
[LOG 20:06:02.577] Load Cached PNG Texture: Squad/PartList/SimpleIcons/cs_size1p5
[LOG 20:06:02.584] Load Cached PNG Texture: Squad/PartList/SimpleIcons/cs_size2
[LOG 20:06:02.588] Load Cached PNG Texture: Squad/PartList/SimpleIcons/cs_size3
[LOG 20:06:02.597] Load Cached PNG Texture: Squad/PartList/SimpleIcons/cs_size4
[LOG 20:06:02.602] Load Cached PNG Texture: Squad/PartList/SimpleIcons/cs_surface
[LOG 20:06:02.611] Load Cached PNG Texture: Squad/PartList/SimpleIcons/custom_built_fairing
[LOG 20:06:02.617] Load Cached PNG Texture: Squad/PartList/SimpleIcons/deployable_antenna
[LOG 20:06:02.626] Load Cached PNG Texture: Squad/PartList/SimpleIcons/deployable_comms_part
[LOG 20:06:02.634] Load Cached PNG Texture: Squad/PartList/SimpleIcons/deployable_ground_part
[LOG 20:06:02.640] Load Cached PNG Texture: Squad/PartList/SimpleIcons/deployable_part
[LOG 20:06:02.648] Load Cached PNG Texture: Squad/PartList/SimpleIcons/deployable_radiator
[LOG 20:06:02.655] Load Cached PNG Texture: Squad/PartList/SimpleIcons/deployed_science_control_unit
[LOG 20:06:02.663] Load Cached PNG Texture: Squad/PartList/SimpleIcons/deployed_science_experiment
[LOG 20:06:02.671] Load Cached PNG Texture: Squad/PartList/SimpleIcons/deployed_science_part
[LOG 20:06:02.678] Load Cached PNG Texture: Squad/PartList/SimpleIcons/enviro_sensor
[LOG 20:06:02.688] Load Cached PNG Texture: Squad/PartList/SimpleIcons/experience_management
[LOG 20:06:02.702] Load Cached PNG Texture: Squad/PartList/SimpleIcons/fuels_monopropellant
[LOG 20:06:02.707] Load Cached PNG Texture: Squad/PartList/SimpleIcons/fuels_ore
[LOG 20:06:02.713] Load Cached PNG Texture: Squad/PartList/SimpleIcons/fuels_oxidizer
[LOG 20:06:02.717] Load Cached PNG Texture: Squad/PartList/SimpleIcons/fuels_solidfuel
[LOG 20:06:02.725] Load Cached PNG Texture: Squad/PartList/SimpleIcons/fuels_xenongas
[LOG 20:06:02.730] Load Cached PNG Texture: Squad/PartList/SimpleIcons/inventory_part
[LOG 20:06:02.735] Load Cached PNG Texture: Squad/PartList/SimpleIcons/kerbnet_access
[LOG 20:06:02.739] Load Cached PNG Texture: Squad/PartList/SimpleIcons/number1
[LOG 20:06:02.744] Load Cached PNG Texture: Squad/PartList/SimpleIcons/number2
[LOG 20:06:02.749] Load Cached PNG Texture: Squad/PartList/SimpleIcons/number3
[LOG 20:06:02.754] Load Cached PNG Texture: Squad/PartList/SimpleIcons/number4
[LOG 20:06:02.759] Load Cached PNG Texture: Squad/PartList/SimpleIcons/number5
[LOG 20:06:02.765] Load Cached PNG Texture: Squad/PartList/SimpleIcons/number6
[LOG 20:06:02.771] Load Cached PNG Texture: Squad/PartList/SimpleIcons/number7
[LOG 20:06:02.776] Load Cached PNG Texture: Squad/PartList/SimpleIcons/number8
[LOG 20:06:02.781] Load Cached PNG Texture: Squad/PartList/SimpleIcons/number9
[LOG 20:06:02.787] Load Cached PNG Texture: Squad/PartList/SimpleIcons/probe_control_unit
[LOG 20:06:02.794] Load Cached PNG Texture: Squad/PartList/SimpleIcons/R&D_node_icon_advaerodynamics
[LOG 20:06:02.800] Load Cached PNG Texture: Squad/PartList/SimpleIcons/R&D_node_icon_advancedmotors
[LOG 20:06:02.805] Load Cached PNG Texture: Squad/PartList/SimpleIcons/R&D_node_icon_advconstruction
[LOG 20:06:02.813] Load Cached PNG Texture: Squad/PartList/SimpleIcons/R&D_node_icon_advelectrics
[LOG 20:06:02.818] Load Cached PNG Texture: Squad/PartList/SimpleIcons/R&D_node_icon_advexploration
[LOG 20:06:02.825] Load Cached PNG Texture: Squad/PartList/SimpleIcons/R&D_node_icon_advflightcontrol
[LOG 20:06:02.830] Load Cached PNG Texture: Squad/PartList/SimpleIcons/R&D_node_icon_advlanding
[LOG 20:06:02.837] Load Cached PNG Texture: Squad/PartList/SimpleIcons/R&D_node_icon_advmetalworks
[LOG 20:06:02.841] Load Cached PNG Texture: Squad/PartList/SimpleIcons/R&D_node_icon_advrocketry
[LOG 20:06:02.851] Load Cached PNG Texture: Squad/PartList/SimpleIcons/R&D_node_icon_advsciencetech
[LOG 20:06:02.860] Load Cached PNG Texture: Squad/PartList/SimpleIcons/R&D_node_icon_advunmanned
[LOG 20:06:02.883] Load Cached PNG Texture: Squad/PartList/SimpleIcons/R&D_node_icon_aerodynamicsystems
[LOG 20:06:02.888] Load Cached PNG Texture: Squad/PartList/SimpleIcons/R&D_node_icon_aerospacetech
[LOG 20:06:02.894] Load Cached PNG Texture: Squad/PartList/SimpleIcons/R&D_node_icon_automation
[LOG 20:06:02.903] Load Cached PNG Texture: Squad/PartList/SimpleIcons/R&D_node_icon_basicprobes
[LOG 20:06:02.909] Load Cached PNG Texture: Squad/PartList/SimpleIcons/R&D_node_icon_basicrocketry
[LOG 20:06:02.914] Load Cached PNG Texture: Squad/PartList/SimpleIcons/R&D_node_icon_composites
[LOG 20:06:02.922] Load Cached PNG Texture: Squad/PartList/SimpleIcons/R&D_node_icon_electrics
[LOG 20:06:02.927] Load Cached PNG Texture: Squad/PartList/SimpleIcons/R&D_node_icon_electronics
[LOG 20:06:02.934] Load Cached PNG Texture: Squad/PartList/SimpleIcons/R&D_node_icon_evatech
[LOG 20:06:02.940] Load Cached PNG Texture: Squad/PartList/SimpleIcons/R&D_node_icon_experimentalaerodynamics
[LOG 20:06:02.948] Load Cached PNG Texture: Squad/PartList/SimpleIcons/R&D_node_icon_experimentalelectrics
[LOG 20:06:02.955] Load Cached PNG Texture: Squad/PartList/SimpleIcons/R&D_node_icon_experimentalmotors
[LOG 20:06:02.983] Load Cached PNG Texture: Squad/PartList/SimpleIcons/R&D_node_icon_experimentalrocketry
[LOG 20:06:02.989] Load Cached PNG Texture: Squad/PartList/SimpleIcons/R&D_node_icon_experimentalscience
[LOG 20:06:02.995] Load Cached PNG Texture: Squad/PartList/SimpleIcons/R&D_node_icon_fieldscience
[LOG 20:06:03.001] Load Cached PNG Texture: Squad/PartList/SimpleIcons/R&D_node_icon_flightcontrol
[LOG 20:06:03.008] Load Cached PNG Texture: Squad/PartList/SimpleIcons/R&D_node_icon_fuelsystems
[LOG 20:06:03.018] Load Cached PNG Texture: Squad/PartList/SimpleIcons/R&D_node_icon_generalconstruction
[LOG 20:06:03.025] Load Cached PNG Texture: Squad/PartList/SimpleIcons/R&D_node_icon_generalrocketry
[LOG 20:06:03.031] Load Cached PNG Texture: Squad/PartList/SimpleIcons/R&D_node_icon_generic
[LOG 20:06:03.040] Load Cached PNG Texture: Squad/PartList/SimpleIcons/R&D_node_icon_heavierrocketry
[LOG 20:06:03.044] Load Cached PNG Texture: Squad/PartList/SimpleIcons/R&D_node_icon_heavyaerodynamics
[LOG 20:06:03.049] Load Cached PNG Texture: Squad/PartList/SimpleIcons/R&D_node_icon_heavyrocketry
[LOG 20:06:03.054] Load Cached PNG Texture: Squad/PartList/SimpleIcons/R&D_node_icon_highaltitudeflight
[LOG 20:06:03.073] Load Cached PNG Texture: Squad/PartList/SimpleIcons/R&D_node_icon_highaltitudepropulsion
[LOG 20:06:03.083] Load Cached PNG Texture: Squad/PartList/SimpleIcons/R&D_node_icon_hypersonicflight
[LOG 20:06:03.087] Load Cached PNG Texture: Squad/PartList/SimpleIcons/R&D_node_icon_ionpropulsion
[LOG 20:06:03.103] Load Cached PNG Texture: Squad/PartList/SimpleIcons/R&D_node_icon_landing
[LOG 20:06:03.108] Load Cached PNG Texture: Squad/PartList/SimpleIcons/R&D_node_icon_largecontrol
[LOG 20:06:03.114] Load Cached PNG Texture: Squad/PartList/SimpleIcons/R&D_node_icon_largeelectrics
[LOG 20:06:03.123] Load Cached PNG Texture: Squad/PartList/SimpleIcons/R&D_node_icon_largeprobes
[LOG 20:06:03.129] Load Cached PNG Texture: Squad/PartList/SimpleIcons/R&D_node_icon_metamaterials
[LOG 20:06:03.134] Load Cached PNG Texture: Squad/PartList/SimpleIcons/R&D_node_icon_nanolathing
[LOG 20:06:03.147] Load Cached PNG Texture: Squad/PartList/SimpleIcons/R&D_node_icon_nuclearpropulsion
[LOG 20:06:03.156] Load Cached PNG Texture: Squad/PartList/SimpleIcons/R&D_node_icon_precisionengineering
[LOG 20:06:03.164] Load Cached PNG Texture: Squad/PartList/SimpleIcons/R&D_node_icon_robotics
[LOG 20:06:03.173] Load Cached PNG Texture: Squad/PartList/SimpleIcons/R&D_node_icon_sciencetech
[LOG 20:06:03.180] Load Cached PNG Texture: Squad/PartList/SimpleIcons/R&D_node_icon_specializedconstruction
[LOG 20:06:03.186] Load Cached PNG Texture: Squad/PartList/SimpleIcons/R&D_node_icon_specializedcontrol
[LOG 20:06:03.191] Load Cached PNG Texture: Squad/PartList/SimpleIcons/R&D_node_icon_specializedelectrics
[LOG 20:06:03.197] Load Cached PNG Texture: Squad/PartList/SimpleIcons/R&D_node_icon_stability
[LOG 20:06:03.207] Load Cached PNG Texture: Squad/PartList/SimpleIcons/R&D_node_icon_start
[LOG 20:06:03.215] Load Cached PNG Texture: Squad/PartList/SimpleIcons/R&D_node_icon_supersonicflight
[LOG 20:06:03.223] Load Cached PNG Texture: Squad/PartList/SimpleIcons/R&D_node_icon_survivability
[LOG 20:06:03.233] Load Cached PNG Texture: Squad/PartList/SimpleIcons/R&D_node_icon_unmannedtech
[LOG 20:06:03.240] Load Cached PNG Texture: Squad/PartList/SimpleIcons/R&D_node_icon_veryheavyrocketry
[LOG 20:06:03.246] Load Cached PNG Texture: Squad/PartList/SimpleIcons/rcsfx
[LOG 20:06:03.251] Load Cached PNG Texture: Squad/PartList/SimpleIcons/RDicon_aerospaceTech2
[LOG 20:06:03.262] Load Cached PNG Texture: Squad/PartList/SimpleIcons/RDicon_commandmodules
[LOG 20:06:03.266] Load Cached PNG Texture: Squad/PartList/SimpleIcons/RDicon_fuelSystems-advanced
[LOG 20:06:03.274] Load Cached PNG Texture: Squad/PartList/SimpleIcons/RDicon_fuelSystems-highPerformance
[LOG 20:06:03.286] Load Cached PNG Texture: Squad/PartList/SimpleIcons/RDicon_largeVolumeContainment
[LOG 20:06:03.293] Load Cached PNG Texture: Squad/PartList/SimpleIcons/RDicon_miniaturization
[LOG 20:06:03.303] Load Cached PNG Texture: Squad/PartList/SimpleIcons/RDicon_propulsion-precision
[LOG 20:06:03.309] Load Cached PNG Texture: Squad/PartList/SimpleIcons/RDicon_propulsionSystems
[LOG 20:06:03.315] Load Cached PNG Texture: Squad/PartList/SimpleIcons/RDicon_telescope
[LOG 20:06:03.333] Load Cached PNG Texture: Squad/PartList/SimpleIcons/robotic_controller
[LOG 20:06:03.340] Load Cached PNG Texture: Squad/PartList/SimpleIcons/robotic_rotation_servo
[LOG 20:06:03.346] Load Cached PNG Texture: Squad/PartList/SimpleIcons/robotic_servo_hinge
[LOG 20:06:03.355] Load Cached PNG Texture: Squad/PartList/SimpleIcons/robotic_servo_piston
[LOG 20:06:03.360] Load Cached PNG Texture: Squad/PartList/SimpleIcons/robotic_servo_rotor
[LOG 20:06:03.366] Load Cached PNG Texture: Squad/PartList/SimpleIcons/scanner_arm
[LOG 20:06:03.381] Load Cached PNG Texture: Squad/PartList/SimpleIcons/variant
[LOG 20:06:03.389] Load Cached PNG Texture: Squad/Parts/@thumbs/adapterSmallMiniShort_icon0
[LOG 20:06:03.401] Load Cached PNG Texture: Squad/Parts/@thumbs/adapterSmallMiniShort_icon1
[LOG 20:06:03.407] Load Cached PNG Texture: Squad/Parts/@thumbs/adapterSmallMiniTall_icon0
[LOG 20:06:03.413] Load Cached PNG Texture: Squad/Parts/@thumbs/adapterSmallMiniTall_icon1
[LOG 20:06:03.420] Load Cached PNG Texture: Squad/Parts/@thumbs/AdvancedCanard_icon
[LOG 20:06:03.432] Load Cached PNG Texture: Squad/Parts/@thumbs/advSasModule_icon
[LOG 20:06:03.445] Load Cached PNG Texture: Squad/Parts/@thumbs/airbrake1_icon
[LOG 20:06:03.463] Load Cached PNG Texture: Squad/Parts/@thumbs/airScoop_icon
[LOG 20:06:03.472] Load Cached PNG Texture: Squad/Parts/@thumbs/avionicsNoseCone_icon
[LOG 20:06:03.478] Load Cached PNG Texture: Squad/Parts/@thumbs/basicFin_icon
[LOG 20:06:03.486] Load Cached PNG Texture: Squad/Parts/@thumbs/batteryBankMini_icon
[LOG 20:06:03.492] Load Cached PNG Texture: Squad/Parts/@thumbs/batteryBank_icon
[LOG 20:06:03.500] Load Cached PNG Texture: Squad/Parts/@thumbs/batteryPack_icon
[LOG 20:06:03.519] Load Cached PNG Texture: Squad/Parts/@thumbs/cargoContainer_icon
[LOG 20:06:03.530] Load Cached PNG Texture: Squad/Parts/@thumbs/CargoStorageUnit_icon
[LOG 20:06:03.539] Load Cached PNG Texture: Squad/Parts/@thumbs/CircularIntake_icon
[LOG 20:06:03.553] Load Cached PNG Texture: Squad/Parts/@thumbs/commDish_icon
[LOG 20:06:03.560] Load Cached PNG Texture: Squad/Parts/@thumbs/Decoupler.0_icon0
[LOG 20:06:03.605] Load Cached PNG Texture: Squad/Parts/@thumbs/Decoupler.0_icon1
[LOG 20:06:03.629] Load Cached PNG Texture: Squad/Parts/@thumbs/Decoupler.1_icon0
[LOG 20:06:03.635] Load Cached PNG Texture: Squad/Parts/@thumbs/Decoupler.1_icon1
[LOG 20:06:03.642] Load Cached PNG Texture: Squad/Parts/@thumbs/dockingPort1_icon
[LOG 20:06:03.654] Load Cached PNG Texture: Squad/Parts/@thumbs/dockingPort2_icon
[LOG 20:06:03.660] Load Cached PNG Texture: Squad/Parts/@thumbs/dockingPort3_icon
[LOG 20:06:03.668] Load Cached PNG Texture: Squad/Parts/@thumbs/domeLight1_icon0
[LOG 20:06:03.675] Load Cached PNG Texture: Squad/Parts/@thumbs/domeLight1_icon1
[LOG 20:06:03.686] Load Cached PNG Texture: Squad/Parts/@thumbs/elevon2_icon
[LOG 20:06:03.705] Load Cached PNG Texture: Squad/Parts/@thumbs/elevon3_icon
[LOG 20:06:03.716] Load Cached PNG Texture: Squad/Parts/@thumbs/elevon5_icon
[LOG 20:06:03.721] Load Cached PNG Texture: Squad/Parts/@thumbs/evaChute_icon
[LOG 20:06:03.728] Load Cached PNG Texture: Squad/Parts/@thumbs/evaCylinder_icon
[LOG 20:06:03.743] Load Cached PNG Texture: Squad/Parts/@thumbs/evaJetpack_icon
[LOG 20:06:03.754] Load Cached PNG Texture: Squad/Parts/@thumbs/evaRepairKit_icon
[LOG 20:06:03.760] Load Cached PNG Texture: Squad/Parts/@thumbs/evaScienceKit_icon
[LOG 20:06:03.769] Load Cached PNG Texture: Squad/Parts/@thumbs/externalTankCapsule_icon0
[LOG 20:06:03.779] Load Cached PNG Texture: Squad/Parts/@thumbs/externalTankCapsule_icon1
[LOG 20:06:03.785] Load Cached PNG Texture: Squad/Parts/@thumbs/externalTankRound_icon0
[LOG 20:06:03.791] Load Cached PNG Texture: Squad/Parts/@thumbs/externalTankRound_icon1
[LOG 20:06:03.800] Load Cached PNG Texture: Squad/Parts/@thumbs/externalTankToroid_icon0
[LOG 20:06:03.812] Load Cached PNG Texture: Squad/Parts/@thumbs/externalTankToroid_icon1
[LOG 20:06:03.820] Load Cached PNG Texture: Squad/Parts/@thumbs/fireworksLauncherBig_icon
[LOG 20:06:03.827] Load Cached PNG Texture: Squad/Parts/@thumbs/fireworksLauncherSmall_icon
[LOG 20:06:03.833] Load Cached PNG Texture: Squad/Parts/@thumbs/foldingRadMed_icon
[LOG 20:06:03.845] Load Cached PNG Texture: Squad/Parts/@thumbs/foldingRadSmall_icon
[LOG 20:06:03.851] Load Cached PNG Texture: Squad/Parts/@thumbs/FuelCellArray_icon
[LOG 20:06:03.857] Load Cached PNG Texture: Squad/Parts/@thumbs/FuelCell_icon
[LOG 20:06:03.863] Load Cached PNG Texture: Squad/Parts/@thumbs/fuelTank.long_icon0
[LOG 20:06:03.871] Load Cached PNG Texture: Squad/Parts/@thumbs/fuelTankSmallFlat_icon0
[LOG 20:06:03.879] Load Cached PNG Texture: Squad/Parts/@thumbs/fuelTankSmallFlat_icon1
[LOG 20:06:03.887] Load Cached PNG Texture: Squad/Parts/@thumbs/fuelTankSmallFlat_icon2
[LOG 20:06:03.892] Load Cached PNG Texture: Squad/Parts/@thumbs/fuelTankSmallFlat_icon3
[LOG 20:06:03.899] Load Cached PNG Texture: Squad/Parts/@thumbs/fuelTankSmall_icon0
[LOG 20:06:03.911] Load Cached PNG Texture: Squad/Parts/@thumbs/fuelTankSmall_icon1
[LOG 20:06:03.920] Load Cached PNG Texture: Squad/Parts/@thumbs/fuelTankSmall_icon2
[LOG 20:06:03.925] Load Cached PNG Texture: Squad/Parts/@thumbs/fuelTankSmall_icon3
[LOG 20:06:03.934] Load Cached PNG Texture: Squad/Parts/@thumbs/fuelTank_icon0
[LOG 20:06:03.940] Load Cached PNG Texture: Squad/Parts/@thumbs/GearFixed_icon
[LOG 20:06:03.954] Load Cached PNG Texture: Squad/Parts/@thumbs/GearFree_icon
[LOG 20:06:03.962] Load Cached PNG Texture: Squad/Parts/@thumbs/GearSmall_icon
[LOG 20:06:03.975] Load Cached PNG Texture: Squad/Parts/@thumbs/GooExperiment_icon
[LOG 20:06:03.987] Load Cached PNG Texture: Squad/Parts/@thumbs/groundAnchor_icon
[LOG 20:06:04.005] Load Cached PNG Texture: Squad/Parts/@thumbs/groundLight1_icon
[LOG 20:06:04.012] Load Cached PNG Texture: Squad/Parts/@thumbs/groundLight2_icon
[LOG 20:06:04.023] Load Cached PNG Texture: Squad/Parts/@thumbs/HeatShield0_icon
[LOG 20:06:04.029] Load Cached PNG Texture: Squad/Parts/@thumbs/HeatShield1_icon
[LOG 20:06:04.037] Load Cached PNG Texture: Squad/Parts/@thumbs/HECS2.ProbeCore_icon
[LOG 20:06:04.043] Load Cached PNG Texture: Squad/Parts/@thumbs/HighGainAntenna5.v2_icon
[LOG 20:06:04.150] Load Cached PNG Texture: Squad/Parts/@thumbs/HighGainAntenna5_icon
[LOG 20:06:04.158] Load Cached PNG Texture: Squad/Parts/@thumbs/HighGainAntenna_icon
[LOG 20:06:04.164] Load Cached PNG Texture: Squad/Parts/@thumbs/IntakeRadialLong_icon
[LOG 20:06:04.173] Load Cached PNG Texture: Squad/Parts/@thumbs/ionEngine_icon
[LOG 20:06:04.189] Load Cached PNG Texture: Squad/Parts/@thumbs/ksp.r.largeBatteryPack_icon
[LOG 20:06:04.194] Load Cached PNG Texture: Squad/Parts/@thumbs/ladder1_icon
[LOG 20:06:04.212] Load Cached PNG Texture: Squad/Parts/@thumbs/landingLeg1-2_icon
[LOG 20:06:04.217] Load Cached PNG Texture: Squad/Parts/@thumbs/landingLeg1_icon
[LOG 20:06:04.223] Load Cached PNG Texture: Squad/Parts/@thumbs/LgRadialSolarPanel_icon
[LOG 20:06:04.231] Load Cached PNG Texture: Squad/Parts/@thumbs/linearRcs_icon
[LOG 20:06:04.238] Load Cached PNG Texture: Squad/Parts/@thumbs/liquidEngine2.v2_icon0
[LOG 20:06:04.244] Load Cached PNG Texture: Squad/Parts/@thumbs/liquidEngine3.v2_icon0
[LOG 20:06:04.256] Load Cached PNG Texture: Squad/Parts/@thumbs/liquidEngine3.v2_icon1
[LOG 20:06:04.261] Load Cached PNG Texture: Squad/Parts/@thumbs/liquidEngine3.v2_icon2
[LOG 20:06:04.268] Load Cached PNG Texture: Squad/Parts/@thumbs/liquidEngineMini.v2_icon0
[LOG 20:06:04.274] Load Cached PNG Texture: Squad/Parts/@thumbs/liquidEngineMini.v2_icon1
[LOG 20:06:04.281] Load Cached PNG Texture: Squad/Parts/@thumbs/liquidEngineMini.v2_icon2
[LOG 20:06:04.286] Load Cached PNG Texture: Squad/Parts/@thumbs/longAntenna_icon
[LOG 20:06:04.307] Load Cached PNG Texture: Squad/Parts/@thumbs/Magnetometer_icon
[LOG 20:06:04.314] Load Cached PNG Texture: Squad/Parts/@thumbs/mediumDishAntenna_icon
[LOG 20:06:04.326] Load Cached PNG Texture: Squad/Parts/@thumbs/microEngine.v2_icon0
[LOG 20:06:04.335] Load Cached PNG Texture: Squad/Parts/@thumbs/microEngine.v2_icon1
[LOG 20:06:04.342] Load Cached PNG Texture: Squad/Parts/@thumbs/MiniDrill_icon
[LOG 20:06:04.351] Load Cached PNG Texture: Squad/Parts/@thumbs/miniFuelTank_icon
[LOG 20:06:04.364] Load Cached PNG Texture: Squad/Parts/@thumbs/miniFuselage_icon
[LOG 20:06:04.371] Load Cached PNG Texture: Squad/Parts/@thumbs/miniIntake_icon
[LOG 20:06:04.381] Load Cached PNG Texture: Squad/Parts/@thumbs/miniJetEngine_icon
[LOG 20:06:04.388] Load Cached PNG Texture: Squad/Parts/@thumbs/miniLandingLeg_icon
[LOG 20:06:04.399] Load Cached PNG Texture: Squad/Parts/@thumbs/Mite_icon
[LOG 20:06:04.404] Load Cached PNG Texture: Squad/Parts/@thumbs/mk1pod.v2_icon0
[LOG 20:06:04.420] Load Cached PNG Texture: Squad/Parts/@thumbs/mk2DroneCore_icon
[LOG 20:06:04.430] Load Cached PNG Texture: Squad/Parts/@thumbs/mk2LanderCabin.v2_icon1
[LOG 20:06:04.436] Load Cached PNG Texture: Squad/Parts/@thumbs/MpoProbe_icon
[LOG 20:06:04.443] Load Cached PNG Texture: Squad/Parts/@thumbs/navLight1_icon0
[LOG 20:06:04.451] Load Cached PNG Texture: Squad/Parts/@thumbs/navLight1_icon1
[LOG 20:06:04.461] Load Cached PNG Texture: Squad/Parts/@thumbs/noseCone_icon0
[LOG 20:06:04.484] Load Cached PNG Texture: Squad/Parts/@thumbs/noseCone_icon1
[LOG 20:06:04.493] Load Cached PNG Texture: Squad/Parts/@thumbs/noseCone_icon2
[LOG 20:06:04.501] Load Cached PNG Texture: Squad/Parts/@thumbs/omsEngine_icon
[LOG 20:06:04.509] Load Cached PNG Texture: Squad/Parts/@thumbs/OrbitalScanner_icon
[LOG 20:06:04.518] Load Cached PNG Texture: Squad/Parts/@thumbs/parachuteDrogue_icon
[LOG 20:06:04.534] Load Cached PNG Texture: Squad/Parts/@thumbs/parachuteLarge_icon
[LOG 20:06:04.543] Load Cached PNG Texture: Squad/Parts/@thumbs/parachuteRadial_icon
[LOG 20:06:04.566] Load Cached PNG Texture: Squad/Parts/@thumbs/parachuteSingle_icon
[LOG 20:06:04.575] Load Cached PNG Texture: Squad/Parts/@thumbs/probeCoreCube_icon
[LOG 20:06:04.581] Load Cached PNG Texture: Squad/Parts/@thumbs/probeCoreHex.v2_icon
[LOG 20:06:04.589] Load Cached PNG Texture: Squad/Parts/@thumbs/probeCoreOcto.v2_icon
[LOG 20:06:04.596] Load Cached PNG Texture: Squad/Parts/@thumbs/probeCoreOcto2.v2_icon
[LOG 20:06:04.608] Load Cached PNG Texture: Squad/Parts/@thumbs/probeCoreSphere.v2_icon
[LOG 20:06:04.618] Load Cached PNG Texture: Squad/Parts/@thumbs/probeStackLarge_icon
[LOG 20:06:04.630] Load Cached PNG Texture: Squad/Parts/@thumbs/probeStackSmall_icon
[LOG 20:06:04.635] Load Cached PNG Texture: Squad/Parts/@thumbs/R8winglet_icon
[LOG 20:06:04.641] Load Cached PNG Texture: Squad/Parts/@thumbs/radialDecoupler1-2_icon
[LOG 20:06:04.649] Load Cached PNG Texture: Squad/Parts/@thumbs/radialDecoupler2_icon
[LOG 20:06:04.657] Load Cached PNG Texture: Squad/Parts/@thumbs/radialDecoupler_icon
[LOG 20:06:04.668] Load Cached PNG Texture: Squad/Parts/@thumbs/radialDrogue_icon
[LOG 20:06:04.674] Load Cached PNG Texture: Squad/Parts/@thumbs/radialEngineMini.v2_icon0
[LOG 20:06:04.681] Load Cached PNG Texture: Squad/Parts/@thumbs/radialEngineMini.v2_icon1
[LOG 20:06:04.689] Load Cached PNG Texture: Squad/Parts/@thumbs/radialLiquidEngine1-2_icon
[LOG 20:06:04.694] Load Cached PNG Texture: Squad/Parts/@thumbs/RadialOreTank_icon
[LOG 20:06:04.704] Load Cached PNG Texture: Squad/Parts/@thumbs/radialRCSTank_icon
[LOG 20:06:04.712] Load Cached PNG Texture: Squad/Parts/@thumbs/radPanelEdge_icon
[LOG 20:06:04.717] Load Cached PNG Texture: Squad/Parts/@thumbs/radPanelLg_icon
[LOG 20:06:04.724] Load Cached PNG Texture: Squad/Parts/@thumbs/radPanelSm_icon
[LOG 20:06:04.730] Load Cached PNG Texture: Squad/Parts/@thumbs/RCSblock.01.small_icon0
[LOG 20:06:04.737] Load Cached PNG Texture: Squad/Parts/@thumbs/RCSblock.01.small_icon1
[LOG 20:06:04.743] Load Cached PNG Texture: Squad/Parts/@thumbs/RCSblock.01.small_icon2
[LOG 20:06:04.749] Load Cached PNG Texture: Squad/Parts/@thumbs/RCSblock.01.small_icon3
[LOG 20:06:04.758] Load Cached PNG Texture: Squad/Parts/@thumbs/RCSblock.01.small_icon4
[LOG 20:06:04.774] Load Cached PNG Texture: Squad/Parts/@thumbs/RCSBlock.v2_icon
[LOG 20:06:04.780] Load Cached PNG Texture: Squad/Parts/@thumbs/RCSBlock.v2_icon0
[LOG 20:06:04.787] Load Cached PNG Texture: Squad/Parts/@thumbs/RCSBlock.v2_icon1
[LOG 20:06:04.797] Load Cached PNG Texture: Squad/Parts/@thumbs/RCSBlock.v2_icon2
[LOG 20:06:04.802] Load Cached PNG Texture: Squad/Parts/@thumbs/RCSBlock.v2_icon3
[LOG 20:06:04.809] Load Cached PNG Texture: Squad/Parts/@thumbs/RCSBlock.v2_icon4
[LOG 20:06:04.818] Load Cached PNG Texture: Squad/Parts/@thumbs/RCSFuelTank_icon
[LOG 20:06:04.830] Load Cached PNG Texture: Squad/Parts/@thumbs/RCSLinearSmall_icon
[LOG 20:06:04.841] Load Cached PNG Texture: Squad/Parts/@thumbs/rcsTankMini_icon
[LOG 20:06:04.848] Load Cached PNG Texture: Squad/Parts/@thumbs/RelayAntenna5_icon
[LOG 20:06:04.859] Load Cached PNG Texture: Squad/Parts/@thumbs/ReleaseValve_icon
[LOG 20:06:04.865] Load Cached PNG Texture: Squad/Parts/@thumbs/roverBody.v2_icon0
[LOG 20:06:04.871] Load Cached PNG Texture: Squad/Parts/@thumbs/roverBody.v2_icon1
[LOG 20:06:04.877] Load Cached PNG Texture: Squad/Parts/@thumbs/roverBody.v2_icon2
[LOG 20:06:04.906] Load Cached PNG Texture: Squad/Parts/@thumbs/roverWheel1_icon
[LOG 20:06:04.913] Load Cached PNG Texture: Squad/Parts/@thumbs/roverWheel2_icon
[LOG 20:06:04.974] Load Cached PNG Texture: Squad/Parts/@thumbs/rtg_icon
[LOG 20:06:04.990] Load Cached PNG Texture: Squad/Parts/@thumbs/sasModule_icon
[LOG 20:06:05.004] Load Cached PNG Texture: Squad/Parts/@thumbs/science.module_icon
[LOG 20:06:05.009] Load Cached PNG Texture: Squad/Parts/@thumbs/ScienceBox_icon
[LOG 20:06:05.016] Load Cached PNG Texture: Squad/Parts/@thumbs/seatExternalCmd_icon
[LOG 20:06:05.025] Load Cached PNG Texture: Squad/Parts/@thumbs/sensorAccelerometer_icon
[LOG 20:06:05.033] Load Cached PNG Texture: Squad/Parts/@thumbs/sensorAtmosphere_icon
[LOG 20:06:05.053] Load Cached PNG Texture: Squad/Parts/@thumbs/sensorBarometer_icon
[LOG 20:06:05.063] Load Cached PNG Texture: Squad/Parts/@thumbs/sensorGravimeter_icon
[LOG 20:06:05.069] Load Cached PNG Texture: Squad/Parts/@thumbs/sensorThermometer_icon
[LOG 20:06:05.076] Load Cached PNG Texture: Squad/Parts/@thumbs/Separator.0_icon0
[LOG 20:06:05.118] Load Cached PNG Texture: Squad/Parts/@thumbs/Separator.0_icon1
[LOG 20:06:05.128] Load Cached PNG Texture: Squad/Parts/@thumbs/Separator.1_icon0
[LOG 20:06:05.140] Load Cached PNG Texture: Squad/Parts/@thumbs/Separator.1_icon1
[LOG 20:06:05.146] Load Cached PNG Texture: Squad/Parts/@thumbs/sepMotor1_icon
[LOG 20:06:05.154] Load Cached PNG Texture: Squad/Parts/@thumbs/ServiceBay.125.v2_icon
[LOG 20:06:05.167] Load Cached PNG Texture: Squad/Parts/@thumbs/shockConeIntake_icon
[LOG 20:06:05.175] Load Cached PNG Texture: Squad/Parts/@thumbs/Shrimp_icon
[LOG 20:06:05.193] Load Cached PNG Texture: Squad/Parts/@thumbs/smallCargoContainer_icon
[LOG 20:06:05.208] Load Cached PNG Texture: Squad/Parts/@thumbs/smallClaw_icon0
[LOG 20:06:05.214] Load Cached PNG Texture: Squad/Parts/@thumbs/smallClaw_icon1
[LOG 20:06:05.229] Load Cached PNG Texture: Squad/Parts/@thumbs/smallCtrlSrf_icon
[LOG 20:06:05.241] Load Cached PNG Texture: Squad/Parts/@thumbs/SmallGearBay_icon
[LOG 20:06:05.262] Load Cached PNG Texture: Squad/Parts/@thumbs/smallHardpoint_icon
[LOG 20:06:05.271] Load Cached PNG Texture: Squad/Parts/@thumbs/smallRadialEngine.v2_icon0
[LOG 20:06:05.289] Load Cached PNG Texture: Squad/Parts/@thumbs/smallRadialEngine.v2_icon1
[LOG 20:06:05.294] Load Cached PNG Texture: Squad/Parts/@thumbs/solarPanelOX10C_icon
[LOG 20:06:05.301] Load Cached PNG Texture: Squad/Parts/@thumbs/solarPanelOX10L_icon
[LOG 20:06:05.308] Load Cached PNG Texture: Squad/Parts/@thumbs/solarPanels1_icon
[LOG 20:06:05.314] Load Cached PNG Texture: Squad/Parts/@thumbs/solarPanels2_icon
[LOG 20:06:05.319] Load Cached PNG Texture: Squad/Parts/@thumbs/solarPanels3_icon
[LOG 20:06:05.325] Load Cached PNG Texture: Squad/Parts/@thumbs/solarPanels4_icon
[LOG 20:06:05.331] Load Cached PNG Texture: Squad/Parts/@thumbs/solarPanels5_icon
[LOG 20:06:05.342] Load Cached PNG Texture: Squad/Parts/@thumbs/solarPanelSP10C_icon
[LOG 20:06:05.351] Load Cached PNG Texture: Squad/Parts/@thumbs/solarPanelSP10L_icon
[LOG 20:06:05.358] Load Cached PNG Texture: Squad/Parts/@thumbs/solidBooster.sm.v2_icon0
[LOG 20:06:05.364] Load Cached PNG Texture: Squad/Parts/@thumbs/solidBooster.v2_icon0
[LOG 20:06:05.373] Load Cached PNG Texture: Squad/Parts/@thumbs/spotLight1_icon
[LOG 20:06:05.379] Load Cached PNG Texture: Squad/Parts/@thumbs/spotLight2_icon
[LOG 20:06:05.385] Load Cached PNG Texture: Squad/Parts/@thumbs/spotLight3_icon0
[LOG 20:06:05.405] Load Cached PNG Texture: Squad/Parts/@thumbs/spotLight3_icon1
[LOG 20:06:05.411] Load Cached PNG Texture: Squad/Parts/@thumbs/stackPoint1_icon
[LOG 20:06:05.421] Load Cached PNG Texture: Squad/Parts/@thumbs/StandardCtrlSrf_icon
[LOG 20:06:05.428] Load Cached PNG Texture: Squad/Parts/@thumbs/standardNoseCone_icon
[LOG 20:06:05.445] Load Cached PNG Texture: Squad/Parts/@thumbs/stripLight1_icon0
[LOG 20:06:05.451] Load Cached PNG Texture: Squad/Parts/@thumbs/stripLight1_icon1
[LOG 20:06:05.459] Load Cached PNG Texture: Squad/Parts/@thumbs/structuralIBeam1_icon
[LOG 20:06:05.471] Load Cached PNG Texture: Squad/Parts/@thumbs/structuralIBeam3_icon
[LOG 20:06:05.478] Load Cached PNG Texture: Squad/Parts/@thumbs/structuralMiniNode_icon
[LOG 20:06:05.514] Load Cached PNG Texture: Squad/Parts/@thumbs/structuralPanel1_icon
[LOG 20:06:05.522] Load Cached PNG Texture: Squad/Parts/@thumbs/structuralPanel2_icon
[LOG 20:06:05.541] Load Cached PNG Texture: Squad/Parts/@thumbs/structuralWing4_icon
[LOG 20:06:05.546] Load Cached PNG Texture: Squad/Parts/@thumbs/strutCube_icon
[LOG 20:06:05.553] Load Cached PNG Texture: Squad/Parts/@thumbs/strutOcto_icon
[LOG 20:06:05.559] Load Cached PNG Texture: Squad/Parts/@thumbs/SurfaceScanner_icon
[LOG 20:06:05.567] Load Cached PNG Texture: Squad/Parts/@thumbs/SurfAntenna_icon
[LOG 20:06:05.576] Load Cached PNG Texture: Squad/Parts/@thumbs/telescopicLadderBay_icon
[LOG 20:06:05.582] Load Cached PNG Texture: Squad/Parts/@thumbs/telescopicLadder_icon
[LOG 20:06:05.591] Load Cached PNG Texture: Squad/Parts/@thumbs/toroidalAerospike_icon
[LOG 20:06:05.598] Load Cached PNG Texture: Squad/Parts/@thumbs/trussAdapter_icon
[LOG 20:06:05.608] Load Cached PNG Texture: Squad/Parts/@thumbs/trussPiece1x_icon
[LOG 20:06:05.617] Load Cached PNG Texture: Squad/Parts/@thumbs/trussPiece3x_icon
[LOG 20:06:05.622] Load Cached PNG Texture: Squad/Parts/@thumbs/vernierEngine_icon
[LOG 20:06:05.627] Load Cached PNG Texture: Squad/Parts/@thumbs/wheelMed_icon
[LOG 20:06:05.638] Load Cached PNG Texture: Squad/Parts/@thumbs/wingConnector4_icon
[LOG 20:06:05.644] Load Cached PNG Texture: Squad/Parts/@thumbs/wingConnector5_icon
[LOG 20:06:05.650] Load Cached PNG Texture: Squad/Parts/@thumbs/winglet3_icon
[LOG 20:06:05.666] Load Cached PNG Texture: Squad/Parts/@thumbs/winglet_icon
[LOG 20:06:05.673] Load Cached PNG Texture: Squad/Parts/@thumbs/wingShuttleElevon1_icon
[LOG 20:06:05.679] Load Cached PNG Texture: Squad/Parts/@thumbs/xenonTankLarge_icon
[LOG 20:06:05.696] Load Cached PNG Texture: Squad/Parts/@thumbs/xenonTankRadial_icon
[LOG 20:06:05.703] Load Cached PNG Texture: Squad/Parts/@thumbs/xenonTank_icon
[LOG 20:06:05.708] Load DDS texture: Squad/Parts/Aero/aerodynamicNoseCone/Rockomax_Adapters_diffuse
[LOG 20:06:05.711] Load DDS texture: Squad/Parts/Aero/aerodynamicNoseCone/Rockomax_Adapters_normal
[LOG 20:06:05.716] Load DDS texture: Squad/Parts/Aero/airbrake/airbrake
[LOG 20:06:05.723] Load DDS texture: Squad/Parts/Aero/airIntakeRadialXM-G50/RadialIntake
[LOG 20:06:05.734] Load DDS texture: Squad/Parts/Aero/airlinerWings/AirlinerWings
[LOG 20:06:05.744] Load DDS texture: Squad/Parts/Aero/airplaneFins/AirplaneFins
[LOG 20:06:05.750] Load DDS texture: Squad/Parts/Aero/basicFin/BasicFin
[LOG 20:06:05.755] Load DDS texture: Squad/Parts/Aero/circularIntake/CircluarIntakes
[LOG 20:06:05.763] Load DDS texture: Squad/Parts/Aero/circularIntake/CircluarIntakes_Heat
[LOG 20:06:05.769] Load DDS texture: Squad/Parts/Aero/cones/Assets/Cones
[LOG 20:06:05.775] Load DDS texture: Squad/Parts/Aero/cones/Assets/ConesDiffuse
[LOG 20:06:05.785] Load DDS texture: Squad/Parts/Aero/cones/Assets/ConesDiffuse_Orange
[LOG 20:06:05.790] Load DDS texture: Squad/Parts/Aero/cones/Assets/ConesDiffuse_White
[LOG 20:06:05.796] Load DDS texture: Squad/Parts/Aero/cones/Assets/ConesHeat
[LOG 20:06:05.804] Load DDS texture: Squad/Parts/Aero/cones/Assets/ConesHeat_Orange
[LOG 20:06:05.810] Load DDS texture: Squad/Parts/Aero/cones/Assets/ConesHeat_White
[LOG 20:06:05.816] Load DDS texture: Squad/Parts/Aero/cones/Assets/Cones_Heat
[LOG 20:06:05.824] Load Cached PNG Texture: Squad/Parts/Aero/cones/Assets/rocketNoseCones_O
[LOG 20:06:05.834] Load Cached PNG Texture: Squad/Parts/Aero/cones/Assets/rocketNoseCones_O_Normal
[LOG 20:06:05.841] Load DDS texture: Squad/Parts/Aero/cones/Assets/rocketNoseCones_W
[LOG 20:06:05.848] Load DDS texture: Squad/Parts/Aero/cones/Assets/Rockomax_Adapters_diffuse
[LOG 20:06:05.849] Load DDS texture: Squad/Parts/Aero/cones/Assets/Rockomax_Adapters_normal
[LOG 20:06:05.851] Load DDS texture: Squad/Parts/Aero/fairings/AutoTruss
[LOG 20:06:05.859] Load DDS texture: Squad/Parts/Aero/fairings/FairingBase
[LOG 20:06:05.868] Load DDS texture: Squad/Parts/Aero/fairings/FairingBaseNormals
[LOG 20:06:05.876] Load DDS texture: Squad/Parts/Aero/fairings/FairingBaseNormals_bw
[LOG 20:06:05.882] Load DDS texture: Squad/Parts/Aero/fairings/FairingBaseNormals_goldSilver
[LOG 20:06:05.887] Load DDS texture: Squad/Parts/Aero/fairings/FairingBaseNormals_orange
[LOG 20:06:05.893] Load Cached PNG Texture: Squad/Parts/Aero/fairings/FairingBase_black
[LOG 20:06:05.909] Load DDS texture: Squad/Parts/Aero/fairings/FairingBase_bw
[LOG 20:06:05.916] Load DDS texture: Squad/Parts/Aero/fairings/FairingBase_goldDiffuse
[LOG 20:06:05.922] Load DDS texture: Squad/Parts/Aero/fairings/FairingBase_goldSpecular
[LOG 20:06:05.935] Load DDS texture: Squad/Parts/Aero/fairings/FairingBase_orange
[LOG 20:06:05.940] Load DDS texture: Squad/Parts/Aero/fairings/FairingBase_silverDiffuse
[LOG 20:06:05.949] Load DDS texture: Squad/Parts/Aero/fairings/FairingBase_silverSpecular
[LOG 20:06:05.955] Load DDS texture: Squad/Parts/Aero/fairings/fairingsCap
[LOG 20:06:05.961] Load DDS texture: Squad/Parts/Aero/fairings/FairingsMat_silverSpecular
[LOG 20:06:05.972] Load DDS texture: Squad/Parts/Aero/fairings/fairings_diff
[LOG 20:06:05.988] Load DDS texture: Squad/Parts/Aero/fairings/fairings_diff_grey
[LOG 20:06:06.004] Load DDS texture: Squad/Parts/Aero/fairings/fairings_diff_orange
[LOG 20:06:06.010] Load DDS texture: Squad/Parts/Aero/fairings/fairings_grey_normals
[LOG 20:06:06.021] Load DDS texture: Squad/Parts/Aero/fairings/fairings_normals
[LOG 20:06:06.036] Load DDS texture: Squad/Parts/Aero/fairings/fairings_normals_silver
[LOG 20:06:06.045] Load DDS texture: Squad/Parts/Aero/fairings/fairings_orange_normals
[LOG 20:06:06.052] Load DDS texture: Squad/Parts/Aero/fairings/fairings_silverDiffuse
[LOG 20:06:06.059] Load DDS texture: Squad/Parts/Aero/HeatShield/Fairing
[LOG 20:06:06.064] Load DDS texture: Squad/Parts/Aero/HeatShield/heatshield
[LOG 20:06:06.070] Load DDS texture: Squad/Parts/Aero/InflatableHeatShield/HeatShield
[LOG 20:06:06.085] Load DDS texture: Squad/Parts/Aero/InflatableHeatShield/HeatShieldFairing
[LOG 20:06:06.094] Load DDS texture: Squad/Parts/Aero/InflatableHeatShield/HeatShield_NRM
[LOG 20:06:06.101] Load DDS texture: Squad/Parts/Aero/intakeRadialLong/Radial_long
[LOG 20:06:06.105] Load DDS texture: Squad/Parts/Aero/miniIntake/SmallIntake
[LOG 20:06:06.112] Load DDS texture: Squad/Parts/Aero/ramAirIntake/RampIntake
[LOG 20:06:06.117] Load DDS texture: Squad/Parts/Aero/ramAirIntake/RampIntake_Heat
[LOG 20:06:06.132] Load DDS texture: Squad/Parts/Aero/shuttleWings/ShuttleWings
[LOG 20:06:06.139] Load DDS texture: Squad/Parts/Aero/wingletAV-R8/model000
[LOG 20:06:06.149] Load DDS texture: Squad/Parts/Aero/wingletAV-R8/model001
[LOG 20:06:06.154] Load DDS texture: Squad/Parts/Aero/wingletAV-T1/model000
[LOG 20:06:06.160] Load DDS texture: Squad/Parts/Aero/wingletAV-T1/model001
[LOG 20:06:06.173] Load DDS texture: Squad/Parts/Aero/wingletDeltaDeluxe/model000
[LOG 20:06:06.179] Load DDS texture: Squad/Parts/Aero/wings/Wings
[LOG 20:06:06.185] Load DDS texture: Squad/Parts/Cargo/CargoContainers/cargoContainer_diff
[LOG 20:06:06.195] Load DDS texture: Squad/Parts/Cargo/CargoContainers/smallCargoContainer_diffuse
[LOG 20:06:06.209] Load DDS texture: Squad/Parts/Cargo/CargoContainers/smallCargoContainer_nrm
[LOG 20:06:06.217] Load DDS texture: Squad/Parts/Cargo/CargoContainers/smallCargoContainer_specular
[LOG 20:06:06.225] Load DDS texture: Squad/Parts/Cargo/Cylinder/EVAcylinder_diffuse
[LOG 20:06:06.241] Load DDS texture: Squad/Parts/Cargo/Cylinder/EVAcylinder_nrm
[LOG 20:06:06.246] Load DDS texture: Squad/Parts/Cargo/GroundAnchor/groundAnchor_diffuse
[LOG 20:06:06.255] Load DDS texture: Squad/Parts/Cargo/GroundAnchor/groundAnchor_nrm
[LOG 20:06:06.265] Load DDS texture: Squad/Parts/Cargo/Jetpack/EVAjetpack
[LOG 20:06:06.276] Load DDS texture: Squad/Parts/Cargo/Jetpack/EVAjetpackEmmisive
[LOG 20:06:06.282] Load DDS texture: Squad/Parts/Cargo/Jetpack/EVAjetpackNRM
[LOG 20:06:06.294] Load DDS texture: Squad/Parts/Cargo/Parachute/backpack_Diff
[LOG 20:06:06.305] Load DDS texture: Squad/Parts/Cargo/Parachute/backpack_NM
[LOG 20:06:06.313] Load DDS texture: Squad/Parts/Cargo/RepairKit/RepairKit_Diffuse
[LOG 20:06:06.318] Load DDS texture: Squad/Parts/Cargo/RepairKit/RepairKit_Normal
[LOG 20:06:06.334] Load DDS texture: Squad/Parts/Cargo/ScienceKit/ExperimentKit_Material_Diffuse
[LOG 20:06:06.342] Load DDS texture: Squad/Parts/Cargo/ScienceKit/ExperimentKit_Material_Emissive
[LOG 20:06:06.352] Load DDS texture: Squad/Parts/Cargo/ScienceKit/ExperimentKit_Material_Normal
[LOG 20:06:06.366] Load DDS texture: Squad/Parts/Cargo/StorageUnits/Assets/Cargo_Material_Diffuse
[LOG 20:06:06.374] Load DDS texture: Squad/Parts/Cargo/StorageUnits/Assets/Cargo_Material_Normal
[LOG 20:06:06.384] Load DDS texture: Squad/Parts/Command/advancedSasModuleLarge/model000
[LOG 20:06:06.409] Load DDS texture: Squad/Parts/Command/advancedSasModuleLarge/model001
[LOG 20:06:06.414] Load DDS texture: Squad/Parts/Command/cupola/cupola_Emissive
[LOG 20:06:06.420] Load DDS texture: Squad/Parts/Command/cupola/ksp_l_cupola_diff
[LOG 20:06:06.430] Load DDS texture: Squad/Parts/Command/cupola/ksp_l_cupola_normal
[LOG 20:06:06.436] Load DDS texture: Squad/Parts/Command/cupola/window
[LOG 20:06:06.445] Load DDS texture: Squad/Parts/Command/externalCommandSeat/model000
[LOG 20:06:06.461] Load DDS texture: Squad/Parts/Command/hitchhikerStorageContainer/cabin
[LOG 20:06:06.477] Load DDS texture: Squad/Parts/Command/hitchhikerStorageContainer/cabin_Illum
[LOG 20:06:06.488] Load DDS texture: Squad/Parts/Command/hitchhikerStorageContainer/cabin_n
[LOG 20:06:06.489] Load DDS texture: Squad/Parts/Command/hitchhikerStorageContainer/window
[LOG 20:06:06.496] Load DDS texture: Squad/Parts/Command/inlineAdvancedStabilizer/model000
[LOG 20:06:06.513] Load DDS texture: Squad/Parts/Command/inlineAdvancedStabilizer/model001
[LOG 20:06:06.524] Load DDS texture: Squad/Parts/Command/inlineReactionWheel/model000
[LOG 20:06:06.535] Load DDS texture: Squad/Parts/Command/inlineReactionWheel/model001
[LOG 20:06:06.543] Load DDS texture: Squad/Parts/Command/inlineReactionWheel/model002
[LOG 20:06:06.549] Load DDS texture: Squad/Parts/Command/Mk1-2Pod/mk 1-2 external shell Variant-Hatch
[LOG 20:06:06.556] Load DDS texture: Squad/Parts/Command/Mk1-3Pod/M1-3 Pod
[LOG 20:06:06.574] Load DDS texture: Squad/Parts/Command/Mk1-3Pod/M1-3 Pod_GLOW
[LOG 20:06:06.579] Load DDS texture: Squad/Parts/Command/mk1Cockpits/GLOW
[LOG 20:06:06.590] Load DDS texture: Squad/Parts/Command/mk1Cockpits/Mk1Cockpit
[LOG 20:06:06.596] Load DDS texture: Squad/Parts/Command/mk1LanderCan/ksp_s_landerCan_diff
[LOG 20:06:06.608] Load DDS texture: Squad/Parts/Command/mk1LanderCan/ksp_s_landerCan_normal
[LOG 20:06:06.625] Load DDS texture: Squad/Parts/Command/mk1LanderCan/ksp_s_landerCan_psd_illum
[LOG 20:06:06.635] Load DDS texture: Squad/Parts/Command/mk1pod/outer shell
[LOG 20:06:06.641] Load DDS texture: Squad/Parts/Command/mk1pod_v2/Mk1_v2
[LOG 20:06:06.646] Load DDS texture: Squad/Parts/Command/mk1pod_v2/Mk1_v2_GLOW
[LOG 20:06:06.657] Load DDS texture: Squad/Parts/Command/mk1pod_v2/Mk1_v2_GW
[LOG 20:06:06.676] Load DDS texture: Squad/Parts/Command/mk1pod_v2/Mk1_v2_N
[LOG 20:06:06.689] Load DDS texture: Squad/Parts/Command/mk1pod_v2/Mk1_v2_W
[LOG 20:06:06.695] Load DDS texture: Squad/Parts/Command/mk1pod_v2/Mk1_v2_W_N
[LOG 20:06:06.708] Load DDS texture: Squad/Parts/Command/mk2CockpitInline/Cockpit_inline_A
[LOG 20:06:06.715] Load DDS texture: Squad/Parts/Command/mk2CockpitInline/Cockpit_inline_Emissive
[LOG 20:06:06.721] Load DDS texture: Squad/Parts/Command/mk2CockpitInline/Cockpit_inline_normal
[LOG 20:06:06.735] Load DDS texture: Squad/Parts/Command/mk2CockpitStandard/Cockpit
[LOG 20:06:06.745] Load DDS texture: Squad/Parts/Command/mk2CockpitStandard/Cockpit_Lum
[LOG 20:06:06.752] Load DDS texture: Squad/Parts/Command/mk2CockpitStandard/Cockpit_NRM
[LOG 20:06:06.760] Load DDS texture: Squad/Parts/Command/mk2DroneCore/mk2Dronecore
[LOG 20:06:06.774] Load DDS texture: Squad/Parts/Command/mk2LanderCan/Illum
[LOG 20:06:06.780] Load DDS texture: Squad/Parts/Command/mk2LanderCan/ladder
[LOG 20:06:06.788] Load DDS texture: Squad/Parts/Command/mk2LanderCan/outershell
[LOG 20:06:06.806] Load DDS texture: Squad/Parts/Command/mk2LanderCan/outershell_n
[LOG 20:06:06.808] Load DDS texture: Squad/Parts/Command/mk2LanderCan/window
[LOG 20:06:06.816] Load DDS texture: Squad/Parts/Command/mk2LanderCan_v2/Mk2Can
[LOG 20:06:06.831] Load DDS texture: Squad/Parts/Command/mk2LanderCan_v2/Mk2Can_glow
[LOG 20:06:06.839] Load DDS texture: Squad/Parts/Command/mk3CockpitShuttle/Mk3CockpitShuttle
[LOG 20:06:06.857] Load DDS texture: Squad/Parts/Command/mk3CockpitShuttle/Mk3CockpitShuttle_LUM
[LOG 20:06:06.867] Load DDS texture: Squad/Parts/Command/MpoProbe/MpoProbe_diffuse
[LOG 20:06:06.874] Load DDS texture: Squad/Parts/Command/MpoProbe/MpoProbe_nrm
[LOG 20:06:06.882] Load DDS texture: Squad/Parts/Command/MpoProbe/MpoProbe_specular
[LOG 20:06:06.892] Load DDS texture: Squad/Parts/Command/MtmStage/mtmStage_diffuse
[LOG 20:06:06.900] Load DDS texture: Squad/Parts/Command/MtmStage/mtmStage_nrm
[LOG 20:06:06.907] Load DDS texture: Squad/Parts/Command/MtmStage/mtmStage_specular
[LOG 20:06:06.915] Load DDS texture: Squad/Parts/Command/probeCoreCube/QBE_New_diffuse
[LOG 20:06:06.922] Load Cached PNG Texture: Squad/Parts/Command/probeCoreCube/QBE_New_NRM
[LOG 20:06:06.932] Load DDS texture: Squad/Parts/Command/probeCoreCube/QBE_New_specular
[LOG 20:06:06.946] Load DDS texture: Squad/Parts/Command/probeCoreHex/ksp_m_hexProbe_diff
[LOG 20:06:06.965] Load DDS texture: Squad/Parts/Command/probeCoreHex/ksp_m_hexProbe_normal
[LOG 20:06:06.972] Load DDS texture: Squad/Parts/Command/probeCoreHex_v2/hecsDiffuse
[LOG 20:06:06.988] Load DDS texture: Squad/Parts/Command/probeCoreHex_v2/hecsNormal
[LOG 20:06:06.994] Load DDS texture: Squad/Parts/Command/probeCoreOcto2_v2/octoDiffuse
[LOG 20:06:07.003] Load DDS texture: Squad/Parts/Command/probeCoreOcto2_v2/octoNormal
[LOG 20:06:07.004] Load DDS texture: Squad/Parts/Command/probeCoreOcto2_v2/octoSpecular
[LOG 20:06:07.010] Load DDS texture: Squad/Parts/Command/probeCoreOcto_v2/octoDiffuse
[LOG 20:06:07.021] Load DDS texture: Squad/Parts/Command/probeCoreOcto_v2/octoNormal
[LOG 20:06:07.030] Load DDS texture: Squad/Parts/Command/probeCoreOcto_v2/octoSpecular
[LOG 20:06:07.044] Load DDS texture: Squad/Parts/Command/probeRoverBody/model000
[LOG 20:06:07.066] Load DDS texture: Squad/Parts/Command/probeRoverBody/model001
[LOG 20:06:07.071] Load DDS texture: Squad/Parts/Command/probeRoverBody_v2/probeRoverBody_v2_gold_diffuse
[LOG 20:06:07.080] Load Cached PNG Texture: Squad/Parts/Command/probeRoverBody_v2/probeRoverBody_v2_gold_NRM
[LOG 20:06:07.091] Load DDS texture: Squad/Parts/Command/probeRoverBody_v2/probeRoverBody_v2_gold_specular
[LOG 20:06:07.098] Load DDS texture: Squad/Parts/Command/probeRoverBody_v2/probeRoverBody_v2_silver_diffuse
[LOG 20:06:07.103] Load Cached PNG Texture: Squad/Parts/Command/probeRoverBody_v2/probeRoverBody_v2_silver_NRM
[LOG 20:06:07.115] Load DDS texture: Squad/Parts/Command/probeRoverBody_v2/probeRoverBody_v2_silver_specular
[LOG 20:06:07.117] Load DDS texture: Squad/Parts/Command/probeRoverBody_v2/QBE_New_diffuse
[LOG 20:06:07.123] Load DDS texture: Squad/Parts/Command/probeRoverBody_v2/QBE_New_NRM
[LOG 20:06:07.124] Load DDS texture: Squad/Parts/Command/probeRoverBody_v2/QBE_New_specular
[LOG 20:06:07.133] Load DDS texture: Squad/Parts/Command/probeStackLarge/model000
[LOG 20:06:07.140] Load DDS texture: Squad/Parts/Command/probeStackLarge/model001
[LOG 20:06:07.151] Load DDS texture: Squad/Parts/Command/probeStackSmall/model000
[LOG 20:06:07.157] Load DDS texture: Squad/Parts/Command/probeStackSmall/model001
[LOG 20:06:07.166] Load DDS texture: Squad/Parts/Command/probeStackSphere_v2/probeStackSphere_diffuse
[LOG 20:06:07.171] Load DDS texture: Squad/Parts/Command/probeStackSphere_v2/probeStackSphere_normal
[LOG 20:06:07.178] Load DDS texture: Squad/Parts/Command/probeStackSphere_v2/probeStackSphere_specular
[LOG 20:06:07.184] Load Cached PNG Texture: Squad/Parts/CompoundParts/@thumbs/fuelLine_icon0
[LOG 20:06:07.192] Load Cached PNG Texture: Squad/Parts/CompoundParts/@thumbs/fuelLine_icon1
[LOG 20:06:07.202] Load Cached PNG Texture: Squad/Parts/CompoundParts/@thumbs/strutConnector_icon0
[LOG 20:06:07.208] Load Cached PNG Texture: Squad/Parts/CompoundParts/@thumbs/strutConnector_icon1
[LOG 20:06:07.217] Load DDS texture: Squad/Parts/CompoundParts/FuelLine/FTX-2 External Fuel Duct
[LOG 20:06:07.227] Load DDS texture: Squad/Parts/CompoundParts/FuelLine/FTX-2 External Fuel Duct_ESA
[LOG 20:06:07.233] Load DDS texture: Squad/Parts/CompoundParts/strutConnector/EAS-4 Strut Connector
[LOG 20:06:07.243] Load DDS texture: Squad/Parts/CompoundParts/strutConnector/EAS-4 Strut Connector_white
[LOG 20:06:07.248] Load DDS texture: Squad/Parts/Coupling/Assets/Decouplers
[LOG 20:06:07.258] Load DDS texture: Squad/Parts/Coupling/Assets/Decouplers_N
[LOG 20:06:07.265] Load DDS texture: Squad/Parts/Coupling/Assets/Decouplers_whiteYellow
[LOG 20:06:07.275] Load DDS texture: Squad/Parts/Coupling/Assets/Decouplers_whiteYellow_N
[LOG 20:06:07.282] Load DDS texture: Squad/Parts/Electrical/10CSolarPanels/assets/circularSolarPanel_diffuse
[LOG 20:06:07.289] Load DDS texture: Squad/Parts/Electrical/10CSolarPanels/assets/circularSolarPanel_nrm
[LOG 20:06:07.296] Load DDS texture: Squad/Parts/Electrical/10LSolarPanels/assets/retractableSolarPanel_diffuse
[LOG 20:06:07.303] Load DDS texture: Squad/Parts/Electrical/10LSolarPanels/assets/retractableSolarPanel_nrm
[LOG 20:06:07.312] Load DDS texture: Squad/Parts/Electrical/1x6ShroudSolarPanels/model000
[LOG 20:06:07.318] Load DDS texture: Squad/Parts/Electrical/1x6ShroudSolarPanels/model001
[LOG 20:06:07.324] Load DDS texture: Squad/Parts/Electrical/1x6ShroudSolarPanels/model002
[LOG 20:06:07.328] Load DDS texture: Squad/Parts/Electrical/1x6SolarPanels/model000
[LOG 20:06:07.345] Load DDS texture: Squad/Parts/Electrical/1x6SolarPanels/model001
[LOG 20:06:07.352] Load DDS texture: Squad/Parts/Electrical/1x6SolarPanels/model002
[LOG 20:06:07.358] Load DDS texture: Squad/Parts/Electrical/3x2ShroudSolarPanels/model000
[LOG 20:06:07.363] Load DDS texture: Squad/Parts/Electrical/3x2ShroudSolarPanels/model001
[LOG 20:06:07.377] Load DDS texture: Squad/Parts/Electrical/3x2ShroudSolarPanels/model002
[LOG 20:06:07.382] Load DDS texture: Squad/Parts/Electrical/3x2SolarPanels/model000
[LOG 20:06:07.388] Load DDS texture: Squad/Parts/Electrical/3x2SolarPanels/model001
[LOG 20:06:07.403] Load DDS texture: Squad/Parts/Electrical/3x2SolarPanels/model002
[LOG 20:06:07.412] Load DDS texture: Squad/Parts/Electrical/gigantorXlSolarArray/panel
[LOG 20:06:07.417] Load DDS texture: Squad/Parts/Electrical/radialFlatSolarPanel/model000
[LOG 20:06:07.430] Load DDS texture: Squad/Parts/Electrical/RTG/model000
[LOG 20:06:07.438] Load DDS texture: Squad/Parts/Electrical/z-100Battery/model000
[LOG 20:06:07.445] Load DDS texture: Squad/Parts/Electrical/z-1kBattery/model000
[LOG 20:06:07.450] Load DDS texture: Squad/Parts/Electrical/z-1kBattery/model001
[LOG 20:06:07.459] Load DDS texture: Squad/Parts/Electrical/z-200Battery/ksp_m_batteryPack_diff
[LOG 20:06:07.466] Load DDS texture: Squad/Parts/Electrical/z-400Battery/model000
[LOG 20:06:07.471] Load DDS texture: Squad/Parts/Electrical/z-4kBattery/ksp_l_batteryPack_diff
[LOG 20:06:07.492] Load DDS texture: Squad/Parts/Electrical/z-4kBattery/ksp_l_batteryPack_normal
[LOG 20:06:07.499] Load DDS texture: Squad/Parts/Engine/ionEngine/model000
[LOG 20:06:07.509] Load DDS texture: Squad/Parts/Engine/jetEngines/Jet Engines
[LOG 20:06:07.517] Load DDS texture: Squad/Parts/Engine/jetEngines/Jet_Heat
[LOG 20:06:07.523] Load DDS texture: Squad/Parts/Engine/liquidEngine24-77/engine
[LOG 20:06:07.533] Load DDS texture: Squad/Parts/Engine/liquidEngine24-77_v2/Twitch
[LOG 20:06:07.544] Load DDS texture: Squad/Parts/Engine/liquidEngine24-77_v2/Twitch_G
[LOG 20:06:07.551] Load DDS texture: Squad/Parts/Engine/liquidEngine24-77_v2/Twitch_GLOW
[LOG 20:06:07.558] Load DDS texture: Squad/Parts/Engine/liquidEngine48-7S/ksp_m_liquidEngine_diff
[LOG 20:06:07.563] Load DDS texture: Squad/Parts/Engine/liquidEngine48-7S_v2/Spark
[LOG 20:06:07.569] Load DDS texture: Squad/Parts/Engine/liquidEngine48-7S_v2/Spark_Glow
[LOG 20:06:07.580] Load DDS texture: Squad/Parts/Engine/liquidEngineAerospike/Aerospike
[LOG 20:06:07.589] Load DDS texture: Squad/Parts/Engine/liquidEngineAerospike/Aerospike_Heat
[LOG 20:06:07.597] Load DDS texture: Squad/Parts/Engine/liquidEngineLV-1_v2/Assets/Ant_and_Spider_diffuse
[LOG 20:06:07.602] Load DDS texture: Squad/Parts/Engine/liquidEngineLV-1_v2/Assets/Ant_and_Spider_emissive
[LOG 20:06:07.610] Load DDS texture: Squad/Parts/Engine/liquidEngineLV-1_v2/Assets/Ant_and_Spider_normal
[LOG 20:06:07.622] Load DDS texture: Squad/Parts/Engine/liquidEngineLV-1_v2/Assets/Ant_and_Spider_specular
[LOG 20:06:07.629] Load DDS texture: Squad/Parts/Engine/liquidEngineLV-909_v2/Terrier
[LOG 20:06:07.778] Load DDS texture: Squad/Parts/Engine/liquidEngineLV-909_v2/TerrierFairing
[LOG 20:06:07.788] Load DDS texture: Squad/Parts/Engine/liquidEngineLV-909_v2/Terrier_glow
[LOG 20:06:07.796] Load DDS texture: Squad/Parts/Engine/liquidEngineLV-N/model000
[LOG 20:06:07.805] Load DDS texture: Squad/Parts/Engine/liquidEngineLV-N/model001
[LOG 20:06:07.811] Load DDS texture: Squad/Parts/Engine/liquidEngineLV-N/model002
[LOG 20:06:07.825] Load DDS texture: Squad/Parts/Engine/liquidEngineLV-N/model003
[LOG 20:06:07.832] Load DDS texture: Squad/Parts/Engine/liquidEngineLV-T30/model000
[LOG 20:06:07.849] Load DDS texture: Squad/Parts/Engine/liquidEngineLV-T30/model001
[LOG 20:06:07.859] Load DDS texture: Squad/Parts/Engine/liquidEngineLV-T30/model002
[LOG 20:06:07.869] Load DDS texture: Squad/Parts/Engine/liquidEngineLV-T30_v2/Engine_Emissive
[LOG 20:06:07.877] Load DDS texture: Squad/Parts/Engine/liquidEngineLV-T30_v2/Engine_Normal
[LOG 20:06:07.885] Load DDS texture: Squad/Parts/Engine/liquidEngineLV-T30_v2/Fairing
[LOG 20:06:07.896] Load DDS texture: Squad/Parts/Engine/liquidEngineLV-T30_v2/Reliant_v2-shroud_Diffuse
[LOG 20:06:07.906] Load DDS texture: Squad/Parts/Engine/liquidEngineLV-T30_v2/Reliant_v2_Diffuse
[LOG 20:06:07.913] Load DDS texture: Squad/Parts/Engine/liquidEngineLV-T45/model000
[LOG 20:06:07.920] Load DDS texture: Squad/Parts/Engine/liquidEngineLV-T45/model001
[LOG 20:06:07.928] Load DDS texture: Squad/Parts/Engine/liquidEngineLV-T45/model002
[LOG 20:06:07.945] Load DDS texture: Squad/Parts/Engine/liquidEngineLV-T45/model003
[LOG 20:06:07.956] Load DDS texture: Squad/Parts/Engine/liquidEngineLV-T45_v2/Engine_Emissive
[LOG 20:06:07.963] Load DDS texture: Squad/Parts/Engine/liquidEngineLV-T45_v2/Fairing
[LOG 20:06:07.969] Load DDS texture: Squad/Parts/Engine/liquidEngineLV-T45_v2/Swivel_v2_Diffuse
[LOG 20:06:07.980] Load DDS texture: Squad/Parts/Engine/liquidEngineLV-T45_v2/Swivel_v2_Normal
[LOG 20:06:07.995] Load DDS texture: Squad/Parts/Engine/liquidEngineMainsail_v2/mainsail_diffuse
[LOG 20:06:08.001] Load DDS texture: Squad/Parts/Engine/liquidEngineMainsail_v2/mainsail_emissive
[LOG 20:06:08.014] Load DDS texture: Squad/Parts/Engine/liquidEngineMainsail_v2/mainsail_nrm
[LOG 20:06:08.024] Load DDS texture: Squad/Parts/Engine/liquidEngineMainsail_v2/mainsail_specular
[LOG 20:06:08.032] Load DDS texture: Squad/Parts/Engine/liquidEngineMainsail_v2/Shroud
[LOG 20:06:08.040] Load DDS texture: Squad/Parts/Engine/liquidEngineMk55/Thud
[LOG 20:06:08.045] Load DDS texture: Squad/Parts/Engine/liquidEngineMk55/Thud_Heat
[LOG 20:06:08.052] Load DDS texture: Squad/Parts/Engine/liquidEnginePoodle_v2/poodle
[LOG 20:06:08.060] Load DDS texture: Squad/Parts/Engine/liquidEnginePoodle_v2/PoodleShroud
[LOG 20:06:08.070] Load DDS texture: Squad/Parts/Engine/liquidEnginePoodle_v2/poodle_Glow
[LOG 20:06:08.076] Load DDS texture: Squad/Parts/Engine/liquidEnginePoodle_v2/Poodle_SingleBell_Poodle_Diffuse
[LOG 20:06:08.091] Load DDS texture: Squad/Parts/Engine/liquidEnginePoodle_v2/Poodle_SingleBell_Poodle_Emissive
[LOG 20:06:08.105] Load DDS texture: Squad/Parts/Engine/liquidEnginePoodle_v2/Poodle_SingleBell_Poodle_Normal
[LOG 20:06:08.115] Load DDS texture: Squad/Parts/Engine/liquidEngineSkipper_v2/Shroud
[LOG 20:06:08.121] Load DDS texture: Squad/Parts/Engine/liquidEngineSkipper_v2/skipper_v2_diffuse
[LOG 20:06:08.131] Load DDS texture: Squad/Parts/Engine/liquidEngineSkipper_v2/skipper_v2_emissive
[LOG 20:06:08.140] Load DDS texture: Squad/Parts/Engine/liquidEngineSkipper_v2/skipper_v2_normal
[LOG 20:06:08.149] Load DDS texture: Squad/Parts/Engine/liquidEngineSSME/SSME
[LOG 20:06:08.154] Load DDS texture: Squad/Parts/Engine/liquidEngineSSME/SSME_GLOW
[LOG 20:06:08.168] Load DDS texture: Squad/Parts/Engine/liquidEngineSSME/SSME_NRM
[LOG 20:06:08.183] Load DDS texture: Squad/Parts/Engine/MassiveSRB/solid_booster_cm
[LOG 20:06:08.194] Load DDS texture: Squad/Parts/Engine/MassiveSRB/solid_booster_cm_esa
[LOG 20:06:08.200] Load DDS texture: Squad/Parts/Engine/MassiveSRB/solid_booster_em
[LOG 20:06:08.208] Load DDS texture: Squad/Parts/Engine/MassiveSRB/solid_booster_nm
[LOG 20:06:08.214] Load DDS texture: Squad/Parts/Engine/miniJet/SmallJet
[LOG 20:06:08.219] Load DDS texture: Squad/Parts/Engine/OMSEngine/Puff_diffuse
[LOG 20:06:08.229] Load DDS texture: Squad/Parts/Engine/OMSEngine/Puff_emissive
[LOG 20:06:08.241] Load DDS texture: Squad/Parts/Engine/OMSEngine/Puff_normal
[LOG 20:06:08.251] Load DDS texture: Squad/Parts/Engine/OMSEngine/Puff_specular
[LOG 20:06:08.256] Load DDS texture: Squad/Parts/Engine/rapierEngine/rapierDiffuse
[LOG 20:06:08.265] Load DDS texture: Squad/Parts/Engine/rapierEngine/rapieremit
[LOG 20:06:08.271] Load DDS texture: Squad/Parts/Engine/Size1_SRBs/SRB_O
[LOG 20:06:08.280] Load DDS texture: Squad/Parts/Engine/Size1_SRBs/SRB_W
[LOG 20:06:08.285] Load DDS texture: Squad/Parts/Engine/Size1_SRBs/SRB_Y
[LOG 20:06:08.292] Load DDS texture: Squad/Parts/Engine/Size2LFB/Size2LFBEmissive
[LOG 20:06:08.298] Load DDS texture: Squad/Parts/Engine/Size2LFB/twin_nozzle_booster_cm
[LOG 20:06:08.305] Load DDS texture: Squad/Parts/Engine/Size2LFB/twin_nozzle_booster_nm
[LOG 20:06:08.313] Load DDS texture: Squad/Parts/Engine/Size2LFB_v2/Size2LFBEmissive
[LOG 20:06:08.322] Load DDS texture: Squad/Parts/Engine/Size2LFB_v2/twin_nozzle_booster_cm
[LOG 20:06:08.331] Load DDS texture: Squad/Parts/Engine/Size2LFB_v2/twin_nozzle_booster_nm
[LOG 20:06:08.337] Load DDS texture: Squad/Parts/Engine/Size3AdvancedEngine/decoupler_and_adaptor_cm
[LOG 20:06:08.350] Load DDS texture: Squad/Parts/Engine/Size3AdvancedEngine/Size3AdvancedEngineDiffuse
[LOG 20:06:08.357] Load DDS texture: Squad/Parts/Engine/Size3AdvancedEngine/Size3AdvancedEngineEmissive
[LOG 20:06:08.363] Load DDS texture: Squad/Parts/Engine/Size3AdvancedEngine/Size3AdvancedEngineNormal
[LOG 20:06:08.379] Load DDS texture: Squad/Parts/Engine/Size3EngineCluster/ClusterEngineEmit
[LOG 20:06:08.392] Load DDS texture: Squad/Parts/Engine/Size3EngineCluster/four_nozzle_engine_cm
[LOG 20:06:08.401] Load DDS texture: Squad/Parts/Engine/Size3EngineCluster/four_nozzle_engine_nm
[LOG 20:06:08.408] Load DDS texture: Squad/Parts/Engine/solidBoosterBACC/model000
[LOG 20:06:08.413] Load DDS texture: Squad/Parts/Engine/solidBoosterBACC/model001
[LOG 20:06:08.420] Load DDS texture: Squad/Parts/Engine/solidBoosterBACC/model002
[LOG 20:06:08.427] Load DDS texture: Squad/Parts/Engine/solidBoosterRT-5/RT5
[LOG 20:06:08.443] Load DDS texture: Squad/Parts/Engine/solidBoosterS2-17/solidBoosterS2-17_diffuse
[LOG 20:06:08.466] Load DDS texture: Squad/Parts/Engine/solidBoosterS2-17/solidBoosterS2-17_emissive
[LOG 20:06:08.486] Load DDS texture: Squad/Parts/Engine/solidBoosterS2-17/solidBoosterS2-17_normal
[LOG 20:06:08.547] Load DDS texture: Squad/Parts/Engine/solidBoosterS2-33/solidBoosterS2-33_diffuse
[LOG 20:06:08.578] Load DDS texture: Squad/Parts/Engine/solidBoosterS2-33/solidBoosterS2-33_emissive
[LOG 20:06:08.661] Load DDS texture: Squad/Parts/Engine/solidBoosterS2-33/solidBoosterS2-33_normal
[LOG 20:06:08.700] Load DDS texture: Squad/Parts/Engine/solidBoosterSep/model000
[LOG 20:06:08.700] Load DDS texture: Squad/Parts/Engine/solidBoosterSep/motor
[LOG 20:06:08.700] Load DDS texture: Squad/Parts/Engine/SolidBoostersF/Assets/SolidBoosterF3S0_diffuse
[LOG 20:06:08.701] Load DDS texture: Squad/Parts/Engine/SolidBoostersF/Assets/SolidBoosterF3S0_emissive
[LOG 20:06:08.708] Load DDS texture: Squad/Parts/Engine/SolidBoostersF/Assets/SolidBoosterF3S0_normal
[LOG 20:06:08.721] Load DDS texture: Squad/Parts/FuelTank/adapterTanks/Mk3Adapters
[LOG 20:06:08.728] Load DDS texture: Squad/Parts/FuelTank/drainTankFTE-1/fuelValve_diffuse
[LOG 20:06:08.733] Load DDS texture: Squad/Parts/FuelTank/drainTankFTE-1/fuelValve_nrm
[LOG 20:06:08.745] Load DDS texture: Squad/Parts/FuelTank/FoilTanks/RadialTanks
[LOG 20:06:08.751] Load DDS texture: Squad/Parts/FuelTank/FoilTanks/RadialTanksGold_specular
[LOG 20:06:08.757] Load DDS texture: Squad/Parts/FuelTank/FoilTanks/RadialTanksSilver_specular
[LOG 20:06:08.762] Load DDS texture: Squad/Parts/FuelTank/FoilTanks/RadialTanks_N
[LOG 20:06:08.769] Load DDS texture: Squad/Parts/FuelTank/FoilTanks/RadialTanks_silver
[LOG 20:06:08.787] Load DDS texture: Squad/Parts/FuelTank/fuelTankOscarB/model000
[LOG 20:06:08.795] Load DDS texture: Squad/Parts/FuelTank/fuelTankOscarB/model001
[LOG 20:06:08.801] Load DDS texture: Squad/Parts/FuelTank/fuelTankOscarB/tank
[LOG 20:06:08.815] Load DDS texture: Squad/Parts/FuelTank/fuelTankOscarB/tank_n
[LOG 20:06:08.836] Load DDS texture: Squad/Parts/FuelTank/miniFuselage/Fuselage
[LOG 20:06:08.843] Load DDS texture: Squad/Parts/FuelTank/mk2Adapters/mk2adapters1m
[LOG 20:06:08.848] Load DDS texture: Squad/Parts/FuelTank/mk2FuselageLong/mk2Fuselage
[LOG 20:06:08.860] Load DDS texture: Squad/Parts/FuelTank/mk2FuselageShort/mk2FuselageShort
[LOG 20:06:08.866] Load DDS texture: Squad/Parts/FuelTank/mk3Fuselage/Mk3Fuselage
[LOG 20:06:08.876] Load DDS texture: Squad/Parts/FuelTank/mk3Fuselage/Mk3Fuselage_LUM
[LOG 20:06:08.881] Load DDS texture: Squad/Parts/FuelTank/RCSFuelTankR1/RCSFuelTankR1_01
[LOG 20:06:08.890] Load DDS texture: Squad/Parts/FuelTank/RCSFuelTankR1/RCSFuelTankR1_02
[LOG 20:06:08.896] Load DDS texture: Squad/Parts/FuelTank/RCSFuelTankR1/RCSFuelTankR1_N
[LOG 20:06:08.902] Load DDS texture: Squad/Parts/FuelTank/RCSFuelTankR10/ksp_m_rcsTank_diff
[LOG 20:06:08.928] Load DDS texture: Squad/Parts/FuelTank/RCSFuelTankR10/ksp_m_rcsTank_normal
[LOG 20:06:08.936] Load DDS texture: Squad/Parts/FuelTank/RCSFuelTankR25/FL-R25 RCS Fuel Tank_D
[LOG 20:06:08.947] Load DDS texture: Squad/Parts/FuelTank/RCSFuelTankR25/FL-R25 RCS Fuel Tank_N
[LOG 20:06:08.959] Load DDS texture: Squad/Parts/FuelTank/RCSTankRadial/model000
[LOG 20:06:08.973] Load DDS texture: Squad/Parts/FuelTank/RCStankRadialLong/ksp_r_rcsCylTank_diff
[LOG 20:06:08.985] Load DDS texture: Squad/Parts/FuelTank/RockomaxTanks/Assets/rockomax_16 [AlbedoM] BW
[LOG 20:06:08.995] Load DDS texture: Squad/Parts/FuelTank/RockomaxTanks/Assets/rockomax_16 [AlbedoM] ESA
[LOG 20:06:09.009] Load DDS texture: Squad/Parts/FuelTank/RockomaxTanks/Assets/rockomax_16 [AlbedoM] O
[LOG 20:06:09.018] Load DDS texture: Squad/Parts/FuelTank/RockomaxTanks/Assets/rockomax_16 [Normal] BW
[LOG 20:06:09.031] Load DDS texture: Squad/Parts/FuelTank/RockomaxTanks/Assets/rockomax_16 [Normal]ESA
[LOG 20:06:09.041] Load DDS texture: Squad/Parts/FuelTank/RockomaxTanks/Assets/rockomax_16 [Normal]O
[LOG 20:06:09.052] Load DDS texture: Squad/Parts/FuelTank/RockomaxTanks/Assets/rockomax_32 [AlbedoM] ESA
[LOG 20:06:09.058] Load DDS texture: Squad/Parts/FuelTank/RockomaxTanks/Assets/rockomax_32 [Normal]ESA
[LOG 20:06:09.066] Load DDS texture: Squad/Parts/FuelTank/Size1_Tanks/125Tanks_BW
[LOG 20:06:09.078] Load DDS texture: Squad/Parts/FuelTank/Size1_Tanks/125Tanks_D
[LOG 20:06:09.087] Load DDS texture: Squad/Parts/FuelTank/Size1_Tanks/125Tanks_N
[LOG 20:06:09.098] Load DDS texture: Squad/Parts/FuelTank/Size1_Tanks/125Tanks_O
[LOG 20:06:09.106] Load DDS texture: Squad/Parts/FuelTank/Size1_Tanks/125Tanks_W
[LOG 20:06:09.115] Load DDS texture: Squad/Parts/FuelTank/Size3Tanks/fueltTanks_cm
[LOG 20:06:09.123] Load Cached PNG Texture: Squad/Parts/FuelTank/Size3Tanks/Size3Tanks
[LOG 20:06:09.133] Load Cached PNG Texture: Squad/Parts/FuelTank/Size3Tanks/Size3Tanks_Norm
[LOG 20:06:09.138] Load Cached PNG Texture: Squad/Parts/FuelTank/Size3Tanks/Size3Tanks_Orange
[LOG 20:06:09.146] Load Cached PNG Texture: Squad/Parts/FuelTank/Size3Tanks/Size3Tanks_Orange_Norm
[LOG 20:06:09.155] Load DDS texture: Squad/Parts/FuelTank/xenonTank/model000
[LOG 20:06:09.161] Load DDS texture: Squad/Parts/FuelTank/xenonTank/model001
[LOG 20:06:09.169] Load DDS texture: Squad/Parts/FuelTank/xenonTankLarge/tank
[LOG 20:06:09.175] Load DDS texture: Squad/Parts/FuelTank/xenonTankRadial/ksp_r_xenonTank_diff
[LOG 20:06:09.181] Load DDS texture: Squad/Parts/Misc/AsteroidDay/CamSat
[LOG 20:06:09.199] Load DDS texture: Squad/Parts/Misc/AsteroidDay/CamSat_glow
[LOG 20:06:09.204] Load DDS texture: Squad/Parts/Misc/AsteroidDay/CamSat_N_NRM
[LOG 20:06:09.212] Load DDS texture: Squad/Parts/Misc/AsteroidDay/default
[LOG 20:06:09.217] Load DDS texture: Squad/Parts/Misc/AsteroidDay/hecsDiffuse
[LOG 20:06:09.223] Load DDS texture: Squad/Parts/Misc/AsteroidDay/hecsNormal
[LOG 20:06:09.231] Load DDS texture: Squad/Parts/Misc/AsteroidDay/hecsSpecular
[LOG 20:06:09.237] Load DDS texture: Squad/Parts/Misc/AsteroidDay/JumboHexProbe
[LOG 20:06:09.243] Load DDS texture: Squad/Parts/Misc/AsteroidDay/JumboHexProbe_NORM_NRM
[LOG 20:06:09.249] Load DDS texture: Squad/Parts/Resources/FuelCell/FCLamp
[LOG 20:06:09.254] Load DDS texture: Squad/Parts/Resources/FuelCell/FuelCellRack
[LOG 20:06:09.260] Load DDS texture: Squad/Parts/Resources/FuelCell/fuellcell
[LOG 20:06:09.265] Load DDS texture: Squad/Parts/Resources/ISRU/Processor_Large
[LOG 20:06:09.272] Load DDS texture: Squad/Parts/Resources/LargeTank/ksp_l_resourceContainer_diff
[LOG 20:06:09.278] Load DDS texture: Squad/Parts/Resources/LargeTank/ksp_l_resourceContainer_norm
[LOG 20:06:09.283] Load DDS texture: Squad/Parts/Resources/MiniDrill/DustParticle
[LOG 20:06:09.290] Load DDS texture: Squad/Parts/Resources/MiniDrill/ksp_r_rockProbe_diff
[LOG 20:06:09.298] Load DDS texture: Squad/Parts/Resources/MiniDrill/RockParticle
[LOG 20:06:09.306] Load DDS texture: Squad/Parts/Resources/MiniISRU/ksp_s_processorSmall_diff
[LOG 20:06:09.316] Load DDS texture: Squad/Parts/Resources/OrbitalScanner/detector
[LOG 20:06:09.323] Load DDS texture: Squad/Parts/Resources/RadialDrill/DustParticle
[LOG 20:06:09.339] Load DDS texture: Squad/Parts/Resources/RadialDrill/RockParticle
[LOG 20:06:09.345] Load DDS texture: Squad/Parts/Resources/RadialDrill/TriBitDrill
[LOG 20:06:09.353] Load DDS texture: Squad/Parts/Resources/RadialTank/ksp_r_resourceContainer_psd_2
[LOG 20:06:09.362] Load DDS texture: Squad/Parts/Resources/SmallTank/ksp_s_resourceContainer_diff
[LOG 20:06:09.377] Load DDS texture: Squad/Parts/Resources/SmallTank/ksp_s_resourceContainer_normal
[LOG 20:06:09.382] Load DDS texture: Squad/Parts/Resources/SurfaceScanner/ksp_r_samplerAir_diff
[LOG 20:06:09.389] Load DDS texture: Squad/Parts/Resources/SurveyScanner/dish
[LOG 20:06:09.397] Load DDS texture: Squad/Parts/Resources/SurveyScanner/dish_n
[LOG 20:06:09.402] Load DDS texture: Squad/Parts/Science/AtmosphereSensor/ksp_r_hydroscoop_diff
[LOG 20:06:09.409] Load DDS texture: Squad/Parts/Science/GooExperiment/GooExperiment
[LOG 20:06:09.416] Load DDS texture: Squad/Parts/Science/LargeCrewedLab/Large_Crewed_Lab
[LOG 20:06:09.424] Load DDS texture: Squad/Parts/Science/LargeCrewedLab/Large_Crewed_Lab_glow
[LOG 20:06:09.428] Load DDS texture: Squad/Parts/Science/LargeCrewedLab/window
[LOG 20:06:09.433] Load DDS texture: Squad/Parts/Science/Magnetometer/Magnetometer_diffuse
[LOG 20:06:09.439] Load DDS texture: Squad/Parts/Science/Magnetometer/Magnetometer_nrm
[LOG 20:06:09.445] Load DDS texture: Squad/Parts/Science/MaterialBay/science_module_small
[LOG 20:06:09.454] Load DDS texture: Squad/Parts/Science/MaterialBay/science_module_small_emit
[LOG 20:06:09.465] Load DDS texture: Squad/Parts/Science/MaterialBay/science_module_small_nrm
[LOG 20:06:09.471] Load DDS texture: Squad/Parts/Science/MaterialBay/wires
[LOG 20:06:09.477] Load DDS texture: Squad/Parts/Science/ScienceBox/Container
[LOG 20:06:09.482] Load DDS texture: Squad/Parts/Science/sensorAccelerometer/model000
[LOG 20:06:09.488] Load DDS texture: Squad/Parts/Science/sensorBarometer/model000
[LOG 20:06:09.496] Load DDS texture: Squad/Parts/Science/sensorGravimeter/model000
[LOG 20:06:09.504] Load DDS texture: Squad/Parts/Science/sensorThermometer/model000
[LOG 20:06:09.509] Load DDS texture: Squad/Parts/Structural/FLAdapters/Assets/FLA-Adapters_diffuse
[LOG 20:06:09.525] Load DDS texture: Squad/Parts/Structural/FLAdapters/Assets/FLA-Adapters_diffuse_O
[LOG 20:06:09.531] Load DDS texture: Squad/Parts/Structural/FLAdapters/Assets/FLA-Adapters_normal
[LOG 20:06:09.536] Load DDS texture: Squad/Parts/Structural/FLAdapters/Assets/FLA-Adapters_normal_O
[LOG 20:06:09.546] Load DDS texture: Squad/Parts/Structural/mk1Parts/Mk1Structural
[LOG 20:06:09.552] Load DDS texture: Squad/Parts/Structural/mk1Parts/Mk1StructuralHeat
[LOG 20:06:09.559] Load Cached PNG Texture: Squad/Parts/Structural/mk1Parts/@thumbs/MK1Fuselage_icon
[LOG 20:06:09.571] Load DDS texture: Squad/Parts/Structural/Size3To2Adapter_v2/Size2to3_BW_Diffuse
[LOG 20:06:09.579] Load DDS texture: Squad/Parts/Structural/Size3To2Adapter_v2/Size2to3_DUMMY_NRM
[LOG 20:06:09.587] Load DDS texture: Squad/Parts/Structural/Size3To2Adapter_v2/Size2to3_O_Diffuse
[LOG 20:06:09.596] Load DDS texture: Squad/Parts/Structural/Size3To2Adapter_v2/Size2to3_W_Diffuse
[LOG 20:06:09.606] Load DDS texture: Squad/Parts/Structural/Size3To2Adapter_v2/Size2to3_W_NRM
[LOG 20:06:09.616] Load DDS texture: Squad/Parts/Structural/stackAdapters/Assets/stackAdapters_diffuse
[LOG 20:06:09.623] Load DDS texture: Squad/Parts/Structural/stackAdapters/Assets/stackAdapters_diffuse_Dark
[LOG 20:06:09.632] Load DDS texture: Squad/Parts/Structural/stackAdapters/Assets/stackAdapters_diffuse_Orange
[LOG 20:06:09.642] Load DDS texture: Squad/Parts/Structural/stackAdapters/Assets/stackAdapters_normal
[LOG 20:06:09.650] Load DDS texture: Squad/Parts/Structural/stackAdapters/Assets/stackAdapters_normal_Orange
[LOG 20:06:09.660] Load DDS texture: Squad/Parts/Structural/stationHub/model000
[LOG 20:06:09.669] Load DDS texture: Squad/Parts/Structural/stationHub/model001
[LOG 20:06:09.679] Load DDS texture: Squad/Parts/Structural/structuralIBeam200/model000
[LOG 20:06:09.685] Load DDS texture: Squad/Parts/Structural/structuralIBeam200Pocket/model000
[LOG 20:06:09.702] Load DDS texture: Squad/Parts/Structural/structuralIBeam650/model000
[LOG 20:06:09.709] Load DDS texture: Squad/Parts/Structural/structuralMicronode/model000
[LOG 20:06:09.715] Load DDS texture: Squad/Parts/Structural/structuralPanel1x1/model000
[LOG 20:06:09.735] Load DDS texture: Squad/Parts/Structural/structuralPanel1x1/model001
[LOG 20:06:09.742] Load DDS texture: Squad/Parts/Structural/structuralPanel2x2/model000
[LOG 20:06:09.776] Load DDS texture: Squad/Parts/Structural/structuralPanel2x2/model001
[LOG 20:06:09.782] Load DDS texture: Squad/Parts/Structural/structuralPylons/Pylons
[LOG 20:06:09.787] Load DDS texture: Squad/Parts/Structural/strutCubicOcto/cubestrut
[LOG 20:06:09.793] Load DDS texture: Squad/Parts/Structural/strutOcto/model000
[LOG 20:06:09.800] Load DDS texture: Squad/Parts/Structural/trussGirderAdapter/model000
[LOG 20:06:09.806] Load DDS texture: Squad/Parts/Structural/trussGirderAdapter/model001
[LOG 20:06:09.811] Load DDS texture: Squad/Parts/Structural/trussGirderL/model000
[LOG 20:06:09.818] Load DDS texture: Squad/Parts/Structural/trussGirderXL/model000
[LOG 20:06:09.826] Load DDS texture: Squad/Parts/Thermal/FoldingRadiators/radiator
[LOG 20:06:09.837] Load DDS texture: Squad/Parts/Thermal/FoldingRadiators/radiator_N_NRM
[LOG 20:06:09.846] Load DDS texture: Squad/Parts/Thermal/RadiatorPanels/radPanel
[LOG 20:06:09.860] Load DDS texture: Squad/Parts/Thermal/RadiatorPanels/radPanel_N_NRM
[LOG 20:06:09.870] Load DDS texture: Squad/Parts/Utility/commDish88-88/comm_dish_array
[LOG 20:06:09.878] Load DDS texture: Squad/Parts/Utility/commDish88-88/comm_dish_v2_diff
[LOG 20:06:09.884] Load DDS texture: Squad/Parts/Utility/commDish88-88/model000
[LOG 20:06:09.901] Load DDS texture: Squad/Parts/Utility/commsAntennaDTS-M1/mediumDishAntenna
[LOG 20:06:09.910] Load DDS texture: Squad/Parts/Utility/commsAntennaDTS-M1/mediumDishAntenna_Emit
[LOG 20:06:09.918] Load DDS texture: Squad/Parts/Utility/commsDish16/model000
[LOG 20:06:09.925] Load DDS texture: Squad/Parts/Utility/decouplerRadialHDM/model000
[LOG 20:06:09.930] Load DDS texture: Squad/Parts/Utility/decouplerRadialTT-38K/model000
[LOG 20:06:09.936] Load DDS texture: Squad/Parts/Utility/decouplerRadialTT-38K/model001
[LOG 20:06:09.947] Load DDS texture: Squad/Parts/Utility/decouplerRadialTT-70/model000
[LOG 20:06:09.955] Load DDS texture: Squad/Parts/Utility/DirectAntennas/MiniAntenna
[LOG 20:06:09.968] Load DDS texture: Squad/Parts/Utility/dockingPort/Arrow Pointer
[LOG 20:06:09.980] Load DDS texture: Squad/Parts/Utility/dockingPort/DockingPorts_Clampotron_Diffuse
[LOG 20:06:09.988] Load DDS texture: Squad/Parts/Utility/dockingPort/DockingPorts_Clampotron_Emissive
[LOG 20:06:10.001] Load DDS texture: Squad/Parts/Utility/dockingPort/DockingPorts_Clampotron_Normal
[LOG 20:06:10.007] Load DDS texture: Squad/Parts/Utility/dockingPortInline/Arrow Pointer
[LOG 20:06:10.012] Load DDS texture: Squad/Parts/Utility/dockingPortInline/ClampotronLinear_ClampotronLinear_Diffuse
[LOG 20:06:10.020] Load DDS texture: Squad/Parts/Utility/dockingPortInline/ClampotronLinear_ClampotronLinear_Emissive
[LOG 20:06:10.031] Load DDS texture: Squad/Parts/Utility/dockingPortInline/ClampotronLinear_ClampotronLinear_Normal
[LOG 20:06:10.041] Load DDS texture: Squad/Parts/Utility/dockingPortInline/DockingPorts_Clampotron_Diffuse
[LOG 20:06:10.049] Load DDS texture: Squad/Parts/Utility/dockingPortInline/DockingPorts_Clampotron_Emissive
[LOG 20:06:10.059] Load DDS texture: Squad/Parts/Utility/dockingPortInline/DockingPorts_Clampotron_Normal
[LOG 20:06:10.066] Load DDS texture: Squad/Parts/Utility/dockingPortJr/Arrow Pointer
[LOG 20:06:10.067] Load DDS texture: Squad/Parts/Utility/dockingPortJr/DockingPorts_ClampotronJR_Diffuse
[LOG 20:06:10.076] Load DDS texture: Squad/Parts/Utility/dockingPortJr/DockingPorts_ClampotronJR_Normal
[LOG 20:06:10.082] Load DDS texture: Squad/Parts/Utility/dockingPortJr/model000
[LOG 20:06:10.083] Load DDS texture: Squad/Parts/Utility/dockingPortShielded/Arrow Pointer
[LOG 20:06:10.093] Load DDS texture: Squad/Parts/Utility/dockingPortShielded/Clamp-O-Tron Shielded Docking Port_ClampotronShielded_Diffuse
[LOG 20:06:10.101] Load DDS texture: Squad/Parts/Utility/dockingPortShielded/Clamp-O-Tron Shielded Docking Port_ClampotronShielded_Normal
[LOG 20:06:10.117] Load DDS texture: Squad/Parts/Utility/dockingPortShielded/DockingPorts_Clampotron_Diffuse
[LOG 20:06:10.129] Load DDS texture: Squad/Parts/Utility/dockingPortShielded/DockingPorts_Clampotron_Emissive
[LOG 20:06:10.136] Load DDS texture: Squad/Parts/Utility/dockingPortShielded/DockingPorts_Clampotron_Normal
[LOG 20:06:10.143] Load DDS texture: Squad/Parts/Utility/dockingPortSr/Arrow Pointer
[LOG 20:06:10.147] Load DDS texture: Squad/Parts/Utility/dockingPortSr/ClampotronSr_ClampotronSr_Diffuse
[LOG 20:06:10.157] Load DDS texture: Squad/Parts/Utility/dockingPortSr/ClampotronSr_ClampotronSr_Diffuse_gray
[LOG 20:06:10.166] Load DDS texture: Squad/Parts/Utility/dockingPortSr/ClampotronSr_ClampotronSr_Emissive
[LOG 20:06:10.176] Load DDS texture: Squad/Parts/Utility/dockingPortSr/ClampotronSr_ClampotronSr_Normal
[LOG 20:06:10.187] Load Cached PNG Texture: Squad/Parts/Utility/Fireworks/Assets/fireworks_launcher_big 1
[LOG 20:06:10.203] Load Cached PNG Texture: Squad/Parts/Utility/Fireworks/Assets/fireworks_launcher_big
[LOG 20:06:10.212] Load Cached PNG Texture: Squad/Parts/Utility/flags/backgroundTextures/dark_background
[LOG 20:06:10.223] Load Cached PNG Texture: Squad/Parts/Utility/flags/backgroundTextures/orange_background
[LOG 20:06:10.229] Load Cached PNG Texture: Squad/Parts/Utility/flags/backgroundTextures/white_background
[LOG 20:06:10.234] Load DDS texture: Squad/Parts/Utility/GrapplingDevice/grabberDiffuse
[LOG 20:06:10.246] Load DDS texture: Squad/Parts/Utility/GrapplingDevice/grabberDiffuse_dark
[LOG 20:06:10.253] Load DDS texture: Squad/Parts/Utility/GrapplingDevice/grabberNRM
[LOG 20:06:10.261] Load DDS texture: Squad/Parts/Utility/GrapplingDevice/window
[LOG 20:06:10.267] Load DDS texture: Squad/Parts/Utility/ladderRadial/model000
[LOG 20:06:10.276] Load DDS texture: Squad/Parts/Utility/ladderTelescopic/model000
[LOG 20:06:10.282] Load DDS texture: Squad/Parts/Utility/ladderTelescopic/model001
[LOG 20:06:10.288] Load DDS texture: Squad/Parts/Utility/ladderTelescopic/model002
[LOG 20:06:10.295] Load DDS texture: Squad/Parts/Utility/ladderTelescopicBay/model000
[LOG 20:06:10.301] Load DDS texture: Squad/Parts/Utility/ladderTelescopicBay/model001
[LOG 20:06:10.306] Load DDS texture: Squad/Parts/Utility/landingLegLT-1/ksp_r_landingStrut_diff
[LOG 20:06:10.312] Load DDS texture: Squad/Parts/Utility/landingLegLT-2/landingLeg
[LOG 20:06:10.317] Load DDS texture: Squad/Parts/Utility/landingLegLT-5/leg
[LOG 20:06:10.322] Load DDS texture: Squad/Parts/Utility/landingLegLT-5/model000
[LOG 20:06:10.335] Load DDS texture: Squad/Parts/Utility/launchClamp1/model000
[LOG 20:06:10.346] Load DDS texture: Squad/Parts/Utility/launchClamp1/model001
[LOG 20:06:10.352] Load DDS texture: Squad/Parts/Utility/launchEscapeSystem/LES_Diffuse
[LOG 20:06:10.361] Load DDS texture: Squad/Parts/Utility/Lights/Assets/Lights_Attacheable_Lights_Diffuse
[LOG 20:06:10.366] Load DDS texture: Squad/Parts/Utility/Lights/Assets/Lights_Attacheable_Lights_Diffuse_white
[LOG 20:06:10.372] Load DDS texture: Squad/Parts/Utility/Lights/Assets/Lights_Attacheable_Lights_Emissive
[LOG 20:06:10.378] Load DDS texture: Squad/Parts/Utility/Lights/Assets/Lights_Attacheable_Lights_Normal
[LOG 20:06:10.387] Load DDS texture: Squad/Parts/Utility/Lights/Assets/Lights_Rectangle_Light_Diffuse
[LOG 20:06:10.398] Load DDS texture: Squad/Parts/Utility/Lights/Assets/Lights_Rectangle_Light_Diffuse_white
[LOG 20:06:10.406] Load DDS texture: Squad/Parts/Utility/Lights/Assets/Lights_Rectangle_Light_Emissive
[LOG 20:06:10.416] Load DDS texture: Squad/Parts/Utility/Lights/Assets/Lights_Rectangle_Light_Normal
[LOG 20:06:10.424] Load DDS texture: Squad/Parts/Utility/Lights/Assets/Lights_Worklights_Diffuse
[LOG 20:06:10.430] Load DDS texture: Squad/Parts/Utility/Lights/Assets/Lights_Worklights_Emissive
[LOG 20:06:10.436] Load DDS texture: Squad/Parts/Utility/Lights/Assets/Lights_Worklights_Normal
[LOG 20:06:10.452] Load DDS texture: Squad/Parts/Utility/Lights/Assets/Spotlight_Attacheable_Lights_Diffuse
[LOG 20:06:10.458] Load DDS texture: Squad/Parts/Utility/Lights/Assets/Spotlight_Attacheable_Lights_Diffuse_white
[LOG 20:06:10.463] Load DDS texture: Squad/Parts/Utility/Lights/Assets/Spotlight_Attacheable_Lights_Emissive
[LOG 20:06:10.470] Load DDS texture: Squad/Parts/Utility/Lights/Assets/Spotlight_Attacheable_Lights_Normal
[LOG 20:06:10.491] Load DDS texture: Squad/Parts/Utility/linearVernorRCS/Assets/linear_vernor_diffuse
[LOG 20:06:10.496] Load DDS texture: Squad/Parts/Utility/linearVernorRCS/Assets/linear_vernor_emissive
[LOG 20:06:10.501] Load DDS texture: Squad/Parts/Utility/linearVernorRCS/Assets/linear_vernor_normalDummy
[LOG 20:06:10.509] Load DDS texture: Squad/Parts/Utility/linearVernorRCS/Assets/linear_vernor_specular
[LOG 20:06:10.516] Load DDS texture: Squad/Parts/Utility/mk2CargoBay/mk2CargoBay
[LOG 20:06:10.527] Load DDS texture: Squad/Parts/Utility/mk2CrewCabin/mk2CrewCabin
[LOG 20:06:10.533] Load DDS texture: Squad/Parts/Utility/mk2CrewCabin/mk2CrewCabin_LUM
[LOG 20:06:10.534] Load DDS texture: Squad/Parts/Utility/mk2DockingPort/Arrow Pointer
[LOG 20:06:10.541] Load DDS texture: Squad/Parts/Utility/mk2DockingPort/Mk2Clampotron_Caps_Diffuse
[LOG 20:06:10.552] Load DDS texture: Squad/Parts/Utility/mk2DockingPort/Mk2Clampotron_Caps_Emmisive
[LOG 20:06:10.557] Load DDS texture: Squad/Parts/Utility/mk2DockingPort/Mk2Clampotron_Caps_Normal
[LOG 20:06:10.572] Load DDS texture: Squad/Parts/Utility/mk2DockingPort/Mk2Clampotron_Mk2Clampotron_Diffuse
[LOG 20:06:10.579] Load DDS texture: Squad/Parts/Utility/mk2DockingPort/Mk2Clampotron_Mk2Clampotron_Emissive
[LOG 20:06:10.587] Load DDS texture: Squad/Parts/Utility/mk2DockingPort/Mk2Clampotron_Mk2Clampotron_Normal
[LOG 20:06:10.596] Load DDS texture: Squad/Parts/Utility/mk2DockingPort/mk2DockingPort
[LOG 20:06:10.601] Load DDS texture: Squad/Parts/Utility/mk3CargoBay/Mk3CargoBay
[LOG 20:06:10.609] Load DDS texture: Squad/Parts/Utility/parachuteMk1/model000
[LOG 20:06:10.616] Load DDS texture: Squad/Parts/Utility/parachuteMk1/model001
[LOG 20:06:10.622] Load DDS texture: Squad/Parts/Utility/parachuteMk12-R/model000
[LOG 20:06:10.628] Load DDS texture: Squad/Parts/Utility/parachuteMk12-R/model001
[LOG 20:06:10.635] Load DDS texture: Squad/Parts/Utility/parachuteMk16-XL/model000
[LOG 20:06:10.643] Load DDS texture: Squad/Parts/Utility/parachuteMk16-XL/model001
[LOG 20:06:10.649] Load DDS texture: Squad/Parts/Utility/parachuteMk2-R/model000
[LOG 20:06:10.655] Load DDS texture: Squad/Parts/Utility/parachuteMk2-R/model001
[LOG 20:06:10.661] Load DDS texture: Squad/Parts/Utility/parachuteMk25/model000
[LOG 20:06:10.670] Load DDS texture: Squad/Parts/Utility/parachuteMk25/model001
[LOG 20:06:10.703] Load DDS texture: Squad/Parts/Utility/radialAttachmentPoint/model000
[LOG 20:06:10.708] Load DDS texture: Squad/Parts/Utility/radialAttachmentPoint/model001
[LOG 20:06:10.714] Load DDS texture: Squad/Parts/Utility/rcsBlockRV-105_v2/rcsBlock_diffuse
[LOG 20:06:10.715] Load DDS texture: Squad/Parts/Utility/rcsBlockRV-105_v2/rcsThrusterBlock_normal
[LOG 20:06:10.720] Load DDS texture: Squad/Parts/Utility/rcsBlockRV-105_v2/rcsThruster_emissive
[LOG 20:06:10.726] Load DDS texture: Squad/Parts/Utility/rcsBlockRV-105_v2/rcsThruster_specular
[LOG 20:06:10.731] Load DDS texture: Squad/Parts/Utility/rcsBlockRV-105_v2/RCS_Block_Diffuse
[LOG 20:06:10.737] Load DDS texture: Squad/Parts/Utility/rcsBlockRV-105_v2/RCS_Block_Emissive
[LOG 20:06:10.752] Load DDS texture: Squad/Parts/Utility/rcsBlockRV-105_v2/RCS_Block_Normal
[LOG 20:06:10.758] Load DDS texture: Squad/Parts/Utility/rcsBlockRV-105_v2/RCS_Block_Specular
[LOG 20:06:10.764] Load DDS texture: Squad/Parts/Utility/rcsSmallLinear/Assets/RCS_Linear_Base_Diffuse
[LOG 20:06:10.771] Load DDS texture: Squad/Parts/Utility/rcsSmallLinear/Assets/RCS_Linear_Diffuse
[LOG 20:06:10.776] Load DDS texture: Squad/Parts/Utility/rcsSmallLinear/Assets/RCS_Linear_Emissive
[LOG 20:06:10.782] Load DDS texture: Squad/Parts/Utility/rcsSmallLinear/Assets/RCS_Linear_Normal
[LOG 20:06:10.799] Load DDS texture: Squad/Parts/Utility/rcsSmallLinear/Assets/RCS_Linear_Specular
[LOG 20:06:10.805] Load DDS texture: Squad/Parts/Utility/RelayAntennas/DishAntenna
[LOG 20:06:10.811] Load DDS texture: Squad/Parts/Utility/RelayAntennas/MiniAntenna
[LOG 20:06:10.817] Load DDS texture: Squad/Parts/Utility/rockomaxAdapters/Assets/Rockomax_Adapters_diffuse
[LOG 20:06:10.826] Load DDS texture: Squad/Parts/Utility/rockomaxAdapters/Assets/Rockomax_Adapters_diffuse_O
[LOG 20:06:10.836] Load DDS texture: Squad/Parts/Utility/rockomaxAdapters/Assets/Rockomax_Adapters_diffuse_W
[LOG 20:06:10.842] Load DDS texture: Squad/Parts/Utility/rockomaxAdapters/Assets/Rockomax_Adapters_normal
[LOG 20:06:10.850] Load DDS texture: Squad/Parts/Utility/rockomaxAdapters/Assets/Rockomax_Adapters_normal_O
[LOG 20:06:10.867] Load DDS texture: Squad/Parts/Utility/ServiceBay/ServiceBay
[LOG 20:06:10.884] Load Cached PNG Texture: Squad/Parts/Utility/ServiceBay_v2/Assets/Scratch
[LOG 20:06:10.897] Load Cached PNG Texture: Squad/Parts/Utility/ServiceBay_v2/Assets/ServiceBay_bump
[LOG 20:06:10.903] Load Cached PNG Texture: Squad/Parts/Utility/ServiceBay_v2/Assets/ServiceBay_v2
[LOG 20:06:10.917] Load DDS texture: Squad/Parts/Utility/smallClaw/grabberSmallDiffuse
[LOG 20:06:10.925] Load DDS texture: Squad/Parts/Utility/smallClaw/grabberSmallDiffuseDark
[LOG 20:06:10.931] Load DDS texture: Squad/Parts/Utility/smallClaw/grabberSmallNRM
[LOG 20:06:10.932] Load DDS texture: Squad/Parts/Utility/smallClaw/window
[LOG 20:06:10.938] Load DDS texture: Squad/Parts/Utility/spotLightMk1/light1
[LOG 20:06:10.946] Load DDS texture: Squad/Parts/Utility/spotLightMk1/light1_em
[LOG 20:06:10.952] Load DDS texture: Squad/Parts/Utility/spotLightMk1_v2/spotLightMk1_Diffuse
[LOG 20:06:10.968] Load DDS texture: Squad/Parts/Utility/spotLightMk1_v2/spotLightMk1_Diffuse_white
[LOG 20:06:10.975] Load DDS texture: Squad/Parts/Utility/spotLightMk1_v2/spotLightMk1_Emissive
[LOG 20:06:10.985] Load DDS texture: Squad/Parts/Utility/spotLightMk1_v2/spotLightMk1_Normal
[LOG 20:06:10.999] Load DDS texture: Squad/Parts/Utility/spotLightMk2/light2
[LOG 20:06:11.010] Load DDS texture: Squad/Parts/Utility/spotLightMk2/light2_em
[LOG 20:06:11.016] Load DDS texture: Squad/Parts/Utility/spotLightMk2_v2/spotLightMk2_Diffuse
[LOG 20:06:11.033] Load DDS texture: Squad/Parts/Utility/spotLightMk2_v2/spotLightMk2_Diffuse_white
[LOG 20:06:11.038] Load DDS texture: Squad/Parts/Utility/spotLightMk2_v2/spotLightMk2_Emissive
[LOG 20:06:11.050] Load DDS texture: Squad/Parts/Utility/spotLightMk2_v2/spotLightMk2_Normal
[LOG 20:06:11.059] Load DDS texture: Squad/Parts/Utility/stackCouplers/Assets/stackCouplersDiffuse
[LOG 20:06:11.065] Load DDS texture: Squad/Parts/Utility/stackCouplers/Assets/stackCouplersDiffuse_Dark
[LOG 20:06:11.072] Load DDS texture: Squad/Parts/Utility/stackCouplers/Assets/stackCouplersDiffuse_Orange
[LOG 20:06:11.082] Load DDS texture: Squad/Parts/Utility/stackCouplers/Assets/stackCouplers_NRM
[LOG 20:06:11.089] Load DDS texture: Squad/Parts/Utility/stackCouplers/Assets/stackCouplers_Orange_NRM
[LOG 20:06:11.097] Load DDS texture: Squad/Parts/Wheel/LandingGear/Flare
[LOG 20:06:11.105] Load DDS texture: Squad/Parts/Wheel/LandingGear/LandingGear
[LOG 20:06:11.120] Load DDS texture: Squad/Parts/Wheel/LandingGear/LandingGear_Emissive
[LOG 20:06:11.138] Load DDS texture: Squad/Parts/Wheel/roverWheelM1/model000
[LOG 20:06:11.146] Load DDS texture: Squad/Parts/Wheel/roverWheelM1/roverwheel1
[LOG 20:06:11.151] Load DDS texture: Squad/Parts/Wheel/roverWheelS2/model000
[LOG 20:06:11.168] Load DDS texture: Squad/Parts/Wheel/roverWheelS2/model001
[LOG 20:06:11.174] Load DDS texture: Squad/Parts/Wheel/roverWheelS2/roverwheel2
[LOG 20:06:11.210] Load DDS texture: Squad/Parts/Wheel/roverWheelS2/roverwheel2_n
[LOG 20:06:11.218] Load DDS texture: Squad/Parts/Wheel/roverWheelTR-2L/ksp_r_medWheel_diff
[LOG 20:06:11.229] Load DDS texture: Squad/Parts/Wheel/roverWheelTR-2L/ksp_r_medWheel_normal
[LOG 20:06:11.245] Load DDS texture: Squad/Parts/Wheel/roverWheelTR-2L/ksp_r_medWheel_wheel_diff
[LOG 20:06:11.253] Load DDS texture: Squad/Parts/Wheel/roverWheelTR-2L/ksp_r_medWheel_wheel_normal
[LOG 20:06:11.261] Load DDS texture: Squad/Parts/Wheel/roverWheelXL3/mount
[LOG 20:06:11.267] Load DDS texture: Squad/Parts/Wheel/roverWheelXL3/mount_n
[LOG 20:06:11.272] Load DDS texture: Squad/Parts/Wheel/roverWheelXL3/wheel
[LOG 20:06:11.295] Load DDS texture: Squad/Parts/Wheel/roverWheelXL3/wheel_n
[LOG 20:06:11.323] Load DDS texture: Squad/Props/AltimeterThreeHands/model000
[LOG 20:06:11.329] Load DDS texture: Squad/Props/AltimeterThreeHands/model001
[LOG 20:06:11.335] Load DDS texture: Squad/Props/AtmosphereDepth/model000
[LOG 20:06:11.341] Load DDS texture: Squad/Props/AtmosphereDepth/model001
[LOG 20:06:11.347] Load DDS texture: Squad/Props/AxisIndicator/model000
[LOG 20:06:11.355] Load DDS texture: Squad/Props/buttonsGeneric/ButtonsAndSwitches
[LOG 20:06:11.362] Load DDS texture: Squad/Props/ButtonSquare/model000
[LOG 20:06:11.374] Load DDS texture: Squad/Props/circularButton/model000
[LOG 20:06:11.380] Load DDS texture: Squad/Props/Compass/model000
[LOG 20:06:11.389] Load DDS texture: Squad/Props/directionalKnob/model000
[LOG 20:06:11.396] Load DDS texture: Squad/Props/directionalKnob2/model000
[LOG 20:06:11.402] Load DDS texture: Squad/Props/IndicatorPanel/model000
[LOG 20:06:11.410] Load DDS texture: Squad/Props/IndicatorPanel/model001
[LOG 20:06:11.418] Load DDS texture: Squad/Props/IVANavBall/Arrows8dir
[LOG 20:06:11.424] Load DDS texture: Squad/Props/IVANavBall/IVANavBall
[LOG 20:06:11.434] Load DDS texture: Squad/Props/IVANavBall/IVANavBall_Glow
[LOG 20:06:11.442] Load DDS texture: Squad/Props/IVANavBall/ManeuverNode_vectors
[LOG 20:06:11.450] Load DDS texture: Squad/Props/IVANavBall/navball2
[LOG 20:06:11.458] Load DDS texture: Squad/Props/IVANavBall/navBall_DV_IVA
[LOG 20:06:11.464] Load DDS texture: Squad/Props/IVANavBall/navBall_vectors_IVA
[LOG 20:06:11.471] Load Cached PNG Texture: Squad/Props/IVANavBallNoBase/Arrows8dir
[LOG 20:06:11.484] Load Cached PNG Texture: Squad/Props/IVANavBallNoBase/IVANavBall
[LOG 20:06:11.491] Load Cached PNG Texture: Squad/Props/IVANavBallNoBase/ManeuverNode_vectors
[LOG 20:06:11.498] Load Cached PNG Texture: Squad/Props/IVANavBallNoBase/navball2
[LOG 20:06:11.504] Load Cached PNG Texture: Squad/Props/IVANavBallNoBase/navBall_DV_IVA
[LOG 20:06:11.511] Load Cached PNG Texture: Squad/Props/IVANavBallNoBase/navBall_vectors_IVA
[LOG 20:06:11.517] Load DDS texture: Squad/Props/ledPanelSpeed/circularButton
[LOG 20:06:11.538] Load DDS texture: Squad/Props/ledPanelSpeed/ledPanel
[LOG 20:06:11.544] Load DDS texture: Squad/Props/Monitor/Emissives
[LOG 20:06:11.552] Load DDS texture: Squad/Props/Monitor/Emissives_glow
[LOG 20:06:11.565] Load DDS texture: Squad/Props/Monitor/Monitor
[LOG 20:06:11.572] Load DDS texture: Squad/Props/NavBall/GaugeGee
[LOG 20:06:11.584] Load DDS texture: Squad/Props/NavBall/GaugeThrottle
[LOG 20:06:11.594] Load DDS texture: Squad/Props/NavBall/model000
[LOG 20:06:11.601] Load DDS texture: Squad/Props/NavBall/model001
[LOG 20:06:11.606] Load DDS texture: Squad/Props/NavBall/model002
[LOG 20:06:11.625] Load DDS texture: Squad/Props/NavBall/model003
[LOG 20:06:11.638] Load DDS texture: Squad/Props/PropsGeneric/propsGeneric
[LOG 20:06:11.648] Load DDS texture: Squad/Props/pullSwitch/model000
[LOG 20:06:11.653] Load DDS texture: Squad/Props/pullSwitch/model001
[LOG 20:06:11.663] Load DDS texture: Squad/Props/radarAltitude/model000
[LOG 20:06:11.674] Load DDS texture: Squad/Props/squareButton/model000
[LOG 20:06:11.681] Load DDS texture: Squad/Props/standingSwitch/model000
[LOG 20:06:11.688] Load DDS texture: Squad/Props/standingSwitch/model001
[LOG 20:06:11.697] Load DDS texture: Squad/Props/switch/model000
[LOG 20:06:11.702] Load DDS texture: Squad/Props/switchGuard/model000
[LOG 20:06:11.707] Load DDS texture: Squad/Props/switchWithGuards/model000
[LOG 20:06:11.717] Load DDS texture: Squad/Props/switchWithGuards/model001
[LOG 20:06:11.725] Load DDS texture: Squad/Props/switchWithGuards/model002
[LOG 20:06:11.732] Load DDS texture: Squad/Props/throttle/model000
[LOG 20:06:11.740] Load DDS texture: Squad/Props/throttle/model001
[LOG 20:06:11.748] Load DDS texture: Squad/Props/VSI/model000
[LOG 20:06:11.749] Load DDS texture: Squad/Spaces/crewCabinInternals/model000
[LOG 20:06:11.757] Load DDS texture: Squad/Spaces/crewCabinInternals/model001
[LOG 20:06:11.769] Load DDS texture: Squad/Spaces/crewCabinInternals/model002
[LOG 20:06:11.775] Load DDS texture: Squad/Spaces/crewCabinInternals/model003
[LOG 20:06:11.776] Load DDS texture: Squad/Spaces/crewCabinInternals/model004
[LOG 20:06:11.782] Load DDS texture: Squad/Spaces/crewCabinInternals/model005
[LOG 20:06:11.793] Load DDS texture: Squad/Spaces/cupolaInternal/ksp_l_cupola_internal_diff
[LOG 20:06:11.812] Load DDS texture: Squad/Spaces/cupolaInternal/ksp_l_cupola_internal_normal
[LOG 20:06:11.820] Load DDS texture: Squad/Spaces/cupolaInternal/ksp_l_cupola_internal_windows_alpha
[LOG 20:06:11.826] Load DDS texture: Squad/Spaces/cupolaInternal/pilot Seat
[LOG 20:06:11.832] Load DDS texture: Squad/Spaces/GenericSpace1/model000
[LOG 20:06:11.843] Load DDS texture: Squad/Spaces/GenericSpace1/model001
[LOG 20:06:11.849] Load DDS texture: Squad/Spaces/GenericSpace1/model002
[LOG 20:06:11.857] Load DDS texture: Squad/Spaces/GenericSpace1/model003
[LOG 20:06:11.867] Load DDS texture: Squad/Spaces/GenericSpace1/model004
[LOG 20:06:11.873] Load DDS texture: Squad/Spaces/GenericSpace1/model005
[LOG 20:06:11.882] Load DDS texture: Squad/Spaces/GenericSpace3/model000
[LOG 20:06:11.901] Load DDS texture: Squad/Spaces/GenericSpace3/model001
[LOG 20:06:11.907] Load DDS texture: Squad/Spaces/GenericSpace3/model002
[LOG 20:06:11.913] Load DDS texture: Squad/Spaces/GenericSpace3/model003
[LOG 20:06:11.919] Load DDS texture: Squad/Spaces/GenericSpace3/model004
[LOG 20:06:11.925] Load DDS texture: Squad/Spaces/GenericSpace3/model005
[LOG 20:06:11.931] Load DDS texture: Squad/Spaces/GenericSpace3/model006
[LOG 20:06:11.942] Load DDS texture: Squad/Spaces/GenericSpace3/model007
[LOG 20:06:11.953] Load DDS texture: Squad/Spaces/landerCabinInternals/model000
[LOG 20:06:11.963] Load DDS texture: Squad/Spaces/landerCabinInternals/model001
[LOG 20:06:11.971] Load DDS texture: Squad/Spaces/landerCabinInternals/model002
[LOG 20:06:11.978] Load DDS texture: Squad/Spaces/landerCabinInternals/model003
[LOG 20:06:11.990] Load DDS texture: Squad/Spaces/landerCabinInternals/model004
[LOG 20:06:12.002] Load DDS texture: Squad/Spaces/landerCabinInternals/model005
[LOG 20:06:12.008] Load DDS texture: Squad/Spaces/landerCabinInternals/model006
[LOG 20:06:12.010] Load DDS texture: Squad/Spaces/landerCabinInternals/model007
[LOG 20:06:12.017] Load DDS texture: Squad/Spaces/landerCabinSmallInternal/ksp_s_landerCan_internal_diff
[LOG 20:06:12.027] Load DDS texture: Squad/Spaces/landerCabinSmallInternal/ksp_s_landerCan_internal_normal
[LOG 20:06:12.035] Load DDS texture: Squad/Spaces/landerCabinSmallInternal/ksp_s_landerCan_internal_window_alpha
[LOG 20:06:12.041] Load DDS texture: Squad/Spaces/landerCabinSmallInternal/pilot Seat
[LOG 20:06:12.046] Load DDS texture: Squad/Spaces/LargeCrewedLabInternals/Glass
[LOG 20:06:12.057] Load DDS texture: Squad/Spaces/LargeCrewedLabInternals/MPL_Int
[LOG 20:06:12.063] Load DDS texture: Squad/Spaces/LargeCrewedLabInternals/MPL_Int_n_NRM
[LOG 20:06:12.072] Load DDS texture: Squad/Spaces/Mk1-3/Mk1_3_IvaProps_Diffuse
[LOG 20:06:12.082] Load DDS texture: Squad/Spaces/Mk1-3/Mk1_3_IvaProps_Normal
[LOG 20:06:12.090] Load DDS texture: Squad/Spaces/Mk1-3/Mk1_3_IvaShell_Diffuse
[LOG 20:06:12.101] Load DDS texture: Squad/Spaces/Mk1-3/Mk1_3_IvaShell_Emissive
[LOG 20:06:12.110] Load DDS texture: Squad/Spaces/Mk1-3/Mk1_3_IvaShell_Normal
[LOG 20:06:12.121] Load DDS texture: Squad/Spaces/Mk1-3/pilot Seat
[LOG 20:06:12.127] Load DDS texture: Squad/Spaces/mk1CabinInternal/Cabin_Lightmap
[LOG 20:06:12.134] Load DDS texture: Squad/Spaces/mk1CabinInternal/CockpitGeneric
[LOG 20:06:12.150] Load DDS texture: Squad/Spaces/mk1CabinInternal/CockpitGeneric_NRM
[LOG 20:06:12.151] Load DDS texture: Squad/Spaces/mk1CockpitInternal/CockpitGeneric
[LOG 20:06:12.152] Load DDS texture: Squad/Spaces/mk1CockpitInternal/CockpitGeneric_NRM
[LOG 20:06:12.158] Load DDS texture: Squad/Spaces/mk1CockpitInternal/IVAMAP
[LOG 20:06:12.165] Load DDS texture: Squad/Spaces/mk1CockpitInternal/Windows
[LOG 20:06:12.175] Load DDS texture: Squad/Spaces/mk1InlineInternal/Canopy
[LOG 20:06:12.176] Load DDS texture: Squad/Spaces/mk1InlineInternal/CockpitGeneric
[LOG 20:06:12.179] Load DDS texture: Squad/Spaces/mk1InlineInternal/CockpitGeneric_NRM
[LOG 20:06:12.184] Load DDS texture: Squad/Spaces/mk1InlineInternal/Mk1Inline_Lightmap
[LOG 20:06:12.191] Load DDS texture: Squad/Spaces/mk1PodCockpit/model000
[LOG 20:06:12.201] Load DDS texture: Squad/Spaces/mk1PodCockpit/model001
[LOG 20:06:12.207] Load DDS texture: Squad/Spaces/mk1PodCockpit/model002
[LOG 20:06:12.213] Load DDS texture: Squad/Spaces/mk1PodCockpit/model003
[LOG 20:06:12.229] Load DDS texture: Squad/Spaces/mk1PodCockpit/model004
[LOG 20:06:12.249] Load DDS texture: Squad/Spaces/mk1PodCockpit/model005
[LOG 20:06:12.254] Load DDS texture: Squad/Spaces/mk1PodCockpit/model006
[LOG 20:06:12.256] Load DDS texture: Squad/Spaces/mk1PodCockpit/model007
[LOG 20:06:12.263] Load DDS texture: Squad/Spaces/mk1pod_IVA/mk1pod_iva_props_diffuse
[LOG 20:06:12.271] Load DDS texture: Squad/Spaces/mk1pod_IVA/mk1pod_iva_props_emissive
[LOG 20:06:12.278] Load DDS texture: Squad/Spaces/mk1pod_IVA/mk1pod_iva_props_normal
[LOG 20:06:12.293] Load DDS texture: Squad/Spaces/mk1pod_IVA/mk1pod_iva_shell_diffuse
[LOG 20:06:12.304] Load DDS texture: Squad/Spaces/mk1pod_IVA/mk1pod_iva_shell_normal
[LOG 20:06:12.314] Load MBM texture: Squad/Spaces/mk1pod_IVA/pilot Seat
[LOG 20:06:12.363] Load DDS texture: Squad/Spaces/mk2CockpitStandardInternal/CargoBagA
[LOG 20:06:12.363] Load DDS texture: Squad/Spaces/mk2CockpitStandardInternal/Mk2StandardIVA
[LOG 20:06:12.365] Load DDS texture: Squad/Spaces/mk2CockpitStandardInternal/Pilotseat
[LOG 20:06:12.365] Load DDS texture: Squad/Spaces/mk2CockpitStandardInternal/Windows
[LOG 20:06:12.365] Load DDS texture: Squad/Spaces/Mk2CrewCabinInternal/CargoBagA
[LOG 20:06:12.365] Load DDS texture: Squad/Spaces/Mk2CrewCabinInternal/Glass
[LOG 20:06:12.366] Load DDS texture: Squad/Spaces/Mk2CrewCabinInternal/Mk2StandardIVA
[LOG 20:06:12.366] Load DDS texture: Squad/Spaces/Mk2CrewCabinInternal/Pilotseat
[LOG 20:06:12.371] Load DDS texture: Squad/Spaces/mk2InlineInternal/CockpitGeneric
[LOG 20:06:12.382] Load DDS texture: Squad/Spaces/mk2InlineInternal/CockpitGeneric_NRM
[LOG 20:06:12.403] Load DDS texture: Squad/Spaces/mk2InlineInternal/Mk2InlineLightmap
[LOG 20:06:12.411] Load DDS texture: Squad/Spaces/mk2InlineInternal/propsGeneric
[LOG 20:06:12.419] Load DDS texture: Squad/Spaces/mk2LanderCanInternal/mk2LanderCan_props_diffuse
[LOG 20:06:12.427] Load DDS texture: Squad/Spaces/mk2LanderCanInternal/mk2LanderCan_props_normal
[LOG 20:06:12.436] Load DDS texture: Squad/Spaces/mk2LanderCanInternal/mk2LanderCan_shell_diffuse
[LOG 20:06:12.444] Load DDS texture: Squad/Spaces/mk2LanderCanInternal/mk2LanderCan_shell_normal
[LOG 20:06:12.453] Load MBM texture: Squad/Spaces/mk2LanderCanInternal/pilot Seat
[LOG 20:06:12.496] Load DDS texture: Squad/Spaces/MK3CockpitInternal/Glass
[LOG 20:06:12.496] Load DDS texture: Squad/Spaces/MK3CockpitInternal/Mk2StandardIVA
[LOG 20:06:12.496] Load DDS texture: Squad/Spaces/MK3_CrewCab_Int/Glass
[LOG 20:06:12.496] Load DDS texture: Squad/Spaces/MK3_CrewCab_Int/GlassMK3CC
[LOG 20:06:12.497] Load DDS texture: Squad/Spaces/MK3_CrewCab_Int/Mk2StandardIVA
[LOG 20:06:12.497] Load DDS texture: Squad/Spaces/MK3_CrewCab_Int/MK3_CrewCab_Int
[LOG 20:06:12.498] Load DDS texture: Squad/Spaces/MK3_CrewCab_Int/MK3_CrewCab_Int_n
[LOG 20:06:12.511] Load DDS texture: Squad/Spaces/MK3_CrewCab_Int/Pilotseat
[LOG 20:06:12.534] Load DDS texture: Squad/Spaces/Placeholder/PlaceholderIVA
[LOG 20:06:12.541] Load DDS texture: Squad/Spaces/PodCockpit/model000
[LOG 20:06:12.555] Load DDS texture: Squad/Spaces/PodCockpit/model001
[LOG 20:06:12.560] Load DDS texture: Squad/Spaces/PodCockpit/model002
[LOG 20:06:12.568] Load DDS texture: Squad/Spaces/PodCockpit/model003
[LOG 20:06:12.574] Load DDS texture: Squad/Spaces/PodCockpit/model004
[LOG 20:06:12.586] Load DDS texture: Squad/Spaces/PodCockpit/model005
[LOG 20:06:12.593] Load DDS texture: Squad/Spaces/PodCockpit/model006
[LOG 20:06:12.612] Load DDS texture: Squad/Spaces/PodCockpit/model007
[LOG 20:06:12.621] Load DDS texture: Squad/Spaces/sharedAssets/CockpitGeneric
[LOG 20:06:12.629] Load DDS texture: Squad/Spaces/sharedAssets/CockpitGeneric_NRM
[LOG 20:06:12.637] Load Cached PNG Texture: Squad/Strategies/Icons/AggressiveNegotiations
[LOG 20:06:12.642] Load Cached PNG Texture: Squad/Strategies/Icons/AppreciationCampaign
[LOG 20:06:12.648] Load Cached PNG Texture: Squad/Strategies/Icons/BailOutGrant
[LOG 20:06:12.657] Load Cached PNG Texture: Squad/Strategies/Icons/FundraisingCampaign
[LOG 20:06:12.665] Load Cached PNG Texture: Squad/Strategies/Icons/LeadershipInitiative
[LOG 20:06:12.670] Load Cached PNG Texture: Squad/Strategies/Icons/OpenSourceTechProgram
[LOG 20:06:12.675] Load Cached PNG Texture: Squad/Strategies/Icons/OutsourcedResearch
[LOG 20:06:12.680] Load Cached PNG Texture: Squad/Strategies/Icons/PatentsLicensing
[LOG 20:06:12.690] Load Cached PNG Texture: Squad/Strategies/Icons/RecoveryTransponderFitting
[LOG 20:06:12.695] Load Cached PNG Texture: Squad/Strategies/Icons/ResearchRightsSellOut
[LOG 20:06:12.707] Load Cached PNG Texture: Squad/Strategies/Icons/UnpaidResearchProgram
[LOG 20:06:12.730] Load Cached PNG Texture: Squad/Tutorials/ChuteColors
[LOG 20:06:12.737] Load DDS texture: Squad/Tutorials/EditorCoM
[LOG 20:06:12.744] Load Cached PNG Texture: Squad/Tutorials/EditorSnap
[LOG 20:06:12.749] Load Cached PNG Texture: Squad/Tutorials/EditorSnap4x
[LOG 20:06:12.755] Load Cached PNG Texture: Squad/Tutorials/EditorSymm
[LOG 20:06:12.768] Load Cached PNG Texture: Squad/Tutorials/StagingStack
[LOG 20:06:12.782] Load PNG texture: Squad/Tutorials/YPRDiagram
[WRN 20:06:12.783] Texture isn't eligible for DXT compression, width and height must be multiples of 4
[LOG 20:06:12.792] Load Cached PNG Texture: SquadExpansion/MakingHistory/Banners/Fail/default
[LOG 20:06:12.799] Load Cached PNG Texture: SquadExpansion/MakingHistory/Banners/Fail/fail01
[LOG 20:06:12.806] Load Cached PNG Texture: SquadExpansion/MakingHistory/Banners/Fail/fail02
[LOG 20:06:12.813] Load PNG texture: SquadExpansion/MakingHistory/Banners/Menu/default
[WRN 20:06:12.817] Texture isn't eligible for DXT compression, width and height must be multiples of 4
[LOG 20:06:12.827] Load PNG texture: SquadExpansion/MakingHistory/Banners/Menu/MBanner_01
[WRN 20:06:12.830] Texture isn't eligible for DXT compression, width and height must be multiples of 4
[LOG 20:06:12.833] Load PNG texture: SquadExpansion/MakingHistory/Banners/Menu/MBanner_02
[WRN 20:06:12.838] Texture isn't eligible for DXT compression, width and height must be multiples of 4
[LOG 20:06:12.838] Load PNG texture: SquadExpansion/MakingHistory/Banners/Menu/MBanner_03
[WRN 20:06:12.842] Texture isn't eligible for DXT compression, width and height must be multiples of 4
[LOG 20:06:12.847] Load Cached PNG Texture: SquadExpansion/MakingHistory/Banners/Success/default
[LOG 20:06:12.853] Load Cached PNG Texture: SquadExpansion/MakingHistory/Banners/Success/success01
[LOG 20:06:12.861] Load Cached PNG Texture: SquadExpansion/MakingHistory/Banners/Success/success02
[LOG 20:06:12.868] Load Cached PNG Texture: SquadExpansion/MakingHistory/Missions/Acapello 13/Banners/Fail/fail01
[LOG 20:06:12.872] Load PNG texture: SquadExpansion/MakingHistory/Missions/Acapello 13/Banners/Menu/Mun
[WRN 20:06:12.875] Texture isn't eligible for DXT compression, width and height must be multiples of 4
[LOG 20:06:12.881] Load Cached PNG Texture: SquadExpansion/MakingHistory/Missions/Acapello 13/Banners/Success/success01
[LOG 20:06:12.889] Load Cached PNG Texture: SquadExpansion/MakingHistory/Missions/Acapello 15/Banners/Fail/default
[LOG 20:06:12.894] Load Cached PNG Texture: SquadExpansion/MakingHistory/Missions/Acapello 15/Banners/Fail/fail02
[LOG 20:06:12.905] Load PNG texture: SquadExpansion/MakingHistory/Missions/Acapello 15/Banners/Menu/default
[WRN 20:06:12.907] Texture isn't eligible for DXT compression, width and height must be multiples of 4
[LOG 20:06:12.910] Load Cached PNG Texture: SquadExpansion/MakingHistory/Missions/Acapello 15/Banners/Success/default
[LOG 20:06:12.926] Load Cached PNG Texture: SquadExpansion/MakingHistory/Missions/Blue Mun/Banners/Fail/fail01
[LOG 20:06:12.935] Load PNG texture: SquadExpansion/MakingHistory/Missions/Blue Mun/Banners/Menu/default
[WRN 20:06:12.936] Texture isn't eligible for DXT compression, width and height must be multiples of 4
[LOG 20:06:12.942] Load Cached PNG Texture: SquadExpansion/MakingHistory/Missions/Blue Mun/Banners/Success/success02
[LOG 20:06:12.947] Load Cached PNG Texture: SquadExpansion/MakingHistory/Missions/Dawn of the Space Age/Banners/Fail/default
[LOG 20:06:12.955] Load PNG texture: SquadExpansion/MakingHistory/Missions/Dawn of the Space Age/Banners/Menu/default
[WRN 20:06:12.957] Texture isn't eligible for DXT compression, width and height must be multiples of 4
[LOG 20:06:12.971] Load Cached PNG Texture: SquadExpansion/MakingHistory/Missions/Dawn of the Space Age/Banners/Success/default
[LOG 20:06:12.977] Load Cached PNG Texture: SquadExpansion/MakingHistory/Missions/Meet Me in Zero G/Banners/Fail/default
[LOG 20:06:12.982] Load Cached PNG Texture: SquadExpansion/MakingHistory/Missions/Meet Me in Zero G/Banners/Fail/fail01
[LOG 20:06:12.990] Load PNG texture: SquadExpansion/MakingHistory/Missions/Meet Me in Zero G/Banners/Menu/default
[WRN 20:06:12.992] Texture isn't eligible for DXT compression, width and height must be multiples of 4
[LOG 20:06:12.994] Load Cached PNG Texture: SquadExpansion/MakingHistory/Missions/Meet Me in Zero G/Banners/Success/default
[LOG 20:06:13.004] Load Cached PNG Texture: SquadExpansion/MakingHistory/Missions/Meet Me in Zero G/Banners/Success/success02
[LOG 20:06:13.017] Load Cached PNG Texture: SquadExpansion/MakingHistory/Missions/Munar 1/Banners/Fail/default
[LOG 20:06:13.025] Load Cached PNG Texture: SquadExpansion/MakingHistory/Missions/Munar 1/Banners/Fail/fail02
[LOG 20:06:13.035] Load PNG texture: SquadExpansion/MakingHistory/Missions/Munar 1/Banners/Menu/default
[WRN 20:06:13.037] Texture isn't eligible for DXT compression, width and height must be multiples of 4
[LOG 20:06:13.041] Load Cached PNG Texture: SquadExpansion/MakingHistory/Missions/Munar 1/Banners/Success/default
[LOG 20:06:13.050] Load Cached PNG Texture: SquadExpansion/MakingHistory/Missions/Munar 1/Banners/Success/success01
[LOG 20:06:13.056] Load Cached PNG Texture: SquadExpansion/MakingHistory/Missions/Sally-Hut 1/Banners/Fail/default
[LOG 20:06:13.070] Load Cached PNG Texture: SquadExpansion/MakingHistory/Missions/Sally-Hut 1/Banners/Fail/fail01
[LOG 20:06:13.075] Load Cached PNG Texture: SquadExpansion/MakingHistory/Missions/Sally-Hut 1/Banners/Menu/bannerSatellite
[LOG 20:06:13.086] Load Cached PNG Texture: SquadExpansion/MakingHistory/Missions/Sally-Hut 1/Banners/Success/default
[LOG 20:06:13.117] Load Cached PNG Texture: SquadExpansion/MakingHistory/Missions/Sally-Hut 1/Banners/Success/success02
[LOG 20:06:13.122] Load Cached PNG Texture: SquadExpansion/MakingHistory/Missions/To the Mun Via Minmus/Banners/Fail/fail02
[LOG 20:06:13.128] Load PNG texture: SquadExpansion/MakingHistory/Missions/To the Mun Via Minmus/Banners/Menu/MissionBannerKerbin
[WRN 20:06:13.131] Texture isn't eligible for DXT compression, width and height must be multiples of 4
[LOG 20:06:13.134] Load Cached PNG Texture: SquadExpansion/MakingHistory/Missions/To the Mun Via Minmus/Banners/Success/success01
[LOG 20:06:13.141] Load Cached PNG Texture: SquadExpansion/MakingHistory/Missions/Trouble in the Void/Banners/Fail/fail01
[LOG 20:06:13.147] Load PNG texture: SquadExpansion/MakingHistory/Missions/Trouble in the Void/Banners/Menu/default
[WRN 20:06:13.150] Texture isn't eligible for DXT compression, width and height must be multiples of 4
[LOG 20:06:13.155] Load Cached PNG Texture: SquadExpansion/MakingHistory/Missions/Trouble in the Void/Banners/Success/success02
[LOG 20:06:13.162] Load Cached PNG Texture: SquadExpansion/MakingHistory/Missions/Ziggy Kerman and the Spiders from Duna/Banners/Fail/fail02
[LOG 20:06:13.171] Load Cached PNG Texture: SquadExpansion/MakingHistory/Missions/Ziggy Kerman and the Spiders from Duna/Banners/Menu/bannerSatellite
[LOG 20:06:13.177] Load Cached PNG Texture: SquadExpansion/MakingHistory/Missions/Ziggy Kerman and the Spiders from Duna/Banners/Success/success01
[LOG 20:06:13.185] Load Cached PNG Texture: SquadExpansion/MakingHistory/Parts/@thumbs/Decoupler.1p5_icon0
[LOG 20:06:13.193] Load Cached PNG Texture: SquadExpansion/MakingHistory/Parts/@thumbs/Decoupler.1p5_icon1
[LOG 20:06:13.234] Load Cached PNG Texture: SquadExpansion/MakingHistory/Parts/@thumbs/EquiTriangle0_icon0
[LOG 20:06:13.242] Load Cached PNG Texture: SquadExpansion/MakingHistory/Parts/@thumbs/EquiTriangle0_icon1
[LOG 20:06:13.249] Load Cached PNG Texture: SquadExpansion/MakingHistory/Parts/@thumbs/EquiTriangle0_icon2
[LOG 20:06:13.259] Load Cached PNG Texture: SquadExpansion/MakingHistory/Parts/@thumbs/EquiTriangle0_icon3
[LOG 20:06:13.278] Load Cached PNG Texture: SquadExpansion/MakingHistory/Parts/@thumbs/EquiTriangle1p5_icon0
[LOG 20:06:13.289] Load Cached PNG Texture: SquadExpansion/MakingHistory/Parts/@thumbs/EquiTriangle1p5_icon1
[LOG 20:06:13.302] Load Cached PNG Texture: SquadExpansion/MakingHistory/Parts/@thumbs/EquiTriangle1p5_icon2
[LOG 20:06:13.309] Load Cached PNG Texture: SquadExpansion/MakingHistory/Parts/@thumbs/EquiTriangle1p5_icon3
[LOG 20:06:13.325] Load Cached PNG Texture: SquadExpansion/MakingHistory/Parts/@thumbs/EquiTriangle1_icon0
[LOG 20:06:13.336] Load Cached PNG Texture: SquadExpansion/MakingHistory/Parts/@thumbs/EquiTriangle1_icon1
[LOG 20:06:13.343] Load Cached PNG Texture: SquadExpansion/MakingHistory/Parts/@thumbs/EquiTriangle1_icon2
[LOG 20:06:13.368] Load Cached PNG Texture: SquadExpansion/MakingHistory/Parts/@thumbs/EquiTriangle1_icon3
[LOG 20:06:13.376] Load Cached PNG Texture: SquadExpansion/MakingHistory/Parts/@thumbs/EquiTriangle2_icon0
[LOG 20:06:13.388] Load Cached PNG Texture: SquadExpansion/MakingHistory/Parts/@thumbs/EquiTriangle2_icon1
[LOG 20:06:13.396] Load Cached PNG Texture: SquadExpansion/MakingHistory/Parts/@thumbs/EquiTriangle2_icon2
[LOG 20:06:13.403] Load Cached PNG Texture: SquadExpansion/MakingHistory/Parts/@thumbs/EquiTriangle2_icon3
[LOG 20:06:13.419] Load Cached PNG Texture: SquadExpansion/MakingHistory/Parts/@thumbs/HeatShield1p5_icon
[LOG 20:06:13.427] Load Cached PNG Texture: SquadExpansion/MakingHistory/Parts/@thumbs/InflatableAirlock_icon
[LOG 20:06:13.442] Load Cached PNG Texture: SquadExpansion/MakingHistory/Parts/@thumbs/LiquidEngineRV-1_icon
[LOG 20:06:13.453] Load Cached PNG Texture: SquadExpansion/MakingHistory/Parts/@thumbs/monopropMiniSphere_icon
[LOG 20:06:13.461] Load Cached PNG Texture: SquadExpansion/MakingHistory/Parts/@thumbs/Panel0_icon0
[LOG 20:06:13.468] Load Cached PNG Texture: SquadExpansion/MakingHistory/Parts/@thumbs/Panel0_icon1
[LOG 20:06:13.478] Load Cached PNG Texture: SquadExpansion/MakingHistory/Parts/@thumbs/Panel0_icon2
[LOG 20:06:13.487] Load Cached PNG Texture: SquadExpansion/MakingHistory/Parts/@thumbs/Panel0_icon3
[LOG 20:06:13.494] Load Cached PNG Texture: SquadExpansion/MakingHistory/Parts/@thumbs/Panel1p5_icon0
[LOG 20:06:13.510] Load Cached PNG Texture: SquadExpansion/MakingHistory/Parts/@thumbs/Panel1p5_icon1
[LOG 20:06:13.518] Load Cached PNG Texture: SquadExpansion/MakingHistory/Parts/@thumbs/Panel1p5_icon2
[LOG 20:06:13.527] Load Cached PNG Texture: SquadExpansion/MakingHistory/Parts/@thumbs/Panel1p5_icon3
[LOG 20:06:13.543] Load Cached PNG Texture: SquadExpansion/MakingHistory/Parts/@thumbs/Panel1_icon0
[LOG 20:06:13.549] Load Cached PNG Texture: SquadExpansion/MakingHistory/Parts/@thumbs/Panel1_icon1
[LOG 20:06:13.563] Load Cached PNG Texture: SquadExpansion/MakingHistory/Parts/@thumbs/Panel1_icon2
[LOG 20:06:13.574] Load Cached PNG Texture: SquadExpansion/MakingHistory/Parts/@thumbs/Panel1_icon3
[LOG 20:06:13.583] Load Cached PNG Texture: SquadExpansion/MakingHistory/Parts/@thumbs/roverWheelM1-F_icon0
[LOG 20:06:13.590] Load Cached PNG Texture: SquadExpansion/MakingHistory/Parts/@thumbs/roverWheelM1-F_icon1
[LOG 20:06:13.608] Load Cached PNG Texture: SquadExpansion/MakingHistory/Parts/@thumbs/Separator.1p5_icon0
[LOG 20:06:13.621] Load Cached PNG Texture: SquadExpansion/MakingHistory/Parts/@thumbs/Separator.1p5_icon1
[LOG 20:06:13.647] Load Cached PNG Texture: SquadExpansion/MakingHistory/Parts/@thumbs/Size1p5.Strut.Decoupler_icon0
[LOG 20:06:13.657] Load Cached PNG Texture: SquadExpansion/MakingHistory/Parts/@thumbs/Size1p5.Strut.Decoupler_icon1
[LOG 20:06:13.663] Load Cached PNG Texture: SquadExpansion/MakingHistory/Parts/@thumbs/Size1to0ServiceModule_icon
[LOG 20:06:13.671] Load Cached PNG Texture: SquadExpansion/MakingHistory/Parts/@thumbs/Triangle0_icon0
[LOG 20:06:13.683] Load Cached PNG Texture: SquadExpansion/MakingHistory/Parts/@thumbs/Triangle0_icon1
[LOG 20:06:13.694] Load Cached PNG Texture: SquadExpansion/MakingHistory/Parts/@thumbs/Triangle0_icon2
[LOG 20:06:13.704] Load Cached PNG Texture: SquadExpansion/MakingHistory/Parts/@thumbs/Triangle0_icon3
[LOG 20:06:13.716] Load Cached PNG Texture: SquadExpansion/MakingHistory/Parts/@thumbs/Triangle1p5_icon0
[LOG 20:06:13.728] Load Cached PNG Texture: SquadExpansion/MakingHistory/Parts/@thumbs/Triangle1p5_icon1
[LOG 20:06:13.735] Load Cached PNG Texture: SquadExpansion/MakingHistory/Parts/@thumbs/Triangle1p5_icon2
[LOG 20:06:13.742] Load Cached PNG Texture: SquadExpansion/MakingHistory/Parts/@thumbs/Triangle1p5_icon3
[LOG 20:06:13.753] Load Cached PNG Texture: SquadExpansion/MakingHistory/Parts/@thumbs/Triangle1_icon0
[LOG 20:06:13.763] Load Cached PNG Texture: SquadExpansion/MakingHistory/Parts/@thumbs/Triangle1_icon1
[LOG 20:06:13.771] Load Cached PNG Texture: SquadExpansion/MakingHistory/Parts/@thumbs/Triangle1_icon2
[LOG 20:06:13.782] Load Cached PNG Texture: SquadExpansion/MakingHistory/Parts/@thumbs/Triangle1_icon3
[LOG 20:06:13.792] Load Cached PNG Texture: SquadExpansion/MakingHistory/Parts/@thumbs/Triangle2_icon0
[LOG 20:06:13.815] Load Cached PNG Texture: SquadExpansion/MakingHistory/Parts/@thumbs/Triangle2_icon1
[LOG 20:06:13.825] Load Cached PNG Texture: SquadExpansion/MakingHistory/Parts/@thumbs/Triangle2_icon2
[LOG 20:06:13.832] Load Cached PNG Texture: SquadExpansion/MakingHistory/Parts/@thumbs/Triangle2_icon3
[LOG 20:06:13.853] Load Cached PNG Texture: SquadExpansion/MakingHistory/Parts/@thumbs/Tube1_icon0
[LOG 20:06:13.865] Load Cached PNG Texture: SquadExpansion/MakingHistory/Parts/@thumbs/Tube1_icon1
[LOG 20:06:13.881] Load Cached PNG Texture: SquadExpansion/MakingHistory/Parts/@thumbs/Tube1_icon2
[LOG 20:06:13.889] Load Cached PNG Texture: SquadExpansion/MakingHistory/Parts/@thumbs/Tube1_icon3
[LOG 20:06:13.895] Load Cached PNG Texture: SquadExpansion/MakingHistory/Parts/@thumbs/Tube1_icon4
[LOG 20:06:13.902] Load Cached PNG Texture: SquadExpansion/MakingHistory/Parts/Aero/protectiveRocketNoseMk5A/s1p5_cone
[LOG 20:06:13.911] Load Cached PNG Texture: SquadExpansion/MakingHistory/Parts/Aero/protectiveRocketNoseMk5A/s1p5_cone_Orange
[LOG 20:06:13.926] Load DDS texture: SquadExpansion/MakingHistory/Parts/Coupling/Assets/airlock
[LOG 20:06:13.934] Load DDS texture: SquadExpansion/MakingHistory/Parts/Coupling/Assets/airlock_N
[LOG 20:06:13.940] Load DDS texture: SquadExpansion/MakingHistory/Parts/Coupling/Assets/EnginePlate
[LOG 20:06:13.945] Load DDS texture: SquadExpansion/MakingHistory/Parts/Coupling/Assets/Size1_5_Decoupler_grey
[LOG 20:06:13.953] Load DDS texture: SquadExpansion/MakingHistory/Parts/Coupling/Assets/Size1_5_Decoupler_orange
[LOG 20:06:13.959] Load DDS texture: SquadExpansion/MakingHistory/Parts/Engine/Assets/KE-1
[LOG 20:06:13.966] Load DDS texture: SquadExpansion/MakingHistory/Parts/Engine/Assets/KE-1_BASE
[LOG 20:06:13.974] Load DDS texture: SquadExpansion/MakingHistory/Parts/Engine/Assets/LV-T87
[LOG 20:06:13.980] Load DDS texture: SquadExpansion/MakingHistory/Parts/Engine/Assets/LV-T91
[LOG 20:06:13.989] Load DDS texture: SquadExpansion/MakingHistory/Parts/Engine/Assets/RE-I2
[LOG 20:06:13.996] Load DDS texture: SquadExpansion/MakingHistory/Parts/Engine/Assets/RE-J10
[LOG 20:06:14.002] Load DDS texture: SquadExpansion/MakingHistory/Parts/Engine/Assets/RE-J10_N
[LOG 20:06:14.010] Load DDS texture: SquadExpansion/MakingHistory/Parts/Engine/Assets/RK-7
[LOG 20:06:14.015] Load DDS texture: SquadExpansion/MakingHistory/Parts/Engine/Assets/RK-7_N
[LOG 20:06:14.026] Load DDS texture: SquadExpansion/MakingHistory/Parts/Engine/solidBoosterTHK/SolidBoosterS2-17_emissive
[LOG 20:06:14.035] Load DDS texture: SquadExpansion/MakingHistory/Parts/Engine/solidBoosterTHK/solidBoosterTHK_diffuse
[LOG 20:06:14.043] Load DDS texture: SquadExpansion/MakingHistory/Parts/FuelTank/Assets/Size1p5_02
[LOG 20:06:14.050] Load DDS texture: SquadExpansion/MakingHistory/Parts/FuelTank/Assets/Size1p5_02_ALT01
[LOG 20:06:14.056] Load DDS texture: SquadExpansion/MakingHistory/Parts/FuelTank/Assets/Size1p5_02_ALT02
[LOG 20:06:14.064] Load DDS texture: SquadExpansion/MakingHistory/Parts/FuelTank/Assets/Size1p5_02_ALT02_normal
[LOG 20:06:14.070] Load DDS texture: SquadExpansion/MakingHistory/Parts/FuelTank/Assets/Size1p5_mono
[LOG 20:06:14.075] Load DDS texture: SquadExpansion/MakingHistory/Parts/FuelTank/Assets/Size1p5_mono_2
[LOG 20:06:14.083] Load DDS texture: SquadExpansion/MakingHistory/Parts/FuelTank/Assets/Size1p5_mono_N
[LOG 20:06:14.088] Load DDS texture: SquadExpansion/MakingHistory/Parts/FuelTank/Assets/Size1_5_TankAdapters
[LOG 20:06:14.098] Load DDS texture: SquadExpansion/MakingHistory/Parts/FuelTank/Assets/Size1_5_TankAdapters_ALT01
[LOG 20:06:14.109] Load DDS texture: SquadExpansion/MakingHistory/Parts/FuelTank/Assets/Size1_5_TankAdapters_ALT02
[LOG 20:06:14.115] Load DDS texture: SquadExpansion/MakingHistory/Parts/FuelTank/Assets/Size1_5_TankAdapters_ALT02nm
[LOG 20:06:14.121] Load DDS texture: SquadExpansion/MakingHistory/Parts/FuelTank/Assets/Size1_5_TankAdapters_N
[LOG 20:06:14.127] Load DDS texture: SquadExpansion/MakingHistory/Parts/FuelTank/Assets/Size1_5_Tanks
[LOG 20:06:14.137] Load DDS texture: SquadExpansion/MakingHistory/Parts/FuelTank/Assets/Size1_5_Tanks_ALT02
[LOG 20:06:14.145] Load DDS texture: SquadExpansion/MakingHistory/Parts/FuelTank/Assets/Size1_5_Tanks_ALT02_nm
[LOG 20:06:14.153] Load DDS texture: SquadExpansion/MakingHistory/Parts/FuelTank/Assets/Size1_5_Tanks_grey
[LOG 20:06:14.161] Load DDS texture: SquadExpansion/MakingHistory/Parts/FuelTank/Assets/Size4_Tanks
[LOG 20:06:14.170] Load DDS texture: SquadExpansion/MakingHistory/Parts/FuelTank/Assets/Size4_Tanks_N
[LOG 20:06:14.177] Load DDS texture: SquadExpansion/MakingHistory/Parts/Ground/Assets/RoverWheel
[LOG 20:06:14.186] Load DDS texture: SquadExpansion/MakingHistory/Parts/Ground/Assets/RoverWheelG
[LOG 20:06:14.197] Load DDS texture: SquadExpansion/MakingHistory/Parts/Payload/Assets/Size1to0ServiceBay
[LOG 20:06:14.202] Load DDS texture: SquadExpansion/MakingHistory/Parts/Payload/Assets/Size1to0ServiceBay_n
[LOG 20:06:14.213] Load DDS texture: SquadExpansion/MakingHistory/Parts/Payload/Assets/SM18_diffuse
[LOG 20:06:14.225] Load Cached PNG Texture: SquadExpansion/MakingHistory/Parts/Payload/Assets/SM18_NRM
[LOG 20:06:14.236] Load DDS texture: SquadExpansion/MakingHistory/Parts/Payload/Assets/SM18_specular
[LOG 20:06:14.245] Load DDS texture: SquadExpansion/MakingHistory/Parts/Payload/Assets/SM25_diffuse
[LOG 20:06:14.254] Load DDS texture: SquadExpansion/MakingHistory/Parts/Payload/Assets/SM25_normals
[LOG 20:06:14.268] Load DDS texture: SquadExpansion/MakingHistory/Parts/Pods/Assets/KV1
[LOG 20:06:14.278] Load DDS texture: SquadExpansion/MakingHistory/Parts/Pods/Assets/KV1_GLOW
[LOG 20:06:14.284] Load DDS texture: SquadExpansion/MakingHistory/Parts/Pods/Assets/KV2
[LOG 20:06:14.292] Load DDS texture: SquadExpansion/MakingHistory/Parts/Pods/Assets/KV3
[LOG 20:06:14.298] Load DDS texture: SquadExpansion/MakingHistory/Parts/Pods/Assets/Mk2Pod
[LOG 20:06:14.308] Load DDS texture: SquadExpansion/MakingHistory/Parts/Pods/Assets/Mk2Pod_GLOW
[LOG 20:06:14.317] Load DDS texture: SquadExpansion/MakingHistory/Parts/Pods/Assets/Mk2Pod_n
[LOG 20:06:14.324] Load DDS texture: SquadExpansion/MakingHistory/Parts/Pods/Assets/Size1_5_Lander
[LOG 20:06:14.335] Load DDS texture: SquadExpansion/MakingHistory/Parts/Pods/Assets/Size1_5_Lander_GLOW
[LOG 20:06:14.343] Load DDS texture: SquadExpansion/MakingHistory/Parts/SharedAssets/Shrouds
[LOG 20:06:14.354] Load DDS texture: SquadExpansion/MakingHistory/Parts/SharedAssets/Shrouds_N
[LOG 20:06:14.362] Load DDS texture: SquadExpansion/MakingHistory/Parts/Structural/Assets/NormalMap
[LOG 20:06:14.370] Load DDS texture: SquadExpansion/MakingHistory/Parts/Structural/Assets/Panels
[LOG 20:06:14.379] Load DDS texture: SquadExpansion/MakingHistory/Parts/Structural/Assets/Panels_Dark_D
[LOG 20:06:14.387] Load DDS texture: SquadExpansion/MakingHistory/Parts/Structural/Assets/Panels_Gold_D
[LOG 20:06:14.395] Load Cached PNG Texture: SquadExpansion/MakingHistory/Parts/Structural/Assets/Panels_Gold_NRM
[LOG 20:06:14.413] Load DDS texture: SquadExpansion/MakingHistory/Parts/Structural/Assets/Panels_Gold_S
[LOG 20:06:14.420] Load DDS texture: SquadExpansion/MakingHistory/Parts/Structural/Assets/Panels_Silver_D
[LOG 20:06:14.431] Load DDS texture: SquadExpansion/MakingHistory/Parts/Structural/Assets/Panels_Silver_S
[LOG 20:06:14.436] Load Cached PNG Texture: SquadExpansion/MakingHistory/Ships/@thumbs/VAB/Acapello
[LOG 20:06:14.444] Load Cached PNG Texture: SquadExpansion/MakingHistory/Ships/@thumbs/VAB/Beta Centaurus
[LOG 20:06:14.452] Load Cached PNG Texture: SquadExpansion/MakingHistory/Ships/@thumbs/VAB/Goliath II HLV
[LOG 20:06:14.476] Load Cached PNG Texture: SquadExpansion/MakingHistory/Ships/@thumbs/VAB/Muna 1
[LOG 20:06:14.486] Load Cached PNG Texture: SquadExpansion/MakingHistory/Ships/@thumbs/VAB/Sally-Hut 1
[LOG 20:06:14.496] Load Cached PNG Texture: SquadExpansion/MakingHistory/Ships/@thumbs/VAB/SWM-94 Communications Satellite
[LOG 20:06:14.503] Load Cached PNG Texture: SquadExpansion/MakingHistory/Ships/@thumbs/VAB/Valshkod 2
[LOG 20:06:14.508] Load DDS texture: SquadExpansion/MakingHistory/Spaces/KVPods/airlock
[LOG 20:06:14.513] Load DDS texture: SquadExpansion/MakingHistory/Spaces/KVPods/airlock_N
[LOG 20:06:14.522] Load DDS texture: SquadExpansion/MakingHistory/Spaces/KVPods/KV1_Props_Diffuse
[LOG 20:06:14.531] Load DDS texture: SquadExpansion/MakingHistory/Spaces/KVPods/KV1_Props_Normal
[LOG 20:06:14.540] Load DDS texture: SquadExpansion/MakingHistory/Spaces/KVPods/KV1_Shell_Diffuse
[LOG 20:06:14.548] Load DDS texture: SquadExpansion/MakingHistory/Spaces/KVPods/KV1_Shell_Emissive
[LOG 20:06:14.559] Load DDS texture: SquadExpansion/MakingHistory/Spaces/KVPods/KV1_Shell_Normal
[LOG 20:06:14.567] Load DDS texture: SquadExpansion/MakingHistory/Spaces/KVPods/KV1_Vzor_Diffuse
[LOG 20:06:14.580] Load DDS texture: SquadExpansion/MakingHistory/Spaces/KVPods/KV2_Props_Diffuse
[LOG 20:06:14.590] Load DDS texture: SquadExpansion/MakingHistory/Spaces/KVPods/KV2_Props_Emissive
[LOG 20:06:14.600] Load DDS texture: SquadExpansion/MakingHistory/Spaces/KVPods/KV2_Props_Normal
[LOG 20:06:14.613] Load DDS texture: SquadExpansion/MakingHistory/Spaces/KVPods/KV2_Shell_Diffuse
[LOG 20:06:14.621] Load DDS texture: SquadExpansion/MakingHistory/Spaces/KVPods/KV2_Shell_Normal
[LOG 20:06:14.631] Load DDS texture: SquadExpansion/MakingHistory/Spaces/KVPods/KV3_Props_Diffuse
[LOG 20:06:14.641] Load DDS texture: SquadExpansion/MakingHistory/Spaces/KVPods/KV3_Props_Normal
[LOG 20:06:14.651] Load DDS texture: SquadExpansion/MakingHistory/Spaces/KVPods/KV3_Shell_Diffuse
[LOG 20:06:14.661] Load DDS texture: SquadExpansion/MakingHistory/Spaces/KVPods/KV3_Shell_Normal
[LOG 20:06:14.688] Load DDS texture: SquadExpansion/MakingHistory/Spaces/KVPods/motor
[LOG 20:06:14.695] Load DDS texture: SquadExpansion/MakingHistory/Spaces/KVPods/pilot Seat
[LOG 20:06:14.705] Load DDS texture: SquadExpansion/MakingHistory/Spaces/MEM/PANELS_AO
[LOG 20:06:14.715] Load DDS texture: SquadExpansion/MakingHistory/Spaces/MEM/PANELS_EMISSIVE
[LOG 20:06:14.725] Load DDS texture: SquadExpansion/MakingHistory/Spaces/MEM/PANELS_NORMAL
[LOG 20:06:14.739] Load DDS texture: SquadExpansion/MakingHistory/Spaces/MEM/pilot Seat
[LOG 20:06:14.747] Load DDS texture: SquadExpansion/MakingHistory/Spaces/MEM/propsGeneric
[LOG 20:06:14.755] Load DDS texture: SquadExpansion/MakingHistory/Spaces/MEM/PROPS_AO
[LOG 20:06:14.762] Load DDS texture: SquadExpansion/MakingHistory/Spaces/MEM/PROPS_EMISSIVE
[LOG 20:06:14.769] Load DDS texture: SquadExpansion/MakingHistory/Spaces/MEM/PROPS_NORMAL
[LOG 20:06:14.777] Load DDS texture: SquadExpansion/MakingHistory/Spaces/Mk2Pod/DIfuse_controlboard
[LOG 20:06:14.788] Load DDS texture: SquadExpansion/MakingHistory/Spaces/Mk2Pod/Normal_controlbard
[LOG 20:06:14.798] Load DDS texture: SquadExpansion/MakingHistory/Spaces/Mk2Pod/Outershell_Base_Color
[LOG 20:06:14.810] Load DDS texture: SquadExpansion/MakingHistory/Spaces/Mk2Pod/Outershell_Normal
[LOG 20:06:14.818] Load DDS texture: SquadExpansion/MakingHistory/Spaces/Mk2Pod/pilot Seat
[LOG 20:06:14.824] Load Cached PNG Texture: SquadExpansion/Serenity/Parts/@thumbs/controller1000_icon
[LOG 20:06:14.830] Load Cached PNG Texture: SquadExpansion/Serenity/Parts/@thumbs/DeployedCentralStation_icon
[LOG 20:06:14.850] Load Cached PNG Texture: SquadExpansion/Serenity/Parts/@thumbs/DeployedGoExOb_icon
[LOG 20:06:14.859] Load Cached PNG Texture: SquadExpansion/Serenity/Parts/@thumbs/DeployedIONExp_icon
[LOG 20:06:14.893] Load Cached PNG Texture: SquadExpansion/Serenity/Parts/@thumbs/DeployedRTG_icon
[LOG 20:06:14.904] Load Cached PNG Texture: SquadExpansion/Serenity/Parts/@thumbs/DeployedSatDish_icon
[LOG 20:06:14.915] Load Cached PNG Texture: SquadExpansion/Serenity/Parts/@thumbs/DeployedSeismicSensor_icon
[LOG 20:06:14.938] Load Cached PNG Texture: SquadExpansion/Serenity/Parts/@thumbs/DeployedSolarPanel_icon
[LOG 20:06:14.950] Load Cached PNG Texture: SquadExpansion/Serenity/Parts/@thumbs/DeployedWeatherStn_icon
[LOG 20:06:14.956] Load Cached PNG Texture: SquadExpansion/Serenity/Parts/@thumbs/FanShroud.01_icon0
[LOG 20:06:14.962] Load Cached PNG Texture: SquadExpansion/Serenity/Parts/@thumbs/FanShroud.01_icon1
[LOG 20:06:14.971] Load Cached PNG Texture: SquadExpansion/Serenity/Parts/@thumbs/FanShroud.02_icon0
[LOG 20:06:14.977] Load Cached PNG Texture: SquadExpansion/Serenity/Parts/@thumbs/FanShroud.02_icon1
[LOG 20:06:14.992] Load Cached PNG Texture: SquadExpansion/Serenity/Parts/@thumbs/hinge.01.s_icon0
[LOG 20:06:15.001] Load Cached PNG Texture: SquadExpansion/Serenity/Parts/@thumbs/hinge.01.s_icon1
[LOG 20:06:15.008] Load Cached PNG Texture: SquadExpansion/Serenity/Parts/@thumbs/hinge.01_icon0
[LOG 20:06:15.013] Load Cached PNG Texture: SquadExpansion/Serenity/Parts/@thumbs/hinge.01_icon1
[LOG 20:06:15.022] Load Cached PNG Texture: SquadExpansion/Serenity/Parts/@thumbs/hinge.03.s_icon0
[LOG 20:06:15.035] Load Cached PNG Texture: SquadExpansion/Serenity/Parts/@thumbs/hinge.03.s_icon1
[LOG 20:06:15.045] Load Cached PNG Texture: SquadExpansion/Serenity/Parts/@thumbs/hinge.03_icon0
[LOG 20:06:15.055] Load Cached PNG Texture: SquadExpansion/Serenity/Parts/@thumbs/hinge.03_icon1
[LOG 20:06:15.062] Load Cached PNG Texture: SquadExpansion/Serenity/Parts/@thumbs/largeFanBlade_icon0
[LOG 20:06:15.071] Load Cached PNG Texture: SquadExpansion/Serenity/Parts/@thumbs/largeFanBlade_icon1
[LOG 20:06:15.080] Load Cached PNG Texture: SquadExpansion/Serenity/Parts/@thumbs/largePropeller_icon0
[LOG 20:06:15.104] Load Cached PNG Texture: SquadExpansion/Serenity/Parts/@thumbs/largePropeller_icon1
[LOG 20:06:15.113] Load Cached PNG Texture: SquadExpansion/Serenity/Parts/@thumbs/lGripPad_icon0
[LOG 20:06:15.124] Load Cached PNG Texture: SquadExpansion/Serenity/Parts/@thumbs/lGripPad_icon1
[LOG 20:06:15.131] Load Cached PNG Texture: SquadExpansion/Serenity/Parts/@thumbs/lGripStrip_icon
[LOG 20:06:15.138] Load Cached PNG Texture: SquadExpansion/Serenity/Parts/@thumbs/mediumFanBlade_icon0
[LOG 20:06:15.151] Load Cached PNG Texture: SquadExpansion/Serenity/Parts/@thumbs/mediumFanBlade_icon1
[LOG 20:06:15.159] Load Cached PNG Texture: SquadExpansion/Serenity/Parts/@thumbs/mediumPropeller_icon0
[LOG 20:06:15.169] Load Cached PNG Texture: SquadExpansion/Serenity/Parts/@thumbs/mediumPropeller_icon1
[LOG 20:06:15.183] Load Cached PNG Texture: SquadExpansion/Serenity/Parts/@thumbs/mGripPad_icon0
[LOG 20:06:15.194] Load Cached PNG Texture: SquadExpansion/Serenity/Parts/@thumbs/mGripPad_icon1
[LOG 20:06:15.201] Load Cached PNG Texture: SquadExpansion/Serenity/Parts/@thumbs/noseconeTiny_icon
[LOG 20:06:15.206] Load Cached PNG Texture: SquadExpansion/Serenity/Parts/@thumbs/noseconeVS_icon
[LOG 20:06:15.212] Load Cached PNG Texture: SquadExpansion/Serenity/Parts/@thumbs/piston.01_icon0
[LOG 20:06:15.220] Load Cached PNG Texture: SquadExpansion/Serenity/Parts/@thumbs/piston.01_icon1
[LOG 20:06:15.230] Load Cached PNG Texture: SquadExpansion/Serenity/Parts/@thumbs/piston.02_icon0
[LOG 20:06:15.238] Load Cached PNG Texture: SquadExpansion/Serenity/Parts/@thumbs/piston.02_icon1
[LOG 20:06:15.244] Load Cached PNG Texture: SquadExpansion/Serenity/Parts/@thumbs/piston.03_icon0
[LOG 20:06:15.249] Load Cached PNG Texture: SquadExpansion/Serenity/Parts/@thumbs/piston.03_icon1
[LOG 20:06:15.255] Load Cached PNG Texture: SquadExpansion/Serenity/Parts/@thumbs/piston.04_icon0
[LOG 20:06:15.267] Load Cached PNG Texture: SquadExpansion/Serenity/Parts/@thumbs/piston.04_icon1
[LOG 20:06:15.281] Load Cached PNG Texture: SquadExpansion/Serenity/Parts/@thumbs/RobotArmScanner.S1_icon
[LOG 20:06:15.300] Load Cached PNG Texture: SquadExpansion/Serenity/Parts/@thumbs/RobotArmScanner.S2_icon
[LOG 20:06:15.315] Load Cached PNG Texture: SquadExpansion/Serenity/Parts/@thumbs/RobotArmScanner.S3_icon
[LOG 20:06:15.326] Load Cached PNG Texture: SquadExpansion/Serenity/Parts/@thumbs/rotor.01s_icon0
[LOG 20:06:15.337] Load Cached PNG Texture: SquadExpansion/Serenity/Parts/@thumbs/rotor.01s_icon1
[LOG 20:06:15.376] Load Cached PNG Texture: SquadExpansion/Serenity/Parts/@thumbs/rotor.01_icon0
[LOG 20:06:15.412] Load Cached PNG Texture: SquadExpansion/Serenity/Parts/@thumbs/rotor.01_icon1
[LOG 20:06:15.449] Load Cached PNG Texture: SquadExpansion/Serenity/Parts/@thumbs/rotor.02s_icon0
[LOG 20:06:15.480] Load Cached PNG Texture: SquadExpansion/Serenity/Parts/@thumbs/rotor.02s_icon1
[LOG 20:06:15.510] Load Cached PNG Texture: SquadExpansion/Serenity/Parts/@thumbs/rotor.02_icon0
[LOG 20:06:15.553] Load Cached PNG Texture: SquadExpansion/Serenity/Parts/@thumbs/rotor.02_icon1
[LOG 20:06:15.568] Load Cached PNG Texture: SquadExpansion/Serenity/Parts/@thumbs/RotorEngine.02_icon
[LOG 20:06:15.576] Load Cached PNG Texture: SquadExpansion/Serenity/Parts/@thumbs/rotoServo.00_icon0
[LOG 20:06:15.586] Load Cached PNG Texture: SquadExpansion/Serenity/Parts/@thumbs/rotoServo.00_icon1
[LOG 20:06:15.593] Load Cached PNG Texture: SquadExpansion/Serenity/Parts/@thumbs/rotoServo.02_icon0
[LOG 20:06:15.601] Load Cached PNG Texture: SquadExpansion/Serenity/Parts/@thumbs/rotoServo.02_icon1
[LOG 20:06:15.606] Load Cached PNG Texture: SquadExpansion/Serenity/Parts/@thumbs/rotoServo.03_icon0
[LOG 20:06:15.613] Load Cached PNG Texture: SquadExpansion/Serenity/Parts/@thumbs/rotoServo.03_icon1
[LOG 20:06:15.624] Load Cached PNG Texture: SquadExpansion/Serenity/Parts/@thumbs/sGripPad_icon0
[LOG 20:06:15.631] Load Cached PNG Texture: SquadExpansion/Serenity/Parts/@thumbs/sGripPad_icon1
[LOG 20:06:15.640] Load Cached PNG Texture: SquadExpansion/Serenity/Parts/@thumbs/sGripStrip_icon
[LOG 20:06:15.647] Load Cached PNG Texture: SquadExpansion/Serenity/Parts/@thumbs/smallFanBlade_icon0
[LOG 20:06:15.654] Load Cached PNG Texture: SquadExpansion/Serenity/Parts/@thumbs/smallFanBlade_icon1
[LOG 20:06:15.663] Load Cached PNG Texture: SquadExpansion/Serenity/Parts/@thumbs/smallHeliBlade_icon0
[LOG 20:06:15.694] Load Cached PNG Texture: SquadExpansion/Serenity/Parts/@thumbs/smallHeliBlade_icon1
[LOG 20:06:15.702] Load Cached PNG Texture: SquadExpansion/Serenity/Parts/@thumbs/smallPropeller_icon0
[LOG 20:06:15.710] Load Cached PNG Texture: SquadExpansion/Serenity/Parts/@thumbs/smallPropeller_icon1
[LOG 20:06:15.739] Load DDS texture: SquadExpansion/Serenity/Parts/Aero/Assets/copterBlades_diffuse
[LOG 20:06:15.750] Load DDS texture: SquadExpansion/Serenity/Parts/Aero/Assets/shroudsDiffuse_color
[LOG 20:06:15.757] Load DDS texture: SquadExpansion/Serenity/Parts/Aero/Assets/shroudsDiffuse_plain
[LOG 20:06:15.761] Load Cached PNG Texture: SquadExpansion/Serenity/Parts/DeployedScience/MockupTexture
[LOG 20:06:15.770] Load DDS texture: SquadExpansion/Serenity/Parts/DeployedScience/Assets/centralStation_diffuse
[LOG 20:06:15.792] Load DDS texture: SquadExpansion/Serenity/Parts/DeployedScience/Assets/centralStation_emissive
[LOG 20:06:15.830] Load DDS texture: SquadExpansion/Serenity/Parts/DeployedScience/Assets/GenericParts_diffuse
[LOG 20:06:15.832] Load DDS texture: SquadExpansion/Serenity/Parts/DeployedScience/Assets/GenericParts_emissive
[LOG 20:06:15.834] Load DDS texture: SquadExpansion/Serenity/Parts/DeployedScience/Assets/GenericParts_normal
[LOG 20:06:15.842] Load DDS texture: SquadExpansion/Serenity/Parts/DeployedScience/Assets/goex_diffuse
[LOG 20:06:15.856] Load DDS texture: SquadExpansion/Serenity/Parts/DeployedScience/Assets/goex_specMapped
[LOG 20:06:15.874] Load DDS texture: SquadExpansion/Serenity/Parts/DeployedScience/Assets/Grid
[LOG 20:06:15.879] Load DDS texture: SquadExpansion/Serenity/Parts/DeployedScience/Assets/IonExperiment_diffuse
[LOG 20:06:15.888] Load DDS texture: SquadExpansion/Serenity/Parts/DeployedScience/Assets/RTGCask_diffuse
[LOG 20:06:15.893] Load DDS texture: SquadExpansion/Serenity/Parts/DeployedScience/Assets/satDish_diffuse
[LOG 20:06:15.903] Load Cached PNG Texture: SquadExpansion/Serenity/Parts/DeployedScience/Assets/Scratch
[LOG 20:06:15.909] Load DDS texture: SquadExpansion/Serenity/Parts/DeployedScience/Assets/Screen2
[LOG 20:06:15.914] Load DDS texture: SquadExpansion/Serenity/Parts/DeployedScience/Assets/Screen3
[LOG 20:06:15.922] Load DDS texture: SquadExpansion/Serenity/Parts/DeployedScience/Assets/ScreenReadout
[LOG 20:06:15.930] Load DDS texture: SquadExpansion/Serenity/Parts/DeployedScience/Assets/seismicSensor_diffuse
[LOG 20:06:15.937] Load DDS texture: SquadExpansion/Serenity/Parts/DeployedScience/Assets/seismicSensor_nrm
[LOG 20:06:15.948] Load DDS texture: SquadExpansion/Serenity/Parts/DeployedScience/Assets/seismicSensor_specularMapped
[LOG 20:06:15.955] Load DDS texture: SquadExpansion/Serenity/Parts/DeployedScience/Assets/SolarGraph
[LOG 20:06:15.961] Load DDS texture: SquadExpansion/Serenity/Parts/DeployedScience/Assets/solarPanel_diffuse
[LOG 20:06:15.967] Load DDS texture: SquadExpansion/Serenity/Parts/DeployedScience/Assets/Waveleght3
[LOG 20:06:15.973] Load DDS texture: SquadExpansion/Serenity/Parts/DeployedScience/Assets/Wavelenght
[LOG 20:06:15.982] Load DDS texture: SquadExpansion/Serenity/Parts/DeployedScience/Assets/Wavelenght2
[LOG 20:06:15.988] Load DDS texture: SquadExpansion/Serenity/Parts/DeployedScience/Assets/wavelenght4
[LOG 20:06:15.996] Load DDS texture: SquadExpansion/Serenity/Parts/DeployedScience/Assets/wavelenght5
[LOG 20:06:16.031] Load DDS texture: SquadExpansion/Serenity/Parts/DeployedScience/Assets/WeatherStation [Normal]
[LOG 20:06:16.060] Load DDS texture: SquadExpansion/Serenity/Parts/DeployedScience/Assets/Weather_Station_diffuse
[LOG 20:06:16.068] Load DDS texture: SquadExpansion/Serenity/Parts/DeployedScience/Assets/Weather_Station_normal
[LOG 20:06:16.075] Load DDS texture: SquadExpansion/Serenity/Parts/Propellers/Assets/blade_diffuse
[LOG 20:06:16.076] Load DDS texture: SquadExpansion/Serenity/Parts/Propellers/Assets/copterBlades_diffuse
[LOG 20:06:16.086] Load DDS texture: SquadExpansion/Serenity/Parts/Propellers/Assets/fan_diffuse
[LOG 20:06:16.093] Load DDS texture: SquadExpansion/Serenity/Parts/Robotics/Assets/hinges-03-s_diffuse_Color
[LOG 20:06:16.099] Load DDS texture: SquadExpansion/Serenity/Parts/Robotics/Assets/hinges-03_diffuse_color
[LOG 20:06:16.104] Load DDS texture: SquadExpansion/Serenity/Parts/Robotics/Assets/hinges-03_diffuse_plain
[LOG 20:06:16.111] Load DDS texture: SquadExpansion/Serenity/Parts/Robotics/Assets/hinges_diffuse
[LOG 20:06:16.119] Load DDS texture: SquadExpansion/Serenity/Parts/Robotics/Assets/Hinge_diffuse_G-00_Color
[LOG 20:06:16.124] Load DDS texture: SquadExpansion/Serenity/Parts/Robotics/Assets/Hinge_diffuse_G-11_Color
[LOG 20:06:16.132] Load DDS texture: SquadExpansion/Serenity/Parts/Robotics/Assets/Hinge_diffuse_G-11_plain
[LOG 20:06:16.144] Load DDS texture: SquadExpansion/Serenity/Parts/Robotics/Assets/Hinge_normal
[LOG 20:06:16.283] Load DDS texture: SquadExpansion/Serenity/Parts/Robotics/Assets/RotorEngine_02_diffuse
[LOG 20:06:16.289] Load DDS texture: SquadExpansion/Serenity/Parts/Robotics/Assets/RotorEngine_03_diffuse
[LOG 20:06:16.298] Load DDS texture: SquadExpansion/Serenity/Parts/Robotics/Assets/RotorEngine_03_normal
[LOG 20:06:16.303] Load DDS texture: SquadExpansion/Serenity/Parts/Robotics/Assets/Rotor_01_diffuse_color
[LOG 20:06:16.310] Load DDS texture: SquadExpansion/Serenity/Parts/Robotics/Assets/Rotor_01_diffuse_plain
[LOG 20:06:16.318] Load DDS texture: SquadExpansion/Serenity/Parts/Robotics/Assets/Rotor_01_normal
[LOG 20:06:16.326] Load DDS texture: SquadExpansion/Serenity/Parts/Robotics/Assets/Rotor_01_specular_D
[LOG 20:06:16.340] Load DDS texture: SquadExpansion/Serenity/Parts/Robotics/Assets/Rotor_02_diffuse_color
[LOG 20:06:16.346] Load DDS texture: SquadExpansion/Serenity/Parts/Robotics/Assets/Rotor_03_diffuse_color
[LOG 20:06:16.352] Load DDS texture: SquadExpansion/Serenity/Parts/Robotics/Assets/Rotor_03_diffuse_plain
[LOG 20:06:16.361] Load DDS texture: SquadExpansion/Serenity/Parts/Robotics/Assets/Rotor_03_normal
[LOG 20:06:16.366] Load DDS texture: SquadExpansion/Serenity/Parts/Robotics/Assets/rotoServos_diffuse_color
[LOG 20:06:16.374] Load DDS texture: SquadExpansion/Serenity/Parts/Robotics/Assets/rotoServos_diffuse_plain
[LOG 20:06:16.380] Load DDS texture: SquadExpansion/Serenity/Parts/Robotics/Assets/rotoServos_nrm
[LOG 20:06:16.386] Load DDS texture: SquadExpansion/Serenity/Parts/Robotics/Controllers/roboController_diffuse
[LOG 20:06:16.398] Load DDS texture: SquadExpansion/Serenity/Parts/Robotics/Controllers/roboController_emissive
[LOG 20:06:16.405] Load Cached PNG Texture: SquadExpansion/Serenity/Parts/Science/RobotArmScanner/Assets/DrillBits
[LOG 20:06:16.410] Load DDS texture: SquadExpansion/Serenity/Parts/Science/RobotArmScanner/Assets/DustParticle
[WRN 20:06:16.416] Duplicate PNG texture 'SquadExpansion/Serenity/Parts/Science/RobotArmScanner/Assets/DustParticle' with extension 'png' won't be loaded
[LOG 20:06:16.424] Load DDS texture: SquadExpansion/Serenity/Parts/Science/RobotArmScanner/Assets/GenericParts_diffuse
[LOG 20:06:16.433] Load DDS texture: SquadExpansion/Serenity/Parts/Science/RobotArmScanner/Assets/GenericParts_normal
[LOG 20:06:16.451] Load DDS texture: SquadExpansion/Serenity/Parts/Science/RobotArmScanner/Assets/ROCArm3_diffuse
[LOG 20:06:16.459] Load DDS texture: SquadExpansion/Serenity/Parts/Science/RobotArmScanner/Assets/ROCArm3_normal
[LOG 20:06:16.469] Load DDS texture: SquadExpansion/Serenity/Parts/Science/RobotArmScanner/Assets/ROCArm_2_diffuse
[LOG 20:06:16.476] Load DDS texture: SquadExpansion/Serenity/Parts/Science/RobotArmScanner/Assets/ROCArm_2_normal
[LOG 20:06:16.484] Load Cached PNG Texture: SquadExpansion/Serenity/Parts/Science/RobotArmScanner/Assets/Scratch
[LOG 20:06:16.490] Load DDS texture: SquadExpansion/Serenity/Parts/Science/RobotArmScanner/Assets/SmallArm_diffuse
[LOG 20:06:16.495] Load DDS texture: SquadExpansion/Serenity/Parts/Science/RobotArmScanner/Assets/SmallArm_normal
[LOG 20:06:16.501] Load DDS texture: SquadExpansion/Serenity/Parts/Structural/gripPads/Assets/gripPads_diffuse
[LOG 20:06:16.509] Load DDS texture: SquadExpansion/Serenity/Parts/Structural/gripPads/Assets/gripPads_nrm
[LOG 20:06:16.517] Load Cached PNG Texture: SquadExpansion/Serenity/Ships/@thumbs/SPH/Arrow-E
[LOG 20:06:16.528] Load Cached PNG Texture: SquadExpansion/Serenity/Ships/@thumbs/SPH/Butterfly Rover
[LOG 20:06:16.533] Load Cached PNG Texture: SquadExpansion/Serenity/Ships/@thumbs/SPH/Jeb_s Quadtaxi
[LOG 20:06:16.541] Load Cached PNG Texture: SquadExpansion/Serenity/Ships/@thumbs/SPH/Kerbodyne Rotodyne
[LOG 20:06:16.551] Load Cached PNG Texture: SquadExpansion/Serenity/Ships/@thumbs/SPH/Seahawk
[LOG 20:06:16.561] Load Cached PNG Texture: SquadExpansion/Serenity/Ships/@thumbs/SPH/Val-Thopter
[LOG 20:06:16.569] Load MU model: Squad/FX/afterburner_flame
[LOG 20:06:16.578] Load MU model: Squad/FX/afterburner_shock
[LOG 20:06:16.584] Load MU model: Squad/FX/diamondBlue
[LOG 20:06:16.595] Load MU model: Squad/FX/exhaustFlames_blue
[LOG 20:06:16.709] Load MU model: Squad/FX/hydroLOXFlame
[LOG 20:06:16.710] Load MU model: Squad/FX/IonPlume
[LOG 20:06:16.710] Load MU model: Squad/FX/ks1_Exhaust
[LOG 20:06:16.711] Load MU model: Squad/FX/ks25_Exhaust
[LOG 20:06:16.711] Load MU model: Squad/FX/ksX_Exhaust
[LOG 20:06:16.712] Load MU model: Squad/FX/LES_Thruster
[LOG 20:06:16.712] Load MU model: Squad/FX/Monoprop_big
[LOG 20:06:16.712] Load MU model: Squad/FX/Monoprop_medium
[LOG 20:06:16.713] Load MU model: Squad/FX/Monoprop_small
[LOG 20:06:16.713] Load MU model: Squad/FX/shockExhaust_blue
[LOG 20:06:16.714] Load MU model: Squad/FX/shockExhaust_blue_small
[LOG 20:06:16.714] Load MU model: Squad/FX/shockExhaust_red_small
[LOG 20:06:16.715] Load MU model: Squad/FX/SRB_Large
[LOG 20:06:16.715] Load MU model: Squad/FX/SRB_LargeSparks
[LOG 20:06:16.715] Load MU model: Squad/Parts/Aero/aerodynamicNoseCone/aerodynamicNoseCone
[LOG 20:06:16.718] Load MU model: Squad/Parts/Aero/airbrake/Airbrake
[LOG 20:06:16.719] Load MU model: Squad/Parts/Aero/airIntakeRadialXM-G50/RadialIntake
[LOG 20:06:16.719] Load MU model: Squad/Parts/Aero/airlinerWings/ControlSurface
[LOG 20:06:16.719] Load MU model: Squad/Parts/Aero/airlinerWings/MainWing
[LOG 20:06:16.720] Load MU model: Squad/Parts/Aero/airlinerWings/TailFin
[LOG 20:06:16.722] Load MU model: Squad/Parts/Aero/airplaneFins/AdvCanard
[LOG 20:06:16.722] Load MU model: Squad/Parts/Aero/airplaneFins/Canard
[LOG 20:06:16.722] Load MU model: Squad/Parts/Aero/airplaneFins/Swept
[LOG 20:06:16.726] Load MU model: Squad/Parts/Aero/airplaneFins/TailFin
[LOG 20:06:16.738] Load MU model: Squad/Parts/Aero/basicFin/basicFin
[LOG 20:06:16.743] Load MU model: Squad/Parts/Aero/circularIntake/CircularIntake
[LOG 20:06:16.754] Load MU model: Squad/Parts/Aero/circularIntake/ConeIntake
[LOG 20:06:16.762] Load MU model: Squad/Parts/Aero/cones/Assets/AvioCone
[LOG 20:06:16.771] Load MU model: Squad/Parts/Aero/cones/Assets/ConeA
[LOG 20:06:16.775] Load MU model: Squad/Parts/Aero/cones/Assets/ConeB
[LOG 20:06:16.785] Load MU model: Squad/Parts/Aero/cones/Assets/NCS
[LOG 20:06:16.791] Load MU model: Squad/Parts/Aero/cones/Assets/orangeNoseCone
[LOG 20:06:16.797] Load MU model: Squad/Parts/Aero/cones/Assets/rocketNoseCone
[LOG 20:06:16.806] Load MU model: Squad/Parts/Aero/cones/Assets/rocketNoseCone_v2
[LOG 20:06:16.810] Load MU model: Squad/Parts/Aero/cones/Assets/rocketNoseCone_v3
[LOG 20:06:16.824] Load MU model: Squad/Parts/Aero/cones/Assets/TailA
[LOG 20:06:16.834] Load MU model: Squad/Parts/Aero/cones/Assets/TailB
[LOG 20:06:16.841] Load MU model: Squad/Parts/Aero/cones/Assets/TinyCone
[LOG 20:06:16.848] Load MU model: Squad/Parts/Aero/fairings/AutoTruss
[LOG 20:06:16.855] Load MU model: Squad/Parts/Aero/fairings/fairingSize1
[LOG 20:06:16.863] Load MU model: Squad/Parts/Aero/fairings/fairingSize2
[LOG 20:06:16.870] Load MU model: Squad/Parts/Aero/fairings/fairingSize3
[LOG 20:06:16.878] Load MU model: Squad/Parts/Aero/HeatShield/HeatShield0
[LOG 20:06:16.888] Load MU model: Squad/Parts/Aero/HeatShield/HeatShield1
[LOG 20:06:16.894] Load MU model: Squad/Parts/Aero/HeatShield/HeatShield2
[LOG 20:06:16.901] Load MU model: Squad/Parts/Aero/HeatShield/HeatShield3
[LOG 20:06:16.911] Load MU model: Squad/Parts/Aero/InflatableHeatShield/HeatShield
[LOG 20:06:16.917] Load MU model: Squad/Parts/Aero/intakeRadialLong/IntakeRadial
[LOG 20:06:16.925] Load MU model: Squad/Parts/Aero/miniIntake/SmallIntake
[LOG 20:06:16.933] Load MU model: Squad/Parts/Aero/ramAirIntake/RampIntake
[LOG 20:06:16.941] Load MU model: Squad/Parts/Aero/shuttleWings/ShuttleDeltaWing
[LOG 20:06:16.949] Load MU model: Squad/Parts/Aero/shuttleWings/ShuttleElevonA
[LOG 20:06:16.960] Load MU model: Squad/Parts/Aero/shuttleWings/ShuttleElevonB
[LOG 20:06:16.969] Load MU model: Squad/Parts/Aero/shuttleWings/ShuttleRudder
[LOG 20:06:16.974] Load MU model: Squad/Parts/Aero/shuttleWings/ShuttleStrake
[LOG 20:06:16.981] Load MU model: Squad/Parts/Aero/wingletAV-R8/model
[LOG 20:06:16.988] Load MU model: Squad/Parts/Aero/wingletAV-T1/model
[LOG 20:06:16.999] Load MU model: Squad/Parts/Aero/wingletDeltaDeluxe/model
[LOG 20:06:17.004] Load MU model: Squad/Parts/Aero/wings/connector1
[LOG 20:06:17.008] Load MU model: Squad/Parts/Aero/wings/connector2
[LOG 20:06:17.017] Load MU model: Squad/Parts/Aero/wings/connector3
[LOG 20:06:17.021] Load MU model: Squad/Parts/Aero/wings/connector4
[LOG 20:06:17.029] Load MU model: Squad/Parts/Aero/wings/connector5
[LOG 20:06:17.037] Load MU model: Squad/Parts/Aero/wings/delta
[LOG 20:06:17.046] Load MU model: Squad/Parts/Aero/wings/delta_small
[LOG 20:06:17.052] Load MU model: Squad/Parts/Aero/wings/elevon1
[LOG 20:06:17.057] Load MU model: Squad/Parts/Aero/wings/elevon2
[LOG 20:06:17.063] Load MU model: Squad/Parts/Aero/wings/elevon3
[LOG 20:06:17.069] Load MU model: Squad/Parts/Aero/wings/elevon4
[LOG 20:06:17.074] Load MU model: Squad/Parts/Aero/wings/elevon5
[LOG 20:06:17.079] Load MU model: Squad/Parts/Aero/wings/strake
[LOG 20:06:17.086] Load MU model: Squad/Parts/Aero/wings/structural1
[LOG 20:06:17.097] Load MU model: Squad/Parts/Aero/wings/structural2
[LOG 20:06:17.102] Load MU model: Squad/Parts/Aero/wings/structural3
[LOG 20:06:17.108] Load MU model: Squad/Parts/Aero/wings/structural4
[LOG 20:06:17.116] Load MU model: Squad/Parts/Aero/wings/swept1
[LOG 20:06:17.129] Load MU model: Squad/Parts/Aero/wings/swept2
[LOG 20:06:17.136] Load MU model: Squad/Parts/Cargo/CargoContainers/cargoContainer
[LOG 20:06:17.143] Load MU model: Squad/Parts/Cargo/CargoContainers/smallCargoContainer
[LOG 20:06:17.156] Load MU model: Squad/Parts/Cargo/Cylinder/EVAcylinder
[LOG 20:06:17.162] Load MU model: Squad/Parts/Cargo/GroundAnchor/groundAnchor
[LOG 20:06:17.184] Load MU model: Squad/Parts/Cargo/Jetpack/Jetpack
[LOG 20:06:17.193] Load MU model: Squad/Parts/Cargo/Parachute/Parachute
[LOG 20:06:17.201] Load MU model: Squad/Parts/Cargo/RepairKit/RepairKit
[LOG 20:06:17.219] Load MU model: Squad/Parts/Cargo/ScienceKit/ExperimentKit
[LOG 20:06:17.221] Load MU model: Squad/Parts/Cargo/StorageUnits/Assets/CargoStorageUnit
[LOG 20:06:17.221] Load MU model: Squad/Parts/Cargo/StorageUnits/Assets/ConformalStorageUnit
[LOG 20:06:17.225] Load MU model: Squad/Parts/Command/advancedSasModuleLarge/model
[LOG 20:06:17.231] Load MU model: Squad/Parts/Command/cupola/model
[LOG 20:06:17.241] Load MU model: Squad/Parts/Command/externalCommandSeat/model
[LOG 20:06:17.246] Load MU model: Squad/Parts/Command/hitchhikerStorageContainer/model
[LOG 20:06:17.259] Load MU model: Squad/Parts/Command/inlineAdvancedStabilizer/model
[LOG 20:06:17.268] Load MU model: Squad/Parts/Command/inlineReactionWheel/model
[LOG 20:06:17.273] Load MU model: Squad/Parts/Command/Mk1-3Pod/Mk1-3
[LOG 20:06:17.278] Load MU model: Squad/Parts/Command/mk1Cockpits/Cabin
[LOG 20:06:17.286] Load MU model: Squad/Parts/Command/mk1Cockpits/CockpitInline
[LOG 20:06:17.292] Load MU model: Squad/Parts/Command/mk1Cockpits/CockpitStandard
[LOG 20:06:17.312] Load MU model: Squad/Parts/Command/mk1LanderCan/model
[LOG 20:06:17.313] Load MU model: Squad/Parts/Command/mk1pod_v2/Mk1Pod_v2
[LOG 20:06:17.313] Load MU model: Squad/Parts/Command/mk2CockpitInline/model
[LOG 20:06:17.316] Load MU model: Squad/Parts/Command/mk2CockpitStandard/model
[LOG 20:06:17.321] Load MU model: Squad/Parts/Command/mk2DroneCore/model
[LOG 20:06:17.336] Load MU model: Squad/Parts/Command/mk2LanderCan/model
[LOG 20:06:17.358] Load MU model: Squad/Parts/Command/mk2LanderCan_v2/mk2LanderCan
[LOG 20:06:17.364] Load MU model: Squad/Parts/Command/mk3CockpitShuttle/model
[LOG 20:06:17.374] Load MU model: Squad/Parts/Command/MpoProbe/MpoProbe
[LOG 20:06:17.383] Load MU model: Squad/Parts/Command/MtmStage/MTM_Stage
[LOG 20:06:17.388] Load MU model: Squad/Parts/Command/probeCoreCube/probeCoreCube
[LOG 20:06:17.398] Load MU model: Squad/Parts/Command/probeCoreHex/model
[LOG 20:06:17.405] Load MU model: Squad/Parts/Command/probeCoreHex_v2/model
[LOG 20:06:17.410] Load MU model: Squad/Parts/Command/probeCoreOcto2_v2/probeCoreOcto2_v2
[LOG 20:06:17.415] Load MU model: Squad/Parts/Command/probeCoreOcto_v2/probeCoreOcto_v2
[LOG 20:06:17.420] Load MU model: Squad/Parts/Command/probeRoverBody/model
[LOG 20:06:17.428] Load MU model: Squad/Parts/Command/probeRoverBody_v2/probeRoverBody_v2
[LOG 20:06:17.432] Load MU model: Squad/Parts/Command/probeStackLarge/model
[LOG 20:06:17.442] Load MU model: Squad/Parts/Command/probeStackSmall/model
[LOG 20:06:17.447] Load MU model: Squad/Parts/Command/probeStackSphere_v2/probeStackSphere_v2
[LOG 20:06:17.453] Load MU model: Squad/Parts/CompoundParts/FuelLine/model
[LOG 20:06:17.458] Load MU model: Squad/Parts/CompoundParts/strutConnector/model
[LOG 20:06:17.463] Load MU model: Squad/Parts/Coupling/Assets/Decoupler_0
[LOG 20:06:17.467] Load MU model: Squad/Parts/Coupling/Assets/Decoupler_1
[LOG 20:06:17.477] Load MU model: Squad/Parts/Coupling/Assets/Decoupler_1p5
[LOG 20:06:17.483] Load MU model: Squad/Parts/Coupling/Assets/Decoupler_2
[LOG 20:06:17.489] Load MU model: Squad/Parts/Coupling/Assets/Decoupler_3
[LOG 20:06:17.496] Load MU model: Squad/Parts/Coupling/Assets/Decoupler_4
[LOG 20:06:17.500] Load MU model: Squad/Parts/Coupling/Assets/Separator_0
[LOG 20:06:17.510] Load MU model: Squad/Parts/Coupling/Assets/Separator_1
[LOG 20:06:17.518] Load MU model: Squad/Parts/Coupling/Assets/Separator_1p5
[LOG 20:06:17.527] Load MU model: Squad/Parts/Coupling/Assets/Separator_2
[LOG 20:06:17.532] Load MU model: Squad/Parts/Coupling/Assets/Separator_3
[LOG 20:06:17.538] Load MU model: Squad/Parts/Coupling/Assets/Separator_4
[LOG 20:06:17.555] Load MU model: Squad/Parts/Electrical/10CSolarPanels/assets/OX-10C
[LOG 20:06:17.561] Load MU model: Squad/Parts/Electrical/10CSolarPanels/assets/SP-10C
[LOG 20:06:17.569] Load MU model: Squad/Parts/Electrical/10LSolarPanels/assets/OX-10L
[LOG 20:06:17.574] Load MU model: Squad/Parts/Electrical/10LSolarPanels/assets/SP-10L
[LOG 20:06:17.580] Load MU model: Squad/Parts/Electrical/1x6ShroudSolarPanels/model
[LOG 20:06:17.585] Load MU model: Squad/Parts/Electrical/1x6SolarPanels/model
[LOG 20:06:17.594] Load MU model: Squad/Parts/Electrical/3x2ShroudSolarPanels/model
[LOG 20:06:17.608] Load MU model: Squad/Parts/Electrical/3x2SolarPanels/model
[LOG 20:06:17.614] Load MU model: Squad/Parts/Electrical/gigantorXlSolarArray/model
[LOG 20:06:17.619] Load MU model: Squad/Parts/Electrical/radialFlatSolarPanel/model
[LOG 20:06:17.626] Load MU model: Squad/Parts/Electrical/RTG/model
[LOG 20:06:17.630] Load MU model: Squad/Parts/Electrical/z-100Battery/model
[LOG 20:06:17.638] Load MU model: Squad/Parts/Electrical/z-1kBattery/model
[LOG 20:06:17.648] Load MU model: Squad/Parts/Electrical/z-200Battery/model
[LOG 20:06:17.659] Load MU model: Squad/Parts/Electrical/z-400Battery/model
[LOG 20:06:17.663] Load MU model: Squad/Parts/Electrical/z-4kBattery/model
[LOG 20:06:17.669] Load MU model: Squad/Parts/Engine/ionEngine/model
[LOG 20:06:17.686] Load MU model: Squad/Parts/Engine/jetEngines/turbineInside
[LOG 20:06:17.701] Load MU model: Squad/Parts/Engine/jetEngines/turboFanSize1
[LOG 20:06:17.708] Load MU model: Squad/Parts/Engine/jetEngines/turboFanSize2
[LOG 20:06:17.714] Load MU model: Squad/Parts/Engine/jetEngines/turboJet
[LOG 20:06:17.728] Load MU model: Squad/Parts/Engine/jetEngines/turboRamJet
[LOG 20:06:17.733] Load MU model: Squad/Parts/Engine/liquidEngine24-77/model
[LOG 20:06:17.738] Load MU model: Squad/Parts/Engine/liquidEngine24-77_v2/Twitch_v2
[LOG 20:06:17.744] Load MU model: Squad/Parts/Engine/liquidEngine48-7S_v2/SparkV2
[LOG 20:06:17.752] Load MU model: Squad/Parts/Engine/liquidEngineAerospike/AeroSpike
[LOG 20:06:17.756] Load MU model: Squad/Parts/Engine/liquidEngineLV-1_v2/Assets/Ant
[LOG 20:06:17.762] Load MU model: Squad/Parts/Engine/liquidEngineLV-1_v2/Assets/Spider
[LOG 20:06:17.900] Load MU model: Squad/Parts/Engine/liquidEngineLV-909_v2/TerrierV2
[LOG 20:06:17.906] Load MU model: Squad/Parts/Engine/liquidEngineLV-N/model
[LOG 20:06:17.913] Load MU model: Squad/Parts/Engine/liquidEngineLV-T30/model
[LOG 20:06:17.928] Load MU model: Squad/Parts/Engine/liquidEngineLV-T30_v2/Reliant_v2
[LOG 20:06:17.936] Load MU model: Squad/Parts/Engine/liquidEngineLV-T45/model
[LOG 20:06:17.970] Load MU model: Squad/Parts/Engine/liquidEngineLV-T45_v2/Swivel_v2
[LOG 20:06:17.985] Load MU model: Squad/Parts/Engine/liquidEngineMainsail_v2/liquidEngineMainsail_v2
[LOG 20:06:17.987] Load MU model: Squad/Parts/Engine/liquidEngineMk55/Thud
[LOG 20:06:17.987] Load MU model: Squad/Parts/Engine/liquidEnginePoodle_v2/LqdEnginePoodle_v2
[LOG 20:06:17.991] Load MU model: Squad/Parts/Engine/liquidEngineSkipper_v2/skipper_v2
[LOG 20:06:17.993] Load MU model: Squad/Parts/Engine/liquidEngineSSME/SSME
[LOG 20:06:17.993] Load MU model: Squad/Parts/Engine/MassiveSRB/MassiveSRB
[LOG 20:06:17.994] Load MU model: Squad/Parts/Engine/miniJet/SmallJet
[LOG 20:06:17.994] Load MU model: Squad/Parts/Engine/OMSEngine/Puff_v2
[LOG 20:06:17.994] Load MU model: Squad/Parts/Engine/rapierEngine/rapier
[LOG 20:06:17.998] Load MU model: Squad/Parts/Engine/Size1_SRBs/SRB10
[LOG 20:06:18.004] Load MU model: Squad/Parts/Engine/Size1_SRBs/SRB5
[LOG 20:06:18.009] Load MU model: Squad/Parts/Engine/Size2LFB/Size2LFB
[LOG 20:06:18.030] Load MU model: Squad/Parts/Engine/Size2LFB_v2/Size2LFB_v2
[LOG 20:06:18.032] Load MU model: Squad/Parts/Engine/Size3AdvancedEngine/Size3AdvancedEngine
[LOG 20:06:18.032] Load MU model: Squad/Parts/Engine/Size3EngineCluster/Size3EngineCluster
[LOG 20:06:18.034] Load MU model: Squad/Parts/Engine/solidBoosterBACC/model
[LOG 20:06:18.040] Load MU model: Squad/Parts/Engine/solidBoosterS2-17/solidBoosterS2-17
[LOG 20:06:18.046] Load MU model: Squad/Parts/Engine/solidBoosterS2-33/solidBoosterS2-33
[LOG 20:06:18.053] Load MU model: Squad/Parts/Engine/solidBoosterSep/model
[LOG 20:06:18.059] Load MU model: Squad/Parts/Engine/SolidBoostersF/Assets/SolidBoosterF3S0
[LOG 20:06:18.065] Load MU model: Squad/Parts/Engine/SolidBoostersF/Assets/SolidBoosterFM1
[LOG 20:06:18.071] Load MU model: Squad/Parts/FuelTank/adapterTanks/Mk3-Mk2
[LOG 20:06:18.075] Load MU model: Squad/Parts/FuelTank/adapterTanks/Mk3-Size2
[LOG 20:06:18.081] Load MU model: Squad/Parts/FuelTank/adapterTanks/Mk3-Size2Slant
[LOG 20:06:18.087] Load MU model: Squad/Parts/FuelTank/adapterTanks/ShuttleAdapter
[LOG 20:06:18.092] Load MU model: Squad/Parts/FuelTank/adapterTanks/Size2-Mk2
[LOG 20:06:18.099] Load MU model: Squad/Parts/FuelTank/adapterTanks/Size2-Size1
[LOG 20:06:18.106] Load MU model: Squad/Parts/FuelTank/adapterTanks/Size2-Size1Slant
[LOG 20:06:18.110] Load MU model: Squad/Parts/FuelTank/adapterTanks/Size3-Mk3
[LOG 20:06:18.116] Load MU model: Squad/Parts/FuelTank/drainTankFTE-1/fuelValve
[LOG 20:06:18.122] Load MU model: Squad/Parts/FuelTank/FoilTanks/RadialTank_Capsule
[LOG 20:06:18.128] Load MU model: Squad/Parts/FuelTank/FoilTanks/RadialTank_Round
[LOG 20:06:18.133] Load MU model: Squad/Parts/FuelTank/FoilTanks/ToroidTank
[LOG 20:06:18.138] Load MU model: Squad/Parts/FuelTank/fuelTankOscarB/model
[LOG 20:06:18.142] Load MU model: Squad/Parts/FuelTank/miniFuselage/Fuselage
[LOG 20:06:18.149] Load MU model: Squad/Parts/FuelTank/mk2Adapters/bicoupler
[LOG 20:06:18.154] Load MU model: Squad/Parts/FuelTank/mk2Adapters/long
[LOG 20:06:18.159] Load MU model: Squad/Parts/FuelTank/mk2Adapters/standard
[LOG 20:06:18.166] Load MU model: Squad/Parts/FuelTank/mk2FuselageLong/FuselageLongLFO
[LOG 20:06:18.171] Load MU model: Squad/Parts/FuelTank/mk2FuselageLong/FuselageLongLiquid
[LOG 20:06:18.176] Load MU model: Squad/Parts/FuelTank/mk2FuselageShort/FuselageShortLFO
[LOG 20:06:18.181] Load MU model: Squad/Parts/FuelTank/mk2FuselageShort/FuselageShortLiquid
[LOG 20:06:18.186] Load MU model: Squad/Parts/FuelTank/mk2FuselageShort/FuselageShortMono
[LOG 20:06:18.191] Load MU model: Squad/Parts/FuelTank/mk3Fuselage/CREW
[LOG 20:06:18.198] Load MU model: Squad/Parts/FuelTank/mk3Fuselage/LFO_100
[LOG 20:06:18.202] Load MU model: Squad/Parts/FuelTank/mk3Fuselage/LFO_25
[LOG 20:06:18.207] Load MU model: Squad/Parts/FuelTank/mk3Fuselage/LFO_50
[LOG 20:06:18.213] Load MU model: Squad/Parts/FuelTank/mk3Fuselage/LF_100
[LOG 20:06:18.219] Load MU model: Squad/Parts/FuelTank/mk3Fuselage/LF_25
[LOG 20:06:18.224] Load MU model: Squad/Parts/FuelTank/mk3Fuselage/LF_50
[LOG 20:06:18.230] Load MU model: Squad/Parts/FuelTank/mk3Fuselage/MONO
[LOG 20:06:18.237] Load MU model: Squad/Parts/FuelTank/RCSFuelTankR1/RCSFuelTankR1_01
[LOG 20:06:18.243] Load MU model: Squad/Parts/FuelTank/RCSFuelTankR10/model
[LOG 20:06:18.250] Load MU model: Squad/Parts/FuelTank/RCSFuelTankR25/RCSFuelTankR25
[LOG 20:06:18.255] Load MU model: Squad/Parts/FuelTank/RCSTankRadial/model
[LOG 20:06:18.261] Load MU model: Squad/Parts/FuelTank/RCStankRadialLong/model
[LOG 20:06:18.267] Load MU model: Squad/Parts/FuelTank/RockomaxTanks/Assets/Rockomax16
[LOG 20:06:18.272] Load MU model: Squad/Parts/FuelTank/RockomaxTanks/Assets/Rockomax32
[LOG 20:06:18.278] Load MU model: Squad/Parts/FuelTank/RockomaxTanks/Assets/Rockomax64
[LOG 20:06:18.283] Load MU model: Squad/Parts/FuelTank/RockomaxTanks/Assets/Rockomax8
[LOG 20:06:18.289] Load MU model: Squad/Parts/FuelTank/Size1_Tanks/Size1Tank_01
[LOG 20:06:18.294] Load MU model: Squad/Parts/FuelTank/Size1_Tanks/Size1Tank_02
[LOG 20:06:18.299] Load MU model: Squad/Parts/FuelTank/Size1_Tanks/Size1Tank_03
[LOG 20:06:18.306] Load MU model: Squad/Parts/FuelTank/Size1_Tanks/Size1Tank_04
[LOG 20:06:18.314] Load MU model: Squad/Parts/FuelTank/Size3Tanks/Size3LargeTank
[LOG 20:06:18.319] Load MU model: Squad/Parts/FuelTank/Size3Tanks/Size3MediumTank
[LOG 20:06:18.324] Load MU model: Squad/Parts/FuelTank/Size3Tanks/Size3SmallTank
[LOG 20:06:18.330] Load MU model: Squad/Parts/FuelTank/xenonTank/model
[LOG 20:06:18.336] Load MU model: Squad/Parts/FuelTank/xenonTankLarge/model
[LOG 20:06:18.342] Load MU model: Squad/Parts/FuelTank/xenonTankRadial/model
[LOG 20:06:18.348] Load MU model: Squad/Parts/Misc/AsteroidDay/CamSat
[LOG 20:06:18.353] Load MU model: Squad/Parts/Misc/AsteroidDay/HECS2
[LOG 20:06:18.359] Load MU model: Squad/Parts/Misc/AsteroidDay/HighGainAntenna
[LOG 20:06:18.364] Load MU model: Squad/Parts/Misc/AsteroidDay/LgRadialSolar
[LOG 20:06:18.369] Load MU model: Squad/Parts/Misc/PotatoComet/Cube
[LOG 20:06:18.370] Load MU model: Squad/Parts/Misc/PotatoRoid/Cube
[LOG 20:06:18.375] Load MU model: Squad/Parts/Resources/FuelCell/FuelCell
[LOG 20:06:18.382] Load MU model: Squad/Parts/Resources/FuelCell/FuelCellArray
[LOG 20:06:18.388] Load MU model: Squad/Parts/Resources/ISRU/ISRU
[LOG 20:06:18.393] Load MU model: Squad/Parts/Resources/LargeTank/LargeTank
[LOG 20:06:18.398] Load MU model: Squad/Parts/Resources/MiniDrill/MiniDrill
[LOG 20:06:18.403] Load MU model: Squad/Parts/Resources/MiniISRU/MiniISRU
[LOG 20:06:18.408] Load MU model: Squad/Parts/Resources/OrbitalScanner/OrbitalScanner
[LOG 20:06:18.414] Load MU model: Squad/Parts/Resources/RadialDrill/TriBitDrill
[LOG 20:06:18.420] Load MU model: Squad/Parts/Resources/RadialTank/RadialOreTank
[LOG 20:06:18.426] Load MU model: Squad/Parts/Resources/SmallTank/SmallTank
[LOG 20:06:18.431] Load MU model: Squad/Parts/Resources/SurfaceScanner/SurfaceScanner
[LOG 20:06:18.436] Load MU model: Squad/Parts/Resources/SurveyScanner/SurveyScanner
[LOG 20:06:18.441] Load MU model: Squad/Parts/Science/AtmosphereSensor/model
[LOG 20:06:18.446] Load MU model: Squad/Parts/Science/GooExperiment/GooExperiment
[LOG 20:06:18.451] Load MU model: Squad/Parts/Science/LargeCrewedLab/large_crewed_lab
[LOG 20:06:18.457] Load MU model: Squad/Parts/Science/Magnetometer/Magnetometer
[LOG 20:06:18.462] Load MU model: Squad/Parts/Science/MaterialBay/science_module_small
[LOG 20:06:18.467] Load MU model: Squad/Parts/Science/ScienceBox/ScienceBox
[LOG 20:06:18.472] Load MU model: Squad/Parts/Science/sensorAccelerometer/model
[LOG 20:06:18.477] Load MU model: Squad/Parts/Science/sensorBarometer/model
[LOG 20:06:18.483] Load MU model: Squad/Parts/Science/sensorGravimeter/model
[LOG 20:06:18.487] Load MU model: Squad/Parts/Science/sensorThermometer/model
[LOG 20:06:18.494] Load MU model: Squad/Parts/Structural/FLAdapters/Assets/adapterSmallMiniShort_v2
[LOG 20:06:18.499] Load MU model: Squad/Parts/Structural/FLAdapters/Assets/adapterSmallMiniTall_v2
[LOG 20:06:18.503] Load MU model: Squad/Parts/Structural/mk1Parts/Fuselage
[LOG 20:06:18.510] Load MU model: Squad/Parts/Structural/mk1Parts/IntakeFuselage
[LOG 20:06:18.515] Load MU model: Squad/Parts/Structural/mk1Parts/Nacelle1
[LOG 20:06:18.521] Load MU model: Squad/Parts/Structural/mk1Parts/Nacelle2
[LOG 20:06:18.527] Load MU model: Squad/Parts/Structural/mk1Parts/Structural
[LOG 20:06:18.532] Load MU model: Squad/Parts/Structural/mk1Parts/StructuralHollow
[LOG 20:06:18.537] Load MU model: Squad/Parts/Structural/Size3To2Adapter_v2/Size2to3_v2
[LOG 20:06:18.543] Load MU model: Squad/Parts/Structural/stackAdapters/Assets/adapterLargeSmallBi
[LOG 20:06:18.548] Load MU model: Squad/Parts/Structural/stackAdapters/Assets/adapterLargeSmallQuad
[LOG 20:06:18.553] Load MU model: Squad/Parts/Structural/stackAdapters/Assets/adapterLargeSmallTri
[LOG 20:06:18.557] Load MU model: Squad/Parts/Structural/stationHub/model
[LOG 20:06:18.563] Load MU model: Squad/Parts/Structural/structuralIBeam200/model
[LOG 20:06:18.569] Load MU model: Squad/Parts/Structural/structuralIBeam200Pocket/model
[LOG 20:06:18.575] Load MU model: Squad/Parts/Structural/structuralIBeam650/model
[LOG 20:06:18.580] Load MU model: Squad/Parts/Structural/structuralMicronode/model
[LOG 20:06:18.587] Load MU model: Squad/Parts/Structural/structuralPanel1x1/model
[LOG 20:06:18.592] Load MU model: Squad/Parts/Structural/structuralPanel2x2/model
[LOG 20:06:18.599] Load MU model: Squad/Parts/Structural/structuralPylons/PylonBig
[LOG 20:06:18.603] Load MU model: Squad/Parts/Structural/structuralPylons/PylonSmall
[LOG 20:06:18.608] Load MU model: Squad/Parts/Structural/strutCubicOcto/model
[LOG 20:06:18.613] Load MU model: Squad/Parts/Structural/strutOcto/model
[LOG 20:06:18.618] Load MU model: Squad/Parts/Structural/trussGirderAdapter/model
[LOG 20:06:18.623] Load MU model: Squad/Parts/Structural/trussGirderL/model
[LOG 20:06:18.628] Load MU model: Squad/Parts/Structural/trussGirderXL/model
[LOG 20:06:18.634] Load MU model: Squad/Parts/Thermal/FoldingRadiators/foldingRadLarge
[LOG 20:06:18.640] Load MU model: Squad/Parts/Thermal/FoldingRadiators/foldingRadMed
[LOG 20:06:18.645] Load MU model: Squad/Parts/Thermal/FoldingRadiators/foldingRadSmall
[LOG 20:06:18.650] Load MU model: Squad/Parts/Thermal/RadiatorPanels/radPanelEdge
[LOG 20:06:18.701] Load MU model: Squad/Parts/Thermal/RadiatorPanels/radPanelLg
[LOG 20:06:18.708] Load MU model: Squad/Parts/Thermal/RadiatorPanels/radPanelSm
[LOG 20:06:18.721] Load MU model: Squad/Parts/Utility/commDish88-88/model
[LOG 20:06:18.727] Load MU model: Squad/Parts/Utility/commsAntennaDTS-M1/mediumDishAntenna
[LOG 20:06:18.742] Load MU model: Squad/Parts/Utility/commsDish16/model
[LOG 20:06:18.752] Load MU model: Squad/Parts/Utility/decouplerRadialHDM/model
[LOG 20:06:18.757] Load MU model: Squad/Parts/Utility/decouplerRadialTT-38K/model
[LOG 20:06:18.764] Load MU model: Squad/Parts/Utility/decouplerRadialTT-70/model
[LOG 20:06:18.771] Load MU model: Squad/Parts/Utility/DirectAntennas/HGAntenna
[LOG 20:06:18.776] Load MU model: Squad/Parts/Utility/DirectAntennas/HGAntenna_v2
[LOG 20:06:18.782] Load MU model: Squad/Parts/Utility/DirectAntennas/SurfAntenna
[LOG 20:06:18.788] Load MU model: Squad/Parts/Utility/dockingPort/dockingPort
[LOG 20:06:18.793] Load MU model: Squad/Parts/Utility/dockingPortInline/dockingPortInline
[LOG 20:06:18.799] Load MU model: Squad/Parts/Utility/dockingPortJr/dockingPortJr
[LOG 20:06:18.804] Load MU model: Squad/Parts/Utility/dockingPortShielded/dockingPortShielded
[LOG 20:06:18.826] Load MU model: Squad/Parts/Utility/dockingPortSr/dockingPortSr
[LOG 20:06:18.858] Load MU model: Squad/Parts/Utility/Fireworks/Assets/fireworksLauncherBig
[LOG 20:06:18.869] Load MU model: Squad/Parts/Utility/Fireworks/Assets/fireworksLauncherSmall
[LOG 20:06:18.874] Load MU model: Squad/Parts/Utility/flags/flagFlat/flagFlatMeshes
[LOG 20:06:18.881] Load MU model: Squad/Parts/Utility/flags/flagSize0/flagSize0Meshes
[LOG 20:06:18.892] Load MU model: Squad/Parts/Utility/flags/flagSize1/flagSize1Meshes
[LOG 20:06:18.900] Load MU model: Squad/Parts/Utility/flags/flagSize2/flagSize2Meshes
[LOG 20:06:18.905] Load MU model: Squad/Parts/Utility/flags/flagSize3/flagSize3Meshes
[LOG 20:06:18.915] Load MU model: Squad/Parts/Utility/GrapplingDevice/GrapplingArm
[LOG 20:06:18.921] Load MU model: Squad/Parts/Utility/ladderRadial/model
[LOG 20:06:18.926] Load MU model: Squad/Parts/Utility/ladderTelescopic/model
[LOG 20:06:18.937] Load MU model: Squad/Parts/Utility/ladderTelescopicBay/model
[LOG 20:06:18.945] Load MU model: Squad/Parts/Utility/landingLegLT-1/model
[LOG 20:06:18.953] Load MU model: Squad/Parts/Utility/landingLegLT-2/model
[LOG 20:06:18.965] Load MU model: Squad/Parts/Utility/landingLegLT-5/model
[WRN 20:06:18.967] WheelCollider requires an attached Rigidbody to function.
[WRN 20:06:18.967] WheelCollider requires an attached Rigidbody to function.
[LOG 20:06:18.981] Load MU model: Squad/Parts/Utility/launchClamp1/model
[LOG 20:06:18.986] Load MU model: Squad/Parts/Utility/launchEscapeSystem/LaunchEscapeSystem
[LOG 20:06:18.996] Load MU model: Squad/Parts/Utility/Lights/Assets/light_02
[LOG 20:06:19.007] Load MU model: Squad/Parts/Utility/Lights/Assets/light_03
[LOG 20:06:19.016] Load MU model: Squad/Parts/Utility/Lights/Assets/light_04
[LOG 20:06:19.021] Load MU model: Squad/Parts/Utility/Lights/Assets/light_07
[LOG 20:06:19.026] Load MU model: Squad/Parts/Utility/Lights/Assets/light_08
[LOG 20:06:19.034] Load MU model: Squad/Parts/Utility/Lights/Assets/light_12
[LOG 20:06:19.041] Load MU model: Squad/Parts/Utility/linearVernorRCS/Assets/linearRCS
[LOG 20:06:19.052] Load MU model: Squad/Parts/Utility/linearVernorRCS/Assets/vernorEngine
[LOG 20:06:19.064] Load MU model: Squad/Parts/Utility/mk2CargoBay/BayLarge
[LOG 20:06:19.069] Load MU model: Squad/Parts/Utility/mk2CargoBay/BaySmall
[LOG 20:06:19.074] Load MU model: Squad/Parts/Utility/mk2CrewCabin/model
[LOG 20:06:19.082] Load MU model: Squad/Parts/Utility/mk2DockingPort/mk2Dockingport
[LOG 20:06:19.087] Load MU model: Squad/Parts/Utility/mk3CargoBay/long
[LOG 20:06:19.093] Load MU model: Squad/Parts/Utility/mk3CargoBay/medium
[LOG 20:06:19.105] Load MU model: Squad/Parts/Utility/mk3CargoBay/ramp
[LOG 20:06:19.114] Load MU model: Squad/Parts/Utility/mk3CargoBay/short
[LOG 20:06:19.120] Load MU model: Squad/Parts/Utility/parachuteMk1/model
[LOG 20:06:19.125] Load MU model: Squad/Parts/Utility/parachuteMk12-R/model
[LOG 20:06:19.133] Load MU model: Squad/Parts/Utility/parachuteMk16-XL/model
[LOG 20:06:19.149] Load MU model: Squad/Parts/Utility/parachuteMk2-R/model
[LOG 20:06:19.154] Load MU model: Squad/Parts/Utility/parachuteMk25/model
[LOG 20:06:19.163] Load MU model: Squad/Parts/Utility/radialAttachmentPoint/model
[LOG 20:06:19.180] Load MU model: Squad/Parts/Utility/rcsBlockRV-105_v2/rcsBlock105
[LOG 20:06:19.186] Load MU model: Squad/Parts/Utility/rcsSmallLinear/Assets/RCSLinearSmall
[LOG 20:06:19.196] Load MU model: Squad/Parts/Utility/RelayAntennas/HGAntenna
[LOG 20:06:19.205] Load MU model: Squad/Parts/Utility/RelayAntennas/RA-100
[LOG 20:06:19.210] Load MU model: Squad/Parts/Utility/RelayAntennas/RA-5
[LOG 20:06:19.216] Load MU model: Squad/Parts/Utility/RelayAntennas/RA-50
[LOG 20:06:19.221] Load MU model: Squad/Parts/Utility/rockomaxAdapters/Assets/brandAdapter
[LOG 20:06:19.226] Load MU model: Squad/Parts/Utility/rockomaxAdapters/Assets/brandAdapter02
[LOG 20:06:19.232] Load MU model: Squad/Parts/Utility/ServiceBay_v2/Assets/ServiceBay_125_v2
[LOG 20:06:19.239] Load MU model: Squad/Parts/Utility/ServiceBay_v2/Assets/ServiceBay_250_v2
[LOG 20:06:19.245] Load MU model: Squad/Parts/Utility/smallClaw/smallClaw
[LOG 20:06:19.250] Load MU model: Squad/Parts/Utility/spotLightMk1/model
[LOG 20:06:19.258] Load MU model: Squad/Parts/Utility/spotLightMk1_v2/model
[LOG 20:06:19.262] Load MU model: Squad/Parts/Utility/spotLightMk2/model
[LOG 20:06:19.269] Load MU model: Squad/Parts/Utility/spotLightMk2_v2/model
[LOG 20:06:19.275] Load MU model: Squad/Parts/Utility/stackCouplers/Assets/stackBiCoupler_v2
[LOG 20:06:19.280] Load MU model: Squad/Parts/Utility/stackCouplers/Assets/stackQuadCoupler
[LOG 20:06:19.285] Load MU model: Squad/Parts/Utility/stackCouplers/Assets/stackTriCoupler_v2
[LOG 20:06:19.291] Load MU model: Squad/Parts/Wheel/LandingGear/GearExtraLarge
[WRN 20:06:19.293] WheelCollider requires an attached Rigidbody to function.
[WRN 20:06:19.293] WheelCollider requires an attached Rigidbody to function.
[LOG 20:06:19.298] Load MU model: Squad/Parts/Wheel/LandingGear/GearFixed
[WRN 20:06:19.298] WheelCollider requires an attached Rigidbody to function.
[WRN 20:06:19.298] WheelCollider requires an attached Rigidbody to function.
[LOG 20:06:19.303] Load MU model: Squad/Parts/Wheel/LandingGear/GearFree
[WRN 20:06:19.303] WheelCollider requires an attached Rigidbody to function.
[WRN 20:06:19.303] WheelCollider requires an attached Rigidbody to function.
[LOG 20:06:19.311] Load MU model: Squad/Parts/Wheel/LandingGear/GearLarge
[WRN 20:06:19.311] WheelCollider requires an attached Rigidbody to function.
[WRN 20:06:19.311] WheelCollider requires an attached Rigidbody to function.
[LOG 20:06:19.315] Load MU model: Squad/Parts/Wheel/LandingGear/GearMedium
[WRN 20:06:19.316] WheelCollider requires an attached Rigidbody to function.
[WRN 20:06:19.316] WheelCollider requires an attached Rigidbody to function.
[LOG 20:06:19.327] Load MU model: Squad/Parts/Wheel/LandingGear/GearSmall
[WRN 20:06:19.327] WheelCollider requires an attached Rigidbody to function.
[WRN 20:06:19.327] WheelCollider requires an attached Rigidbody to function.
[LOG 20:06:19.332] Load MU model: Squad/Parts/Wheel/roverWheelM1/model
[WRN 20:06:19.332] WheelCollider requires an attached Rigidbody to function.
[WRN 20:06:19.333] WheelCollider requires an attached Rigidbody to function.
[LOG 20:06:19.337] Load MU model: Squad/Parts/Wheel/roverWheelS2/model
[WRN 20:06:19.337] WheelCollider requires an attached Rigidbody to function.
[WRN 20:06:19.337] WheelCollider requires an attached Rigidbody to function.
[LOG 20:06:19.343] Load MU model: Squad/Parts/Wheel/roverWheelTR-2L/model
[WRN 20:06:19.343] WheelCollider requires an attached Rigidbody to function.
[WRN 20:06:19.343] WheelCollider requires an attached Rigidbody to function.
[LOG 20:06:19.349] Load MU model: Squad/Parts/Wheel/roverWheelXL3/model
[WRN 20:06:19.351] WheelCollider requires an attached Rigidbody to function.
[WRN 20:06:19.351] WheelCollider requires an attached Rigidbody to function.
[LOG 20:06:19.362] Load MU model: Squad/Props/AltimeterThreeHands/model
[LOG 20:06:19.367] Load MU model: Squad/Props/AtmosphereDepth/model
[LOG 20:06:19.380] Load MU model: Squad/Props/AxisIndicator/model
[LOG 20:06:19.386] Load MU model: Squad/Props/buttonsGeneric/circularButton
[LOG 20:06:19.391] Load MU model: Squad/Props/buttonsGeneric/clusterButtons
[LOG 20:06:19.396] Load MU model: Squad/Props/buttonsGeneric/clusterButtons2
[LOG 20:06:19.401] Load MU model: Squad/Props/buttonsGeneric/clusterKnob
[LOG 20:06:19.410] Load MU model: Squad/Props/buttonsGeneric/clusterKnob2
[LOG 20:06:19.416] Load MU model: Squad/Props/buttonsGeneric/clusterMixed
[LOG 20:06:19.438] Load MU model: Squad/Props/buttonsGeneric/clusterSwitches01
[LOG 20:06:19.443] Load MU model: Squad/Props/buttonsGeneric/clusterSwitches02
[LOG 20:06:19.448] Load MU model: Squad/Props/buttonsGeneric/clusterSwitches03
[LOG 20:06:19.458] Load MU model: Squad/Props/buttonsGeneric/clusterSwitches04
[LOG 20:06:19.468] Load MU model: Squad/Props/buttonsGeneric/clusterSwitches05
[LOG 20:06:19.477] Load MU model: Squad/Props/buttonsGeneric/clusterSwitches06
[LOG 20:06:19.484] Load MU model: Squad/Props/buttonsGeneric/clusterSwitches07
[LOG 20:06:19.490] Load MU model: Squad/Props/buttonsGeneric/directionalKnob
[LOG 20:06:19.495] Load MU model: Squad/Props/buttonsGeneric/directionalKnob2
[LOG 20:06:19.501] Load MU model: Squad/Props/buttonsGeneric/pullSwitch
[LOG 20:06:19.508] Load MU model: Squad/Props/buttonsGeneric/squareButton
[LOG 20:06:19.513] Load MU model: Squad/Props/buttonsGeneric/standingSwitch
[LOG 20:06:19.521] Load MU model: Squad/Props/buttonsGeneric/switch
[LOG 20:06:19.528] Load MU model: Squad/Props/buttonsGeneric/switchWithGuards
[LOG 20:06:19.533] Load MU model: Squad/Props/ButtonSquare/model
[LOG 20:06:19.538] Load MU model: Squad/Props/circularButton/model
[LOG 20:06:19.544] Load MU model: Squad/Props/Compass/model
[LOG 20:06:19.553] Load MU model: Squad/Props/directionalKnob/model
[LOG 20:06:19.558] Load MU model: Squad/Props/directionalKnob2/model
[LOG 20:06:19.563] Load MU model: Squad/Props/IndicatorPanel/model
[LOG 20:06:19.568] Load MU model: Squad/Props/IVANavBall/model
[LOG 20:06:19.578] Load MU model: Squad/Props/IVANavBallNoBase/model
[LOG 20:06:19.583] Load MU model: Squad/Props/ledPanelSpeed/model
[LOG 20:06:19.599] Load MU model: Squad/Props/Monitor/MonitorDockingMode
[LOG 20:06:19.605] Load MU model: Squad/Props/NavBall/model
[LOG 20:06:19.613] Load MU model: Squad/Props/PropsGeneric/Button_DockingMode
[LOG 20:06:19.618] Load MU model: Squad/Props/PropsGeneric/CargoBagA
[LOG 20:06:19.625] Load MU model: Squad/Props/PropsGeneric/CargoBagB
[LOG 20:06:19.631] Load MU model: Squad/Props/PropsGeneric/CargoBagC
[LOG 20:06:19.643] Load MU model: Squad/Props/PropsGeneric/Hatch_Plane
[LOG 20:06:19.658] Load MU model: Squad/Props/PropsGeneric/Hatch_Plane_Curve90
[LOG 20:06:19.663] Load MU model: Squad/Props/PropsGeneric/Hatch_Plane_Frame
[LOG 20:06:19.676] Load MU model: Squad/Props/PropsGeneric/Seat_Passenger
[LOG 20:06:19.683] Load MU model: Squad/Props/PropsGeneric/Seat_Pilot
[LOG 20:06:19.688] Load MU model: Squad/Props/PropsGeneric/Seat_Pilot_Helmet
[LOG 20:06:19.695] Load MU model: Squad/Props/PropsGeneric/SideStick
[LOG 20:06:19.701] Load MU model: Squad/Props/pullSwitch/model
[LOG 20:06:19.708] Load MU model: Squad/Props/radarAltitude/model
[LOG 20:06:19.713] Load MU model: Squad/Props/squareButton/model
[LOG 20:06:19.721] Load MU model: Squad/Props/standingSwitch/model
[LOG 20:06:19.729] Load MU model: Squad/Props/switch/model
[LOG 20:06:19.739] Load MU model: Squad/Props/switchGuard/model
[LOG 20:06:19.747] Load MU model: Squad/Props/switchWithGuards/model
[LOG 20:06:19.751] Load MU model: Squad/Props/throttle/model
[LOG 20:06:19.770] Load MU model: Squad/Props/VSI/model
[LOG 20:06:19.781] Load MU model: Squad/Spaces/crewCabinInternals/model
[LOG 20:06:19.786] Load MU model: Squad/Spaces/cupolaInternal/model
[LOG 20:06:19.795] Load MU model: Squad/Spaces/GenericSpace1/model
[LOG 20:06:19.801] Load MU model: Squad/Spaces/GenericSpace3/model
[LOG 20:06:19.806] Load MU model: Squad/Spaces/landerCabinInternals/model
[LOG 20:06:19.812] Load MU model: Squad/Spaces/landerCabinSmallInternal/model
[LOG 20:06:19.817] Load MU model: Squad/Spaces/LargeCrewedLabInternals/Large_Crewed_lab_Int
[LOG 20:06:19.823] Load MU model: Squad/Spaces/Mk1-3/model
[LOG 20:06:19.829] Load MU model: Squad/Spaces/mk1CabinInternal/mk1cabin
[LOG 20:06:19.836] Load MU model: Squad/Spaces/mk1CockpitInternal/Mk1StandardIVA
[LOG 20:06:19.844] Load MU model: Squad/Spaces/mk1InlineInternal/Mk1InlineIVA
[LOG 20:06:19.848] Load MU model: Squad/Spaces/mk1PodCockpit/model
[LOG 20:06:19.868] Load MU model: Squad/Spaces/mk1pod_IVA/mk1pod_IVA
[LOG 20:06:19.877] Load MU model: Squad/Spaces/mk2CockpitStandardInternal/model
[LOG 20:06:19.886] Load MU model: Squad/Spaces/Mk2CrewCabinInternal/MK2_CrewCab_Int
[LOG 20:06:19.892] Load MU model: Squad/Spaces/mk2InlineInternal/mk2InlineIVA
[LOG 20:06:19.921] Load MU model: Squad/Spaces/mk2LanderCanInternal/mk2LanderCanInternal
[LOG 20:06:19.928] Load MU model: Squad/Spaces/MK3CockpitInternal/MK3_Cockpit_Int
[LOG 20:06:19.933] Load MU model: Squad/Spaces/MK3_CrewCab_Int/MK3_CrewCab_Int
[LOG 20:06:19.939] Load MU model: Squad/Spaces/OverlayMasks/CupolaMask
[LOG 20:06:19.944] Load MU model: Squad/Spaces/OverlayMasks/HitchhikerBorder
[LOG 20:06:19.950] Load MU model: Squad/Spaces/OverlayMasks/HitchhikerMask
[LOG 20:06:19.956] Load MU model: Squad/Spaces/OverlayMasks/LargeLabBorder
[LOG 20:06:19.966] Load MU model: Squad/Spaces/OverlayMasks/LargeLabMask
[LOG 20:06:19.973] Load MU model: Squad/Spaces/OverlayMasks/Mk1CabinBorder
[LOG 20:06:19.982] Load MU model: Squad/Spaces/OverlayMasks/Mk1CabinMask
[LOG 20:06:19.990] Load MU model: Squad/Spaces/OverlayMasks/Mk1InlineMask
[LOG 20:06:19.995] Load MU model: Squad/Spaces/OverlayMasks/Mk1InlineMask2
[LOG 20:06:20.001] Load MU model: Squad/Spaces/OverlayMasks/Mk1StandardBorder2
[LOG 20:06:20.013] Load MU model: Squad/Spaces/OverlayMasks/Mk1StandardBorder3
[LOG 20:06:20.021] Load MU model: Squad/Spaces/OverlayMasks/Mk1StandardMask
[LOG 20:06:20.030] Load MU model: Squad/Spaces/OverlayMasks/Mk1StandardMask2
[LOG 20:06:20.036] Load MU model: Squad/Spaces/OverlayMasks/Mk1StandardMask3
[LOG 20:06:20.045] Load MU model: Squad/Spaces/OverlayMasks/Mk2CabinBorder
[LOG 20:06:20.051] Load MU model: Squad/Spaces/OverlayMasks/Mk2CabinMask
[LOG 20:06:20.061] Load MU model: Squad/Spaces/OverlayMasks/Mk2InlineBorder
[LOG 20:06:20.066] Load MU model: Squad/Spaces/OverlayMasks/Mk2InlineMask
[LOG 20:06:20.072] Load MU model: Squad/Spaces/OverlayMasks/Mk2StandardBorder
[LOG 20:06:20.080] Load MU model: Squad/Spaces/OverlayMasks/Mk2StandardMask
[LOG 20:06:20.085] Load MU model: Squad/Spaces/OverlayMasks/Mk3CabinBorder
[LOG 20:06:20.091] Load MU model: Squad/Spaces/OverlayMasks/Mk3CabinMask
[LOG 20:06:20.096] Load MU model: Squad/Spaces/OverlayMasks/Mk3CabinMask2
[LOG 20:06:20.102] Load MU model: Squad/Spaces/OverlayMasks/Mk3ShuttleBorder
[LOG 20:06:20.109] Load MU model: Squad/Spaces/OverlayMasks/Mk3ShuttleMask
[LOG 20:06:20.116] Load MU model: Squad/Spaces/OverlayMasks/Size1LanderBorder
[LOG 20:06:20.124] Load MU model: Squad/Spaces/OverlayMasks/Size1LanderMask
[LOG 20:06:20.128] Load MU model: Squad/Spaces/OverlayMasks/Size1PodBorder
[LOG 20:06:20.133] Load MU model: Squad/Spaces/OverlayMasks/Size1PodMask
[LOG 20:06:20.138] Load MU model: Squad/Spaces/OverlayMasks/Size2LanderBorder
[LOG 20:06:20.147] Load MU model: Squad/Spaces/OverlayMasks/Size2LanderMask
[LOG 20:06:20.155] Load MU model: Squad/Spaces/OverlayMasks/Size2PodBorder
[LOG 20:06:20.164] Load MU model: Squad/Spaces/OverlayMasks/Size2PodMask
[LOG 20:06:20.181] Load MU model: Squad/Spaces/Placeholder/PlaceholderIVA
[LOG 20:06:20.193] Load MU model: Squad/Spaces/PodCockpit/model
[LOG 20:06:20.198] Load MU model: SquadExpansion/MakingHistory/Parts/Aero/protectiveRocketNoseMk5A/Size_1_5_Cone
[LOG 20:06:20.207] Load MU model: SquadExpansion/MakingHistory/Parts/Coupling/Assets/EnginePlate
[LOG 20:06:20.215] Load MU model: SquadExpansion/MakingHistory/Parts/Coupling/Assets/InflatableAirlock
[LOG 20:06:20.225] Load MU model: SquadExpansion/MakingHistory/Parts/Coupling/Assets/Size1_5_Decoupler
[LOG 20:06:20.235] Load MU model: SquadExpansion/MakingHistory/Parts/Engine/Assets/KE-1
[LOG 20:06:20.240] Load MU model: SquadExpansion/MakingHistory/Parts/Engine/Assets/LV-T87
[LOG 20:06:20.245] Load MU model: SquadExpansion/MakingHistory/Parts/Engine/Assets/LV-T91
[LOG 20:06:20.257] Load MU model: SquadExpansion/MakingHistory/Parts/Engine/Assets/RE-I2
[LOG 20:06:20.262] Load MU model: SquadExpansion/MakingHistory/Parts/Engine/Assets/RE-J10
[LOG 20:06:20.271] Load MU model: SquadExpansion/MakingHistory/Parts/Engine/Assets/RK-7
[LOG 20:06:20.286] Load MU model: SquadExpansion/MakingHistory/Parts/Engine/Assets/RV-1
[LOG 20:06:20.291] Load MU model: SquadExpansion/MakingHistory/Parts/Engine/solidBoosterTHK/solidBoosterTHK
[LOG 20:06:20.298] Load MU model: SquadExpansion/MakingHistory/Parts/FuelTank/Assets/MiniMonoTank
[LOG 20:06:20.312] Load MU model: SquadExpansion/MakingHistory/Parts/FuelTank/Assets/Size1_5_Size0_Adapter_01
[LOG 20:06:20.321] Load MU model: SquadExpansion/MakingHistory/Parts/FuelTank/Assets/Size1_5_Size1_Adapter_01
[LOG 20:06:20.330] Load MU model: SquadExpansion/MakingHistory/Parts/FuelTank/Assets/Size1_5_Size1_Adapter_02
[LOG 20:06:20.339] Load MU model: SquadExpansion/MakingHistory/Parts/FuelTank/Assets/Size1_5_Size2_Adapter_01
[LOG 20:06:20.345] Load MU model: SquadExpansion/MakingHistory/Parts/FuelTank/Assets/Size1_5_Tank_01
[LOG 20:06:20.351] Load MU model: SquadExpansion/MakingHistory/Parts/FuelTank/Assets/Size1_5_Tank_02
[LOG 20:06:20.355] Load MU model: SquadExpansion/MakingHistory/Parts/FuelTank/Assets/Size1_5_Tank_03
[LOG 20:06:20.363] Load MU model: SquadExpansion/MakingHistory/Parts/FuelTank/Assets/Size1_5_Tank_04
[LOG 20:06:20.372] Load MU model: SquadExpansion/MakingHistory/Parts/FuelTank/Assets/Size1_5_Tank_05
[LOG 20:06:20.376] Load MU model: SquadExpansion/MakingHistory/Parts/FuelTank/Assets/Size3_Size4_Adapter_01
[LOG 20:06:20.383] Load MU model: SquadExpansion/MakingHistory/Parts/FuelTank/Assets/Size4_EngineAdapter_01
[LOG 20:06:20.388] Load MU model: SquadExpansion/MakingHistory/Parts/FuelTank/Assets/Size4_Tank_01
[LOG 20:06:20.393] Load MU model: SquadExpansion/MakingHistory/Parts/FuelTank/Assets/Size4_Tank_02
[LOG 20:06:20.397] Load MU model: SquadExpansion/MakingHistory/Parts/FuelTank/Assets/Size4_Tank_03
[LOG 20:06:20.403] Load MU model: SquadExpansion/MakingHistory/Parts/FuelTank/Assets/Size4_Tank_04
[LOG 20:06:20.408] Load MU model: SquadExpansion/MakingHistory/Parts/FuelTank/Assets/Size_1p5_Monoprop
[LOG 20:06:20.413] Load MU model: SquadExpansion/MakingHistory/Parts/Ground/Assets/RoverWheel
[WRN 20:06:20.414] WheelCollider requires an attached Rigidbody to function.
[WRN 20:06:20.414] WheelCollider requires an attached Rigidbody to function.
[LOG 20:06:20.419] Load MU model: SquadExpansion/MakingHistory/Parts/Payload/Assets/ServiceModule18
[LOG 20:06:20.427] Load MU model: SquadExpansion/MakingHistory/Parts/Payload/Assets/ServiceModule25
[LOG 20:06:20.435] Load MU model: SquadExpansion/MakingHistory/Parts/Payload/Assets/Size1to0ServiceModule
[LOG 20:06:20.440] Load MU model: SquadExpansion/MakingHistory/Parts/Pods/Assets/Mk2Pod
[LOG 20:06:20.444] Load MU model: SquadExpansion/MakingHistory/Parts/Pods/Assets/RoundPod
[LOG 20:06:20.453] Load MU model: SquadExpansion/MakingHistory/Parts/Pods/Assets/Size1_5_Lander
[LOG 20:06:20.461] Load MU model: SquadExpansion/MakingHistory/Parts/SharedAssets/Shroud1p5x0
[LOG 20:06:20.468] Load MU model: SquadExpansion/MakingHistory/Parts/SharedAssets/Shroud1p5x1
[LOG 20:06:20.476] Load MU model: SquadExpansion/MakingHistory/Parts/SharedAssets/Shroud1p5x2
[LOG 20:06:20.481] Load MU model: SquadExpansion/MakingHistory/Parts/SharedAssets/Shroud1p5x3
[LOG 20:06:20.486] Load MU model: SquadExpansion/MakingHistory/Parts/SharedAssets/Shroud1p5x4
[LOG 20:06:20.495] Load MU model: SquadExpansion/MakingHistory/Parts/SharedAssets/Shroud1x0
[LOG 20:06:20.503] Load MU model: SquadExpansion/MakingHistory/Parts/SharedAssets/Shroud1x1
[LOG 20:06:20.513] Load MU model: SquadExpansion/MakingHistory/Parts/SharedAssets/Shroud1x2
[LOG 20:06:20.519] Load MU model: SquadExpansion/MakingHistory/Parts/SharedAssets/Shroud1x3
[LOG 20:06:20.524] Load MU model: SquadExpansion/MakingHistory/Parts/SharedAssets/Shroud1x4
[LOG 20:06:20.532] Load MU model: SquadExpansion/MakingHistory/Parts/SharedAssets/Shroud2x0
[LOG 20:06:20.544] Load MU model: SquadExpansion/MakingHistory/Parts/SharedAssets/Shroud2x1
[LOG 20:06:20.551] Load MU model: SquadExpansion/MakingHistory/Parts/SharedAssets/Shroud2x2
[LOG 20:06:20.558] Load MU model: SquadExpansion/MakingHistory/Parts/SharedAssets/Shroud2x3
[LOG 20:06:20.568] Load MU model: SquadExpansion/MakingHistory/Parts/SharedAssets/Shroud2x4
[LOG 20:06:20.573] Load MU model: SquadExpansion/MakingHistory/Parts/SharedAssets/Shroud3x0
[LOG 20:06:20.580] Load MU model: SquadExpansion/MakingHistory/Parts/SharedAssets/Shroud3x1
[LOG 20:06:20.591] Load MU model: SquadExpansion/MakingHistory/Parts/SharedAssets/Shroud3x2
[LOG 20:06:20.597] Load MU model: SquadExpansion/MakingHistory/Parts/SharedAssets/Shroud3x3
[LOG 20:06:20.607] Load MU model: SquadExpansion/MakingHistory/Parts/SharedAssets/Shroud3x4
[LOG 20:06:20.612] Load MU model: SquadExpansion/MakingHistory/Parts/SharedAssets/Shroud4x0
[LOG 20:06:20.618] Load MU model: SquadExpansion/MakingHistory/Parts/SharedAssets/Shroud4x1
[LOG 20:06:20.626] Load MU model: SquadExpansion/MakingHistory/Parts/SharedAssets/Shroud4x2
[LOG 20:06:20.635] Load MU model: SquadExpansion/MakingHistory/Parts/SharedAssets/Shroud4x3
[LOG 20:06:20.639] Load MU model: SquadExpansion/MakingHistory/Parts/SharedAssets/Shroud4x4
[LOG 20:06:20.645] Load MU model: SquadExpansion/MakingHistory/Parts/SharedAssets/ShroudCollider0
[LOG 20:06:20.656] Load MU model: SquadExpansion/MakingHistory/Parts/SharedAssets/ShroudCollider1
[LOG 20:06:20.662] Load MU model: SquadExpansion/MakingHistory/Parts/SharedAssets/ShroudCollider1p5
[LOG 20:06:20.667] Load MU model: SquadExpansion/MakingHistory/Parts/SharedAssets/ShroudCollider2
[LOG 20:06:20.672] Load MU model: SquadExpansion/MakingHistory/Parts/SharedAssets/ShroudCollider3
[LOG 20:06:20.682] Load MU model: SquadExpansion/MakingHistory/Parts/SharedAssets/ShroudCollider4
[LOG 20:06:20.687] Load MU model: SquadExpansion/MakingHistory/Parts/Structural/Assets/EquiTriangle0
[LOG 20:06:20.696] Load MU model: SquadExpansion/MakingHistory/Parts/Structural/Assets/EquiTriangle1
[LOG 20:06:20.703] Load MU model: SquadExpansion/MakingHistory/Parts/Structural/Assets/EquiTriangle1p5
[LOG 20:06:20.717] Load MU model: SquadExpansion/MakingHistory/Parts/Structural/Assets/EquiTriangle2
[LOG 20:06:20.723] Load MU model: SquadExpansion/MakingHistory/Parts/Structural/Assets/Panel0
[LOG 20:06:20.730] Load MU model: SquadExpansion/MakingHistory/Parts/Structural/Assets/Panel1
[LOG 20:06:20.744] Load MU model: SquadExpansion/MakingHistory/Parts/Structural/Assets/Panel1p5
[LOG 20:06:20.755] Load MU model: SquadExpansion/MakingHistory/Parts/Structural/Assets/Panel2
[LOG 20:06:20.760] Load MU model: SquadExpansion/MakingHistory/Parts/Structural/Assets/Triangle0
[LOG 20:06:20.776] Load MU model: SquadExpansion/MakingHistory/Parts/Structural/Assets/Triangle1
[LOG 20:06:20.790] Load MU model: SquadExpansion/MakingHistory/Parts/Structural/Assets/Triangle1p5
[LOG 20:06:20.797] Load MU model: SquadExpansion/MakingHistory/Parts/Structural/Assets/Triangle2
[LOG 20:06:20.802] Load MU model: SquadExpansion/MakingHistory/Parts/Utility/flags/flagSize1p5/flagSize1p5Meshes
[LOG 20:06:20.808] Load MU model: SquadExpansion/MakingHistory/Parts/Utility/flags/flagSize4/flagSize4Meshes
[LOG 20:06:20.822] Load MU model: SquadExpansion/MakingHistory/Spaces/KVPods/Airlock_IVA
[LOG 20:06:20.829] Load MU model: SquadExpansion/MakingHistory/Spaces/KVPods/KV1_IVA
[LOG 20:06:20.841] Load MU model: SquadExpansion/MakingHistory/Spaces/KVPods/KV2_IVA
[LOG 20:06:20.846] Load MU model: SquadExpansion/MakingHistory/Spaces/KVPods/KV3_IVA
[LOG 20:06:20.862] Load MU model: SquadExpansion/MakingHistory/Spaces/MEM/MEM_IVA
[LOG 20:06:20.870] Load MU model: SquadExpansion/MakingHistory/Spaces/Mk2Pod/MK2POD_IVA
[LOG 20:06:20.878] Load MU model: SquadExpansion/Serenity/Parts/Aero/Assets/FanShroud_01
[LOG 20:06:20.883] Load MU model: SquadExpansion/Serenity/Parts/Aero/Assets/FanShroud_02
[LOG 20:06:20.889] Load MU model: SquadExpansion/Serenity/Parts/Aero/Assets/FanShroud_03
[LOG 20:06:20.893] Load MU model: SquadExpansion/Serenity/Parts/Aero/Assets/noseconeTiny
[LOG 20:06:20.902] Load MU model: SquadExpansion/Serenity/Parts/Aero/Assets/noseconeVS
[LOG 20:06:20.909] Load MU model: SquadExpansion/Serenity/Parts/DeployedScience/Assets/CentralStation
[LOG 20:06:20.915] Load MU model: SquadExpansion/Serenity/Parts/DeployedScience/Assets/GoExOb
[LOG 20:06:20.921] Load MU model: SquadExpansion/Serenity/Parts/DeployedScience/Assets/IonExperiment
[LOG 20:06:20.929] Load MU model: SquadExpansion/Serenity/Parts/DeployedScience/Assets/RTGCask
[LOG 20:06:20.934] Load MU model: SquadExpansion/Serenity/Parts/DeployedScience/Assets/satDish
[LOG 20:06:20.947] Load MU model: SquadExpansion/Serenity/Parts/DeployedScience/Assets/seismicSensor
[LOG 20:06:20.955] Load MU model: SquadExpansion/Serenity/Parts/DeployedScience/Assets/solarPanel
[LOG 20:06:20.961] Load MU model: SquadExpansion/Serenity/Parts/DeployedScience/Assets/WeatherStation
[LOG 20:06:20.972] Load MU model: SquadExpansion/Serenity/Parts/Propellers/Assets/largeFanBlade
[LOG 20:06:20.979] Load MU model: SquadExpansion/Serenity/Parts/Propellers/Assets/largeHeliBlade
[LOG 20:06:20.984] Load MU model: SquadExpansion/Serenity/Parts/Propellers/Assets/largePropeller
[LOG 20:06:20.989] Load MU model: SquadExpansion/Serenity/Parts/Propellers/Assets/mediumFanBlade
[LOG 20:06:20.994] Load MU model: SquadExpansion/Serenity/Parts/Propellers/Assets/mediumHeliBlade
[LOG 20:06:21.002] Load MU model: SquadExpansion/Serenity/Parts/Propellers/Assets/mediumPropeller
[LOG 20:06:21.011] Load MU model: SquadExpansion/Serenity/Parts/Propellers/Assets/smallFanBlade
[LOG 20:06:21.016] Load MU model: SquadExpansion/Serenity/Parts/Propellers/Assets/smallHeliBlade
[LOG 20:06:21.022] Load MU model: SquadExpansion/Serenity/Parts/Propellers/Assets/smallPropeller
[LOG 20:06:21.028] Load MU model: SquadExpansion/Serenity/Parts/Robotics/Assets/hinge_01
[LOG 20:06:21.032] Load MU model: SquadExpansion/Serenity/Parts/Robotics/Assets/hinge_01_s
[LOG 20:06:21.048] Load MU model: SquadExpansion/Serenity/Parts/Robotics/Assets/hinge_03
[LOG 20:06:21.055] Load MU model: SquadExpansion/Serenity/Parts/Robotics/Assets/hinge_03_s
[LOG 20:06:21.075] Load MU model: SquadExpansion/Serenity/Parts/Robotics/Assets/hinge_04
[LOG 20:06:21.083] Load MU model: SquadExpansion/Serenity/Parts/Robotics/Assets/piston_01
[LOG 20:06:21.091] Load MU model: SquadExpansion/Serenity/Parts/Robotics/Assets/piston_02
[LOG 20:06:21.104] Load MU model: SquadExpansion/Serenity/Parts/Robotics/Assets/piston_03
[LOG 20:06:21.110] Load MU model: SquadExpansion/Serenity/Parts/Robotics/Assets/piston_04
[LOG 20:06:21.121] Load MU model: SquadExpansion/Serenity/Parts/Robotics/Assets/RotorEngine_02
[LOG 20:06:21.127] Load MU model: SquadExpansion/Serenity/Parts/Robotics/Assets/RotorEngine_03
[LOG 20:06:21.133] Load MU model: SquadExpansion/Serenity/Parts/Robotics/Assets/rotor_01
[LOG 20:06:21.171] Load MU model: SquadExpansion/Serenity/Parts/Robotics/Assets/rotor_01s
[LOG 20:06:21.176] Load MU model: SquadExpansion/Serenity/Parts/Robotics/Assets/rotor_02
[LOG 20:06:21.182] Load MU model: SquadExpansion/Serenity/Parts/Robotics/Assets/rotor_02s
[LOG 20:06:21.195] Load MU model: SquadExpansion/Serenity/Parts/Robotics/Assets/rotor_03
[LOG 20:06:21.202] Load MU model: SquadExpansion/Serenity/Parts/Robotics/Assets/rotor_03s
[LOG 20:06:21.210] Load MU model: SquadExpansion/Serenity/Parts/Robotics/Assets/RotoServo_00
[LOG 20:06:21.216] Load MU model: SquadExpansion/Serenity/Parts/Robotics/Assets/RotoServo_02
[LOG 20:06:21.222] Load MU model: SquadExpansion/Serenity/Parts/Robotics/Assets/RotoServo_03
[LOG 20:06:21.227] Load MU model: SquadExpansion/Serenity/Parts/Robotics/Assets/RotoServo_04
[LOG 20:06:21.232] Load MU model: SquadExpansion/Serenity/Parts/Robotics/Controllers/controller1000
[LOG 20:06:21.238] Load MU model: SquadExpansion/Serenity/Parts/Science/RobotArmScanner/Assets/ROCArm_01
[LOG 20:06:21.247] Load MU model: SquadExpansion/Serenity/Parts/Science/RobotArmScanner/Assets/ROCArm_02
[LOG 20:06:21.257] Load MU model: SquadExpansion/Serenity/Parts/Science/RobotArmScanner/Assets/ROCArm_03
[LOG 20:06:21.265] Load MU model: SquadExpansion/Serenity/Parts/Structural/gripPads/Assets/lGripPad
[LOG 20:06:21.277] Load MU model: SquadExpansion/Serenity/Parts/Structural/gripPads/Assets/lGripStrip
[LOG 20:06:21.284] Load MU model: SquadExpansion/Serenity/Parts/Structural/gripPads/Assets/mGripPad
[LOG 20:06:21.291] Load MU model: SquadExpansion/Serenity/Parts/Structural/gripPads/Assets/sGripPad
[LOG 20:06:21.296] Load MU model: SquadExpansion/Serenity/Parts/Structural/gripPads/Assets/sGripStrip
[LOG 20:06:21.297] Loading Asset Bundle Definitions
[LOG 20:06:21.298] AssetLoader: Loading bundle definitions
[LOG 20:06:21.435] AssetLoader: Loaded bundle 'squadcore'
[LOG 20:06:21.436] AssetLoader: Loaded bundle 'squadcorefx'
[LOG 20:06:21.436] AssetLoader: Loaded mod bundle 'kspedia'
[LOG 20:06:21.437] AssetLoader: Loaded mod bundle 'kspedia_actionsets'
[LOG 20:06:21.437] AssetLoader: Loaded mod bundle 'kspedia_aircraft'
[LOG 20:06:21.437] AssetLoader: Loaded mod bundle 'kspedia_aircraftbasics'
[LOG 20:06:21.438] AssetLoader: Loaded mod bundle 'kspedia_aircraftbasicsbalance'
[LOG 20:06:21.438] AssetLoader: Loaded mod bundle 'kspedia_aircraftbasicsbalance2'
[LOG 20:06:21.438] AssetLoader: Loaded mod bundle 'kspedia_aircraftbasicscol'
[LOG 20:06:21.439] AssetLoader: Loaded mod bundle 'kspedia_aircraftbasicscontrol'
[LOG 20:06:21.439] AssetLoader: Loaded mod bundle 'kspedia_aircraftbasicscontrolsurfaces'
[LOG 20:06:21.439] AssetLoader: Loaded mod bundle 'kspedia_aircraftbasicsdrag'
[LOG 20:06:21.439] AssetLoader: Loaded mod bundle 'kspedia_aircraftbasicsengines'
[LOG 20:06:21.440] AssetLoader: Loaded mod bundle 'kspedia_aircraftbasicsforces'
[LOG 20:06:21.440] AssetLoader: Loaded mod bundle 'kspedia_aircraftbasicsintakes'
[LOG 20:06:21.440] AssetLoader: Loaded mod bundle 'kspedia_aircraftbasicslandinggear'
[LOG 20:06:21.441] AssetLoader: Loaded mod bundle 'kspedia_aircraftbasicslift'
[LOG 20:06:21.441] AssetLoader: Loaded mod bundle 'kspedia_axisgroups'
[LOG 20:06:21.441] AssetLoader: Loaded mod bundle 'kspedia_career'
[LOG 20:06:21.442] AssetLoader: Loaded mod bundle 'kspedia_careerbasicscontracts'
[LOG 20:06:21.442] AssetLoader: Loaded mod bundle 'kspedia_careerbasicscrew'
[LOG 20:06:21.442] AssetLoader: Loaded mod bundle 'kspedia_careerbasicscurrencies'
[LOG 20:06:21.442] AssetLoader: Loaded mod bundle 'kspedia_careerbasicsexperience'
[LOG 20:06:21.443] AssetLoader: Loaded mod bundle 'kspedia_careerbasicsfacilities'
[LOG 20:06:21.443] AssetLoader: Loaded mod bundle 'kspedia_careerbasicsstrategies'
[LOG 20:06:21.443] AssetLoader: Loaded mod bundle 'kspedia_careerbasicstechnology'
[LOG 20:06:21.444] AssetLoader: Loaded mod bundle 'kspedia_careerui-ac'
[LOG 20:06:21.444] AssetLoader: Loaded mod bundle 'kspedia_careerui-admin'
[LOG 20:06:21.444] AssetLoader: Loaded mod bundle 'kspedia_careerui-ksc'
[LOG 20:06:21.444] AssetLoader: Loaded mod bundle 'kspedia_careerui-mc'
[LOG 20:06:21.445] AssetLoader: Loaded mod bundle 'kspedia_careerui-sciencearchives'
[LOG 20:06:21.445] AssetLoader: Loaded mod bundle 'kspedia_careerui-techtree'
[LOG 20:06:21.446] AssetLoader: Loaded mod bundle 'kspedia_careerui-ts'
[LOG 20:06:21.446] AssetLoader: Loaded mod bundle 'kspedia_careerui'
[LOG 20:06:21.447] AssetLoader: Loaded mod bundle 'kspedia_cargoapp'
[LOG 20:06:21.447] AssetLoader: Loaded mod bundle 'kspedia_cargomode'
[LOG 20:06:21.447] AssetLoader: Loaded mod bundle 'kspedia_cargosystem-placeableparts'
[LOG 20:06:21.448] AssetLoader: Loaded mod bundle 'kspedia_cargosystem'
[LOG 20:06:21.448] AssetLoader: Loaded mod bundle 'kspedia_chute'
[LOG 20:06:21.449] AssetLoader: Loaded mod bundle 'kspedia_commnet'
[LOG 20:06:21.449] AssetLoader: Loaded mod bundle 'kspedia_commnetbasics'
[LOG 20:06:21.449] AssetLoader: Loaded mod bundle 'kspedia_commnetbuildingeffectivenetworks'
[LOG 20:06:21.450] AssetLoader: Loaded mod bundle 'kspedia_commnetcalculatingrange'
[LOG 20:06:21.450] AssetLoader: Loaded mod bundle 'kspedia_commnetcontrollevels'
[LOG 20:06:21.450] AssetLoader: Loaded mod bundle 'kspedia_commnetcontrollinks'
[LOG 20:06:21.450] AssetLoader: Loaded mod bundle 'kspedia_commnetcontrolpoints'
[LOG 20:06:21.451] AssetLoader: Loaded mod bundle 'kspedia_commnetgui'
[LOG 20:06:21.451] AssetLoader: Loaded mod bundle 'kspedia_commnetgui01'
[LOG 20:06:21.451] AssetLoader: Loaded mod bundle 'kspedia_commnetgui02'
[LOG 20:06:21.451] AssetLoader: Loaded mod bundle 'kspedia_commnetrange'
[LOG 20:06:21.452] AssetLoader: Loaded mod bundle 'kspedia_commnetrelays'
[LOG 20:06:21.452] AssetLoader: Loaded mod bundle 'kspedia_commnetsciencetransmission'
[LOG 20:06:21.452] AssetLoader: Loaded mod bundle 'kspedia_commnetsignalstrength'
[LOG 20:06:21.452] AssetLoader: Loaded mod bundle 'kspedia_commnettransmission'
[LOG 20:06:21.453] AssetLoader: Loaded mod bundle 'kspedia_constructionui-actiongroups'
[LOG 20:06:21.453] AssetLoader: Loaded mod bundle 'kspedia_constructionui-applauncher'
[LOG 20:06:21.454] AssetLoader: Loaded mod bundle 'kspedia_constructionui-crew'
[LOG 20:06:21.454] AssetLoader: Loaded mod bundle 'kspedia_constructionui-engineersreport'
[LOG 20:06:21.454] AssetLoader: Loaded mod bundle 'kspedia_constructionui-gizmos'
[LOG 20:06:21.455] AssetLoader: Loaded mod bundle 'kspedia_constructionui-infos'
[LOG 20:06:21.455] AssetLoader: Loaded mod bundle 'kspedia_constructionui-partdetails'
[LOG 20:06:21.455] AssetLoader: Loaded mod bundle 'kspedia_constructionui-parts'
[LOG 20:06:21.456] AssetLoader: Loaded mod bundle 'kspedia_constructionui-symmetry'
[LOG 20:06:21.456] AssetLoader: Loaded mod bundle 'kspedia_constructionui-vesseldetails'
[LOG 20:06:21.456] AssetLoader: Loaded mod bundle 'kspedia_constructionui'
[LOG 20:06:21.457] AssetLoader: Loaded mod bundle 'kspedia_controls-dockingmode'
[LOG 20:06:21.457] AssetLoader: Loaded mod bundle 'kspedia_controls-editor'
[LOG 20:06:21.458] AssetLoader: Loaded mod bundle 'kspedia_controls-editorgizmos'
[LOG 20:06:21.458] AssetLoader: Loaded mod bundle 'kspedia_controls-eva'
[LOG 20:06:21.458] AssetLoader: Loaded mod bundle 'kspedia_controls-flight'
[LOG 20:06:21.459] AssetLoader: Loaded mod bundle 'kspedia_controls-flightactivities'
[LOG 20:06:21.459] AssetLoader: Loaded mod bundle 'kspedia_controls-flightdirections'
[LOG 20:06:21.459] AssetLoader: Loaded mod bundle 'kspedia_controls-general'
[LOG 20:06:21.460] AssetLoader: Loaded mod bundle 'kspedia_controls-mapandtime'
[LOG 20:06:21.460] AssetLoader: Loaded mod bundle 'kspedia_controls-mouseconstruction'
[LOG 20:06:21.460] AssetLoader: Loaded mod bundle 'kspedia_controls-mouseflight'
[LOG 20:06:21.461] AssetLoader: Loaded mod bundle 'kspedia_controls-rcs'
[LOG 20:06:21.461] AssetLoader: Loaded mod bundle 'kspedia_controls'
[LOG 20:06:21.461] AssetLoader: Loaded mod bundle 'kspedia_eastereggs'
[LOG 20:06:21.462] AssetLoader: Loaded mod bundle 'kspedia_evaconstructionmode'
[LOG 20:06:21.462] AssetLoader: Loaded mod bundle 'kspedia_facilities-ac'
[LOG 20:06:21.462] AssetLoader: Loaded mod bundle 'kspedia_facilities-admin'
[LOG 20:06:21.463] AssetLoader: Loaded mod bundle 'kspedia_facilities-context'
[LOG 20:06:21.463] AssetLoader: Loaded mod bundle 'kspedia_facilities-ksc'
[LOG 20:06:21.463] AssetLoader: Loaded mod bundle 'kspedia_facilities-launchpad'
[LOG 20:06:21.464] AssetLoader: Loaded mod bundle 'kspedia_facilities-mc'
[LOG 20:06:21.464] AssetLoader: Loaded mod bundle 'kspedia_facilities-randd'
[LOG 20:06:21.464] AssetLoader: Loaded mod bundle 'kspedia_facilities-runway'
[LOG 20:06:21.465] AssetLoader: Loaded mod bundle 'kspedia_facilities-sph'
[LOG 20:06:21.465] AssetLoader: Loaded mod bundle 'kspedia_facilities-ts'
[LOG 20:06:21.465] AssetLoader: Loaded mod bundle 'kspedia_facilities-vab'
[LOG 20:06:21.465] AssetLoader: Loaded mod bundle 'kspedia_flightui-altimeter'
[LOG 20:06:21.466] AssetLoader: Loaded mod bundle 'kspedia_flightui-applauncher'
[LOG 20:06:21.466] AssetLoader: Loaded mod bundle 'kspedia_flightui-evaactivities'
[LOG 20:06:21.466] AssetLoader: Loaded mod bundle 'kspedia_flightui-maneuvermodeeditor'
[LOG 20:06:21.467] AssetLoader: Loaded mod bundle 'kspedia_flightui-maneuvermodeeditorcont'
[LOG 20:06:21.467] AssetLoader: Loaded mod bundle 'kspedia_flightui-maneuvermodeorbit'
[LOG 20:06:21.467] AssetLoader: Loaded mod bundle 'kspedia_flightui-maneuvertoolinfo'
[LOG 20:06:21.467] AssetLoader: Loaded mod bundle 'kspedia_flightui-maneuvertoolmain'
[LOG 20:06:21.468] AssetLoader: Loaded mod bundle 'kspedia_flightui-modecontrol'
[LOG 20:06:21.468] AssetLoader: Loaded mod bundle 'kspedia_flightui-navball'
[LOG 20:06:21.468] AssetLoader: Loaded mod bundle 'kspedia_flightui-partrepairs'
[LOG 20:06:21.469] AssetLoader: Loaded mod bundle 'kspedia_flightui-portraits'
[LOG 20:06:21.469] AssetLoader: Loaded mod bundle 'kspedia_flightui-staging'
[LOG 20:06:21.469] AssetLoader: Loaded mod bundle 'kspedia_flightui-timeandaction'
[LOG 20:06:21.470] AssetLoader: Loaded mod bundle 'kspedia_flightui'
[LOG 20:06:21.470] AssetLoader: Loaded mod bundle 'kspedia_heat'
[LOG 20:06:21.470] AssetLoader: Loaded mod bundle 'kspedia_heatactiveradiators'
[LOG 20:06:21.471] AssetLoader: Loaded mod bundle 'kspedia_heatengines'
[LOG 20:06:21.471] AssetLoader: Loaded mod bundle 'kspedia_heatflow'
[LOG 20:06:21.475] AssetLoader: Loaded mod bundle 'kspedia_heatpart'
[LOG 20:06:21.475] AssetLoader: Loaded mod bundle 'kspedia_heatpassiveradiators'
[LOG 20:06:21.475] AssetLoader: Loaded mod bundle 'kspedia_heatshields'
[LOG 20:06:21.476] AssetLoader: Loaded mod bundle 'kspedia_kerbnet'
[LOG 20:06:21.476] AssetLoader: Loaded mod bundle 'kspedia_kerbnetinterface'
[LOG 20:06:21.476] AssetLoader: Loaded mod bundle 'kspedia_kerbnetmodes'
[LOG 20:06:21.477] AssetLoader: Loaded mod bundle 'kspedia_kerbnetwaypoints'
[LOG 20:06:21.477] AssetLoader: Loaded mod bundle 'kspedia_locations'
[LOG 20:06:21.478] AssetLoader: Loaded mod bundle 'kspedia_manual'
[LOG 20:06:21.478] AssetLoader: Loaded mod bundle 'kspedia_mapui-alarmclockcreation'
[LOG 20:06:21.478] AssetLoader: Loaded mod bundle 'kspedia_mapui-alarmclockmain'
[LOG 20:06:21.479] AssetLoader: Loaded mod bundle 'kspedia_mapui-burnindicator'
[LOG 20:06:21.479] AssetLoader: Loaded mod bundle 'kspedia_mapui-dvtoolsflight'
[LOG 20:06:21.479] AssetLoader: Loaded mod bundle 'kspedia_mapui-dvtoolsvab'
[LOG 20:06:21.479] AssetLoader: Loaded mod bundle 'kspedia_mapui-mannodes'
[LOG 20:06:21.480] AssetLoader: Loaded mod bundle 'kspedia_mapui-orbitnodes'
[LOG 20:06:21.480] AssetLoader: Loaded mod bundle 'kspedia_mapui-orbitnodes2'
[LOG 20:06:21.480] AssetLoader: Loaded mod bundle 'kspedia_mapui'
[LOG 20:06:21.481] AssetLoader: Loaded mod bundle 'kspedia_orbitalbasics-atmosphere'
[LOG 20:06:21.481] AssetLoader: Loaded mod bundle 'kspedia_orbitalbasics-gettingbackdown'
[LOG 20:06:21.481] AssetLoader: Loaded mod bundle 'kspedia_orbitalbasics-gettingupthere'
[LOG 20:06:21.481] AssetLoader: Loaded mod bundle 'kspedia_orbitalbasics-gravityturn'
[LOG 20:06:21.482] AssetLoader: Loaded mod bundle 'kspedia_orbitalbasics-orbits'
[LOG 20:06:21.482] AssetLoader: Loaded mod bundle 'kspedia_orbitalbasics-stayingupthere'
[LOG 20:06:21.482] AssetLoader: Loaded mod bundle 'kspedia_orbitalbasics'
[LOG 20:06:21.483] AssetLoader: Loaded mod bundle 'kspedia_orbitaldefinitions-appe'
[LOG 20:06:21.483] AssetLoader: Loaded mod bundle 'kspedia_orbitaldefinitions-dirandinc'
[LOG 20:06:21.483] AssetLoader: Loaded mod bundle 'kspedia_orbitaldefinitions-directions'
[LOG 20:06:21.483] AssetLoader: Loaded mod bundle 'kspedia_orbitaldefinitions-eccentricity'
[LOG 20:06:21.484] AssetLoader: Loaded mod bundle 'kspedia_orbitaldefinitions'
[LOG 20:06:21.484] AssetLoader: Loaded mod bundle 'kspedia_orbitalmaneuvers-adjustinginclination'
[LOG 20:06:21.485] AssetLoader: Loaded mod bundle 'kspedia_orbitalmaneuvers-deltav'
[LOG 20:06:21.485] AssetLoader: Loaded mod bundle 'kspedia_orbitalmaneuvers-efficiency'
[LOG 20:06:21.485] AssetLoader: Loaded mod bundle 'kspedia_orbitalmaneuvers-hohmanntransfer'
[LOG 20:06:21.486] AssetLoader: Loaded mod bundle 'kspedia_orbitalmaneuvers-hohmanntransfer2'
[LOG 20:06:21.486] AssetLoader: Loaded mod bundle 'kspedia_orbitalmaneuvers-orbittypes'
[LOG 20:06:21.486] AssetLoader: Loaded mod bundle 'kspedia_orbitalmaneuvers-radandantirad'
[LOG 20:06:21.487] AssetLoader: Loaded mod bundle 'kspedia_orbitalmaneuvers-shapingup'
[LOG 20:06:21.487] AssetLoader: Loaded mod bundle 'kspedia_orbitalmaneuvers'
[LOG 20:06:21.487] AssetLoader: Loaded mod bundle 'kspedia_planets-dres'
[LOG 20:06:21.488] AssetLoader: Loaded mod bundle 'kspedia_planets-duna'
[LOG 20:06:21.488] AssetLoader: Loaded mod bundle 'kspedia_planets-eeloo'
[LOG 20:06:21.488] AssetLoader: Loaded mod bundle 'kspedia_planets-eve'
[LOG 20:06:21.489] AssetLoader: Loaded mod bundle 'kspedia_planets-jool'
[LOG 20:06:21.489] AssetLoader: Loaded mod bundle 'kspedia_planets-kerbin'
[LOG 20:06:21.490] AssetLoader: Loaded mod bundle 'kspedia_planets-moho'
[LOG 20:06:21.490] AssetLoader: Loaded mod bundle 'kspedia_planets-sun'
[LOG 20:06:21.490] AssetLoader: Loaded mod bundle 'kspedia_planets-system'
[LOG 20:06:21.491] AssetLoader: Loaded mod bundle 'kspedia_resources-asteroidmining'
[LOG 20:06:21.491] AssetLoader: Loaded mod bundle 'kspedia_resources-conversionmanagement'
[LOG 20:06:21.491] AssetLoader: Loaded mod bundle 'kspedia_resources-drilling'
[LOG 20:06:21.492] AssetLoader: Loaded mod bundle 'kspedia_resources-findingit'
[LOG 20:06:21.492] AssetLoader: Loaded mod bundle 'kspedia_resources-findingit2'
[LOG 20:06:21.492] AssetLoader: Loaded mod bundle 'kspedia_resources-storageandconversion'
[LOG 20:06:21.493] AssetLoader: Loaded mod bundle 'kspedia_resources'
[LOG 20:06:21.493] AssetLoader: Loaded mod bundle 'kspedia_rocketry'
[LOG 20:06:21.494] AssetLoader: Loaded mod bundle 'kspedia_rocketryadvanced-fairings'
[LOG 20:06:21.494] AssetLoader: Loaded mod bundle 'kspedia_rocketryadvanced-girders'
[LOG 20:06:21.494] AssetLoader: Loaded mod bundle 'kspedia_rocketryadvanced'
[LOG 20:06:21.495] AssetLoader: Loaded mod bundle 'kspedia_rocketrybasics'
[LOG 20:06:21.495] AssetLoader: Loaded mod bundle 'kspedia_rocketrybasicsaero'
[LOG 20:06:21.495] AssetLoader: Loaded mod bundle 'kspedia_rocketrybasicscentered'
[LOG 20:06:21.496] AssetLoader: Loaded mod bundle 'kspedia_rocketrybasicschutes'
[LOG 20:06:21.496] AssetLoader: Loaded mod bundle 'kspedia_rocketrybasicscontrol'
[LOG 20:06:21.497] AssetLoader: Loaded mod bundle 'kspedia_rocketrybasicsecrecharging'
[LOG 20:06:21.497] AssetLoader: Loaded mod bundle 'kspedia_rocketrybasicsengines'
[LOG 20:06:21.501] AssetLoader: Loaded mod bundle 'kspedia_rocketrybasicsforces'
[LOG 20:06:21.502] AssetLoader: Loaded mod bundle 'kspedia_rocketrybasicshatchesandladders'
[LOG 20:06:21.502] AssetLoader: Loaded mod bundle 'kspedia_rocketrybasicshibernation'
[LOG 20:06:21.503] AssetLoader: Loaded mod bundle 'kspedia_rocketrybasicsresources'
[LOG 20:06:21.503] AssetLoader: Loaded mod bundle 'kspedia_rocketrybasicsservicecontainers'
[LOG 20:06:21.503] AssetLoader: Loaded mod bundle 'kspedia_rocketrybasicsstability'
[LOG 20:06:21.504] AssetLoader: Loaded mod bundle 'kspedia_rocketrybasicsstabilityassist'
[LOG 20:06:21.504] AssetLoader: Loaded mod bundle 'kspedia_rocketrybasicsstaging'
[LOG 20:06:21.505] AssetLoader: Loaded mod bundle 'kspedia_rocketrybasicssymmetry'
[LOG 20:06:21.505] AssetLoader: Loaded mod bundle 'kspedia_science'
[LOG 20:06:21.505] AssetLoader: Loaded mod bundle 'kspedia_sciencedata'
[LOG 20:06:21.506] AssetLoader: Loaded mod bundle 'kspedia_scienceexperiments'
[LOG 20:06:21.506] AssetLoader: Loaded mod bundle 'kspedia_sciencelab'
[LOG 20:06:21.507] AssetLoader: Loaded mod bundle 'kspedia_sciencetransmitted'
[LOG 20:06:21.507] AssetLoader: Loaded mod bundle 'kspedia_spacetravel'
[LOG 20:06:21.507] AssetLoader: Loaded mod bundle 'kspedia_variantswitcher'
[LOG 20:06:21.508] AssetLoader: Loaded mod bundle 'kspfonts'
[LOG 20:06:21.650] AssetLoader: Loaded bundle 'squadcore'
[LOG 20:06:21.651] AssetLoader: Loaded bundle 'squadcorefx'
[LOG 20:06:21.651] AssetLoader: Loaded mod bundle 'kspedia_builder'
[LOG 20:06:21.652] AssetLoader: Loaded mod bundle 'kspedia_buildertoolbar'
[LOG 20:06:21.652] AssetLoader: Loaded mod bundle 'kspedia_canvas'
[LOG 20:06:21.652] AssetLoader: Loaded mod bundle 'kspedia_exportingvalidation'
[LOG 20:06:21.652] AssetLoader: Loaded mod bundle 'kspedia_flight'
[LOG 20:06:21.653] AssetLoader: Loaded mod bundle 'kspedia_flightapp'
[LOG 20:06:21.653] AssetLoader: Loaded mod bundle 'kspedia_gap'
[LOG 20:06:21.653] AssetLoader: Loaded mod bundle 'kspedia_gaptools'
[LOG 20:06:21.654] AssetLoader: Loaded mod bundle 'kspedia_makinghistory'
[LOG 20:06:21.654] AssetLoader: Loaded mod bundle 'kspedia_missionbriefing'
[LOG 20:06:21.654] AssetLoader: Loaded mod bundle 'kspedia_nodedocking'
[LOG 20:06:21.654] AssetLoader: Loaded mod bundle 'kspedia_nodesconnectors'
[LOG 20:06:21.655] AssetLoader: Loaded mod bundle 'kspedia_sap'
[LOG 20:06:21.655] AssetLoader: Loaded mod bundle 'kspedia_sidebar'
[LOG 20:06:21.655] AssetLoader: Loaded mod bundle 'kspedia_testingcheckpoints'
[LOG 20:06:21.656] AssetLoader: Loaded bundle 'makinghistory'
[LOG 20:06:21.656] AssetLoader: Loaded mod bundle 'kspedia_bladecyclic-collective-behaviour'
[LOG 20:06:21.656] AssetLoader: Loaded mod bundle 'kspedia_bladecyclic-collective-controls'
[LOG 20:06:21.656] AssetLoader: Loaded mod bundle 'kspedia_deployedscience-experiments'
[LOG 20:06:21.657] AssetLoader: Loaded mod bundle 'kspedia_deployedscience'
[LOG 20:06:21.657] AssetLoader: Loaded mod bundle 'kspedia_grippads'
[LOG 20:06:21.657] AssetLoader: Loaded mod bundle 'kspedia_layindtracks'
[LOG 20:06:21.658] AssetLoader: Loaded mod bundle 'kspedia_propellers'
[LOG 20:06:21.658] AssetLoader: Loaded mod bundle 'kspedia_propellersaerodynamics'
[LOG 20:06:21.658] AssetLoader: Loaded mod bundle 'kspedia_roboticcontroller'
[LOG 20:06:21.659] AssetLoader: Loaded mod bundle 'kspedia_roboticparts'
[LOG 20:06:21.659] AssetLoader: Loaded mod bundle 'kspedia_surface features-overview'
[LOG 20:06:21.659] AssetLoader: Loaded mod bundle 'kspedia_surface features-roverarmdetails'
[LOG 20:06:21.659] AssetLoader: Loaded mod bundle 'kspedia_trackeditor'
[LOG 20:06:21.660] AssetLoader: Loaded mod bundle 'kspedia_trackeditortoolbar'
[LOG 20:06:21.660] AssetLoader: Loaded mod bundle 'serenity'
[LOG 20:06:21.661] AssetLoader: Finished loading. 226 bundle definitions loaded.
[LOG 20:06:21.661] Compiling Configs:
[LOG 20:06:21.662] Config(PHYSICSGLOBALS) /Physics/PHYSICSGLOBALS
[LOG 20:06:21.662] Config(KSP_COMMUNITY_FIXES) KSPCommunityFixes/Settings/KSP_COMMUNITY_FIXES
[LOG 20:06:21.662] Config(Localization) KSPCommunityFixes/Localization/en-us/Localization
[LOG 20:06:21.662] Config(Localization) KSPCommunityFixes/Localization/fr-fr/Localization
[LOG 20:06:21.662] Config(Localization) KSPCommunityFixes/Localization/ru/Localization
[LOG 20:06:21.662] Config(Localization) KSPCommunityFixes/Localization/zh-cn/Localization
[LOG 20:06:21.662] Config(@PART[*]:HAS[@MODULE[ModuleDockingNodeFixed]]:NEEDS[FixDockingNodes]:FINAL) KSPCommunityFixes/MMPatches/ModSupport/FixDockingNodes/@PART[*]:HAS[@MODULE[ModuleDockingNodeFixed]]:NEEDS[FixDockingNodes]:FINAL
[LOG 20:06:21.662] Config(@PART[*]:HAS[@MODULE[Refunding]]:LAST[999_KSP-Recall]) KSPCommunityFixes/MMPatches/ModSupport/KSPRecall/@PART[*]:HAS[@MODULE[Refunding]]:LAST[999_KSP-Recall]
[LOG 20:06:21.662] Config(@PART[*]:HAS[#hasRefundingOnRecovery[?rue]]:LAST[999_KSP-Recall]) KSPCommunityFixes/MMPatches/ModSupport/KSPRecall/@PART[*]:HAS[#hasRefundingOnRecovery[?rue]]:LAST[999_KSP-Recall]
[LOG 20:06:21.662] Config(@PART[*]:HAS[#hasRefundingOnRecovery]:LAST[999_KSP-Recall]) KSPCommunityFixes/MMPatches/ModSupport/KSPRecall/@PART[*]:HAS[#hasRefundingOnRecovery]:LAST[999_KSP-Recall]
[LOG 20:06:21.662] Config(@KSP-Recall:LAST[999_KSP-Recall]) KSPCommunityFixes/MMPatches/ModSupport/KSPRecall/@KSP-Recall:LAST[999_KSP-Recall]
[LOG 20:06:21.662] Config(@KSP-Recall:HAS[#hasRefundingOnRecovery[?rue]]:LAST[999_KSP-Recall]) KSPCommunityFixes/MMPatches/ModSupport/KSPRecall/@KSP-Recall:HAS[#hasRefundingOnRecovery[?rue]]:LAST[999_KSP-Recall]
[LOG 20:06:21.662] Config(@KSP-Recall:HAS[#hasRefundingOnRecovery]:LAST[999_KSP-Recall]) KSPCommunityFixes/MMPatches/ModSupport/KSPRecall/@KSP-Recall:HAS[#hasRefundingOnRecovery]:LAST[999_KSP-Recall]
[LOG 20:06:21.662] Config(@KSP_COMMUNITY_FIXES:NEEDS[AttachedOnEditor]) KSPCommunityFixes/MMPatches/ModSupport/KSPRecall/@KSP_COMMUNITY_FIXES:NEEDS[AttachedOnEditor]
[LOG 20:06:21.663] Config(@KSP_COMMUNITY_FIXES:NEEDS[UniversalStorage2]) KSPCommunityFixes/MMPatches/ModSupport/UniversalStorage/@KSP_COMMUNITY_FIXES:NEEDS[UniversalStorage2]
[LOG 20:06:21.663] Config(@PART[telescopicLadderBay]:FIRST) KSPCommunityFixes/MMPatches/StockTweaks/LadderToggleableLight/@PART[telescopicLadderBay]:FIRST
[LOG 20:06:21.663] Config(@PART[telescopicLadderBay]:HAS[#LadderToggleableLight[?rue]]:FIRST) KSPCommunityFixes/MMPatches/StockTweaks/LadderToggleableLight/@PART[telescopicLadderBay]:HAS[#LadderToggleableLight[?rue]]:FIRST
[LOG 20:06:21.663] Config(@PART[telescopicLadderBay]:HAS[#LadderToggleableLight]:FIRST) KSPCommunityFixes/MMPatches/StockTweaks/LadderToggleableLight/@PART[telescopicLadderBay]:HAS[#LadderToggleableLight]:FIRST
[LOG 20:06:21.663] Config(@PART[GearSmall]:FIRST) KSPCommunityFixes/MMPatches/StockTweaks/LandingGearLights/@PART[GearSmall]:FIRST
[LOG 20:06:21.663] Config(@PART[SmallGearBay]:FIRST) KSPCommunityFixes/MMPatches/StockTweaks/LandingGearLights/@PART[SmallGearBay]:FIRST
[LOG 20:06:21.663] Config(@PART[sasModule]:FOR[KSPCommunityFixes]) KSPCommunityFixes/MMPatches/StockTweaks/ManufacturerFixes/@PART[sasModule]:FOR[KSPCommunityFixes]
[LOG 20:06:21.663] Config(@PART[xenonTankRadial]:FOR[KSPCommunityFixes]) KSPCommunityFixes/MMPatches/StockTweaks/ManufacturerFixes/@PART[xenonTankRadial]:FOR[KSPCommunityFixes]
[LOG 20:06:21.663] Config(@PART[winglet|fireworksLauncherSmall|fireworksLauncherBig]:FOR[KSPCommunityFixes]) KSPCommunityFixes/MMPatches/StockTweaks/ManufacturerFixes/@PART[winglet|fireworksLauncherSmall|fireworksLauncherBig]:FOR[KSPCommunityFixes]
[LOG 20:06:21.663] Config(@PART[solidBooster_sm_v2|solidBooster_v2]:FOR[KSPCommunityFixes]) KSPCommunityFixes/MMPatches/StockTweaks/ManufacturerFixes/@PART[solidBooster_sm_v2|solidBooster_v2]:FOR[KSPCommunityFixes]
[LOG 20:06:21.663] Config(@PART[ServiceBay_125_v2|ServiceBay_250_v2]:FOR[KSPCommunityFixes]) KSPCommunityFixes/MMPatches/StockTweaks/ManufacturerFixes/@PART[ServiceBay_125_v2|ServiceBay_250_v2]:FOR[KSPCommunityFixes]
[LOG 20:06:21.663] Config(@PART[externalTankCapsule]:FOR[KSPCommunityFixes]) KSPCommunityFixes/MMPatches/StockTweaks/ManufacturerFixes/@PART[externalTankCapsule]:FOR[KSPCommunityFixes]
[LOG 20:06:21.663] Config(@PART[RCSFuelTank|rcsTankMini|RCSTank1-2]:FOR[KSPCommunityFixes]) KSPCommunityFixes/MMPatches/StockTweaks/ManufacturerFixes/@PART[RCSFuelTank|rcsTankMini|RCSTank1-2]:FOR[KSPCommunityFixes]
[LOG 20:06:21.663] Config(@PART[landerCabinSmall]:FOR[KSPCommunityFixes]) KSPCommunityFixes/MMPatches/StockTweaks/ManufacturerFixes/@PART[landerCabinSmall]:FOR[KSPCommunityFixes]
[LOG 20:06:21.663] Config(@PART[dockingPortLateral]:FOR[KSPCommunityFixes]) KSPCommunityFixes/MMPatches/StockTweaks/ManufacturerFixes/@PART[dockingPortLateral]:FOR[KSPCommunityFixes]
[LOG 20:06:21.663] Config(@PART[EnginePlate4]:FOR[KSPCommunityFixes]:NEEDS[SquadExpansion/MakingHistory]) KSPCommunityFixes/MMPatches/StockTweaks/ManufacturerFixes/@PART[EnginePlate4]:FOR[KSPCommunityFixes]:NEEDS[SquadExpansion/MakingHistory]
[LOG 20:06:21.663] Config(@PART[Mk2Pod]:FOR[KSPCommunityFixes]:NEEDS[SquadExpansion/MakingHistory]) KSPCommunityFixes/MMPatches/StockTweaks/ManufacturerFixes/@PART[Mk2Pod]:FOR[KSPCommunityFixes]:NEEDS[SquadExpansion/MakingHistory]
[LOG 20:06:21.663] Config(@PART[evaChute|parachuteSingle|parachuteRadial|radialDrogue|parachuteLarge|parachuteDrogue]:FOR[KSPCommunityFixes]) KSPCommunityFixes/MMPatches/StockTweaks/ManufacturerFixes/@PART[evaChute|parachuteSingle|parachuteRadial|radialDrogue|parachuteLarge|parachuteDrogue]:FOR[KSPCommunityFixes]
[LOG 20:06:21.663] Config(@PART[stackPoint1|dockingPort1|dockingPort2|dockingPort3|dockingPortLarge]:FOR[KSPCommunityFixes]) KSPCommunityFixes/MMPatches/StockTweaks/ManufacturerFixes/@PART[stackPoint1|dockingPort1|dockingPort2|dockingPort3|dockingPortLarge]:FOR[KSPCommunityFixes]
[LOG 20:06:21.663] Config(AGENT) KSPCommunityFixes/MMPatches/StockTweaks/ManufacturerFixes/Clamp-O-Tron
[LOG 20:06:21.663] Config(AGENT) KSPCommunityFixes/MMPatches/StockTweaks/ManufacturerFixes/FreeFall Parachutes
[LOG 20:06:21.663] Config(AGENT) KSPCommunityFixes/MMPatches/StockTweaks/ManufacturerFixes/LightYear Tire Company
[LOG 20:06:21.663] Config(AGENT) KSPCommunityFixes/MMPatches/StockTweaks/ManufacturerFixes/Stratus Corporation
[LOG 20:06:21.663] Config(Localization) KSPCommunityFixes/MMPatches/StockTweaks/ManufacturerFixes/Localization
[LOG 20:06:21.664] Config(AGENT) Squad/Agencies/Agents/C7 Aerospace Division
[LOG 20:06:21.664] Config(AGENT) Squad/Agencies/Agents/Dinkelstein Kerman's Construction Emporium
[LOG 20:06:21.664] Config(AGENT) Squad/Agencies/Agents/Experimental Engineering Group
[LOG 20:06:21.664] Config(AGENT) Squad/Agencies/Agents/FLOOYD Dynamics Research Labs
[LOG 20:06:21.664] Config(AGENT) Squad/Agencies/Agents/Goliath National Products
[LOG 20:06:21.664] Config(AGENT) Squad/Agencies/Agents/Integrated Integrals
[LOG 20:06:21.664] Config(AGENT) Squad/Agencies/Agents/Ionic Symphonic Protonic Electronics
[LOG 20:06:21.664] Config(AGENT) Squad/Agencies/Agents/Jebediah Kerman's Junkyard and Spacecraft Parts Co
[LOG 20:06:21.664] Config(AGENT) Squad/Agencies/Agents/Kerbal Motion LLC
[LOG 20:06:21.664] Config(AGENT) Squad/Agencies/Agents/Kerbin World-Firsts Record-Keeping Society
[LOG 20:06:21.664] Config(AGENT) Squad/Agencies/Agents/Kerbodyne
[LOG 20:06:21.664] Config(AGENT) Squad/Agencies/Agents/Kerlington Model Rockets and Paper Products Inc
[LOG 20:06:21.664] Config(AGENT) Squad/Agencies/Agents/Maxo Construction Toys
[LOG 20:06:21.664] Config(AGENT) Squad/Agencies/Agents/Moving Parts Experts Group
[LOG 20:06:21.664] Config(AGENT) Squad/Agencies/Agents/O.M.B. Demolition Enterprises
[LOG 20:06:21.664] Config(AGENT) Squad/Agencies/Agents/Periapsis Rocket Supplies Co
[LOG 20:06:21.664] Config(AGENT) Squad/Agencies/Agents/Probodobodyne Inc
[LOG 20:06:21.664] Config(AGENT) Squad/Agencies/Agents/Research & Development Department
[LOG 20:06:21.664] Config(AGENT) Squad/Agencies/Agents/Reaction Systems Ltd
[LOG 20:06:21.664] Config(AGENT) Squad/Agencies/Agents/Rockomax Conglomerate
[LOG 20:06:21.664] Config(AGENT) Squad/Agencies/Agents/Rokea Inc
[LOG 20:06:21.664] Config(AGENT) Squad/Agencies/Agents/Sean's Cannery
[LOG 20:06:21.664] Config(AGENT) Squad/Agencies/Agents/STEADLER Engineering Corps
[LOG 20:06:21.664] Config(AGENT) Squad/Agencies/Agents/StrutCo
[LOG 20:06:21.664] Config(AGENT) Squad/Agencies/Agents/Vac-Co Advanced Suction Systems
[LOG 20:06:21.664] Config(AGENT) Squad/Agencies/Agents/WinterOwl Aircraft Emporium
[LOG 20:06:21.664] Config(AGENT) Squad/Agencies/Agents/Zaltonic Electronics
[LOG 20:06:21.664] Config(CONTRACT_CONSTRUCTION_PARTS) Squad/Contracts/constructionContractParts/CONTRACT_CONSTRUCTION_PARTS
[LOG 20:06:21.664] Config(Contracts) Squad/Contracts/Contracts/Contracts
[LOG 20:06:21.665] Config(CONTRACTCRAFT) Squad/Contracts/PrebuiltCraft/prebuiltData/CONTRACTCRAFT
[LOG 20:06:21.665] Config(CONTRACTCRAFT) Squad/Contracts/PrebuiltCraft/OrbitalConstructionContract/orbitalConstructionContractCraft/CONTRACTCRAFT
[LOG 20:06:21.665] Config(CONTRACTCRAFT) Squad/Contracts/PrebuiltCraft/RepairContract/repairContractCraft/CONTRACTCRAFT
[LOG 20:06:21.665] Config(CONTRACTCRAFT) Squad/Contracts/PrebuiltCraft/RoverContract/roverContractCraft/CONTRACTCRAFT
[LOG 20:06:21.665] Config(KEYBOARD_LAYOUT) Squad/Controls/Azerty/#autoLOC_6001233
[LOG 20:06:21.665] Config(PITCH_DOWN) Squad/Controls/Azerty/PITCH_DOWN
[LOG 20:06:21.665] Config(PITCH_UP) Squad/Controls/Azerty/PITCH_UP
[LOG 20:06:21.665] Config(YAW_LEFT) Squad/Controls/Azerty/YAW_LEFT
[LOG 20:06:21.665] Config(YAW_RIGHT) Squad/Controls/Azerty/YAW_RIGHT
[LOG 20:06:21.665] Config(ROLL_LEFT) Squad/Controls/Azerty/ROLL_LEFT
[LOG 20:06:21.665] Config(ROLL_RIGHT) Squad/Controls/Azerty/ROLL_RIGHT
[LOG 20:06:21.665] Config(THROTTLE_UP) Squad/Controls/Azerty/THROTTLE_UP
[LOG 20:06:21.665] Config(THROTTLE_DOWN) Squad/Controls/Azerty/THROTTLE_DOWN
[LOG 20:06:21.665] Config(SAS_HOLD) Squad/Controls/Azerty/SAS_HOLD
[LOG 20:06:21.665] Config(SAS_TOGGLE) Squad/Controls/Azerty/SAS_TOGGLE
[LOG 20:06:21.665] Config(LAUNCH_STAGES) Squad/Controls/Azerty/LAUNCH_STAGES
[LOG 20:06:21.665] Config(Docking_toggleRotLin) Squad/Controls/Azerty/Docking_toggleRotLin
[LOG 20:06:21.665] Config(CAMERA_MODE) Squad/Controls/Azerty/CAMERA_MODE
[LOG 20:06:21.665] Config(CAMERA_NEXT) Squad/Controls/Azerty/CAMERA_NEXT
[LOG 20:06:21.665] Config(PAUSE) Squad/Controls/Azerty/PAUSE
[LOG 20:06:21.665] Config(PRECISION_CTRL) Squad/Controls/Azerty/PRECISION_CTRL
[LOG 20:06:21.665] Config(ZOOM_IN) Squad/Controls/Azerty/ZOOM_IN
[LOG 20:06:21.665] Config(ZOOM_OUT) Squad/Controls/Azerty/ZOOM_OUT
[LOG 20:06:21.665] Config(SCROLL_VIEW_UP) Squad/Controls/Azerty/SCROLL_VIEW_UP
[LOG 20:06:21.665] Config(SCROLL_VIEW_DOWN) Squad/Controls/Azerty/SCROLL_VIEW_DOWN
[LOG 20:06:21.665] Config(SCROLL_ICONS_UP) Squad/Controls/Azerty/SCROLL_ICONS_UP
[LOG 20:06:21.665] Config(SCROLL_ICONS_DOWN) Squad/Controls/Azerty/SCROLL_ICONS_DOWN
[LOG 20:06:21.665] Config(CAMERA_ORBIT_UP) Squad/Controls/Azerty/CAMERA_ORBIT_UP
[LOG 20:06:21.666] Config(CAMERA_ORBIT_DOWN) Squad/Controls/Azerty/CAMERA_ORBIT_DOWN
[LOG 20:06:21.666] Config(CAMERA_ORBIT_LEFT) Squad/Controls/Azerty/CAMERA_ORBIT_LEFT
[LOG 20:06:21.666] Config(CAMERA_ORBIT_RIGHT) Squad/Controls/Azerty/CAMERA_ORBIT_RIGHT
[LOG 20:06:21.666] Config(CAMERA_RESET) Squad/Controls/Azerty/CAMERA_RESET
[LOG 20:06:21.666] Config(CAMERA_MOUSE_TOGGLE) Squad/Controls/Azerty/CAMERA_MOUSE_TOGGLE
[LOG 20:06:21.666] Config(TIME_WARP_INCREASE) Squad/Controls/Azerty/TIME_WARP_INCREASE
[LOG 20:06:21.666] Config(TIME_WARP_DECREASE) Squad/Controls/Azerty/TIME_WARP_DECREASE
[LOG 20:06:21.666] Config(TIME_WARP_STOP) Squad/Controls/Azerty/TIME_WARP_STOP
[LOG 20:06:21.666] Config(MAP_VIEW_TOGGLE) Squad/Controls/Azerty/MAP_VIEW_TOGGLE
[LOG 20:06:21.666] Config(NAVBALL_TOGGLE) Squad/Controls/Azerty/NAVBALL_TOGGLE
[LOG 20:06:21.666] Config(UIMODE_STAGING) Squad/Controls/Azerty/UIMODE_STAGING
[LOG 20:06:21.666] Config(UIMODE_DOCKING) Squad/Controls/Azerty/UIMODE_DOCKING
[LOG 20:06:21.666] Config(TRANSLATE_DOWN) Squad/Controls/Azerty/TRANSLATE_DOWN
[LOG 20:06:21.666] Config(TRANSLATE_UP) Squad/Controls/Azerty/TRANSLATE_UP
[LOG 20:06:21.666] Config(TRANSLATE_LEFT) Squad/Controls/Azerty/TRANSLATE_LEFT
[LOG 20:06:21.666] Config(TRANSLATE_RIGHT) Squad/Controls/Azerty/TRANSLATE_RIGHT
[LOG 20:06:21.666] Config(TRANSLATE_FWD) Squad/Controls/Azerty/TRANSLATE_FWD
[LOG 20:06:21.666] Config(TRANSLATE_BACK) Squad/Controls/Azerty/TRANSLATE_BACK
[LOG 20:06:21.666] Config(RCS_TOGGLE) Squad/Controls/Azerty/RCS_TOGGLE
[LOG 20:06:21.666] Config(FOCUS_NEXT_VESSEL) Squad/Controls/Azerty/FOCUS_NEXT_VESSEL
[LOG 20:06:21.666] Config(FOCUS_PREV_VESSEL) Squad/Controls/Azerty/FOCUS_PREV_VESSEL
[LOG 20:06:21.666] Config(TOGGLE_UI) Squad/Controls/Azerty/TOGGLE_UI
[LOG 20:06:21.666] Config(TOGGLE_STATUS_SCREEN) Squad/Controls/Azerty/TOGGLE_STATUS_SCREEN
[LOG 20:06:21.666] Config(TAKE_SCREENSHOT) Squad/Controls/Azerty/TAKE_SCREENSHOT
[LOG 20:06:21.666] Config(TOGGLE_LABELS) Squad/Controls/Azerty/TOGGLE_LABELS
[LOG 20:06:21.666] Config(TOGGLE_TEMP_GAUGES) Squad/Controls/Azerty/TOGGLE_TEMP_GAUGES
[LOG 20:06:21.666] Config(TOGGLE_TEMP_OVERLAY) Squad/Controls/Azerty/TOGGLE_TEMP_OVERLAY
[LOG 20:06:21.666] Config(TOGGLE_FLIGHT_FORCES) Squad/Controls/Azerty/TOGGLE_FLIGHT_FORCES
[LOG 20:06:21.666] Config(QUICKSAVE) Squad/Controls/Azerty/QUICKSAVE
[LOG 20:06:21.666] Config(QUICKLOAD) Squad/Controls/Azerty/QUICKLOAD
[LOG 20:06:21.667] Config(THROTTLE_CUTOFF) Squad/Controls/Azerty/THROTTLE_CUTOFF
[LOG 20:06:21.667] Config(THROTTLE_FULL) Squad/Controls/Azerty/THROTTLE_FULL
[LOG 20:06:21.667] Config(LANDING_GEAR) Squad/Controls/Azerty/LANDING_GEAR
[LOG 20:06:21.667] Config(HEADLIGHT_TOGGLE) Squad/Controls/Azerty/HEADLIGHT_TOGGLE
[LOG 20:06:21.667] Config(BRAKES) Squad/Controls/Azerty/BRAKES
[LOG 20:06:21.667] Config(TOGGLE_SPACENAV_FLIGHT_CONTROL) Squad/Controls/Azerty/TOGGLE_SPACENAV_FLIGHT_CONTROL
[LOG 20:06:21.667] Config(TOGGLE_SPACENAV_ROLL_LOCK) Squad/Controls/Azerty/TOGGLE_SPACENAV_ROLL_LOCK
[LOG 20:06:21.667] Config(WHEEL_STEER_LEFT) Squad/Controls/Azerty/WHEEL_STEER_LEFT
[LOG 20:06:21.667] Config(WHEEL_STEER_RIGHT) Squad/Controls/Azerty/WHEEL_STEER_RIGHT
[LOG 20:06:21.667] Config(WHEEL_THROTTLE_DOWN) Squad/Controls/Azerty/WHEEL_THROTTLE_DOWN
[LOG 20:06:21.667] Config(WHEEL_THROTTLE_UP) Squad/Controls/Azerty/WHEEL_THROTTLE_UP
[LOG 20:06:21.667] Config(EVA_forward) Squad/Controls/Azerty/EVA_forward
[LOG 20:06:21.667] Config(EVA_back) Squad/Controls/Azerty/EVA_back
[LOG 20:06:21.667] Config(EVA_left) Squad/Controls/Azerty/EVA_left
[LOG 20:06:21.667] Config(EVA_right) Squad/Controls/Azerty/EVA_right
[LOG 20:06:21.667] Config(EVA_yaw_left) Squad/Controls/Azerty/EVA_yaw_left
[LOG 20:06:21.667] Config(EVA_yaw_right) Squad/Controls/Azerty/EVA_yaw_right
[LOG 20:06:21.667] Config(EVA_Pack_forward) Squad/Controls/Azerty/EVA_Pack_forward
[LOG 20:06:21.667] Config(EVA_Pack_back) Squad/Controls/Azerty/EVA_Pack_back
[LOG 20:06:21.667] Config(EVA_Pack_left) Squad/Controls/Azerty/EVA_Pack_left
[LOG 20:06:21.667] Config(EVA_Pack_right) Squad/Controls/Azerty/EVA_Pack_right
[LOG 20:06:21.667] Config(EVA_Pack_up) Squad/Controls/Azerty/EVA_Pack_up
[LOG 20:06:21.667] Config(EVA_Pack_down) Squad/Controls/Azerty/EVA_Pack_down
[LOG 20:06:21.667] Config(EVA_Jump) Squad/Controls/Azerty/EVA_Jump
[LOG 20:06:21.667] Config(EVA_Run) Squad/Controls/Azerty/EVA_Run
[LOG 20:06:21.667] Config(EVA_ToggleMovementMode) Squad/Controls/Azerty/EVA_ToggleMovementMode
[LOG 20:06:21.667] Config(EVA_TogglePack) Squad/Controls/Azerty/EVA_TogglePack
[LOG 20:06:21.667] Config(EVA_Use) Squad/Controls/Azerty/EVA_Use
[LOG 20:06:21.667] Config(EVA_Board) Squad/Controls/Azerty/EVA_Board
[LOG 20:06:21.667] Config(EVA_Orient) Squad/Controls/Azerty/EVA_Orient
[LOG 20:06:21.667] Config(EVA_Lights) Squad/Controls/Azerty/EVA_Lights
[LOG 20:06:21.668] Config(EVA_ChuteDeploy) Squad/Controls/Azerty/EVA_ChuteDeploy
[LOG 20:06:21.668] Config(Editor_pitchUp) Squad/Controls/Azerty/Editor_pitchUp
[LOG 20:06:21.668] Config(Editor_pitchDown) Squad/Controls/Azerty/Editor_pitchDown
[LOG 20:06:21.668] Config(Editor_yawLeft) Squad/Controls/Azerty/Editor_yawLeft
[LOG 20:06:21.668] Config(Editor_yawRight) Squad/Controls/Azerty/Editor_yawRight
[LOG 20:06:21.668] Config(Editor_rollLeft) Squad/Controls/Azerty/Editor_rollLeft
[LOG 20:06:21.668] Config(Editor_rollRight) Squad/Controls/Azerty/Editor_rollRight
[LOG 20:06:21.668] Config(Editor_resetRotation) Squad/Controls/Azerty/Editor_resetRotation
[LOG 20:06:21.668] Config(Editor_modePlace) Squad/Controls/Azerty/Editor_modePlace
[LOG 20:06:21.668] Config(Editor_modeOffset) Squad/Controls/Azerty/Editor_modeOffset
[LOG 20:06:21.668] Config(Editor_modeRotate) Squad/Controls/Azerty/Editor_modeRotate
[LOG 20:06:21.668] Config(Editor_modeRoot) Squad/Controls/Azerty/Editor_modeRoot
[LOG 20:06:21.668] Config(Editor_coordSystem) Squad/Controls/Azerty/Editor_coordSystem
[LOG 20:06:21.668] Config(Editor_toggleSymMethod) Squad/Controls/Azerty/Editor_toggleSymMethod
[LOG 20:06:21.668] Config(Editor_toggleSymMode) Squad/Controls/Azerty/Editor_toggleSymMode
[LOG 20:06:21.668] Config(Editor_toggleAngleSnap) Squad/Controls/Azerty/Editor_toggleAngleSnap
[LOG 20:06:21.668] Config(Editor_fineTweak) Squad/Controls/Azerty/Editor_fineTweak
[LOG 20:06:21.668] Config(Editor_partSearch) Squad/Controls/Azerty/Editor_partSearch
[LOG 20:06:21.668] Config(Editor_zoomScrollModifier) Squad/Controls/Azerty/Editor_zoomScrollModifier
[LOG 20:06:21.668] Config(MODIFIER_KEY) Squad/Controls/Azerty/MODIFIER_KEY
[LOG 20:06:21.668] Config(AbortActionGroup) Squad/Controls/Azerty/AbortActionGroup
[LOG 20:06:21.668] Config(CustomActionGroup1) Squad/Controls/Azerty/CustomActionGroup1
[LOG 20:06:21.668] Config(CustomActionGroup2) Squad/Controls/Azerty/CustomActionGroup2
[LOG 20:06:21.668] Config(CustomActionGroup3) Squad/Controls/Azerty/CustomActionGroup3
[LOG 20:06:21.668] Config(CustomActionGroup4) Squad/Controls/Azerty/CustomActionGroup4
[LOG 20:06:21.668] Config(CustomActionGroup5) Squad/Controls/Azerty/CustomActionGroup5
[LOG 20:06:21.668] Config(CustomActionGroup6) Squad/Controls/Azerty/CustomActionGroup6
[LOG 20:06:21.668] Config(CustomActionGroup7) Squad/Controls/Azerty/CustomActionGroup7
[LOG 20:06:21.668] Config(CustomActionGroup8) Squad/Controls/Azerty/CustomActionGroup8
[LOG 20:06:21.668] Config(CustomActionGroup9) Squad/Controls/Azerty/CustomActionGroup9
[LOG 20:06:21.669] Config(CustomActionGroup10) Squad/Controls/Azerty/CustomActionGroup10
[LOG 20:06:21.669] Config(KEY_MAP) Squad/Controls/Azerty/KEY_MAP
[LOG 20:06:21.669] Config(KEYBOARD_LAYOUT) Squad/Controls/Dvorak/#autoLOC_6001234
[LOG 20:06:21.669] Config(PITCH_DOWN) Squad/Controls/Dvorak/PITCH_DOWN
[LOG 20:06:21.669] Config(PITCH_UP) Squad/Controls/Dvorak/PITCH_UP
[LOG 20:06:21.669] Config(YAW_LEFT) Squad/Controls/Dvorak/YAW_LEFT
[LOG 20:06:21.669] Config(YAW_RIGHT) Squad/Controls/Dvorak/YAW_RIGHT
[LOG 20:06:21.669] Config(ROLL_LEFT) Squad/Controls/Dvorak/ROLL_LEFT
[LOG 20:06:21.669] Config(ROLL_RIGHT) Squad/Controls/Dvorak/ROLL_RIGHT
[LOG 20:06:21.669] Config(THROTTLE_UP) Squad/Controls/Dvorak/THROTTLE_UP
[LOG 20:06:21.669] Config(THROTTLE_DOWN) Squad/Controls/Dvorak/THROTTLE_DOWN
[LOG 20:06:21.669] Config(SAS_HOLD) Squad/Controls/Dvorak/SAS_HOLD
[LOG 20:06:21.669] Config(SAS_TOGGLE) Squad/Controls/Dvorak/SAS_TOGGLE
[LOG 20:06:21.669] Config(LAUNCH_STAGES) Squad/Controls/Dvorak/LAUNCH_STAGES
[LOG 20:06:21.669] Config(Docking_toggleRotLin) Squad/Controls/Dvorak/Docking_toggleRotLin
[LOG 20:06:21.669] Config(CAMERA_MODE) Squad/Controls/Dvorak/CAMERA_MODE
[LOG 20:06:21.669] Config(CAMERA_NEXT) Squad/Controls/Dvorak/CAMERA_NEXT
[LOG 20:06:21.669] Config(PAUSE) Squad/Controls/Dvorak/PAUSE
[LOG 20:06:21.669] Config(PRECISION_CTRL) Squad/Controls/Dvorak/PRECISION_CTRL
[LOG 20:06:21.669] Config(ZOOM_IN) Squad/Controls/Dvorak/ZOOM_IN
[LOG 20:06:21.669] Config(ZOOM_OUT) Squad/Controls/Dvorak/ZOOM_OUT
[LOG 20:06:21.669] Config(SCROLL_VIEW_UP) Squad/Controls/Dvorak/SCROLL_VIEW_UP
[LOG 20:06:21.669] Config(SCROLL_VIEW_DOWN) Squad/Controls/Dvorak/SCROLL_VIEW_DOWN
[LOG 20:06:21.669] Config(SCROLL_ICONS_UP) Squad/Controls/Dvorak/SCROLL_ICONS_UP
[LOG 20:06:21.669] Config(SCROLL_ICONS_DOWN) Squad/Controls/Dvorak/SCROLL_ICONS_DOWN
[LOG 20:06:21.669] Config(CAMERA_ORBIT_UP) Squad/Controls/Dvorak/CAMERA_ORBIT_UP
[LOG 20:06:21.669] Config(CAMERA_ORBIT_DOWN) Squad/Controls/Dvorak/CAMERA_ORBIT_DOWN
[LOG 20:06:21.669] Config(CAMERA_ORBIT_LEFT) Squad/Controls/Dvorak/CAMERA_ORBIT_LEFT
[LOG 20:06:21.669] Config(CAMERA_ORBIT_RIGHT) Squad/Controls/Dvorak/CAMERA_ORBIT_RIGHT
[LOG 20:06:21.669] Config(CAMERA_RESET) Squad/Controls/Dvorak/CAMERA_RESET
[LOG 20:06:21.669] Config(CAMERA_MOUSE_TOGGLE) Squad/Controls/Dvorak/CAMERA_MOUSE_TOGGLE
[LOG 20:06:21.670] Config(TIME_WARP_INCREASE) Squad/Controls/Dvorak/TIME_WARP_INCREASE
[LOG 20:06:21.670] Config(TIME_WARP_DECREASE) Squad/Controls/Dvorak/TIME_WARP_DECREASE
[LOG 20:06:21.670] Config(TIME_WARP_STOP) Squad/Controls/Dvorak/TIME_WARP_STOP
[LOG 20:06:21.670] Config(MAP_VIEW_TOGGLE) Squad/Controls/Dvorak/MAP_VIEW_TOGGLE
[LOG 20:06:21.670] Config(NAVBALL_TOGGLE) Squad/Controls/Dvorak/NAVBALL_TOGGLE
[LOG 20:06:21.670] Config(UIMODE_STAGING) Squad/Controls/Dvorak/UIMODE_STAGING
[LOG 20:06:21.670] Config(UIMODE_DOCKING) Squad/Controls/Dvorak/UIMODE_DOCKING
[LOG 20:06:21.670] Config(TRANSLATE_DOWN) Squad/Controls/Dvorak/TRANSLATE_DOWN
[LOG 20:06:21.670] Config(TRANSLATE_UP) Squad/Controls/Dvorak/TRANSLATE_UP
[LOG 20:06:21.670] Config(TRANSLATE_LEFT) Squad/Controls/Dvorak/TRANSLATE_LEFT
[LOG 20:06:21.670] Config(TRANSLATE_RIGHT) Squad/Controls/Dvorak/TRANSLATE_RIGHT
[LOG 20:06:21.670] Config(TRANSLATE_FWD) Squad/Controls/Dvorak/TRANSLATE_FWD
[LOG 20:06:21.670] Config(TRANSLATE_BACK) Squad/Controls/Dvorak/TRANSLATE_BACK
[LOG 20:06:21.670] Config(RCS_TOGGLE) Squad/Controls/Dvorak/RCS_TOGGLE
[LOG 20:06:21.670] Config(FOCUS_NEXT_VESSEL) Squad/Controls/Dvorak/FOCUS_NEXT_VESSEL
[LOG 20:06:21.670] Config(FOCUS_PREV_VESSEL) Squad/Controls/Dvorak/FOCUS_PREV_VESSEL
[LOG 20:06:21.670] Config(TOGGLE_UI) Squad/Controls/Dvorak/TOGGLE_UI
[LOG 20:06:21.670] Config(TOGGLE_STATUS_SCREEN) Squad/Controls/Dvorak/TOGGLE_STATUS_SCREEN
[LOG 20:06:21.670] Config(TAKE_SCREENSHOT) Squad/Controls/Dvorak/TAKE_SCREENSHOT
[LOG 20:06:21.670] Config(TOGGLE_LABELS) Squad/Controls/Dvorak/TOGGLE_LABELS
[LOG 20:06:21.670] Config(TOGGLE_TEMP_GAUGES) Squad/Controls/Dvorak/TOGGLE_TEMP_GAUGES
[LOG 20:06:21.670] Config(TOGGLE_TEMP_OVERLAY) Squad/Controls/Dvorak/TOGGLE_TEMP_OVERLAY
[LOG 20:06:21.670] Config(TOGGLE_FLIGHT_FORCES) Squad/Controls/Dvorak/TOGGLE_FLIGHT_FORCES
[LOG 20:06:21.670] Config(QUICKSAVE) Squad/Controls/Dvorak/QUICKSAVE
[LOG 20:06:21.670] Config(QUICKLOAD) Squad/Controls/Dvorak/QUICKLOAD
[LOG 20:06:21.670] Config(THROTTLE_CUTOFF) Squad/Controls/Dvorak/THROTTLE_CUTOFF
[LOG 20:06:21.670] Config(THROTTLE_FULL) Squad/Controls/Dvorak/THROTTLE_FULL
[LOG 20:06:21.670] Config(LANDING_GEAR) Squad/Controls/Dvorak/LANDING_GEAR
[LOG 20:06:21.671] Config(HEADLIGHT_TOGGLE) Squad/Controls/Dvorak/HEADLIGHT_TOGGLE
[LOG 20:06:21.671] Config(BRAKES) Squad/Controls/Dvorak/BRAKES
[LOG 20:06:21.671] Config(TOGGLE_SPACENAV_FLIGHT_CONTROL) Squad/Controls/Dvorak/TOGGLE_SPACENAV_FLIGHT_CONTROL
[LOG 20:06:21.671] Config(TOGGLE_SPACENAV_ROLL_LOCK) Squad/Controls/Dvorak/TOGGLE_SPACENAV_ROLL_LOCK
[LOG 20:06:21.671] Config(WHEEL_STEER_LEFT) Squad/Controls/Dvorak/WHEEL_STEER_LEFT
[LOG 20:06:21.671] Config(WHEEL_STEER_RIGHT) Squad/Controls/Dvorak/WHEEL_STEER_RIGHT
[LOG 20:06:21.671] Config(WHEEL_THROTTLE_DOWN) Squad/Controls/Dvorak/WHEEL_THROTTLE_DOWN
[LOG 20:06:21.671] Config(WHEEL_THROTTLE_UP) Squad/Controls/Dvorak/WHEEL_THROTTLE_UP
[LOG 20:06:21.671] Config(EVA_forward) Squad/Controls/Dvorak/EVA_forward
[LOG 20:06:21.671] Config(EVA_back) Squad/Controls/Dvorak/EVA_back
[LOG 20:06:21.671] Config(EVA_left) Squad/Controls/Dvorak/EVA_left
[LOG 20:06:21.671] Config(EVA_right) Squad/Controls/Dvorak/EVA_right
[LOG 20:06:21.671] Config(EVA_yaw_left) Squad/Controls/Dvorak/EVA_yaw_left
[LOG 20:06:21.671] Config(EVA_yaw_right) Squad/Controls/Dvorak/EVA_yaw_right
[LOG 20:06:21.671] Config(EVA_Pack_forward) Squad/Controls/Dvorak/EVA_Pack_forward
[LOG 20:06:21.671] Config(EVA_Pack_back) Squad/Controls/Dvorak/EVA_Pack_back
[LOG 20:06:21.671] Config(EVA_Pack_left) Squad/Controls/Dvorak/EVA_Pack_left
[LOG 20:06:21.671] Config(EVA_Pack_right) Squad/Controls/Dvorak/EVA_Pack_right
[LOG 20:06:21.671] Config(EVA_Pack_up) Squad/Controls/Dvorak/EVA_Pack_up
[LOG 20:06:21.671] Config(EVA_Pack_down) Squad/Controls/Dvorak/EVA_Pack_down
[LOG 20:06:21.671] Config(EVA_Jump) Squad/Controls/Dvorak/EVA_Jump
[LOG 20:06:21.671] Config(EVA_Run) Squad/Controls/Dvorak/EVA_Run
[LOG 20:06:21.671] Config(EVA_ToggleMovementMode) Squad/Controls/Dvorak/EVA_ToggleMovementMode
[LOG 20:06:21.671] Config(EVA_TogglePack) Squad/Controls/Dvorak/EVA_TogglePack
[LOG 20:06:21.671] Config(EVA_Use) Squad/Controls/Dvorak/EVA_Use
[LOG 20:06:21.671] Config(EVA_Board) Squad/Controls/Dvorak/EVA_Board
[LOG 20:06:21.671] Config(EVA_Orient) Squad/Controls/Dvorak/EVA_Orient
[LOG 20:06:21.671] Config(EVA_Lights) Squad/Controls/Dvorak/EVA_Lights
[LOG 20:06:21.671] Config(EVA_ChuteDeploy) Squad/Controls/Dvorak/EVA_ChuteDeploy
[LOG 20:06:21.671] Config(Editor_pitchUp) Squad/Controls/Dvorak/Editor_pitchUp
[LOG 20:06:21.672] Config(Editor_pitchDown) Squad/Controls/Dvorak/Editor_pitchDown
[LOG 20:06:21.672] Config(Editor_yawLeft) Squad/Controls/Dvorak/Editor_yawLeft
[LOG 20:06:21.672] Config(Editor_yawRight) Squad/Controls/Dvorak/Editor_yawRight
[LOG 20:06:21.672] Config(Editor_rollLeft) Squad/Controls/Dvorak/Editor_rollLeft
[LOG 20:06:21.672] Config(Editor_rollRight) Squad/Controls/Dvorak/Editor_rollRight
[LOG 20:06:21.672] Config(Editor_resetRotation) Squad/Controls/Dvorak/Editor_resetRotation
[LOG 20:06:21.672] Config(Editor_modePlace) Squad/Controls/Dvorak/Editor_modePlace
[LOG 20:06:21.672] Config(Editor_modeOffset) Squad/Controls/Dvorak/Editor_modeOffset
[LOG 20:06:21.672] Config(Editor_modeRotate) Squad/Controls/Dvorak/Editor_modeRotate
[LOG 20:06:21.672] Config(Editor_modeRoot) Squad/Controls/Dvorak/Editor_modeRoot
[LOG 20:06:21.672] Config(Editor_coordSystem) Squad/Controls/Dvorak/Editor_coordSystem
[LOG 20:06:21.672] Config(Editor_toggleSymMethod) Squad/Controls/Dvorak/Editor_toggleSymMethod
[LOG 20:06:21.672] Config(Editor_toggleSymMode) Squad/Controls/Dvorak/Editor_toggleSymMode
[LOG 20:06:21.672] Config(Editor_toggleAngleSnap) Squad/Controls/Dvorak/Editor_toggleAngleSnap
[LOG 20:06:21.672] Config(Editor_fineTweak) Squad/Controls/Dvorak/Editor_fineTweak
[LOG 20:06:21.672] Config(Editor_partSearch) Squad/Controls/Dvorak/Editor_partSearch
[LOG 20:06:21.672] Config(Editor_zoomScrollModifier) Squad/Controls/Dvorak/Editor_zoomScrollModifier
[LOG 20:06:21.672] Config(MODIFIER_KEY) Squad/Controls/Dvorak/MODIFIER_KEY
[LOG 20:06:21.672] Config(AbortActionGroup) Squad/Controls/Dvorak/AbortActionGroup
[LOG 20:06:21.672] Config(CustomActionGroup1) Squad/Controls/Dvorak/CustomActionGroup1
[LOG 20:06:21.672] Config(CustomActionGroup2) Squad/Controls/Dvorak/CustomActionGroup2
[LOG 20:06:21.672] Config(CustomActionGroup3) Squad/Controls/Dvorak/CustomActionGroup3
[LOG 20:06:21.672] Config(CustomActionGroup4) Squad/Controls/Dvorak/CustomActionGroup4
[LOG 20:06:21.672] Config(CustomActionGroup5) Squad/Controls/Dvorak/CustomActionGroup5
[LOG 20:06:21.672] Config(CustomActionGroup6) Squad/Controls/Dvorak/CustomActionGroup6
[LOG 20:06:21.672] Config(CustomActionGroup7) Squad/Controls/Dvorak/CustomActionGroup7
[LOG 20:06:21.672] Config(CustomActionGroup8) Squad/Controls/Dvorak/CustomActionGroup8
[LOG 20:06:21.672] Config(CustomActionGroup9) Squad/Controls/Dvorak/CustomActionGroup9
[LOG 20:06:21.672] Config(CustomActionGroup10) Squad/Controls/Dvorak/CustomActionGroup10
[LOG 20:06:21.672] Config(KEY_MAP) Squad/Controls/Dvorak/KEY_MAP
[LOG 20:06:21.672] Config(KEYBOARD_LAYOUT) Squad/Controls/Qwerty/#autoLOC_6001227
[LOG 20:06:21.673] Config(PITCH_DOWN) Squad/Controls/Qwerty/PITCH_DOWN
[LOG 20:06:21.673] Config(PITCH_UP) Squad/Controls/Qwerty/PITCH_UP
[LOG 20:06:21.673] Config(YAW_LEFT) Squad/Controls/Qwerty/YAW_LEFT
[LOG 20:06:21.673] Config(YAW_RIGHT) Squad/Controls/Qwerty/YAW_RIGHT
[LOG 20:06:21.673] Config(ROLL_LEFT) Squad/Controls/Qwerty/ROLL_LEFT
[LOG 20:06:21.673] Config(ROLL_RIGHT) Squad/Controls/Qwerty/ROLL_RIGHT
[LOG 20:06:21.673] Config(THROTTLE_UP) Squad/Controls/Qwerty/THROTTLE_UP
[LOG 20:06:21.673] Config(THROTTLE_DOWN) Squad/Controls/Qwerty/THROTTLE_DOWN
[LOG 20:06:21.673] Config(SAS_HOLD) Squad/Controls/Qwerty/SAS_HOLD
[LOG 20:06:21.673] Config(SAS_TOGGLE) Squad/Controls/Qwerty/SAS_TOGGLE
[LOG 20:06:21.673] Config(LAUNCH_STAGES) Squad/Controls/Qwerty/LAUNCH_STAGES
[LOG 20:06:21.673] Config(Docking_toggleRotLin) Squad/Controls/Qwerty/Docking_toggleRotLin
[LOG 20:06:21.673] Config(CAMERA_MODE) Squad/Controls/Qwerty/CAMERA_MODE
[LOG 20:06:21.673] Config(CAMERA_NEXT) Squad/Controls/Qwerty/CAMERA_NEXT
[LOG 20:06:21.673] Config(PAUSE) Squad/Controls/Qwerty/PAUSE
[LOG 20:06:21.673] Config(PRECISION_CTRL) Squad/Controls/Qwerty/PRECISION_CTRL
[LOG 20:06:21.673] Config(ZOOM_IN) Squad/Controls/Qwerty/ZOOM_IN
[LOG 20:06:21.673] Config(ZOOM_OUT) Squad/Controls/Qwerty/ZOOM_OUT
[LOG 20:06:21.673] Config(SCROLL_VIEW_UP) Squad/Controls/Qwerty/SCROLL_VIEW_UP
[LOG 20:06:21.673] Config(SCROLL_VIEW_DOWN) Squad/Controls/Qwerty/SCROLL_VIEW_DOWN
[LOG 20:06:21.673] Config(SCROLL_ICONS_UP) Squad/Controls/Qwerty/SCROLL_ICONS_UP
[LOG 20:06:21.673] Config(SCROLL_ICONS_DOWN) Squad/Controls/Qwerty/SCROLL_ICONS_DOWN
[LOG 20:06:21.673] Config(CAMERA_ORBIT_UP) Squad/Controls/Qwerty/CAMERA_ORBIT_UP
[LOG 20:06:21.673] Config(CAMERA_ORBIT_DOWN) Squad/Controls/Qwerty/CAMERA_ORBIT_DOWN
[LOG 20:06:21.673] Config(CAMERA_ORBIT_LEFT) Squad/Controls/Qwerty/CAMERA_ORBIT_LEFT
[LOG 20:06:21.673] Config(CAMERA_ORBIT_RIGHT) Squad/Controls/Qwerty/CAMERA_ORBIT_RIGHT
[LOG 20:06:21.673] Config(CAMERA_RESET) Squad/Controls/Qwerty/CAMERA_RESET
[LOG 20:06:21.673] Config(CAMERA_MOUSE_TOGGLE) Squad/Controls/Qwerty/CAMERA_MOUSE_TOGGLE
[LOG 20:06:21.674] Config(TIME_WARP_INCREASE) Squad/Controls/Qwerty/TIME_WARP_INCREASE
[LOG 20:06:21.674] Config(TIME_WARP_DECREASE) Squad/Controls/Qwerty/TIME_WARP_DECREASE
[LOG 20:06:21.674] Config(TIME_WARP_STOP) Squad/Controls/Qwerty/TIME_WARP_STOP
[LOG 20:06:21.674] Config(MAP_VIEW_TOGGLE) Squad/Controls/Qwerty/MAP_VIEW_TOGGLE
[LOG 20:06:21.674] Config(NAVBALL_TOGGLE) Squad/Controls/Qwerty/NAVBALL_TOGGLE
[LOG 20:06:21.674] Config(UIMODE_STAGING) Squad/Controls/Qwerty/UIMODE_STAGING
[LOG 20:06:21.674] Config(UIMODE_DOCKING) Squad/Controls/Qwerty/UIMODE_DOCKING
[LOG 20:06:21.674] Config(TRANSLATE_DOWN) Squad/Controls/Qwerty/TRANSLATE_DOWN
[LOG 20:06:21.674] Config(TRANSLATE_UP) Squad/Controls/Qwerty/TRANSLATE_UP
[LOG 20:06:21.674] Config(TRANSLATE_LEFT) Squad/Controls/Qwerty/TRANSLATE_LEFT
[LOG 20:06:21.674] Config(TRANSLATE_RIGHT) Squad/Controls/Qwerty/TRANSLATE_RIGHT
[LOG 20:06:21.674] Config(TRANSLATE_FWD) Squad/Controls/Qwerty/TRANSLATE_FWD
[LOG 20:06:21.674] Config(TRANSLATE_BACK) Squad/Controls/Qwerty/TRANSLATE_BACK
[LOG 20:06:21.674] Config(RCS_TOGGLE) Squad/Controls/Qwerty/RCS_TOGGLE
[LOG 20:06:21.674] Config(FOCUS_NEXT_VESSEL) Squad/Controls/Qwerty/FOCUS_NEXT_VESSEL
[LOG 20:06:21.674] Config(FOCUS_PREV_VESSEL) Squad/Controls/Qwerty/FOCUS_PREV_VESSEL
[LOG 20:06:21.674] Config(TOGGLE_UI) Squad/Controls/Qwerty/TOGGLE_UI
[LOG 20:06:21.674] Config(TOGGLE_STATUS_SCREEN) Squad/Controls/Qwerty/TOGGLE_STATUS_SCREEN
[LOG 20:06:21.674] Config(TAKE_SCREENSHOT) Squad/Controls/Qwerty/TAKE_SCREENSHOT
[LOG 20:06:21.674] Config(TOGGLE_LABELS) Squad/Controls/Qwerty/TOGGLE_LABELS
[LOG 20:06:21.674] Config(TOGGLE_TEMP_GAUGES) Squad/Controls/Qwerty/TOGGLE_TEMP_GAUGES
[LOG 20:06:21.674] Config(TOGGLE_TEMP_OVERLAY) Squad/Controls/Qwerty/TOGGLE_TEMP_OVERLAY
[LOG 20:06:21.674] Config(TOGGLE_FLIGHT_FORCES) Squad/Controls/Qwerty/TOGGLE_FLIGHT_FORCES
[LOG 20:06:21.674] Config(QUICKSAVE) Squad/Controls/Qwerty/QUICKSAVE
[LOG 20:06:21.674] Config(QUICKLOAD) Squad/Controls/Qwerty/QUICKLOAD
[LOG 20:06:21.674] Config(THROTTLE_CUTOFF) Squad/Controls/Qwerty/THROTTLE_CUTOFF
[LOG 20:06:21.674] Config(THROTTLE_FULL) Squad/Controls/Qwerty/THROTTLE_FULL
[LOG 20:06:21.674] Config(LANDING_GEAR) Squad/Controls/Qwerty/LANDING_GEAR
[LOG 20:06:21.674] Config(HEADLIGHT_TOGGLE) Squad/Controls/Qwerty/HEADLIGHT_TOGGLE
[LOG 20:06:21.674] Config(BRAKES) Squad/Controls/Qwerty/BRAKES
[LOG 20:06:21.674] Config(TOGGLE_SPACENAV_FLIGHT_CONTROL) Squad/Controls/Qwerty/TOGGLE_SPACENAV_FLIGHT_CONTROL
[LOG 20:06:21.675] Config(TOGGLE_SPACENAV_ROLL_LOCK) Squad/Controls/Qwerty/TOGGLE_SPACENAV_ROLL_LOCK
[LOG 20:06:21.675] Config(WHEEL_STEER_LEFT) Squad/Controls/Qwerty/WHEEL_STEER_LEFT
[LOG 20:06:21.675] Config(WHEEL_STEER_RIGHT) Squad/Controls/Qwerty/WHEEL_STEER_RIGHT
[LOG 20:06:21.675] Config(WHEEL_THROTTLE_DOWN) Squad/Controls/Qwerty/WHEEL_THROTTLE_DOWN
[LOG 20:06:21.675] Config(WHEEL_THROTTLE_UP) Squad/Controls/Qwerty/WHEEL_THROTTLE_UP
[LOG 20:06:21.675] Config(EVA_forward) Squad/Controls/Qwerty/EVA_forward
[LOG 20:06:21.675] Config(EVA_back) Squad/Controls/Qwerty/EVA_back
[LOG 20:06:21.675] Config(EVA_left) Squad/Controls/Qwerty/EVA_left
[LOG 20:06:21.675] Config(EVA_right) Squad/Controls/Qwerty/EVA_right
[LOG 20:06:21.675] Config(EVA_yaw_left) Squad/Controls/Qwerty/EVA_yaw_left
[LOG 20:06:21.675] Config(EVA_yaw_right) Squad/Controls/Qwerty/EVA_yaw_right
[LOG 20:06:21.675] Config(EVA_Pack_forward) Squad/Controls/Qwerty/EVA_Pack_forward
[LOG 20:06:21.675] Config(EVA_Pack_back) Squad/Controls/Qwerty/EVA_Pack_back
[LOG 20:06:21.675] Config(EVA_Pack_left) Squad/Controls/Qwerty/EVA_Pack_left
[LOG 20:06:21.675] Config(EVA_Pack_right) Squad/Controls/Qwerty/EVA_Pack_right
[LOG 20:06:21.675] Config(EVA_Pack_up) Squad/Controls/Qwerty/EVA_Pack_up
[LOG 20:06:21.675] Config(EVA_Pack_down) Squad/Controls/Qwerty/EVA_Pack_down
[LOG 20:06:21.675] Config(EVA_Jump) Squad/Controls/Qwerty/EVA_Jump
[LOG 20:06:21.675] Config(EVA_Run) Squad/Controls/Qwerty/EVA_Run
[LOG 20:06:21.675] Config(EVA_ToggleMovementMode) Squad/Controls/Qwerty/EVA_ToggleMovementMode
[LOG 20:06:21.675] Config(EVA_TogglePack) Squad/Controls/Qwerty/EVA_TogglePack
[LOG 20:06:21.675] Config(EVA_Use) Squad/Controls/Qwerty/EVA_Use
[LOG 20:06:21.675] Config(EVA_Board) Squad/Controls/Qwerty/EVA_Board
[LOG 20:06:21.675] Config(EVA_Orient) Squad/Controls/Qwerty/EVA_Orient
[LOG 20:06:21.675] Config(EVA_Lights) Squad/Controls/Qwerty/EVA_Lights
[LOG 20:06:21.675] Config(EVA_ChuteDeploy) Squad/Controls/Qwerty/EVA_ChuteDeploy
[LOG 20:06:21.675] Config(Editor_pitchUp) Squad/Controls/Qwerty/Editor_pitchUp
[LOG 20:06:21.675] Config(Editor_pitchDown) Squad/Controls/Qwerty/Editor_pitchDown
[LOG 20:06:21.675] Config(Editor_yawLeft) Squad/Controls/Qwerty/Editor_yawLeft
[LOG 20:06:21.675] Config(Editor_yawRight) Squad/Controls/Qwerty/Editor_yawRight
[LOG 20:06:21.676] Config(Editor_rollLeft) Squad/Controls/Qwerty/Editor_rollLeft
[LOG 20:06:21.676] Config(Editor_rollRight) Squad/Controls/Qwerty/Editor_rollRight
[LOG 20:06:21.676] Config(Editor_resetRotation) Squad/Controls/Qwerty/Editor_resetRotation
[LOG 20:06:21.676] Config(Editor_modePlace) Squad/Controls/Qwerty/Editor_modePlace
[LOG 20:06:21.676] Config(Editor_modeOffset) Squad/Controls/Qwerty/Editor_modeOffset
[LOG 20:06:21.676] Config(Editor_modeRotate) Squad/Controls/Qwerty/Editor_modeRotate
[LOG 20:06:21.676] Config(Editor_modeRoot) Squad/Controls/Qwerty/Editor_modeRoot
[LOG 20:06:21.676] Config(Editor_coordSystem) Squad/Controls/Qwerty/Editor_coordSystem
[LOG 20:06:21.676] Config(Editor_toggleSymMethod) Squad/Controls/Qwerty/Editor_toggleSymMethod
[LOG 20:06:21.676] Config(Editor_toggleSymMode) Squad/Controls/Qwerty/Editor_toggleSymMode
[LOG 20:06:21.676] Config(Editor_toggleAngleSnap) Squad/Controls/Qwerty/Editor_toggleAngleSnap
[LOG 20:06:21.676] Config(Editor_fineTweak) Squad/Controls/Qwerty/Editor_fineTweak
[LOG 20:06:21.676] Config(Editor_partSearch) Squad/Controls/Qwerty/Editor_partSearch
[LOG 20:06:21.676] Config(Editor_zoomScrollModifier) Squad/Controls/Qwerty/Editor_zoomScrollModifier
[LOG 20:06:21.676] Config(MODIFIER_KEY) Squad/Controls/Qwerty/MODIFIER_KEY
[LOG 20:06:21.676] Config(AbortActionGroup) Squad/Controls/Qwerty/AbortActionGroup
[LOG 20:06:21.676] Config(CustomActionGroup1) Squad/Controls/Qwerty/CustomActionGroup1
[LOG 20:06:21.676] Config(CustomActionGroup2) Squad/Controls/Qwerty/CustomActionGroup2
[LOG 20:06:21.676] Config(CustomActionGroup3) Squad/Controls/Qwerty/CustomActionGroup3
[LOG 20:06:21.676] Config(CustomActionGroup4) Squad/Controls/Qwerty/CustomActionGroup4
[LOG 20:06:21.676] Config(CustomActionGroup5) Squad/Controls/Qwerty/CustomActionGroup5
[LOG 20:06:21.676] Config(CustomActionGroup6) Squad/Controls/Qwerty/CustomActionGroup6
[LOG 20:06:21.676] Config(CustomActionGroup7) Squad/Controls/Qwerty/CustomActionGroup7
[LOG 20:06:21.676] Config(CustomActionGroup8) Squad/Controls/Qwerty/CustomActionGroup8
[LOG 20:06:21.676] Config(CustomActionGroup9) Squad/Controls/Qwerty/CustomActionGroup9
[LOG 20:06:21.676] Config(CustomActionGroup10) Squad/Controls/Qwerty/CustomActionGroup10
[LOG 20:06:21.676] Config(KEY_MAP) Squad/Controls/Qwerty/KEY_MAP
[LOG 20:06:21.676] Config(KEYBOARD_LAYOUT) Squad/Controls/Qwerty_en-GB/#autoLOC_6001228
[LOG 20:06:21.676] Config(KEY_MAP) Squad/Controls/Qwerty_en-GB/KEY_MAP
[LOG 20:06:21.676] Config(KEYBOARD_LAYOUT) Squad/Controls/Qwerty_es-LA/#autoLOC_6001229
[LOG 20:06:21.676] Config(CAMERA_MOUSE_TOGGLE) Squad/Controls/Qwerty_es-LA/CAMERA_MOUSE_TOGGLE
[LOG 20:06:21.677] Config(TIME_WARP_STOP) Squad/Controls/Qwerty_es-LA/TIME_WARP_STOP
[LOG 20:06:21.677] Config(FOCUS_NEXT_VESSEL) Squad/Controls/Qwerty_es-LA/FOCUS_NEXT_VESSEL
[LOG 20:06:21.677] Config(FOCUS_PREV_VESSEL) Squad/Controls/Qwerty_es-LA/FOCUS_PREV_VESSEL
[LOG 20:06:21.677] Config(CAMERA_RESET) Squad/Controls/Qwerty_es-LA/CAMERA_RESET
[LOG 20:06:21.677] Config(Editor_partSearch) Squad/Controls/Qwerty_es-LA/Editor_partSearch
[LOG 20:06:21.677] Config(KEY_MAP) Squad/Controls/Qwerty_es-LA/KEY_MAP
[LOG 20:06:21.677] Config(KEYBOARD_LAYOUT) Squad/Controls/Qwerty_it-IT/#autoLOC_6001230
[LOG 20:06:21.677] Config(FOCUS_NEXT_VESSEL) Squad/Controls/Qwerty_it-IT/FOCUS_NEXT_VESSEL
[LOG 20:06:21.677] Config(FOCUS_PREV_VESSEL) Squad/Controls/Qwerty_it-IT/FOCUS_PREV_VESSEL
[LOG 20:06:21.677] Config(CAMERA_MOUSE_TOGGLE) Squad/Controls/Qwerty_it-IT/CAMERA_MOUSE_TOGGLE
[LOG 20:06:21.677] Config(TIME_WARP_STOP) Squad/Controls/Qwerty_it-IT/TIME_WARP_STOP
[LOG 20:06:21.677] Config(CAMERA_RESET) Squad/Controls/Qwerty_it-IT/CAMERA_RESET
[LOG 20:06:21.677] Config(Editor_partSearch) Squad/Controls/Qwerty_it-IT/Editor_partSearch
[LOG 20:06:21.677] Config(KEY_MAP) Squad/Controls/Qwerty_it-IT/KEY_MAP
[LOG 20:06:21.677] Config(KEYBOARD_LAYOUT) Squad/Controls/Qwerty_ja-JP/#autoLOC_6001231
[LOG 20:06:21.677] Config(FOCUS_NEXT_VESSEL) Squad/Controls/Qwerty_ja-JP/FOCUS_NEXT_VESSEL
[LOG 20:06:21.677] Config(FOCUS_PREV_VESSEL) Squad/Controls/Qwerty_ja-JP/FOCUS_PREV_VESSEL
[LOG 20:06:21.677] Config(PRECISION_CTRL) Squad/Controls/Qwerty_ja-JP/PRECISION_CTRL
[LOG 20:06:21.677] Config(CAMERA_MOUSE_TOGGLE) Squad/Controls/Qwerty_ja-JP/CAMERA_MOUSE_TOGGLE
[LOG 20:06:21.677] Config(Editor_partSearch) Squad/Controls/Qwerty_ja-JP/Editor_partSearch
[LOG 20:06:21.677] Config(CAMERA_RESET) Squad/Controls/Qwerty_ja-JP/CAMERA_RESET
[LOG 20:06:21.677] Config(KEY_MAP) Squad/Controls/Qwerty_ja-JP/KEY_MAP
[LOG 20:06:21.677] Config(KEYBOARD_LAYOUT) Squad/Controls/Qwerty_pt-PT/#autoLOC_6001230
[LOG 20:06:21.677] Config(FOCUS_NEXT_VESSEL) Squad/Controls/Qwerty_pt-PT/FOCUS_NEXT_VESSEL
[LOG 20:06:21.677] Config(FOCUS_PREV_VESSEL) Squad/Controls/Qwerty_pt-PT/FOCUS_PREV_VESSEL
[LOG 20:06:21.677] Config(CAMERA_MOUSE_TOGGLE) Squad/Controls/Qwerty_pt-PT/CAMERA_MOUSE_TOGGLE
[LOG 20:06:21.677] Config(TIME_WARP_STOP) Squad/Controls/Qwerty_pt-PT/TIME_WARP_STOP
[LOG 20:06:21.677] Config(CAMERA_RESET) Squad/Controls/Qwerty_pt-PT/CAMERA_RESET
[LOG 20:06:21.677] Config(Editor_partSearch) Squad/Controls/Qwerty_pt-PT/Editor_partSearch
[LOG 20:06:21.677] Config(KEY_MAP) Squad/Controls/Qwerty_pt-PT/KEY_MAP
[LOG 20:06:21.678] Config(KEYBOARD_LAYOUT) Squad/Controls/Qwertz/#autoLOC_6001232
[LOG 20:06:21.678] Config(PITCH_DOWN) Squad/Controls/Qwertz/PITCH_DOWN
[LOG 20:06:21.678] Config(PITCH_UP) Squad/Controls/Qwertz/PITCH_UP
[LOG 20:06:21.678] Config(YAW_LEFT) Squad/Controls/Qwertz/YAW_LEFT
[LOG 20:06:21.678] Config(YAW_RIGHT) Squad/Controls/Qwertz/YAW_RIGHT
[LOG 20:06:21.678] Config(ROLL_LEFT) Squad/Controls/Qwertz/ROLL_LEFT
[LOG 20:06:21.678] Config(ROLL_RIGHT) Squad/Controls/Qwertz/ROLL_RIGHT
[LOG 20:06:21.678] Config(THROTTLE_UP) Squad/Controls/Qwertz/THROTTLE_UP
[LOG 20:06:21.678] Config(THROTTLE_DOWN) Squad/Controls/Qwertz/THROTTLE_DOWN
[LOG 20:06:21.678] Config(SAS_HOLD) Squad/Controls/Qwertz/SAS_HOLD
[LOG 20:06:21.678] Config(SAS_TOGGLE) Squad/Controls/Qwertz/SAS_TOGGLE
[LOG 20:06:21.678] Config(LAUNCH_STAGES) Squad/Controls/Qwertz/LAUNCH_STAGES
[LOG 20:06:21.678] Config(Docking_toggleRotLin) Squad/Controls/Qwertz/Docking_toggleRotLin
[LOG 20:06:21.678] Config(CAMERA_MODE) Squad/Controls/Qwertz/CAMERA_MODE
[LOG 20:06:21.678] Config(CAMERA_NEXT) Squad/Controls/Qwertz/CAMERA_NEXT
[LOG 20:06:21.678] Config(PAUSE) Squad/Controls/Qwertz/PAUSE
[LOG 20:06:21.678] Config(PRECISION_CTRL) Squad/Controls/Qwertz/PRECISION_CTRL
[LOG 20:06:21.678] Config(ZOOM_IN) Squad/Controls/Qwertz/ZOOM_IN
[LOG 20:06:21.678] Config(ZOOM_OUT) Squad/Controls/Qwertz/ZOOM_OUT
[LOG 20:06:21.678] Config(SCROLL_VIEW_UP) Squad/Controls/Qwertz/SCROLL_VIEW_UP
[LOG 20:06:21.678] Config(SCROLL_VIEW_DOWN) Squad/Controls/Qwertz/SCROLL_VIEW_DOWN
[LOG 20:06:21.678] Config(SCROLL_ICONS_UP) Squad/Controls/Qwertz/SCROLL_ICONS_UP
[LOG 20:06:21.678] Config(SCROLL_ICONS_DOWN) Squad/Controls/Qwertz/SCROLL_ICONS_DOWN
[LOG 20:06:21.678] Config(CAMERA_ORBIT_UP) Squad/Controls/Qwertz/CAMERA_ORBIT_UP
[LOG 20:06:21.678] Config(CAMERA_ORBIT_DOWN) Squad/Controls/Qwertz/CAMERA_ORBIT_DOWN
[LOG 20:06:21.678] Config(CAMERA_ORBIT_LEFT) Squad/Controls/Qwertz/CAMERA_ORBIT_LEFT
[LOG 20:06:21.678] Config(CAMERA_ORBIT_RIGHT) Squad/Controls/Qwertz/CAMERA_ORBIT_RIGHT
[LOG 20:06:21.678] Config(CAMERA_RESET) Squad/Controls/Qwertz/CAMERA_RESET
[LOG 20:06:21.678] Config(CAMERA_MOUSE_TOGGLE) Squad/Controls/Qwertz/CAMERA_MOUSE_TOGGLE
[LOG 20:06:21.678] Config(TIME_WARP_INCREASE) Squad/Controls/Qwertz/TIME_WARP_INCREASE
[LOG 20:06:21.678] Config(TIME_WARP_DECREASE) Squad/Controls/Qwertz/TIME_WARP_DECREASE
[LOG 20:06:21.679] Config(TIME_WARP_STOP) Squad/Controls/Qwertz/TIME_WARP_STOP
[LOG 20:06:21.679] Config(MAP_VIEW_TOGGLE) Squad/Controls/Qwertz/MAP_VIEW_TOGGLE
[LOG 20:06:21.679] Config(NAVBALL_TOGGLE) Squad/Controls/Qwertz/NAVBALL_TOGGLE
[LOG 20:06:21.679] Config(UIMODE_STAGING) Squad/Controls/Qwertz/UIMODE_STAGING
[LOG 20:06:21.679] Config(UIMODE_DOCKING) Squad/Controls/Qwertz/UIMODE_DOCKING
[LOG 20:06:21.679] Config(TRANSLATE_DOWN) Squad/Controls/Qwertz/TRANSLATE_DOWN
[LOG 20:06:21.679] Config(TRANSLATE_UP) Squad/Controls/Qwertz/TRANSLATE_UP
[LOG 20:06:21.679] Config(TRANSLATE_LEFT) Squad/Controls/Qwertz/TRANSLATE_LEFT
[LOG 20:06:21.679] Config(TRANSLATE_RIGHT) Squad/Controls/Qwertz/TRANSLATE_RIGHT
[LOG 20:06:21.679] Config(TRANSLATE_FWD) Squad/Controls/Qwertz/TRANSLATE_FWD
[LOG 20:06:21.679] Config(TRANSLATE_BACK) Squad/Controls/Qwertz/TRANSLATE_BACK
[LOG 20:06:21.679] Config(RCS_TOGGLE) Squad/Controls/Qwertz/RCS_TOGGLE
[LOG 20:06:21.679] Config(FOCUS_NEXT_VESSEL) Squad/Controls/Qwertz/FOCUS_NEXT_VESSEL
[LOG 20:06:21.679] Config(FOCUS_PREV_VESSEL) Squad/Controls/Qwertz/FOCUS_PREV_VESSEL
[LOG 20:06:21.679] Config(TOGGLE_UI) Squad/Controls/Qwertz/TOGGLE_UI
[LOG 20:06:21.679] Config(TOGGLE_STATUS_SCREEN) Squad/Controls/Qwertz/TOGGLE_STATUS_SCREEN
[LOG 20:06:21.679] Config(TAKE_SCREENSHOT) Squad/Controls/Qwertz/TAKE_SCREENSHOT
[LOG 20:06:21.679] Config(TOGGLE_LABELS) Squad/Controls/Qwertz/TOGGLE_LABELS
[LOG 20:06:21.679] Config(TOGGLE_TEMP_GAUGES) Squad/Controls/Qwertz/TOGGLE_TEMP_GAUGES
[LOG 20:06:21.679] Config(TOGGLE_TEMP_OVERLAY) Squad/Controls/Qwertz/TOGGLE_TEMP_OVERLAY
[LOG 20:06:21.679] Config(TOGGLE_FLIGHT_FORCES) Squad/Controls/Qwertz/TOGGLE_FLIGHT_FORCES
[LOG 20:06:21.679] Config(QUICKSAVE) Squad/Controls/Qwertz/QUICKSAVE
[LOG 20:06:21.679] Config(QUICKLOAD) Squad/Controls/Qwertz/QUICKLOAD
[LOG 20:06:21.679] Config(THROTTLE_CUTOFF) Squad/Controls/Qwertz/THROTTLE_CUTOFF
[LOG 20:06:21.679] Config(THROTTLE_FULL) Squad/Controls/Qwertz/THROTTLE_FULL
[LOG 20:06:21.679] Config(LANDING_GEAR) Squad/Controls/Qwertz/LANDING_GEAR
[LOG 20:06:21.679] Config(HEADLIGHT_TOGGLE) Squad/Controls/Qwertz/HEADLIGHT_TOGGLE
[LOG 20:06:21.679] Config(BRAKES) Squad/Controls/Qwertz/BRAKES
[LOG 20:06:21.679] Config(TOGGLE_SPACENAV_FLIGHT_CONTROL) Squad/Controls/Qwertz/TOGGLE_SPACENAV_FLIGHT_CONTROL
[LOG 20:06:21.679] Config(TOGGLE_SPACENAV_ROLL_LOCK) Squad/Controls/Qwertz/TOGGLE_SPACENAV_ROLL_LOCK
[LOG 20:06:21.680] Config(WHEEL_STEER_LEFT) Squad/Controls/Qwertz/WHEEL_STEER_LEFT
[LOG 20:06:21.680] Config(WHEEL_STEER_RIGHT) Squad/Controls/Qwertz/WHEEL_STEER_RIGHT
[LOG 20:06:21.680] Config(WHEEL_THROTTLE_DOWN) Squad/Controls/Qwertz/WHEEL_THROTTLE_DOWN
[LOG 20:06:21.680] Config(WHEEL_THROTTLE_UP) Squad/Controls/Qwertz/WHEEL_THROTTLE_UP
[LOG 20:06:21.680] Config(EVA_forward) Squad/Controls/Qwertz/EVA_forward
[LOG 20:06:21.680] Config(EVA_back) Squad/Controls/Qwertz/EVA_back
[LOG 20:06:21.680] Config(EVA_left) Squad/Controls/Qwertz/EVA_left
[LOG 20:06:21.680] Config(EVA_right) Squad/Controls/Qwertz/EVA_right
[LOG 20:06:21.680] Config(EVA_yaw_left) Squad/Controls/Qwertz/EVA_yaw_left
[LOG 20:06:21.680] Config(EVA_yaw_right) Squad/Controls/Qwertz/EVA_yaw_right
[LOG 20:06:21.680] Config(EVA_Pack_forward) Squad/Controls/Qwertz/EVA_Pack_forward
[LOG 20:06:21.680] Config(EVA_Pack_back) Squad/Controls/Qwertz/EVA_Pack_back
[LOG 20:06:21.680] Config(EVA_Pack_left) Squad/Controls/Qwertz/EVA_Pack_left
[LOG 20:06:21.680] Config(EVA_Pack_right) Squad/Controls/Qwertz/EVA_Pack_right
[LOG 20:06:21.680] Config(EVA_Pack_up) Squad/Controls/Qwertz/EVA_Pack_up
[LOG 20:06:21.680] Config(EVA_Pack_down) Squad/Controls/Qwertz/EVA_Pack_down
[LOG 20:06:21.680] Config(EVA_Jump) Squad/Controls/Qwertz/EVA_Jump
[LOG 20:06:21.680] Config(EVA_Run) Squad/Controls/Qwertz/EVA_Run
[LOG 20:06:21.680] Config(EVA_ToggleMovementMode) Squad/Controls/Qwertz/EVA_ToggleMovementMode
[LOG 20:06:21.680] Config(EVA_TogglePack) Squad/Controls/Qwertz/EVA_TogglePack
[LOG 20:06:21.680] Config(EVA_Use) Squad/Controls/Qwertz/EVA_Use
[LOG 20:06:21.680] Config(EVA_Board) Squad/Controls/Qwertz/EVA_Board
[LOG 20:06:21.680] Config(EVA_Orient) Squad/Controls/Qwertz/EVA_Orient
[LOG 20:06:21.680] Config(EVA_Lights) Squad/Controls/Qwertz/EVA_Lights
[LOG 20:06:21.680] Config(Editor_pitchUp) Squad/Controls/Qwertz/Editor_pitchUp
[LOG 20:06:21.680] Config(Editor_pitchDown) Squad/Controls/Qwertz/Editor_pitchDown
[LOG 20:06:21.680] Config(Editor_yawLeft) Squad/Controls/Qwertz/Editor_yawLeft
[LOG 20:06:21.680] Config(Editor_yawRight) Squad/Controls/Qwertz/Editor_yawRight
[LOG 20:06:21.680] Config(Editor_rollLeft) Squad/Controls/Qwertz/Editor_rollLeft
[LOG 20:06:21.680] Config(Editor_rollRight) Squad/Controls/Qwertz/Editor_rollRight
[LOG 20:06:21.680] Config(Editor_resetRotation) Squad/Controls/Qwertz/Editor_resetRotation
[LOG 20:06:21.681] Config(Editor_modePlace) Squad/Controls/Qwertz/Editor_modePlace
[LOG 20:06:21.681] Config(Editor_modeOffset) Squad/Controls/Qwertz/Editor_modeOffset
[LOG 20:06:21.681] Config(Editor_modeRotate) Squad/Controls/Qwertz/Editor_modeRotate
[LOG 20:06:21.681] Config(Editor_modeRoot) Squad/Controls/Qwertz/Editor_modeRoot
[LOG 20:06:21.681] Config(Editor_coordSystem) Squad/Controls/Qwertz/Editor_coordSystem
[LOG 20:06:21.681] Config(Editor_toggleSymMethod) Squad/Controls/Qwertz/Editor_toggleSymMethod
[LOG 20:06:21.681] Config(Editor_toggleSymMode) Squad/Controls/Qwertz/Editor_toggleSymMode
[LOG 20:06:21.681] Config(Editor_toggleAngleSnap) Squad/Controls/Qwertz/Editor_toggleAngleSnap
[LOG 20:06:21.681] Config(Editor_fineTweak) Squad/Controls/Qwertz/Editor_fineTweak
[LOG 20:06:21.681] Config(Editor_partSearch) Squad/Controls/Qwertz/Editor_partSearch
[LOG 20:06:21.681] Config(Editor_zoomScrollModifier) Squad/Controls/Qwertz/Editor_zoomScrollModifier
[LOG 20:06:21.681] Config(MODIFIER_KEY) Squad/Controls/Qwertz/MODIFIER_KEY
[LOG 20:06:21.681] Config(AbortActionGroup) Squad/Controls/Qwertz/AbortActionGroup
[LOG 20:06:21.681] Config(CustomActionGroup1) Squad/Controls/Qwertz/CustomActionGroup1
[LOG 20:06:21.681] Config(CustomActionGroup2) Squad/Controls/Qwertz/CustomActionGroup2
[LOG 20:06:21.681] Config(CustomActionGroup3) Squad/Controls/Qwertz/CustomActionGroup3
[LOG 20:06:21.681] Config(CustomActionGroup4) Squad/Controls/Qwertz/CustomActionGroup4
[LOG 20:06:21.681] Config(CustomActionGroup5) Squad/Controls/Qwertz/CustomActionGroup5
[LOG 20:06:21.681] Config(CustomActionGroup6) Squad/Controls/Qwertz/CustomActionGroup6
[LOG 20:06:21.681] Config(CustomActionGroup7) Squad/Controls/Qwertz/CustomActionGroup7
[LOG 20:06:21.681] Config(CustomActionGroup8) Squad/Controls/Qwertz/CustomActionGroup8
[LOG 20:06:21.681] Config(CustomActionGroup9) Squad/Controls/Qwertz/CustomActionGroup9
[LOG 20:06:21.681] Config(CustomActionGroup10) Squad/Controls/Qwertz/CustomActionGroup10
[LOG 20:06:21.681] Config(KEY_MAP) Squad/Controls/Qwertz/KEY_MAP
[LOG 20:06:21.681] Config(EXPERIENCE_TRAIT) Squad/Experience/Traits/Pilot
[LOG 20:06:21.681] Config(EXPERIENCE_TRAIT) Squad/Experience/Traits/Engineer
[LOG 20:06:21.681] Config(EXPERIENCE_TRAIT) Squad/Experience/Traits/Scientist
[LOG 20:06:21.681] Config(EXPERIENCE_TRAIT) Squad/Experience/Traits/Tourist
[LOG 20:06:21.681] Config(Localization) Squad/Localization/dictionary/Localization
[LOG 20:06:21.682] Config(MISSIONPACK) Squad/Missions/MissionPacks/squad_ESA
[LOG 20:06:21.682] Config(VARIANTTHEME) Squad/Parts/VariantThemes/White
[LOG 20:06:21.682] Config(VARIANTTHEME) Squad/Parts/VariantThemes/BlackAndWhite
[LOG 20:06:21.682] Config(VARIANTTHEME) Squad/Parts/VariantThemes/GrayAndOrange
[LOG 20:06:21.682] Config(VARIANTTHEME) Squad/Parts/VariantThemes/Dark
[LOG 20:06:21.682] Config(VARIANTTHEME) Squad/Parts/VariantThemes/Gray
[LOG 20:06:21.682] Config(VARIANTTHEME) Squad/Parts/VariantThemes/Orange
[LOG 20:06:21.682] Config(VARIANTTHEME) Squad/Parts/VariantThemes/Gold
[LOG 20:06:21.682] Config(VARIANTTHEME) Squad/Parts/VariantThemes/Bare
[LOG 20:06:21.682] Config(VARIANTTHEME) Squad/Parts/VariantThemes/Shroud
[LOG 20:06:21.682] Config(VARIANTTHEME) Squad/Parts/VariantThemes/GrayAndWhite
[LOG 20:06:21.682] Config(VARIANTTHEME) Squad/Parts/VariantThemes/YellowAndWhite
[LOG 20:06:21.682] Config(VARIANTTHEME) Squad/Parts/VariantThemes/Silver
[LOG 20:06:21.682] Config(VARIANTTHEME) Squad/Parts/VariantThemes/Gray with Stripes
[LOG 20:06:21.682] Config(PART) Squad/Parts/Aero/aerodynamicNoseCone/aerodynamicNoseCone/noseCone
[LOG 20:06:21.682] Config(PART) Squad/Parts/Aero/airbrake/Airbrake/airbrake1
[LOG 20:06:21.682] Config(PART) Squad/Parts/Aero/airIntakeRadialXM-G50/airIntakeRadialXM-G50/airScoop
[LOG 20:06:21.682] Config(PART) Squad/Parts/Aero/airlinerWings/ControlSurface/airlinerCtrlSrf
[LOG 20:06:21.682] Config(PART) Squad/Parts/Aero/airlinerWings/MainWing/airlinerMainWing
[LOG 20:06:21.682] Config(PART) Squad/Parts/Aero/airlinerWings/TailFin/airlinerTailFin
[LOG 20:06:21.682] Config(PART) Squad/Parts/Aero/airplaneFins/advancedCanard/AdvancedCanard
[LOG 20:06:21.682] Config(PART) Squad/Parts/Aero/airplaneFins/standardCanard/CanardController
[LOG 20:06:21.682] Config(PART) Squad/Parts/Aero/airplaneFins/sweptWing/sweptWing
[LOG 20:06:21.682] Config(PART) Squad/Parts/Aero/airplaneFins/tailfin/tailfin
[LOG 20:06:21.682] Config(PART) Squad/Parts/Aero/basicFin/basicFin/basicFin
[LOG 20:06:21.683] Config(PART) Squad/Parts/Aero/circularIntake/circularIntake/CircularIntake
[LOG 20:06:21.683] Config(PART) Squad/Parts/Aero/circularIntake/intakeShockCone/shockConeIntake
[LOG 20:06:21.683] Config(PART) Squad/Parts/Aero/cones/avionicsNoseCone/avionicsNoseCone
[LOG 20:06:21.683] Config(PART) Squad/Parts/Aero/cones/ConeA/pointyNoseConeA
[LOG 20:06:21.683] Config(PART) Squad/Parts/Aero/cones/ConeB/pointyNoseConeB
[LOG 20:06:21.683] Config(PART) Squad/Parts/Aero/cones/noseConeAdapter/noseConeAdapter
[LOG 20:06:21.683] Config(PART) Squad/Parts/Aero/cones/protectiveRocketNoseMk7_v2/rocketNoseCone_v2
[LOG 20:06:21.683] Config(PART) Squad/Parts/Aero/cones/protectiveRocketNoseMk7_v3/rocketNoseCone_v3
[LOG 20:06:21.683] Config(PART) Squad/Parts/Aero/cones/rocketNoseCone_size3/rocketNoseConeSize3
[LOG 20:06:21.683] Config(PART) Squad/Parts/Aero/cones/smallNoseCone/standardNoseCone
[LOG 20:06:21.683] Config(PART) Squad/Parts/Aero/cones/tailConnectorA/airplaneTail
[LOG 20:06:21.683] Config(PART) Squad/Parts/Aero/cones/tailConnectorB/airplaneTailB
[LOG 20:06:21.683] Config(PART) Squad/Parts/Aero/fairings/fairingSize1/fairingSize1
[LOG 20:06:21.683] Config(PART) Squad/Parts/Aero/fairings/fairingSize2/fairingSize2
[LOG 20:06:21.683] Config(PART) Squad/Parts/Aero/fairings/fairingSize3/fairingSize3
[LOG 20:06:21.683] Config(PART) Squad/Parts/Aero/HeatShield/HeatShield0/HeatShield0
[LOG 20:06:21.683] Config(PART) Squad/Parts/Aero/HeatShield/HeatShield1/HeatShield1
[LOG 20:06:21.683] Config(PART) Squad/Parts/Aero/HeatShield/HeatShield2/HeatShield2
[LOG 20:06:21.683] Config(PART) Squad/Parts/Aero/HeatShield/HeatShield3/HeatShield3
[LOG 20:06:21.683] Config(PART) Squad/Parts/Aero/InflatableHeatShield/HeatShield/InflatableHeatShield
[LOG 20:06:21.683] Config(PART) Squad/Parts/Aero/intakeRadialLong/intakeRadialLong/IntakeRadialLong
[LOG 20:06:21.683] Config(PART) Squad/Parts/Aero/miniIntake/SmallIntake/miniIntake
[LOG 20:06:21.683] Config(PART) Squad/Parts/Aero/ramAirIntake/ramAirIntake/ramAirIntake
[LOG 20:06:21.683] Config(PART) Squad/Parts/Aero/shuttleWings/delta/wingShuttleDelta
[LOG 20:06:21.683] Config(PART) Squad/Parts/Aero/shuttleWings/elevon1/wingShuttleElevon1
[LOG 20:06:21.683] Config(PART) Squad/Parts/Aero/shuttleWings/elevon2/wingShuttleElevon2
[LOG 20:06:21.684] Config(PART) Squad/Parts/Aero/shuttleWings/rudder/wingShuttleRudder
[LOG 20:06:21.684] Config(PART) Squad/Parts/Aero/shuttleWings/strake/wingShuttleStrake
[LOG 20:06:21.684] Config(PART) Squad/Parts/Aero/wingletAV-R8/wingletAV-R8/R8winglet
[LOG 20:06:21.684] Config(PART) Squad/Parts/Aero/wingletAV-T1/wingletAV-T1/winglet
[LOG 20:06:21.684] Config(PART) Squad/Parts/Aero/wingletDeltaDeluxe/wingletDeltaDeluxe/winglet3
[LOG 20:06:21.684] Config(PART) Squad/Parts/Aero/wings/connector1/wingConnector
[LOG 20:06:21.684] Config(PART) Squad/Parts/Aero/wings/connector2/wingConnector2
[LOG 20:06:21.684] Config(PART) Squad/Parts/Aero/wings/connector3/wingConnector3
[LOG 20:06:21.684] Config(PART) Squad/Parts/Aero/wings/connector4/wingConnector4
[LOG 20:06:21.684] Config(PART) Squad/Parts/Aero/wings/connector5/wingConnector5
[LOG 20:06:21.684] Config(PART) Squad/Parts/Aero/wings/delta/deltaWing
[LOG 20:06:21.684] Config(PART) Squad/Parts/Aero/wings/delta_small/delta_small
[LOG 20:06:21.684] Config(PART) Squad/Parts/Aero/wings/elevon1/StandardCtrlSrf
[LOG 20:06:21.684] Config(PART) Squad/Parts/Aero/wings/elevon2/elevon2
[LOG 20:06:21.684] Config(PART) Squad/Parts/Aero/wings/elevon3/elevon3
[LOG 20:06:21.684] Config(PART) Squad/Parts/Aero/wings/elevon4/smallCtrlSrf
[LOG 20:06:21.684] Config(PART) Squad/Parts/Aero/wings/elevon5/elevon5
[LOG 20:06:21.684] Config(PART) Squad/Parts/Aero/wings/strake/wingStrake
[LOG 20:06:21.684] Config(PART) Squad/Parts/Aero/wings/structural1/structuralWing
[LOG 20:06:21.684] Config(PART) Squad/Parts/Aero/wings/structural2/structuralWing2
[LOG 20:06:21.684] Config(PART) Squad/Parts/Aero/wings/structural3/structuralWing3
[LOG 20:06:21.684] Config(PART) Squad/Parts/Aero/wings/structural4/structuralWing4
[LOG 20:06:21.684] Config(PART) Squad/Parts/Aero/wings/swept1/sweptWing1
[LOG 20:06:21.684] Config(PART) Squad/Parts/Aero/wings/swept2/sweptWing2
[LOG 20:06:21.684] Config(PART) Squad/Parts/Cargo/CargoContainers/cargoContainer/cargoContainer
[LOG 20:06:21.684] Config(PART) Squad/Parts/Cargo/CargoContainers/smallCargoContainer/smallCargoContainer
[LOG 20:06:21.685] Config(PART) Squad/Parts/Cargo/Cylinder/Cylinder/evaCylinder
[LOG 20:06:21.685] Config(PART) Squad/Parts/Cargo/GroundAnchor/groundAnchor/groundAnchor
[LOG 20:06:21.685] Config(PART) Squad/Parts/Cargo/Jetpack/Jetpack/evaJetpack
[LOG 20:06:21.685] Config(PART) Squad/Parts/Cargo/Parachute/Parachute/evaChute
[LOG 20:06:21.685] Config(PART) Squad/Parts/Cargo/RepairKit/RepairKit/evaRepairKit
[LOG 20:06:21.685] Config(PART) Squad/Parts/Cargo/ScienceKit/evaScienceKit/evaScienceKit
[LOG 20:06:21.685] Config(PART) Squad/Parts/Cargo/StorageUnits/CargoStorageUnit/CargoStorageUnit
[LOG 20:06:21.685] Config(PART) Squad/Parts/Cargo/StorageUnits/ConformalStorageUnit/ConformalStorageUnit
[LOG 20:06:21.685] Config(PART) Squad/Parts/Command/advancedSasModuleLarge/advSasModuleLarge/asasmodule1-2
[LOG 20:06:21.685] Config(PART) Squad/Parts/Command/cupola/cupola/cupola
[LOG 20:06:21.685] Config(PART) Squad/Parts/Command/externalCommandSeat/externalCommandSeat/seatExternalCmd
[LOG 20:06:21.685] Config(PART) Squad/Parts/Command/hitchhikerStorageContainer/hitchikerStorageContainer/crewCabin
[LOG 20:06:21.685] Config(PART) Squad/Parts/Command/inlineAdvancedStabilizer/inlineAdvancedStabilizer/advSasModule
[LOG 20:06:21.685] Config(PART) Squad/Parts/Command/inlineReactionWheel/inlineReactionWheel/sasModule
[LOG 20:06:21.685] Config(PART) Squad/Parts/Command/Mk1-3Pod/mk1-3/mk1-3pod
[LOG 20:06:21.685] Config(PART) Squad/Parts/Command/mk1Cockpits/mk1Cockpit/Mark1Cockpit
[LOG 20:06:21.685] Config(PART) Squad/Parts/Command/mk1Cockpits/mk1CrewCabin/MK1CrewCabin
[LOG 20:06:21.685] Config(PART) Squad/Parts/Command/mk1Cockpits/mk1InlineCockpit/Mark2Cockpit
[LOG 20:06:21.685] Config(PART) Squad/Parts/Command/mk1LanderCan/mk1LanderCan/landerCabinSmall
[LOG 20:06:21.685] Config(PART) Squad/Parts/Command/mk1pod_v2/mk1Pod_v2/mk1pod_v2
[LOG 20:06:21.685] Config(PART) Squad/Parts/Command/mk2CockpitInline/mk2CockpitInline/mk2Cockpit_Inline
[LOG 20:06:21.685] Config(PART) Squad/Parts/Command/mk2CockpitStandard/mk2CockpitStandard/mk2Cockpit_Standard
[LOG 20:06:21.685] Config(PART) Squad/Parts/Command/mk2DroneCore/mk2Dronecore/mk2DroneCore
[LOG 20:06:21.685] Config(PART) Squad/Parts/Command/mk2LanderCan/mk2LanderCan/mk2LanderCabin
[LOG 20:06:21.685] Config(PART) Squad/Parts/Command/mk2LanderCan_v2/mk2LanderCan_v2/mk2LanderCabin_v2
[LOG 20:06:21.685] Config(PART) Squad/Parts/Command/mk3CockpitShuttle/mk3CockpitShuttle/mk3Cockpit_Shuttle
[LOG 20:06:21.686] Config(PART) Squad/Parts/Command/MpoProbe/MpoProbe/MpoProbe
[LOG 20:06:21.686] Config(PART) Squad/Parts/Command/MtmStage/MTM_Stage/MtmStage
[LOG 20:06:21.686] Config(PART) Squad/Parts/Command/probeCoreCube/probeCoreCube/probeCoreCube
[LOG 20:06:21.686] Config(PART) Squad/Parts/Command/probeCoreHex/probeCoreHex/probeCoreHex
[LOG 20:06:21.686] Config(PART) Squad/Parts/Command/probeCoreHex_v2/probeCoreHex_v2/probeCoreHex_v2
[LOG 20:06:21.686] Config(PART) Squad/Parts/Command/probeCoreOcto2_v2/probeCoreOcto2_v2/probeCoreOcto2_v2
[LOG 20:06:21.686] Config(PART) Squad/Parts/Command/probeCoreOcto_v2/probeCoreOcto_v2/probeCoreOcto_v2
[LOG 20:06:21.686] Config(PART) Squad/Parts/Command/probeRoverBody/probeRoverBody/roverBody
[LOG 20:06:21.686] Config(PART) Squad/Parts/Command/probeRoverBody_v2/probeRoverBody_v2/roverBody_v2
[LOG 20:06:21.686] Config(PART) Squad/Parts/Command/probeStackLarge/probeStackLarge/probeStackLarge
[LOG 20:06:21.686] Config(PART) Squad/Parts/Command/probeStackSmall/probeStackSmall/probeStackSmall
[LOG 20:06:21.686] Config(PART) Squad/Parts/Command/probeStackSphere_v2/probeStackSphere_v2/probeCoreSphere_v2
[LOG 20:06:21.686] Config(PART) Squad/Parts/CompoundParts/FuelLine/fuelLine/fuelLine
[LOG 20:06:21.686] Config(PART) Squad/Parts/CompoundParts/strutConnector/strutConnector/strutConnector
[LOG 20:06:21.686] Config(PART) Squad/Parts/Coupling/Decoupler_0/Decoupler_0
[LOG 20:06:21.686] Config(PART) Squad/Parts/Coupling/Decoupler_1/Decoupler_1
[LOG 20:06:21.686] Config(PART) Squad/Parts/Coupling/Decoupler_2/Decoupler_2
[LOG 20:06:21.686] Config(PART) Squad/Parts/Coupling/Decoupler_3/Decoupler_3
[LOG 20:06:21.686] Config(PART) Squad/Parts/Coupling/Separator_0/Separator_0
[LOG 20:06:21.686] Config(PART) Squad/Parts/Coupling/Separator_1/Separator_1
[LOG 20:06:21.686] Config(PART) Squad/Parts/Coupling/Separator_2/Separator_2
[LOG 20:06:21.686] Config(PART) Squad/Parts/Coupling/Separator_3/Separator_3
[LOG 20:06:21.686] Config(PART) Squad/Parts/Electrical/10CSolarPanels/OX-10C/solarPanelOX10C
[LOG 20:06:21.686] Config(PART) Squad/Parts/Electrical/10CSolarPanels/SP-10C/solarPanelSP10C
[LOG 20:06:21.686] Config(PART) Squad/Parts/Electrical/10LSolarPanels/OX-10L/solarPanelOX10L
[LOG 20:06:21.686] Config(PART) Squad/Parts/Electrical/10LSolarPanels/SP-10L/solarPanelSP10L
[LOG 20:06:21.687] Config(PART) Squad/Parts/Electrical/1x6ShroudSolarPanels/1x6ShroudSolarPanels/solarPanels2
[LOG 20:06:21.687] Config(PART) Squad/Parts/Electrical/1x6SolarPanels/1x6SolarPanels/solarPanels4
[LOG 20:06:21.687] Config(PART) Squad/Parts/Electrical/3x2ShroudSolarPanels/3x2ShroudSolarPanels/solarPanels1
[LOG 20:06:21.687] Config(PART) Squad/Parts/Electrical/3x2SolarPanels/3x2SolarPanels/solarPanels3
[LOG 20:06:21.687] Config(PART) Squad/Parts/Electrical/gigantorXlSolarArray/gigantorXlSolarArray/largeSolarPanel
[LOG 20:06:21.687] Config(PART) Squad/Parts/Electrical/radialFlatSolarPanel/radialFlatSolarPanel/solarPanels5
[LOG 20:06:21.687] Config(PART) Squad/Parts/Electrical/RTG/RTG/rtg
[LOG 20:06:21.687] Config(PART) Squad/Parts/Electrical/z-100Battery/z-100Battery/batteryPack
[LOG 20:06:21.687] Config(PART) Squad/Parts/Electrical/z-1kBattery/z-1kBattery/batteryBank
[LOG 20:06:21.687] Config(PART) Squad/Parts/Electrical/z-200Battery/z-200Battery/batteryBankMini
[LOG 20:06:21.687] Config(PART) Squad/Parts/Electrical/z-400Battery/z-400Battery/ksp_r_largeBatteryPack
[LOG 20:06:21.687] Config(PART) Squad/Parts/Electrical/z-4kBattery/z-4kBattery/batteryBankLarge
[LOG 20:06:21.687] Config(PART) Squad/Parts/Engine/ionEngine/ionEngine/ionEngine
[LOG 20:06:21.687] Config(PART) Squad/Parts/Engine/jetEngines/jetEngineAfterburning/turboJet
[LOG 20:06:21.687] Config(PART) Squad/Parts/Engine/jetEngines/jetEngineBasic/JetEngine
[LOG 20:06:21.687] Config(PART) Squad/Parts/Engine/jetEngines/jetEngineBig/turboFanSize2
[LOG 20:06:21.687] Config(PART) Squad/Parts/Engine/jetEngines/jetEngineTurbo/turboFanEngine
[LOG 20:06:21.687] Config(PART) Squad/Parts/Engine/liquidEngine24-77/liquidEngine24-77/smallRadialEngine
[LOG 20:06:21.687] Config(PART) Squad/Parts/Engine/liquidEngine24-77_v2/liquidEngine24-77_v2/smallRadialEngine_v2
[LOG 20:06:21.687] Config(PART) Squad/Parts/Engine/liquidEngine48-7S_v2/liquidEngine48-7S_v2/liquidEngineMini_v2
[LOG 20:06:21.687] Config(PART) Squad/Parts/Engine/liquidEngineAerospike/liquidEngineAerospike/toroidalAerospike
[LOG 20:06:21.687] Config(PART) Squad/Parts/Engine/liquidEngineLV-1_v2/liquidEngineLV-1R _v2/radialEngineMini_v2
[LOG 20:06:21.687] Config(PART) Squad/Parts/Engine/liquidEngineLV-1_v2/liquidEngineLV-1_v2/microEngine_v2
[LOG 20:06:21.687] Config(PART) Squad/Parts/Engine/liquidEngineLV-909_v2/liquidEngineLV-909_v2/liquidEngine3_v2
[LOG 20:06:21.687] Config(PART) Squad/Parts/Engine/liquidEngineLV-N/liquidEngineLV-N/nuclearEngine
[LOG 20:06:21.688] Config(PART) Squad/Parts/Engine/liquidEngineLV-T30/liquidEngineLV-T30/liquidEngine
[LOG 20:06:21.688] Config(PART) Squad/Parts/Engine/liquidEngineLV-T30_v2/liquidEngineLV-T30_v2/liquidEngine_v2
[LOG 20:06:21.688] Config(PART) Squad/Parts/Engine/liquidEngineLV-T45/liquidEngineLV-T45/liquidEngine2
[LOG 20:06:21.688] Config(PART) Squad/Parts/Engine/liquidEngineLV-T45_v2/liquidEngineLV-T45_v2/liquidEngine2_v2
[LOG 20:06:21.688] Config(PART) Squad/Parts/Engine/liquidEngineMainsail_v2/liquidEngineMainsail_v2/liquidEngineMainsail_v2
[LOG 20:06:21.688] Config(PART) Squad/Parts/Engine/liquidEngineMk55/liquidEngineMk55/radialLiquidEngine1-2
[LOG 20:06:21.688] Config(PART) Squad/Parts/Engine/liquidEnginePoodle_v2/liquidEnginePoodle_v2/liquidEngine2-2_v2
[LOG 20:06:21.688] Config(PART) Squad/Parts/Engine/liquidEngineSkipper_v2/skipperLiquidEngine_v2/engineLargeSkipper_v2
[LOG 20:06:21.688] Config(PART) Squad/Parts/Engine/liquidEngineSSME/SSME/SSME
[LOG 20:06:21.688] Config(PART) Squad/Parts/Engine/MassiveSRB/part/MassiveBooster
[LOG 20:06:21.688] Config(PART) Squad/Parts/Engine/miniJet/SmallJetEngine/miniJetEngine
[LOG 20:06:21.688] Config(PART) Squad/Parts/Engine/OMSEngine/omsEngine/omsEngine
[LOG 20:06:21.688] Config(PART) Squad/Parts/Engine/rapierEngine/rapierEngine/RAPIER
[LOG 20:06:21.688] Config(PART) Squad/Parts/Engine/Size1_SRBs/solidBoosterRT-10_v2/solidBooster_v2
[LOG 20:06:21.688] Config(PART) Squad/Parts/Engine/Size1_SRBs/solidBoosterRT-5_v2/solidBooster_sm_v2
[LOG 20:06:21.688] Config(PART) Squad/Parts/Engine/Size2LFB/part/Size2LFB
[LOG 20:06:21.688] Config(PART) Squad/Parts/Engine/Size2LFB_v2/part/Size2LFB_v2
[LOG 20:06:21.688] Config(PART) Squad/Parts/Engine/Size3AdvancedEngine/part/Size3AdvancedEngine
[LOG 20:06:21.688] Config(PART) Squad/Parts/Engine/Size3EngineCluster/part/Size3EngineCluster
[LOG 20:06:21.688] Config(PART) Squad/Parts/Engine/solidBoosterBACC/solidBoosterBACC/solidBooster1-1
[LOG 20:06:21.688] Config(PART) Squad/Parts/Engine/solidBoosterS2-17/solidBoosterS2-17/Thoroughbred
[LOG 20:06:21.688] Config(PART) Squad/Parts/Engine/solidBoosterS2-33/solidBoosterS2-33/Clydesdale
[LOG 20:06:21.689] Config(PART) Squad/Parts/Engine/solidBoosterSep/solidBoosterSep/sepMotor1
[LOG 20:06:21.689] Config(PART) Squad/Parts/Engine/SolidBoostersF/SolidBoosterF3S0/Shrimp
[LOG 20:06:21.689] Config(PART) Squad/Parts/Engine/SolidBoostersF/SolidBoosterFM1/Mite
[LOG 20:06:21.689] Config(PART) Squad/Parts/FuelTank/adapterTanks/Mk3-Mk2/adapterMk3-Mk2
[LOG 20:06:21.689] Config(PART) Squad/Parts/FuelTank/adapterTanks/Mk3-ShuttleAdapter/adapterEngines
[LOG 20:06:21.689] Config(PART) Squad/Parts/FuelTank/adapterTanks/Mk3-Size2/adapterMk3-Size2
[LOG 20:06:21.689] Config(PART) Squad/Parts/FuelTank/adapterTanks/Mk3-Size2Slant/adapterMk3-Size2Slant
[LOG 20:06:21.689] Config(PART) Squad/Parts/FuelTank/adapterTanks/Size2-Mk2/adapterSize2-Mk2
[LOG 20:06:21.689] Config(PART) Squad/Parts/FuelTank/adapterTanks/Size2-Size1/adapterSize2-Size1
[LOG 20:06:21.689] Config(PART) Squad/Parts/FuelTank/adapterTanks/Size2-Size1Slant/adapterSize2-Size1Slant
[LOG 20:06:21.689] Config(PART) Squad/Parts/FuelTank/adapterTanks/Size3-Mk3/adapterSize3-Mk3
[LOG 20:06:21.689] Config(PART) Squad/Parts/FuelTank/drainTankFTE-1/ReleaseValve/ReleaseValve
[LOG 20:06:21.689] Config(PART) Squad/Parts/FuelTank/FoilTanks/RadialTank_Capsule/externalTankCapsule
[LOG 20:06:21.689] Config(PART) Squad/Parts/FuelTank/FoilTanks/RadialTank_Round/externalTankRound
[LOG 20:06:21.689] Config(PART) Squad/Parts/FuelTank/FoilTanks/ToroidTank/externalTankToroid
[LOG 20:06:21.689] Config(PART) Squad/Parts/FuelTank/fuelTankOscarB/fuelTankOscarB/miniFuelTank
[LOG 20:06:21.689] Config(PART) Squad/Parts/FuelTank/miniFuselage/miniFuselage/miniFuselage
[LOG 20:06:21.689] Config(PART) Squad/Parts/FuelTank/mk2Adapters/bicoupler/mk2_1m_Bicoupler
[LOG 20:06:21.689] Config(PART) Squad/Parts/FuelTank/mk2Adapters/long/mk2_1m_AdapterLong
[LOG 20:06:21.689] Config(PART) Squad/Parts/FuelTank/mk2Adapters/standard/mk2SpacePlaneAdapter
[LOG 20:06:21.689] Config(PART) Squad/Parts/FuelTank/mk2FuselageLong/LFO_long/mk2FuselageLongLFO
[LOG 20:06:21.689] Config(PART) Squad/Parts/FuelTank/mk2FuselageLong/L_long/mk2Fuselage
[LOG 20:06:21.689] Config(PART) Squad/Parts/FuelTank/mk2FuselageShort/LFO_short/mk2FuselageShortLFO
[LOG 20:06:21.689] Config(PART) Squad/Parts/FuelTank/mk2FuselageShort/L_short/mk2FuselageShortLiquid
[LOG 20:06:21.689] Config(PART) Squad/Parts/FuelTank/mk2FuselageShort/Mono_short/mk2FuselageShortMono
[LOG 20:06:21.689] Config(PART) Squad/Parts/FuelTank/mk3Fuselage/CREW/mk3CrewCabin
[LOG 20:06:21.689] Config(PART) Squad/Parts/FuelTank/mk3Fuselage/LFO_100/mk3FuselageLFO_100
[LOG 20:06:21.689] Config(PART) Squad/Parts/FuelTank/mk3Fuselage/LFO_25/mk3FuselageLFO_25
[LOG 20:06:21.690] Config(PART) Squad/Parts/FuelTank/mk3Fuselage/LFO_50/mk3FuselageLFO_50
[LOG 20:06:21.690] Config(PART) Squad/Parts/FuelTank/mk3Fuselage/LF_100/mk3FuselageLF_100
[LOG 20:06:21.690] Config(PART) Squad/Parts/FuelTank/mk3Fuselage/LF_25/mk3FuselageLF_25
[LOG 20:06:21.690] Config(PART) Squad/Parts/FuelTank/mk3Fuselage/LF_50/mk3FuselageLF_50
[LOG 20:06:21.690] Config(PART) Squad/Parts/FuelTank/mk3Fuselage/MONO/mk3FuselageMONO
[LOG 20:06:21.690] Config(PART) Squad/Parts/FuelTank/RCSFuelTankR1/RCSFuelTankR1/RCSTank1-2
[LOG 20:06:21.690] Config(PART) Squad/Parts/FuelTank/RCSFuelTankR10/RCSFuelTankR10/rcsTankMini
[LOG 20:06:21.690] Config(PART) Squad/Parts/FuelTank/RCSFuelTankR25/RCSFuelTankR25/RCSFuelTank
[LOG 20:06:21.690] Config(PART) Squad/Parts/FuelTank/RCSTankRadial/radialRCSTank/radialRCSTank
[LOG 20:06:21.690] Config(PART) Squad/Parts/FuelTank/RCStankRadialLong/RCSTankRadialLong/rcsTankRadialLong
[LOG 20:06:21.690] Config(PART) Squad/Parts/FuelTank/RockomaxTanks/Rockomax16/Rockomax16_BW
[LOG 20:06:21.690] Config(PART) Squad/Parts/FuelTank/RockomaxTanks/Rockomax32/Rockomax32_BW
[LOG 20:06:21.690] Config(PART) Squad/Parts/FuelTank/RockomaxTanks/Rockomax64/Rockomax64_BW
[LOG 20:06:21.690] Config(PART) Squad/Parts/FuelTank/RockomaxTanks/Rockomax8/Rockomax8BW
[LOG 20:06:21.690] Config(PART) Squad/Parts/FuelTank/Size1_Tanks/fuelTankT100/fuelTankSmallFlat
[LOG 20:06:21.690] Config(PART) Squad/Parts/FuelTank/Size1_Tanks/fuelTankT200/fuelTankSmall
[LOG 20:06:21.690] Config(PART) Squad/Parts/FuelTank/Size1_Tanks/fuelTankT400/fuelTank
[LOG 20:06:21.690] Config(PART) Squad/Parts/FuelTank/Size1_Tanks/fuelTankT800/fuelTank_long
[LOG 20:06:21.690] Config(PART) Squad/Parts/FuelTank/Size3Tanks/large/Size3LargeTank
[LOG 20:06:21.690] Config(PART) Squad/Parts/FuelTank/Size3Tanks/medium/Size3MediumTank
[LOG 20:06:21.690] Config(PART) Squad/Parts/FuelTank/Size3Tanks/small/Size3SmallTank
[LOG 20:06:21.690] Config(PART) Squad/Parts/FuelTank/xenonTank/xenonTank/xenonTank
[LOG 20:06:21.690] Config(PART) Squad/Parts/FuelTank/xenonTankLarge/xenonTankLarge/xenonTankLarge
[LOG 20:06:21.690] Config(PART) Squad/Parts/FuelTank/xenonTankRadial/xenonTankRadial/xenonTankRadial
[LOG 20:06:21.690] Config(PART) Squad/Parts/Misc/AsteroidDay/CamSat/InfraredTelescope
[LOG 20:06:21.690] Config(PART) Squad/Parts/Misc/AsteroidDay/HECS2/HECS2_ProbeCore
[LOG 20:06:21.690] Config(PART) Squad/Parts/Misc/AsteroidDay/HighGainAntenna/HighGainAntenna
[LOG 20:06:21.690] Config(PART) Squad/Parts/Misc/AsteroidDay/LgRadialSolar/LgRadialSolarPanel
[LOG 20:06:21.691] Config(PART) Squad/Parts/Misc/PotatoComet/part/PotatoComet
[LOG 20:06:21.691] Config(PART) Squad/Parts/Misc/PotatoRoid/part/PotatoRoid
[LOG 20:06:21.691] Config(PART) Squad/Parts/Prebuilt/flag/flag
[LOG 20:06:21.691] Config(PART) Squad/Parts/Prebuilt/kerbalEVA/kerbalEVA
[LOG 20:06:21.691] Config(PART) Squad/Parts/Prebuilt/kerbalEVAfemale/kerbalEVAfemale
[LOG 20:06:21.691] Config(PART) Squad/Parts/Prebuilt/kerbalEVASlimSuit/kerbalEVASlimSuit
[LOG 20:06:21.691] Config(PART) Squad/Parts/Prebuilt/kerbalEVASlimSuitFemale/kerbalEVASlimSuitFemale
[LOG 20:06:21.691] Config(PART) Squad/Parts/Resources/FuelCell/FuelCell/FuelCell
[LOG 20:06:21.691] Config(PART) Squad/Parts/Resources/FuelCell/FuelCellArray/FuelCellArray
[LOG 20:06:21.691] Config(PART) Squad/Parts/Resources/ISRU/ISRU/ISRU
[LOG 20:06:21.691] Config(PART) Squad/Parts/Resources/LargeTank/LargeTank/LargeTank
[LOG 20:06:21.691] Config(PART) Squad/Parts/Resources/MiniDrill/MiniDrill/MiniDrill
[LOG 20:06:21.691] Config(PART) Squad/Parts/Resources/MiniISRU/MiniISRU/MiniISRU
[LOG 20:06:21.691] Config(PART) Squad/Parts/Resources/OrbitalScanner/OrbitalScanner/OrbitalScanner
[LOG 20:06:21.691] Config(PART) Squad/Parts/Resources/RadialDrill/RadialDrill/RadialDrill
[LOG 20:06:21.691] Config(PART) Squad/Parts/Resources/RadialTank/RadialTank/RadialOreTank
[LOG 20:06:21.691] Config(PART) Squad/Parts/Resources/SmallTank/SmallTank/SmallTank
[LOG 20:06:21.691] Config(PART) Squad/Parts/Resources/SurfaceScanner/SurfaceScanner/SurfaceScanner
[LOG 20:06:21.691] Config(PART) Squad/Parts/Resources/SurveyScanner/SurveyScanner/SurveyScanner
[LOG 20:06:21.691] Config(PART) Squad/Parts/Science/AtmosphereSensor/sensorAtmosphere/sensorAtmosphere
[LOG 20:06:21.691] Config(PART) Squad/Parts/Science/GooExperiment/gooExperiment/GooExperiment
[LOG 20:06:21.691] Config(PART) Squad/Parts/Science/LargeCrewedLab/largeCrewedLab/Large_Crewed_Lab
[LOG 20:06:21.691] Config(PART) Squad/Parts/Science/Magnetometer/Magnetometer/Magnetometer
[LOG 20:06:21.691] Config(PART) Squad/Parts/Science/MaterialBay/materialBay/science_module
[LOG 20:06:21.691] Config(PART) Squad/Parts/Science/ScienceBox/ScienceBox/ScienceBox
[LOG 20:06:21.691] Config(PART) Squad/Parts/Science/sensorAccelerometer/sensorAccelerometer/sensorAccelerometer
[LOG 20:06:21.692] Config(PART) Squad/Parts/Science/sensorBarometer/sensorBarometer/sensorBarometer
[LOG 20:06:21.692] Config(PART) Squad/Parts/Science/sensorGravimeter/sensorGravimeter/sensorGravimeter
[LOG 20:06:21.692] Config(PART) Squad/Parts/Science/sensorThermometer/sensorThermometer/sensorThermometer
[LOG 20:06:21.692] Config(PART) Squad/Parts/Structural/FLAdapters/adapterSmallMiniShort/adapterSmallMiniShort
[LOG 20:06:21.692] Config(PART) Squad/Parts/Structural/FLAdapters/adapterSmallMiniTall/adapterSmallMiniTall
[LOG 20:06:21.692] Config(PART) Squad/Parts/Structural/mk1Parts/engineBodyRadial/radialEngineBody
[LOG 20:06:21.692] Config(PART) Squad/Parts/Structural/mk1Parts/engineNacelle/nacelleBody
[LOG 20:06:21.692] Config(PART) Squad/Parts/Structural/mk1Parts/mk1Fuselage/MK1Fuselage
[LOG 20:06:21.692] Config(PART) Squad/Parts/Structural/mk1Parts/mk1FuselageIntake/MK1IntakeFuselage
[LOG 20:06:21.692] Config(PART) Squad/Parts/Structural/mk1Parts/mk1Structural/Mk1FuselageStructural
[LOG 20:06:21.692] Config(PART) Squad/Parts/Structural/Size3To2Adapter_v2/Size2to3_v2/Size3To2Adapter_v2
[LOG 20:06:21.692] Config(PART) Squad/Parts/Structural/stackAdapters/adapterLargeSmallBi/adapterLargeSmallBi
[LOG 20:06:21.692] Config(PART) Squad/Parts/Structural/stackAdapters/adapterLargeSmallQuad/adapterLargeSmallQuad
[LOG 20:06:21.692] Config(PART) Squad/Parts/Structural/stackAdapters/adapterLargeSmallTri/adapterLargeSmallTri
[LOG 20:06:21.692] Config(PART) Squad/Parts/Structural/stationHub/stationHub/stationHub
[LOG 20:06:21.692] Config(PART) Squad/Parts/Structural/structuralIBeam200/structuralIBeam200/structuralIBeam2
[LOG 20:06:21.692] Config(PART) Squad/Parts/Structural/structuralIBeam200Pocket/structuralIBeam200Pocket/structuralIBeam3
[LOG 20:06:21.692] Config(PART) Squad/Parts/Structural/structuralIBeam650/structuralIBeam650/structuralIBeam1
[LOG 20:06:21.692] Config(PART) Squad/Parts/Structural/structuralMicronode/structuralMicronode/structuralMiniNode
[LOG 20:06:21.692] Config(PART) Squad/Parts/Structural/structuralPanel1x1/structuralPanel1x1/structuralPanel1
[LOG 20:06:21.692] Config(PART) Squad/Parts/Structural/structuralPanel2x2/structuralPanel2x2/structuralPanel2
[LOG 20:06:21.692] Config(PART) Squad/Parts/Structural/structuralPylons/smallHardpoint/smallHardpoint
[LOG 20:06:21.692] Config(PART) Squad/Parts/Structural/structuralPylons/structuralPylon/structuralPylon
[LOG 20:06:21.692] Config(PART) Squad/Parts/Structural/strutCubicOcto/strutCubicOcto/strutCube
[LOG 20:06:21.692] Config(PART) Squad/Parts/Structural/strutOcto/strutOcto/strutOcto
[LOG 20:06:21.692] Config(PART) Squad/Parts/Structural/trussGirderAdapter/trussGirderAdapter/trussAdapter
[LOG 20:06:21.692] Config(PART) Squad/Parts/Structural/trussGirderL/trussGirderL/trussPiece1x
[LOG 20:06:21.692] Config(PART) Squad/Parts/Structural/trussGirderXL/trussGirderXL/trussPiece3x
[LOG 20:06:21.693] Config(PART) Squad/Parts/Thermal/FoldingRadiators/foldingRadLarge/foldingRadLarge
[LOG 20:06:21.693] Config(PART) Squad/Parts/Thermal/FoldingRadiators/foldingRadMed/foldingRadMed
[LOG 20:06:21.693] Config(PART) Squad/Parts/Thermal/FoldingRadiators/foldingRadSmall/foldingRadSmall
[LOG 20:06:21.693] Config(PART) Squad/Parts/Thermal/RadiatorPanels/radPanelEdge/radPanelEdge
[LOG 20:06:21.693] Config(PART) Squad/Parts/Thermal/RadiatorPanels/radPanelLg/radPanelLg
[LOG 20:06:21.693] Config(PART) Squad/Parts/Thermal/RadiatorPanels/radPanelSm/radPanelSm
[LOG 20:06:21.693] Config(PART) Squad/Parts/Utility/commDish88-88/commDish88-88/commDish
[LOG 20:06:21.693] Config(PART) Squad/Parts/Utility/commsAntennaDTS-M1/commsAntennaDTS-M1/mediumDishAntenna
[LOG 20:06:21.693] Config(PART) Squad/Parts/Utility/commsDish16/commsAntenna16/longAntenna
[LOG 20:06:21.693] Config(PART) Squad/Parts/Utility/decouplerRadialHDM/decouplerRadialHDM/radialDecoupler1-2
[LOG 20:06:21.693] Config(PART) Squad/Parts/Utility/decouplerRadialTT-38K/decouplerRadialTT-38K/radialDecoupler
[LOG 20:06:21.693] Config(PART) Squad/Parts/Utility/decouplerRadialTT-70/decouplerRadialTT-70/radialDecoupler2
[LOG 20:06:21.693] Config(PART) Squad/Parts/Utility/DirectAntennas/C16S/SurfAntenna
[LOG 20:06:21.693] Config(PART) Squad/Parts/Utility/DirectAntennas/HG-5/HighGainAntenna5
[LOG 20:06:21.693] Config(PART) Squad/Parts/Utility/DirectAntennas/HG-5_v2/HighGainAntenna5_v2
[LOG 20:06:21.693] Config(PART) Squad/Parts/Utility/dockingPort/dockingPort/dockingPort2
[LOG 20:06:21.693] Config(PART) Squad/Parts/Utility/dockingPortInline/dockingPortInline/dockingPortLateral
[LOG 20:06:21.693] Config(PART) Squad/Parts/Utility/dockingPortJr/dockingPortJr/dockingPort3
[LOG 20:06:21.693] Config(PART) Squad/Parts/Utility/dockingPortShielded/dockingPortShielded/dockingPort1
[LOG 20:06:21.693] Config(PART) Squad/Parts/Utility/dockingPortSr/dockingPortSr/dockingPortLarge
[LOG 20:06:21.693] Config(PART) Squad/Parts/Utility/Fireworks/fireworksLauncherBig/fireworksLauncherBig
[LOG 20:06:21.693] Config(PART) Squad/Parts/Utility/Fireworks/fireworksLauncherSmall/fireworksLauncherSmall
[LOG 20:06:21.693] Config(PART) Squad/Parts/Utility/flags/flagFlat/flagFlat/flagPartFlat
[LOG 20:06:21.693] Config(PART) Squad/Parts/Utility/flags/flagSize0/flagSize0/flagPartSize0
[LOG 20:06:21.693] Config(PART) Squad/Parts/Utility/flags/flagSize1/flagSize1/flagPartSize1
[LOG 20:06:21.693] Config(PART) Squad/Parts/Utility/flags/flagSize2/flagSize2/flagPartSize2
[LOG 20:06:21.694] Config(PART) Squad/Parts/Utility/flags/flagSize3/flagSize3/flagPartSize3
[LOG 20:06:21.694] Config(PART) Squad/Parts/Utility/GrapplingDevice/part/GrapplingDevice
[LOG 20:06:21.694] Config(PART) Squad/Parts/Utility/ladderRadial/ladderRadial/ladder1
[LOG 20:06:21.694] Config(PART) Squad/Parts/Utility/ladderTelescopic/ladderTelescopic/telescopicLadder
[LOG 20:06:21.694] Config(PART) Squad/Parts/Utility/ladderTelescopicBay/ladderTelescopicBay/telescopicLadderBay
[LOG 20:06:21.694] Config(PART) Squad/Parts/Utility/landingLegLT-1/landingLegLT-1/landingLeg1
[LOG 20:06:21.694] Config(PART) Squad/Parts/Utility/landingLegLT-2/landingLegLT-2/landingLeg1-2
[LOG 20:06:21.694] Config(PART) Squad/Parts/Utility/landingLegLT-5/landingLegLT-5/miniLandingLeg
[LOG 20:06:21.694] Config(PART) Squad/Parts/Utility/launchClamp1/launchClamp1/launchClamp1
[LOG 20:06:21.694] Config(PART) Squad/Parts/Utility/launchEscapeSystem/part/LaunchEscapeSystem
[LOG 20:06:21.694] Config(PART) Squad/Parts/Utility/Lights/domeLight1/domeLight1
[LOG 20:06:21.694] Config(PART) Squad/Parts/Utility/Lights/groundLight1/groundLight1
[LOG 20:06:21.694] Config(PART) Squad/Parts/Utility/Lights/groundLight2/groundLight2
[LOG 20:06:21.694] Config(PART) Squad/Parts/Utility/Lights/navLight1/navLight1
[LOG 20:06:21.694] Config(PART) Squad/Parts/Utility/Lights/spotLight1/spotLight3
[LOG 20:06:21.694] Config(PART) Squad/Parts/Utility/Lights/stripLight1/stripLight1
[LOG 20:06:21.694] Config(PART) Squad/Parts/Utility/linearVernorRCS/linearRCS/linearRcs
[LOG 20:06:21.694] Config(PART) Squad/Parts/Utility/linearVernorRCS/vernorEngine/vernierEngine
[LOG 20:06:21.694] Config(PART) Squad/Parts/Utility/mk2CargoBay/BayL/mk2CargoBayL
[LOG 20:06:21.694] Config(PART) Squad/Parts/Utility/mk2CargoBay/BayS/mk2CargoBayS
[LOG 20:06:21.694] Config(PART) Squad/Parts/Utility/mk2CrewCabin/mk2CrewCabin/mk2CrewCabin
[LOG 20:06:21.694] Config(PART) Squad/Parts/Utility/mk2DockingPort/mk2DockingPort/mk2DockingPort
[LOG 20:06:21.694] Config(PART) Squad/Parts/Utility/mk3CargoBay/long/mk3CargoBayL
[LOG 20:06:21.694] Config(PART) Squad/Parts/Utility/mk3CargoBay/medium/mk3CargoBayM
[LOG 20:06:21.694] Config(PART) Squad/Parts/Utility/mk3CargoBay/ramp/mk3CargoRamp
[LOG 20:06:21.694] Config(PART) Squad/Parts/Utility/mk3CargoBay/short/mk3CargoBayS
[LOG 20:06:21.694] Config(PART) Squad/Parts/Utility/parachuteMk1/parachuteMk1/parachuteSingle
[LOG 20:06:21.695] Config(PART) Squad/Parts/Utility/parachuteMk12-R/parachuteMk12-R/radialDrogue
[LOG 20:06:21.695] Config(PART) Squad/Parts/Utility/parachuteMk16-XL/parachuteMk16-XL/parachuteLarge
[LOG 20:06:21.695] Config(PART) Squad/Parts/Utility/parachuteMk2-R/parachuteMk2-R/parachuteRadial
[LOG 20:06:21.695] Config(PART) Squad/Parts/Utility/parachuteMk25/parachuteMk25/parachuteDrogue
[LOG 20:06:21.695] Config(PART) Squad/Parts/Utility/radialAttachmentPoint/radialAttachmentPoint/stackPoint1
[LOG 20:06:21.695] Config(PART) Squad/Parts/Utility/rcsBlockRV-105_v2/rcsBlockRV-105/RCSBlock_v2
[LOG 20:06:21.695] Config(PART) Squad/Parts/Utility/rcsBlockRV-105_v2/RCSblock_01_small/RCSblock_01_small
[LOG 20:06:21.695] Config(PART) Squad/Parts/Utility/rcsSmallLinear/RCSLinearSmall/RCSLinearSmall
[LOG 20:06:21.695] Config(PART) Squad/Parts/Utility/RelayAntennas/RA-100/RelayAntenna100
[LOG 20:06:21.695] Config(PART) Squad/Parts/Utility/RelayAntennas/RA-5/RelayAntenna5
[LOG 20:06:21.695] Config(PART) Squad/Parts/Utility/RelayAntennas/RA-50/RelayAntenna50
[LOG 20:06:21.695] Config(PART) Squad/Parts/Utility/rockomaxAdapters/largeAdapter/largeAdapter
[LOG 20:06:21.695] Config(PART) Squad/Parts/Utility/rockomaxAdapters/largeAdapterShort/largeAdapter2
[LOG 20:06:21.695] Config(PART) Squad/Parts/Utility/ServiceBay_v2/ServiceBay_125_v2/ServiceBay_125_v2
[LOG 20:06:21.695] Config(PART) Squad/Parts/Utility/ServiceBay_v2/ServiceBay_250_v2/ServiceBay_250_v2
[LOG 20:06:21.695] Config(PART) Squad/Parts/Utility/smallClaw/smallClaw/smallClaw
[LOG 20:06:21.695] Config(PART) Squad/Parts/Utility/spotLightMk1/spotLightMk1/spotLight1
[LOG 20:06:21.695] Config(PART) Squad/Parts/Utility/spotLightMk1_v2/spotLightMk1_v2/spotLight1_v2
[LOG 20:06:21.695] Config(PART) Squad/Parts/Utility/spotLightMk2/spotLightMk2/spotLight2
[LOG 20:06:21.695] Config(PART) Squad/Parts/Utility/spotLightMk2_v2/spotLightMk2_v2/spotLight2_v2
[LOG 20:06:21.695] Config(PART) Squad/Parts/Utility/stackCouplers/stackBiCoupler_v2/stackBiCoupler_v2
[LOG 20:06:21.695] Config(PART) Squad/Parts/Utility/stackCouplers/stackQuadCoupler/stackQuadCoupler
[LOG 20:06:21.695] Config(PART) Squad/Parts/Utility/stackCouplers/stackTriCoupler_v2/stackTriCoupler_v2
[LOG 20:06:21.695] Config(PART) Squad/Parts/Wheel/LandingGear/GearExtraLarge/GearLarge
[LOG 20:06:21.695] Config(PART) Squad/Parts/Wheel/LandingGear/GearFixed/GearFixed
[LOG 20:06:21.696] Config(PART) Squad/Parts/Wheel/LandingGear/GearFree/GearFree
[LOG 20:06:21.696] Config(PART) Squad/Parts/Wheel/LandingGear/GearLarge/GearMedium
[LOG 20:06:21.696] Config(PART) Squad/Parts/Wheel/LandingGear/GearMedium/GearSmall
[LOG 20:06:21.696] Config(PART) Squad/Parts/Wheel/LandingGear/GearSmall/SmallGearBay
[LOG 20:06:21.696] Config(PART) Squad/Parts/Wheel/roverWheelM1/roverWheelM1/roverWheel1
[LOG 20:06:21.696] Config(PART) Squad/Parts/Wheel/roverWheelS2/roverWheelS2/roverWheel2
[LOG 20:06:21.696] Config(PART) Squad/Parts/Wheel/roverWheelTR-2L/roverWheelTR-2L/wheelMed
[LOG 20:06:21.696] Config(PART) Squad/Parts/Wheel/roverWheelXL3/roverWheelXL3/roverWheel3
[LOG 20:06:21.696] Config(PROP) Squad/Props/AltimeterThreeHands/prop/AltimeterThreeHands
[LOG 20:06:21.696] Config(PROP) Squad/Props/AtmosphereDepth/prop/AtmosphereDepth
[LOG 20:06:21.696] Config(PROP) Squad/Props/AxisIndicator/pitchConfig/AxisIndicatorPitch
[LOG 20:06:21.696] Config(PROP) Squad/Props/AxisIndicator/rollConfig/AxisIndicatorRoll
[LOG 20:06:21.696] Config(PROP) Squad/Props/AxisIndicator/yawConfig/AxisIndicatorYaw
[LOG 20:06:21.696] Config(PROP) Squad/Props/buttonsGeneric/circularButton/genericCircularButton
[LOG 20:06:21.696] Config(PROP) Squad/Props/buttonsGeneric/clusterButtons/genericClusterButtons
[LOG 20:06:21.696] Config(PROP) Squad/Props/buttonsGeneric/clusterButtons2/genericClusterButtons2
[LOG 20:06:21.696] Config(PROP) Squad/Props/buttonsGeneric/clusterKnob/genericClusterKnobs
[LOG 20:06:21.696] Config(PROP) Squad/Props/buttonsGeneric/clusterKnob2/genericClusterKnobs2
[LOG 20:06:21.696] Config(PROP) Squad/Props/buttonsGeneric/clusterMixed/genericClusterMixed
[LOG 20:06:21.696] Config(PROP) Squad/Props/buttonsGeneric/clusterSwitches01/genericClusterSwitches01
[LOG 20:06:21.696] Config(PROP) Squad/Props/buttonsGeneric/clusterSwitches02/genericClusterSwitches02
[LOG 20:06:21.696] Config(PROP) Squad/Props/buttonsGeneric/clusterSwitches03/genericClusterSwitches03
[LOG 20:06:21.696] Config(PROP) Squad/Props/buttonsGeneric/clusterSwitches04/genericClusterSwitches04
[LOG 20:06:21.697] Config(PROP) Squad/Props/buttonsGeneric/clusterSwitches05/genericClusterSwitches05
[LOG 20:06:21.697] Config(PROP) Squad/Props/buttonsGeneric/clusterSwitches06/genericClusterSwitches06
[LOG 20:06:21.697] Config(PROP) Squad/Props/buttonsGeneric/clusterSwitches07/genericClusterSwitches07
[LOG 20:06:21.697] Config(PROP) Squad/Props/buttonsGeneric/directionalKnob/genericDirectionalKnob
[LOG 20:06:21.697] Config(PROP) Squad/Props/buttonsGeneric/directionalKnob2/genericDirectionalKnob2
[LOG 20:06:21.697] Config(PROP) Squad/Props/buttonsGeneric/pullSwitch/genericPullSwitch
[LOG 20:06:21.697] Config(PROP) Squad/Props/buttonsGeneric/squareButton/genericSquareButton
[LOG 20:06:21.697] Config(PROP) Squad/Props/buttonsGeneric/standingSwitch/genericStandingSwitch
[LOG 20:06:21.697] Config(PROP) Squad/Props/buttonsGeneric/switch/genericSwitch
[LOG 20:06:21.697] Config(PROP) Squad/Props/buttonsGeneric/switchWithGuards/genericSwitchWithGuards
[LOG 20:06:21.697] Config(PROP) Squad/Props/ButtonSquare/prop/ButtonSquare
[LOG 20:06:21.697] Config(PROP) Squad/Props/circularButton/prop/circularButton
[LOG 20:06:21.697] Config(PROP) Squad/Props/Compass/prop/Compass
[LOG 20:06:21.697] Config(PROP) Squad/Props/directionalKnob/prop/directionalKnob
[LOG 20:06:21.697] Config(PROP) Squad/Props/directionalKnob2/prop/directionalKnob2
[LOG 20:06:21.697] Config(PROP) Squad/Props/IndicatorPanel/prop/IndicatorPanel
[LOG 20:06:21.697] Config(PROP) Squad/Props/IVANavBall/prop/NavBall
[LOG 20:06:21.697] Config(PROP) Squad/Props/IVANavBallNoBase/prop/NavBallNoBase
[LOG 20:06:21.697] Config(PROP) Squad/Props/ledPanelSpeed/prop/ledPanelSpeed
[LOG 20:06:21.697] Config(PROP) Squad/Props/Monitor/DockingMode/MonitorDockingMode
[LOG 20:06:21.697] Config(PROP) Squad/Props/NavBall/prop/NavBall
[LOG 20:06:21.697] Config(PROP) Squad/Props/PropsGeneric/Button_DockingMode/Button_DockingMode
[LOG 20:06:21.697] Config(PROP) Squad/Props/PropsGeneric/CargoBagA/CargoBagA
[LOG 20:06:21.697] Config(PROP) Squad/Props/PropsGeneric/CargoBagB/CargoBagB
[LOG 20:06:21.697] Config(PROP) Squad/Props/PropsGeneric/CargoBagC/CargoBagC
[LOG 20:06:21.697] Config(PROP) Squad/Props/PropsGeneric/Hatch_Plane/Hatch_Plane
[LOG 20:06:21.697] Config(PROP) Squad/Props/PropsGeneric/Hatch_Plane_Curve90/Hatch_Plane_Curve90
[LOG 20:06:21.698] Config(PROP) Squad/Props/PropsGeneric/Hatch_Plane_Frame/Hatch_Plane_Frame
[LOG 20:06:21.698] Config(PROP) Squad/Props/PropsGeneric/Seat_Passenger/Seat_Passenger
[LOG 20:06:21.698] Config(PROP) Squad/Props/PropsGeneric/Seat_Pilot/Seat_Pilot
[LOG 20:06:21.698] Config(PROP) Squad/Props/PropsGeneric/Seat_Pilot_Helmet/Seat_Pilot_Helmet
[LOG 20:06:21.698] Config(PROP) Squad/Props/PropsGeneric/SideStick/SideStick
[LOG 20:06:21.698] Config(PROP) Squad/Props/pullSwitch/prop/pullSwitch
[LOG 20:06:21.698] Config(PROP) Squad/Props/radarAltitude/prop/RadarAltimeter
[LOG 20:06:21.698] Config(PROP) Squad/Props/squareButton/prop/squareButton
[LOG 20:06:21.698] Config(PROP) Squad/Props/standingSwitch/prop/standingSwitch
[LOG 20:06:21.698] Config(PROP) Squad/Props/switch/prop/switch
[LOG 20:06:21.698] Config(PROP) Squad/Props/switchGuard/prop/switchGuard
[LOG 20:06:21.698] Config(PROP) Squad/Props/switchWithGuards/prop/switchWithGuards
[LOG 20:06:21.698] Config(PROP) Squad/Props/throttle/prop/throttle
[LOG 20:06:21.698] Config(PROP) Squad/Props/VSI/prop/VSI
[LOG 20:06:21.698] Config(SPACEOBJECTS_LIMITS) Squad/Resources/CometDefs/SPACEOBJECTS_LIMITS
[LOG 20:06:21.698] Config(COMET_MANAGER) Squad/Resources/CometDefs/COMET_MANAGER
[LOG 20:06:21.698] Config(COMET_ORBIT_TYPE) Squad/Resources/CometDefs/short
[LOG 20:06:21.698] Config(COMET_ORBIT_TYPE) Squad/Resources/CometDefs/intermediate
[LOG 20:06:21.698] Config(COMET_ORBIT_TYPE) Squad/Resources/CometDefs/long
[LOG 20:06:21.698] Config(COMET_ORBIT_TYPE) Squad/Resources/CometDefs/interstellar
[LOG 20:06:21.698] Config(FIREWORKFX_DEFINITION) Squad/Resources/FireworkFXDefinitions/classicTrail
[LOG 20:06:21.698] Config(FIREWORKFX_DEFINITION) Squad/Resources/FireworkFXDefinitions/whirlyTrail
[LOG 20:06:21.698] Config(FIREWORKFX_DEFINITION) Squad/Resources/FireworkFXDefinitions/strobeTrail
[LOG 20:06:21.698] Config(FIREWORKFX_DEFINITION) Squad/Resources/FireworkFXDefinitions/bareTrail
[LOG 20:06:21.698] Config(FIREWORKFX_DEFINITION) Squad/Resources/FireworkFXDefinitions/classicBurst
[LOG 20:06:21.698] Config(FIREWORKFX_DEFINITION) Squad/Resources/FireworkFXDefinitions/chrysBurst
[LOG 20:06:21.698] Config(FIREWORKFX_DEFINITION) Squad/Resources/FireworkFXDefinitions/palmBurst
[LOG 20:06:21.698] Config(FIREWORKFX_DEFINITION) Squad/Resources/FireworkFXDefinitions/ringBurst
[LOG 20:06:21.698] Config(FIREWORKFX_DEFINITION) Squad/Resources/FireworkFXDefinitions/crosetteBurst
[LOG 20:06:21.699] Config(FIREWORKFX_DEFINITION) Squad/Resources/FireworkFXDefinitions/willowBurst
[LOG 20:06:21.699] Config(FIREWORKFX_DEFINITION) Squad/Resources/FireworkFXDefinitions/crackeBurst
[LOG 20:06:21.699] Config(FIREWORKFX_DEFINITION) Squad/Resources/FireworkFXDefinitions/palmCrackleBurst
[LOG 20:06:21.699] Config(FIREWORKFX_DEFINITION) Squad/Resources/FireworkFXDefinitions/dragonBurst
[LOG 20:06:21.699] Config(GLOBAL_RESOURCE) Squad/Resources/Ore/GLOBAL_RESOURCE
[LOG 20:06:21.699] Config(PLANETARY_RESOURCE) Squad/Resources/Ore/PLANETARY_RESOURCE
[LOG 20:06:21.699] Config(PLANETARY_RESOURCE) Squad/Resources/Ore/PLANETARY_RESOURCE
[LOG 20:06:21.699] Config(RESOURCE_OVERLAY_CONFIGURATION_SOLID) Squad/Resources/Overlay/RESOURCE_OVERLAY_CONFIGURATION_SOLID
[LOG 20:06:21.699] Config(RESOURCE_OVERLAY_CONFIGURATION_LINES) Squad/Resources/Overlay/RESOURCE_OVERLAY_CONFIGURATION_LINES
[LOG 20:06:21.699] Config(RESOURCE_OVERLAY_CONFIGURATION_DOTS) Squad/Resources/Overlay/RESOURCE_OVERLAY_CONFIGURATION_DOTS
[LOG 20:06:21.699] Config(RESOURCE_CONFIGURATION) Squad/Resources/ResourceDefaults/RESOURCE_CONFIGURATION
[LOG 20:06:21.699] Config(RESOURCE_DEFINITION) Squad/Resources/ResourcesGeneric/LiquidFuel
[LOG 20:06:21.699] Config(RESOURCE_DEFINITION) Squad/Resources/ResourcesGeneric/Oxidizer
[LOG 20:06:21.699] Config(RESOURCE_DEFINITION) Squad/Resources/ResourcesGeneric/SolidFuel
[LOG 20:06:21.699] Config(RESOURCE_DEFINITION) Squad/Resources/ResourcesGeneric/MonoPropellant
[LOG 20:06:21.699] Config(RESOURCE_DEFINITION) Squad/Resources/ResourcesGeneric/XenonGas
[LOG 20:06:21.699] Config(RESOURCE_DEFINITION) Squad/Resources/ResourcesGeneric/ElectricCharge
[LOG 20:06:21.699] Config(RESOURCE_DEFINITION) Squad/Resources/ResourcesGeneric/IntakeAir
[LOG 20:06:21.699] Config(RESOURCE_DEFINITION) Squad/Resources/ResourcesGeneric/EVA Propellant
[LOG 20:06:21.699] Config(RESOURCE_DEFINITION) Squad/Resources/ResourcesGeneric/Ore
[LOG 20:06:21.699] Config(RESOURCE_DEFINITION) Squad/Resources/ResourcesGeneric/Ablator
[LOG 20:06:21.699] Config(EXPERIMENT_DEFINITION) Squad/Resources/ScienceDefs/EXPERIMENT_DEFINITION
[LOG 20:06:21.700] Config(EXPERIMENT_DEFINITION) Squad/Resources/ScienceDefs/EXPERIMENT_DEFINITION
[LOG 20:06:21.700] Config(EXPERIMENT_DEFINITION) Squad/Resources/ScienceDefs/EXPERIMENT_DEFINITION
[LOG 20:06:21.700] Config(EXPERIMENT_DEFINITION) Squad/Resources/ScienceDefs/EXPERIMENT_DEFINITION
[LOG 20:06:21.700] Config(EXPERIMENT_DEFINITION) Squad/Resources/ScienceDefs/EXPERIMENT_DEFINITION
[LOG 20:06:21.700] Config(EXPERIMENT_DEFINITION) Squad/Resources/ScienceDefs/EXPERIMENT_DEFINITION
[LOG 20:06:21.700] Config(EXPERIMENT_DEFINITION) Squad/Resources/ScienceDefs/EXPERIMENT_DEFINITION
[LOG 20:06:21.700] Config(EXPERIMENT_DEFINITION) Squad/Resources/ScienceDefs/EXPERIMENT_DEFINITION
[LOG 20:06:21.700] Config(EXPERIMENT_DEFINITION) Squad/Resources/ScienceDefs/EXPERIMENT_DEFINITION
[LOG 20:06:21.700] Config(EXPERIMENT_DEFINITION) Squad/Resources/ScienceDefs/EXPERIMENT_DEFINITION
[LOG 20:06:21.700] Config(EXPERIMENT_DEFINITION) Squad/Resources/ScienceDefs/EXPERIMENT_DEFINITION
[LOG 20:06:21.700] Config(EXPERIMENT_DEFINITION) Squad/Resources/ScienceDefs/EXPERIMENT_DEFINITION
[LOG 20:06:21.700] Config(EXPERIMENT_DEFINITION) Squad/Resources/ScienceDefs/EXPERIMENT_DEFINITION
[LOG 20:06:21.700] Config(EXPERIMENT_DEFINITION) Squad/Resources/ScienceDefs/EXPERIMENT_DEFINITION
[LOG 20:06:21.700] Config(EXPERIMENT_DEFINITION) Squad/Resources/ScienceDefs/EXPERIMENT_DEFINITION
[LOG 20:06:21.700] Config(EXPERIMENT_DEFINITION) Squad/Resources/ScienceDefs/EXPERIMENT_DEFINITION
[LOG 20:06:21.700] Config(EXPERIMENT_DEFINITION) Squad/Resources/ScienceDefs/EXPERIMENT_DEFINITION
[LOG 20:06:21.700] Config(EXPERIMENT_DEFINITION) Squad/Resources/ScienceDefs/EXPERIMENT_DEFINITION
[LOG 20:06:21.700] Config(STORY_DEF) Squad/Resources/StoryDefs/STORY_DEF
[LOG 20:06:21.700] Config(TechTree) Squad/Resources/TechTree/TechTree
[LOG 20:06:21.700] Config(INTERNAL) Squad/Spaces/crewCabinInternals/internal/crewCabinInternals
[LOG 20:06:21.700] Config(INTERNAL) Squad/Spaces/cupolaInternal/internal/cupolaInternal
[LOG 20:06:21.700] Config(INTERNAL) Squad/Spaces/GenericSpace1/internal/GenericSpace1
[LOG 20:06:21.700] Config(INTERNAL) Squad/Spaces/GenericSpace3/internal/GenericSpace3
[LOG 20:06:21.700] Config(INTERNAL) Squad/Spaces/landerCabinInternals/internal/landerCabinInternals
[LOG 20:06:21.700] Config(INTERNAL) Squad/Spaces/landerCabinSmallInternal/internal/landerCabinSmallInternal
[LOG 20:06:21.701] Config(INTERNAL) Squad/Spaces/LargeCrewedLabInternals/internal/Mobile_Processing_Lab_Int
[LOG 20:06:21.701] Config(INTERNAL) Squad/Spaces/Mk1-3/internal/Mk1-3
[LOG 20:06:21.701] Config(INTERNAL) Squad/Spaces/mk1CabinInternal/internal/mk1CabinInternal
[LOG 20:06:21.701] Config(INTERNAL) Squad/Spaces/mk1CockpitInternal/internal/mk1CockpitInternal
[LOG 20:06:21.701] Config(INTERNAL) Squad/Spaces/mk1InlineInternal/internal/mk1InlineInternal
[LOG 20:06:21.701] Config(INTERNAL) Squad/Spaces/mk1PodCockpit/internal/mk1PodCockpit
[LOG 20:06:21.701] Config(INTERNAL) Squad/Spaces/mk1pod_IVA/mk1pod_Internal/mk1pod_IVA
[LOG 20:06:21.701] Config(INTERNAL) Squad/Spaces/mk2CockpitStandardInternal/internal/mk2CockpitStandardInternals
[LOG 20:06:21.701] Config(INTERNAL) Squad/Spaces/Mk2CrewCabinInternal/internal_MK2_CrewCab/MK2_CrewCab_Int
[LOG 20:06:21.701] Config(INTERNAL) Squad/Spaces/mk2InlineInternal/internal/mk2InlineInternal
[LOG 20:06:21.701] Config(INTERNAL) Squad/Spaces/mk2LanderCanInternal/internal/mk2LanderCanInternal
[LOG 20:06:21.701] Config(INTERNAL) Squad/Spaces/MK3CockpitInternal/internal_MK3/MK3_Cockpit_Int
[LOG 20:06:21.701] Config(INTERNAL) Squad/Spaces/MK3_CrewCab_Int/internal_MK3_CrewCab/MK3_CrewCab_Int
[LOG 20:06:21.701] Config(INTERNAL) Squad/Spaces/Placeholder/internal/Placeholder
[LOG 20:06:21.701] Config(INTERNAL) Squad/Spaces/PodCockpit/internal/PodCockpit
[LOG 20:06:21.701] Config(STRATEGY_DEPARTMENT) Squad/Strategies/Departments/Finances
[LOG 20:06:21.701] Config(STRATEGY_DEPARTMENT) Squad/Strategies/Departments/Science
[LOG 20:06:21.701] Config(STRATEGY_DEPARTMENT) Squad/Strategies/Departments/Public Relations
[LOG 20:06:21.701] Config(STRATEGY_DEPARTMENT) Squad/Strategies/Departments/Operations
[LOG 20:06:21.701] Config(STRATEGY) Squad/Strategies/Strategies/AppreciationCampaignCfg
[LOG 20:06:21.701] Config(STRATEGY) Squad/Strategies/Strategies/FundraisingCampaignCfg
[LOG 20:06:21.701] Config(STRATEGY) Squad/Strategies/Strategies/OpenSourceTechProgramCfg
[LOG 20:06:21.701] Config(STRATEGY) Squad/Strategies/Strategies/UnpaidResearchProgramCfg
[LOG 20:06:21.701] Config(STRATEGY) Squad/Strategies/Strategies/OutsourcedResearchCfg
[LOG 20:06:21.701] Config(STRATEGY) Squad/Strategies/Strategies/PatentsLicensingCfg
[LOG 20:06:21.702] Config(STRATEGY) Squad/Strategies/Strategies/AgressiveNegotiations
[LOG 20:06:21.702] Config(STRATEGY) Squad/Strategies/Strategies/RecoveryTransponders
[LOG 20:06:21.702] Config(STRATEGY) Squad/Strategies/Strategies/BailoutGrant
[LOG 20:06:21.702] Config(STRATEGY) Squad/Strategies/Strategies/researchIPsellout
[LOG 20:06:21.702] Config(STRATEGY) Squad/Strategies/Strategies/LeadershipInitiative
[LOG 20:06:21.702] Config(TUTORIAL) Squad/Tutorials/FlightSuborbital/FlightSuborbital
[LOG 20:06:21.702] Config(TUTORIAL) Squad/Tutorials/FromMun/FromMun
[LOG 20:06:21.702] Config(TUTORIAL) Squad/Tutorials/GoForOrbit/GoForOrbit
[LOG 20:06:21.702] Config(MISSIONPACK) SquadExpansion/MakingHistory/Missions/MissionPacks/squad_MakingHistory
[LOG 20:06:21.702] Config(MISSIONPACK) SquadExpansion/MakingHistory/Missions/MissionPacks/squad_MakingHistory_Other
[LOG 20:06:21.702] Config(MISSIONPACK) SquadExpansion/MakingHistory/Missions/MissionPacks/squad_MakingHistory_Tutorial
[LOG 20:06:21.702] Config(MEBASICNODE) SquadExpansion/MakingHistory/Nodes/AccuracyLogic/TestAccuracyLogic
[LOG 20:06:21.702] Config(MEBASICNODE) SquadExpansion/MakingHistory/Nodes/ActionChancePartResourceLevels/ActionPartResourceAmount
[LOG 20:06:21.702] Config(MEBASICNODE) SquadExpansion/MakingHistory/Nodes/ActionExplode/ActionVesselExplode
[LOG 20:06:21.702] Config(MEBASICNODE) SquadExpansion/MakingHistory/Nodes/ActionMissionScore/MissionScore
[LOG 20:06:21.702] Config(MEBASICNODE) SquadExpansion/MakingHistory/Nodes/ActionModifierFunds/ModifyFunds
[LOG 20:06:21.702] Config(MEBASICNODE) SquadExpansion/MakingHistory/Nodes/ActionModifierScore/MissionScore
[LOG 20:06:21.702] Config(MEBASICNODE) SquadExpansion/MakingHistory/Nodes/ActionPartExplode/ActionPartExplode
[LOG 20:06:21.702] Config(MEBASICNODE) SquadExpansion/MakingHistory/Nodes/ActionPartResourceDrain/ActionPartResourceDrain
[LOG 20:06:21.702] Config(MEBASICNODE) SquadExpansion/MakingHistory/Nodes/ActionVesselActionGroup/ActionVesselActionGroup
[LOG 20:06:21.702] Config(MEBASICNODE) SquadExpansion/MakingHistory/Nodes/ActionVesselStage/ActionVesselStage
[LOG 20:06:21.702] Config(MEBASICNODE) SquadExpansion/MakingHistory/Nodes/CreateAsteroid/CreateAsteroid
[LOG 20:06:21.702] Config(MEBASICNODE) SquadExpansion/MakingHistory/Nodes/CreateComet/CreateComet
[LOG 20:06:21.702] Config(MEBASICNODE) SquadExpansion/MakingHistory/Nodes/CreateFlag/CreateFlag
[LOG 20:06:21.702] Config(MEBASICNODE) SquadExpansion/MakingHistory/Nodes/CreateLaunchSite/CreateLaunchSite
[LOG 20:06:21.702] Config(MEBASICNODE) SquadExpansion/MakingHistory/Nodes/CreateVessel/CreateVessel
[LOG 20:06:21.702] Config(MEBASICNODE) SquadExpansion/MakingHistory/Nodes/CrewAssignment/TestCrewAssignment
[LOG 20:06:21.703] Config(MEBASICNODE) SquadExpansion/MakingHistory/Nodes/Destroyed/Crashed
[LOG 20:06:21.703] Config(MEBASICNODE) SquadExpansion/MakingHistory/Nodes/DialogMessage/DialogMessage
[LOG 20:06:21.703] Config(MEBASICNODE) SquadExpansion/MakingHistory/Nodes/Distance/Distance
[LOG 20:06:21.703] Config(MEBASICNODE) SquadExpansion/MakingHistory/Nodes/EmptyFalse/EmptyFalse
[LOG 20:06:21.703] Config(MEBASICNODE) SquadExpansion/MakingHistory/Nodes/EmptyTrue/EmptyTrue
[LOG 20:06:21.703] Config(MEBASICNODE) SquadExpansion/MakingHistory/Nodes/EscapeSOI/SOILeft
[LOG 20:06:21.703] Config(MEBASICNODE) SquadExpansion/MakingHistory/Nodes/EVA/EVA
[LOG 20:06:21.703] Config(MEBASICNODE) SquadExpansion/MakingHistory/Nodes/Flying/Flying
[LOG 20:06:21.703] Config(MEBASICNODE) SquadExpansion/MakingHistory/Nodes/FundsRecovery/FundsRecovery
[LOG 20:06:21.703] Config(MEBASICNODE) SquadExpansion/MakingHistory/Nodes/KerbalBoarded/TestKerbalBoarded
[LOG 20:06:21.703] Config(MEBASICNODE) SquadExpansion/MakingHistory/Nodes/KerbalKilled/EVA
[LOG 20:06:21.703] Config(MEBASICNODE) SquadExpansion/MakingHistory/Nodes/KerbalRecovery/KerbalRecovery
[LOG 20:06:21.703] Config(MEBASICNODE) SquadExpansion/MakingHistory/Nodes/KerbalRescue/KerbalRescue
[LOG 20:06:21.703] Config(MEBASICNODE) SquadExpansion/MakingHistory/Nodes/Landed/Landed
[LOG 20:06:21.703] Config(MEBASICNODE) SquadExpansion/MakingHistory/Nodes/Message/Message
[LOG 20:06:21.703] Config(MEBASICNODE) SquadExpansion/MakingHistory/Nodes/MissionFunds/MissionFunds
[LOG 20:06:21.703] Config(MEBASICNODE) SquadExpansion/MakingHistory/Nodes/MissionScore/MissionScore
[LOG 20:06:21.703] Config(MEBASICNODE) SquadExpansion/MakingHistory/Nodes/Orbit/Orbit
[LOG 20:06:21.703] Config(MEBASICNODE) SquadExpansion/MakingHistory/Nodes/OrbitParams/OrbitParams
[LOG 20:06:21.703] Config(MEBASICNODE) SquadExpansion/MakingHistory/Nodes/PartDocking/TestPartDocking
[LOG 20:06:21.703] Config(MEBASICNODE) SquadExpansion/MakingHistory/Nodes/PartFailure/PartFailure
[LOG 20:06:21.703] Config(MEBASICNODE) SquadExpansion/MakingHistory/Nodes/PartGrapple/TestGrapple
[LOG 20:06:21.703] Config(MEBASICNODE) SquadExpansion/MakingHistory/Nodes/PartRepair/PartRepair
[LOG 20:06:21.703] Config(MEBASICNODE) SquadExpansion/MakingHistory/Nodes/PlaceKerbal/CreateKerbal
[LOG 20:06:21.703] Config(MEBASICNODE) SquadExpansion/MakingHistory/Nodes/PlantFlag/PlantFlag
[LOG 20:06:21.703] Config(MEBASICNODE) SquadExpansion/MakingHistory/Nodes/ReachSOI/ReachSOI
[LOG 20:06:21.703] Config(MEBASICNODE) SquadExpansion/MakingHistory/Nodes/Resource/ResourceAmount
[LOG 20:06:21.703] Config(MEBASICNODE) SquadExpansion/MakingHistory/Nodes/ResourceRecovery/TestResourcesRecovery
[LOG 20:06:21.704] Config(MEBASICNODE) SquadExpansion/MakingHistory/Nodes/ScienceExperiment/ScienceExperiment
[LOG 20:06:21.704] Config(MEBASICNODE) SquadExpansion/MakingHistory/Nodes/SetCamera/SetCamera
[LOG 20:06:21.704] Config(MEBASICNODE) SquadExpansion/MakingHistory/Nodes/SplashDown/SplashDown
[LOG 20:06:21.704] Config(MEBASICNODE) SquadExpansion/MakingHistory/Nodes/StageActivated/TestVesselStageActivated
[LOG 20:06:21.704] Config(MEBASICNODE) SquadExpansion/MakingHistory/Nodes/TakeKerbal/TestTakeKerbal
[LOG 20:06:21.704] Config(MEBASICNODE) SquadExpansion/MakingHistory/Nodes/TestFlyThrough/TestFlyThrough
[LOG 20:06:21.704] Config(MEBASICNODE) SquadExpansion/MakingHistory/Nodes/TestGoTo/TestGoTo
[LOG 20:06:21.704] Config(MEBASICNODE) SquadExpansion/MakingHistory/Nodes/TimeMET/TimeMET
[LOG 20:06:21.704] Config(MEBASICNODE) SquadExpansion/MakingHistory/Nodes/TimeOfMission/TimeOfMission
[LOG 20:06:21.704] Config(MEBASICNODE) SquadExpansion/MakingHistory/Nodes/TimeSinceNode/TestTimeSinceNode
[LOG 20:06:21.704] Config(MEBASICNODE) SquadExpansion/MakingHistory/Nodes/VesselActiveCount/TestVesselActiveCount
[LOG 20:06:21.704] Config(MEBASICNODE) SquadExpansion/MakingHistory/Nodes/VesselAltitudeGoal/VesselAltitudeGoal
[LOG 20:06:21.704] Config(MEBASICNODE) SquadExpansion/MakingHistory/Nodes/VesselCrewCount/VeselCrewCount
[LOG 20:06:21.704] Config(MEBASICNODE) SquadExpansion/MakingHistory/Nodes/VesselMassLogic/VesselMass
[LOG 20:06:21.704] Config(MEBASICNODE) SquadExpansion/MakingHistory/Nodes/VesselPartCount/PartCount
[LOG 20:06:21.704] Config(MEBASICNODE) SquadExpansion/MakingHistory/Nodes/VesselRecovery/TestVesselRecovery
[LOG 20:06:21.704] Config(MEBASICNODE) SquadExpansion/MakingHistory/Nodes/VesselStage/TestVesselStage
[LOG 20:06:21.704] Config(MEBASICNODE) SquadExpansion/MakingHistory/Nodes/VesselVelocity/VesselVelocity
[LOG 20:06:21.704] Config(PART) SquadExpansion/MakingHistory/Parts/Aero/protectiveRocketNoseMk16/rocketNoseCone_size4/rocketNoseConeSize4
[LOG 20:06:21.704] Config(PART) SquadExpansion/MakingHistory/Parts/Aero/protectiveRocketNoseMk5A/Size_1_5_Cone/Size_1_5_Cone
[LOG 20:06:21.704] Config(PART) SquadExpansion/MakingHistory/Parts/Coupling/Decoupler_1p5/Decoupler_1p5
[LOG 20:06:21.704] Config(PART) SquadExpansion/MakingHistory/Parts/Coupling/Decoupler_4/Decoupler_4
[LOG 20:06:21.704] Config(PART) SquadExpansion/MakingHistory/Parts/Coupling/EnginePlate_1p5/EnginePlate1p5
[LOG 20:06:21.704] Config(PART) SquadExpansion/MakingHistory/Parts/Coupling/EnginePlate_2/EnginePlate2
[LOG 20:06:21.704] Config(PART) SquadExpansion/MakingHistory/Parts/Coupling/EnginePlate_3/EnginePlate3
[LOG 20:06:21.704] Config(PART) SquadExpansion/MakingHistory/Parts/Coupling/EnginePlate_4/EnginePlate4
[LOG 20:06:21.705] Config(PART) SquadExpansion/MakingHistory/Parts/Coupling/EnginePlate_5/EnginePlate5
[LOG 20:06:21.705] Config(PART) SquadExpansion/MakingHistory/Parts/Coupling/InflatableAirlock/InflatableAirlock
[LOG 20:06:21.705] Config(PART) SquadExpansion/MakingHistory/Parts/Coupling/Separator_1p5/Separator_1p5
[LOG 20:06:21.705] Config(PART) SquadExpansion/MakingHistory/Parts/Coupling/Separator_4/Separator_4
[LOG 20:06:21.705] Config(PART) SquadExpansion/MakingHistory/Parts/Coupling/Size1p5_Strut_Decoupler/Size1p5_Strut_Decoupler
[LOG 20:06:21.705] Config(PART) SquadExpansion/MakingHistory/Parts/Engine/LiquidEngineKE-1/LiquidEngineKE-1
[LOG 20:06:21.705] Config(PART) SquadExpansion/MakingHistory/Parts/Engine/LiquidEngineLV-T91/LiquidEngineLV-T91
[LOG 20:06:21.705] Config(PART) SquadExpansion/MakingHistory/Parts/Engine/LiquidEngineLV-TX87/LiquidEngineLV-TX87
[LOG 20:06:21.705] Config(PART) SquadExpansion/MakingHistory/Parts/Engine/LiquidEngineRE-I2/LiquidEngineRE-I2
[LOG 20:06:21.705] Config(PART) SquadExpansion/MakingHistory/Parts/Engine/LiquidEngineRE-J10/LiquidEngineRE-J10
[LOG 20:06:21.705] Config(PART) SquadExpansion/MakingHistory/Parts/Engine/LiquidEngineRK-7/LiquidEngineRK-7
[LOG 20:06:21.705] Config(PART) SquadExpansion/MakingHistory/Parts/Engine/LiquidEngineRV-1/LiquidEngineRV-1
[LOG 20:06:21.705] Config(PART) SquadExpansion/MakingHistory/Parts/Engine/solidBoosterTHK/solidBoosterTHK/Pollux
[LOG 20:06:21.705] Config(PART) SquadExpansion/MakingHistory/Parts/FuelTank/MonoPropMini/monopropMiniSphere
[LOG 20:06:21.705] Config(PART) SquadExpansion/MakingHistory/Parts/FuelTank/Size1p5_Monoprop/Size1p5_Monoprop
[LOG 20:06:21.705] Config(PART) SquadExpansion/MakingHistory/Parts/FuelTank/Size1p5_Size0_Adapter_01/Size1p5_Size0_Adapter_01
[LOG 20:06:21.705] Config(PART) SquadExpansion/MakingHistory/Parts/FuelTank/Size1p5_Size1_Adapter_01/Size1p5_Size1_Adapter_01
[LOG 20:06:21.705] Config(PART) SquadExpansion/MakingHistory/Parts/FuelTank/Size1p5_Size1_Adapter_02/Size1p5_Size1_Adapter_02
[LOG 20:06:21.705] Config(PART) SquadExpansion/MakingHistory/Parts/FuelTank/Size1p5_Size2_Adapter_01/Size1p5_Size2_Adapter_01
[LOG 20:06:21.705] Config(PART) SquadExpansion/MakingHistory/Parts/FuelTank/Size1p5_Tank_01/Size1p5_Tank_01
[LOG 20:06:21.705] Config(PART) SquadExpansion/MakingHistory/Parts/FuelTank/Size1p5_Tank_02/Size1p5_Tank_02
[LOG 20:06:21.705] Config(PART) SquadExpansion/MakingHistory/Parts/FuelTank/Size1p5_Tank_03/Size1p5_Tank_03
[LOG 20:06:21.705] Config(PART) SquadExpansion/MakingHistory/Parts/FuelTank/Size1p5_Tank_04/Size1p5_Tank_04
[LOG 20:06:21.705] Config(PART) SquadExpansion/MakingHistory/Parts/FuelTank/Size1p5_Tank_05/Size1p5_Tank_05
[LOG 20:06:21.705] Config(PART) SquadExpansion/MakingHistory/Parts/FuelTank/Size3_Size4_Adapter_01/Size3_Size4_Adapter_01
[LOG 20:06:21.706] Config(PART) SquadExpansion/MakingHistory/Parts/FuelTank/Size4_EngineAdapter_01/Size4_EngineAdapter_01
[LOG 20:06:21.706] Config(PART) SquadExpansion/MakingHistory/Parts/FuelTank/Size4_Tank_01/Size4_Tank_01
[LOG 20:06:21.706] Config(PART) SquadExpansion/MakingHistory/Parts/FuelTank/Size4_Tank_02/Size4_Tank_02
[LOG 20:06:21.706] Config(PART) SquadExpansion/MakingHistory/Parts/FuelTank/Size4_Tank_03/Size4_Tank_03
[LOG 20:06:21.706] Config(PART) SquadExpansion/MakingHistory/Parts/FuelTank/Size4_Tank_04/Size4_Tank_04
[LOG 20:06:21.706] Config(PART) SquadExpansion/MakingHistory/Parts/Ground/RoverWheel/roverWheelM1-F
[LOG 20:06:21.706] Config(PART) SquadExpansion/MakingHistory/Parts/Payload/fairingSize1p5/fairingSize1p5
[LOG 20:06:21.706] Config(PART) SquadExpansion/MakingHistory/Parts/Payload/fairingSize4/fairingSize4
[LOG 20:06:21.706] Config(PART) SquadExpansion/MakingHistory/Parts/Payload/Size1to0ServiceModule/Size1to0ServiceModule
[LOG 20:06:21.706] Config(PART) SquadExpansion/MakingHistory/Parts/Payload/SM18/ServiceModule18
[LOG 20:06:21.706] Config(PART) SquadExpansion/MakingHistory/Parts/Payload/SM25/ServiceModule25
[LOG 20:06:21.706] Config(PART) SquadExpansion/MakingHistory/Parts/Pods/KV1Pod/kv1Pod
[LOG 20:06:21.706] Config(PART) SquadExpansion/MakingHistory/Parts/Pods/KV2Pod/kv2Pod
[LOG 20:06:21.706] Config(PART) SquadExpansion/MakingHistory/Parts/Pods/KV3Pod/kv3Pod
[LOG 20:06:21.706] Config(PART) SquadExpansion/MakingHistory/Parts/Pods/Mk2Pod/Mk2Pod
[LOG 20:06:21.706] Config(PART) SquadExpansion/MakingHistory/Parts/Pods/Size1_5_Lander/MEMLander
[LOG 20:06:21.706] Config(PART) SquadExpansion/MakingHistory/Parts/Prebuilt/kerbalEVAfemaleVintage/kerbalEVAfemaleVintage
[LOG 20:06:21.706] Config(PART) SquadExpansion/MakingHistory/Parts/Prebuilt/kerbalEVAVintage/kerbalEVAVintage
[LOG 20:06:21.706] Config(PART) SquadExpansion/MakingHistory/Parts/Structural/EquiTriangle0/EquiTriangle0
[LOG 20:06:21.706] Config(PART) SquadExpansion/MakingHistory/Parts/Structural/EquiTriangle1/EquiTriangle1
[LOG 20:06:21.706] Config(PART) SquadExpansion/MakingHistory/Parts/Structural/EquiTriangle1p5/EquiTriangle1p5
[LOG 20:06:21.706] Config(PART) SquadExpansion/MakingHistory/Parts/Structural/EquiTriangle2/EquiTriangle2
[LOG 20:06:21.706] Config(PART) SquadExpansion/MakingHistory/Parts/Structural/Panel0/Panel0
[LOG 20:06:21.706] Config(PART) SquadExpansion/MakingHistory/Parts/Structural/Panel1/Panel1
[LOG 20:06:21.706] Config(PART) SquadExpansion/MakingHistory/Parts/Structural/Panel1p5/Panel1p5
[LOG 20:06:21.706] Config(PART) SquadExpansion/MakingHistory/Parts/Structural/Panel2/Panel2
[LOG 20:06:21.707] Config(PART) SquadExpansion/MakingHistory/Parts/Structural/Triangle0/Triangle0
[LOG 20:06:21.707] Config(PART) SquadExpansion/MakingHistory/Parts/Structural/Triangle1/Triangle1
[LOG 20:06:21.707] Config(PART) SquadExpansion/MakingHistory/Parts/Structural/Triangle1p5/Triangle1p5
[LOG 20:06:21.707] Config(PART) SquadExpansion/MakingHistory/Parts/Structural/Triangle2/Triangle2
[LOG 20:06:21.707] Config(PART) SquadExpansion/MakingHistory/Parts/Structural/Tube1/Tube1
[LOG 20:06:21.707] Config(PART) SquadExpansion/MakingHistory/Parts/Structural/Tube1p5/Tube1p5
[LOG 20:06:21.707] Config(PART) SquadExpansion/MakingHistory/Parts/Structural/Tube2/Tube2
[LOG 20:06:21.707] Config(PART) SquadExpansion/MakingHistory/Parts/Structural/Tube3/Tube3
[LOG 20:06:21.707] Config(PART) SquadExpansion/MakingHistory/Parts/Structural/Tube4/Tube4
[LOG 20:06:21.707] Config(PART) SquadExpansion/MakingHistory/Parts/Thermal/HeatShield1p5/HeatShield1p5
[LOG 20:06:21.707] Config(PART) SquadExpansion/MakingHistory/Parts/Utility/flags/flagSize1p5/flagSize1p5/flagPartSize1p5
[LOG 20:06:21.707] Config(PART) SquadExpansion/MakingHistory/Parts/Utility/flags/flagSize4/flagSize4/flagPartSize4
[LOG 20:06:21.707] Config(INTERNAL) SquadExpansion/MakingHistory/Spaces/KVPods/Airlock_Internal/Airlock_IVA
[LOG 20:06:21.707] Config(INTERNAL) SquadExpansion/MakingHistory/Spaces/KVPods/KV1_Internal/KV1_IVA
[LOG 20:06:21.707] Config(INTERNAL) SquadExpansion/MakingHistory/Spaces/KVPods/KV2_Internal/KV2_IVA
[LOG 20:06:21.707] Config(INTERNAL) SquadExpansion/MakingHistory/Spaces/KVPods/KV3_Internal/KV3_IVA
[LOG 20:06:21.707] Config(INTERNAL) SquadExpansion/MakingHistory/Spaces/MEM/MEM_IVA/MEM_IVA
[LOG 20:06:21.707] Config(INTERNAL) SquadExpansion/MakingHistory/Spaces/Mk2Pod/Mk2Pod_Internal/MK2POD_IVA
[LOG 20:06:21.707] Config(Contracts) SquadExpansion/Serenity/Contracts/contracts/Contracts
[LOG 20:06:21.707] Config(EXPERIENCE_TRAIT) SquadExpansion/Serenity/Experience/Traits/Engineer
[LOG 20:06:21.707] Config(EXPERIENCE_TRAIT) SquadExpansion/Serenity/Experience/Traits/Scientist
[LOG 20:06:21.707] Config(Localization) SquadExpansion/Serenity/Localization/dictionary/Localization
[LOG 20:06:21.707] Config(PART) SquadExpansion/Serenity/Parts/Aero/FanShroud_01/FanShroud_01
[LOG 20:06:21.707] Config(PART) SquadExpansion/Serenity/Parts/Aero/FanShroud_02/FanShroud_02
[LOG 20:06:21.707] Config(PART) SquadExpansion/Serenity/Parts/Aero/FanShroud_03/FanShroud_03
[LOG 20:06:21.708] Config(PART) SquadExpansion/Serenity/Parts/Aero/noseconeTiny/noseconeTiny
[LOG 20:06:21.708] Config(PART) SquadExpansion/Serenity/Parts/Aero/noseconeVS/noseconeVS
[LOG 20:06:21.708] Config(PART) SquadExpansion/Serenity/Parts/DeployedScience/centralStation/DeployedCentralStation
[LOG 20:06:21.708] Config(PART) SquadExpansion/Serenity/Parts/DeployedScience/gooObservation/DeployedGoExOb
[LOG 20:06:21.708] Config(PART) SquadExpansion/Serenity/Parts/DeployedScience/ionCollector/DeployedIONExp
[LOG 20:06:21.708] Config(PART) SquadExpansion/Serenity/Parts/DeployedScience/rtg/DeployedRTG
[LOG 20:06:21.708] Config(PART) SquadExpansion/Serenity/Parts/DeployedScience/satDish/DeployedSatDish
[LOG 20:06:21.708] Config(PART) SquadExpansion/Serenity/Parts/DeployedScience/seismicSensor/DeployedSeismicSensor
[LOG 20:06:21.708] Config(PART) SquadExpansion/Serenity/Parts/DeployedScience/solarPanel/DeployedSolarPanel
[LOG 20:06:21.708] Config(PART) SquadExpansion/Serenity/Parts/DeployedScience/weatherStation/DeployedWeatherStn
[LOG 20:06:21.708] Config(PART) SquadExpansion/Serenity/Parts/Prebuilt/kerbalEVA/kerbalEVA
[LOG 20:06:21.708] Config(PART) SquadExpansion/Serenity/Parts/Prebuilt/kerbalEVAfemale/kerbalEVAfemale
[LOG 20:06:21.708] Config(PART) SquadExpansion/Serenity/Parts/Prebuilt/kerbalEVAfemaleFuture/kerbalEVAfemaleFuture
[LOG 20:06:21.708] Config(PART) SquadExpansion/Serenity/Parts/Prebuilt/kerbalEVAfemaleVintage/kerbalEVAfemaleVintage
[LOG 20:06:21.708] Config(PART) SquadExpansion/Serenity/Parts/Prebuilt/kerbalEVAFuture/kerbalEVAFuture
[LOG 20:06:21.708] Config(PART) SquadExpansion/Serenity/Parts/Prebuilt/kerbalEVASlimSuit/kerbalEVASlimSuit
[LOG 20:06:21.708] Config(PART) SquadExpansion/Serenity/Parts/Prebuilt/kerbalEVASlimSuitFemale/kerbalEVASlimSuitFemale
[LOG 20:06:21.708] Config(PART) SquadExpansion/Serenity/Parts/Prebuilt/kerbalEVAVintage/kerbalEVAVintage
[LOG 20:06:21.708] Config(PART) SquadExpansion/Serenity/Parts/Propellers/largeFanBlade/largeFanBlade
[LOG 20:06:21.708] Config(PART) SquadExpansion/Serenity/Parts/Propellers/largeHeliBlade/largeHeliBlade
[LOG 20:06:21.708] Config(PART) SquadExpansion/Serenity/Parts/Propellers/largePropeller/largePropeller
[LOG 20:06:21.708] Config(PART) SquadExpansion/Serenity/Parts/Propellers/mediumFanBlade/mediumFanBlade
[LOG 20:06:21.708] Config(PART) SquadExpansion/Serenity/Parts/Propellers/mediumHeliBlade/mediumHeliBlade
[LOG 20:06:21.708] Config(PART) SquadExpansion/Serenity/Parts/Propellers/mediumPropeller/mediumPropeller
[LOG 20:06:21.708] Config(PART) SquadExpansion/Serenity/Parts/Propellers/smallFanBlade/smallFanBlade
[LOG 20:06:21.708] Config(PART) SquadExpansion/Serenity/Parts/Propellers/smallHeliBlade/smallHeliBlade
[LOG 20:06:21.708] Config(PART) SquadExpansion/Serenity/Parts/Propellers/smallPropeller/smallPropeller
[LOG 20:06:21.709] Config(PART) SquadExpansion/Serenity/Parts/Robotics/hinge_01/hinge_01
[LOG 20:06:21.709] Config(PART) SquadExpansion/Serenity/Parts/Robotics/hinge_01_s/hinge_01_s
[LOG 20:06:21.709] Config(PART) SquadExpansion/Serenity/Parts/Robotics/hinge_03/hinge_03
[LOG 20:06:21.709] Config(PART) SquadExpansion/Serenity/Parts/Robotics/hinge_03_s/hinge_03_s
[LOG 20:06:21.709] Config(PART) SquadExpansion/Serenity/Parts/Robotics/hinge_04/hinge_04
[LOG 20:06:21.709] Config(PART) SquadExpansion/Serenity/Parts/Robotics/piston_01/piston_01
[LOG 20:06:21.709] Config(PART) SquadExpansion/Serenity/Parts/Robotics/piston_02/piston_02
[LOG 20:06:21.709] Config(PART) SquadExpansion/Serenity/Parts/Robotics/piston_03/piston_03
[LOG 20:06:21.709] Config(PART) SquadExpansion/Serenity/Parts/Robotics/piston_04/piston_04
[LOG 20:06:21.709] Config(PART) SquadExpansion/Serenity/Parts/Robotics/RotorEngine_02/RotorEngine_02
[LOG 20:06:21.709] Config(PART) SquadExpansion/Serenity/Parts/Robotics/RotorEngine_03/RotorEngine_03
[LOG 20:06:21.709] Config(PART) SquadExpansion/Serenity/Parts/Robotics/rotor_01/rotor_01
[LOG 20:06:21.709] Config(PART) SquadExpansion/Serenity/Parts/Robotics/rotor_01s/rotor_01s
[LOG 20:06:21.709] Config(PART) SquadExpansion/Serenity/Parts/Robotics/rotor_02/rotor_02
[LOG 20:06:21.709] Config(PART) SquadExpansion/Serenity/Parts/Robotics/rotor_02s/rotor_02s
[LOG 20:06:21.709] Config(PART) SquadExpansion/Serenity/Parts/Robotics/rotor_03/rotor_03
[LOG 20:06:21.709] Config(PART) SquadExpansion/Serenity/Parts/Robotics/rotor_03s/rotor_03s
[LOG 20:06:21.709] Config(PART) SquadExpansion/Serenity/Parts/Robotics/rotoServo_00/rotoServo_00
[LOG 20:06:21.709] Config(PART) SquadExpansion/Serenity/Parts/Robotics/rotoServo_02/rotoServo_02
[LOG 20:06:21.709] Config(PART) SquadExpansion/Serenity/Parts/Robotics/rotoServo_03/rotoServo_03
[LOG 20:06:21.709] Config(PART) SquadExpansion/Serenity/Parts/Robotics/rotoServo_04/rotoServo_04
[LOG 20:06:21.709] Config(PART) SquadExpansion/Serenity/Parts/Robotics/Controllers/KAL1000/controller1000
[LOG 20:06:21.709] Config(PART) SquadExpansion/Serenity/Parts/Science/RobotArmScanner/RobotArmScanner_S1/RobotArmScanner_S1
[LOG 20:06:21.709] Config(PART) SquadExpansion/Serenity/Parts/Science/RobotArmScanner/RobotArmScanner_S2/RobotArmScanner_S2
[LOG 20:06:21.709] Config(PART) SquadExpansion/Serenity/Parts/Science/RobotArmScanner/RobotArmScanner_S3/RobotArmScanner_S3
[LOG 20:06:21.709] Config(PART) SquadExpansion/Serenity/Parts/Structural/gripPads/lGripPad/lGripPad
[LOG 20:06:21.710] Config(PART) SquadExpansion/Serenity/Parts/Structural/gripPads/lGripStrip/lGripStrip
[LOG 20:06:21.710] Config(PART) SquadExpansion/Serenity/Parts/Structural/gripPads/mGripPad/mGripPad
[LOG 20:06:21.710] Config(PART) SquadExpansion/Serenity/Parts/Structural/gripPads/sGripPad/sGripPad
[LOG 20:06:21.710] Config(PART) SquadExpansion/Serenity/Parts/Structural/gripPads/sGripStrip/sGripStrip
[LOG 20:06:21.710] Config(DEPLOYEDSCIENCE) SquadExpansion/Serenity/Resources/DeployedScience/DEPLOYEDSCIENCE
[LOG 20:06:21.710] Config(PHYSICMATERIAL_DEFINITION) SquadExpansion/Serenity/Resources/PhysicsMaterials/MediumGrip
[LOG 20:06:21.710] Config(PHYSICMATERIAL_DEFINITION) SquadExpansion/Serenity/Resources/PhysicsMaterials/HighGrip
[LOG 20:06:21.710] Config(PHYSICMATERIAL_DEFINITION) SquadExpansion/Serenity/Resources/PhysicsMaterials/ExtremeGrip
[LOG 20:06:21.710] Config(PHYSICMATERIAL_DEFINITION) SquadExpansion/Serenity/Resources/PhysicsMaterials/LowGrip
[LOG 20:06:21.710] Config(PHYSICMATERIAL_DEFINITION) SquadExpansion/Serenity/Resources/PhysicsMaterials/Default
[LOG 20:06:21.710] Config(ROC_DEFINITION) SquadExpansion/Serenity/Resources/rocsdef/ROC_DEFINITION
[LOG 20:06:21.710] Config(ROC_DEFINITION) SquadExpansion/Serenity/Resources/rocsdef/ROC_DEFINITION
[LOG 20:06:21.710] Config(ROC_DEFINITION) SquadExpansion/Serenity/Resources/rocsdef/ROC_DEFINITION
[LOG 20:06:21.710] Config(ROC_DEFINITION) SquadExpansion/Serenity/Resources/rocsdef/ROC_DEFINITION
[LOG 20:06:21.710] Config(ROC_DEFINITION) SquadExpansion/Serenity/Resources/rocsdef/ROC_DEFINITION
[LOG 20:06:21.710] Config(ROC_DEFINITION) SquadExpansion/Serenity/Resources/rocsdef/ROC_DEFINITION
[LOG 20:06:21.710] Config(ROC_DEFINITION) SquadExpansion/Serenity/Resources/rocsdef/ROC_DEFINITION
[LOG 20:06:21.710] Config(ROC_DEFINITION) SquadExpansion/Serenity/Resources/rocsdef/ROC_DEFINITION
[LOG 20:06:21.710] Config(ROC_DEFINITION) SquadExpansion/Serenity/Resources/rocsdef/ROC_DEFINITION
[LOG 20:06:21.710] Config(ROC_DEFINITION) SquadExpansion/Serenity/Resources/rocsdef/ROC_DEFINITION
[LOG 20:06:21.710] Config(ROC_DEFINITION) SquadExpansion/Serenity/Resources/rocsdef/ROC_DEFINITION
[LOG 20:06:21.710] Config(ROC_DEFINITION) SquadExpansion/Serenity/Resources/rocsdef/ROC_DEFINITION
[LOG 20:06:21.710] Config(ROC_DEFINITION) SquadExpansion/Serenity/Resources/rocsdef/ROC_DEFINITION
[LOG 20:06:21.710] Config(ROC_DEFINITION) SquadExpansion/Serenity/Resources/rocsdef/ROC_DEFINITION
[LOG 20:06:21.710] Config(ROC_DEFINITION) SquadExpansion/Serenity/Resources/rocsdef/ROC_DEFINITION
[LOG 20:06:21.710] Config(ROC_DEFINITION) SquadExpansion/Serenity/Resources/rocsdef/ROC_DEFINITION
[LOG 20:06:21.710] Config(ROC_DEFINITION) SquadExpansion/Serenity/Resources/rocsdef/ROC_DEFINITION
[LOG 20:06:21.710] Config(ROC_DEFINITION) SquadExpansion/Serenity/Resources/rocsdef/ROC_DEFINITION
[LOG 20:06:21.710] Config(ROC_DEFINITION) SquadExpansion/Serenity/Resources/rocsdef/ROC_DEFINITION
[LOG 20:06:21.710] Config(ROC_DEFINITION) SquadExpansion/Serenity/Resources/rocsdef/ROC_DEFINITION
[LOG 20:06:21.711] Config(ROC_DEFINITION) SquadExpansion/Serenity/Resources/rocsdef/ROC_DEFINITION
[LOG 20:06:21.711] Config(ROC_DEFINITION) SquadExpansion/Serenity/Resources/rocsdef/ROC_DEFINITION
[LOG 20:06:21.711] Config(ROC_DEFINITION) SquadExpansion/Serenity/Resources/rocsdef/ROC_DEFINITION
[LOG 20:06:21.711] Config(ROC_DEFINITION) SquadExpansion/Serenity/Resources/rocsdef/ROC_DEFINITION
[LOG 20:06:21.711] Config(ROC_DEFINITION) SquadExpansion/Serenity/Resources/rocsdef/ROC_DEFINITION
[LOG 20:06:21.711] Config(ROC_DEFINITION) SquadExpansion/Serenity/Resources/rocsdef/ROC_DEFINITION
[LOG 20:06:21.711] Config(ROC_DEFINITION) SquadExpansion/Serenity/Resources/rocsdef/ROC_DEFINITION
[LOG 20:06:21.711] Config(ROC_DEFINITION) SquadExpansion/Serenity/Resources/rocsdef/ROC_DEFINITION
[LOG 20:06:21.711] Config(ROC_DEFINITION) SquadExpansion/Serenity/Resources/rocsdef/ROC_DEFINITION
[LOG 20:06:21.711] Config(ROC_DEFINITION) SquadExpansion/Serenity/Resources/rocsdef/ROC_DEFINITION
[LOG 20:06:21.711] Config(ROC_DEFINITION) SquadExpansion/Serenity/Resources/rocsdef/ROC_DEFINITION
[LOG 20:06:21.711] Config(ROC_DEFINITION) SquadExpansion/Serenity/Resources/rocsdef/ROC_DEFINITION
[LOG 20:06:21.711] Config(ROC_DEFINITION) SquadExpansion/Serenity/Resources/rocsdef/ROC_DEFINITION
[LOG 20:06:21.711] Config(ROC_DEFINITION) SquadExpansion/Serenity/Resources/rocsdef/ROC_DEFINITION
[LOG 20:06:21.711] Config(EXPERIMENT_DEFINITION) SquadExpansion/Serenity/Resources/ScienceDefs/EXPERIMENT_DEFINITION
[LOG 20:06:21.711] Config(EXPERIMENT_DEFINITION) SquadExpansion/Serenity/Resources/ScienceDefs/EXPERIMENT_DEFINITION
[LOG 20:06:21.711] Config(EXPERIMENT_DEFINITION) SquadExpansion/Serenity/Resources/ScienceDefs/EXPERIMENT_DEFINITION
[LOG 20:06:21.711] Config(EXPERIMENT_DEFINITION) SquadExpansion/Serenity/Resources/ScienceDefs/EXPERIMENT_DEFINITION
[LOG 20:06:21.711] Config(EXPERIMENT_DEFINITION) SquadExpansion/Serenity/Resources/ScienceDefs/EXPERIMENT_DEFINITION
[LOG 20:06:21.711] Config(EXPERIMENT_DEFINITION) SquadExpansion/Serenity/Resources/ScienceDefs/EXPERIMENT_DEFINITION
[LOG 20:06:21.711] Config(EXPERIMENT_DEFINITION) SquadExpansion/Serenity/Resources/ScienceDefs/EXPERIMENT_DEFINITION
[LOG 20:06:21.711] Config(EXPERIMENT_DEFINITION) SquadExpansion/Serenity/Resources/ScienceDefs/EXPERIMENT_DEFINITION
[LOG 20:06:21.711] Config(EXPERIMENT_DEFINITION) SquadExpansion/Serenity/Resources/ScienceDefs/EXPERIMENT_DEFINITION
[LOG 20:06:21.711] Config(EXPERIMENT_DEFINITION) SquadExpansion/Serenity/Resources/ScienceDefs/EXPERIMENT_DEFINITION
[LOG 20:06:21.711] Config(EXPERIMENT_DEFINITION) SquadExpansion/Serenity/Resources/ScienceDefs/EXPERIMENT_DEFINITION
[LOG 20:06:21.711] Config(EXPERIMENT_DEFINITION) SquadExpansion/Serenity/Resources/ScienceDefs/EXPERIMENT_DEFINITION
[LOG 20:06:21.711] Config(EXPERIMENT_DEFINITION) SquadExpansion/Serenity/Resources/ScienceDefs/EXPERIMENT_DEFINITION
[LOG 20:06:21.711] Config(EXPERIMENT_DEFINITION) SquadExpansion/Serenity/Resources/ScienceDefs/EXPERIMENT_DEFINITION
[LOG 20:06:21.711] Config(EXPERIMENT_DEFINITION) SquadExpansion/Serenity/Resources/ScienceDefs/EXPERIMENT_DEFINITION
[LOG 20:06:21.712] Config(EXPERIMENT_DEFINITION) SquadExpansion/Serenity/Resources/ScienceDefs/EXPERIMENT_DEFINITION
[LOG 20:06:21.712] Config(EXPERIMENT_DEFINITION) SquadExpansion/Serenity/Resources/ScienceDefs/EXPERIMENT_DEFINITION
[LOG 20:06:21.712] Config(EXPERIMENT_DEFINITION) SquadExpansion/Serenity/Resources/ScienceDefs/EXPERIMENT_DEFINITION
[LOG 20:06:21.712] Config(EXPERIMENT_DEFINITION) SquadExpansion/Serenity/Resources/ScienceDefs/EXPERIMENT_DEFINITION
[LOG 20:06:21.712] Config(EXPERIMENT_DEFINITION) SquadExpansion/Serenity/Resources/ScienceDefs/EXPERIMENT_DEFINITION
[LOG 20:06:21.712] Config(EXPERIMENT_DEFINITION) SquadExpansion/Serenity/Resources/ScienceDefs/EXPERIMENT_DEFINITION
[LOG 20:06:21.712] Config(EXPERIMENT_DEFINITION) SquadExpansion/Serenity/Resources/ScienceDefs/EXPERIMENT_DEFINITION
[LOG 20:06:21.712] Config(EXPERIMENT_DEFINITION) SquadExpansion/Serenity/Resources/ScienceDefs/EXPERIMENT_DEFINITION
[LOG 20:06:21.712] Config(EXPERIMENT_DEFINITION) SquadExpansion/Serenity/Resources/ScienceDefs/EXPERIMENT_DEFINITION
[LOG 20:06:21.712] Config(EXPERIMENT_DEFINITION) SquadExpansion/Serenity/Resources/ScienceDefs/EXPERIMENT_DEFINITION
[LOG 20:06:21.712] Config(EXPERIMENT_DEFINITION) SquadExpansion/Serenity/Resources/ScienceDefs/EXPERIMENT_DEFINITION
[LOG 20:06:21.712] Config(EXPERIMENT_DEFINITION) SquadExpansion/Serenity/Resources/ScienceDefs/EXPERIMENT_DEFINITION
[LOG 20:06:21.712] Config(EXPERIMENT_DEFINITION) SquadExpansion/Serenity/Resources/ScienceDefs/EXPERIMENT_DEFINITION
[LOG 20:06:21.712] Config(EXPERIMENT_DEFINITION) SquadExpansion/Serenity/Resources/ScienceDefs/EXPERIMENT_DEFINITION
[LOG 20:06:21.712] Config(EXPERIMENT_DEFINITION) SquadExpansion/Serenity/Resources/ScienceDefs/EXPERIMENT_DEFINITION
[LOG 20:06:21.712] Config(EXPERIMENT_DEFINITION) SquadExpansion/Serenity/Resources/ScienceDefs/EXPERIMENT_DEFINITION
[LOG 20:06:21.712] Config(EXPERIMENT_DEFINITION) SquadExpansion/Serenity/Resources/ScienceDefs/EXPERIMENT_DEFINITION
[LOG 20:06:21.712] Config(EXPERIMENT_DEFINITION) SquadExpansion/Serenity/Resources/ScienceDefs/EXPERIMENT_DEFINITION
[LOG 20:06:21.712] Config(EXPERIMENT_DEFINITION) SquadExpansion/Serenity/Resources/ScienceDefs/EXPERIMENT_DEFINITION
[LOG 20:06:21.712] Config(EXPERIMENT_DEFINITION) SquadExpansion/Serenity/Resources/ScienceDefs/EXPERIMENT_DEFINITION
[LOG 20:06:21.712] Config(EXPERIMENT_DEFINITION) SquadExpansion/Serenity/Resources/ScienceDefs/EXPERIMENT_DEFINITION
[LOG 20:06:21.712] Config(EXPERIMENT_DEFINITION) SquadExpansion/Serenity/Resources/ScienceDefs/EXPERIMENT_DEFINITION
[LOG 20:06:21.712] Config(EXPERIMENT_DEFINITION) SquadExpansion/Serenity/Resources/ScienceDefs/EXPERIMENT_DEFINITION
[LOG 20:06:21.712] Config(STORY_DEF) SquadExpansion/Serenity/Resources/StoryDefs/STORY_DEF
[LOG 20:06:21.712] Compiling Configs Completed.
[LOG 20:06:21.715] Resource LiquidFuel added to database
[LOG 20:06:21.715] Resource Oxidizer added to database
[LOG 20:06:21.716] Resource SolidFuel added to database
[LOG 20:06:21.716] Resource MonoPropellant added to database
[LOG 20:06:21.716] Resource XenonGas added to database
[LOG 20:06:21.716] Resource ElectricCharge added to database
[LOG 20:06:21.716] Resource IntakeAir added to database
[LOG 20:06:21.716] Resource EVA Propellant added to database
[LOG 20:06:21.716] Resource Ore added to database
[LOG 20:06:21.716] Resource Ablator added to database
[LOG 20:06:21.718] Resource MediumGrip added to database
[LOG 20:06:21.718] Resource HighGrip added to database
[LOG 20:06:21.718] Resource ExtremeGrip added to database
[LOG 20:06:21.718] Resource LowGrip added to database
[LOG 20:06:21.718] Resource Default added to database
[LOG 20:06:21.718] CodeAssetLoader: Compiling all code assets
[LOG 20:06:21.723] ExperienceSystemConfig: Added Effect 'DeployedSciencePowerSkill' to Trait 'Ingénieur'
[LOG 20:06:21.723] ExperienceSystemConfig: Added Effect 'DeployedScienceExpSkill' to Trait 'Scientifique'
[LOG 20:06:21.728] ConfigNode[]
[LOG 20:06:21.728] GameDatabase: Assets loaded in 31.186s
[LOG 20:06:21.730] [ModuleManager] Waited 0.000s for patching to finish
[LOG 20:06:21.730] [ModuleManager] Applying patched game database
[LOG 20:06:21.732] [ModuleManager] Dumping ModuleManager log to main log
[LOG 20:06:21.733] [ModuleManager] 
#### BEGIN MODULEMANAGER LOG ####


[LOG 20:05:58.031] Log started at 2026-09-22 20:05:58.031
[LOG 20:06:00.328] Checking Cache
[LOG 20:06:00.651] SHA generated in 0.321s
[LOG 20:06:00.651]       SHA = 8C-49-EC-1F-19-1A-7D-E3-07-3D-5D-6A-99-20-B0-E0-31-BA-2E-3F-74-4C-6F-9B-C2-74-A5-70-82-04-4C-32
[LOG 20:06:00.695] Cache SHA = 2E-DE-3D-EE-9C-51-97-31-85-EB-F7-28-19-2D-1E-BA-AD-9D-9B-89-EA-9F-8B-94-44-E3-3E-0F-83-33-0E-07
[LOG 20:06:00.695] useCache = False
[LOG 20:06:00.696] Pre patch init
[LOG 20:06:01.047] compiling list of loaded mods...
Mod DLLs found:
  Name                                    Assembly Version         Assembly File Version    KSPAssembly Version      SHA256

  Assembly-CSharp                         0.0.0.0                  0.0.0.0                  1.12                     d9e42483f25ee80a9c11d6c1c0a0d29b4ec78c1e08d76c971b71580c9cce51e4
  ModuleManager                           4.2.3.0                  4.2.3.0                  2.5                      95847827ab293b9e82a19b7efb97ffea3e98cc03b181862536ac8eb572e30d7d
  0Harmony                                2.2.1.0                  2.2.1.0                                           19ce60ac3280f72ec1751d36a40cb7e2fece2934df8345969dc7feb83bd633e4
  HarmonyInstallChecker                   2.2.1.0                  2.2.1.0                  1.0                      f11e659e91a52c21c5bda78e52b82a7bdc246bcab6a999733af3c69a11a9dc0e
  0_MultipleModuleInPartAPI               1.0.0.0                  1.0.0.0                  1.0                      df4a22fb0535de7fa154ca234b50dd7c2fc6be879e4a877d9bad1f87bafafcbf
  KSPCommunityFixes                       1.41.0.0                 1.41.1.0                 1.41                     e08ebbec7ab34f4f7ff56d6e900051bb0d259a4bc092881d7db3ca2f9f2e9a11
  TerrainPrecisionFixDiagMod              1.0.9761.35878           1.0.9761.35878                                    6c4827868503396775a5b6cba93723a59eb6737b45bde9612dea23557944ce81
Non-DLL mods added (:FOR[xxx]):
Mods by directory (sub directories of GameData):
  000_Harmony
  Squad
  SquadExpansion
Mods added by assemblies:

[LOG 20:06:01.049] Loading Physics.cfg
[LOG 20:06:01.051] Extracting patches
[LOG 20:06:01.069] Deleting root node in file KSPCommunityFixes/MMPatches/ModSupport/FixDockingNodes node: @PART[*]:HAS[@MODULE[ModuleDockingNodeFixed]]:NEEDS[FixDockingNodes]:FINAL as it can't satisfy its NEEDS
[LOG 20:06:01.071] Deleting root node in file KSPCommunityFixes/MMPatches/ModSupport/KSPRecall node: @KSP_COMMUNITY_FIXES:NEEDS[AttachedOnEditor] as it can't satisfy its NEEDS
[LOG 20:06:01.071] Deleting root node in file KSPCommunityFixes/MMPatches/ModSupport/UniversalStorage node: @KSP_COMMUNITY_FIXES:NEEDS[UniversalStorage2] as it can't satisfy its NEEDS
[LOG 20:06:01.153] Applying patches
[LOG 20:06:01.155] :INSERT (initial) pass
[LOG 20:06:01.199] :FIRST pass
[LOG 20:06:01.205] Applying update KSPCommunityFixes/MMPatches/StockTweaks/LadderToggleableLight/@PART[telescopicLadderBay]:FIRST to Squad/Parts/Utility/ladderTelescopicBay/ladderTelescopicBay.cfg/PART[telescopicLadderBay]
[LOG 20:06:01.221] Applying update KSPCommunityFixes/MMPatches/StockTweaks/LadderToggleableLight/@PART[telescopicLadderBay]:HAS[#LadderToggleableLight[?rue]]:FIRST to Squad/Parts/Utility/ladderTelescopicBay/ladderTelescopicBay.cfg/PART[telescopicLadderBay]
[LOG 20:06:01.222] Applying update KSPCommunityFixes/MMPatches/StockTweaks/LadderToggleableLight/@PART[telescopicLadderBay]:HAS[#LadderToggleableLight]:FIRST to Squad/Parts/Utility/ladderTelescopicBay/ladderTelescopicBay.cfg/PART[telescopicLadderBay]
[LOG 20:06:01.223] Applying update KSPCommunityFixes/MMPatches/StockTweaks/LandingGearLights/@PART[GearSmall]:FIRST to Squad/Parts/Wheel/LandingGear/GearMedium.cfg/PART[GearSmall]
[LOG 20:06:01.233] Applying update KSPCommunityFixes/MMPatches/StockTweaks/LandingGearLights/@PART[SmallGearBay]:FIRST to Squad/Parts/Wheel/LandingGear/GearSmall.cfg/PART[SmallGearBay]
[LOG 20:06:01.233] :LEGACY (default) pass
[LOG 20:06:01.235] :BEFORE[0_MULTIPLEMODULEINPARTAPI] pass
[LOG 20:06:01.235] :FOR[0_MULTIPLEMODULEINPARTAPI] pass
[LOG 20:06:01.235] :AFTER[0_MULTIPLEMODULEINPARTAPI] pass
[LOG 20:06:01.235] :BEFORE[000_HARMONY] pass
[LOG 20:06:01.235] :FOR[000_HARMONY] pass
[LOG 20:06:01.235] :AFTER[000_HARMONY] pass
[LOG 20:06:01.235] :BEFORE[0HARMONY] pass
[LOG 20:06:01.235] :FOR[0HARMONY] pass
[LOG 20:06:01.235] :AFTER[0HARMONY] pass
[LOG 20:06:01.235] :BEFORE[ASSEMBLY-CSHARP] pass
[LOG 20:06:01.235] :FOR[ASSEMBLY-CSHARP] pass
[LOG 20:06:01.235] :AFTER[ASSEMBLY-CSHARP] pass
[LOG 20:06:01.235] :BEFORE[HARMONYINSTALLCHECKER] pass
[LOG 20:06:01.235] :FOR[HARMONYINSTALLCHECKER] pass
[LOG 20:06:01.235] :AFTER[HARMONYINSTALLCHECKER] pass
[LOG 20:06:01.235] :BEFORE[KSPCOMMUNITYFIXES] pass
[LOG 20:06:01.235] :FOR[KSPCOMMUNITYFIXES] pass
[LOG 20:06:01.236] Applying update KSPCommunityFixes/MMPatches/StockTweaks/ManufacturerFixes/@PART[sasModule]:FOR[KSPCommunityFixes] to Squad/Parts/Command/inlineReactionWheel/inlineReactionWheel.cfg/PART[sasModule]
[LOG 20:06:01.237] Applying update KSPCommunityFixes/MMPatches/StockTweaks/ManufacturerFixes/@PART[xenonTankRadial]:FOR[KSPCommunityFixes] to Squad/Parts/FuelTank/xenonTankRadial/xenonTankRadial.cfg/PART[xenonTankRadial]
[LOG 20:06:01.237] Applying update KSPCommunityFixes/MMPatches/StockTweaks/ManufacturerFixes/@PART[winglet|fireworksLauncherSmall|fireworksLauncherBig]:FOR[KSPCommunityFixes] to Squad/Parts/Aero/wingletAV-T1/wingletAV-T1.cfg/PART[winglet]
[LOG 20:06:01.238] Applying update KSPCommunityFixes/MMPatches/StockTweaks/ManufacturerFixes/@PART[winglet|fireworksLauncherSmall|fireworksLauncherBig]:FOR[KSPCommunityFixes] to Squad/Parts/Utility/Fireworks/fireworksLauncherBig.cfg/PART[fireworksLauncherBig]
[LOG 20:06:01.238] Applying update KSPCommunityFixes/MMPatches/StockTweaks/ManufacturerFixes/@PART[winglet|fireworksLauncherSmall|fireworksLauncherBig]:FOR[KSPCommunityFixes] to Squad/Parts/Utility/Fireworks/fireworksLauncherSmall.cfg/PART[fireworksLauncherSmall]
[LOG 20:06:01.238] Applying update KSPCommunityFixes/MMPatches/StockTweaks/ManufacturerFixes/@PART[solidBooster_sm_v2|solidBooster_v2]:FOR[KSPCommunityFixes] to Squad/Parts/Engine/Size1_SRBs/solidBoosterRT-10_v2.cfg/PART[solidBooster_v2]
[LOG 20:06:01.239] Applying update KSPCommunityFixes/MMPatches/StockTweaks/ManufacturerFixes/@PART[solidBooster_sm_v2|solidBooster_v2]:FOR[KSPCommunityFixes] to Squad/Parts/Engine/Size1_SRBs/solidBoosterRT-5_v2.cfg/PART[solidBooster_sm_v2]
[LOG 20:06:01.240] Applying update KSPCommunityFixes/MMPatches/StockTweaks/ManufacturerFixes/@PART[ServiceBay_125_v2|ServiceBay_250_v2]:FOR[KSPCommunityFixes] to Squad/Parts/Utility/ServiceBay_v2/ServiceBay_125_v2.cfg/PART[ServiceBay_125_v2]
[LOG 20:06:01.240] Applying update KSPCommunityFixes/MMPatches/StockTweaks/ManufacturerFixes/@PART[ServiceBay_125_v2|ServiceBay_250_v2]:FOR[KSPCommunityFixes] to Squad/Parts/Utility/ServiceBay_v2/ServiceBay_250_v2.cfg/PART[ServiceBay_250_v2]
[LOG 20:06:01.241] Applying update KSPCommunityFixes/MMPatches/StockTweaks/ManufacturerFixes/@PART[externalTankCapsule]:FOR[KSPCommunityFixes] to Squad/Parts/FuelTank/FoilTanks/RadialTank_Capsule.cfg/PART[externalTankCapsule]
[LOG 20:06:01.242] Applying update KSPCommunityFixes/MMPatches/StockTweaks/ManufacturerFixes/@PART[RCSFuelTank|rcsTankMini|RCSTank1-2]:FOR[KSPCommunityFixes] to Squad/Parts/FuelTank/RCSFuelTankR1/RCSFuelTankR1.cfg/PART[RCSTank1-2]
[LOG 20:06:01.242] Applying update KSPCommunityFixes/MMPatches/StockTweaks/ManufacturerFixes/@PART[RCSFuelTank|rcsTankMini|RCSTank1-2]:FOR[KSPCommunityFixes] to Squad/Parts/FuelTank/RCSFuelTankR10/RCSFuelTankR10.cfg/PART[rcsTankMini]
[LOG 20:06:01.242] Applying update KSPCommunityFixes/MMPatches/StockTweaks/ManufacturerFixes/@PART[RCSFuelTank|rcsTankMini|RCSTank1-2]:FOR[KSPCommunityFixes] to Squad/Parts/FuelTank/RCSFuelTankR25/RCSFuelTankR25.cfg/PART[RCSFuelTank]
[LOG 20:06:01.243] Applying update KSPCommunityFixes/MMPatches/StockTweaks/ManufacturerFixes/@PART[landerCabinSmall]:FOR[KSPCommunityFixes] to Squad/Parts/Command/mk1LanderCan/mk1LanderCan.cfg/PART[landerCabinSmall]
[LOG 20:06:01.245] Applying update KSPCommunityFixes/MMPatches/StockTweaks/ManufacturerFixes/@PART[dockingPortLateral]:FOR[KSPCommunityFixes] to Squad/Parts/Utility/dockingPortInline/dockingPortInline.cfg/PART[dockingPortLateral]
[LOG 20:06:01.246] Applying update KSPCommunityFixes/MMPatches/StockTweaks/ManufacturerFixes/@PART[EnginePlate4]:FOR[KSPCommunityFixes]:NEEDS[SquadExpansion/MakingHistory] to SquadExpansion/MakingHistory/Parts/Coupling/EnginePlate_4.cfg/PART[EnginePlate4]
[LOG 20:06:01.248] Applying update KSPCommunityFixes/MMPatches/StockTweaks/ManufacturerFixes/@PART[Mk2Pod]:FOR[KSPCommunityFixes]:NEEDS[SquadExpansion/MakingHistory] to SquadExpansion/MakingHistory/Parts/Pods/Mk2Pod.cfg/PART[Mk2Pod]
[LOG 20:06:01.249] Applying update KSPCommunityFixes/MMPatches/StockTweaks/ManufacturerFixes/@PART[evaChute|parachuteSingle|parachuteRadial|radialDrogue|parachuteLarge|parachuteDrogue]:FOR[KSPCommunityFixes] to Squad/Parts/Cargo/Parachute/Parachute.cfg/PART[evaChute]
[LOG 20:06:01.251] Applying update KSPCommunityFixes/MMPatches/StockTweaks/ManufacturerFixes/@PART[evaChute|parachuteSingle|parachuteRadial|radialDrogue|parachuteLarge|parachuteDrogue]:FOR[KSPCommunityFixes] to Squad/Parts/Utility/parachuteMk1/parachuteMk1.cfg/PART[parachuteSingle]
[LOG 20:06:01.251] Applying update KSPCommunityFixes/MMPatches/StockTweaks/ManufacturerFixes/@PART[evaChute|parachuteSingle|parachuteRadial|radialDrogue|parachuteLarge|parachuteDrogue]:FOR[KSPCommunityFixes] to Squad/Parts/Utility/parachuteMk12-R/parachuteMk12-R.cfg/PART[radialDrogue]
[LOG 20:06:01.251] Applying update KSPCommunityFixes/MMPatches/StockTweaks/ManufacturerFixes/@PART[evaChute|parachuteSingle|parachuteRadial|radialDrogue|parachuteLarge|parachuteDrogue]:FOR[KSPCommunityFixes] to Squad/Parts/Utility/parachuteMk16-XL/parachuteMk16-XL.cfg/PART[parachuteLarge]
[LOG 20:06:01.252] Applying update KSPCommunityFixes/MMPatches/StockTweaks/ManufacturerFixes/@PART[evaChute|parachuteSingle|parachuteRadial|radialDrogue|parachuteLarge|parachuteDrogue]:FOR[KSPCommunityFixes] to Squad/Parts/Utility/parachuteMk2-R/parachuteMk2-R.cfg/PART[parachuteRadial]
[LOG 20:06:01.252] Applying update KSPCommunityFixes/MMPatches/StockTweaks/ManufacturerFixes/@PART[evaChute|parachuteSingle|parachuteRadial|radialDrogue|parachuteLarge|parachuteDrogue]:FOR[KSPCommunityFixes] to Squad/Parts/Utility/parachuteMk25/parachuteMk25.cfg/PART[parachuteDrogue]
[LOG 20:06:01.255] Applying update KSPCommunityFixes/MMPatches/StockTweaks/ManufacturerFixes/@PART[stackPoint1|dockingPort1|dockingPort2|dockingPort3|dockingPortLarge]:FOR[KSPCommunityFixes] to Squad/Parts/Utility/dockingPort/dockingPort.cfg/PART[dockingPort2]
[LOG 20:06:01.255] Applying update KSPCommunityFixes/MMPatches/StockTweaks/ManufacturerFixes/@PART[stackPoint1|dockingPort1|dockingPort2|dockingPort3|dockingPortLarge]:FOR[KSPCommunityFixes] to Squad/Parts/Utility/dockingPortJr/dockingPortJr.cfg/PART[dockingPort3]
[LOG 20:06:01.255] Applying update KSPCommunityFixes/MMPatches/StockTweaks/ManufacturerFixes/@PART[stackPoint1|dockingPort1|dockingPort2|dockingPort3|dockingPortLarge]:FOR[KSPCommunityFixes] to Squad/Parts/Utility/dockingPortShielded/dockingPortShielded.cfg/PART[dockingPort1]
[LOG 20:06:01.255] Applying update KSPCommunityFixes/MMPatches/StockTweaks/ManufacturerFixes/@PART[stackPoint1|dockingPort1|dockingPort2|dockingPort3|dockingPortLarge]:FOR[KSPCommunityFixes] to Squad/Parts/Utility/dockingPortSr/dockingPortSr.cfg/PART[dockingPortLarge]
[LOG 20:06:01.256] Applying update KSPCommunityFixes/MMPatches/StockTweaks/ManufacturerFixes/@PART[stackPoint1|dockingPort1|dockingPort2|dockingPort3|dockingPortLarge]:FOR[KSPCommunityFixes] to Squad/Parts/Utility/radialAttachmentPoint/radialAttachmentPoint.cfg/PART[stackPoint1]
[LOG 20:06:01.257] :AFTER[KSPCOMMUNITYFIXES] pass
[LOG 20:06:01.257] :BEFORE[MODULEMANAGER] pass
[LOG 20:06:01.257] :FOR[MODULEMANAGER] pass
[LOG 20:06:01.257] :AFTER[MODULEMANAGER] pass
[LOG 20:06:01.257] :BEFORE[SQUAD] pass
[LOG 20:06:01.257] :FOR[SQUAD] pass
[LOG 20:06:01.257] :AFTER[SQUAD] pass
[LOG 20:06:01.257] :BEFORE[SQUADEXPANSION] pass
[LOG 20:06:01.257] :FOR[SQUADEXPANSION] pass
[LOG 20:06:01.257] :AFTER[SQUADEXPANSION] pass
[LOG 20:06:01.257] :BEFORE[TERRAINPRECISIONFIXDIAGMOD] pass
[LOG 20:06:01.257] :FOR[TERRAINPRECISIONFIXDIAGMOD] pass
[LOG 20:06:01.257] :AFTER[TERRAINPRECISIONFIXDIAGMOD] pass
[LOG 20:06:01.259] :LAST[999_KSP-RECALL] pass
[LOG 20:06:01.284] :FINAL pass
[LOG 20:06:01.285] Done patching
[LOG 20:06:01.285] Saving Cache
[LOG 20:06:01.361] Saving cache
[LOG 20:06:01.784] ModuleManager: 33 patches applied

[LOG 20:06:01.784] Ran in 1.457s
[LOG 20:06:01.841] Done!



#### END MODULEMANAGER LOG ####
[LOG 20:06:21.735] [ModuleManager] Running tests...
[LOG 20:06:21.735] [ModuleManager] tests complete.
[LOG 20:06:21.736] [ModuleManager] Reloading resources definitions
[LOG 20:06:21.736] Resource LiquidFuel added to database
[LOG 20:06:21.736] Resource Oxidizer added to database
[LOG 20:06:21.736] Resource SolidFuel added to database
[LOG 20:06:21.737] Resource MonoPropellant added to database
[LOG 20:06:21.737] Resource XenonGas added to database
[LOG 20:06:21.737] Resource ElectricCharge added to database
[LOG 20:06:21.737] Resource IntakeAir added to database
[LOG 20:06:21.737] Resource EVA Propellant added to database
[LOG 20:06:21.737] Resource Ore added to database
[LOG 20:06:21.737] Resource Ablator added to database
[LOG 20:06:21.737] [ModuleManager] Reloading Trait configs
[LOG 20:06:21.737] ExperienceSystemConfig: Added Effect 'DeployedSciencePowerSkill' to Trait 'Ingénieur'
[LOG 20:06:21.737] ExperienceSystemConfig: Added Effect 'DeployedScienceExpSkill' to Trait 'Scientifique'
[LOG 20:06:21.737] [ModuleManager] Reloading Part Upgrades
[LOG 20:06:21.738] [ModuleManager] Setting modded physics as the active one
[LOG 20:06:21.740] PhysicsGlobals: Loading database
[LOG 20:06:21.741] [ModuleManager] Running post patch callbacks
[LOG 20:06:21.753] [KSPCommunityFixes] Patch AutoStrutDrift applied.
[LOG 20:06:21.756] [KSPCommunityFixes] Patch EditorAnimatedPartsShipModified applied.
[LOG 20:06:21.763] [KSPCommunityFixes] Patch DragCubeLoadException applied.
[LOG 20:06:21.768] [KSPCommunityFixes] Patch DoubleCurvePreserveTangents applied.
[LOG 20:06:21.821] [KSPCommunityFixes] Patch DockingPortRotationDriftAndFixes applied.
[LOG 20:06:21.894] [KSPCommunityFixes] Patch DockingPortConserveMomentum applied.
[LOG 20:06:21.901] [KSPCommunityFixes] Patch DebugConsoleDontStealInput applied.
[LOG 20:06:21.908] [KSPCommunityFixes] Patch CorrectDragForFlags applied.
[LOG 20:06:21.911] [KSPCommunityFixes] Patch CometMiningNotRemovingMass applied.
[LOG 20:06:21.921] [KSPCommunityFixes] Patch ChutePhantomSymmetry applied.
[LOG 20:06:21.926] [KSPCommunityFixes] Patch CometSpawnerUniqueFlightId applied.
[LOG 20:06:21.928] [KSPCommunityFixes] Patch AsteroidSpawnerUniqueFlightId applied.
[LOG 20:06:21.930] [KSPCommunityFixes] Patch AsteroidInfiniteMining applied.
[LOG 20:06:21.972] [KSPCommunityFixes] Patch PersistentIConfigNode applied.
[LOG 20:06:21.973] [KSPCommunityFixes] Patch OnSymmetryFieldChanged not applied (not enabled in Settings.cfg)
[LOG 20:06:21.973] [KSPCommunityFixes] Patch ModUpgradePipeline not applied (not enabled in Settings.cfg)
[LOG 20:06:21.973] [KSPCommunityFixes] Patch KSPFieldEnumDesc not applied (not enabled in Settings.cfg)
[LOG 20:06:21.975] [KSPCommunityFixes] Patch EventProfilerMarkers not applied (not enabled in Settings.cfg)
[LOG 20:06:21.975] [KSPCommunityFixes] Patch DockingPortLockedEvents not applied (not enabled in Settings.cfg)
[LOG 20:06:21.978] [KSPCommunityFixes] Patch DepartmentHeadImage applied.
[LOG 20:06:21.990] [KSPCommunityFixes] Patch BaseFieldListUseFieldHost applied.
[LOG 20:06:22.022] [KSPCommunityFixes] Patch ResourceConverterPerf applied.
[LOG 20:06:22.031] [KSPCommunityFixes] Patch ProgressTrackingSpeedBoost applied.
[LOG 20:06:22.035] [KSPCommunityFixes] Patch PQSUpdateNoMemoryAlloc applied.
[LOG 20:06:22.035] [KSPCommunityFixes] Patch PQSOnlyStartOnce not applied (not enabled in Settings.cfg)
[LOG 20:06:22.047] [KSPCommunityFixes] Patch PQSCoroutineLeak applied.
[LOG 20:06:22.082] [KSPCommunityFixes] Patch PartSystemsFastUpdate applied.
[LOG 20:06:22.104] [KSPCommunityFixes] Patch PartParsingPerf applied.
[LOG 20:06:22.108] [KSPCommunityFixes] Patch EnginePlateAirstreamShieldedTopPart applied.
[LOG 20:06:22.116] [KSPCommunityFixes] Patch EVAConstructionMass applied.
[LOG 20:06:22.123] [KSPCommunityFixes] Patch EVAConstructionUninitializedInventory applied.
[LOG 20:06:22.132] [KSPCommunityFixes] Patch EVAKerbalRecovery applied.
[LOG 20:06:22.138] [KSPCommunityFixes] Patch TimeWarpOrbitShift applied.
[LOG 20:06:22.140] [KSPCommunityFixes] Patch TimeWarpBodyCollision applied.
[LOG 20:06:22.158] [KSPCommunityFixes] Patch ThumbnailSpotlight applied.
[LOG 20:06:22.169] [KSPCommunityFixes] Patch SymmetryReferenceOnDelete applied.
[LOG 20:06:22.169] [KSPCommunityFixes] Patch StrategyDuration not applied (not enabled in Settings.cfg)
[LOG 20:06:22.171] [KSPCommunityFixes] Patch StockAlarmDescPreserveLineBreak applied.
[LOG 20:06:22.201] [KSPCommunityFixes] Patch StickySplashedFixer applied.
[LOG 20:06:22.209] [KSPCommunityFixes] Patch ScatterDistribution applied.
[LOG 20:06:22.241] [KSPCommunityFixes] Patch RoboticsDrift applied.
[LOG 20:06:22.243] [KSPCommunityFixes] Patch RestoreMaxPhysicsDT applied.
[LOG 20:06:22.265] [KSPCommunityFixes] Patch RespawnDeadKerbals applied.
[LOG 20:06:22.271] [KSPCommunityFixes] Patch RescaledRoboticParts applied.
[LOG 20:06:22.274] [KSPCommunityFixes] Patch ReRootPreserveSurfaceAttach applied.
[LOG 20:06:22.296] [KSPCommunityFixes] Patch OptimizedModuleRaycasts applied.
[LOG 20:06:22.304] GetSubclassesOfParentClass: Found 1 types with ModuleInventoryPart parent in 7 assemblies.
[LOG 20:06:22.312] [KSPCommunityFixes] Patch RefundingOnRecovery applied.
[LOG 20:06:22.312] [KSPCommunityFixes] Patch PatchedConicEncounterFlickering applied.
[LOG 20:06:22.324] [KSPCommunityFixes] Patch PartListTooltipIconSpin applied.
[LOG 20:06:22.328] [KSPCommunityFixes] Patch PackedPartsRotation applied.
[LOG 20:06:22.346] [KSPCommunityFixes] Patch ModulePartVariantsNodePersistence applied.
[LOG 20:06:22.351] [KSPCommunityFixes] Patch ModuleAnimateGenericCrewModSpawnIVA applied.
[LOG 20:06:22.354] [KSPCommunityFixes] Patch ModuleActiveRadiatorNoParentException applied.
[LOG 20:06:22.358] [KSPCommunityFixes] Patch MapTargetBodyWithEncounter applied.
[LOG 20:06:22.362] [KSPCommunityFixes] Patch LostSoundAfterSceneSwitch applied.
[LOG 20:06:22.377] [KSPCommunityFixes] Patch LadderToggleableLight applied.
[LOG 20:06:22.393] [KSPCommunityFixes] Patch InventoryPartMass applied.
[LOG 20:06:22.400] [KSPCommunityFixes] Patch HarvesterECConsumption applied.
[LOG 20:06:22.402] [KSPCommunityFixes] Patch FixGetUnivseralTime applied.
[LOG 20:06:22.413] [KSPCommunityFixes] Patch ExtendedDeployableParts applied.
[LOG 20:06:22.416] [KSPCommunityFixes] Patch PropellantFlowDescription applied.
[LOG 20:06:22.441] [KSPCommunityFixes] Patch OptimisedVectorLines applied.
[LOG 20:06:22.449] [KSPCommunityFixes] Patch ModuleDockingNodeFindOtherNodesFaster applied.
[LOG 20:06:22.454] [KSPCommunityFixes] Patch ModuleColorChangerOptimization applied.
[LOG 20:06:22.461] [KSPCommunityFixes] Patch AutoSavedCraftNameAtLaunch applied.
[LOG 20:06:22.486] [KSPCommunityFixes] Patch PAWCollapsedInventories applied.
[LOG 20:06:22.490] [KSPCommunityFixes] Patch UIFloatEditNumericInput applied.
[LOG 20:06:22.517] [KSPCommunityFixes] Patch PAWStockGroups applied.
[LOG 20:06:22.533] [KSPCommunityFixes] Patch AltimeterHorizontalPosition applied.
[LOG 20:06:22.547] [KSPCommunityFixes] Patch SceneLoadSpeedBoost applied.
[LOG 20:06:22.603] [KSPCommunityFixes] Patch OnDemandPartBuoyancy applied.
[LOG 20:06:22.604] [KSPCommunityFixes] Patch ForceSyncSceneSwitch applied.
[LOG 20:06:22.605] [KSPCommunityFixes] Patch FewerSaves not applied (not enabled in Settings.cfg)
[LOG 20:06:22.606] [KSPCommunityFixes] Patch WheelInertiaLimit applied.
[LOG 20:06:22.606] [KSPCommunityFixes] Patch StockAlarmCustomFormatterDate isn't applicable to this KSP version.
[LOG 20:06:22.614] [KSPCommunityFixes] Patch ROCValidationOOR applied.
[LOG 20:06:22.618] [KSPCommunityFixes] Patch ZeroCostTechNodes applied.
[LOG 20:06:22.620] [KSPCommunityFixes] Patch ReactionWheelsPotentialTorque applied.
[LOG 20:06:22.626] [KSPCommunityFixes] Patch PAWGroupMemory applied.
[LOG 20:06:22.673] [KSPCommunityFixes] Patch PartStartStability applied.
[LOG 20:06:22.681] [KSPCommunityFixes] Patch PartBoundsIgnoreDisabledTransforms applied.
[LOG 20:06:22.732] [KSPCommunityFixes] Patch ModuleIndexingMismatch applied.
[LOG 20:06:22.741] [KSPCommunityFixes] Patch MapSOCorrectWrapping applied.
[LOG 20:06:22.741] [KSPCommunityFixes] Patch KerbalTooltipMaxSustainedG applied.
[LOG 20:06:22.745] [KSPCommunityFixes] Patch KerbalInventoryPersistence applied.
[LOG 20:06:22.745] [KSPCommunityFixes] Patch FlightSceneLoadKraken not applied (not enabled in Settings.cfg)
[LOG 20:06:22.748] [KSPCommunityFixes] Patch FIUpdateRadiation applied.
[LOG 20:06:22.752] [KSPCommunityFixes] Patch FastAndFixedEnumExtensions applied.
[LOG 20:06:22.808] [KSPCommunityFixes] Patch DeltaVHideWhenDisabled applied.
[LOG 20:06:22.813] [KSPCommunityFixes] Patch BlockMapViewPartClick applied.
[LOG 20:06:22.817] [KSPCommunityFixes] Patch PAWItemsOrder applied.
[LOG 20:06:22.882] [KSPCommunityFixes] Patch BetterEditorUndoRedo applied.
[LOG 20:06:22.896] [KSPCommunityFixes] Patch AutostrutActions applied.
[LOG 20:06:22.896] [KSPCommunityFixes] Patch DisableNewGameIntro not applied (not enabled in Settings.cfg)
[LOG 20:06:22.936] [KSPCommunityFixes] Patch MinorPerfTweaks applied.
[LOG 20:06:23.036] [KSPCommunityFixes] Patch MemoryLeaks applied.
[LOG 20:06:23.044] [KSPCommunityFixes] Patch LowerMinPhysicsDTPerFrame applied.
[LOG 20:06:23.049] [KSPCommunityFixes] Patch LocalizerPerf applied.
[LOG 20:06:23.051] [KSPCommunityFixes] Patch IMGUIOptimization applied.
[LOG 20:06:23.071] [KSPCommunityFixes] Patch FloatingOriginPerf applied.
[LOG 20:06:23.141] [KSPCommunityFixes] Patch FlightIntegratorPerf applied.
[LOG 20:06:23.152] [KSPCommunityFixes] Patch FasterPartFindTransform applied.
[LOG 20:06:23.177] [KSPCommunityFixes] Patch FasterEditorPartList applied.
[LOG 20:06:23.179] [KSPCommunityFixes] Patch ExpansionBundlePreload applied.
[LOG 20:06:23.192] [KSPCommunityFixes] Patch DragCubeGeneration applied.
[LOG 20:06:23.197] [KSPCommunityFixes] Patch DisableMapUpdateInFlight applied.
[LOG 20:06:23.198] [KSPCommunityFixes] Patch DisableHiddenPortraits applied.
[LOG 20:06:23.200] [KSPCommunityFixes] Patch DisableManeuverTool applied.
[LOG 20:06:23.223] [KSPCommunityFixes] Patch CraftBrowserOptimisations applied.
[LOG 20:06:23.226] [KSPCommunityFixes] Patch CommNetThrottling applied.
[LOG 20:06:23.231] [KSPCommunityFixes] Patch FairingMouseOverPersistence applied.
[LOG 20:06:23.251] [KSPCommunityFixes] Patch OptionalMakingHistoryDLCFeatures applied.
[LOG 20:06:23.255] [KSPCommunityFixes] Patch ResourceLockActions applied.
[LOG 20:06:23.264] [KSPCommunityFixes] Patch ShowContractFinishDates applied.
[LOG 20:06:23.275] [KSPCommunityFixes] Patch TargetParentBody applied.
[LOG 20:06:23.295] [KSPCommunityFixes] Patch ToolbarShowHide applied.
[LOG 20:06:23.298] [KSPCommunityFixes] Patch ContractProgressEnumCache applied.
[LOG 20:06:23.309] [KSPCommunityFixes] Patch ActiveRadiatorPerf applied.
[LOG 20:06:23.314] [KSPCommunityFixes] Patch CargoBayPerf applied.
[LOG 20:06:23.324] [KSPCommunityFixes] Patch CollisionEnhancerFastUpdate applied.
[LOG 20:06:23.330] [KSPCommunityFixes] Patch CollisionManagerFastUpdate applied.
[LOG 20:06:23.335] [KSPCommunityFixes] Patch AsteroidAndCometDrillCache applied.
[LOG 20:06:23.349] [KSPCommunityFixes] Patch TweakableWheelsAutostrut applied.
[LOG 20:06:23.392] [KSPCommunityFixes] Patch PatchSettings applied.
[LOG 20:06:23.449] [KSPCommunityFixes] Patch UpgradeBugs applied.
[LOG 20:06:23.449] [KSPCommunityFixes] Patch PartTooltipUpgradesApplyToSubstituteParts not applied (not enabled in Settings.cfg)
[LOG 20:06:23.527] [ModuleManager] Calling ConfigNodePerf.ModuleManagerPostLoad()
[LOG 20:06:23.528] [ModuleManager] Post patch ran in 1.798s
[LOG 20:06:23.552] PartLoader: Creating part database
[LOG 20:06:23.553] PartLoader: Compiling Part 'Squad/Parts/Aero/aerodynamicNoseCone/aerodynamicNoseCone/noseCone'
[LOG 20:06:23.576] EffectList: Created 15 effect types
[LOG 20:06:23.673] PartLoader: Part 'Squad/Parts/Aero/aerodynamicNoseCone/aerodynamicNoseCone/noseCone' has no database record. Creating.
[LOG 20:06:23.673] [DragCubeSystem]: Drag cubes not found or cannot be read for part Part. Generating New drag cubes.
[LOG 20:06:23.673] [KSPCF/DragCubeGeneration] Creating drag cubes for part 'noseCone'
[LOG 20:06:23.722] PartLoader: Compiling Part 'Squad/Parts/Aero/airbrake/Airbrake/airbrake1'
[LOG 20:06:23.781] PartLoader: Part 'Squad/Parts/Aero/airbrake/Airbrake/airbrake1' has no database record. Creating.
[LOG 20:06:23.781] [DragCubeSystem]: Drag cubes not found or cannot be read for part Part. Generating New drag cubes.
[LOG 20:06:23.782] [KSPCF/DragCubeGeneration] Creating drag cubes for part 'airbrake1'
[LOG 20:06:23.820] PartLoader: Compiling Part 'Squad/Parts/Aero/airIntakeRadialXM-G50/airIntakeRadialXM-G50/airScoop'
[LOG 20:06:23.839] PartLoader: Part 'Squad/Parts/Aero/airIntakeRadialXM-G50/airIntakeRadialXM-G50/airScoop' has no database record. Creating.
[LOG 20:06:23.839] [DragCubeSystem]: Drag cubes not found or cannot be read for part Part. Generating New drag cubes.
[LOG 20:06:23.839] [KSPCF/DragCubeGeneration] Creating drag cubes for part 'airScoop'
[LOG 20:06:23.852] PartLoader: Compiling Part 'Squad/Parts/Aero/airlinerWings/ControlSurface/airlinerCtrlSrf'
[LOG 20:06:23.869] PartLoader: Part 'Squad/Parts/Aero/airlinerWings/ControlSurface/airlinerCtrlSrf' has no database record. Creating.
[LOG 20:06:23.870] [DragCubeSystem]: Drag cubes not found or cannot be read for part Part. Generating New drag cubes.
[LOG 20:06:23.870] [KSPCF/DragCubeGeneration] Creating drag cubes for part 'airlinerCtrlSrf'
[LOG 20:06:23.900] PartLoader: Compiling Part 'Squad/Parts/Aero/airlinerWings/MainWing/airlinerMainWing'
[LOG 20:06:23.913] PartLoader: Part 'Squad/Parts/Aero/airlinerWings/MainWing/airlinerMainWing' has no database record. Creating.
[LOG 20:06:23.913] [DragCubeSystem]: Drag cubes not found or cannot be read for part Part. Generating New drag cubes.
[LOG 20:06:23.913] [KSPCF/DragCubeGeneration] Creating drag cubes for part 'airlinerMainWing'
[LOG 20:06:23.920] PartLoader: Compiling Part 'Squad/Parts/Aero/airlinerWings/TailFin/airlinerTailFin'
[LOG 20:06:23.943] PartLoader: Part 'Squad/Parts/Aero/airlinerWings/TailFin/airlinerTailFin' has no database record. Creating.
[LOG 20:06:23.943] [DragCubeSystem]: Drag cubes not found or cannot be read for part Part. Generating New drag cubes.
[LOG 20:06:23.943] [KSPCF/DragCubeGeneration] Creating drag cubes for part 'airlinerTailFin'
[LOG 20:06:23.969] PartLoader: Compiling Part 'Squad/Parts/Aero/airplaneFins/advancedCanard/AdvancedCanard'
[LOG 20:06:23.975] PartLoader: Part 'Squad/Parts/Aero/airplaneFins/advancedCanard/AdvancedCanard' has no database record. Creating.
[LOG 20:06:23.975] [DragCubeSystem]: Drag cubes not found or cannot be read for part Part. Generating New drag cubes.
[LOG 20:06:23.975] [KSPCF/DragCubeGeneration] Creating drag cubes for part 'AdvancedCanard'
[LOG 20:06:24.006] PartLoader: Compiling Part 'Squad/Parts/Aero/airplaneFins/standardCanard/CanardController'
[LOG 20:06:24.010] PartLoader: Part 'Squad/Parts/Aero/airplaneFins/standardCanard/CanardController' has no database record. Creating.
[LOG 20:06:24.010] [DragCubeSystem]: Drag cubes not found or cannot be read for part Part. Generating New drag cubes.
[LOG 20:06:24.010] [KSPCF/DragCubeGeneration] Creating drag cubes for part 'CanardController'
[LOG 20:06:24.025] PartLoader: Compiling Part 'Squad/Parts/Aero/airplaneFins/sweptWing/sweptWing'
[LOG 20:06:24.031] PartLoader: Part 'Squad/Parts/Aero/airplaneFins/sweptWing/sweptWing' has no database record. Creating.
[LOG 20:06:24.031] [DragCubeSystem]: Drag cubes not found or cannot be read for part Part. Generating New drag cubes.
[LOG 20:06:24.031] [KSPCF/DragCubeGeneration] Creating drag cubes for part 'sweptWing'
[LOG 20:06:24.035] PartLoader: Compiling Part 'Squad/Parts/Aero/airplaneFins/tailfin/tailfin'
[LOG 20:06:24.041] PartLoader: Part 'Squad/Parts/Aero/airplaneFins/tailfin/tailfin' has no database record. Creating.
[LOG 20:06:24.041] [DragCubeSystem]: Drag cubes not found or cannot be read for part Part. Generating New drag cubes.
[LOG 20:06:24.041] [KSPCF/DragCubeGeneration] Creating drag cubes for part 'tailfin'
[LOG 20:06:24.059] PartLoader: Compiling Part 'Squad/Parts/Aero/basicFin/basicFin/basicFin'
[LOG 20:06:24.063] PartLoader: Part 'Squad/Parts/Aero/basicFin/basicFin/basicFin' has no database record. Creating.
[LOG 20:06:24.063] [DragCubeSystem]: Drag cubes not found or cannot be read for part Part. Generating New drag cubes.
[LOG 20:06:24.063] [KSPCF/DragCubeGeneration] Creating drag cubes for part 'basicFin'
[LOG 20:06:24.067] PartLoader: Compiling Part 'Squad/Parts/Aero/circularIntake/circularIntake/CircularIntake'
[LOG 20:06:24.074] PartLoader: Part 'Squad/Parts/Aero/circularIntake/circularIntake/CircularIntake' has no database record. Creating.
[LOG 20:06:24.075] PartLoader: Compiling Part 'Squad/Parts/Aero/circularIntake/intakeShockCone/shockConeIntake'
[LOG 20:06:24.080] PartLoader: Part 'Squad/Parts/Aero/circularIntake/intakeShockCone/shockConeIntake' has no database record. Creating.
[LOG 20:06:24.081] PartLoader: Compiling Part 'Squad/Parts/Aero/cones/avionicsNoseCone/avionicsNoseCone'
[LOG 20:06:24.097] PartLoader: Part 'Squad/Parts/Aero/cones/avionicsNoseCone/avionicsNoseCone' has no database record. Creating.
[LOG 20:06:24.097] [DragCubeSystem]: Drag cubes not found or cannot be read for part Part. Generating New drag cubes.
[LOG 20:06:24.097] [KSPCF/DragCubeGeneration] Creating drag cubes for part 'avionicsNoseCone'
[LOG 20:06:24.105] PartLoader: Compiling Part 'Squad/Parts/Aero/cones/ConeA/pointyNoseConeA'
[LOG 20:06:24.110] PartLoader: Part 'Squad/Parts/Aero/cones/ConeA/pointyNoseConeA' has no database record. Creating.
[LOG 20:06:24.110] [DragCubeSystem]: Drag cubes not found or cannot be read for part Part. Generating New drag cubes.
[LOG 20:06:24.110] [KSPCF/DragCubeGeneration] Creating drag cubes for part 'pointyNoseConeA'
[LOG 20:06:24.114] PartLoader: Compiling Part 'Squad/Parts/Aero/cones/ConeB/pointyNoseConeB'
[LOG 20:06:24.121] PartLoader: Part 'Squad/Parts/Aero/cones/ConeB/pointyNoseConeB' has no database record. Creating.
[LOG 20:06:24.121] [DragCubeSystem]: Drag cubes not found or cannot be read for part Part. Generating New drag cubes.
[LOG 20:06:24.121] [KSPCF/DragCubeGeneration] Creating drag cubes for part 'pointyNoseConeB'
[LOG 20:06:24.126] PartLoader: Compiling Part 'Squad/Parts/Aero/cones/noseConeAdapter/noseConeAdapter'
[LOG 20:06:24.132] PartLoader: Part 'Squad/Parts/Aero/cones/noseConeAdapter/noseConeAdapter' has no database record. Creating.
[LOG 20:06:24.132] [DragCubeSystem]: Drag cubes not found or cannot be read for part Part. Generating New drag cubes.
[LOG 20:06:24.132] [KSPCF/DragCubeGeneration] Creating drag cubes for part 'noseConeAdapter'
[LOG 20:06:24.137] PartLoader: Compiling Part 'Squad/Parts/Aero/cones/protectiveRocketNoseMk7_v2/rocketNoseCone_v2'
[LOG 20:06:24.141] PartLoader: Part 'Squad/Parts/Aero/cones/protectiveRocketNoseMk7_v2/rocketNoseCone_v2' has no database record. Creating.
[LOG 20:06:24.141] [DragCubeSystem]: Drag cubes not found or cannot be read for part Part. Generating New drag cubes.
[LOG 20:06:24.141] [KSPCF/DragCubeGeneration] Creating drag cubes for part 'rocketNoseCone.v2'
[LOG 20:06:24.147] PartLoader: Compiling Part 'Squad/Parts/Aero/cones/protectiveRocketNoseMk7_v3/rocketNoseCone_v3'
[LOG 20:06:24.151] PartLoader: Part 'Squad/Parts/Aero/cones/protectiveRocketNoseMk7_v3/rocketNoseCone_v3' has no database record. Creating.
[LOG 20:06:24.151] [DragCubeSystem]: Drag cubes not found or cannot be read for part Part. Generating New drag cubes.
[LOG 20:06:24.151] [KSPCF/DragCubeGeneration] Creating drag cubes for part 'rocketNoseCone.v3'
[LOG 20:06:24.155] PartLoader: Compiling Part 'Squad/Parts/Aero/cones/rocketNoseCone_size3/rocketNoseConeSize3'
[LOG 20:06:24.161] PartLoader: Part 'Squad/Parts/Aero/cones/rocketNoseCone_size3/rocketNoseConeSize3' has no database record. Creating.
[LOG 20:06:24.161] [DragCubeSystem]: Drag cubes not found or cannot be read for part Part. Generating New drag cubes.
[LOG 20:06:24.161] [KSPCF/DragCubeGeneration] Creating drag cubes for part 'rocketNoseConeSize3'
[LOG 20:06:24.167] PartLoader: Compiling Part 'Squad/Parts/Aero/cones/smallNoseCone/standardNoseCone'
[LOG 20:06:24.170] PartLoader: Part 'Squad/Parts/Aero/cones/smallNoseCone/standardNoseCone' has no database record. Creating.
[LOG 20:06:24.170] [DragCubeSystem]: Drag cubes not found or cannot be read for part Part. Generating New drag cubes.
[LOG 20:06:24.170] [KSPCF/DragCubeGeneration] Creating drag cubes for part 'standardNoseCone'
[LOG 20:06:24.175] PartLoader: Compiling Part 'Squad/Parts/Aero/cones/tailConnectorA/airplaneTail'
[LOG 20:06:24.179] PartLoader: Part 'Squad/Parts/Aero/cones/tailConnectorA/airplaneTail' has no database record. Creating.
[LOG 20:06:24.179] [DragCubeSystem]: Drag cubes not found or cannot be read for part Part. Generating New drag cubes.
[LOG 20:06:24.179] [KSPCF/DragCubeGeneration] Creating drag cubes for part 'airplaneTail'
[LOG 20:06:24.183] PartLoader: Compiling Part 'Squad/Parts/Aero/cones/tailConnectorB/airplaneTailB'
[LOG 20:06:24.189] PartLoader: Part 'Squad/Parts/Aero/cones/tailConnectorB/airplaneTailB' has no database record. Creating.
[LOG 20:06:24.190] [DragCubeSystem]: Drag cubes not found or cannot be read for part Part. Generating New drag cubes.
[LOG 20:06:24.190] [KSPCF/DragCubeGeneration] Creating drag cubes for part 'airplaneTailB'
[LOG 20:06:24.194] PartLoader: Compiling Part 'Squad/Parts/Aero/fairings/fairingSize1/fairingSize1'
[LOG 20:06:24.251] PartLoader: Part 'Squad/Parts/Aero/fairings/fairingSize1/fairingSize1' has no database record. Creating.
[LOG 20:06:24.251] [DragCubeSystem]: Drag cubes not found or cannot be read for part Part. Generating New drag cubes.
[LOG 20:06:24.251] [KSPCF/DragCubeGeneration] Creating drag cubes for part 'fairingSize1'
[LOG 20:06:24.256] PartLoader: Compiling Part 'Squad/Parts/Aero/fairings/fairingSize2/fairingSize2'
[LOG 20:06:24.268] PartLoader: Part 'Squad/Parts/Aero/fairings/fairingSize2/fairingSize2' has no database record. Creating.
[LOG 20:06:24.268] [DragCubeSystem]: Drag cubes not found or cannot be read for part Part. Generating New drag cubes.
[LOG 20:06:24.268] [KSPCF/DragCubeGeneration] Creating drag cubes for part 'fairingSize2'
[LOG 20:06:24.273] PartLoader: Compiling Part 'Squad/Parts/Aero/fairings/fairingSize3/fairingSize3'
[LOG 20:06:24.288] PartLoader: Part 'Squad/Parts/Aero/fairings/fairingSize3/fairingSize3' has no database record. Creating.
[LOG 20:06:24.288] [DragCubeSystem]: Drag cubes not found or cannot be read for part Part. Generating New drag cubes.
[LOG 20:06:24.289] [KSPCF/DragCubeGeneration] Creating drag cubes for part 'fairingSize3'
[LOG 20:06:24.294] PartLoader: Compiling Part 'Squad/Parts/Aero/HeatShield/HeatShield0/HeatShield0'
[LOG 20:06:24.317] PartLoader: Part 'Squad/Parts/Aero/HeatShield/HeatShield0/HeatShield0' has no database record. Creating.
[LOG 20:06:24.317] [DragCubeSystem]: Drag cubes not found or cannot be read for part Part. Generating New drag cubes.
[LOG 20:06:24.317] [KSPCF/DragCubeGeneration] Creating drag cubes for part 'HeatShield0'
[LOG 20:06:24.326] PartLoader: Compiling Part 'Squad/Parts/Aero/HeatShield/HeatShield1/HeatShield1'
[LOG 20:06:24.345] PartLoader: Part 'Squad/Parts/Aero/HeatShield/HeatShield1/HeatShield1' has no database record. Creating.
[LOG 20:06:24.345] [DragCubeSystem]: Drag cubes not found or cannot be read for part Part. Generating New drag cubes.
[LOG 20:06:24.345] [KSPCF/DragCubeGeneration] Creating drag cubes for part 'HeatShield1'
[LOG 20:06:24.361] PartLoader: Compiling Part 'Squad/Parts/Aero/HeatShield/HeatShield2/HeatShield2'
[LOG 20:06:24.368] PartLoader: Part 'Squad/Parts/Aero/HeatShield/HeatShield2/HeatShield2' has no database record. Creating.
[LOG 20:06:24.368] [DragCubeSystem]: Drag cubes not found or cannot be read for part Part. Generating New drag cubes.
[LOG 20:06:24.368] [KSPCF/DragCubeGeneration] Creating drag cubes for part 'HeatShield2'
[LOG 20:06:24.381] PartLoader: Compiling Part 'Squad/Parts/Aero/HeatShield/HeatShield3/HeatShield3'
[LOG 20:06:24.388] PartLoader: Part 'Squad/Parts/Aero/HeatShield/HeatShield3/HeatShield3' has no database record. Creating.
[LOG 20:06:24.388] [DragCubeSystem]: Drag cubes not found or cannot be read for part Part. Generating New drag cubes.
[LOG 20:06:24.388] [KSPCF/DragCubeGeneration] Creating drag cubes for part 'HeatShield3'
[LOG 20:06:24.402] PartLoader: Compiling Part 'Squad/Parts/Aero/InflatableHeatShield/HeatShield/InflatableHeatShield'
[LOG 20:06:24.415] PartLoader: Part 'Squad/Parts/Aero/InflatableHeatShield/HeatShield/InflatableHeatShield' has no database record. Creating.
[LOG 20:06:24.415] [DragCubeSystem]: Drag cubes not found or cannot be read for part Part. Generating New drag cubes.
[LOG 20:06:24.415] [KSPCF/DragCubeGeneration] Creating drag cubes for part 'InflatableHeatShield'
[LOG 20:06:24.429] PartLoader: Compiling Part 'Squad/Parts/Aero/intakeRadialLong/intakeRadialLong/IntakeRadialLong'
[LOG 20:06:24.432] PartLoader: Part 'Squad/Parts/Aero/intakeRadialLong/intakeRadialLong/IntakeRadialLong' has no database record. Creating.
[LOG 20:06:24.432] [DragCubeSystem]: Drag cubes not found or cannot be read for part Part. Generating New drag cubes.
[LOG 20:06:24.433] [KSPCF/DragCubeGeneration] Creating drag cubes for part 'IntakeRadialLong'
[LOG 20:06:24.437] PartLoader: Compiling Part 'Squad/Parts/Aero/miniIntake/SmallIntake/miniIntake'
[LOG 20:06:24.440] PartLoader: Part 'Squad/Parts/Aero/miniIntake/SmallIntake/miniIntake' has no database record. Creating.
[LOG 20:06:24.440] PartLoader: Compiling Part 'Squad/Parts/Aero/ramAirIntake/ramAirIntake/ramAirIntake'
[LOG 20:06:24.443] PartLoader: Part 'Squad/Parts/Aero/ramAirIntake/ramAirIntake/ramAirIntake' has no database record. Creating.
[LOG 20:06:24.443] PartLoader: Compiling Part 'Squad/Parts/Aero/shuttleWings/delta/wingShuttleDelta'
[LOG 20:06:24.446] PartLoader: Part 'Squad/Parts/Aero/shuttleWings/delta/wingShuttleDelta' has no database record. Creating.
[LOG 20:06:24.446] [DragCubeSystem]: Drag cubes not found or cannot be read for part Part. Generating New drag cubes.
[LOG 20:06:24.446] [KSPCF/DragCubeGeneration] Creating drag cubes for part 'wingShuttleDelta'
[LOG 20:06:24.450] PartLoader: Compiling Part 'Squad/Parts/Aero/shuttleWings/elevon1/wingShuttleElevon1'
[LOG 20:06:24.456] PartLoader: Part 'Squad/Parts/Aero/shuttleWings/elevon1/wingShuttleElevon1' has no database record. Creating.
[LOG 20:06:24.456] [DragCubeSystem]: Drag cubes not found or cannot be read for part Part. Generating New drag cubes.
[LOG 20:06:24.456] [KSPCF/DragCubeGeneration] Creating drag cubes for part 'wingShuttleElevon1'
[LOG 20:06:24.472] PartLoader: Compiling Part 'Squad/Parts/Aero/shuttleWings/elevon2/wingShuttleElevon2'
[LOG 20:06:24.476] PartLoader: Part 'Squad/Parts/Aero/shuttleWings/elevon2/wingShuttleElevon2' has no database record. Creating.
[LOG 20:06:24.476] [DragCubeSystem]: Drag cubes not found or cannot be read for part Part. Generating New drag cubes.
[LOG 20:06:24.476] [KSPCF/DragCubeGeneration] Creating drag cubes for part 'wingShuttleElevon2'
[LOG 20:06:24.491] PartLoader: Compiling Part 'Squad/Parts/Aero/shuttleWings/rudder/wingShuttleRudder'
[LOG 20:06:24.497] PartLoader: Part 'Squad/Parts/Aero/shuttleWings/rudder/wingShuttleRudder' has no database record. Creating.
[LOG 20:06:24.497] [DragCubeSystem]: Drag cubes not found or cannot be read for part Part. Generating New drag cubes.
[LOG 20:06:24.497] [KSPCF/DragCubeGeneration] Creating drag cubes for part 'wingShuttleRudder'
[LOG 20:06:24.512] PartLoader: Compiling Part 'Squad/Parts/Aero/shuttleWings/strake/wingShuttleStrake'
[LOG 20:06:24.517] PartLoader: Part 'Squad/Parts/Aero/shuttleWings/strake/wingShuttleStrake' has no database record. Creating.
[LOG 20:06:24.518] [DragCubeSystem]: Drag cubes not found or cannot be read for part Part. Generating New drag cubes.
[LOG 20:06:24.518] [KSPCF/DragCubeGeneration] Creating drag cubes for part 'wingShuttleStrake'
[LOG 20:06:24.522] PartLoader: Compiling Part 'Squad/Parts/Aero/wingletAV-R8/wingletAV-R8/R8winglet'
[LOG 20:06:24.527] PartLoader: Part 'Squad/Parts/Aero/wingletAV-R8/wingletAV-R8/R8winglet' has no database record. Creating.
[LOG 20:06:24.527] [DragCubeSystem]: Drag cubes not found or cannot be read for part Part. Generating New drag cubes.
[LOG 20:06:24.527] [KSPCF/DragCubeGeneration] Creating drag cubes for part 'R8winglet'
[LOG 20:06:24.543] PartLoader: Compiling Part 'Squad/Parts/Aero/wingletAV-T1/wingletAV-T1/winglet'
[LOG 20:06:24.548] PartLoader: Part 'Squad/Parts/Aero/wingletAV-T1/wingletAV-T1/winglet' has no database record. Creating.
[LOG 20:06:24.548] [DragCubeSystem]: Drag cubes not found or cannot be read for part Part. Generating New drag cubes.
[LOG 20:06:24.548] [KSPCF/DragCubeGeneration] Creating drag cubes for part 'winglet'
[LOG 20:06:24.552] PartLoader: Compiling Part 'Squad/Parts/Aero/wingletDeltaDeluxe/wingletDeltaDeluxe/winglet3'
[LOG 20:06:24.558] PartLoader: Part 'Squad/Parts/Aero/wingletDeltaDeluxe/wingletDeltaDeluxe/winglet3' has no database record. Creating.
[LOG 20:06:24.558] [DragCubeSystem]: Drag cubes not found or cannot be read for part Part. Generating New drag cubes.
[LOG 20:06:24.558] [KSPCF/DragCubeGeneration] Creating drag cubes for part 'winglet3'
[LOG 20:06:24.574] PartLoader: Compiling Part 'Squad/Parts/Aero/wings/connector1/wingConnector'
[LOG 20:06:24.577] PartLoader: Part 'Squad/Parts/Aero/wings/connector1/wingConnector' has no database record. Creating.
[LOG 20:06:24.577] [DragCubeSystem]: Drag cubes not found or cannot be read for part Part. Generating New drag cubes.
[LOG 20:06:24.577] [KSPCF/DragCubeGeneration] Creating drag cubes for part 'wingConnector'
[LOG 20:06:24.581] PartLoader: Compiling Part 'Squad/Parts/Aero/wings/connector2/wingConnector2'
[LOG 20:06:24.584] PartLoader: Part 'Squad/Parts/Aero/wings/connector2/wingConnector2' has no database record. Creating.
[LOG 20:06:24.584] [DragCubeSystem]: Drag cubes not found or cannot be read for part Part. Generating New drag cubes.
[LOG 20:06:24.584] [KSPCF/DragCubeGeneration] Creating drag cubes for part 'wingConnector2'
[LOG 20:06:24.588] PartLoader: Compiling Part 'Squad/Parts/Aero/wings/connector3/wingConnector3'
[LOG 20:06:24.593] PartLoader: Part 'Squad/Parts/Aero/wings/connector3/wingConnector3' has no database record. Creating.
[LOG 20:06:24.594] [DragCubeSystem]: Drag cubes not found or cannot be read for part Part. Generating New drag cubes.
[LOG 20:06:24.594] [KSPCF/DragCubeGeneration] Creating drag cubes for part 'wingConnector3'
[LOG 20:06:24.598] PartLoader: Compiling Part 'Squad/Parts/Aero/wings/connector4/wingConnector4'
[LOG 20:06:24.602] PartLoader: Part 'Squad/Parts/Aero/wings/connector4/wingConnector4' has no database record. Creating.
[LOG 20:06:24.602] [DragCubeSystem]: Drag cubes not found or cannot be read for part Part. Generating New drag cubes.
[LOG 20:06:24.602] [KSPCF/DragCubeGeneration] Creating drag cubes for part 'wingConnector4'
[LOG 20:06:24.607] PartLoader: Compiling Part 'Squad/Parts/Aero/wings/connector5/wingConnector5'
[LOG 20:06:24.613] PartLoader: Part 'Squad/Parts/Aero/wings/connector5/wingConnector5' has no database record. Creating.
[LOG 20:06:24.613] [DragCubeSystem]: Drag cubes not found or cannot be read for part Part. Generating New drag cubes.
[LOG 20:06:24.613] [KSPCF/DragCubeGeneration] Creating drag cubes for part 'wingConnector5'
[LOG 20:06:24.617] PartLoader: Compiling Part 'Squad/Parts/Aero/wings/delta/deltaWing'
[LOG 20:06:24.620] PartLoader: Part 'Squad/Parts/Aero/wings/delta/deltaWing' has no database record. Creating.
[LOG 20:06:24.620] [DragCubeSystem]: Drag cubes not found or cannot be read for part Part. Generating New drag cubes.
[LOG 20:06:24.620] [KSPCF/DragCubeGeneration] Creating drag cubes for part 'deltaWing'
[LOG 20:06:24.624] PartLoader: Compiling Part 'Squad/Parts/Aero/wings/delta_small/delta_small'
[LOG 20:06:24.628] PartLoader: Part 'Squad/Parts/Aero/wings/delta_small/delta_small' has no database record. Creating.
[LOG 20:06:24.628] [DragCubeSystem]: Drag cubes not found or cannot be read for part Part. Generating New drag cubes.
[LOG 20:06:24.628] [KSPCF/DragCubeGeneration] Creating drag cubes for part 'delta.small'
[LOG 20:06:24.632] PartLoader: Compiling Part 'Squad/Parts/Aero/wings/elevon1/StandardCtrlSrf'
[LOG 20:06:24.638] PartLoader: Part 'Squad/Parts/Aero/wings/elevon1/StandardCtrlSrf' has no database record. Creating.
[LOG 20:06:24.638] [DragCubeSystem]: Drag cubes not found or cannot be read for part Part. Generating New drag cubes.
[LOG 20:06:24.638] [KSPCF/DragCubeGeneration] Creating drag cubes for part 'StandardCtrlSrf'
[LOG 20:06:24.654] PartLoader: Compiling Part 'Squad/Parts/Aero/wings/elevon2/elevon2'
[LOG 20:06:24.661] PartLoader: Part 'Squad/Parts/Aero/wings/elevon2/elevon2' has no database record. Creating.
[LOG 20:06:24.661] [DragCubeSystem]: Drag cubes not found or cannot be read for part Part. Generating New drag cubes.
[LOG 20:06:24.661] [KSPCF/DragCubeGeneration] Creating drag cubes for part 'elevon2'
[LOG 20:06:24.677] PartLoader: Compiling Part 'Squad/Parts/Aero/wings/elevon3/elevon3'
[LOG 20:06:24.682] PartLoader: Part 'Squad/Parts/Aero/wings/elevon3/elevon3' has no database record. Creating.
[LOG 20:06:24.682] [DragCubeSystem]: Drag cubes not found or cannot be read for part Part. Generating New drag cubes.
[LOG 20:06:24.683] [KSPCF/DragCubeGeneration] Creating drag cubes for part 'elevon3'
[LOG 20:06:24.699] PartLoader: Compiling Part 'Squad/Parts/Aero/wings/elevon4/smallCtrlSrf'
[LOG 20:06:24.707] PartLoader: Part 'Squad/Parts/Aero/wings/elevon4/smallCtrlSrf' has no database record. Creating.
[LOG 20:06:24.707] [DragCubeSystem]: Drag cubes not found or cannot be read for part Part. Generating New drag cubes.
[LOG 20:06:24.707] [KSPCF/DragCubeGeneration] Creating drag cubes for part 'smallCtrlSrf'
[LOG 20:06:24.724] PartLoader: Compiling Part 'Squad/Parts/Aero/wings/elevon5/elevon5'
[LOG 20:06:24.732] PartLoader: Part 'Squad/Parts/Aero/wings/elevon5/elevon5' has no database record. Creating.
[LOG 20:06:24.732] [DragCubeSystem]: Drag cubes not found or cannot be read for part Part. Generating New drag cubes.
[LOG 20:06:24.732] [KSPCF/DragCubeGeneration] Creating drag cubes for part 'elevon5'
[LOG 20:06:24.748] PartLoader: Compiling Part 'Squad/Parts/Aero/wings/strake/wingStrake'
[LOG 20:06:24.754] PartLoader: Part 'Squad/Parts/Aero/wings/strake/wingStrake' has no database record. Creating.
[LOG 20:06:24.754] [DragCubeSystem]: Drag cubes not found or cannot be read for part Part. Generating New drag cubes.
[LOG 20:06:24.754] [KSPCF/DragCubeGeneration] Creating drag cubes for part 'wingStrake'
[LOG 20:06:24.758] PartLoader: Compiling Part 'Squad/Parts/Aero/wings/structural1/structuralWing'
[LOG 20:06:24.762] PartLoader: Part 'Squad/Parts/Aero/wings/structural1/structuralWing' has no database record. Creating.
[LOG 20:06:24.762] [DragCubeSystem]: Drag cubes not found or cannot be read for part Part. Generating New drag cubes.
[LOG 20:06:24.762] [KSPCF/DragCubeGeneration] Creating drag cubes for part 'structuralWing'
[LOG 20:06:24.766] PartLoader: Compiling Part 'Squad/Parts/Aero/wings/structural2/structuralWing2'
[LOG 20:06:24.768] PartLoader: Part 'Squad/Parts/Aero/wings/structural2/structuralWing2' has no database record. Creating.
[LOG 20:06:24.769] [DragCubeSystem]: Drag cubes not found or cannot be read for part Part. Generating New drag cubes.
[LOG 20:06:24.769] [KSPCF/DragCubeGeneration] Creating drag cubes for part 'structuralWing2'
[LOG 20:06:24.773] PartLoader: Compiling Part 'Squad/Parts/Aero/wings/structural3/structuralWing3'
[LOG 20:06:24.778] PartLoader: Part 'Squad/Parts/Aero/wings/structural3/structuralWing3' has no database record. Creating.
[LOG 20:06:24.778] [DragCubeSystem]: Drag cubes not found or cannot be read for part Part. Generating New drag cubes.
[LOG 20:06:24.778] [KSPCF/DragCubeGeneration] Creating drag cubes for part 'structuralWing3'
[LOG 20:06:24.782] PartLoader: Compiling Part 'Squad/Parts/Aero/wings/structural4/structuralWing4'
[LOG 20:06:24.788] PartLoader: Part 'Squad/Parts/Aero/wings/structural4/structuralWing4' has no database record. Creating.
[LOG 20:06:24.788] [DragCubeSystem]: Drag cubes not found or cannot be read for part Part. Generating New drag cubes.
[LOG 20:06:24.788] [KSPCF/DragCubeGeneration] Creating drag cubes for part 'structuralWing4'
[LOG 20:06:24.791] PartLoader: Compiling Part 'Squad/Parts/Aero/wings/swept1/sweptWing1'
[LOG 20:06:24.795] PartLoader: Part 'Squad/Parts/Aero/wings/swept1/sweptWing1' has no database record. Creating.
[LOG 20:06:24.796] [DragCubeSystem]: Drag cubes not found or cannot be read for part Part. Generating New drag cubes.
[LOG 20:06:24.796] [KSPCF/DragCubeGeneration] Creating drag cubes for part 'sweptWing1'
[LOG 20:06:24.800] PartLoader: Compiling Part 'Squad/Parts/Aero/wings/swept2/sweptWing2'
[LOG 20:06:24.805] PartLoader: Part 'Squad/Parts/Aero/wings/swept2/sweptWing2' has no database record. Creating.
[LOG 20:06:24.805] [DragCubeSystem]: Drag cubes not found or cannot be read for part Part. Generating New drag cubes.
[LOG 20:06:24.805] [KSPCF/DragCubeGeneration] Creating drag cubes for part 'sweptWing2'
[LOG 20:06:24.809] PartLoader: Compiling Part 'Squad/Parts/Cargo/CargoContainers/cargoContainer/cargoContainer'
[WRN 20:06:24.811] [Part]: Cannot have ModuleCargoPart and ModuleInventoryPart on same Part [cargoContainer'. Removed ModuleCargoPart
[LOG 20:06:24.823] PartLoader: Part 'Squad/Parts/Cargo/CargoContainers/cargoContainer/cargoContainer' has no database record. Creating.
[LOG 20:06:24.823] [DragCubeSystem]: Drag cubes not found or cannot be read for part Part. Generating New drag cubes.
[LOG 20:06:24.823] [KSPCF/DragCubeGeneration] Creating drag cubes for part 'cargoContainer'
[LOG 20:06:24.828] PartLoader: Compiling Part 'Squad/Parts/Cargo/CargoContainers/smallCargoContainer/smallCargoContainer'
[WRN 20:06:24.831] [Part]: Cannot have ModuleCargoPart and ModuleInventoryPart on same Part [smallCargoContainer'. Removed ModuleCargoPart
[LOG 20:06:24.833] PartLoader: Part 'Squad/Parts/Cargo/CargoContainers/smallCargoContainer/smallCargoContainer' has no database record. Creating.
[LOG 20:06:24.833] [DragCubeSystem]: Drag cubes not found or cannot be read for part Part. Generating New drag cubes.
[LOG 20:06:24.833] [KSPCF/DragCubeGeneration] Creating drag cubes for part 'smallCargoContainer'
[LOG 20:06:24.839] PartLoader: Compiling Part 'Squad/Parts/Cargo/Cylinder/Cylinder/evaCylinder'
[LOG 20:06:24.842] PartLoader: Part 'Squad/Parts/Cargo/Cylinder/Cylinder/evaCylinder' has no database record. Creating.
[LOG 20:06:24.843] [DragCubeSystem]: Drag cubes not found or cannot be read for part Part. Generating New drag cubes.
[LOG 20:06:24.843] [KSPCF/DragCubeGeneration] Creating drag cubes for part 'evaCylinder'
[LOG 20:06:24.847] PartLoader: Compiling Part 'Squad/Parts/Cargo/GroundAnchor/groundAnchor/groundAnchor'
[LOG 20:06:24.871] PartLoader: Part 'Squad/Parts/Cargo/GroundAnchor/groundAnchor/groundAnchor' has no database record. Creating.
[LOG 20:06:24.871] [DragCubeSystem]: Drag cubes not found or cannot be read for part Part. Generating New drag cubes.
[LOG 20:06:24.871] [KSPCF/DragCubeGeneration] Creating drag cubes for part 'groundAnchor'
[LOG 20:06:24.884] PartLoader: Compiling Part 'Squad/Parts/Cargo/Jetpack/Jetpack/evaJetpack'
[LOG 20:06:24.888] PartLoader: Part 'Squad/Parts/Cargo/Jetpack/Jetpack/evaJetpack' has no database record. Creating.
[LOG 20:06:24.888] [DragCubeSystem]: Drag cubes not found or cannot be read for part Part. Generating New drag cubes.
[LOG 20:06:24.888] [KSPCF/DragCubeGeneration] Creating drag cubes for part 'evaJetpack'
[LOG 20:06:24.893] PartLoader: Compiling Part 'Squad/Parts/Cargo/Parachute/Parachute/evaChute'
[LOG 20:06:24.897] PartLoader: Part 'Squad/Parts/Cargo/Parachute/Parachute/evaChute' has no database record. Creating.
[LOG 20:06:24.898] [DragCubeSystem]: Drag cubes not found or cannot be read for part Part. Generating New drag cubes.
[LOG 20:06:24.898] [KSPCF/DragCubeGeneration] Creating drag cubes for part 'evaChute'
[LOG 20:06:24.902] PartLoader: Compiling Part 'Squad/Parts/Cargo/RepairKit/RepairKit/evaRepairKit'
[LOG 20:06:24.907] PartLoader: Part 'Squad/Parts/Cargo/RepairKit/RepairKit/evaRepairKit' has no database record. Creating.
[LOG 20:06:24.907] [DragCubeSystem]: Drag cubes not found or cannot be read for part Part. Generating New drag cubes.
[LOG 20:06:24.907] [KSPCF/DragCubeGeneration] Creating drag cubes for part 'evaRepairKit'
[LOG 20:06:24.912] PartLoader: Compiling Part 'Squad/Parts/Cargo/ScienceKit/evaScienceKit/evaScienceKit'
[LOG 20:06:24.918] PartLoader: Part 'Squad/Parts/Cargo/ScienceKit/evaScienceKit/evaScienceKit' has no database record. Creating.
[LOG 20:06:24.918] [DragCubeSystem]: Drag cubes not found or cannot be read for part Part. Generating New drag cubes.
[LOG 20:06:24.918] [KSPCF/DragCubeGeneration] Creating drag cubes for part 'evaScienceKit'
[LOG 20:06:24.923] PartLoader: Compiling Part 'Squad/Parts/Cargo/StorageUnits/CargoStorageUnit/CargoStorageUnit'
[WRN 20:06:24.924] [Part]: Cannot have ModuleCargoPart and ModuleInventoryPart on same Part [CargoStorageUnit'. Removed ModuleCargoPart
[LOG 20:06:24.926] PartLoader: Part 'Squad/Parts/Cargo/StorageUnits/CargoStorageUnit/CargoStorageUnit' has no database record. Creating.
[LOG 20:06:24.926] [DragCubeSystem]: Drag cubes not found or cannot be read for part Part. Generating New drag cubes.
[LOG 20:06:24.926] [KSPCF/DragCubeGeneration] Creating drag cubes for part 'CargoStorageUnit'
[LOG 20:06:24.931] PartLoader: Compiling Part 'Squad/Parts/Cargo/StorageUnits/ConformalStorageUnit/ConformalStorageUnit'
[WRN 20:06:24.937] [Part]: Cannot have ModuleCargoPart and ModuleInventoryPart on same Part [ConformalStorageUnit'. Removed ModuleCargoPart
[LOG 20:06:24.940] PartLoader: Part 'Squad/Parts/Cargo/StorageUnits/ConformalStorageUnit/ConformalStorageUnit' has no database record. Creating.
[LOG 20:06:24.940] [DragCubeSystem]: Drag cubes not found or cannot be read for part Part. Generating New drag cubes.
[LOG 20:06:24.940] [KSPCF/DragCubeGeneration] Creating drag cubes for part 'ConformalStorageUnit'
[LOG 20:06:24.944] PartLoader: Compiling Part 'Squad/Parts/Command/advancedSasModuleLarge/advSasModuleLarge/asasmodule1-2'
[LOG 20:06:24.953] PartLoader: Part 'Squad/Parts/Command/advancedSasModuleLarge/advSasModuleLarge/asasmodule1-2' has no database record. Creating.
[LOG 20:06:24.954] PartLoader: Compiling Part 'Squad/Parts/Command/cupola/cupola/cupola'
[LOG 20:06:24.989] PartLoader: Part 'Squad/Parts/Command/cupola/cupola/cupola' has no database record. Creating.
[LOG 20:06:24.989] [DragCubeSystem]: Drag cubes not found or cannot be read for part Part. Generating New drag cubes.
[LOG 20:06:24.989] [KSPCF/DragCubeGeneration] Creating drag cubes for part 'cupola'
[LOG 20:06:25.000] PartLoader: Compiling Part 'Squad/Parts/Command/externalCommandSeat/externalCommandSeat/seatExternalCmd'
[LOG 20:06:25.009] PartLoader: Part 'Squad/Parts/Command/externalCommandSeat/externalCommandSeat/seatExternalCmd' has no database record. Creating.
[LOG 20:06:25.009] [DragCubeSystem]: Drag cubes not found or cannot be read for part Part. Generating New drag cubes.
[LOG 20:06:25.009] [KSPCF/DragCubeGeneration] Creating drag cubes for part 'seatExternalCmd'
[LOG 20:06:25.013] PartLoader: Compiling Part 'Squad/Parts/Command/hitchhikerStorageContainer/hitchikerStorageContainer/crewCabin'
[LOG 20:06:25.020] PartLoader: Part 'Squad/Parts/Command/hitchhikerStorageContainer/hitchikerStorageContainer/crewCabin' has no database record. Creating.
[LOG 20:06:25.020] [DragCubeSystem]: Drag cubes not found or cannot be read for part Part. Generating New drag cubes.
[LOG 20:06:25.020] [KSPCF/DragCubeGeneration] Creating drag cubes for part 'crewCabin'
[LOG 20:06:25.027] PartLoader: Compiling Part 'Squad/Parts/Command/inlineAdvancedStabilizer/inlineAdvancedStabilizer/advSasModule'
[LOG 20:06:25.033] PartLoader: Part 'Squad/Parts/Command/inlineAdvancedStabilizer/inlineAdvancedStabilizer/advSasModule' has no database record. Creating.
[LOG 20:06:25.033] [DragCubeSystem]: Drag cubes not found or cannot be read for part Part. Generating New drag cubes.
[LOG 20:06:25.033] [KSPCF/DragCubeGeneration] Creating drag cubes for part 'advSasModule'
[LOG 20:06:25.038] PartLoader: Compiling Part 'Squad/Parts/Command/inlineReactionWheel/inlineReactionWheel/sasModule'
[LOG 20:06:25.041] PartLoader: Part 'Squad/Parts/Command/inlineReactionWheel/inlineReactionWheel/sasModule' has no database record. Creating.
[LOG 20:06:25.041] [DragCubeSystem]: Drag cubes not found or cannot be read for part Part. Generating New drag cubes.
[LOG 20:06:25.041] [KSPCF/DragCubeGeneration] Creating drag cubes for part 'sasModule'
[LOG 20:06:25.046] PartLoader: Compiling Part 'Squad/Parts/Command/Mk1-3Pod/mk1-3/mk1-3pod'
[LOG 20:06:25.070] PartLoader: Part 'Squad/Parts/Command/Mk1-3Pod/mk1-3/mk1-3pod' has no database record. Creating.
[LOG 20:06:25.071] [DragCubeSystem]: Drag cubes not found or cannot be read for part Part. Generating New drag cubes.
[LOG 20:06:25.071] [KSPCF/DragCubeGeneration] Creating drag cubes for part 'mk1-3pod'
[LOG 20:06:25.078] PartLoader: Compiling Part 'Squad/Parts/Command/mk1Cockpits/mk1Cockpit/Mark1Cockpit'
[WRN 20:06:25.084] [Part]: Cannot have ModuleCargoPart and ModuleInventoryPart on same Part [Mark1Cockpit'. Removed ModuleCargoPart
[LOG 20:06:25.089] PartLoader: Part 'Squad/Parts/Command/mk1Cockpits/mk1Cockpit/Mark1Cockpit' has no database record. Creating.
[LOG 20:06:25.089] [DragCubeSystem]: Drag cubes not found or cannot be read for part Part. Generating New drag cubes.
[LOG 20:06:25.089] [KSPCF/DragCubeGeneration] Creating drag cubes for part 'Mark1Cockpit'
[LOG 20:06:25.096] PartLoader: Compiling Part 'Squad/Parts/Command/mk1Cockpits/mk1CrewCabin/MK1CrewCabin'
[WRN 20:06:25.099] [Part]: Cannot have ModuleCargoPart and ModuleInventoryPart on same Part [MK1CrewCabin'. Removed ModuleCargoPart
[LOG 20:06:25.106] PartLoader: Part 'Squad/Parts/Command/mk1Cockpits/mk1CrewCabin/MK1CrewCabin' has no database record. Creating.
[LOG 20:06:25.106] [DragCubeSystem]: Drag cubes not found or cannot be read for part Part. Generating New drag cubes.
[LOG 20:06:25.106] [KSPCF/DragCubeGeneration] Creating drag cubes for part 'MK1CrewCabin'
[LOG 20:06:25.112] PartLoader: Compiling Part 'Squad/Parts/Command/mk1Cockpits/mk1InlineCockpit/Mark2Cockpit'
[WRN 20:06:25.117] [Part]: Cannot have ModuleCargoPart and ModuleInventoryPart on same Part [Mark2Cockpit'. Removed ModuleCargoPart
[LOG 20:06:25.120] PartLoader: Part 'Squad/Parts/Command/mk1Cockpits/mk1InlineCockpit/Mark2Cockpit' has no database record. Creating.
[LOG 20:06:25.120] [DragCubeSystem]: Drag cubes not found or cannot be read for part Part. Generating New drag cubes.
[LOG 20:06:25.120] [KSPCF/DragCubeGeneration] Creating drag cubes for part 'Mark2Cockpit'
[LOG 20:06:25.128] PartLoader: Compiling Part 'Squad/Parts/Command/mk1LanderCan/mk1LanderCan/landerCabinSmall'
[WRN 20:06:25.132] [Part]: Cannot have ModuleCargoPart and ModuleInventoryPart on same Part [landerCabinSmall'. Removed ModuleCargoPart
[LOG 20:06:25.136] PartLoader: Part 'Squad/Parts/Command/mk1LanderCan/mk1LanderCan/landerCabinSmall' has no database record. Creating.
[LOG 20:06:25.136] [DragCubeSystem]: Drag cubes not found or cannot be read for part Part. Generating New drag cubes.
[LOG 20:06:25.136] [KSPCF/DragCubeGeneration] Creating drag cubes for part 'landerCabinSmall'
[LOG 20:06:25.142] PartLoader: Compiling Part 'Squad/Parts/Command/mk1pod_v2/mk1Pod_v2/mk1pod_v2'
[WRN 20:06:25.147] [Part]: Cannot have ModuleCargoPart and ModuleInventoryPart on same Part [mk1pod.v2'. Removed ModuleCargoPart
[LOG 20:06:25.152] PartLoader: Part 'Squad/Parts/Command/mk1pod_v2/mk1Pod_v2/mk1pod_v2' has no database record. Creating.
[LOG 20:06:25.152] [DragCubeSystem]: Drag cubes not found or cannot be read for part Part. Generating New drag cubes.
[LOG 20:06:25.152] [KSPCF/DragCubeGeneration] Creating drag cubes for part 'mk1pod.v2'
[LOG 20:06:25.160] PartLoader: Compiling Part 'Squad/Parts/Command/mk2CockpitInline/mk2CockpitInline/mk2Cockpit_Inline'
[WRN 20:06:25.168] [Part]: Cannot have ModuleCargoPart and ModuleInventoryPart on same Part [mk2Cockpit.Inline'. Removed ModuleCargoPart
[LOG 20:06:25.171] PartLoader: Part 'Squad/Parts/Command/mk2CockpitInline/mk2CockpitInline/mk2Cockpit_Inline' has no database record. Creating.
[LOG 20:06:25.172] [DragCubeSystem]: Drag cubes not found or cannot be read for part Part. Generating New drag cubes.
[LOG 20:06:25.172] [KSPCF/DragCubeGeneration] Creating drag cubes for part 'mk2Cockpit.Inline'
[LOG 20:06:25.179] PartLoader: Compiling Part 'Squad/Parts/Command/mk2CockpitStandard/mk2CockpitStandard/mk2Cockpit_Standard'
[WRN 20:06:25.182] [Part]: Cannot have ModuleCargoPart and ModuleInventoryPart on same Part [mk2Cockpit.Standard'. Removed ModuleCargoPart
[LOG 20:06:25.186] PartLoader: Part 'Squad/Parts/Command/mk2CockpitStandard/mk2CockpitStandard/mk2Cockpit_Standard' has no database record. Creating.
[LOG 20:06:25.186] [DragCubeSystem]: Drag cubes not found or cannot be read for part Part. Generating New drag cubes.
[LOG 20:06:25.186] [KSPCF/DragCubeGeneration] Creating drag cubes for part 'mk2Cockpit.Standard'
[LOG 20:06:25.191] PartLoader: Compiling Part 'Squad/Parts/Command/mk2DroneCore/mk2Dronecore/mk2DroneCore'
[LOG 20:06:25.197] PartLoader: Part 'Squad/Parts/Command/mk2DroneCore/mk2Dronecore/mk2DroneCore' has no database record. Creating.
[LOG 20:06:25.198] PartLoader: Compiling Part 'Squad/Parts/Command/mk2LanderCan/mk2LanderCan/mk2LanderCabin'
[WRN 20:06:25.201] [Part]: Cannot have ModuleCargoPart and ModuleInventoryPart on same Part [mk2LanderCabin'. Removed ModuleCargoPart
[LOG 20:06:25.204] PartLoader: Part 'Squad/Parts/Command/mk2LanderCan/mk2LanderCan/mk2LanderCabin' has no database record. Creating.
[LOG 20:06:25.204] [DragCubeSystem]: Drag cubes not found or cannot be read for part Part. Generating New drag cubes.
[LOG 20:06:25.204] [KSPCF/DragCubeGeneration] Creating drag cubes for part 'mk2LanderCabin'
[LOG 20:06:25.211] PartLoader: Compiling Part 'Squad/Parts/Command/mk2LanderCan_v2/mk2LanderCan_v2/mk2LanderCabin_v2'
[WRN 20:06:25.218] [Part]: Cannot have ModuleCargoPart and ModuleInventoryPart on same Part [mk2LanderCabin.v2'. Removed ModuleCargoPart
[LOG 20:06:25.231] PartLoader: Part 'Squad/Parts/Command/mk2LanderCan_v2/mk2LanderCan_v2/mk2LanderCabin_v2' has no database record. Creating.
[LOG 20:06:25.231] [DragCubeSystem]: Drag cubes not found or cannot be read for part Part. Generating New drag cubes.
[LOG 20:06:25.231] [KSPCF/DragCubeGeneration] Creating drag cubes for part 'mk2LanderCabin.v2'
[LOG 20:06:25.239] PartLoader: Compiling Part 'Squad/Parts/Command/mk3CockpitShuttle/mk3CockpitShuttle/mk3Cockpit_Shuttle'
[LOG 20:06:25.250] PartLoader: Part 'Squad/Parts/Command/mk3CockpitShuttle/mk3CockpitShuttle/mk3Cockpit_Shuttle' has no database record. Creating.
[LOG 20:06:25.250] [DragCubeSystem]: Drag cubes not found or cannot be read for part Part. Generating New drag cubes.
[LOG 20:06:25.250] [KSPCF/DragCubeGeneration] Creating drag cubes for part 'mk3Cockpit.Shuttle'
[LOG 20:06:25.256] PartLoader: Compiling Part 'Squad/Parts/Command/MpoProbe/MpoProbe/MpoProbe'
[LOG 20:06:25.267] PartLoader: Part 'Squad/Parts/Command/MpoProbe/MpoProbe/MpoProbe' has no database record. Creating.
[LOG 20:06:25.267] [DragCubeSystem]: Drag cubes not found or cannot be read for part Part. Generating New drag cubes.
[LOG 20:06:25.267] [KSPCF/DragCubeGeneration] Creating drag cubes for part 'MpoProbe'
[LOG 20:06:25.273] PartLoader: Compiling Part 'Squad/Parts/Command/MtmStage/MTM_Stage/MtmStage'
[LOG 20:06:25.286] PartLoader: Part 'Squad/Parts/Command/MtmStage/MTM_Stage/MtmStage' has no database record. Creating.
[LOG 20:06:25.286] [DragCubeSystem]: Drag cubes not found or cannot be read for part Part. Generating New drag cubes.
[LOG 20:06:25.286] [KSPCF/DragCubeGeneration] Creating drag cubes for part 'MtmStage'
[LOG 20:06:25.292] PartLoader: Compiling Part 'Squad/Parts/Command/probeCoreCube/probeCoreCube/probeCoreCube'
[LOG 20:06:25.299] PartLoader: Part 'Squad/Parts/Command/probeCoreCube/probeCoreCube/probeCoreCube' has no database record. Creating.
[LOG 20:06:25.300] PartLoader: Compiling Part 'Squad/Parts/Command/probeCoreHex/probeCoreHex/probeCoreHex'
[LOG 20:06:25.307] PartLoader: Part 'Squad/Parts/Command/probeCoreHex/probeCoreHex/probeCoreHex' has no database record. Creating.
[LOG 20:06:25.307] [DragCubeSystem]: Drag cubes not found or cannot be read for part Part. Generating New drag cubes.
[LOG 20:06:25.307] [KSPCF/DragCubeGeneration] Creating drag cubes for part 'probeCoreHex'
[LOG 20:06:25.312] PartLoader: Compiling Part 'Squad/Parts/Command/probeCoreHex_v2/probeCoreHex_v2/probeCoreHex_v2'
[LOG 20:06:25.317] PartLoader: Part 'Squad/Parts/Command/probeCoreHex_v2/probeCoreHex_v2/probeCoreHex_v2' has no database record. Creating.
[LOG 20:06:25.318] [DragCubeSystem]: Drag cubes not found or cannot be read for part Part. Generating New drag cubes.
[LOG 20:06:25.318] [KSPCF/DragCubeGeneration] Creating drag cubes for part 'probeCoreHex.v2'
[LOG 20:06:25.323] PartLoader: Compiling Part 'Squad/Parts/Command/probeCoreOcto2_v2/probeCoreOcto2_v2/probeCoreOcto2_v2'
[LOG 20:06:25.330] PartLoader: Part 'Squad/Parts/Command/probeCoreOcto2_v2/probeCoreOcto2_v2/probeCoreOcto2_v2' has no database record. Creating.
[LOG 20:06:25.331] [DragCubeSystem]: Drag cubes not found or cannot be read for part Part. Generating New drag cubes.
[LOG 20:06:25.331] [KSPCF/DragCubeGeneration] Creating drag cubes for part 'probeCoreOcto2.v2'
[LOG 20:06:25.336] PartLoader: Compiling Part 'Squad/Parts/Command/probeCoreOcto_v2/probeCoreOcto_v2/probeCoreOcto_v2'
[LOG 20:06:25.344] PartLoader: Part 'Squad/Parts/Command/probeCoreOcto_v2/probeCoreOcto_v2/probeCoreOcto_v2' has no database record. Creating.
[LOG 20:06:25.344] [DragCubeSystem]: Drag cubes not found or cannot be read for part Part. Generating New drag cubes.
[LOG 20:06:25.344] [KSPCF/DragCubeGeneration] Creating drag cubes for part 'probeCoreOcto.v2'
[LOG 20:06:25.349] PartLoader: Compiling Part 'Squad/Parts/Command/probeRoverBody/probeRoverBody/roverBody'
[LOG 20:06:25.354] PartLoader: Part 'Squad/Parts/Command/probeRoverBody/probeRoverBody/roverBody' has no database record. Creating.
[LOG 20:06:25.354] [DragCubeSystem]: Drag cubes not found or cannot be read for part Part. Generating New drag cubes.
[LOG 20:06:25.354] [KSPCF/DragCubeGeneration] Creating drag cubes for part 'roverBody'
[LOG 20:06:25.358] PartLoader: Compiling Part 'Squad/Parts/Command/probeRoverBody_v2/probeRoverBody_v2/roverBody_v2'
[LOG 20:06:25.366] PartLoader: Part 'Squad/Parts/Command/probeRoverBody_v2/probeRoverBody_v2/roverBody_v2' has no database record. Creating.
[LOG 20:06:25.366] [DragCubeSystem]: Drag cubes not found or cannot be read for part Part. Generating New drag cubes.
[LOG 20:06:25.366] [KSPCF/DragCubeGeneration] Creating drag cubes for part 'roverBody.v2'
[LOG 20:06:25.384] PartLoader: Compiling Part 'Squad/Parts/Command/probeStackLarge/probeStackLarge/probeStackLarge'
[LOG 20:06:25.390] PartLoader: Part 'Squad/Parts/Command/probeStackLarge/probeStackLarge/probeStackLarge' has no database record. Creating.
[LOG 20:06:25.391] [DragCubeSystem]: Drag cubes not found or cannot be read for part Part. Generating New drag cubes.
[LOG 20:06:25.391] [KSPCF/DragCubeGeneration] Creating drag cubes for part 'probeStackLarge'
[LOG 20:06:25.397] PartLoader: Compiling Part 'Squad/Parts/Command/probeStackSmall/probeStackSmall/probeStackSmall'
[LOG 20:06:25.406] PartLoader: Part 'Squad/Parts/Command/probeStackSmall/probeStackSmall/probeStackSmall' has no database record. Creating.
[LOG 20:06:25.406] [DragCubeSystem]: Drag cubes not found or cannot be read for part Part. Generating New drag cubes.
[LOG 20:06:25.406] [KSPCF/DragCubeGeneration] Creating drag cubes for part 'probeStackSmall'
[LOG 20:06:25.411] PartLoader: Compiling Part 'Squad/Parts/Command/probeStackSphere_v2/probeStackSphere_v2/probeCoreSphere_v2'
[LOG 20:06:25.415] PartLoader: Part 'Squad/Parts/Command/probeStackSphere_v2/probeStackSphere_v2/probeCoreSphere_v2' has no database record. Creating.
[LOG 20:06:25.416] PartLoader: Compiling Part 'Squad/Parts/CompoundParts/FuelLine/fuelLine/fuelLine'
[LOG 20:06:25.438] PartLoader: Part 'Squad/Parts/CompoundParts/FuelLine/fuelLine/fuelLine' has no database record. Creating.
[LOG 20:06:25.438] [DragCubeSystem]: Drag cubes not found or cannot be read for part CompoundPart. Generating New drag cubes.
[LOG 20:06:25.439] [KSPCF/DragCubeGeneration] Creating drag cubes for part 'fuelLine'
[LOG 20:06:25.443] PartLoader: Compiling Part 'Squad/Parts/CompoundParts/strutConnector/strutConnector/strutConnector'
[LOG 20:06:25.452] PartLoader: Part 'Squad/Parts/CompoundParts/strutConnector/strutConnector/strutConnector' has no database record. Creating.
[LOG 20:06:25.452] [DragCubeSystem]: Drag cubes not found or cannot be read for part CompoundPart. Generating New drag cubes.
[LOG 20:06:25.452] [KSPCF/DragCubeGeneration] Creating drag cubes for part 'strutConnector'
[LOG 20:06:25.457] PartLoader: Compiling Part 'Squad/Parts/Coupling/Decoupler_0/Decoupler_0'
[LOG 20:06:25.468] PartLoader: Part 'Squad/Parts/Coupling/Decoupler_0/Decoupler_0' has no database record. Creating.
[LOG 20:06:25.468] PartLoader: Compiling Part 'Squad/Parts/Coupling/Decoupler_1/Decoupler_1'
[LOG 20:06:25.475] PartLoader: Part 'Squad/Parts/Coupling/Decoupler_1/Decoupler_1' has no database record. Creating.
[LOG 20:06:25.475] PartLoader: Compiling Part 'Squad/Parts/Coupling/Decoupler_2/Decoupler_2'
[LOG 20:06:25.481] PartLoader: Part 'Squad/Parts/Coupling/Decoupler_2/Decoupler_2' has no database record. Creating.
[LOG 20:06:25.481] PartLoader: Compiling Part 'Squad/Parts/Coupling/Decoupler_3/Decoupler_3'
[LOG 20:06:25.486] PartLoader: Part 'Squad/Parts/Coupling/Decoupler_3/Decoupler_3' has no database record. Creating.
[LOG 20:06:25.486] PartLoader: Compiling Part 'Squad/Parts/Coupling/Separator_0/Separator_0'
[LOG 20:06:25.491] PartLoader: Part 'Squad/Parts/Coupling/Separator_0/Separator_0' has no database record. Creating.
[LOG 20:06:25.491] PartLoader: Compiling Part 'Squad/Parts/Coupling/Separator_1/Separator_1'
[LOG 20:06:25.496] PartLoader: Part 'Squad/Parts/Coupling/Separator_1/Separator_1' has no database record. Creating.
[LOG 20:06:25.497] PartLoader: Compiling Part 'Squad/Parts/Coupling/Separator_2/Separator_2'
[LOG 20:06:25.502] PartLoader: Part 'Squad/Parts/Coupling/Separator_2/Separator_2' has no database record. Creating.
[LOG 20:06:25.503] PartLoader: Compiling Part 'Squad/Parts/Coupling/Separator_3/Separator_3'
[LOG 20:06:25.512] PartLoader: Part 'Squad/Parts/Coupling/Separator_3/Separator_3' has no database record. Creating.
[LOG 20:06:25.513] PartLoader: Compiling Part 'Squad/Parts/Electrical/10CSolarPanels/OX-10C/solarPanelOX10C'
[LOG 20:06:25.523] PartLoader: Part 'Squad/Parts/Electrical/10CSolarPanels/OX-10C/solarPanelOX10C' has no database record. Creating.
[LOG 20:06:25.523] [DragCubeSystem]: Drag cubes not found or cannot be read for part Part. Generating New drag cubes.
[LOG 20:06:25.523] [KSPCF/DragCubeGeneration] Creating drag cubes for part 'solarPanelOX10C'
[LOG 20:06:25.541] PartLoader: Compiling Part 'Squad/Parts/Electrical/10CSolarPanels/SP-10C/solarPanelSP10C'
[LOG 20:06:25.546] PartLoader: Part 'Squad/Parts/Electrical/10CSolarPanels/SP-10C/solarPanelSP10C' has no database record. Creating.
[LOG 20:06:25.546] [DragCubeSystem]: Drag cubes not found or cannot be read for part Part. Generating New drag cubes.
[LOG 20:06:25.547] [KSPCF/DragCubeGeneration] Creating drag cubes for part 'solarPanelSP10C'
[LOG 20:06:25.564] PartLoader: Compiling Part 'Squad/Parts/Electrical/10LSolarPanels/OX-10L/solarPanelOX10L'
[LOG 20:06:25.568] PartLoader: Part 'Squad/Parts/Electrical/10LSolarPanels/OX-10L/solarPanelOX10L' has no database record. Creating.
[LOG 20:06:25.568] [DragCubeSystem]: Drag cubes not found or cannot be read for part Part. Generating New drag cubes.
[LOG 20:06:25.568] [KSPCF/DragCubeGeneration] Creating drag cubes for part 'solarPanelOX10L'
[LOG 20:06:25.584] PartLoader: Compiling Part 'Squad/Parts/Electrical/10LSolarPanels/SP-10L/solarPanelSP10L'
[LOG 20:06:25.589] PartLoader: Part 'Squad/Parts/Electrical/10LSolarPanels/SP-10L/solarPanelSP10L' has no database record. Creating.
[LOG 20:06:25.589] [DragCubeSystem]: Drag cubes not found or cannot be read for part Part. Generating New drag cubes.
[LOG 20:06:25.589] [KSPCF/DragCubeGeneration] Creating drag cubes for part 'solarPanelSP10L'
[LOG 20:06:25.605] PartLoader: Compiling Part 'Squad/Parts/Electrical/1x6ShroudSolarPanels/1x6ShroudSolarPanels/solarPanels2'
[LOG 20:06:25.612] PartLoader: Part 'Squad/Parts/Electrical/1x6ShroudSolarPanels/1x6ShroudSolarPanels/solarPanels2' has no database record. Creating.
[LOG 20:06:25.612] [DragCubeSystem]: Drag cubes not found or cannot be read for part Part. Generating New drag cubes.
[LOG 20:06:25.612] [KSPCF/DragCubeGeneration] Creating drag cubes for part 'solarPanels2'
[LOG 20:06:25.628] PartLoader: Compiling Part 'Squad/Parts/Electrical/1x6SolarPanels/1x6SolarPanels/solarPanels4'
[LOG 20:06:25.634] PartLoader: Part 'Squad/Parts/Electrical/1x6SolarPanels/1x6SolarPanels/solarPanels4' has no database record. Creating.
[LOG 20:06:25.634] [DragCubeSystem]: Drag cubes not found or cannot be read for part Part. Generating New drag cubes.
[LOG 20:06:25.634] [KSPCF/DragCubeGeneration] Creating drag cubes for part 'solarPanels4'
[LOG 20:06:25.649] PartLoader: Compiling Part 'Squad/Parts/Electrical/3x2ShroudSolarPanels/3x2ShroudSolarPanels/solarPanels1'
[LOG 20:06:25.652] PartLoader: Part 'Squad/Parts/Electrical/3x2ShroudSolarPanels/3x2ShroudSolarPanels/solarPanels1' has no database record. Creating.
[LOG 20:06:25.652] [DragCubeSystem]: Drag cubes not found or cannot be read for part Part. Generating New drag cubes.
[LOG 20:06:25.652] [KSPCF/DragCubeGeneration] Creating drag cubes for part 'solarPanels1'
[LOG 20:06:25.667] PartLoader: Compiling Part 'Squad/Parts/Electrical/3x2SolarPanels/3x2SolarPanels/solarPanels3'
[LOG 20:06:25.674] PartLoader: Part 'Squad/Parts/Electrical/3x2SolarPanels/3x2SolarPanels/solarPanels3' has no database record. Creating.
[LOG 20:06:25.674] [DragCubeSystem]: Drag cubes not found or cannot be read for part Part. Generating New drag cubes.
[LOG 20:06:25.674] [KSPCF/DragCubeGeneration] Creating drag cubes for part 'solarPanels3'
[LOG 20:06:25.690] PartLoader: Compiling Part 'Squad/Parts/Electrical/gigantorXlSolarArray/gigantorXlSolarArray/largeSolarPanel'
[LOG 20:06:25.694] PartLoader: Part 'Squad/Parts/Electrical/gigantorXlSolarArray/gigantorXlSolarArray/largeSolarPanel' has no database record. Creating.
[LOG 20:06:25.694] [DragCubeSystem]: Drag cubes not found or cannot be read for part Part. Generating New drag cubes.
[LOG 20:06:25.694] [KSPCF/DragCubeGeneration] Creating drag cubes for part 'largeSolarPanel'
[LOG 20:06:25.708] PartLoader: Compiling Part 'Squad/Parts/Electrical/radialFlatSolarPanel/radialFlatSolarPanel/solarPanels5'
[LOG 20:06:25.711] PartLoader: Part 'Squad/Parts/Electrical/radialFlatSolarPanel/radialFlatSolarPanel/solarPanels5' has no database record. Creating.
[LOG 20:06:25.711] [DragCubeSystem]: Drag cubes not found or cannot be read for part Part. Generating New drag cubes.
[LOG 20:06:25.712] [KSPCF/DragCubeGeneration] Creating drag cubes for part 'solarPanels5'
[LOG 20:06:25.718] PartLoader: Compiling Part 'Squad/Parts/Electrical/RTG/RTG/rtg'
[LOG 20:06:25.734] PartLoader: Part 'Squad/Parts/Electrical/RTG/RTG/rtg' has no database record. Creating.
[LOG 20:06:25.734] [DragCubeSystem]: Drag cubes not found or cannot be read for part Part. Generating New drag cubes.
[LOG 20:06:25.734] [KSPCF/DragCubeGeneration] Creating drag cubes for part 'rtg'
[LOG 20:06:25.739] PartLoader: Compiling Part 'Squad/Parts/Electrical/z-100Battery/z-100Battery/batteryPack'
[LOG 20:06:25.742] PartLoader: Part 'Squad/Parts/Electrical/z-100Battery/z-100Battery/batteryPack' has no database record. Creating.
[LOG 20:06:25.742] [DragCubeSystem]: Drag cubes not found or cannot be read for part Part. Generating New drag cubes.
[LOG 20:06:25.742] [KSPCF/DragCubeGeneration] Creating drag cubes for part 'batteryPack'
[LOG 20:06:25.747] PartLoader: Compiling Part 'Squad/Parts/Electrical/z-1kBattery/z-1kBattery/batteryBank'
[LOG 20:06:25.753] PartLoader: Part 'Squad/Parts/Electrical/z-1kBattery/z-1kBattery/batteryBank' has no database record. Creating.
[LOG 20:06:25.753] [DragCubeSystem]: Drag cubes not found or cannot be read for part Part. Generating New drag cubes.
[LOG 20:06:25.753] [KSPCF/DragCubeGeneration] Creating drag cubes for part 'batteryBank'
[LOG 20:06:25.757] PartLoader: Compiling Part 'Squad/Parts/Electrical/z-200Battery/z-200Battery/batteryBankMini'
[LOG 20:06:25.760] PartLoader: Part 'Squad/Parts/Electrical/z-200Battery/z-200Battery/batteryBankMini' has no database record. Creating.
[LOG 20:06:25.760] [DragCubeSystem]: Drag cubes not found or cannot be read for part Part. Generating New drag cubes.
[LOG 20:06:25.760] [KSPCF/DragCubeGeneration] Creating drag cubes for part 'batteryBankMini'
[LOG 20:06:25.766] PartLoader: Compiling Part 'Squad/Parts/Electrical/z-400Battery/z-400Battery/ksp_r_largeBatteryPack'
[LOG 20:06:25.769] PartLoader: Part 'Squad/Parts/Electrical/z-400Battery/z-400Battery/ksp_r_largeBatteryPack' has no database record. Creating.
[LOG 20:06:25.769] [DragCubeSystem]: Drag cubes not found or cannot be read for part Part. Generating New drag cubes.
[LOG 20:06:25.769] [KSPCF/DragCubeGeneration] Creating drag cubes for part 'ksp.r.largeBatteryPack'
[LOG 20:06:25.775] PartLoader: Compiling Part 'Squad/Parts/Electrical/z-4kBattery/z-4kBattery/batteryBankLarge'
[LOG 20:06:25.778] PartLoader: Part 'Squad/Parts/Electrical/z-4kBattery/z-4kBattery/batteryBankLarge' has no database record. Creating.
[LOG 20:06:25.779] [DragCubeSystem]: Drag cubes not found or cannot be read for part Part. Generating New drag cubes.
[LOG 20:06:25.779] [KSPCF/DragCubeGeneration] Creating drag cubes for part 'batteryBankLarge'
[LOG 20:06:25.783] PartLoader: Compiling Part 'Squad/Parts/Engine/ionEngine/ionEngine/ionEngine'
[LOG 20:06:25.803] PartLoader: Part 'Squad/Parts/Engine/ionEngine/ionEngine/ionEngine' has no database record. Creating.
[LOG 20:06:25.803] [DragCubeSystem]: Drag cubes not found or cannot be read for part Part. Generating New drag cubes.
[LOG 20:06:25.803] [KSPCF/DragCubeGeneration] Creating drag cubes for part 'ionEngine'
[LOG 20:06:25.812] PartLoader: Compiling Part 'Squad/Parts/Engine/jetEngines/jetEngineAfterburning/turboJet'
[LOG 20:06:25.849] PartLoader: Part 'Squad/Parts/Engine/jetEngines/jetEngineAfterburning/turboJet' has no database record. Creating.
[LOG 20:06:25.849] [DragCubeSystem]: Drag cubes not found or cannot be read for part Part. Generating New drag cubes.
[LOG 20:06:25.849] [KSPCF/DragCubeGeneration] Creating drag cubes for part 'turboJet'
[LOG 20:06:25.859] PartLoader: Compiling Part 'Squad/Parts/Engine/jetEngines/jetEngineBasic/JetEngine'
[LOG 20:06:25.874] PartLoader: Part 'Squad/Parts/Engine/jetEngines/jetEngineBasic/JetEngine' has no database record. Creating.
[LOG 20:06:25.874] [DragCubeSystem]: Drag cubes not found or cannot be read for part Part. Generating New drag cubes.
[LOG 20:06:25.874] [KSPCF/DragCubeGeneration] Creating drag cubes for part 'JetEngine'
[LOG 20:06:25.889] PartLoader: Compiling Part 'Squad/Parts/Engine/jetEngines/jetEngineBig/turboFanSize2'
[LOG 20:06:25.898] PartLoader: Part 'Squad/Parts/Engine/jetEngines/jetEngineBig/turboFanSize2' has no database record. Creating.
[LOG 20:06:25.899] [DragCubeSystem]: Drag cubes not found or cannot be read for part Part. Generating New drag cubes.
[LOG 20:06:25.899] [KSPCF/DragCubeGeneration] Creating drag cubes for part 'turboFanSize2'
[LOG 20:06:25.915] PartLoader: Compiling Part 'Squad/Parts/Engine/jetEngines/jetEngineTurbo/turboFanEngine'
[LOG 20:06:25.925] PartLoader: Part 'Squad/Parts/Engine/jetEngines/jetEngineTurbo/turboFanEngine' has no database record. Creating.
[LOG 20:06:25.926] [DragCubeSystem]: Drag cubes not found or cannot be read for part Part. Generating New drag cubes.
[LOG 20:06:25.926] [KSPCF/DragCubeGeneration] Creating drag cubes for part 'turboFanEngine'
[LOG 20:06:25.933] PartLoader: Compiling Part 'Squad/Parts/Engine/liquidEngine24-77/liquidEngine24-77/smallRadialEngine'
[LOG 20:06:25.940] PartLoader: Part 'Squad/Parts/Engine/liquidEngine24-77/liquidEngine24-77/smallRadialEngine' has no database record. Creating.
[LOG 20:06:25.940] [DragCubeSystem]: Drag cubes not found or cannot be read for part Part. Generating New drag cubes.
[LOG 20:06:25.941] [KSPCF/DragCubeGeneration] Creating drag cubes for part 'smallRadialEngine'
[LOG 20:06:25.947] PartLoader: Compiling Part 'Squad/Parts/Engine/liquidEngine24-77_v2/liquidEngine24-77_v2/smallRadialEngine_v2'
[LOG 20:06:25.955] PartLoader: Part 'Squad/Parts/Engine/liquidEngine24-77_v2/liquidEngine24-77_v2/smallRadialEngine_v2' has no database record. Creating.
[LOG 20:06:25.955] [DragCubeSystem]: Drag cubes not found or cannot be read for part Part. Generating New drag cubes.
[LOG 20:06:25.955] [KSPCF/DragCubeGeneration] Creating drag cubes for part 'smallRadialEngine.v2'
[LOG 20:06:25.961] PartLoader: Compiling Part 'Squad/Parts/Engine/liquidEngine48-7S_v2/liquidEngine48-7S_v2/liquidEngineMini_v2'
[LOG 20:06:25.969] PartLoader: Part 'Squad/Parts/Engine/liquidEngine48-7S_v2/liquidEngine48-7S_v2/liquidEngineMini_v2' has no database record. Creating.
[LOG 20:06:25.969] [DragCubeSystem]: Drag cubes not found or cannot be read for part Part. Generating New drag cubes.
[LOG 20:06:25.969] [KSPCF/DragCubeGeneration] Creating drag cubes for part 'liquidEngineMini.v2'
[LOG 20:06:25.997] PartLoader: Compiling Part 'Squad/Parts/Engine/liquidEngineAerospike/liquidEngineAerospike/toroidalAerospike'
[LOG 20:06:26.013] PartLoader: Part 'Squad/Parts/Engine/liquidEngineAerospike/liquidEngineAerospike/toroidalAerospike' has no database record. Creating.
[LOG 20:06:26.013] [DragCubeSystem]: Drag cubes not found or cannot be read for part Part. Generating New drag cubes.
[LOG 20:06:26.013] [KSPCF/DragCubeGeneration] Creating drag cubes for part 'toroidalAerospike'
[LOG 20:06:26.027] PartLoader: Compiling Part 'Squad/Parts/Engine/liquidEngineLV-1_v2/liquidEngineLV-1R _v2/radialEngineMini_v2'
[LOG 20:06:26.035] PartLoader: Part 'Squad/Parts/Engine/liquidEngineLV-1_v2/liquidEngineLV-1R _v2/radialEngineMini_v2' has no database record. Creating.
[LOG 20:06:26.035] [DragCubeSystem]: Drag cubes not found or cannot be read for part Part. Generating New drag cubes.
[LOG 20:06:26.035] [KSPCF/DragCubeGeneration] Creating drag cubes for part 'radialEngineMini.v2'
[LOG 20:06:26.049] PartLoader: Compiling Part 'Squad/Parts/Engine/liquidEngineLV-1_v2/liquidEngineLV-1_v2/microEngine_v2'
[LOG 20:06:26.057] PartLoader: Part 'Squad/Parts/Engine/liquidEngineLV-1_v2/liquidEngineLV-1_v2/microEngine_v2' has no database record. Creating.
[LOG 20:06:26.057] [DragCubeSystem]: Drag cubes not found or cannot be read for part Part. Generating New drag cubes.
[LOG 20:06:26.057] [KSPCF/DragCubeGeneration] Creating drag cubes for part 'microEngine.v2'
[LOG 20:06:26.072] PartLoader: Compiling Part 'Squad/Parts/Engine/liquidEngineLV-909_v2/liquidEngineLV-909_v2/liquidEngine3_v2'
[LOG 20:06:26.082] PartLoader: Part 'Squad/Parts/Engine/liquidEngineLV-909_v2/liquidEngineLV-909_v2/liquidEngine3_v2' has no database record. Creating.
[LOG 20:06:26.082] [DragCubeSystem]: Drag cubes not found or cannot be read for part Part. Generating New drag cubes.
[LOG 20:06:26.082] [KSPCF/DragCubeGeneration] Creating drag cubes for part 'liquidEngine3.v2'
[LOG 20:06:26.108] PartLoader: Compiling Part 'Squad/Parts/Engine/liquidEngineLV-N/liquidEngineLV-N/nuclearEngine'
[LOG 20:06:26.115] PartLoader: Part 'Squad/Parts/Engine/liquidEngineLV-N/liquidEngineLV-N/nuclearEngine' has no database record. Creating.
[LOG 20:06:26.115] [DragCubeSystem]: Drag cubes not found or cannot be read for part Part. Generating New drag cubes.
[LOG 20:06:26.115] [KSPCF/DragCubeGeneration] Part 'nuclearEngine' has defined a procedural drag cube setup
[LOG 20:06:26.116] PartLoader: Compiling Part 'Squad/Parts/Engine/liquidEngineLV-T30/liquidEngineLV-T30/liquidEngine'
[LOG 20:06:26.123] PartLoader: Part 'Squad/Parts/Engine/liquidEngineLV-T30/liquidEngineLV-T30/liquidEngine' has no database record. Creating.
[LOG 20:06:26.123] [DragCubeSystem]: Drag cubes not found or cannot be read for part Part. Generating New drag cubes.
[LOG 20:06:26.123] [KSPCF/DragCubeGeneration] Creating drag cubes for part 'liquidEngine'
[LOG 20:06:26.136] PartLoader: Compiling Part 'Squad/Parts/Engine/liquidEngineLV-T30_v2/liquidEngineLV-T30_v2/liquidEngine_v2'
[LOG 20:06:26.143] PartLoader: Part 'Squad/Parts/Engine/liquidEngineLV-T30_v2/liquidEngineLV-T30_v2/liquidEngine_v2' has no database record. Creating.
[LOG 20:06:26.144] PartLoader: Compiling Part 'Squad/Parts/Engine/liquidEngineLV-T45/liquidEngineLV-T45/liquidEngine2'
[LOG 20:06:26.152] PartLoader: Part 'Squad/Parts/Engine/liquidEngineLV-T45/liquidEngineLV-T45/liquidEngine2' has no database record. Creating.
[LOG 20:06:26.152] [DragCubeSystem]: Drag cubes not found or cannot be read for part Part. Generating New drag cubes.
[LOG 20:06:26.152] [KSPCF/DragCubeGeneration] Creating drag cubes for part 'liquidEngine2'
[LOG 20:06:26.166] PartLoader: Compiling Part 'Squad/Parts/Engine/liquidEngineLV-T45_v2/liquidEngineLV-T45_v2/liquidEngine2_v2'
[LOG 20:06:26.176] PartLoader: Part 'Squad/Parts/Engine/liquidEngineLV-T45_v2/liquidEngineLV-T45_v2/liquidEngine2_v2' has no database record. Creating.
[LOG 20:06:26.177] PartLoader: Compiling Part 'Squad/Parts/Engine/liquidEngineMainsail_v2/liquidEngineMainsail_v2/liquidEngineMainsail_v2'
[LOG 20:06:26.187] PartLoader: Part 'Squad/Parts/Engine/liquidEngineMainsail_v2/liquidEngineMainsail_v2/liquidEngineMainsail_v2' has no database record. Creating.
[LOG 20:06:26.187] [DragCubeSystem]: Drag cubes not found or cannot be read for part Part. Generating New drag cubes.
[LOG 20:06:26.187] [KSPCF/DragCubeGeneration] Creating drag cubes for part 'liquidEngineMainsail.v2'
[LOG 20:06:26.217] PartLoader: Compiling Part 'Squad/Parts/Engine/liquidEngineMk55/liquidEngineMk55/radialLiquidEngine1-2'
[LOG 20:06:26.224] PartLoader: Part 'Squad/Parts/Engine/liquidEngineMk55/liquidEngineMk55/radialLiquidEngine1-2' has no database record. Creating.
[LOG 20:06:26.224] [DragCubeSystem]: Drag cubes not found or cannot be read for part Part. Generating New drag cubes.
[LOG 20:06:26.224] [KSPCF/DragCubeGeneration] Creating drag cubes for part 'radialLiquidEngine1-2'
[LOG 20:06:26.229] PartLoader: Compiling Part 'Squad/Parts/Engine/liquidEnginePoodle_v2/liquidEnginePoodle_v2/liquidEngine2-2_v2'
[LOG 20:06:26.238] PartLoader: Part 'Squad/Parts/Engine/liquidEnginePoodle_v2/liquidEnginePoodle_v2/liquidEngine2-2_v2' has no database record. Creating.
[LOG 20:06:26.239] PartLoader: Compiling Part 'Squad/Parts/Engine/liquidEngineSkipper_v2/skipperLiquidEngine_v2/engineLargeSkipper_v2'
[LOG 20:06:26.248] PartLoader: Part 'Squad/Parts/Engine/liquidEngineSkipper_v2/skipperLiquidEngine_v2/engineLargeSkipper_v2' has no database record. Creating.
[LOG 20:06:26.248] [DragCubeSystem]: Drag cubes not found or cannot be read for part Part. Generating New drag cubes.
[LOG 20:06:26.248] [KSPCF/DragCubeGeneration] Creating drag cubes for part 'engineLargeSkipper.v2'
[LOG 20:06:26.285] PartLoader: Compiling Part 'Squad/Parts/Engine/liquidEngineSSME/SSME/SSME'
[LOG 20:06:26.296] PartLoader: Part 'Squad/Parts/Engine/liquidEngineSSME/SSME/SSME' has no database record. Creating.
[LOG 20:06:26.296] [DragCubeSystem]: Drag cubes not found or cannot be read for part Part. Generating New drag cubes.
[LOG 20:06:26.296] [KSPCF/DragCubeGeneration] Creating drag cubes for part 'SSME'
[LOG 20:06:26.316] PartLoader: Compiling Part 'Squad/Parts/Engine/MassiveSRB/part/MassiveBooster'
[LOG 20:06:26.333] PartLoader: Part 'Squad/Parts/Engine/MassiveSRB/part/MassiveBooster' has no database record. Creating.
[LOG 20:06:26.333] [DragCubeSystem]: Drag cubes not found or cannot be read for part Part. Generating New drag cubes.
[LOG 20:06:26.333] [KSPCF/DragCubeGeneration] Creating drag cubes for part 'MassiveBooster'
[LOG 20:06:26.337] PartLoader: Compiling Part 'Squad/Parts/Engine/miniJet/SmallJetEngine/miniJetEngine'
[LOG 20:06:26.344] PartLoader: Part 'Squad/Parts/Engine/miniJet/SmallJetEngine/miniJetEngine' has no database record. Creating.
[LOG 20:06:26.345] [DragCubeSystem]: Drag cubes not found or cannot be read for part Part. Generating New drag cubes.
[LOG 20:06:26.345] [KSPCF/DragCubeGeneration] Creating drag cubes for part 'miniJetEngine'
[LOG 20:06:26.350] PartLoader: Compiling Part 'Squad/Parts/Engine/OMSEngine/omsEngine/omsEngine'
[LOG 20:06:26.356] PartLoader: Part 'Squad/Parts/Engine/OMSEngine/omsEngine/omsEngine' has no database record. Creating.
[LOG 20:06:26.356] [DragCubeSystem]: Drag cubes not found or cannot be read for part Part. Generating New drag cubes.
[LOG 20:06:26.356] [KSPCF/DragCubeGeneration] Creating drag cubes for part 'omsEngine'
[LOG 20:06:26.361] PartLoader: Compiling Part 'Squad/Parts/Engine/rapierEngine/rapierEngine/RAPIER'
[LOG 20:06:26.371] PartLoader: Part 'Squad/Parts/Engine/rapierEngine/rapierEngine/RAPIER' has no database record. Creating.
[LOG 20:06:26.371] [DragCubeSystem]: Drag cubes not found or cannot be read for part Part. Generating New drag cubes.
[LOG 20:06:26.371] [KSPCF/DragCubeGeneration] Creating drag cubes for part 'RAPIER'
[LOG 20:06:26.376] PartLoader: Compiling Part 'Squad/Parts/Engine/Size1_SRBs/solidBoosterRT-10_v2/solidBooster_v2'
[LOG 20:06:26.384] PartLoader: Part 'Squad/Parts/Engine/Size1_SRBs/solidBoosterRT-10_v2/solidBooster_v2' has no database record. Creating.
[LOG 20:06:26.384] [DragCubeSystem]: Drag cubes not found or cannot be read for part Part. Generating New drag cubes.
[LOG 20:06:26.384] [KSPCF/DragCubeGeneration] Creating drag cubes for part 'solidBooster.v2'
[LOG 20:06:26.396] PartLoader: Compiling Part 'Squad/Parts/Engine/Size1_SRBs/solidBoosterRT-5_v2/solidBooster_sm_v2'
[LOG 20:06:26.404] PartLoader: Part 'Squad/Parts/Engine/Size1_SRBs/solidBoosterRT-5_v2/solidBooster_sm_v2' has no database record. Creating.
[LOG 20:06:26.404] [DragCubeSystem]: Drag cubes not found or cannot be read for part Part. Generating New drag cubes.
[LOG 20:06:26.404] [KSPCF/DragCubeGeneration] Creating drag cubes for part 'solidBooster.sm.v2'
[LOG 20:06:26.417] PartLoader: Compiling Part 'Squad/Parts/Engine/Size2LFB/part/Size2LFB'
[LOG 20:06:26.424] PartLoader: Part 'Squad/Parts/Engine/Size2LFB/part/Size2LFB' has no database record. Creating.
[LOG 20:06:26.424] [DragCubeSystem]: Drag cubes not found or cannot be read for part Part. Generating New drag cubes.
[LOG 20:06:26.424] [KSPCF/DragCubeGeneration] Creating drag cubes for part 'Size2LFB'
[LOG 20:06:26.430] PartLoader: Compiling Part 'Squad/Parts/Engine/Size2LFB_v2/part/Size2LFB_v2'
[LOG 20:06:26.438] PartLoader: Part 'Squad/Parts/Engine/Size2LFB_v2/part/Size2LFB_v2' has no database record. Creating.
[LOG 20:06:26.438] [DragCubeSystem]: Drag cubes not found or cannot be read for part Part. Generating New drag cubes.
[LOG 20:06:26.439] [KSPCF/DragCubeGeneration] Creating drag cubes for part 'Size2LFB.v2'
[LOG 20:06:26.444] PartLoader: Compiling Part 'Squad/Parts/Engine/Size3AdvancedEngine/part/Size3AdvancedEngine'
[LOG 20:06:26.454] PartLoader: Part 'Squad/Parts/Engine/Size3AdvancedEngine/part/Size3AdvancedEngine' has no database record. Creating.
[LOG 20:06:26.454] [DragCubeSystem]: Drag cubes not found or cannot be read for part Part. Generating New drag cubes.
[LOG 20:06:26.454] [KSPCF/DragCubeGeneration] Creating drag cubes for part 'Size3AdvancedEngine'
[LOG 20:06:26.468] PartLoader: Compiling Part 'Squad/Parts/Engine/Size3EngineCluster/part/Size3EngineCluster'
[LOG 20:06:26.477] PartLoader: Part 'Squad/Parts/Engine/Size3EngineCluster/part/Size3EngineCluster' has no database record. Creating.
[LOG 20:06:26.477] [DragCubeSystem]: Drag cubes not found or cannot be read for part Part. Generating New drag cubes.
[LOG 20:06:26.477] [KSPCF/DragCubeGeneration] Creating drag cubes for part 'Size3EngineCluster'
[LOG 20:06:26.484] PartLoader: Compiling Part 'Squad/Parts/Engine/solidBoosterBACC/solidBoosterBACC/solidBooster1-1'
[LOG 20:06:26.490] PartLoader: Part 'Squad/Parts/Engine/solidBoosterBACC/solidBoosterBACC/solidBooster1-1' has no database record. Creating.
[LOG 20:06:26.490] [DragCubeSystem]: Drag cubes not found or cannot be read for part Part. Generating New drag cubes.
[LOG 20:06:26.491] [KSPCF/DragCubeGeneration] Creating drag cubes for part 'solidBooster1-1'
[LOG 20:06:26.497] PartLoader: Compiling Part 'Squad/Parts/Engine/solidBoosterS2-17/solidBoosterS2-17/Thoroughbred'
[LOG 20:06:26.507] PartLoader: Part 'Squad/Parts/Engine/solidBoosterS2-17/solidBoosterS2-17/Thoroughbred' has no database record. Creating.
[LOG 20:06:26.507] [DragCubeSystem]: Drag cubes not found or cannot be read for part Part. Generating New drag cubes.
[LOG 20:06:26.507] [KSPCF/DragCubeGeneration] Creating drag cubes for part 'Thoroughbred'
[LOG 20:06:26.513] PartLoader: Compiling Part 'Squad/Parts/Engine/solidBoosterS2-33/solidBoosterS2-33/Clydesdale'
[LOG 20:06:26.518] PartLoader: Part 'Squad/Parts/Engine/solidBoosterS2-33/solidBoosterS2-33/Clydesdale' has no database record. Creating.
[LOG 20:06:26.518] [DragCubeSystem]: Drag cubes not found or cannot be read for part Part. Generating New drag cubes.
[LOG 20:06:26.519] [KSPCF/DragCubeGeneration] Creating drag cubes for part 'Clydesdale'
[LOG 20:06:26.524] PartLoader: Compiling Part 'Squad/Parts/Engine/solidBoosterSep/solidBoosterSep/sepMotor1'
[LOG 20:06:26.528] [ModuleCargoPart]: Setting stackableQuantity to 1 as sepMotor1 contains resources
[LOG 20:06:26.531] PartLoader: Part 'Squad/Parts/Engine/solidBoosterSep/solidBoosterSep/sepMotor1' has no database record. Creating.
[LOG 20:06:26.531] [DragCubeSystem]: Drag cubes not found or cannot be read for part Part. Generating New drag cubes.
[LOG 20:06:26.531] [KSPCF/DragCubeGeneration] Creating drag cubes for part 'sepMotor1'
[LOG 20:06:26.535] PartLoader: Compiling Part 'Squad/Parts/Engine/SolidBoostersF/SolidBoosterF3S0/Shrimp'
[LOG 20:06:26.542] PartLoader: Part 'Squad/Parts/Engine/SolidBoostersF/SolidBoosterF3S0/Shrimp' has no database record. Creating.
[LOG 20:06:26.542] [DragCubeSystem]: Drag cubes not found or cannot be read for part Part. Generating New drag cubes.
[LOG 20:06:26.542] [KSPCF/DragCubeGeneration] Creating drag cubes for part 'Shrimp'
[LOG 20:06:26.546] PartLoader: Compiling Part 'Squad/Parts/Engine/SolidBoostersF/SolidBoosterFM1/Mite'
[LOG 20:06:26.552] PartLoader: Part 'Squad/Parts/Engine/SolidBoostersF/SolidBoosterFM1/Mite' has no database record. Creating.
[LOG 20:06:26.552] [DragCubeSystem]: Drag cubes not found or cannot be read for part Part. Generating New drag cubes.
[LOG 20:06:26.552] [KSPCF/DragCubeGeneration] Creating drag cubes for part 'Mite'
[LOG 20:06:26.557] PartLoader: Compiling Part 'Squad/Parts/FuelTank/adapterTanks/Mk3-Mk2/adapterMk3-Mk2'
[LOG 20:06:26.560] PartLoader: Part 'Squad/Parts/FuelTank/adapterTanks/Mk3-Mk2/adapterMk3-Mk2' has no database record. Creating.
[LOG 20:06:26.560] [DragCubeSystem]: Drag cubes not found or cannot be read for part Part. Generating New drag cubes.
[LOG 20:06:26.560] [KSPCF/DragCubeGeneration] Creating drag cubes for part 'adapterMk3-Mk2'
[LOG 20:06:26.565] PartLoader: Compiling Part 'Squad/Parts/FuelTank/adapterTanks/Mk3-ShuttleAdapter/adapterEngines'
[LOG 20:06:26.568] PartLoader: Part 'Squad/Parts/FuelTank/adapterTanks/Mk3-ShuttleAdapter/adapterEngines' has no database record. Creating.
[LOG 20:06:26.568] [DragCubeSystem]: Drag cubes not found or cannot be read for part Part. Generating New drag cubes.
[LOG 20:06:26.568] [KSPCF/DragCubeGeneration] Creating drag cubes for part 'adapterEngines'
[LOG 20:06:26.571] PartLoader: Compiling Part 'Squad/Parts/FuelTank/adapterTanks/Mk3-Size2/adapterMk3-Size2'
[LOG 20:06:26.575] PartLoader: Part 'Squad/Parts/FuelTank/adapterTanks/Mk3-Size2/adapterMk3-Size2' has no database record. Creating.
[LOG 20:06:26.575] [DragCubeSystem]: Drag cubes not found or cannot be read for part Part. Generating New drag cubes.
[LOG 20:06:26.575] [KSPCF/DragCubeGeneration] Creating drag cubes for part 'adapterMk3-Size2'
[LOG 20:06:26.579] PartLoader: Compiling Part 'Squad/Parts/FuelTank/adapterTanks/Mk3-Size2Slant/adapterMk3-Size2Slant'
[LOG 20:06:26.582] PartLoader: Part 'Squad/Parts/FuelTank/adapterTanks/Mk3-Size2Slant/adapterMk3-Size2Slant' has no database record. Creating.
[LOG 20:06:26.582] [DragCubeSystem]: Drag cubes not found or cannot be read for part Part. Generating New drag cubes.
[LOG 20:06:26.582] [KSPCF/DragCubeGeneration] Creating drag cubes for part 'adapterMk3-Size2Slant'
[LOG 20:06:26.586] PartLoader: Compiling Part 'Squad/Parts/FuelTank/adapterTanks/Size2-Mk2/adapterSize2-Mk2'
[LOG 20:06:26.589] PartLoader: Part 'Squad/Parts/FuelTank/adapterTanks/Size2-Mk2/adapterSize2-Mk2' has no database record. Creating.
[LOG 20:06:26.589] [DragCubeSystem]: Drag cubes not found or cannot be read for part Part. Generating New drag cubes.
[LOG 20:06:26.589] [KSPCF/DragCubeGeneration] Creating drag cubes for part 'adapterSize2-Mk2'
[LOG 20:06:26.593] PartLoader: Compiling Part 'Squad/Parts/FuelTank/adapterTanks/Size2-Size1/adapterSize2-Size1'
[LOG 20:06:26.596] PartLoader: Part 'Squad/Parts/FuelTank/adapterTanks/Size2-Size1/adapterSize2-Size1' has no database record. Creating.
[LOG 20:06:26.596] [DragCubeSystem]: Drag cubes not found or cannot be read for part Part. Generating New drag cubes.
[LOG 20:06:26.596] [KSPCF/DragCubeGeneration] Creating drag cubes for part 'adapterSize2-Size1'
[LOG 20:06:26.602] PartLoader: Compiling Part 'Squad/Parts/FuelTank/adapterTanks/Size2-Size1Slant/adapterSize2-Size1Slant'
[LOG 20:06:26.606] PartLoader: Part 'Squad/Parts/FuelTank/adapterTanks/Size2-Size1Slant/adapterSize2-Size1Slant' has no database record. Creating.
[LOG 20:06:26.606] [DragCubeSystem]: Drag cubes not found or cannot be read for part Part. Generating New drag cubes.
[LOG 20:06:26.606] [KSPCF/DragCubeGeneration] Creating drag cubes for part 'adapterSize2-Size1Slant'
[LOG 20:06:26.611] PartLoader: Compiling Part 'Squad/Parts/FuelTank/adapterTanks/Size3-Mk3/adapterSize3-Mk3'
[LOG 20:06:26.613] PartLoader: Part 'Squad/Parts/FuelTank/adapterTanks/Size3-Mk3/adapterSize3-Mk3' has no database record. Creating.
[LOG 20:06:26.614] [DragCubeSystem]: Drag cubes not found or cannot be read for part Part. Generating New drag cubes.
[LOG 20:06:26.614] [KSPCF/DragCubeGeneration] Creating drag cubes for part 'adapterSize3-Mk3'
[LOG 20:06:26.618] PartLoader: Compiling Part 'Squad/Parts/FuelTank/drainTankFTE-1/ReleaseValve/ReleaseValve'
[LOG 20:06:26.629] PartLoader: Part 'Squad/Parts/FuelTank/drainTankFTE-1/ReleaseValve/ReleaseValve' has no database record. Creating.
[LOG 20:06:26.629] [DragCubeSystem]: Drag cubes not found or cannot be read for part Part. Generating New drag cubes.
[LOG 20:06:26.629] [KSPCF/DragCubeGeneration] Creating drag cubes for part 'ReleaseValve'
[LOG 20:06:26.633] PartLoader: Compiling Part 'Squad/Parts/FuelTank/FoilTanks/RadialTank_Capsule/externalTankCapsule'
[LOG 20:06:26.637] PartLoader: Part 'Squad/Parts/FuelTank/FoilTanks/RadialTank_Capsule/externalTankCapsule' has no database record. Creating.
[LOG 20:06:26.637] [DragCubeSystem]: Drag cubes not found or cannot be read for part Part. Generating New drag cubes.
[LOG 20:06:26.637] [KSPCF/DragCubeGeneration] Creating drag cubes for part 'externalTankCapsule'
[LOG 20:06:26.642] PartLoader: Compiling Part 'Squad/Parts/FuelTank/FoilTanks/RadialTank_Round/externalTankRound'
[LOG 20:06:26.646] PartLoader: Part 'Squad/Parts/FuelTank/FoilTanks/RadialTank_Round/externalTankRound' has no database record. Creating.
[LOG 20:06:26.647] [DragCubeSystem]: Drag cubes not found or cannot be read for part Part. Generating New drag cubes.
[LOG 20:06:26.647] [KSPCF/DragCubeGeneration] Creating drag cubes for part 'externalTankRound'
[LOG 20:06:26.651] PartLoader: Compiling Part 'Squad/Parts/FuelTank/FoilTanks/ToroidTank/externalTankToroid'
[LOG 20:06:26.655] PartLoader: Part 'Squad/Parts/FuelTank/FoilTanks/ToroidTank/externalTankToroid' has no database record. Creating.
[LOG 20:06:26.655] [DragCubeSystem]: Drag cubes not found or cannot be read for part Part. Generating New drag cubes.
[LOG 20:06:26.655] [KSPCF/DragCubeGeneration] Creating drag cubes for part 'externalTankToroid'
[LOG 20:06:26.659] PartLoader: Compiling Part 'Squad/Parts/FuelTank/fuelTankOscarB/fuelTankOscarB/miniFuelTank'
[LOG 20:06:26.662] PartLoader: Part 'Squad/Parts/FuelTank/fuelTankOscarB/fuelTankOscarB/miniFuelTank' has no database record. Creating.
[LOG 20:06:26.662] [DragCubeSystem]: Drag cubes not found or cannot be read for part Part. Generating New drag cubes.
[LOG 20:06:26.662] [KSPCF/DragCubeGeneration] Creating drag cubes for part 'miniFuelTank'
[LOG 20:06:26.666] PartLoader: Compiling Part 'Squad/Parts/FuelTank/miniFuselage/miniFuselage/miniFuselage'
[LOG 20:06:26.669] PartLoader: Part 'Squad/Parts/FuelTank/miniFuselage/miniFuselage/miniFuselage' has no database record. Creating.
[LOG 20:06:26.669] [DragCubeSystem]: Drag cubes not found or cannot be read for part Part. Generating New drag cubes.
[LOG 20:06:26.669] [KSPCF/DragCubeGeneration] Creating drag cubes for part 'miniFuselage'
[LOG 20:06:26.675] PartLoader: Compiling Part 'Squad/Parts/FuelTank/mk2Adapters/bicoupler/mk2_1m_Bicoupler'
[LOG 20:06:26.679] PartLoader: Part 'Squad/Parts/FuelTank/mk2Adapters/bicoupler/mk2_1m_Bicoupler' has no database record. Creating.
[LOG 20:06:26.679] [DragCubeSystem]: Drag cubes not found or cannot be read for part Part. Generating New drag cubes.
[LOG 20:06:26.680] [KSPCF/DragCubeGeneration] Creating drag cubes for part 'mk2.1m.Bicoupler'
[LOG 20:06:26.684] PartLoader: Compiling Part 'Squad/Parts/FuelTank/mk2Adapters/long/mk2_1m_AdapterLong'
[LOG 20:06:26.687] PartLoader: Part 'Squad/Parts/FuelTank/mk2Adapters/long/mk2_1m_AdapterLong' has no database record. Creating.
[LOG 20:06:26.687] [DragCubeSystem]: Drag cubes not found or cannot be read for part Part. Generating New drag cubes.
[LOG 20:06:26.687] [KSPCF/DragCubeGeneration] Creating drag cubes for part 'mk2.1m.AdapterLong'
[LOG 20:06:26.692] PartLoader: Compiling Part 'Squad/Parts/FuelTank/mk2Adapters/standard/mk2SpacePlaneAdapter'
[LOG 20:06:26.696] PartLoader: Part 'Squad/Parts/FuelTank/mk2Adapters/standard/mk2SpacePlaneAdapter' has no database record. Creating.
[LOG 20:06:26.696] [DragCubeSystem]: Drag cubes not found or cannot be read for part Part. Generating New drag cubes.
[LOG 20:06:26.696] [KSPCF/DragCubeGeneration] Creating drag cubes for part 'mk2SpacePlaneAdapter'
[LOG 20:06:26.700] PartLoader: Compiling Part 'Squad/Parts/FuelTank/mk2FuselageLong/LFO_long/mk2FuselageLongLFO'
[LOG 20:06:26.704] PartLoader: Part 'Squad/Parts/FuelTank/mk2FuselageLong/LFO_long/mk2FuselageLongLFO' has no database record. Creating.
[LOG 20:06:26.704] [DragCubeSystem]: Drag cubes not found or cannot be read for part Part. Generating New drag cubes.
[LOG 20:06:26.704] [KSPCF/DragCubeGeneration] Creating drag cubes for part 'mk2FuselageLongLFO'
[LOG 20:06:26.709] PartLoader: Compiling Part 'Squad/Parts/FuelTank/mk2FuselageLong/L_long/mk2Fuselage'
[LOG 20:06:26.713] PartLoader: Part 'Squad/Parts/FuelTank/mk2FuselageLong/L_long/mk2Fuselage' has no database record. Creating.
[LOG 20:06:26.713] [DragCubeSystem]: Drag cubes not found or cannot be read for part Part. Generating New drag cubes.
[LOG 20:06:26.713] [KSPCF/DragCubeGeneration] Creating drag cubes for part 'mk2Fuselage'
[LOG 20:06:26.718] PartLoader: Compiling Part 'Squad/Parts/FuelTank/mk2FuselageShort/LFO_short/mk2FuselageShortLFO'
[LOG 20:06:26.722] PartLoader: Part 'Squad/Parts/FuelTank/mk2FuselageShort/LFO_short/mk2FuselageShortLFO' has no database record. Creating.
[LOG 20:06:26.722] [DragCubeSystem]: Drag cubes not found or cannot be read for part Part. Generating New drag cubes.
[LOG 20:06:26.722] [KSPCF/DragCubeGeneration] Creating drag cubes for part 'mk2FuselageShortLFO'
[LOG 20:06:26.727] PartLoader: Compiling Part 'Squad/Parts/FuelTank/mk2FuselageShort/L_short/mk2FuselageShortLiquid'
[LOG 20:06:26.732] PartLoader: Part 'Squad/Parts/FuelTank/mk2FuselageShort/L_short/mk2FuselageShortLiquid' has no database record. Creating.
[LOG 20:06:26.732] [DragCubeSystem]: Drag cubes not found or cannot be read for part Part. Generating New drag cubes.
[LOG 20:06:26.732] [KSPCF/DragCubeGeneration] Creating drag cubes for part 'mk2FuselageShortLiquid'
[LOG 20:06:26.768] PartLoader: Compiling Part 'Squad/Parts/FuelTank/mk2FuselageShort/Mono_short/mk2FuselageShortMono'
[LOG 20:06:26.773] PartLoader: Part 'Squad/Parts/FuelTank/mk2FuselageShort/Mono_short/mk2FuselageShortMono' has no database record. Creating.
[LOG 20:06:26.773] [DragCubeSystem]: Drag cubes not found or cannot be read for part Part. Generating New drag cubes.
[LOG 20:06:26.773] [KSPCF/DragCubeGeneration] Creating drag cubes for part 'mk2FuselageShortMono'
[LOG 20:06:26.780] PartLoader: Compiling Part 'Squad/Parts/FuelTank/mk3Fuselage/CREW/mk3CrewCabin'
[LOG 20:06:26.784] PartLoader: Part 'Squad/Parts/FuelTank/mk3Fuselage/CREW/mk3CrewCabin' has no database record. Creating.
[LOG 20:06:26.784] [DragCubeSystem]: Drag cubes not found or cannot be read for part Part. Generating New drag cubes.
[LOG 20:06:26.784] [KSPCF/DragCubeGeneration] Creating drag cubes for part 'mk3CrewCabin'
[LOG 20:06:26.789] PartLoader: Compiling Part 'Squad/Parts/FuelTank/mk3Fuselage/LFO_100/mk3FuselageLFO_100'
[LOG 20:06:26.791] PartLoader: Part 'Squad/Parts/FuelTank/mk3Fuselage/LFO_100/mk3FuselageLFO_100' has no database record. Creating.
[LOG 20:06:26.791] [DragCubeSystem]: Drag cubes not found or cannot be read for part Part. Generating New drag cubes.
[LOG 20:06:26.791] [KSPCF/DragCubeGeneration] Creating drag cubes for part 'mk3FuselageLFO.100'
[LOG 20:06:26.795] PartLoader: Compiling Part 'Squad/Parts/FuelTank/mk3Fuselage/LFO_25/mk3FuselageLFO_25'
[LOG 20:06:26.798] PartLoader: Part 'Squad/Parts/FuelTank/mk3Fuselage/LFO_25/mk3FuselageLFO_25' has no database record. Creating.
[LOG 20:06:26.798] [DragCubeSystem]: Drag cubes not found or cannot be read for part Part. Generating New drag cubes.
[LOG 20:06:26.798] [KSPCF/DragCubeGeneration] Creating drag cubes for part 'mk3FuselageLFO.25'
[LOG 20:06:26.803] PartLoader: Compiling Part 'Squad/Parts/FuelTank/mk3Fuselage/LFO_50/mk3FuselageLFO_50'
[LOG 20:06:26.805] PartLoader: Part 'Squad/Parts/FuelTank/mk3Fuselage/LFO_50/mk3FuselageLFO_50' has no database record. Creating.
[LOG 20:06:26.805] [DragCubeSystem]: Drag cubes not found or cannot be read for part Part. Generating New drag cubes.
[LOG 20:06:26.805] [KSPCF/DragCubeGeneration] Creating drag cubes for part 'mk3FuselageLFO.50'
[LOG 20:06:26.809] PartLoader: Compiling Part 'Squad/Parts/FuelTank/mk3Fuselage/LF_100/mk3FuselageLF_100'
[LOG 20:06:26.811] PartLoader: Part 'Squad/Parts/FuelTank/mk3Fuselage/LF_100/mk3FuselageLF_100' has no database record. Creating.
[LOG 20:06:26.811] [DragCubeSystem]: Drag cubes not found or cannot be read for part Part. Generating New drag cubes.
[LOG 20:06:26.811] [KSPCF/DragCubeGeneration] Creating drag cubes for part 'mk3FuselageLF.100'
[LOG 20:06:26.815] PartLoader: Compiling Part 'Squad/Parts/FuelTank/mk3Fuselage/LF_25/mk3FuselageLF_25'
[LOG 20:06:26.818] PartLoader: Part 'Squad/Parts/FuelTank/mk3Fuselage/LF_25/mk3FuselageLF_25' has no database record. Creating.
[LOG 20:06:26.818] [DragCubeSystem]: Drag cubes not found or cannot be read for part Part. Generating New drag cubes.
[LOG 20:06:26.818] [KSPCF/DragCubeGeneration] Creating drag cubes for part 'mk3FuselageLF.25'
[LOG 20:06:26.822] PartLoader: Compiling Part 'Squad/Parts/FuelTank/mk3Fuselage/LF_50/mk3FuselageLF_50'
[LOG 20:06:26.824] PartLoader: Part 'Squad/Parts/FuelTank/mk3Fuselage/LF_50/mk3FuselageLF_50' has no database record. Creating.
[LOG 20:06:26.824] [DragCubeSystem]: Drag cubes not found or cannot be read for part Part. Generating New drag cubes.
[LOG 20:06:26.824] [KSPCF/DragCubeGeneration] Creating drag cubes for part 'mk3FuselageLF.50'
[LOG 20:06:26.828] PartLoader: Compiling Part 'Squad/Parts/FuelTank/mk3Fuselage/MONO/mk3FuselageMONO'
[LOG 20:06:26.830] PartLoader: Part 'Squad/Parts/FuelTank/mk3Fuselage/MONO/mk3FuselageMONO' has no database record. Creating.
[LOG 20:06:26.830] [DragCubeSystem]: Drag cubes not found or cannot be read for part Part. Generating New drag cubes.
[LOG 20:06:26.830] [KSPCF/DragCubeGeneration] Creating drag cubes for part 'mk3FuselageMONO'
[LOG 20:06:26.834] PartLoader: Compiling Part 'Squad/Parts/FuelTank/RCSFuelTankR1/RCSFuelTankR1/RCSTank1-2'
[LOG 20:06:26.838] PartLoader: Part 'Squad/Parts/FuelTank/RCSFuelTankR1/RCSFuelTankR1/RCSTank1-2' has no database record. Creating.
[LOG 20:06:26.838] [DragCubeSystem]: Drag cubes not found or cannot be read for part Part. Generating New drag cubes.
[LOG 20:06:26.838] [KSPCF/DragCubeGeneration] Creating drag cubes for part 'RCSTank1-2'
[LOG 20:06:26.842] PartLoader: Compiling Part 'Squad/Parts/FuelTank/RCSFuelTankR10/RCSFuelTankR10/rcsTankMini'
[LOG 20:06:26.845] PartLoader: Part 'Squad/Parts/FuelTank/RCSFuelTankR10/RCSFuelTankR10/rcsTankMini' has no database record. Creating.
[LOG 20:06:26.845] [DragCubeSystem]: Drag cubes not found or cannot be read for part Part. Generating New drag cubes.
[LOG 20:06:26.845] [KSPCF/DragCubeGeneration] Creating drag cubes for part 'rcsTankMini'
[LOG 20:06:26.849] PartLoader: Compiling Part 'Squad/Parts/FuelTank/RCSFuelTankR25/RCSFuelTankR25/RCSFuelTank'
[LOG 20:06:26.852] PartLoader: Part 'Squad/Parts/FuelTank/RCSFuelTankR25/RCSFuelTankR25/RCSFuelTank' has no database record. Creating.
[LOG 20:06:26.852] [DragCubeSystem]: Drag cubes not found or cannot be read for part Part. Generating New drag cubes.
[LOG 20:06:26.852] [KSPCF/DragCubeGeneration] Creating drag cubes for part 'RCSFuelTank'
[LOG 20:06:26.857] PartLoader: Compiling Part 'Squad/Parts/FuelTank/RCSTankRadial/radialRCSTank/radialRCSTank'
[LOG 20:06:26.860] PartLoader: Part 'Squad/Parts/FuelTank/RCSTankRadial/radialRCSTank/radialRCSTank' has no database record. Creating.
[LOG 20:06:26.861] [DragCubeSystem]: Drag cubes not found or cannot be read for part Part. Generating New drag cubes.
[LOG 20:06:26.861] [KSPCF/DragCubeGeneration] Creating drag cubes for part 'radialRCSTank'
[LOG 20:06:26.865] PartLoader: Compiling Part 'Squad/Parts/FuelTank/RCStankRadialLong/RCSTankRadialLong/rcsTankRadialLong'
[LOG 20:06:26.867] PartLoader: Part 'Squad/Parts/FuelTank/RCStankRadialLong/RCSTankRadialLong/rcsTankRadialLong' has no database record. Creating.
[LOG 20:06:26.867] [DragCubeSystem]: Drag cubes not found or cannot be read for part Part. Generating New drag cubes.
[LOG 20:06:26.868] [KSPCF/DragCubeGeneration] Creating drag cubes for part 'rcsTankRadialLong'
[LOG 20:06:26.873] PartLoader: Compiling Part 'Squad/Parts/FuelTank/RockomaxTanks/Rockomax16/Rockomax16_BW'
[LOG 20:06:26.876] PartLoader: Part 'Squad/Parts/FuelTank/RockomaxTanks/Rockomax16/Rockomax16_BW' has no database record. Creating.
[LOG 20:06:26.876] [DragCubeSystem]: Drag cubes not found or cannot be read for part Part. Generating New drag cubes.
[LOG 20:06:26.876] [KSPCF/DragCubeGeneration] Creating drag cubes for part 'Rockomax16.BW'
[LOG 20:06:26.881] PartLoader: Compiling Part 'Squad/Parts/FuelTank/RockomaxTanks/Rockomax32/Rockomax32_BW'
[LOG 20:06:26.885] PartLoader: Part 'Squad/Parts/FuelTank/RockomaxTanks/Rockomax32/Rockomax32_BW' has no database record. Creating.
[LOG 20:06:26.885] [DragCubeSystem]: Drag cubes not found or cannot be read for part Part. Generating New drag cubes.
[LOG 20:06:26.885] [KSPCF/DragCubeGeneration] Creating drag cubes for part 'Rockomax32.BW'
[LOG 20:06:26.899] PartLoader: Compiling Part 'Squad/Parts/FuelTank/RockomaxTanks/Rockomax64/Rockomax64_BW'
[LOG 20:06:26.902] PartLoader: Part 'Squad/Parts/FuelTank/RockomaxTanks/Rockomax64/Rockomax64_BW' has no database record. Creating.
[LOG 20:06:26.902] [DragCubeSystem]: Drag cubes not found or cannot be read for part Part. Generating New drag cubes.
[LOG 20:06:26.902] [KSPCF/DragCubeGeneration] Creating drag cubes for part 'Rockomax64.BW'
[LOG 20:06:26.912] PartLoader: Compiling Part 'Squad/Parts/FuelTank/RockomaxTanks/Rockomax8/Rockomax8BW'
[LOG 20:06:26.915] PartLoader: Part 'Squad/Parts/FuelTank/RockomaxTanks/Rockomax8/Rockomax8BW' has no database record. Creating.
[LOG 20:06:26.915] [DragCubeSystem]: Drag cubes not found or cannot be read for part Part. Generating New drag cubes.
[LOG 20:06:26.915] [KSPCF/DragCubeGeneration] Creating drag cubes for part 'Rockomax8BW'
[LOG 20:06:26.925] PartLoader: Compiling Part 'Squad/Parts/FuelTank/Size1_Tanks/fuelTankT100/fuelTankSmallFlat'
[LOG 20:06:26.928] PartLoader: Part 'Squad/Parts/FuelTank/Size1_Tanks/fuelTankT100/fuelTankSmallFlat' has no database record. Creating.
[LOG 20:06:26.928] [DragCubeSystem]: Drag cubes not found or cannot be read for part Part. Generating New drag cubes.
[LOG 20:06:26.928] [KSPCF/DragCubeGeneration] Creating drag cubes for part 'fuelTankSmallFlat'
[LOG 20:06:26.932] PartLoader: Compiling Part 'Squad/Parts/FuelTank/Size1_Tanks/fuelTankT200/fuelTankSmall'
[LOG 20:06:26.935] PartLoader: Part 'Squad/Parts/FuelTank/Size1_Tanks/fuelTankT200/fuelTankSmall' has no database record. Creating.
[LOG 20:06:26.936] [DragCubeSystem]: Drag cubes not found or cannot be read for part Part. Generating New drag cubes.
[LOG 20:06:26.936] [KSPCF/DragCubeGeneration] Creating drag cubes for part 'fuelTankSmall'
[LOG 20:06:26.940] PartLoader: Compiling Part 'Squad/Parts/FuelTank/Size1_Tanks/fuelTankT400/fuelTank'
[LOG 20:06:26.943] PartLoader: Part 'Squad/Parts/FuelTank/Size1_Tanks/fuelTankT400/fuelTank' has no database record. Creating.
[LOG 20:06:26.943] [DragCubeSystem]: Drag cubes not found or cannot be read for part Part. Generating New drag cubes.
[LOG 20:06:26.943] [KSPCF/DragCubeGeneration] Creating drag cubes for part 'fuelTank'
[LOG 20:06:26.947] PartLoader: Compiling Part 'Squad/Parts/FuelTank/Size1_Tanks/fuelTankT800/fuelTank_long'
[LOG 20:06:26.951] PartLoader: Part 'Squad/Parts/FuelTank/Size1_Tanks/fuelTankT800/fuelTank_long' has no database record. Creating.
[LOG 20:06:26.951] [DragCubeSystem]: Drag cubes not found or cannot be read for part Part. Generating New drag cubes.
[LOG 20:06:26.951] [KSPCF/DragCubeGeneration] Creating drag cubes for part 'fuelTank.long'
[LOG 20:06:26.956] PartLoader: Compiling Part 'Squad/Parts/FuelTank/Size3Tanks/large/Size3LargeTank'
[LOG 20:06:26.959] PartLoader: Part 'Squad/Parts/FuelTank/Size3Tanks/large/Size3LargeTank' has no database record. Creating.
[LOG 20:06:26.959] [DragCubeSystem]: Drag cubes not found or cannot be read for part Part. Generating New drag cubes.
[LOG 20:06:26.959] [KSPCF/DragCubeGeneration] Creating drag cubes for part 'Size3LargeTank'
[LOG 20:06:26.963] PartLoader: Compiling Part 'Squad/Parts/FuelTank/Size3Tanks/medium/Size3MediumTank'
[LOG 20:06:26.966] PartLoader: Part 'Squad/Parts/FuelTank/Size3Tanks/medium/Size3MediumTank' has no database record. Creating.
[LOG 20:06:26.966] [DragCubeSystem]: Drag cubes not found or cannot be read for part Part. Generating New drag cubes.
[LOG 20:06:26.966] [KSPCF/DragCubeGeneration] Creating drag cubes for part 'Size3MediumTank'
[LOG 20:06:26.970] PartLoader: Compiling Part 'Squad/Parts/FuelTank/Size3Tanks/small/Size3SmallTank'
[LOG 20:06:26.973] PartLoader: Part 'Squad/Parts/FuelTank/Size3Tanks/small/Size3SmallTank' has no database record. Creating.
[LOG 20:06:26.973] [DragCubeSystem]: Drag cubes not found or cannot be read for part Part. Generating New drag cubes.
[LOG 20:06:26.973] [KSPCF/DragCubeGeneration] Creating drag cubes for part 'Size3SmallTank'
[LOG 20:06:26.978] PartLoader: Compiling Part 'Squad/Parts/FuelTank/xenonTank/xenonTank/xenonTank'
[LOG 20:06:26.980] PartLoader: Part 'Squad/Parts/FuelTank/xenonTank/xenonTank/xenonTank' has no database record. Creating.
[LOG 20:06:26.980] [DragCubeSystem]: Drag cubes not found or cannot be read for part Part. Generating New drag cubes.
[LOG 20:06:26.981] [KSPCF/DragCubeGeneration] Creating drag cubes for part 'xenonTank'
[LOG 20:06:26.984] PartLoader: Compiling Part 'Squad/Parts/FuelTank/xenonTankLarge/xenonTankLarge/xenonTankLarge'
[LOG 20:06:26.987] PartLoader: Part 'Squad/Parts/FuelTank/xenonTankLarge/xenonTankLarge/xenonTankLarge' has no database record. Creating.
[LOG 20:06:26.987] [DragCubeSystem]: Drag cubes not found or cannot be read for part Part. Generating New drag cubes.
[LOG 20:06:26.987] [KSPCF/DragCubeGeneration] Creating drag cubes for part 'xenonTankLarge'
[LOG 20:06:26.992] PartLoader: Compiling Part 'Squad/Parts/FuelTank/xenonTankRadial/xenonTankRadial/xenonTankRadial'
[LOG 20:06:26.996] PartLoader: Part 'Squad/Parts/FuelTank/xenonTankRadial/xenonTankRadial/xenonTankRadial' has no database record. Creating.
[LOG 20:06:26.996] [DragCubeSystem]: Drag cubes not found or cannot be read for part Part. Generating New drag cubes.
[LOG 20:06:26.996] [KSPCF/DragCubeGeneration] Creating drag cubes for part 'xenonTankRadial'
[LOG 20:06:27.001] PartLoader: Compiling Part 'Squad/Parts/Misc/AsteroidDay/CamSat/InfraredTelescope'
[LOG 20:06:27.006] PartLoader: Part 'Squad/Parts/Misc/AsteroidDay/CamSat/InfraredTelescope' has no database record. Creating.
[LOG 20:06:27.006] [DragCubeSystem]: Drag cubes not found or cannot be read for part Part. Generating New drag cubes.
[LOG 20:06:27.006] [KSPCF/DragCubeGeneration] Creating drag cubes for part 'InfraredTelescope'
[LOG 20:06:27.011] PartLoader: Compiling Part 'Squad/Parts/Misc/AsteroidDay/HECS2/HECS2_ProbeCore'
[LOG 20:06:27.016] PartLoader: Part 'Squad/Parts/Misc/AsteroidDay/HECS2/HECS2_ProbeCore' has no database record. Creating.
[LOG 20:06:27.016] [DragCubeSystem]: Drag cubes not found or cannot be read for part Part. Generating New drag cubes.
[LOG 20:06:27.016] [KSPCF/DragCubeGeneration] Creating drag cubes for part 'HECS2.ProbeCore'
[LOG 20:06:27.021] PartLoader: Compiling Part 'Squad/Parts/Misc/AsteroidDay/HighGainAntenna/HighGainAntenna'
[LOG 20:06:27.030] PartLoader: Part 'Squad/Parts/Misc/AsteroidDay/HighGainAntenna/HighGainAntenna' has no database record. Creating.
[LOG 20:06:27.030] [DragCubeSystem]: Drag cubes not found or cannot be read for part Part. Generating New drag cubes.
[LOG 20:06:27.030] [KSPCF/DragCubeGeneration] Creating drag cubes for part 'HighGainAntenna'
[LOG 20:06:27.041] PartLoader: Compiling Part 'Squad/Parts/Misc/AsteroidDay/LgRadialSolar/LgRadialSolarPanel'
[LOG 20:06:27.045] PartLoader: Part 'Squad/Parts/Misc/AsteroidDay/LgRadialSolar/LgRadialSolarPanel' has no database record. Creating.
[LOG 20:06:27.045] [DragCubeSystem]: Drag cubes not found or cannot be read for part Part. Generating New drag cubes.
[LOG 20:06:27.045] [KSPCF/DragCubeGeneration] Creating drag cubes for part 'LgRadialSolarPanel'
[LOG 20:06:27.051] PartLoader: Compiling Part 'Squad/Parts/Misc/PotatoComet/part/PotatoComet'
[LOG 20:06:27.062] PartLoader: Part 'Squad/Parts/Misc/PotatoComet/part/PotatoComet' has no database record. Creating.
[LOG 20:06:27.062] PartLoader: Compiling Part 'Squad/Parts/Misc/PotatoRoid/part/PotatoRoid'
[LOG 20:06:27.073] PartLoader: Part 'Squad/Parts/Misc/PotatoRoid/part/PotatoRoid' has no database record. Creating.
[LOG 20:06:27.073] PartLoader: Compiling Part 'Squad/Parts/Prebuilt/flag/flag'
[LOG 20:06:27.076] PartLoader: Compiling Part 'Squad/Parts/Prebuilt/kerbalEVA/kerbalEVA'
[LOG 20:06:27.094] PartLoader: Compiling Part 'Squad/Parts/Prebuilt/kerbalEVAfemale/kerbalEVAfemale'
[LOG 20:06:27.100] PartLoader: Compiling Part 'Squad/Parts/Prebuilt/kerbalEVASlimSuit/kerbalEVASlimSuit'
[LOG 20:06:27.106] PartLoader: Compiling Part 'Squad/Parts/Prebuilt/kerbalEVASlimSuitFemale/kerbalEVASlimSuitFemale'
[LOG 20:06:27.112] PartLoader: Compiling Part 'Squad/Parts/Resources/FuelCell/FuelCell/FuelCell'
[LOG 20:06:27.120] PartLoader: Part 'Squad/Parts/Resources/FuelCell/FuelCell/FuelCell' has no database record. Creating.
[LOG 20:06:27.121] [DragCubeSystem]: Drag cubes not found or cannot be read for part Part. Generating New drag cubes.
[LOG 20:06:27.121] [KSPCF/DragCubeGeneration] Creating drag cubes for part 'FuelCell'
[LOG 20:06:27.127] PartLoader: Compiling Part 'Squad/Parts/Resources/FuelCell/FuelCellArray/FuelCellArray'
[LOG 20:06:27.132] PartLoader: Part 'Squad/Parts/Resources/FuelCell/FuelCellArray/FuelCellArray' has no database record. Creating.
[LOG 20:06:27.132] [DragCubeSystem]: Drag cubes not found or cannot be read for part Part. Generating New drag cubes.
[LOG 20:06:27.132] [KSPCF/DragCubeGeneration] Creating drag cubes for part 'FuelCellArray'
[LOG 20:06:27.137] PartLoader: Compiling Part 'Squad/Parts/Resources/ISRU/ISRU/ISRU'
[LOG 20:06:27.147] PartLoader: Part 'Squad/Parts/Resources/ISRU/ISRU/ISRU' has no database record. Creating.
[LOG 20:06:27.147] [DragCubeSystem]: Drag cubes not found or cannot be read for part Part. Generating New drag cubes.
[LOG 20:06:27.147] [KSPCF/DragCubeGeneration] Creating drag cubes for part 'ISRU'
[LOG 20:06:27.160] PartLoader: Compiling Part 'Squad/Parts/Resources/LargeTank/LargeTank/LargeTank'
[LOG 20:06:27.166] PartLoader: Part 'Squad/Parts/Resources/LargeTank/LargeTank/LargeTank' has no database record. Creating.
[LOG 20:06:27.166] [DragCubeSystem]: Drag cubes not found or cannot be read for part Part. Generating New drag cubes.
[LOG 20:06:27.166] [KSPCF/DragCubeGeneration] Creating drag cubes for part 'LargeTank'
[LOG 20:06:27.170] PartLoader: Compiling Part 'Squad/Parts/Resources/MiniDrill/MiniDrill/MiniDrill'
[LOG 20:06:27.190] PartLoader: Part 'Squad/Parts/Resources/MiniDrill/MiniDrill/MiniDrill' has no database record. Creating.
[LOG 20:06:27.190] [DragCubeSystem]: Drag cubes not found or cannot be read for part Part. Generating New drag cubes.
[LOG 20:06:27.191] [KSPCF/DragCubeGeneration] Creating drag cubes for part 'MiniDrill'
[LOG 20:06:27.214] PartLoader: Compiling Part 'Squad/Parts/Resources/MiniISRU/MiniISRU/MiniISRU'
[LOG 20:06:27.219] PartLoader: Part 'Squad/Parts/Resources/MiniISRU/MiniISRU/MiniISRU' has no database record. Creating.
[LOG 20:06:27.219] [DragCubeSystem]: Drag cubes not found or cannot be read for part Part. Generating New drag cubes.
[LOG 20:06:27.219] [KSPCF/DragCubeGeneration] Creating drag cubes for part 'MiniISRU'
[LOG 20:06:27.224] PartLoader: Compiling Part 'Squad/Parts/Resources/OrbitalScanner/OrbitalScanner/OrbitalScanner'
[LOG 20:06:27.233] PartLoader: Part 'Squad/Parts/Resources/OrbitalScanner/OrbitalScanner/OrbitalScanner' has no database record. Creating.
[LOG 20:06:27.233] [DragCubeSystem]: Drag cubes not found or cannot be read for part Part. Generating New drag cubes.
[LOG 20:06:27.233] [KSPCF/DragCubeGeneration] Creating drag cubes for part 'OrbitalScanner'
[LOG 20:06:27.244] PartLoader: Compiling Part 'Squad/Parts/Resources/RadialDrill/RadialDrill/RadialDrill'
[LOG 20:06:27.252] PartLoader: Part 'Squad/Parts/Resources/RadialDrill/RadialDrill/RadialDrill' has no database record. Creating.
[LOG 20:06:27.252] [DragCubeSystem]: Drag cubes not found or cannot be read for part Part. Generating New drag cubes.
[LOG 20:06:27.252] [KSPCF/DragCubeGeneration] Creating drag cubes for part 'RadialDrill'
[LOG 20:06:27.274] PartLoader: Compiling Part 'Squad/Parts/Resources/RadialTank/RadialTank/RadialOreTank'
[LOG 20:06:27.277] PartLoader: Part 'Squad/Parts/Resources/RadialTank/RadialTank/RadialOreTank' has no database record. Creating.
[LOG 20:06:27.277] [DragCubeSystem]: Drag cubes not found or cannot be read for part Part. Generating New drag cubes.
[LOG 20:06:27.277] [KSPCF/DragCubeGeneration] Creating drag cubes for part 'RadialOreTank'
[LOG 20:06:27.281] PartLoader: Compiling Part 'Squad/Parts/Resources/SmallTank/SmallTank/SmallTank'
[LOG 20:06:27.284] PartLoader: Part 'Squad/Parts/Resources/SmallTank/SmallTank/SmallTank' has no database record. Creating.
[LOG 20:06:27.284] [DragCubeSystem]: Drag cubes not found or cannot be read for part Part. Generating New drag cubes.
[LOG 20:06:27.284] [KSPCF/DragCubeGeneration] Creating drag cubes for part 'SmallTank'
[LOG 20:06:27.288] PartLoader: Compiling Part 'Squad/Parts/Resources/SurfaceScanner/SurfaceScanner/SurfaceScanner'
[LOG 20:06:27.300] PartLoader: Part 'Squad/Parts/Resources/SurfaceScanner/SurfaceScanner/SurfaceScanner' has no database record. Creating.
[LOG 20:06:27.300] [DragCubeSystem]: Drag cubes not found or cannot be read for part Part. Generating New drag cubes.
[LOG 20:06:27.300] [KSPCF/DragCubeGeneration] Creating drag cubes for part 'SurfaceScanner'
[LOG 20:06:27.305] PartLoader: Compiling Part 'Squad/Parts/Resources/SurveyScanner/SurveyScanner/SurveyScanner'
[LOG 20:06:27.316] PartLoader: Part 'Squad/Parts/Resources/SurveyScanner/SurveyScanner/SurveyScanner' has no database record. Creating.
[LOG 20:06:27.316] [DragCubeSystem]: Drag cubes not found or cannot be read for part Part. Generating New drag cubes.
[LOG 20:06:27.316] [KSPCF/DragCubeGeneration] Creating drag cubes for part 'SurveyScanner'
[LOG 20:06:27.326] PartLoader: Compiling Part 'Squad/Parts/Science/AtmosphereSensor/sensorAtmosphere/sensorAtmosphere'
[LOG 20:06:27.331] PartLoader: Part 'Squad/Parts/Science/AtmosphereSensor/sensorAtmosphere/sensorAtmosphere' has no database record. Creating.
[LOG 20:06:27.331] [DragCubeSystem]: Drag cubes not found or cannot be read for part Part. Generating New drag cubes.
[LOG 20:06:27.331] [KSPCF/DragCubeGeneration] Creating drag cubes for part 'sensorAtmosphere'
[LOG 20:06:27.335] PartLoader: Compiling Part 'Squad/Parts/Science/GooExperiment/gooExperiment/GooExperiment'
[LOG 20:06:27.339] PartLoader: Part 'Squad/Parts/Science/GooExperiment/gooExperiment/GooExperiment' has no database record. Creating.
[LOG 20:06:27.340] [DragCubeSystem]: Drag cubes not found or cannot be read for part Part. Generating New drag cubes.
[LOG 20:06:27.340] [KSPCF/DragCubeGeneration] Creating drag cubes for part 'GooExperiment'
[LOG 20:06:27.350] PartLoader: Compiling Part 'Squad/Parts/Science/LargeCrewedLab/largeCrewedLab/Large_Crewed_Lab'
[LOG 20:06:27.368] PartLoader: Part 'Squad/Parts/Science/LargeCrewedLab/largeCrewedLab/Large_Crewed_Lab' has no database record. Creating.
[LOG 20:06:27.368] [DragCubeSystem]: Drag cubes not found or cannot be read for part Part. Generating New drag cubes.
[LOG 20:06:27.368] [KSPCF/DragCubeGeneration] Creating drag cubes for part 'Large.Crewed.Lab'
[LOG 20:06:27.374] PartLoader: Compiling Part 'Squad/Parts/Science/Magnetometer/Magnetometer/Magnetometer'
[LOG 20:06:27.384] PartLoader: Part 'Squad/Parts/Science/Magnetometer/Magnetometer/Magnetometer' has no database record. Creating.
[LOG 20:06:27.384] [DragCubeSystem]: Drag cubes not found or cannot be read for part Part. Generating New drag cubes.
[LOG 20:06:27.384] [KSPCF/DragCubeGeneration] Creating drag cubes for part 'Magnetometer'
[LOG 20:06:27.406] PartLoader: Compiling Part 'Squad/Parts/Science/MaterialBay/materialBay/science_module'
[LOG 20:06:27.412] PartLoader: Part 'Squad/Parts/Science/MaterialBay/materialBay/science_module' has no database record. Creating.
[LOG 20:06:27.412] [DragCubeSystem]: Drag cubes not found or cannot be read for part Part. Generating New drag cubes.
[LOG 20:06:27.412] [KSPCF/DragCubeGeneration] Creating drag cubes for part 'science.module'
[LOG 20:06:27.432] PartLoader: Compiling Part 'Squad/Parts/Science/ScienceBox/ScienceBox/ScienceBox'
[LOG 20:06:27.436] PartLoader: Part 'Squad/Parts/Science/ScienceBox/ScienceBox/ScienceBox' has no database record. Creating.
[LOG 20:06:27.436] [DragCubeSystem]: Drag cubes not found or cannot be read for part Part. Generating New drag cubes.
[LOG 20:06:27.436] [KSPCF/DragCubeGeneration] Creating drag cubes for part 'ScienceBox'
[LOG 20:06:27.441] PartLoader: Compiling Part 'Squad/Parts/Science/sensorAccelerometer/sensorAccelerometer/sensorAccelerometer'
[LOG 20:06:27.457] PartLoader: Part 'Squad/Parts/Science/sensorAccelerometer/sensorAccelerometer/sensorAccelerometer' has no database record. Creating.
[LOG 20:06:27.457] [DragCubeSystem]: Drag cubes not found or cannot be read for part Part. Generating New drag cubes.
[LOG 20:06:27.458] [KSPCF/DragCubeGeneration] Creating drag cubes for part 'sensorAccelerometer'
[LOG 20:06:27.462] PartLoader: Compiling Part 'Squad/Parts/Science/sensorBarometer/sensorBarometer/sensorBarometer'
[LOG 20:06:27.467] PartLoader: Part 'Squad/Parts/Science/sensorBarometer/sensorBarometer/sensorBarometer' has no database record. Creating.
[LOG 20:06:27.467] [DragCubeSystem]: Drag cubes not found or cannot be read for part Part. Generating New drag cubes.
[LOG 20:06:27.467] [KSPCF/DragCubeGeneration] Creating drag cubes for part 'sensorBarometer'
[LOG 20:06:27.471] PartLoader: Compiling Part 'Squad/Parts/Science/sensorGravimeter/sensorGravimeter/sensorGravimeter'
[LOG 20:06:27.475] PartLoader: Part 'Squad/Parts/Science/sensorGravimeter/sensorGravimeter/sensorGravimeter' has no database record. Creating.
[LOG 20:06:27.475] [DragCubeSystem]: Drag cubes not found or cannot be read for part Part. Generating New drag cubes.
[LOG 20:06:27.475] [KSPCF/DragCubeGeneration] Creating drag cubes for part 'sensorGravimeter'
[LOG 20:06:27.480] PartLoader: Compiling Part 'Squad/Parts/Science/sensorThermometer/sensorThermometer/sensorThermometer'
[LOG 20:06:27.483] PartLoader: Part 'Squad/Parts/Science/sensorThermometer/sensorThermometer/sensorThermometer' has no database record. Creating.
[LOG 20:06:27.483] [DragCubeSystem]: Drag cubes not found or cannot be read for part Part. Generating New drag cubes.
[LOG 20:06:27.483] [KSPCF/DragCubeGeneration] Creating drag cubes for part 'sensorThermometer'
[LOG 20:06:27.488] PartLoader: Compiling Part 'Squad/Parts/Structural/FLAdapters/adapterSmallMiniShort/adapterSmallMiniShort'
[LOG 20:06:27.492] PartLoader: Part 'Squad/Parts/Structural/FLAdapters/adapterSmallMiniShort/adapterSmallMiniShort' has no database record. Creating.
[LOG 20:06:27.492] [DragCubeSystem]: Drag cubes not found or cannot be read for part Part. Generating New drag cubes.
[LOG 20:06:27.492] [KSPCF/DragCubeGeneration] Creating drag cubes for part 'adapterSmallMiniShort'
[LOG 20:06:27.496] PartLoader: Compiling Part 'Squad/Parts/Structural/FLAdapters/adapterSmallMiniTall/adapterSmallMiniTall'
[LOG 20:06:27.499] PartLoader: Part 'Squad/Parts/Structural/FLAdapters/adapterSmallMiniTall/adapterSmallMiniTall' has no database record. Creating.
[LOG 20:06:27.499] [DragCubeSystem]: Drag cubes not found or cannot be read for part Part. Generating New drag cubes.
[LOG 20:06:27.499] [KSPCF/DragCubeGeneration] Creating drag cubes for part 'adapterSmallMiniTall'
[LOG 20:06:27.503] PartLoader: Compiling Part 'Squad/Parts/Structural/mk1Parts/engineBodyRadial/radialEngineBody'
[LOG 20:06:27.507] PartLoader: Part 'Squad/Parts/Structural/mk1Parts/engineBodyRadial/radialEngineBody' has no database record. Creating.
[LOG 20:06:27.507] [DragCubeSystem]: Drag cubes not found or cannot be read for part Part. Generating New drag cubes.
[LOG 20:06:27.507] [KSPCF/DragCubeGeneration] Creating drag cubes for part 'radialEngineBody'
[LOG 20:06:27.511] PartLoader: Compiling Part 'Squad/Parts/Structural/mk1Parts/engineNacelle/nacelleBody'
[LOG 20:06:27.515] PartLoader: Part 'Squad/Parts/Structural/mk1Parts/engineNacelle/nacelleBody' has no database record. Creating.
[LOG 20:06:27.515] [DragCubeSystem]: Drag cubes not found or cannot be read for part Part. Generating New drag cubes.
[LOG 20:06:27.515] [KSPCF/DragCubeGeneration] Creating drag cubes for part 'nacelleBody'
[LOG 20:06:27.519] PartLoader: Compiling Part 'Squad/Parts/Structural/mk1Parts/mk1Fuselage/MK1Fuselage'
[LOG 20:06:27.522] PartLoader: Part 'Squad/Parts/Structural/mk1Parts/mk1Fuselage/MK1Fuselage' has no database record. Creating.
[LOG 20:06:27.523] [DragCubeSystem]: Drag cubes not found or cannot be read for part Part. Generating New drag cubes.
[LOG 20:06:27.523] [KSPCF/DragCubeGeneration] Creating drag cubes for part 'MK1Fuselage'
[LOG 20:06:27.528] PartLoader: Compiling Part 'Squad/Parts/Structural/mk1Parts/mk1FuselageIntake/MK1IntakeFuselage'
[LOG 20:06:27.531] PartLoader: Part 'Squad/Parts/Structural/mk1Parts/mk1FuselageIntake/MK1IntakeFuselage' has no database record. Creating.
[LOG 20:06:27.531] [DragCubeSystem]: Drag cubes not found or cannot be read for part Part. Generating New drag cubes.
[LOG 20:06:27.531] [KSPCF/DragCubeGeneration] Creating drag cubes for part 'MK1IntakeFuselage'
[LOG 20:06:27.536] PartLoader: Compiling Part 'Squad/Parts/Structural/mk1Parts/mk1Structural/Mk1FuselageStructural'
[LOG 20:06:27.539] PartLoader: Part 'Squad/Parts/Structural/mk1Parts/mk1Structural/Mk1FuselageStructural' has no database record. Creating.
[LOG 20:06:27.539] PartLoader: Compiling Part 'Squad/Parts/Structural/Size3To2Adapter_v2/Size2to3_v2/Size3To2Adapter_v2'
[LOG 20:06:27.541] PartLoader: Part 'Squad/Parts/Structural/Size3To2Adapter_v2/Size2to3_v2/Size3To2Adapter_v2' has no database record. Creating.
[LOG 20:06:27.542] PartLoader: Compiling Part 'Squad/Parts/Structural/stackAdapters/adapterLargeSmallBi/adapterLargeSmallBi'
[LOG 20:06:27.544] PartLoader: Part 'Squad/Parts/Structural/stackAdapters/adapterLargeSmallBi/adapterLargeSmallBi' has no database record. Creating.
[LOG 20:06:27.544] [DragCubeSystem]: Drag cubes not found or cannot be read for part Part. Generating New drag cubes.
[LOG 20:06:27.544] [KSPCF/DragCubeGeneration] Creating drag cubes for part 'adapterLargeSmallBi'
[LOG 20:06:27.548] PartLoader: Compiling Part 'Squad/Parts/Structural/stackAdapters/adapterLargeSmallQuad/adapterLargeSmallQuad'
[LOG 20:06:27.552] PartLoader: Part 'Squad/Parts/Structural/stackAdapters/adapterLargeSmallQuad/adapterLargeSmallQuad' has no database record. Creating.
[LOG 20:06:27.553] [DragCubeSystem]: Drag cubes not found or cannot be read for part Part. Generating New drag cubes.
[LOG 20:06:27.553] [KSPCF/DragCubeGeneration] Creating drag cubes for part 'adapterLargeSmallQuad'
[LOG 20:06:27.557] PartLoader: Compiling Part 'Squad/Parts/Structural/stackAdapters/adapterLargeSmallTri/adapterLargeSmallTri'
[LOG 20:06:27.560] PartLoader: Part 'Squad/Parts/Structural/stackAdapters/adapterLargeSmallTri/adapterLargeSmallTri' has no database record. Creating.
[LOG 20:06:27.560] [DragCubeSystem]: Drag cubes not found or cannot be read for part Part. Generating New drag cubes.
[LOG 20:06:27.561] [KSPCF/DragCubeGeneration] Creating drag cubes for part 'adapterLargeSmallTri'
[LOG 20:06:27.565] PartLoader: Compiling Part 'Squad/Parts/Structural/stationHub/stationHub/stationHub'
[LOG 20:06:27.569] PartLoader: Part 'Squad/Parts/Structural/stationHub/stationHub/stationHub' has no database record. Creating.
[LOG 20:06:27.569] [DragCubeSystem]: Drag cubes not found or cannot be read for part Part. Generating New drag cubes.
[LOG 20:06:27.569] [KSPCF/DragCubeGeneration] Creating drag cubes for part 'stationHub'
[LOG 20:06:27.573] PartLoader: Compiling Part 'Squad/Parts/Structural/structuralIBeam200/structuralIBeam200/structuralIBeam2'
[LOG 20:06:27.577] PartLoader: Part 'Squad/Parts/Structural/structuralIBeam200/structuralIBeam200/structuralIBeam2' has no database record. Creating.
[LOG 20:06:27.577] [DragCubeSystem]: Drag cubes not found or cannot be read for part Part. Generating New drag cubes.
[LOG 20:06:27.577] [KSPCF/DragCubeGeneration] Creating drag cubes for part 'structuralIBeam2'
[LOG 20:06:27.581] PartLoader: Compiling Part 'Squad/Parts/Structural/structuralIBeam200Pocket/structuralIBeam200Pocket/structuralIBeam3'
[LOG 20:06:27.584] PartLoader: Part 'Squad/Parts/Structural/structuralIBeam200Pocket/structuralIBeam200Pocket/structuralIBeam3' has no database record. Creating.
[LOG 20:06:27.584] [DragCubeSystem]: Drag cubes not found or cannot be read for part Part. Generating New drag cubes.
[LOG 20:06:27.584] [KSPCF/DragCubeGeneration] Creating drag cubes for part 'structuralIBeam3'
[LOG 20:06:27.588] PartLoader: Compiling Part 'Squad/Parts/Structural/structuralIBeam650/structuralIBeam650/structuralIBeam1'
[LOG 20:06:27.590] PartLoader: Part 'Squad/Parts/Structural/structuralIBeam650/structuralIBeam650/structuralIBeam1' has no database record. Creating.
[LOG 20:06:27.590] [DragCubeSystem]: Drag cubes not found or cannot be read for part Part. Generating New drag cubes.
[LOG 20:06:27.590] [KSPCF/DragCubeGeneration] Creating drag cubes for part 'structuralIBeam1'
[LOG 20:06:27.596] PartLoader: Compiling Part 'Squad/Parts/Structural/structuralMicronode/structuralMicronode/structuralMiniNode'
[LOG 20:06:27.599] PartLoader: Part 'Squad/Parts/Structural/structuralMicronode/structuralMicronode/structuralMiniNode' has no database record. Creating.
[LOG 20:06:27.599] [DragCubeSystem]: Drag cubes not found or cannot be read for part Part. Generating New drag cubes.
[LOG 20:06:27.600] [KSPCF/DragCubeGeneration] Creating drag cubes for part 'structuralMiniNode'
[LOG 20:06:27.604] PartLoader: Compiling Part 'Squad/Parts/Structural/structuralPanel1x1/structuralPanel1x1/structuralPanel1'
[LOG 20:06:27.608] PartLoader: Part 'Squad/Parts/Structural/structuralPanel1x1/structuralPanel1x1/structuralPanel1' has no database record. Creating.
[LOG 20:06:27.608] [DragCubeSystem]: Drag cubes not found or cannot be read for part Part. Generating New drag cubes.
[LOG 20:06:27.608] [KSPCF/DragCubeGeneration] Creating drag cubes for part 'structuralPanel1'
[LOG 20:06:27.612] PartLoader: Compiling Part 'Squad/Parts/Structural/structuralPanel2x2/structuralPanel2x2/structuralPanel2'
[LOG 20:06:27.615] PartLoader: Part 'Squad/Parts/Structural/structuralPanel2x2/structuralPanel2x2/structuralPanel2' has no database record. Creating.
[LOG 20:06:27.615] [DragCubeSystem]: Drag cubes not found or cannot be read for part Part. Generating New drag cubes.
[LOG 20:06:27.615] [KSPCF/DragCubeGeneration] Creating drag cubes for part 'structuralPanel2'
[LOG 20:06:27.619] PartLoader: Compiling Part 'Squad/Parts/Structural/structuralPylons/smallHardpoint/smallHardpoint'
[LOG 20:06:27.623] PartLoader: Part 'Squad/Parts/Structural/structuralPylons/smallHardpoint/smallHardpoint' has no database record. Creating.
[LOG 20:06:27.623] [DragCubeSystem]: Drag cubes not found or cannot be read for part Part. Generating New drag cubes.
[LOG 20:06:27.623] [KSPCF/DragCubeGeneration] Creating drag cubes for part 'smallHardpoint'
[LOG 20:06:27.627] PartLoader: Compiling Part 'Squad/Parts/Structural/structuralPylons/structuralPylon/structuralPylon'
[LOG 20:06:27.634] PartLoader: Part 'Squad/Parts/Structural/structuralPylons/structuralPylon/structuralPylon' has no database record. Creating.
[LOG 20:06:27.634] [DragCubeSystem]: Drag cubes not found or cannot be read for part Part. Generating New drag cubes.
[LOG 20:06:27.634] [KSPCF/DragCubeGeneration] Creating drag cubes for part 'structuralPylon'
[LOG 20:06:27.638] PartLoader: Compiling Part 'Squad/Parts/Structural/strutCubicOcto/strutCubicOcto/strutCube'
[LOG 20:06:27.640] PartLoader: Part 'Squad/Parts/Structural/strutCubicOcto/strutCubicOcto/strutCube' has no database record. Creating.
[LOG 20:06:27.640] [DragCubeSystem]: Drag cubes not found or cannot be read for part Part. Generating New drag cubes.
[LOG 20:06:27.641] [KSPCF/DragCubeGeneration] Creating drag cubes for part 'strutCube'
[LOG 20:06:27.644] PartLoader: Compiling Part 'Squad/Parts/Structural/strutOcto/strutOcto/strutOcto'
[LOG 20:06:27.648] PartLoader: Part 'Squad/Parts/Structural/strutOcto/strutOcto/strutOcto' has no database record. Creating.
[LOG 20:06:27.648] [DragCubeSystem]: Drag cubes not found or cannot be read for part Part. Generating New drag cubes.
[LOG 20:06:27.648] [KSPCF/DragCubeGeneration] Creating drag cubes for part 'strutOcto'
[LOG 20:06:27.652] PartLoader: Compiling Part 'Squad/Parts/Structural/trussGirderAdapter/trussGirderAdapter/trussAdapter'
[LOG 20:06:27.656] PartLoader: Part 'Squad/Parts/Structural/trussGirderAdapter/trussGirderAdapter/trussAdapter' has no database record. Creating.
[LOG 20:06:27.656] [DragCubeSystem]: Drag cubes not found or cannot be read for part Part. Generating New drag cubes.
[LOG 20:06:27.656] [KSPCF/DragCubeGeneration] Creating drag cubes for part 'trussAdapter'
[LOG 20:06:27.660] PartLoader: Compiling Part 'Squad/Parts/Structural/trussGirderL/trussGirderL/trussPiece1x'
[LOG 20:06:27.664] PartLoader: Part 'Squad/Parts/Structural/trussGirderL/trussGirderL/trussPiece1x' has no database record. Creating.
[LOG 20:06:27.664] [DragCubeSystem]: Drag cubes not found or cannot be read for part Part. Generating New drag cubes.
[LOG 20:06:27.664] [KSPCF/DragCubeGeneration] Creating drag cubes for part 'trussPiece1x'
[LOG 20:06:27.668] PartLoader: Compiling Part 'Squad/Parts/Structural/trussGirderXL/trussGirderXL/trussPiece3x'
[LOG 20:06:27.671] PartLoader: Part 'Squad/Parts/Structural/trussGirderXL/trussGirderXL/trussPiece3x' has no database record. Creating.
[LOG 20:06:27.671] [DragCubeSystem]: Drag cubes not found or cannot be read for part Part. Generating New drag cubes.
[LOG 20:06:27.671] [KSPCF/DragCubeGeneration] Creating drag cubes for part 'trussPiece3x'
[LOG 20:06:27.675] PartLoader: Compiling Part 'Squad/Parts/Thermal/FoldingRadiators/foldingRadLarge/foldingRadLarge'
[LOG 20:06:27.687] PartLoader: Part 'Squad/Parts/Thermal/FoldingRadiators/foldingRadLarge/foldingRadLarge' has no database record. Creating.
[LOG 20:06:27.688] PartLoader: Compiling Part 'Squad/Parts/Thermal/FoldingRadiators/foldingRadMed/foldingRadMed'
[LOG 20:06:27.693] PartLoader: Part 'Squad/Parts/Thermal/FoldingRadiators/foldingRadMed/foldingRadMed' has no database record. Creating.
[LOG 20:06:27.693] PartLoader: Compiling Part 'Squad/Parts/Thermal/FoldingRadiators/foldingRadSmall/foldingRadSmall'
[LOG 20:06:27.698] PartLoader: Part 'Squad/Parts/Thermal/FoldingRadiators/foldingRadSmall/foldingRadSmall' has no database record. Creating.
[LOG 20:06:27.699] PartLoader: Compiling Part 'Squad/Parts/Thermal/RadiatorPanels/radPanelEdge/radPanelEdge'
[LOG 20:06:27.703] PartLoader: Part 'Squad/Parts/Thermal/RadiatorPanels/radPanelEdge/radPanelEdge' has no database record. Creating.
[LOG 20:06:27.703] [DragCubeSystem]: Drag cubes not found or cannot be read for part Part. Generating New drag cubes.
[LOG 20:06:27.703] [KSPCF/DragCubeGeneration] Creating drag cubes for part 'radPanelEdge'
[LOG 20:06:27.707] PartLoader: Compiling Part 'Squad/Parts/Thermal/RadiatorPanels/radPanelLg/radPanelLg'
[LOG 20:06:27.711] PartLoader: Part 'Squad/Parts/Thermal/RadiatorPanels/radPanelLg/radPanelLg' has no database record. Creating.
[LOG 20:06:27.711] [DragCubeSystem]: Drag cubes not found or cannot be read for part Part. Generating New drag cubes.
[LOG 20:06:27.711] [KSPCF/DragCubeGeneration] Creating drag cubes for part 'radPanelLg'
[LOG 20:06:27.715] PartLoader: Compiling Part 'Squad/Parts/Thermal/RadiatorPanels/radPanelSm/radPanelSm'
[LOG 20:06:27.718] PartLoader: Part 'Squad/Parts/Thermal/RadiatorPanels/radPanelSm/radPanelSm' has no database record. Creating.
[LOG 20:06:27.718] [DragCubeSystem]: Drag cubes not found or cannot be read for part Part. Generating New drag cubes.
[LOG 20:06:27.718] [KSPCF/DragCubeGeneration] Creating drag cubes for part 'radPanelSm'
[LOG 20:06:27.723] PartLoader: Compiling Part 'Squad/Parts/Utility/commDish88-88/commDish88-88/commDish'
[LOG 20:06:27.728] PartLoader: Part 'Squad/Parts/Utility/commDish88-88/commDish88-88/commDish' has no database record. Creating.
[LOG 20:06:27.728] [DragCubeSystem]: Drag cubes not found or cannot be read for part Part. Generating New drag cubes.
[LOG 20:06:27.728] [KSPCF/DragCubeGeneration] Creating drag cubes for part 'commDish'
[LOG 20:06:27.744] PartLoader: Compiling Part 'Squad/Parts/Utility/commsAntennaDTS-M1/commsAntennaDTS-M1/mediumDishAntenna'
[LOG 20:06:27.748] PartLoader: Part 'Squad/Parts/Utility/commsAntennaDTS-M1/commsAntennaDTS-M1/mediumDishAntenna' has no database record. Creating.
[LOG 20:06:27.748] [DragCubeSystem]: Drag cubes not found or cannot be read for part Part. Generating New drag cubes.
[LOG 20:06:27.749] [KSPCF/DragCubeGeneration] Creating drag cubes for part 'mediumDishAntenna'
[LOG 20:06:27.761] PartLoader: Compiling Part 'Squad/Parts/Utility/commsDish16/commsAntenna16/longAntenna'
[LOG 20:06:27.765] PartLoader: Part 'Squad/Parts/Utility/commsDish16/commsAntenna16/longAntenna' has no database record. Creating.
[LOG 20:06:27.765] [DragCubeSystem]: Drag cubes not found or cannot be read for part Part. Generating New drag cubes.
[LOG 20:06:27.765] [KSPCF/DragCubeGeneration] Creating drag cubes for part 'longAntenna'
[LOG 20:06:27.776] PartLoader: Compiling Part 'Squad/Parts/Utility/decouplerRadialHDM/decouplerRadialHDM/radialDecoupler1-2'
[LOG 20:06:27.783] PartLoader: Part 'Squad/Parts/Utility/decouplerRadialHDM/decouplerRadialHDM/radialDecoupler1-2' has no database record. Creating.
[LOG 20:06:27.783] [DragCubeSystem]: Drag cubes not found or cannot be read for part Part. Generating New drag cubes.
[LOG 20:06:27.783] [KSPCF/DragCubeGeneration] Creating drag cubes for part 'radialDecoupler1-2'
[LOG 20:06:27.788] PartLoader: Compiling Part 'Squad/Parts/Utility/decouplerRadialTT-38K/decouplerRadialTT-38K/radialDecoupler'
[LOG 20:06:27.792] PartLoader: Part 'Squad/Parts/Utility/decouplerRadialTT-38K/decouplerRadialTT-38K/radialDecoupler' has no database record. Creating.
[LOG 20:06:27.792] [DragCubeSystem]: Drag cubes not found or cannot be read for part Part. Generating New drag cubes.
[LOG 20:06:27.792] [KSPCF/DragCubeGeneration] Creating drag cubes for part 'radialDecoupler'
[LOG 20:06:27.797] PartLoader: Compiling Part 'Squad/Parts/Utility/decouplerRadialTT-70/decouplerRadialTT-70/radialDecoupler2'
[LOG 20:06:27.801] PartLoader: Part 'Squad/Parts/Utility/decouplerRadialTT-70/decouplerRadialTT-70/radialDecoupler2' has no database record. Creating.
[LOG 20:06:27.801] [DragCubeSystem]: Drag cubes not found or cannot be read for part Part. Generating New drag cubes.
[LOG 20:06:27.801] [KSPCF/DragCubeGeneration] Creating drag cubes for part 'radialDecoupler2'
[LOG 20:06:27.807] PartLoader: Compiling Part 'Squad/Parts/Utility/DirectAntennas/C16S/SurfAntenna'
[LOG 20:06:27.813] PartLoader: Part 'Squad/Parts/Utility/DirectAntennas/C16S/SurfAntenna' has no database record. Creating.
[LOG 20:06:27.813] [DragCubeSystem]: Drag cubes not found or cannot be read for part Part. Generating New drag cubes.
[LOG 20:06:27.813] [KSPCF/DragCubeGeneration] Creating drag cubes for part 'SurfAntenna'
[LOG 20:06:27.818] PartLoader: Compiling Part 'Squad/Parts/Utility/DirectAntennas/HG-5/HighGainAntenna5'
[LOG 20:06:27.822] PartLoader: Part 'Squad/Parts/Utility/DirectAntennas/HG-5/HighGainAntenna5' has no database record. Creating.
[LOG 20:06:27.822] [DragCubeSystem]: Drag cubes not found or cannot be read for part Part. Generating New drag cubes.
[LOG 20:06:27.822] [KSPCF/DragCubeGeneration] Creating drag cubes for part 'HighGainAntenna5'
[LOG 20:06:27.834] PartLoader: Compiling Part 'Squad/Parts/Utility/DirectAntennas/HG-5_v2/HighGainAntenna5_v2'
[LOG 20:06:27.840] PartLoader: Part 'Squad/Parts/Utility/DirectAntennas/HG-5_v2/HighGainAntenna5_v2' has no database record. Creating.
[LOG 20:06:27.840] [DragCubeSystem]: Drag cubes not found or cannot be read for part Part. Generating New drag cubes.
[LOG 20:06:27.840] [KSPCF/DragCubeGeneration] Creating drag cubes for part 'HighGainAntenna5.v2'
[LOG 20:06:27.853] PartLoader: Compiling Part 'Squad/Parts/Utility/dockingPort/dockingPort/dockingPort2'
[LOG 20:06:27.866] PartLoader: Part 'Squad/Parts/Utility/dockingPort/dockingPort/dockingPort2' has no database record. Creating.
[LOG 20:06:27.866] [DragCubeSystem]: Drag cubes not found or cannot be read for part Part. Generating New drag cubes.
[LOG 20:06:27.866] [KSPCF/DragCubeGeneration] Creating drag cubes for part 'dockingPort2'
[LOG 20:06:27.872] PartLoader: Compiling Part 'Squad/Parts/Utility/dockingPortInline/dockingPortInline/dockingPortLateral'
[LOG 20:06:27.877] PartLoader: Part 'Squad/Parts/Utility/dockingPortInline/dockingPortInline/dockingPortLateral' has no database record. Creating.
[LOG 20:06:27.878] [DragCubeSystem]: Drag cubes not found or cannot be read for part Part. Generating New drag cubes.
[LOG 20:06:27.878] [KSPCF/DragCubeGeneration] Creating drag cubes for part 'dockingPortLateral'
[LOG 20:06:27.890] PartLoader: Compiling Part 'Squad/Parts/Utility/dockingPortJr/dockingPortJr/dockingPort3'
[LOG 20:06:27.895] PartLoader: Part 'Squad/Parts/Utility/dockingPortJr/dockingPortJr/dockingPort3' has no database record. Creating.
[LOG 20:06:27.895] [DragCubeSystem]: Drag cubes not found or cannot be read for part Part. Generating New drag cubes.
[LOG 20:06:27.895] [KSPCF/DragCubeGeneration] Creating drag cubes for part 'dockingPort3'
[LOG 20:06:27.899] PartLoader: Compiling Part 'Squad/Parts/Utility/dockingPortShielded/dockingPortShielded/dockingPort1'
[LOG 20:06:27.905] PartLoader: Part 'Squad/Parts/Utility/dockingPortShielded/dockingPortShielded/dockingPort1' has no database record. Creating.
[LOG 20:06:27.905] [DragCubeSystem]: Drag cubes not found or cannot be read for part Part. Generating New drag cubes.
[LOG 20:06:27.905] [KSPCF/DragCubeGeneration] Creating drag cubes for part 'dockingPort1'
[LOG 20:06:27.917] PartLoader: Compiling Part 'Squad/Parts/Utility/dockingPortSr/dockingPortSr/dockingPortLarge'
[LOG 20:06:27.922] PartLoader: Part 'Squad/Parts/Utility/dockingPortSr/dockingPortSr/dockingPortLarge' has no database record. Creating.
[LOG 20:06:27.922] [DragCubeSystem]: Drag cubes not found or cannot be read for part Part. Generating New drag cubes.
[LOG 20:06:27.922] [KSPCF/DragCubeGeneration] Creating drag cubes for part 'dockingPortLarge'
[LOG 20:06:27.927] PartLoader: Compiling Part 'Squad/Parts/Utility/Fireworks/fireworksLauncherBig/fireworksLauncherBig'
[LOG 20:06:27.939] PartLoader: Part 'Squad/Parts/Utility/Fireworks/fireworksLauncherBig/fireworksLauncherBig' has no database record. Creating.
[LOG 20:06:27.939] [DragCubeSystem]: Drag cubes not found or cannot be read for part Part. Generating New drag cubes.
[LOG 20:06:27.939] [KSPCF/DragCubeGeneration] Creating drag cubes for part 'fireworksLauncherBig'
[LOG 20:06:27.943] PartLoader: Compiling Part 'Squad/Parts/Utility/Fireworks/fireworksLauncherSmall/fireworksLauncherSmall'
[LOG 20:06:27.951] PartLoader: Part 'Squad/Parts/Utility/Fireworks/fireworksLauncherSmall/fireworksLauncherSmall' has no database record. Creating.
[LOG 20:06:27.951] [DragCubeSystem]: Drag cubes not found or cannot be read for part Part. Generating New drag cubes.
[LOG 20:06:27.952] [KSPCF/DragCubeGeneration] Creating drag cubes for part 'fireworksLauncherSmall'
[LOG 20:06:27.955] PartLoader: Compiling Part 'Squad/Parts/Utility/flags/flagFlat/flagFlat/flagPartFlat'
[LOG 20:06:27.965] PartLoader: Part 'Squad/Parts/Utility/flags/flagFlat/flagFlat/flagPartFlat' has no database record. Creating.
[LOG 20:06:27.965] [DragCubeSystem]: Drag cubes not found or cannot be read for part Part. Generating New drag cubes.
[LOG 20:06:27.965] [KSPCF/DragCubeGeneration] Creating drag cubes for part 'flagPartFlat'
[LOG 20:06:27.969] PartLoader: Compiling Part 'Squad/Parts/Utility/flags/flagSize0/flagSize0/flagPartSize0'
[LOG 20:06:27.974] PartLoader: Part 'Squad/Parts/Utility/flags/flagSize0/flagSize0/flagPartSize0' has no database record. Creating.
[LOG 20:06:27.974] [DragCubeSystem]: Drag cubes not found or cannot be read for part Part. Generating New drag cubes.
[LOG 20:06:27.974] [KSPCF/DragCubeGeneration] Creating drag cubes for part 'flagPartSize0'
[LOG 20:06:27.978] PartLoader: Compiling Part 'Squad/Parts/Utility/flags/flagSize1/flagSize1/flagPartSize1'
[LOG 20:06:27.985] PartLoader: Part 'Squad/Parts/Utility/flags/flagSize1/flagSize1/flagPartSize1' has no database record. Creating.
[LOG 20:06:27.985] [DragCubeSystem]: Drag cubes not found or cannot be read for part Part. Generating New drag cubes.
[LOG 20:06:27.985] [KSPCF/DragCubeGeneration] Creating drag cubes for part 'flagPartSize1'
[LOG 20:06:27.989] PartLoader: Compiling Part 'Squad/Parts/Utility/flags/flagSize2/flagSize2/flagPartSize2'
[LOG 20:06:27.994] PartLoader: Part 'Squad/Parts/Utility/flags/flagSize2/flagSize2/flagPartSize2' has no database record. Creating.
[LOG 20:06:27.994] [DragCubeSystem]: Drag cubes not found or cannot be read for part Part. Generating New drag cubes.
[LOG 20:06:27.994] [KSPCF/DragCubeGeneration] Creating drag cubes for part 'flagPartSize2'
[LOG 20:06:27.999] PartLoader: Compiling Part 'Squad/Parts/Utility/flags/flagSize3/flagSize3/flagPartSize3'
[LOG 20:06:28.003] PartLoader: Part 'Squad/Parts/Utility/flags/flagSize3/flagSize3/flagPartSize3' has no database record. Creating.
[LOG 20:06:28.003] [DragCubeSystem]: Drag cubes not found or cannot be read for part Part. Generating New drag cubes.
[LOG 20:06:28.003] [KSPCF/DragCubeGeneration] Creating drag cubes for part 'flagPartSize3'
[LOG 20:06:28.008] PartLoader: Compiling Part 'Squad/Parts/Utility/GrapplingDevice/part/GrapplingDevice'
[LOG 20:06:28.020] PartLoader: Part 'Squad/Parts/Utility/GrapplingDevice/part/GrapplingDevice' has no database record. Creating.
[LOG 20:06:28.020] [DragCubeSystem]: Drag cubes not found or cannot be read for part Part. Generating New drag cubes.
[LOG 20:06:28.020] [KSPCF/DragCubeGeneration] Creating drag cubes for part 'GrapplingDevice'
[LOG 20:06:28.037] PartLoader: Compiling Part 'Squad/Parts/Utility/ladderRadial/ladderRadial/ladder1'
[LOG 20:06:28.043] PartLoader: Part 'Squad/Parts/Utility/ladderRadial/ladderRadial/ladder1' has no database record. Creating.
[LOG 20:06:28.043] [DragCubeSystem]: Drag cubes not found or cannot be read for part Part. Generating New drag cubes.
[LOG 20:06:28.043] [KSPCF/DragCubeGeneration] Creating drag cubes for part 'ladder1'
[LOG 20:06:28.047] PartLoader: Compiling Part 'Squad/Parts/Utility/ladderTelescopic/ladderTelescopic/telescopicLadder'
[LOG 20:06:28.053] PartLoader: Part 'Squad/Parts/Utility/ladderTelescopic/ladderTelescopic/telescopicLadder' has no database record. Creating.
[LOG 20:06:28.053] [DragCubeSystem]: Drag cubes not found or cannot be read for part Part. Generating New drag cubes.
[LOG 20:06:28.053] [KSPCF/DragCubeGeneration] Creating drag cubes for part 'telescopicLadder'
[LOG 20:06:28.065] PartLoader: Compiling Part 'Squad/Parts/Utility/ladderTelescopicBay/ladderTelescopicBay/telescopicLadderBay'
[LOG 20:06:28.082] PartLoader: Part 'Squad/Parts/Utility/ladderTelescopicBay/ladderTelescopicBay/telescopicLadderBay' has no database record. Creating.
[LOG 20:06:28.082] [DragCubeSystem]: Drag cubes not found or cannot be read for part Part. Generating New drag cubes.
[LOG 20:06:28.082] [KSPCF/DragCubeGeneration] Creating drag cubes for part 'telescopicLadderBay'
[LOG 20:06:28.095] PartLoader: Compiling Part 'Squad/Parts/Utility/landingLegLT-1/landingLegLT-1/landingLeg1'
[LOG 20:06:28.125] PartLoader: Part 'Squad/Parts/Utility/landingLegLT-1/landingLegLT-1/landingLeg1' has no database record. Creating.
[LOG 20:06:28.125] [DragCubeSystem]: Drag cubes not found or cannot be read for part Part. Generating New drag cubes.
[LOG 20:06:28.125] [KSPCF/DragCubeGeneration] Creating drag cubes for part 'landingLeg1'
[LOG 20:06:28.137] PartLoader: Compiling Part 'Squad/Parts/Utility/landingLegLT-2/landingLegLT-2/landingLeg1-2'
[LOG 20:06:28.145] PartLoader: Part 'Squad/Parts/Utility/landingLegLT-2/landingLegLT-2/landingLeg1-2' has no database record. Creating.
[LOG 20:06:28.145] [DragCubeSystem]: Drag cubes not found or cannot be read for part Part. Generating New drag cubes.
[LOG 20:06:28.145] [KSPCF/DragCubeGeneration] Creating drag cubes for part 'landingLeg1-2'
[LOG 20:06:28.156] PartLoader: Compiling Part 'Squad/Parts/Utility/landingLegLT-5/landingLegLT-5/miniLandingLeg'
[LOG 20:06:28.165] PartLoader: Part 'Squad/Parts/Utility/landingLegLT-5/landingLegLT-5/miniLandingLeg' has no database record. Creating.
[LOG 20:06:28.165] [DragCubeSystem]: Drag cubes not found or cannot be read for part Part. Generating New drag cubes.
[LOG 20:06:28.165] [KSPCF/DragCubeGeneration] Creating drag cubes for part 'miniLandingLeg'
[LOG 20:06:28.177] PartLoader: Compiling Part 'Squad/Parts/Utility/launchClamp1/launchClamp1/launchClamp1'
[LOG 20:06:28.189] PartLoader: Part 'Squad/Parts/Utility/launchClamp1/launchClamp1/launchClamp1' has no database record. Creating.
[LOG 20:06:28.189] [DragCubeSystem]: Drag cubes not found or cannot be read for part Part. Generating New drag cubes.
[LOG 20:06:28.189] [KSPCF/DragCubeGeneration] Creating drag cubes for part 'launchClamp1'
[LOG 20:06:28.194] PartLoader: Compiling Part 'Squad/Parts/Utility/launchEscapeSystem/part/LaunchEscapeSystem'
[LOG 20:06:28.201] PartLoader: Part 'Squad/Parts/Utility/launchEscapeSystem/part/LaunchEscapeSystem' has no database record. Creating.
[LOG 20:06:28.201] [DragCubeSystem]: Drag cubes not found or cannot be read for part Part. Generating New drag cubes.
[LOG 20:06:28.201] [KSPCF/DragCubeGeneration] Creating drag cubes for part 'LaunchEscapeSystem'
[LOG 20:06:28.207] PartLoader: Compiling Part 'Squad/Parts/Utility/Lights/domeLight1/domeLight1'
[LOG 20:06:28.213] PartLoader: Part 'Squad/Parts/Utility/Lights/domeLight1/domeLight1' has no database record. Creating.
[LOG 20:06:28.213] [DragCubeSystem]: Drag cubes not found or cannot be read for part Part. Generating New drag cubes.
[LOG 20:06:28.213] [KSPCF/DragCubeGeneration] Creating drag cubes for part 'domeLight1'
[LOG 20:06:28.217] PartLoader: Compiling Part 'Squad/Parts/Utility/Lights/groundLight1/groundLight1'
[LOG 20:06:28.222] PartLoader: Part 'Squad/Parts/Utility/Lights/groundLight1/groundLight1' has no database record. Creating.
[LOG 20:06:28.222] [DragCubeSystem]: Drag cubes not found or cannot be read for part Part. Generating New drag cubes.
[LOG 20:06:28.222] [KSPCF/DragCubeGeneration] Creating drag cubes for part 'groundLight1'
[LOG 20:06:28.226] PartLoader: Compiling Part 'Squad/Parts/Utility/Lights/groundLight2/groundLight2'
[LOG 20:06:28.230] PartLoader: Part 'Squad/Parts/Utility/Lights/groundLight2/groundLight2' has no database record. Creating.
[LOG 20:06:28.230] [DragCubeSystem]: Drag cubes not found or cannot be read for part Part. Generating New drag cubes.
[LOG 20:06:28.230] [KSPCF/DragCubeGeneration] Creating drag cubes for part 'groundLight2'
[LOG 20:06:28.234] PartLoader: Compiling Part 'Squad/Parts/Utility/Lights/navLight1/navLight1'
[LOG 20:06:28.239] PartLoader: Part 'Squad/Parts/Utility/Lights/navLight1/navLight1' has no database record. Creating.
[LOG 20:06:28.239] [DragCubeSystem]: Drag cubes not found or cannot be read for part Part. Generating New drag cubes.
[LOG 20:06:28.240] [KSPCF/DragCubeGeneration] Creating drag cubes for part 'navLight1'
[LOG 20:06:28.244] PartLoader: Compiling Part 'Squad/Parts/Utility/Lights/spotLight1/spotLight3'
[LOG 20:06:28.250] PartLoader: Part 'Squad/Parts/Utility/Lights/spotLight1/spotLight3' has no database record. Creating.
[LOG 20:06:28.250] [DragCubeSystem]: Drag cubes not found or cannot be read for part Part. Generating New drag cubes.
[LOG 20:06:28.250] [KSPCF/DragCubeGeneration] Creating drag cubes for part 'spotLight3'
[LOG 20:06:28.255] PartLoader: Compiling Part 'Squad/Parts/Utility/Lights/stripLight1/stripLight1'
[LOG 20:06:28.262] PartLoader: Part 'Squad/Parts/Utility/Lights/stripLight1/stripLight1' has no database record. Creating.
[LOG 20:06:28.262] [DragCubeSystem]: Drag cubes not found or cannot be read for part Part. Generating New drag cubes.
[LOG 20:06:28.262] [KSPCF/DragCubeGeneration] Creating drag cubes for part 'stripLight1'
[LOG 20:06:28.267] PartLoader: Compiling Part 'Squad/Parts/Utility/linearVernorRCS/linearRCS/linearRcs'
[LOG 20:06:28.275] PartLoader: Part 'Squad/Parts/Utility/linearVernorRCS/linearRCS/linearRcs' has no database record. Creating.
[LOG 20:06:28.275] [DragCubeSystem]: Drag cubes not found or cannot be read for part Part. Generating New drag cubes.
[LOG 20:06:28.275] [KSPCF/DragCubeGeneration] Creating drag cubes for part 'linearRcs'
[LOG 20:06:28.280] PartLoader: Compiling Part 'Squad/Parts/Utility/linearVernorRCS/vernorEngine/vernierEngine'
[LOG 20:06:28.284] PartLoader: Part 'Squad/Parts/Utility/linearVernorRCS/vernorEngine/vernierEngine' has no database record. Creating.
[LOG 20:06:28.284] [DragCubeSystem]: Drag cubes not found or cannot be read for part Part. Generating New drag cubes.
[LOG 20:06:28.284] [KSPCF/DragCubeGeneration] Creating drag cubes for part 'vernierEngine'
[LOG 20:06:28.289] PartLoader: Compiling Part 'Squad/Parts/Utility/mk2CargoBay/BayL/mk2CargoBayL'
[LOG 20:06:28.295] PartLoader: Part 'Squad/Parts/Utility/mk2CargoBay/BayL/mk2CargoBayL' has no database record. Creating.
[LOG 20:06:28.295] PartLoader: Compiling Part 'Squad/Parts/Utility/mk2CargoBay/BayS/mk2CargoBayS'
[LOG 20:06:28.299] PartLoader: Part 'Squad/Parts/Utility/mk2CargoBay/BayS/mk2CargoBayS' has no database record. Creating.
[LOG 20:06:28.299] PartLoader: Compiling Part 'Squad/Parts/Utility/mk2CrewCabin/mk2CrewCabin/mk2CrewCabin'
[WRN 20:06:28.301] [Part]: Cannot have ModuleCargoPart and ModuleInventoryPart on same Part [mk2CrewCabin'. Removed ModuleCargoPart
[LOG 20:06:28.304] PartLoader: Part 'Squad/Parts/Utility/mk2CrewCabin/mk2CrewCabin/mk2CrewCabin' has no database record. Creating.
[LOG 20:06:28.304] [DragCubeSystem]: Drag cubes not found or cannot be read for part Part. Generating New drag cubes.
[LOG 20:06:28.304] [KSPCF/DragCubeGeneration] Creating drag cubes for part 'mk2CrewCabin'
[LOG 20:06:28.310] PartLoader: Compiling Part 'Squad/Parts/Utility/mk2DockingPort/mk2DockingPort/mk2DockingPort'
[LOG 20:06:28.318] PartLoader: Part 'Squad/Parts/Utility/mk2DockingPort/mk2DockingPort/mk2DockingPort' has no database record. Creating.
[LOG 20:06:28.318] PartLoader: Compiling Part 'Squad/Parts/Utility/mk3CargoBay/long/mk3CargoBayL'
[LOG 20:06:28.322] PartLoader: Part 'Squad/Parts/Utility/mk3CargoBay/long/mk3CargoBayL' has no database record. Creating.
[LOG 20:06:28.322] PartLoader: Compiling Part 'Squad/Parts/Utility/mk3CargoBay/medium/mk3CargoBayM'
[LOG 20:06:28.326] PartLoader: Part 'Squad/Parts/Utility/mk3CargoBay/medium/mk3CargoBayM' has no database record. Creating.
[LOG 20:06:28.326] PartLoader: Compiling Part 'Squad/Parts/Utility/mk3CargoBay/ramp/mk3CargoRamp'
[LOG 20:06:28.330] PartLoader: Part 'Squad/Parts/Utility/mk3CargoBay/ramp/mk3CargoRamp' has no database record. Creating.
[LOG 20:06:28.330] PartLoader: Compiling Part 'Squad/Parts/Utility/mk3CargoBay/short/mk3CargoBayS'
[LOG 20:06:28.333] PartLoader: Part 'Squad/Parts/Utility/mk3CargoBay/short/mk3CargoBayS' has no database record. Creating.
[LOG 20:06:28.333] PartLoader: Compiling Part 'Squad/Parts/Utility/parachuteMk1/parachuteMk1/parachuteSingle'
[LOG 20:06:28.343] PartLoader: Part 'Squad/Parts/Utility/parachuteMk1/parachuteMk1/parachuteSingle' has no database record. Creating.
[LOG 20:06:28.343] [DragCubeSystem]: Drag cubes not found or cannot be read for part Part. Generating New drag cubes.
[LOG 20:06:28.344] [KSPCF/DragCubeGeneration] Creating drag cubes for part 'parachuteSingle'
[LOG 20:06:28.361] PartLoader: Compiling Part 'Squad/Parts/Utility/parachuteMk12-R/parachuteMk12-R/radialDrogue'
[LOG 20:06:28.365] PartLoader: Part 'Squad/Parts/Utility/parachuteMk12-R/parachuteMk12-R/radialDrogue' has no database record. Creating.
[LOG 20:06:28.365] [DragCubeSystem]: Drag cubes not found or cannot be read for part Part. Generating New drag cubes.
[LOG 20:06:28.365] [KSPCF/DragCubeGeneration] Creating drag cubes for part 'radialDrogue'
[LOG 20:06:28.380] PartLoader: Compiling Part 'Squad/Parts/Utility/parachuteMk16-XL/parachuteMk16-XL/parachuteLarge'
[LOG 20:06:28.385] PartLoader: Part 'Squad/Parts/Utility/parachuteMk16-XL/parachuteMk16-XL/parachuteLarge' has no database record. Creating.
[LOG 20:06:28.385] [DragCubeSystem]: Drag cubes not found or cannot be read for part Part. Generating New drag cubes.
[LOG 20:06:28.385] [KSPCF/DragCubeGeneration] Creating drag cubes for part 'parachuteLarge'
[LOG 20:06:28.401] PartLoader: Compiling Part 'Squad/Parts/Utility/parachuteMk2-R/parachuteMk2-R/parachuteRadial'
[LOG 20:06:28.406] PartLoader: Part 'Squad/Parts/Utility/parachuteMk2-R/parachuteMk2-R/parachuteRadial' has no database record. Creating.
[LOG 20:06:28.406] [DragCubeSystem]: Drag cubes not found or cannot be read for part Part. Generating New drag cubes.
[LOG 20:06:28.406] [KSPCF/DragCubeGeneration] Creating drag cubes for part 'parachuteRadial'
[LOG 20:06:28.422] PartLoader: Compiling Part 'Squad/Parts/Utility/parachuteMk25/parachuteMk25/parachuteDrogue'
[LOG 20:06:28.426] PartLoader: Part 'Squad/Parts/Utility/parachuteMk25/parachuteMk25/parachuteDrogue' has no database record. Creating.
[LOG 20:06:28.426] [DragCubeSystem]: Drag cubes not found or cannot be read for part Part. Generating New drag cubes.
[LOG 20:06:28.426] [KSPCF/DragCubeGeneration] Creating drag cubes for part 'parachuteDrogue'
[LOG 20:06:28.441] PartLoader: Compiling Part 'Squad/Parts/Utility/radialAttachmentPoint/radialAttachmentPoint/stackPoint1'
[LOG 20:06:28.445] PartLoader: Part 'Squad/Parts/Utility/radialAttachmentPoint/radialAttachmentPoint/stackPoint1' has no database record. Creating.
[LOG 20:06:28.445] [DragCubeSystem]: Drag cubes not found or cannot be read for part Part. Generating New drag cubes.
[LOG 20:06:28.445] [KSPCF/DragCubeGeneration] Creating drag cubes for part 'stackPoint1'
[LOG 20:06:28.450] PartLoader: Compiling Part 'Squad/Parts/Utility/rcsBlockRV-105_v2/rcsBlockRV-105/RCSBlock_v2'
[LOG 20:06:28.457] PartLoader: Part 'Squad/Parts/Utility/rcsBlockRV-105_v2/rcsBlockRV-105/RCSBlock_v2' has no database record. Creating.
[LOG 20:06:28.457] [DragCubeSystem]: Drag cubes not found or cannot be read for part Part. Generating New drag cubes.
[LOG 20:06:28.457] [KSPCF/DragCubeGeneration] Creating drag cubes for part 'RCSBlock.v2'
[LOG 20:06:28.483] PartLoader: Compiling Part 'Squad/Parts/Utility/rcsBlockRV-105_v2/RCSblock_01_small/RCSblock_01_small'
[LOG 20:06:28.489] PartLoader: Part 'Squad/Parts/Utility/rcsBlockRV-105_v2/RCSblock_01_small/RCSblock_01_small' has no database record. Creating.
[LOG 20:06:28.489] [DragCubeSystem]: Drag cubes not found or cannot be read for part Part. Generating New drag cubes.
[LOG 20:06:28.490] [KSPCF/DragCubeGeneration] Creating drag cubes for part 'RCSblock.01.small'
[LOG 20:06:28.515] PartLoader: Compiling Part 'Squad/Parts/Utility/rcsSmallLinear/RCSLinearSmall/RCSLinearSmall'
[LOG 20:06:28.522] PartLoader: Part 'Squad/Parts/Utility/rcsSmallLinear/RCSLinearSmall/RCSLinearSmall' has no database record. Creating.
[LOG 20:06:28.522] [DragCubeSystem]: Drag cubes not found or cannot be read for part Part. Generating New drag cubes.
[LOG 20:06:28.522] [KSPCF/DragCubeGeneration] Creating drag cubes for part 'RCSLinearSmall'
[LOG 20:06:28.534] PartLoader: Compiling Part 'Squad/Parts/Utility/RelayAntennas/RA-100/RelayAntenna100'
[LOG 20:06:28.539] PartLoader: Part 'Squad/Parts/Utility/RelayAntennas/RA-100/RelayAntenna100' has no database record. Creating.
[LOG 20:06:28.539] [DragCubeSystem]: Drag cubes not found or cannot be read for part Part. Generating New drag cubes.
[LOG 20:06:28.539] [KSPCF/DragCubeGeneration] Creating drag cubes for part 'RelayAntenna100'
[LOG 20:06:28.544] PartLoader: Compiling Part 'Squad/Parts/Utility/RelayAntennas/RA-5/RelayAntenna5'
[LOG 20:06:28.547] PartLoader: Part 'Squad/Parts/Utility/RelayAntennas/RA-5/RelayAntenna5' has no database record. Creating.
[LOG 20:06:28.547] [DragCubeSystem]: Drag cubes not found or cannot be read for part Part. Generating New drag cubes.
[LOG 20:06:28.547] [KSPCF/DragCubeGeneration] Creating drag cubes for part 'RelayAntenna5'
[LOG 20:06:28.551] PartLoader: Compiling Part 'Squad/Parts/Utility/RelayAntennas/RA-50/RelayAntenna50'
[LOG 20:06:28.554] PartLoader: Part 'Squad/Parts/Utility/RelayAntennas/RA-50/RelayAntenna50' has no database record. Creating.
[LOG 20:06:28.555] [DragCubeSystem]: Drag cubes not found or cannot be read for part Part. Generating New drag cubes.
[LOG 20:06:28.555] [KSPCF/DragCubeGeneration] Creating drag cubes for part 'RelayAntenna50'
[LOG 20:06:28.559] PartLoader: Compiling Part 'Squad/Parts/Utility/rockomaxAdapters/largeAdapter/largeAdapter'
[LOG 20:06:28.562] PartLoader: Part 'Squad/Parts/Utility/rockomaxAdapters/largeAdapter/largeAdapter' has no database record. Creating.
[LOG 20:06:28.562] [DragCubeSystem]: Drag cubes not found or cannot be read for part Part. Generating New drag cubes.
[LOG 20:06:28.562] [KSPCF/DragCubeGeneration] Creating drag cubes for part 'largeAdapter'
[LOG 20:06:28.567] PartLoader: Compiling Part 'Squad/Parts/Utility/rockomaxAdapters/largeAdapterShort/largeAdapter2'
[LOG 20:06:28.570] PartLoader: Part 'Squad/Parts/Utility/rockomaxAdapters/largeAdapterShort/largeAdapter2' has no database record. Creating.
[LOG 20:06:28.570] [DragCubeSystem]: Drag cubes not found or cannot be read for part Part. Generating New drag cubes.
[LOG 20:06:28.570] [KSPCF/DragCubeGeneration] Creating drag cubes for part 'largeAdapter2'
[LOG 20:06:28.574] PartLoader: Compiling Part 'Squad/Parts/Utility/ServiceBay_v2/ServiceBay_125_v2/ServiceBay_125_v2'
[LOG 20:06:28.579] PartLoader: Part 'Squad/Parts/Utility/ServiceBay_v2/ServiceBay_125_v2/ServiceBay_125_v2' has no database record. Creating.
[LOG 20:06:28.579] [DragCubeSystem]: Drag cubes not found or cannot be read for part Part. Generating New drag cubes.
[LOG 20:06:28.579] [KSPCF/DragCubeGeneration] Creating drag cubes for part 'ServiceBay.125.v2'
[LOG 20:06:28.591] PartLoader: Compiling Part 'Squad/Parts/Utility/ServiceBay_v2/ServiceBay_250_v2/ServiceBay_250_v2'
[LOG 20:06:28.595] PartLoader: Part 'Squad/Parts/Utility/ServiceBay_v2/ServiceBay_250_v2/ServiceBay_250_v2' has no database record. Creating.
[LOG 20:06:28.595] [DragCubeSystem]: Drag cubes not found or cannot be read for part Part. Generating New drag cubes.
[LOG 20:06:28.595] [KSPCF/DragCubeGeneration] Creating drag cubes for part 'ServiceBay.250.v2'
[LOG 20:06:28.606] PartLoader: Compiling Part 'Squad/Parts/Utility/smallClaw/smallClaw/smallClaw'
[LOG 20:06:28.614] PartLoader: Part 'Squad/Parts/Utility/smallClaw/smallClaw/smallClaw' has no database record. Creating.
[LOG 20:06:28.614] [DragCubeSystem]: Drag cubes not found or cannot be read for part Part. Generating New drag cubes.
[LOG 20:06:28.614] [KSPCF/DragCubeGeneration] Creating drag cubes for part 'smallClaw'
[LOG 20:06:28.631] PartLoader: Compiling Part 'Squad/Parts/Utility/spotLightMk1/spotLightMk1/spotLight1'
[LOG 20:06:28.636] PartLoader: Part 'Squad/Parts/Utility/spotLightMk1/spotLightMk1/spotLight1' has no database record. Creating.
[LOG 20:06:28.636] [DragCubeSystem]: Drag cubes not found or cannot be read for part Part. Generating New drag cubes.
[LOG 20:06:28.636] [KSPCF/DragCubeGeneration] Creating drag cubes for part 'spotLight1'
[LOG 20:06:28.640] PartLoader: Compiling Part 'Squad/Parts/Utility/spotLightMk1_v2/spotLightMk1_v2/spotLight1_v2'
[LOG 20:06:28.644] PartLoader: Part 'Squad/Parts/Utility/spotLightMk1_v2/spotLightMk1_v2/spotLight1_v2' has no database record. Creating.
[LOG 20:06:28.644] [DragCubeSystem]: Drag cubes not found or cannot be read for part Part. Generating New drag cubes.
[LOG 20:06:28.644] [KSPCF/DragCubeGeneration] Creating drag cubes for part 'spotLight1.v2'
[LOG 20:06:28.649] PartLoader: Compiling Part 'Squad/Parts/Utility/spotLightMk2/spotLightMk2/spotLight2'
[LOG 20:06:28.653] PartLoader: Part 'Squad/Parts/Utility/spotLightMk2/spotLightMk2/spotLight2' has no database record. Creating.
[LOG 20:06:28.653] [DragCubeSystem]: Drag cubes not found or cannot be read for part Part. Generating New drag cubes.
[LOG 20:06:28.653] [KSPCF/DragCubeGeneration] Creating drag cubes for part 'spotLight2'
[LOG 20:06:28.657] PartLoader: Compiling Part 'Squad/Parts/Utility/spotLightMk2_v2/spotLightMk2_v2/spotLight2_v2'
[LOG 20:06:28.664] PartLoader: Part 'Squad/Parts/Utility/spotLightMk2_v2/spotLightMk2_v2/spotLight2_v2' has no database record. Creating.
[LOG 20:06:28.664] [DragCubeSystem]: Drag cubes not found or cannot be read for part Part. Generating New drag cubes.
[LOG 20:06:28.664] [KSPCF/DragCubeGeneration] Creating drag cubes for part 'spotLight2.v2'
[LOG 20:06:28.668] PartLoader: Compiling Part 'Squad/Parts/Utility/stackCouplers/stackBiCoupler_v2/stackBiCoupler_v2'
[LOG 20:06:28.671] PartLoader: Part 'Squad/Parts/Utility/stackCouplers/stackBiCoupler_v2/stackBiCoupler_v2' has no database record. Creating.
[LOG 20:06:28.671] [DragCubeSystem]: Drag cubes not found or cannot be read for part Part. Generating New drag cubes.
[LOG 20:06:28.671] [KSPCF/DragCubeGeneration] Creating drag cubes for part 'stackBiCoupler.v2'
[LOG 20:06:28.676] PartLoader: Compiling Part 'Squad/Parts/Utility/stackCouplers/stackQuadCoupler/stackQuadCoupler'
[LOG 20:06:28.679] PartLoader: Part 'Squad/Parts/Utility/stackCouplers/stackQuadCoupler/stackQuadCoupler' has no database record. Creating.
[LOG 20:06:28.679] [DragCubeSystem]: Drag cubes not found or cannot be read for part Part. Generating New drag cubes.
[LOG 20:06:28.679] [KSPCF/DragCubeGeneration] Creating drag cubes for part 'stackQuadCoupler'
[LOG 20:06:28.683] PartLoader: Compiling Part 'Squad/Parts/Utility/stackCouplers/stackTriCoupler_v2/stackTriCoupler_v2'
[LOG 20:06:28.687] PartLoader: Part 'Squad/Parts/Utility/stackCouplers/stackTriCoupler_v2/stackTriCoupler_v2' has no database record. Creating.
[LOG 20:06:28.687] [DragCubeSystem]: Drag cubes not found or cannot be read for part Part. Generating New drag cubes.
[LOG 20:06:28.687] [KSPCF/DragCubeGeneration] Creating drag cubes for part 'stackTriCoupler.v2'
[LOG 20:06:28.692] PartLoader: Compiling Part 'Squad/Parts/Wheel/LandingGear/GearExtraLarge/GearLarge'
[LOG 20:06:28.710] PartLoader: Part 'Squad/Parts/Wheel/LandingGear/GearExtraLarge/GearLarge' has no database record. Creating.
[LOG 20:06:28.711] [DragCubeSystem]: Drag cubes not found or cannot be read for part Part. Generating New drag cubes.
[LOG 20:06:28.711] [KSPCF/DragCubeGeneration] Creating drag cubes for part 'GearLarge'
[LOG 20:06:28.731] PartLoader: Compiling Part 'Squad/Parts/Wheel/LandingGear/GearFixed/GearFixed'
[LOG 20:06:28.736] PartLoader: Part 'Squad/Parts/Wheel/LandingGear/GearFixed/GearFixed' has no database record. Creating.
[LOG 20:06:28.736] [DragCubeSystem]: Drag cubes not found or cannot be read for part Part. Generating New drag cubes.
[LOG 20:06:28.737] [KSPCF/DragCubeGeneration] Creating drag cubes for part 'GearFixed'
[LOG 20:06:28.741] PartLoader: Compiling Part 'Squad/Parts/Wheel/LandingGear/GearFree/GearFree'
[LOG 20:06:28.761] PartLoader: Part 'Squad/Parts/Wheel/LandingGear/GearFree/GearFree' has no database record. Creating.
[LOG 20:06:28.761] [DragCubeSystem]: Drag cubes not found or cannot be read for part Part. Generating New drag cubes.
[LOG 20:06:28.761] [KSPCF/DragCubeGeneration] Creating drag cubes for part 'GearFree'
[LOG 20:06:28.766] PartLoader: Compiling Part 'Squad/Parts/Wheel/LandingGear/GearLarge/GearMedium'
[LOG 20:06:28.780] PartLoader: Part 'Squad/Parts/Wheel/LandingGear/GearLarge/GearMedium' has no database record. Creating.
[LOG 20:06:28.780] [DragCubeSystem]: Drag cubes not found or cannot be read for part Part. Generating New drag cubes.
[LOG 20:06:28.780] [KSPCF/DragCubeGeneration] Creating drag cubes for part 'GearMedium'
[LOG 20:06:28.803] PartLoader: Compiling Part 'Squad/Parts/Wheel/LandingGear/GearMedium/GearSmall'
[LOG 20:06:28.813] PartLoader: Part 'Squad/Parts/Wheel/LandingGear/GearMedium/GearSmall' has no database record. Creating.
[LOG 20:06:28.813] [DragCubeSystem]: Drag cubes not found or cannot be read for part Part. Generating New drag cubes.
[LOG 20:06:28.813] [KSPCF/DragCubeGeneration] Creating drag cubes for part 'GearSmall'
[LOG 20:06:28.827] PartLoader: Compiling Part 'Squad/Parts/Wheel/LandingGear/GearSmall/SmallGearBay'
[LOG 20:06:28.840] PartLoader: Part 'Squad/Parts/Wheel/LandingGear/GearSmall/SmallGearBay' has no database record. Creating.
[LOG 20:06:28.840] [DragCubeSystem]: Drag cubes not found or cannot be read for part Part. Generating New drag cubes.
[LOG 20:06:28.840] [KSPCF/DragCubeGeneration] Creating drag cubes for part 'SmallGearBay'
[LOG 20:06:28.855] PartLoader: Compiling Part 'Squad/Parts/Wheel/roverWheelM1/roverWheelM1/roverWheel1'
[LOG 20:06:28.867] PartLoader: Part 'Squad/Parts/Wheel/roverWheelM1/roverWheelM1/roverWheel1' has no database record. Creating.
[LOG 20:06:28.867] [DragCubeSystem]: Drag cubes not found or cannot be read for part Part. Generating New drag cubes.
[LOG 20:06:28.867] [KSPCF/DragCubeGeneration] Creating drag cubes for part 'roverWheel1'
[LOG 20:06:28.874] PartLoader: Compiling Part 'Squad/Parts/Wheel/roverWheelS2/roverWheelS2/roverWheel2'
[LOG 20:06:28.882] PartLoader: Part 'Squad/Parts/Wheel/roverWheelS2/roverWheelS2/roverWheel2' has no database record. Creating.
[LOG 20:06:28.882] [DragCubeSystem]: Drag cubes not found or cannot be read for part Part. Generating New drag cubes.
[LOG 20:06:28.883] [KSPCF/DragCubeGeneration] Creating drag cubes for part 'roverWheel2'
[LOG 20:06:28.889] PartLoader: Compiling Part 'Squad/Parts/Wheel/roverWheelTR-2L/roverWheelTR-2L/wheelMed'
[LOG 20:06:28.896] PartLoader: Part 'Squad/Parts/Wheel/roverWheelTR-2L/roverWheelTR-2L/wheelMed' has no database record. Creating.
[LOG 20:06:28.896] [DragCubeSystem]: Drag cubes not found or cannot be read for part Part. Generating New drag cubes.
[LOG 20:06:28.896] [KSPCF/DragCubeGeneration] Creating drag cubes for part 'wheelMed'
[LOG 20:06:28.902] PartLoader: Compiling Part 'Squad/Parts/Wheel/roverWheelXL3/roverWheelXL3/roverWheel3'
[LOG 20:06:28.913] PartLoader: Part 'Squad/Parts/Wheel/roverWheelXL3/roverWheelXL3/roverWheel3' has no database record. Creating.
[LOG 20:06:28.913] [DragCubeSystem]: Drag cubes not found or cannot be read for part Part. Generating New drag cubes.
[LOG 20:06:28.913] [KSPCF/DragCubeGeneration] Creating drag cubes for part 'roverWheel3'
[LOG 20:06:28.918] PartLoader: Compiling Part 'SquadExpansion/MakingHistory/Parts/Aero/protectiveRocketNoseMk16/rocketNoseCone_size4/rocketNoseConeSize4'
[LOG 20:06:28.922] PartLoader: Part 'SquadExpansion/MakingHistory/Parts/Aero/protectiveRocketNoseMk16/rocketNoseCone_size4/rocketNoseConeSize4' has no database record. Creating.
[LOG 20:06:28.922] [DragCubeSystem]: Drag cubes not found or cannot be read for part Part. Generating New drag cubes.
[LOG 20:06:28.922] [KSPCF/DragCubeGeneration] Creating drag cubes for part 'rocketNoseConeSize4'
[LOG 20:06:28.926] PartLoader: Compiling Part 'SquadExpansion/MakingHistory/Parts/Aero/protectiveRocketNoseMk5A/Size_1_5_Cone/Size_1_5_Cone'
[LOG 20:06:28.930] PartLoader: Part 'SquadExpansion/MakingHistory/Parts/Aero/protectiveRocketNoseMk5A/Size_1_5_Cone/Size_1_5_Cone' has no database record. Creating.
[LOG 20:06:28.930] [DragCubeSystem]: Drag cubes not found or cannot be read for part Part. Generating New drag cubes.
[LOG 20:06:28.930] [KSPCF/DragCubeGeneration] Creating drag cubes for part 'Size.1.5.Cone'
[LOG 20:06:28.934] PartLoader: Compiling Part 'SquadExpansion/MakingHistory/Parts/Coupling/Decoupler_1p5/Decoupler_1p5'
[LOG 20:06:28.939] PartLoader: Part 'SquadExpansion/MakingHistory/Parts/Coupling/Decoupler_1p5/Decoupler_1p5' has no database record. Creating.
[LOG 20:06:28.940] PartLoader: Compiling Part 'SquadExpansion/MakingHistory/Parts/Coupling/Decoupler_4/Decoupler_4'
[LOG 20:06:28.943] PartLoader: Part 'SquadExpansion/MakingHistory/Parts/Coupling/Decoupler_4/Decoupler_4' has no database record. Creating.
[LOG 20:06:28.944] PartLoader: Compiling Part 'SquadExpansion/MakingHistory/Parts/Coupling/EnginePlate_1p5/EnginePlate1p5'
[LOG 20:06:28.953] PartLoader: Part 'SquadExpansion/MakingHistory/Parts/Coupling/EnginePlate_1p5/EnginePlate1p5' has no database record. Creating.
[LOG 20:06:28.953] [DragCubeSystem]: Drag cubes not found or cannot be read for part Part. Generating New drag cubes.
[LOG 20:06:28.953] [KSPCF/DragCubeGeneration] Part 'EnginePlate1p5' has defined a procedural drag cube setup
[LOG 20:06:28.953] PartLoader: Compiling Part 'SquadExpansion/MakingHistory/Parts/Coupling/EnginePlate_2/EnginePlate2'
[LOG 20:06:28.960] PartLoader: Part 'SquadExpansion/MakingHistory/Parts/Coupling/EnginePlate_2/EnginePlate2' has no database record. Creating.
[LOG 20:06:28.960] [DragCubeSystem]: Drag cubes not found or cannot be read for part Part. Generating New drag cubes.
[LOG 20:06:28.960] [KSPCF/DragCubeGeneration] Part 'EnginePlate2' has defined a procedural drag cube setup
[LOG 20:06:28.960] PartLoader: Compiling Part 'SquadExpansion/MakingHistory/Parts/Coupling/EnginePlate_3/EnginePlate3'
[LOG 20:06:28.968] PartLoader: Part 'SquadExpansion/MakingHistory/Parts/Coupling/EnginePlate_3/EnginePlate3' has no database record. Creating.
[LOG 20:06:28.968] [DragCubeSystem]: Drag cubes not found or cannot be read for part Part. Generating New drag cubes.
[LOG 20:06:28.968] [KSPCF/DragCubeGeneration] Part 'EnginePlate3' has defined a procedural drag cube setup
[LOG 20:06:28.968] PartLoader: Compiling Part 'SquadExpansion/MakingHistory/Parts/Coupling/EnginePlate_4/EnginePlate4'
[LOG 20:06:28.974] PartLoader: Part 'SquadExpansion/MakingHistory/Parts/Coupling/EnginePlate_4/EnginePlate4' has no database record. Creating.
[LOG 20:06:28.974] [DragCubeSystem]: Drag cubes not found or cannot be read for part Part. Generating New drag cubes.
[LOG 20:06:28.974] [KSPCF/DragCubeGeneration] Part 'EnginePlate4' has defined a procedural drag cube setup
[LOG 20:06:28.975] PartLoader: Compiling Part 'SquadExpansion/MakingHistory/Parts/Coupling/EnginePlate_5/EnginePlate5'
[LOG 20:06:28.981] PartLoader: Part 'SquadExpansion/MakingHistory/Parts/Coupling/EnginePlate_5/EnginePlate5' has no database record. Creating.
[LOG 20:06:28.981] [DragCubeSystem]: Drag cubes not found or cannot be read for part Part. Generating New drag cubes.
[LOG 20:06:28.981] [KSPCF/DragCubeGeneration] Part 'EnginePlate5' has defined a procedural drag cube setup
[LOG 20:06:28.981] PartLoader: Compiling Part 'SquadExpansion/MakingHistory/Parts/Coupling/InflatableAirlock/InflatableAirlock'
[LOG 20:06:28.986] PartLoader: Part 'SquadExpansion/MakingHistory/Parts/Coupling/InflatableAirlock/InflatableAirlock' has no database record. Creating.
[LOG 20:06:28.986] [DragCubeSystem]: Drag cubes not found or cannot be read for part Part. Generating New drag cubes.
[LOG 20:06:28.986] [KSPCF/DragCubeGeneration] Creating drag cubes for part 'InflatableAirlock'
[LOG 20:06:28.998] PartLoader: Compiling Part 'SquadExpansion/MakingHistory/Parts/Coupling/Separator_1p5/Separator_1p5'
[LOG 20:06:29.003] PartLoader: Part 'SquadExpansion/MakingHistory/Parts/Coupling/Separator_1p5/Separator_1p5' has no database record. Creating.
[LOG 20:06:29.003] PartLoader: Compiling Part 'SquadExpansion/MakingHistory/Parts/Coupling/Separator_4/Separator_4'
[LOG 20:06:29.007] PartLoader: Part 'SquadExpansion/MakingHistory/Parts/Coupling/Separator_4/Separator_4' has no database record. Creating.
[LOG 20:06:29.008] PartLoader: Compiling Part 'SquadExpansion/MakingHistory/Parts/Coupling/Size1p5_Strut_Decoupler/Size1p5_Strut_Decoupler'
[LOG 20:06:29.012] PartLoader: Part 'SquadExpansion/MakingHistory/Parts/Coupling/Size1p5_Strut_Decoupler/Size1p5_Strut_Decoupler' has no database record. Creating.
[LOG 20:06:29.013] PartLoader: Compiling Part 'SquadExpansion/MakingHistory/Parts/Engine/LiquidEngineKE-1/LiquidEngineKE-1'
[LOG 20:06:29.031] PartLoader: Part 'SquadExpansion/MakingHistory/Parts/Engine/LiquidEngineKE-1/LiquidEngineKE-1' has no database record. Creating.
[LOG 20:06:29.031] [DragCubeSystem]: Drag cubes not found or cannot be read for part Part. Generating New drag cubes.
[LOG 20:06:29.031] [KSPCF/DragCubeGeneration] Creating drag cubes for part 'LiquidEngineKE-1'
[LOG 20:06:29.061] PartLoader: Compiling Part 'SquadExpansion/MakingHistory/Parts/Engine/LiquidEngineLV-T91/LiquidEngineLV-T91'
[LOG 20:06:29.072] PartLoader: Part 'SquadExpansion/MakingHistory/Parts/Engine/LiquidEngineLV-T91/LiquidEngineLV-T91' has no database record. Creating.
[LOG 20:06:29.072] [DragCubeSystem]: Drag cubes not found or cannot be read for part Part. Generating New drag cubes.
[LOG 20:06:29.072] [KSPCF/DragCubeGeneration] Creating drag cubes for part 'LiquidEngineLV-T91'
[LOG 20:06:29.094] PartLoader: Compiling Part 'SquadExpansion/MakingHistory/Parts/Engine/LiquidEngineLV-TX87/LiquidEngineLV-TX87'
[LOG 20:06:29.104] PartLoader: Part 'SquadExpansion/MakingHistory/Parts/Engine/LiquidEngineLV-TX87/LiquidEngineLV-TX87' has no database record. Creating.
[LOG 20:06:29.104] [DragCubeSystem]: Drag cubes not found or cannot be read for part Part. Generating New drag cubes.
[LOG 20:06:29.104] [KSPCF/DragCubeGeneration] Creating drag cubes for part 'LiquidEngineLV-TX87'
[LOG 20:06:29.129] PartLoader: Compiling Part 'SquadExpansion/MakingHistory/Parts/Engine/LiquidEngineRE-I2/LiquidEngineRE-I2'
[LOG 20:06:29.140] PartLoader: Part 'SquadExpansion/MakingHistory/Parts/Engine/LiquidEngineRE-I2/LiquidEngineRE-I2' has no database record. Creating.
[LOG 20:06:29.140] [DragCubeSystem]: Drag cubes not found or cannot be read for part Part. Generating New drag cubes.
[LOG 20:06:29.140] [KSPCF/DragCubeGeneration] Creating drag cubes for part 'LiquidEngineRE-I2'
[LOG 20:06:29.165] PartLoader: Compiling Part 'SquadExpansion/MakingHistory/Parts/Engine/LiquidEngineRE-J10/LiquidEngineRE-J10'
[LOG 20:06:29.175] PartLoader: Part 'SquadExpansion/MakingHistory/Parts/Engine/LiquidEngineRE-J10/LiquidEngineRE-J10' has no database record. Creating.
[LOG 20:06:29.175] [DragCubeSystem]: Drag cubes not found or cannot be read for part Part. Generating New drag cubes.
[LOG 20:06:29.175] [KSPCF/DragCubeGeneration] Creating drag cubes for part 'LiquidEngineRE-J10'
[LOG 20:06:29.198] PartLoader: Compiling Part 'SquadExpansion/MakingHistory/Parts/Engine/LiquidEngineRK-7/LiquidEngineRK-7'
[LOG 20:06:29.207] PartLoader: Part 'SquadExpansion/MakingHistory/Parts/Engine/LiquidEngineRK-7/LiquidEngineRK-7' has no database record. Creating.
[LOG 20:06:29.207] [DragCubeSystem]: Drag cubes not found or cannot be read for part Part. Generating New drag cubes.
[LOG 20:06:29.207] [KSPCF/DragCubeGeneration] Creating drag cubes for part 'LiquidEngineRK-7'
[LOG 20:06:29.236] PartLoader: Compiling Part 'SquadExpansion/MakingHistory/Parts/Engine/LiquidEngineRV-1/LiquidEngineRV-1'
[LOG 20:06:29.243] PartLoader: Part 'SquadExpansion/MakingHistory/Parts/Engine/LiquidEngineRV-1/LiquidEngineRV-1' has no database record. Creating.
[LOG 20:06:29.243] [DragCubeSystem]: Drag cubes not found or cannot be read for part Part. Generating New drag cubes.
[LOG 20:06:29.243] [KSPCF/DragCubeGeneration] Creating drag cubes for part 'LiquidEngineRV-1'
[LOG 20:06:29.248] PartLoader: Compiling Part 'SquadExpansion/MakingHistory/Parts/Engine/solidBoosterTHK/solidBoosterTHK/Pollux'
[LOG 20:06:29.255] PartLoader: Part 'SquadExpansion/MakingHistory/Parts/Engine/solidBoosterTHK/solidBoosterTHK/Pollux' has no database record. Creating.
[LOG 20:06:29.255] [DragCubeSystem]: Drag cubes not found or cannot be read for part Part. Generating New drag cubes.
[LOG 20:06:29.255] [KSPCF/DragCubeGeneration] Creating drag cubes for part 'Pollux'
[LOG 20:06:29.261] PartLoader: Compiling Part 'SquadExpansion/MakingHistory/Parts/FuelTank/MonoPropMini/monopropMiniSphere'
[LOG 20:06:29.265] PartLoader: Part 'SquadExpansion/MakingHistory/Parts/FuelTank/MonoPropMini/monopropMiniSphere' has no database record. Creating.
[LOG 20:06:29.265] [DragCubeSystem]: Drag cubes not found or cannot be read for part Part. Generating New drag cubes.
[LOG 20:06:29.265] [KSPCF/DragCubeGeneration] Creating drag cubes for part 'monopropMiniSphere'
[LOG 20:06:29.270] PartLoader: Compiling Part 'SquadExpansion/MakingHistory/Parts/FuelTank/Size1p5_Monoprop/Size1p5_Monoprop'
[LOG 20:06:29.273] PartLoader: Part 'SquadExpansion/MakingHistory/Parts/FuelTank/Size1p5_Monoprop/Size1p5_Monoprop' has no database record. Creating.
[LOG 20:06:29.273] [DragCubeSystem]: Drag cubes not found or cannot be read for part Part. Generating New drag cubes.
[LOG 20:06:29.273] [KSPCF/DragCubeGeneration] Creating drag cubes for part 'Size1p5.Monoprop'
[LOG 20:06:29.278] PartLoader: Compiling Part 'SquadExpansion/MakingHistory/Parts/FuelTank/Size1p5_Size0_Adapter_01/Size1p5_Size0_Adapter_01'
[LOG 20:06:29.281] PartLoader: Part 'SquadExpansion/MakingHistory/Parts/FuelTank/Size1p5_Size0_Adapter_01/Size1p5_Size0_Adapter_01' has no database record. Creating.
[LOG 20:06:29.281] [DragCubeSystem]: Drag cubes not found or cannot be read for part Part. Generating New drag cubes.
[LOG 20:06:29.281] [KSPCF/DragCubeGeneration] Creating drag cubes for part 'Size1p5.Size0.Adapter.01'
[LOG 20:06:29.285] PartLoader: Compiling Part 'SquadExpansion/MakingHistory/Parts/FuelTank/Size1p5_Size1_Adapter_01/Size1p5_Size1_Adapter_01'
[LOG 20:06:29.289] PartLoader: Part 'SquadExpansion/MakingHistory/Parts/FuelTank/Size1p5_Size1_Adapter_01/Size1p5_Size1_Adapter_01' has no database record. Creating.
[LOG 20:06:29.289] [DragCubeSystem]: Drag cubes not found or cannot be read for part Part. Generating New drag cubes.
[LOG 20:06:29.289] [KSPCF/DragCubeGeneration] Creating drag cubes for part 'Size1p5.Size1.Adapter.01'
[LOG 20:06:29.294] PartLoader: Compiling Part 'SquadExpansion/MakingHistory/Parts/FuelTank/Size1p5_Size1_Adapter_02/Size1p5_Size1_Adapter_02'
[LOG 20:06:29.296] PartLoader: Part 'SquadExpansion/MakingHistory/Parts/FuelTank/Size1p5_Size1_Adapter_02/Size1p5_Size1_Adapter_02' has no database record. Creating.
[LOG 20:06:29.296] [DragCubeSystem]: Drag cubes not found or cannot be read for part Part. Generating New drag cubes.
[LOG 20:06:29.296] [KSPCF/DragCubeGeneration] Creating drag cubes for part 'Size1p5.Size1.Adapter.02'
[LOG 20:06:29.302] PartLoader: Compiling Part 'SquadExpansion/MakingHistory/Parts/FuelTank/Size1p5_Size2_Adapter_01/Size1p5_Size2_Adapter_01'
[LOG 20:06:29.307] PartLoader: Part 'SquadExpansion/MakingHistory/Parts/FuelTank/Size1p5_Size2_Adapter_01/Size1p5_Size2_Adapter_01' has no database record. Creating.
[LOG 20:06:29.307] [DragCubeSystem]: Drag cubes not found or cannot be read for part Part. Generating New drag cubes.
[LOG 20:06:29.307] [KSPCF/DragCubeGeneration] Creating drag cubes for part 'Size1p5.Size2.Adapter.01'
[LOG 20:06:29.312] PartLoader: Compiling Part 'SquadExpansion/MakingHistory/Parts/FuelTank/Size1p5_Tank_01/Size1p5_Tank_01'
[LOG 20:06:29.315] PartLoader: Part 'SquadExpansion/MakingHistory/Parts/FuelTank/Size1p5_Tank_01/Size1p5_Tank_01' has no database record. Creating.
[LOG 20:06:29.315] [DragCubeSystem]: Drag cubes not found or cannot be read for part Part. Generating New drag cubes.
[LOG 20:06:29.315] [KSPCF/DragCubeGeneration] Creating drag cubes for part 'Size1p5.Tank.01'
[LOG 20:06:29.319] PartLoader: Compiling Part 'SquadExpansion/MakingHistory/Parts/FuelTank/Size1p5_Tank_02/Size1p5_Tank_02'
[LOG 20:06:29.324] PartLoader: Part 'SquadExpansion/MakingHistory/Parts/FuelTank/Size1p5_Tank_02/Size1p5_Tank_02' has no database record. Creating.
[LOG 20:06:29.324] [DragCubeSystem]: Drag cubes not found or cannot be read for part Part. Generating New drag cubes.
[LOG 20:06:29.324] [KSPCF/DragCubeGeneration] Creating drag cubes for part 'Size1p5.Tank.02'
[LOG 20:06:29.329] PartLoader: Compiling Part 'SquadExpansion/MakingHistory/Parts/FuelTank/Size1p5_Tank_03/Size1p5_Tank_03'
[LOG 20:06:29.332] PartLoader: Part 'SquadExpansion/MakingHistory/Parts/FuelTank/Size1p5_Tank_03/Size1p5_Tank_03' has no database record. Creating.
[LOG 20:06:29.332] [DragCubeSystem]: Drag cubes not found or cannot be read for part Part. Generating New drag cubes.
[LOG 20:06:29.332] [KSPCF/DragCubeGeneration] Creating drag cubes for part 'Size1p5.Tank.03'
[LOG 20:06:29.338] PartLoader: Compiling Part 'SquadExpansion/MakingHistory/Parts/FuelTank/Size1p5_Tank_04/Size1p5_Tank_04'
[LOG 20:06:29.341] PartLoader: Part 'SquadExpansion/MakingHistory/Parts/FuelTank/Size1p5_Tank_04/Size1p5_Tank_04' has no database record. Creating.
[LOG 20:06:29.341] [DragCubeSystem]: Drag cubes not found or cannot be read for part Part. Generating New drag cubes.
[LOG 20:06:29.341] [KSPCF/DragCubeGeneration] Creating drag cubes for part 'Size1p5.Tank.04'
[LOG 20:06:29.346] PartLoader: Compiling Part 'SquadExpansion/MakingHistory/Parts/FuelTank/Size1p5_Tank_05/Size1p5_Tank_05'
[LOG 20:06:29.350] PartLoader: Part 'SquadExpansion/MakingHistory/Parts/FuelTank/Size1p5_Tank_05/Size1p5_Tank_05' has no database record. Creating.
[LOG 20:06:29.350] [DragCubeSystem]: Drag cubes not found or cannot be read for part Part. Generating New drag cubes.
[LOG 20:06:29.350] [KSPCF/DragCubeGeneration] Creating drag cubes for part 'Size1p5.Tank.05'
[LOG 20:06:29.356] PartLoader: Compiling Part 'SquadExpansion/MakingHistory/Parts/FuelTank/Size3_Size4_Adapter_01/Size3_Size4_Adapter_01'
[LOG 20:06:29.361] PartLoader: Part 'SquadExpansion/MakingHistory/Parts/FuelTank/Size3_Size4_Adapter_01/Size3_Size4_Adapter_01' has no database record. Creating.
[LOG 20:06:29.361] [DragCubeSystem]: Drag cubes not found or cannot be read for part Part. Generating New drag cubes.
[LOG 20:06:29.361] [KSPCF/DragCubeGeneration] Creating drag cubes for part 'Size3.Size4.Adapter.01'
[LOG 20:06:29.366] PartLoader: Compiling Part 'SquadExpansion/MakingHistory/Parts/FuelTank/Size4_EngineAdapter_01/Size4_EngineAdapter_01'
[LOG 20:06:29.369] PartLoader: Part 'SquadExpansion/MakingHistory/Parts/FuelTank/Size4_EngineAdapter_01/Size4_EngineAdapter_01' has no database record. Creating.
[LOG 20:06:29.369] [DragCubeSystem]: Drag cubes not found or cannot be read for part Part. Generating New drag cubes.
[LOG 20:06:29.369] [KSPCF/DragCubeGeneration] Creating drag cubes for part 'Size4.EngineAdapter.01'
[LOG 20:06:29.376] PartLoader: Compiling Part 'SquadExpansion/MakingHistory/Parts/FuelTank/Size4_Tank_01/Size4_Tank_01'
[LOG 20:06:29.379] PartLoader: Part 'SquadExpansion/MakingHistory/Parts/FuelTank/Size4_Tank_01/Size4_Tank_01' has no database record. Creating.
[LOG 20:06:29.379] [DragCubeSystem]: Drag cubes not found or cannot be read for part Part. Generating New drag cubes.
[LOG 20:06:29.379] [KSPCF/DragCubeGeneration] Creating drag cubes for part 'Size4.Tank.01'
[LOG 20:06:29.384] PartLoader: Compiling Part 'SquadExpansion/MakingHistory/Parts/FuelTank/Size4_Tank_02/Size4_Tank_02'
[LOG 20:06:29.386] PartLoader: Part 'SquadExpansion/MakingHistory/Parts/FuelTank/Size4_Tank_02/Size4_Tank_02' has no database record. Creating.
[LOG 20:06:29.386] [DragCubeSystem]: Drag cubes not found or cannot be read for part Part. Generating New drag cubes.
[LOG 20:06:29.387] [KSPCF/DragCubeGeneration] Creating drag cubes for part 'Size4.Tank.02'
[LOG 20:06:29.392] PartLoader: Compiling Part 'SquadExpansion/MakingHistory/Parts/FuelTank/Size4_Tank_03/Size4_Tank_03'
[LOG 20:06:29.394] PartLoader: Part 'SquadExpansion/MakingHistory/Parts/FuelTank/Size4_Tank_03/Size4_Tank_03' has no database record. Creating.
[LOG 20:06:29.394] [DragCubeSystem]: Drag cubes not found or cannot be read for part Part. Generating New drag cubes.
[LOG 20:06:29.394] [KSPCF/DragCubeGeneration] Creating drag cubes for part 'Size4.Tank.03'
[LOG 20:06:29.398] PartLoader: Compiling Part 'SquadExpansion/MakingHistory/Parts/FuelTank/Size4_Tank_04/Size4_Tank_04'
[LOG 20:06:29.401] PartLoader: Part 'SquadExpansion/MakingHistory/Parts/FuelTank/Size4_Tank_04/Size4_Tank_04' has no database record. Creating.
[LOG 20:06:29.401] [DragCubeSystem]: Drag cubes not found or cannot be read for part Part. Generating New drag cubes.
[LOG 20:06:29.401] [KSPCF/DragCubeGeneration] Creating drag cubes for part 'Size4.Tank.04'
[LOG 20:06:29.405] PartLoader: Compiling Part 'SquadExpansion/MakingHistory/Parts/Ground/RoverWheel/roverWheelM1-F'
[LOG 20:06:29.415] PartLoader: Part 'SquadExpansion/MakingHistory/Parts/Ground/RoverWheel/roverWheelM1-F' has no database record. Creating.
[LOG 20:06:29.415] [DragCubeSystem]: Drag cubes not found or cannot be read for part Part. Generating New drag cubes.
[LOG 20:06:29.415] [KSPCF/DragCubeGeneration] Creating drag cubes for part 'roverWheelM1-F'
[LOG 20:06:29.429] PartLoader: Compiling Part 'SquadExpansion/MakingHistory/Parts/Payload/fairingSize1p5/fairingSize1p5'
[LOG 20:06:29.439] PartLoader: Part 'SquadExpansion/MakingHistory/Parts/Payload/fairingSize1p5/fairingSize1p5' has no database record. Creating.
[LOG 20:06:29.440] [DragCubeSystem]: Drag cubes not found or cannot be read for part Part. Generating New drag cubes.
[LOG 20:06:29.440] [KSPCF/DragCubeGeneration] Creating drag cubes for part 'fairingSize1p5'
[LOG 20:06:29.444] PartLoader: Compiling Part 'SquadExpansion/MakingHistory/Parts/Payload/fairingSize4/fairingSize4'
[LOG 20:06:29.456] PartLoader: Part 'SquadExpansion/MakingHistory/Parts/Payload/fairingSize4/fairingSize4' has no database record. Creating.
[LOG 20:06:29.456] [DragCubeSystem]: Drag cubes not found or cannot be read for part Part. Generating New drag cubes.
[LOG 20:06:29.456] [KSPCF/DragCubeGeneration] Creating drag cubes for part 'fairingSize4'
[LOG 20:06:29.462] PartLoader: Compiling Part 'SquadExpansion/MakingHistory/Parts/Payload/Size1to0ServiceModule/Size1to0ServiceModule'
[LOG 20:06:29.469] PartLoader: Part 'SquadExpansion/MakingHistory/Parts/Payload/Size1to0ServiceModule/Size1to0ServiceModule' has no database record. Creating.
[LOG 20:06:29.469] [DragCubeSystem]: Drag cubes not found or cannot be read for part Part. Generating New drag cubes.
[LOG 20:06:29.469] [KSPCF/DragCubeGeneration] Part 'Size1to0ServiceModule' has defined a procedural drag cube setup
[LOG 20:06:29.470] PartLoader: Compiling Part 'SquadExpansion/MakingHistory/Parts/Payload/SM18/ServiceModule18'
[LOG 20:06:29.475] PartLoader: Part 'SquadExpansion/MakingHistory/Parts/Payload/SM18/ServiceModule18' has no database record. Creating.
[LOG 20:06:29.476] [DragCubeSystem]: Drag cubes not found or cannot be read for part Part. Generating New drag cubes.
[LOG 20:06:29.476] [KSPCF/DragCubeGeneration] Part 'ServiceModule18' has defined a procedural drag cube setup
[LOG 20:06:29.476] PartLoader: Compiling Part 'SquadExpansion/MakingHistory/Parts/Payload/SM25/ServiceModule25'
[LOG 20:06:29.481] PartLoader: Part 'SquadExpansion/MakingHistory/Parts/Payload/SM25/ServiceModule25' has no database record. Creating.
[LOG 20:06:29.481] [DragCubeSystem]: Drag cubes not found or cannot be read for part Part. Generating New drag cubes.
[LOG 20:06:29.481] [KSPCF/DragCubeGeneration] Part 'ServiceModule25' has defined a procedural drag cube setup
[LOG 20:06:29.482] PartLoader: Compiling Part 'SquadExpansion/MakingHistory/Parts/Pods/KV1Pod/kv1Pod'
[WRN 20:06:29.485] [Part]: Cannot have ModuleCargoPart and ModuleInventoryPart on same Part [kv1Pod'. Removed ModuleCargoPart
[LOG 20:06:29.489] PartLoader: Part 'SquadExpansion/MakingHistory/Parts/Pods/KV1Pod/kv1Pod' has no database record. Creating.
[LOG 20:06:29.490] PartLoader: Compiling Part 'SquadExpansion/MakingHistory/Parts/Pods/KV2Pod/kv2Pod'
[WRN 20:06:29.494] [Part]: Cannot have ModuleCargoPart and ModuleInventoryPart on same Part [kv2Pod'. Removed ModuleCargoPart
[LOG 20:06:29.498] PartLoader: Part 'SquadExpansion/MakingHistory/Parts/Pods/KV2Pod/kv2Pod' has no database record. Creating.
[LOG 20:06:29.500] PartLoader: Compiling Part 'SquadExpansion/MakingHistory/Parts/Pods/KV3Pod/kv3Pod'
[WRN 20:06:29.503] [Part]: Cannot have ModuleCargoPart and ModuleInventoryPart on same Part [kv3Pod'. Removed ModuleCargoPart
[LOG 20:06:29.507] PartLoader: Part 'SquadExpansion/MakingHistory/Parts/Pods/KV3Pod/kv3Pod' has no database record. Creating.
[LOG 20:06:29.509] PartLoader: Compiling Part 'SquadExpansion/MakingHistory/Parts/Pods/Mk2Pod/Mk2Pod'
[WRN 20:06:29.512] [Part]: Cannot have ModuleCargoPart and ModuleInventoryPart on same Part [Mk2Pod'. Removed ModuleCargoPart
[LOG 20:06:29.516] PartLoader: Part 'SquadExpansion/MakingHistory/Parts/Pods/Mk2Pod/Mk2Pod' has no database record. Creating.
[LOG 20:06:29.516] [DragCubeSystem]: Drag cubes not found or cannot be read for part Part. Generating New drag cubes.
[LOG 20:06:29.516] [KSPCF/DragCubeGeneration] Creating drag cubes for part 'Mk2Pod'
[LOG 20:06:29.521] PartLoader: Compiling Part 'SquadExpansion/MakingHistory/Parts/Pods/Size1_5_Lander/MEMLander'
[WRN 20:06:29.528] [Part]: Cannot add ModuleCargoPart as this Part 'MEMLander' already has a ModuleInventoryPart PartModule and they are mutually exclusive.
[LOG 20:06:29.532] PartLoader: Part 'SquadExpansion/MakingHistory/Parts/Pods/Size1_5_Lander/MEMLander' has no database record. Creating.
[LOG 20:06:29.532] [DragCubeSystem]: Drag cubes not found or cannot be read for part Part. Generating New drag cubes.
[LOG 20:06:29.533] [KSPCF/DragCubeGeneration] Creating drag cubes for part 'MEMLander'
[LOG 20:06:29.538] PartLoader: Compiling Part 'SquadExpansion/MakingHistory/Parts/Prebuilt/kerbalEVAfemaleVintage/kerbalEVAfemaleVintage'
[LOG 20:06:29.545] PartLoader: Compiling Part 'SquadExpansion/MakingHistory/Parts/Prebuilt/kerbalEVAVintage/kerbalEVAVintage'
[LOG 20:06:29.551] PartLoader: Compiling Part 'SquadExpansion/MakingHistory/Parts/Structural/EquiTriangle0/EquiTriangle0'
[LOG 20:06:29.557] PartLoader: Part 'SquadExpansion/MakingHistory/Parts/Structural/EquiTriangle0/EquiTriangle0' has no database record. Creating.
[LOG 20:06:29.557] [DragCubeSystem]: Drag cubes not found or cannot be read for part Part. Generating New drag cubes.
[LOG 20:06:29.557] [KSPCF/DragCubeGeneration] Creating drag cubes for part 'EquiTriangle0'
[LOG 20:06:29.561] PartLoader: Compiling Part 'SquadExpansion/MakingHistory/Parts/Structural/EquiTriangle1/EquiTriangle1'
[LOG 20:06:29.566] PartLoader: Part 'SquadExpansion/MakingHistory/Parts/Structural/EquiTriangle1/EquiTriangle1' has no database record. Creating.
[LOG 20:06:29.566] [DragCubeSystem]: Drag cubes not found or cannot be read for part Part. Generating New drag cubes.
[LOG 20:06:29.566] [KSPCF/DragCubeGeneration] Creating drag cubes for part 'EquiTriangle1'
[LOG 20:06:29.570] PartLoader: Compiling Part 'SquadExpansion/MakingHistory/Parts/Structural/EquiTriangle1p5/EquiTriangle1p5'
[LOG 20:06:29.575] PartLoader: Part 'SquadExpansion/MakingHistory/Parts/Structural/EquiTriangle1p5/EquiTriangle1p5' has no database record. Creating.
[LOG 20:06:29.575] [DragCubeSystem]: Drag cubes not found or cannot be read for part Part. Generating New drag cubes.
[LOG 20:06:29.575] [KSPCF/DragCubeGeneration] Creating drag cubes for part 'EquiTriangle1p5'
[LOG 20:06:29.579] PartLoader: Compiling Part 'SquadExpansion/MakingHistory/Parts/Structural/EquiTriangle2/EquiTriangle2'
[LOG 20:06:29.583] PartLoader: Part 'SquadExpansion/MakingHistory/Parts/Structural/EquiTriangle2/EquiTriangle2' has no database record. Creating.
[LOG 20:06:29.583] [DragCubeSystem]: Drag cubes not found or cannot be read for part Part. Generating New drag cubes.
[LOG 20:06:29.583] [KSPCF/DragCubeGeneration] Creating drag cubes for part 'EquiTriangle2'
[LOG 20:06:29.587] PartLoader: Compiling Part 'SquadExpansion/MakingHistory/Parts/Structural/Panel0/Panel0'
[LOG 20:06:29.591] PartLoader: Part 'SquadExpansion/MakingHistory/Parts/Structural/Panel0/Panel0' has no database record. Creating.
[LOG 20:06:29.592] [DragCubeSystem]: Drag cubes not found or cannot be read for part Part. Generating New drag cubes.
[LOG 20:06:29.592] [KSPCF/DragCubeGeneration] Creating drag cubes for part 'Panel0'
[LOG 20:06:29.595] PartLoader: Compiling Part 'SquadExpansion/MakingHistory/Parts/Structural/Panel1/Panel1'
[LOG 20:06:29.600] PartLoader: Part 'SquadExpansion/MakingHistory/Parts/Structural/Panel1/Panel1' has no database record. Creating.
[LOG 20:06:29.600] [DragCubeSystem]: Drag cubes not found or cannot be read for part Part. Generating New drag cubes.
[LOG 20:06:29.600] [KSPCF/DragCubeGeneration] Creating drag cubes for part 'Panel1'
[LOG 20:06:29.604] PartLoader: Compiling Part 'SquadExpansion/MakingHistory/Parts/Structural/Panel1p5/Panel1p5'
[LOG 20:06:29.608] PartLoader: Part 'SquadExpansion/MakingHistory/Parts/Structural/Panel1p5/Panel1p5' has no database record. Creating.
[LOG 20:06:29.608] [DragCubeSystem]: Drag cubes not found or cannot be read for part Part. Generating New drag cubes.
[LOG 20:06:29.608] [KSPCF/DragCubeGeneration] Creating drag cubes for part 'Panel1p5'
[LOG 20:06:29.611] PartLoader: Compiling Part 'SquadExpansion/MakingHistory/Parts/Structural/Panel2/Panel2'
[LOG 20:06:29.616] PartLoader: Part 'SquadExpansion/MakingHistory/Parts/Structural/Panel2/Panel2' has no database record. Creating.
[LOG 20:06:29.616] [DragCubeSystem]: Drag cubes not found or cannot be read for part Part. Generating New drag cubes.
[LOG 20:06:29.616] [KSPCF/DragCubeGeneration] Creating drag cubes for part 'Panel2'
[LOG 20:06:29.620] PartLoader: Compiling Part 'SquadExpansion/MakingHistory/Parts/Structural/Triangle0/Triangle0'
[LOG 20:06:29.623] PartLoader: Part 'SquadExpansion/MakingHistory/Parts/Structural/Triangle0/Triangle0' has no database record. Creating.
[LOG 20:06:29.623] [DragCubeSystem]: Drag cubes not found or cannot be read for part Part. Generating New drag cubes.
[LOG 20:06:29.623] [KSPCF/DragCubeGeneration] Creating drag cubes for part 'Triangle0'
[LOG 20:06:29.628] PartLoader: Compiling Part 'SquadExpansion/MakingHistory/Parts/Structural/Triangle1/Triangle1'
[LOG 20:06:29.632] PartLoader: Part 'SquadExpansion/MakingHistory/Parts/Structural/Triangle1/Triangle1' has no database record. Creating.
[LOG 20:06:29.632] [DragCubeSystem]: Drag cubes not found or cannot be read for part Part. Generating New drag cubes.
[LOG 20:06:29.632] [KSPCF/DragCubeGeneration] Creating drag cubes for part 'Triangle1'
[LOG 20:06:29.636] PartLoader: Compiling Part 'SquadExpansion/MakingHistory/Parts/Structural/Triangle1p5/Triangle1p5'
[LOG 20:06:29.640] PartLoader: Part 'SquadExpansion/MakingHistory/Parts/Structural/Triangle1p5/Triangle1p5' has no database record. Creating.
[LOG 20:06:29.640] [DragCubeSystem]: Drag cubes not found or cannot be read for part Part. Generating New drag cubes.
[LOG 20:06:29.640] [KSPCF/DragCubeGeneration] Creating drag cubes for part 'Triangle1p5'
[LOG 20:06:29.644] PartLoader: Compiling Part 'SquadExpansion/MakingHistory/Parts/Structural/Triangle2/Triangle2'
[LOG 20:06:29.648] PartLoader: Part 'SquadExpansion/MakingHistory/Parts/Structural/Triangle2/Triangle2' has no database record. Creating.
[LOG 20:06:29.648] [DragCubeSystem]: Drag cubes not found or cannot be read for part Part. Generating New drag cubes.
[LOG 20:06:29.648] [KSPCF/DragCubeGeneration] Creating drag cubes for part 'Triangle2'
[LOG 20:06:29.651] PartLoader: Compiling Part 'SquadExpansion/MakingHistory/Parts/Structural/Tube1/Tube1'
[LOG 20:06:29.656] PartLoader: Part 'SquadExpansion/MakingHistory/Parts/Structural/Tube1/Tube1' has no database record. Creating.
[LOG 20:06:29.656] PartLoader: Compiling Part 'SquadExpansion/MakingHistory/Parts/Structural/Tube1p5/Tube1p5'
[LOG 20:06:29.661] PartLoader: Part 'SquadExpansion/MakingHistory/Parts/Structural/Tube1p5/Tube1p5' has no database record. Creating.
[LOG 20:06:29.662] PartLoader: Compiling Part 'SquadExpansion/MakingHistory/Parts/Structural/Tube2/Tube2'
[LOG 20:06:29.666] PartLoader: Part 'SquadExpansion/MakingHistory/Parts/Structural/Tube2/Tube2' has no database record. Creating.
[LOG 20:06:29.667] PartLoader: Compiling Part 'SquadExpansion/MakingHistory/Parts/Structural/Tube3/Tube3'
[LOG 20:06:29.670] PartLoader: Part 'SquadExpansion/MakingHistory/Parts/Structural/Tube3/Tube3' has no database record. Creating.
[LOG 20:06:29.670] PartLoader: Compiling Part 'SquadExpansion/MakingHistory/Parts/Structural/Tube4/Tube4'
[LOG 20:06:29.674] PartLoader: Part 'SquadExpansion/MakingHistory/Parts/Structural/Tube4/Tube4' has no database record. Creating.
[LOG 20:06:29.674] PartLoader: Compiling Part 'SquadExpansion/MakingHistory/Parts/Thermal/HeatShield1p5/HeatShield1p5'
[LOG 20:06:29.680] PartLoader: Part 'SquadExpansion/MakingHistory/Parts/Thermal/HeatShield1p5/HeatShield1p5' has no database record. Creating.
[LOG 20:06:29.680] [DragCubeSystem]: Drag cubes not found or cannot be read for part Part. Generating New drag cubes.
[LOG 20:06:29.680] [KSPCF/DragCubeGeneration] Creating drag cubes for part 'HeatShield1p5'
[LOG 20:06:29.691] PartLoader: Compiling Part 'SquadExpansion/MakingHistory/Parts/Utility/flags/flagSize1p5/flagSize1p5/flagPartSize1p5'
[LOG 20:06:29.697] PartLoader: Part 'SquadExpansion/MakingHistory/Parts/Utility/flags/flagSize1p5/flagSize1p5/flagPartSize1p5' has no database record. Creating.
[LOG 20:06:29.697] [DragCubeSystem]: Drag cubes not found or cannot be read for part Part. Generating New drag cubes.
[LOG 20:06:29.698] [KSPCF/DragCubeGeneration] Creating drag cubes for part 'flagPartSize1p5'
[LOG 20:06:29.702] PartLoader: Compiling Part 'SquadExpansion/MakingHistory/Parts/Utility/flags/flagSize4/flagSize4/flagPartSize4'
[LOG 20:06:29.706] PartLoader: Part 'SquadExpansion/MakingHistory/Parts/Utility/flags/flagSize4/flagSize4/flagPartSize4' has no database record. Creating.
[LOG 20:06:29.707] [DragCubeSystem]: Drag cubes not found or cannot be read for part Part. Generating New drag cubes.
[LOG 20:06:29.707] [KSPCF/DragCubeGeneration] Creating drag cubes for part 'flagPartSize4'
[LOG 20:06:29.711] PartLoader: Compiling Part 'SquadExpansion/Serenity/Parts/Aero/FanShroud_01/FanShroud_01'
[LOG 20:06:29.714] PartLoader: Part 'SquadExpansion/Serenity/Parts/Aero/FanShroud_01/FanShroud_01' has no database record. Creating.
[LOG 20:06:29.714] [DragCubeSystem]: Drag cubes not found or cannot be read for part Part. Generating New drag cubes.
[LOG 20:06:29.714] [KSPCF/DragCubeGeneration] Creating drag cubes for part 'FanShroud.01'
[LOG 20:06:29.718] PartLoader: Compiling Part 'SquadExpansion/Serenity/Parts/Aero/FanShroud_02/FanShroud_02'
[LOG 20:06:29.723] PartLoader: Part 'SquadExpansion/Serenity/Parts/Aero/FanShroud_02/FanShroud_02' has no database record. Creating.
[LOG 20:06:29.723] [DragCubeSystem]: Drag cubes not found or cannot be read for part Part. Generating New drag cubes.
[LOG 20:06:29.723] [KSPCF/DragCubeGeneration] Creating drag cubes for part 'FanShroud.02'
[LOG 20:06:29.727] PartLoader: Compiling Part 'SquadExpansion/Serenity/Parts/Aero/FanShroud_03/FanShroud_03'
[LOG 20:06:29.731] PartLoader: Part 'SquadExpansion/Serenity/Parts/Aero/FanShroud_03/FanShroud_03' has no database record. Creating.
[LOG 20:06:29.731] [DragCubeSystem]: Drag cubes not found or cannot be read for part Part. Generating New drag cubes.
[LOG 20:06:29.731] [KSPCF/DragCubeGeneration] Creating drag cubes for part 'FanShroud.03'
[LOG 20:06:29.735] PartLoader: Compiling Part 'SquadExpansion/Serenity/Parts/Aero/noseconeTiny/noseconeTiny'
[LOG 20:06:29.738] PartLoader: Part 'SquadExpansion/Serenity/Parts/Aero/noseconeTiny/noseconeTiny' has no database record. Creating.
[LOG 20:06:29.738] [DragCubeSystem]: Drag cubes not found or cannot be read for part Part. Generating New drag cubes.
[LOG 20:06:29.738] [KSPCF/DragCubeGeneration] Creating drag cubes for part 'noseconeTiny'
[LOG 20:06:29.742] PartLoader: Compiling Part 'SquadExpansion/Serenity/Parts/Aero/noseconeVS/noseconeVS'
[LOG 20:06:29.745] PartLoader: Part 'SquadExpansion/Serenity/Parts/Aero/noseconeVS/noseconeVS' has no database record. Creating.
[LOG 20:06:29.745] [DragCubeSystem]: Drag cubes not found or cannot be read for part Part. Generating New drag cubes.
[LOG 20:06:29.745] [KSPCF/DragCubeGeneration] Creating drag cubes for part 'noseconeVS'
[LOG 20:06:29.749] PartLoader: Compiling Part 'SquadExpansion/Serenity/Parts/DeployedScience/centralStation/DeployedCentralStation'
[LOG 20:06:29.760] PartLoader: Part 'SquadExpansion/Serenity/Parts/DeployedScience/centralStation/DeployedCentralStation' has no database record. Creating.
[LOG 20:06:29.761] [DragCubeSystem]: Drag cubes not found or cannot be read for part Part. Generating New drag cubes.
[LOG 20:06:29.761] [KSPCF/DragCubeGeneration] Creating drag cubes for part 'DeployedCentralStation'
[LOG 20:06:29.784] PartLoader: Compiling Part 'SquadExpansion/Serenity/Parts/DeployedScience/gooObservation/DeployedGoExOb'
[LOG 20:06:29.794] PartLoader: Part 'SquadExpansion/Serenity/Parts/DeployedScience/gooObservation/DeployedGoExOb' has no database record. Creating.
[LOG 20:06:29.794] [DragCubeSystem]: Drag cubes not found or cannot be read for part Part. Generating New drag cubes.
[LOG 20:06:29.794] [KSPCF/DragCubeGeneration] Creating drag cubes for part 'DeployedGoExOb'
[LOG 20:06:29.819] PartLoader: Compiling Part 'SquadExpansion/Serenity/Parts/DeployedScience/ionCollector/DeployedIONExp'
[LOG 20:06:29.825] PartLoader: Part 'SquadExpansion/Serenity/Parts/DeployedScience/ionCollector/DeployedIONExp' has no database record. Creating.
[LOG 20:06:29.825] [DragCubeSystem]: Drag cubes not found or cannot be read for part Part. Generating New drag cubes.
[LOG 20:06:29.825] [KSPCF/DragCubeGeneration] Creating drag cubes for part 'DeployedIONExp'
[LOG 20:06:29.836] PartLoader: Compiling Part 'SquadExpansion/Serenity/Parts/DeployedScience/rtg/DeployedRTG'
[LOG 20:06:29.844] PartLoader: Part 'SquadExpansion/Serenity/Parts/DeployedScience/rtg/DeployedRTG' has no database record. Creating.
[LOG 20:06:29.844] [DragCubeSystem]: Drag cubes not found or cannot be read for part Part. Generating New drag cubes.
[LOG 20:06:29.844] [KSPCF/DragCubeGeneration] Creating drag cubes for part 'DeployedRTG'
[LOG 20:06:29.856] PartLoader: Compiling Part 'SquadExpansion/Serenity/Parts/DeployedScience/satDish/DeployedSatDish'
[LOG 20:06:29.864] PartLoader: Part 'SquadExpansion/Serenity/Parts/DeployedScience/satDish/DeployedSatDish' has no database record. Creating.
[LOG 20:06:29.865] [DragCubeSystem]: Drag cubes not found or cannot be read for part Part. Generating New drag cubes.
[LOG 20:06:29.865] [KSPCF/DragCubeGeneration] Creating drag cubes for part 'DeployedSatDish'
[LOG 20:06:29.879] PartLoader: Compiling Part 'SquadExpansion/Serenity/Parts/DeployedScience/seismicSensor/DeployedSeismicSensor'
[LOG 20:06:29.884] PartLoader: Part 'SquadExpansion/Serenity/Parts/DeployedScience/seismicSensor/DeployedSeismicSensor' has no database record. Creating.
[LOG 20:06:29.884] [DragCubeSystem]: Drag cubes not found or cannot be read for part Part. Generating New drag cubes.
[LOG 20:06:29.884] [KSPCF/DragCubeGeneration] Creating drag cubes for part 'DeployedSeismicSensor'
[LOG 20:06:29.899] PartLoader: Compiling Part 'SquadExpansion/Serenity/Parts/DeployedScience/solarPanel/DeployedSolarPanel'
[LOG 20:06:29.903] PartLoader: Part 'SquadExpansion/Serenity/Parts/DeployedScience/solarPanel/DeployedSolarPanel' has no database record. Creating.
[LOG 20:06:29.903] [DragCubeSystem]: Drag cubes not found or cannot be read for part Part. Generating New drag cubes.
[LOG 20:06:29.903] [KSPCF/DragCubeGeneration] Creating drag cubes for part 'DeployedSolarPanel'
[LOG 20:06:29.921] PartLoader: Compiling Part 'SquadExpansion/Serenity/Parts/DeployedScience/weatherStation/DeployedWeatherStn'
[LOG 20:06:29.929] PartLoader: Part 'SquadExpansion/Serenity/Parts/DeployedScience/weatherStation/DeployedWeatherStn' has no database record. Creating.
[LOG 20:06:29.929] [DragCubeSystem]: Drag cubes not found or cannot be read for part Part. Generating New drag cubes.
[LOG 20:06:29.929] [KSPCF/DragCubeGeneration] Creating drag cubes for part 'DeployedWeatherStn'
[LOG 20:06:29.952] PartLoader: Compiling Part 'SquadExpansion/Serenity/Parts/Prebuilt/kerbalEVA/kerbalEVA'
[LOG 20:06:29.953] PartLoader: Compiling Part 'SquadExpansion/Serenity/Parts/Prebuilt/kerbalEVAfemale/kerbalEVAfemale'
[LOG 20:06:29.955] PartLoader: Compiling Part 'SquadExpansion/Serenity/Parts/Prebuilt/kerbalEVAfemaleFuture/kerbalEVAfemaleFuture'
[LOG 20:06:29.962] PartLoader: Compiling Part 'SquadExpansion/Serenity/Parts/Prebuilt/kerbalEVAfemaleVintage/kerbalEVAfemaleVintage'
[LOG 20:06:29.964] PartLoader: Compiling Part 'SquadExpansion/Serenity/Parts/Prebuilt/kerbalEVAFuture/kerbalEVAFuture'
[LOG 20:06:29.970] PartLoader: Compiling Part 'SquadExpansion/Serenity/Parts/Prebuilt/kerbalEVASlimSuit/kerbalEVASlimSuit'
[LOG 20:06:29.972] PartLoader: Compiling Part 'SquadExpansion/Serenity/Parts/Prebuilt/kerbalEVASlimSuitFemale/kerbalEVASlimSuitFemale'
[LOG 20:06:29.973] PartLoader: Compiling Part 'SquadExpansion/Serenity/Parts/Prebuilt/kerbalEVAVintage/kerbalEVAVintage'
[LOG 20:06:29.975] PartLoader: Compiling Part 'SquadExpansion/Serenity/Parts/Propellers/largeFanBlade/largeFanBlade'
[LOG 20:06:29.979] PartLoader: Part 'SquadExpansion/Serenity/Parts/Propellers/largeFanBlade/largeFanBlade' has no database record. Creating.
[LOG 20:06:29.979] [DragCubeSystem]: Drag cubes not found or cannot be read for part Part. Generating New drag cubes.
[LOG 20:06:29.979] [KSPCF/DragCubeGeneration] Creating drag cubes for part 'largeFanBlade'
[LOG 20:06:29.993] PartLoader: Compiling Part 'SquadExpansion/Serenity/Parts/Propellers/largeHeliBlade/largeHeliBlade'
[LOG 20:06:29.998] PartLoader: Part 'SquadExpansion/Serenity/Parts/Propellers/largeHeliBlade/largeHeliBlade' has no database record. Creating.
[LOG 20:06:29.998] [DragCubeSystem]: Drag cubes not found or cannot be read for part Part. Generating New drag cubes.
[LOG 20:06:29.998] [KSPCF/DragCubeGeneration] Creating drag cubes for part 'largeHeliBlade'
[LOG 20:06:30.012] PartLoader: Compiling Part 'SquadExpansion/Serenity/Parts/Propellers/largePropeller/largePropeller'
[LOG 20:06:30.022] PartLoader: Part 'SquadExpansion/Serenity/Parts/Propellers/largePropeller/largePropeller' has no database record. Creating.
[LOG 20:06:30.023] [DragCubeSystem]: Drag cubes not found or cannot be read for part Part. Generating New drag cubes.
[LOG 20:06:30.023] [KSPCF/DragCubeGeneration] Creating drag cubes for part 'largePropeller'
[LOG 20:06:30.043] PartLoader: Compiling Part 'SquadExpansion/Serenity/Parts/Propellers/mediumFanBlade/mediumFanBlade'
[LOG 20:06:30.049] PartLoader: Part 'SquadExpansion/Serenity/Parts/Propellers/mediumFanBlade/mediumFanBlade' has no database record. Creating.
[LOG 20:06:30.049] [DragCubeSystem]: Drag cubes not found or cannot be read for part Part. Generating New drag cubes.
[LOG 20:06:30.049] [KSPCF/DragCubeGeneration] Creating drag cubes for part 'mediumFanBlade'
[LOG 20:06:30.075] PartLoader: Compiling Part 'SquadExpansion/Serenity/Parts/Propellers/mediumHeliBlade/mediumHeliBlade'
[LOG 20:06:30.082] PartLoader: Part 'SquadExpansion/Serenity/Parts/Propellers/mediumHeliBlade/mediumHeliBlade' has no database record. Creating.
[LOG 20:06:30.082] [DragCubeSystem]: Drag cubes not found or cannot be read for part Part. Generating New drag cubes.
[LOG 20:06:30.082] [KSPCF/DragCubeGeneration] Creating drag cubes for part 'mediumHeliBlade'
[LOG 20:06:30.105] PartLoader: Compiling Part 'SquadExpansion/Serenity/Parts/Propellers/mediumPropeller/mediumPropeller'
[LOG 20:06:30.110] PartLoader: Part 'SquadExpansion/Serenity/Parts/Propellers/mediumPropeller/mediumPropeller' has no database record. Creating.
[LOG 20:06:30.110] [DragCubeSystem]: Drag cubes not found or cannot be read for part Part. Generating New drag cubes.
[LOG 20:06:30.110] [KSPCF/DragCubeGeneration] Creating drag cubes for part 'mediumPropeller'
[LOG 20:06:30.125] PartLoader: Compiling Part 'SquadExpansion/Serenity/Parts/Propellers/smallFanBlade/smallFanBlade'
[LOG 20:06:30.130] PartLoader: Part 'SquadExpansion/Serenity/Parts/Propellers/smallFanBlade/smallFanBlade' has no database record. Creating.
[LOG 20:06:30.130] [DragCubeSystem]: Drag cubes not found or cannot be read for part Part. Generating New drag cubes.
[LOG 20:06:30.130] [KSPCF/DragCubeGeneration] Creating drag cubes for part 'smallFanBlade'
[LOG 20:06:30.145] PartLoader: Compiling Part 'SquadExpansion/Serenity/Parts/Propellers/smallHeliBlade/smallHeliBlade'
[LOG 20:06:30.150] PartLoader: Part 'SquadExpansion/Serenity/Parts/Propellers/smallHeliBlade/smallHeliBlade' has no database record. Creating.
[LOG 20:06:30.150] [DragCubeSystem]: Drag cubes not found or cannot be read for part Part. Generating New drag cubes.
[LOG 20:06:30.150] [KSPCF/DragCubeGeneration] Creating drag cubes for part 'smallHeliBlade'
[LOG 20:06:30.165] PartLoader: Compiling Part 'SquadExpansion/Serenity/Parts/Propellers/smallPropeller/smallPropeller'
[LOG 20:06:30.170] PartLoader: Part 'SquadExpansion/Serenity/Parts/Propellers/smallPropeller/smallPropeller' has no database record. Creating.
[LOG 20:06:30.170] [DragCubeSystem]: Drag cubes not found or cannot be read for part Part. Generating New drag cubes.
[LOG 20:06:30.170] [KSPCF/DragCubeGeneration] Creating drag cubes for part 'smallPropeller'
[LOG 20:06:30.184] PartLoader: Compiling Part 'SquadExpansion/Serenity/Parts/Robotics/hinge_01/hinge_01'
[LOG 20:06:30.200] PartLoader: Part 'SquadExpansion/Serenity/Parts/Robotics/hinge_01/hinge_01' has no database record. Creating.
[LOG 20:06:30.200] [DragCubeSystem]: Drag cubes not found or cannot be read for part Part. Generating New drag cubes.
[LOG 20:06:30.200] [KSPCF/DragCubeGeneration] Creating drag cubes for part 'hinge.01'
[LOG 20:06:30.205] PartLoader: Compiling Part 'SquadExpansion/Serenity/Parts/Robotics/hinge_01_s/hinge_01_s'
[LOG 20:06:30.211] PartLoader: Part 'SquadExpansion/Serenity/Parts/Robotics/hinge_01_s/hinge_01_s' has no database record. Creating.
[LOG 20:06:30.211] [DragCubeSystem]: Drag cubes not found or cannot be read for part Part. Generating New drag cubes.
[LOG 20:06:30.211] [KSPCF/DragCubeGeneration] Creating drag cubes for part 'hinge.01.s'
[LOG 20:06:30.217] PartLoader: Compiling Part 'SquadExpansion/Serenity/Parts/Robotics/hinge_03/hinge_03'
[LOG 20:06:30.224] PartLoader: Part 'SquadExpansion/Serenity/Parts/Robotics/hinge_03/hinge_03' has no database record. Creating.
[LOG 20:06:30.225] PartLoader: Compiling Part 'SquadExpansion/Serenity/Parts/Robotics/hinge_03_s/hinge_03_s'
[LOG 20:06:30.231] PartLoader: Part 'SquadExpansion/Serenity/Parts/Robotics/hinge_03_s/hinge_03_s' has no database record. Creating.
[LOG 20:06:30.231] PartLoader: Compiling Part 'SquadExpansion/Serenity/Parts/Robotics/hinge_04/hinge_04'
[LOG 20:06:30.237] PartLoader: Part 'SquadExpansion/Serenity/Parts/Robotics/hinge_04/hinge_04' has no database record. Creating.
[LOG 20:06:30.238] PartLoader: Compiling Part 'SquadExpansion/Serenity/Parts/Robotics/piston_01/piston_01'
[LOG 20:06:30.248] PartLoader: Part 'SquadExpansion/Serenity/Parts/Robotics/piston_01/piston_01' has no database record. Creating.
[LOG 20:06:30.250] PartLoader: Compiling Part 'SquadExpansion/Serenity/Parts/Robotics/piston_02/piston_02'
[LOG 20:06:30.256] PartLoader: Part 'SquadExpansion/Serenity/Parts/Robotics/piston_02/piston_02' has no database record. Creating.
[LOG 20:06:30.257] PartLoader: Compiling Part 'SquadExpansion/Serenity/Parts/Robotics/piston_03/piston_03'
[LOG 20:06:30.262] PartLoader: Part 'SquadExpansion/Serenity/Parts/Robotics/piston_03/piston_03' has no database record. Creating.
[LOG 20:06:30.263] PartLoader: Compiling Part 'SquadExpansion/Serenity/Parts/Robotics/piston_04/piston_04'
[LOG 20:06:30.269] PartLoader: Part 'SquadExpansion/Serenity/Parts/Robotics/piston_04/piston_04' has no database record. Creating.
[LOG 20:06:30.269] PartLoader: Compiling Part 'SquadExpansion/Serenity/Parts/Robotics/RotorEngine_02/RotorEngine_02'
[LOG 20:06:30.280] PartLoader: Part 'SquadExpansion/Serenity/Parts/Robotics/RotorEngine_02/RotorEngine_02' has no database record. Creating.
[LOG 20:06:30.280] [DragCubeSystem]: Drag cubes not found or cannot be read for part Part. Generating New drag cubes.
[LOG 20:06:30.280] [KSPCF/DragCubeGeneration] Creating drag cubes for part 'RotorEngine.02'
[LOG 20:06:30.286] PartLoader: Compiling Part 'SquadExpansion/Serenity/Parts/Robotics/RotorEngine_03/RotorEngine_03'
[LOG 20:06:30.297] PartLoader: Part 'SquadExpansion/Serenity/Parts/Robotics/RotorEngine_03/RotorEngine_03' has no database record. Creating.
[LOG 20:06:30.297] [DragCubeSystem]: Drag cubes not found or cannot be read for part Part. Generating New drag cubes.
[LOG 20:06:30.297] [KSPCF/DragCubeGeneration] Creating drag cubes for part 'RotorEngine.03'
[LOG 20:06:30.301] PartLoader: Compiling Part 'SquadExpansion/Serenity/Parts/Robotics/rotor_01/rotor_01'
[LOG 20:06:30.308] PartLoader: Part 'SquadExpansion/Serenity/Parts/Robotics/rotor_01/rotor_01' has no database record. Creating.
[LOG 20:06:30.308] [DragCubeSystem]: Drag cubes not found or cannot be read for part Part. Generating New drag cubes.
[LOG 20:06:30.308] [KSPCF/DragCubeGeneration] Creating drag cubes for part 'rotor.01'
[LOG 20:06:30.312] PartLoader: Compiling Part 'SquadExpansion/Serenity/Parts/Robotics/rotor_01s/rotor_01s'
[LOG 20:06:30.320] PartLoader: Part 'SquadExpansion/Serenity/Parts/Robotics/rotor_01s/rotor_01s' has no database record. Creating.
[LOG 20:06:30.321] [DragCubeSystem]: Drag cubes not found or cannot be read for part Part. Generating New drag cubes.
[LOG 20:06:30.321] [KSPCF/DragCubeGeneration] Creating drag cubes for part 'rotor.01s'
[LOG 20:06:30.325] PartLoader: Compiling Part 'SquadExpansion/Serenity/Parts/Robotics/rotor_02/rotor_02'
[LOG 20:06:30.332] PartLoader: Part 'SquadExpansion/Serenity/Parts/Robotics/rotor_02/rotor_02' has no database record. Creating.
[LOG 20:06:30.333] [DragCubeSystem]: Drag cubes not found or cannot be read for part Part. Generating New drag cubes.
[LOG 20:06:30.333] [KSPCF/DragCubeGeneration] Creating drag cubes for part 'rotor.02'
[LOG 20:06:30.338] PartLoader: Compiling Part 'SquadExpansion/Serenity/Parts/Robotics/rotor_02s/rotor_02s'
[LOG 20:06:30.344] PartLoader: Part 'SquadExpansion/Serenity/Parts/Robotics/rotor_02s/rotor_02s' has no database record. Creating.
[LOG 20:06:30.344] [DragCubeSystem]: Drag cubes not found or cannot be read for part Part. Generating New drag cubes.
[LOG 20:06:30.344] [KSPCF/DragCubeGeneration] Creating drag cubes for part 'rotor.02s'
[LOG 20:06:30.349] PartLoader: Compiling Part 'SquadExpansion/Serenity/Parts/Robotics/rotor_03/rotor_03'
[LOG 20:06:30.356] PartLoader: Part 'SquadExpansion/Serenity/Parts/Robotics/rotor_03/rotor_03' has no database record. Creating.
[LOG 20:06:30.356] [DragCubeSystem]: Drag cubes not found or cannot be read for part Part. Generating New drag cubes.
[LOG 20:06:30.356] [KSPCF/DragCubeGeneration] Creating drag cubes for part 'rotor.03'
[LOG 20:06:30.361] PartLoader: Compiling Part 'SquadExpansion/Serenity/Parts/Robotics/rotor_03s/rotor_03s'
[LOG 20:06:30.370] PartLoader: Part 'SquadExpansion/Serenity/Parts/Robotics/rotor_03s/rotor_03s' has no database record. Creating.
[LOG 20:06:30.370] [DragCubeSystem]: Drag cubes not found or cannot be read for part Part. Generating New drag cubes.
[LOG 20:06:30.370] [KSPCF/DragCubeGeneration] Creating drag cubes for part 'rotor.03s'
[LOG 20:06:30.375] PartLoader: Compiling Part 'SquadExpansion/Serenity/Parts/Robotics/rotoServo_00/rotoServo_00'
[LOG 20:06:30.386] PartLoader: Part 'SquadExpansion/Serenity/Parts/Robotics/rotoServo_00/rotoServo_00' has no database record. Creating.
[LOG 20:06:30.386] [DragCubeSystem]: Drag cubes not found or cannot be read for part Part. Generating New drag cubes.
[LOG 20:06:30.386] [KSPCF/DragCubeGeneration] Creating drag cubes for part 'rotoServo.00'
[LOG 20:06:30.393] PartLoader: Compiling Part 'SquadExpansion/Serenity/Parts/Robotics/rotoServo_02/rotoServo_02'
[LOG 20:06:30.403] PartLoader: Part 'SquadExpansion/Serenity/Parts/Robotics/rotoServo_02/rotoServo_02' has no database record. Creating.
[LOG 20:06:30.403] [DragCubeSystem]: Drag cubes not found or cannot be read for part Part. Generating New drag cubes.
[LOG 20:06:30.403] [KSPCF/DragCubeGeneration] Creating drag cubes for part 'rotoServo.02'
[LOG 20:06:30.408] PartLoader: Compiling Part 'SquadExpansion/Serenity/Parts/Robotics/rotoServo_03/rotoServo_03'
[LOG 20:06:30.414] PartLoader: Part 'SquadExpansion/Serenity/Parts/Robotics/rotoServo_03/rotoServo_03' has no database record. Creating.
[LOG 20:06:30.414] [DragCubeSystem]: Drag cubes not found or cannot be read for part Part. Generating New drag cubes.
[LOG 20:06:30.414] [KSPCF/DragCubeGeneration] Creating drag cubes for part 'rotoServo.03'
[LOG 20:06:30.419] PartLoader: Compiling Part 'SquadExpansion/Serenity/Parts/Robotics/rotoServo_04/rotoServo_04'
[LOG 20:06:30.425] PartLoader: Part 'SquadExpansion/Serenity/Parts/Robotics/rotoServo_04/rotoServo_04' has no database record. Creating.
[LOG 20:06:30.425] [DragCubeSystem]: Drag cubes not found or cannot be read for part Part. Generating New drag cubes.
[LOG 20:06:30.425] [KSPCF/DragCubeGeneration] Creating drag cubes for part 'rotoServo.04'
[LOG 20:06:30.430] PartLoader: Compiling Part 'SquadExpansion/Serenity/Parts/Robotics/Controllers/KAL1000/controller1000'
[LOG 20:06:30.440] PartLoader: Part 'SquadExpansion/Serenity/Parts/Robotics/Controllers/KAL1000/controller1000' has no database record. Creating.
[LOG 20:06:30.440] [DragCubeSystem]: Drag cubes not found or cannot be read for part Part. Generating New drag cubes.
[LOG 20:06:30.440] [KSPCF/DragCubeGeneration] Creating drag cubes for part 'controller1000'
[LOG 20:06:30.445] PartLoader: Compiling Part 'SquadExpansion/Serenity/Parts/Science/RobotArmScanner/RobotArmScanner_S1/RobotArmScanner_S1'
[LOG 20:06:30.460] PartLoader: Part 'SquadExpansion/Serenity/Parts/Science/RobotArmScanner/RobotArmScanner_S1/RobotArmScanner_S1' has no database record. Creating.
[LOG 20:06:30.460] [DragCubeSystem]: Drag cubes not found or cannot be read for part Part. Generating New drag cubes.
[LOG 20:06:30.460] [KSPCF/DragCubeGeneration] Creating drag cubes for part 'RobotArmScanner.S1'
[LOG 20:06:30.476] PartLoader: Compiling Part 'SquadExpansion/Serenity/Parts/Science/RobotArmScanner/RobotArmScanner_S2/RobotArmScanner_S2'
[LOG 20:06:30.484] PartLoader: Part 'SquadExpansion/Serenity/Parts/Science/RobotArmScanner/RobotArmScanner_S2/RobotArmScanner_S2' has no database record. Creating.
[LOG 20:06:30.484] [DragCubeSystem]: Drag cubes not found or cannot be read for part Part. Generating New drag cubes.
[LOG 20:06:30.484] [KSPCF/DragCubeGeneration] Creating drag cubes for part 'RobotArmScanner.S2'
[LOG 20:06:30.500] PartLoader: Compiling Part 'SquadExpansion/Serenity/Parts/Science/RobotArmScanner/RobotArmScanner_S3/RobotArmScanner_S3'
[LOG 20:06:30.507] PartLoader: Part 'SquadExpansion/Serenity/Parts/Science/RobotArmScanner/RobotArmScanner_S3/RobotArmScanner_S3' has no database record. Creating.
[LOG 20:06:30.507] [DragCubeSystem]: Drag cubes not found or cannot be read for part Part. Generating New drag cubes.
[LOG 20:06:30.507] [KSPCF/DragCubeGeneration] Creating drag cubes for part 'RobotArmScanner.S3'
[LOG 20:06:30.524] PartLoader: Compiling Part 'SquadExpansion/Serenity/Parts/Structural/gripPads/lGripPad/lGripPad'
[LOG 20:06:30.533] PartLoader: Part 'SquadExpansion/Serenity/Parts/Structural/gripPads/lGripPad/lGripPad' has no database record. Creating.
[LOG 20:06:30.533] [DragCubeSystem]: Drag cubes not found or cannot be read for part Part. Generating New drag cubes.
[LOG 20:06:30.533] [KSPCF/DragCubeGeneration] Creating drag cubes for part 'lGripPad'
[LOG 20:06:30.544] PartLoader: Compiling Part 'SquadExpansion/Serenity/Parts/Structural/gripPads/lGripStrip/lGripStrip'
[LOG 20:06:30.547] PartLoader: Part 'SquadExpansion/Serenity/Parts/Structural/gripPads/lGripStrip/lGripStrip' has no database record. Creating.
[LOG 20:06:30.547] [DragCubeSystem]: Drag cubes not found or cannot be read for part Part. Generating New drag cubes.
[LOG 20:06:30.547] [KSPCF/DragCubeGeneration] Creating drag cubes for part 'lGripStrip'
[LOG 20:06:30.551] PartLoader: Compiling Part 'SquadExpansion/Serenity/Parts/Structural/gripPads/mGripPad/mGripPad'
[LOG 20:06:30.555] PartLoader: Part 'SquadExpansion/Serenity/Parts/Structural/gripPads/mGripPad/mGripPad' has no database record. Creating.
[LOG 20:06:30.555] [DragCubeSystem]: Drag cubes not found or cannot be read for part Part. Generating New drag cubes.
[LOG 20:06:30.555] [KSPCF/DragCubeGeneration] Creating drag cubes for part 'mGripPad'
[LOG 20:06:30.565] PartLoader: Compiling Part 'SquadExpansion/Serenity/Parts/Structural/gripPads/sGripPad/sGripPad'
[LOG 20:06:30.569] PartLoader: Part 'SquadExpansion/Serenity/Parts/Structural/gripPads/sGripPad/sGripPad' has no database record. Creating.
[LOG 20:06:30.569] [DragCubeSystem]: Drag cubes not found or cannot be read for part Part. Generating New drag cubes.
[LOG 20:06:30.570] [KSPCF/DragCubeGeneration] Creating drag cubes for part 'sGripPad'
[LOG 20:06:30.579] PartLoader: Compiling Part 'SquadExpansion/Serenity/Parts/Structural/gripPads/sGripStrip/sGripStrip'
[LOG 20:06:30.582] PartLoader: Part 'SquadExpansion/Serenity/Parts/Structural/gripPads/sGripStrip/sGripStrip' has no database record. Creating.
[LOG 20:06:30.582] [DragCubeSystem]: Drag cubes not found or cannot be read for part Part. Generating New drag cubes.
[LOG 20:06:30.583] [KSPCF/DragCubeGeneration] Creating drag cubes for part 'sGripStrip'
[LOG 20:06:30.587] PartLoader: Compiling Internal Prop 'Squad/Props/AltimeterThreeHands/prop/AltimeterThreeHands'
[LOG 20:06:30.590] PartLoader: Compiling Internal Prop 'Squad/Props/AtmosphereDepth/prop/AtmosphereDepth'
[LOG 20:06:30.591] PartLoader: Compiling Internal Prop 'Squad/Props/AxisIndicator/pitchConfig/AxisIndicatorPitch'
[LOG 20:06:30.592] PartLoader: Compiling Internal Prop 'Squad/Props/AxisIndicator/rollConfig/AxisIndicatorRoll'
[LOG 20:06:30.593] PartLoader: Compiling Internal Prop 'Squad/Props/AxisIndicator/yawConfig/AxisIndicatorYaw'
[LOG 20:06:30.594] PartLoader: Compiling Internal Prop 'Squad/Props/buttonsGeneric/circularButton/genericCircularButton'
[LOG 20:06:30.595] PartLoader: Compiling Internal Prop 'Squad/Props/buttonsGeneric/clusterButtons/genericClusterButtons'
[LOG 20:06:30.596] PartLoader: Compiling Internal Prop 'Squad/Props/buttonsGeneric/clusterButtons2/genericClusterButtons2'
[LOG 20:06:30.596] PartLoader: Compiling Internal Prop 'Squad/Props/buttonsGeneric/clusterKnob/genericClusterKnobs'
[LOG 20:06:30.597] PartLoader: Compiling Internal Prop 'Squad/Props/buttonsGeneric/clusterKnob2/genericClusterKnobs2'
[LOG 20:06:30.598] PartLoader: Compiling Internal Prop 'Squad/Props/buttonsGeneric/clusterMixed/genericClusterMixed'
[LOG 20:06:30.598] PartLoader: Compiling Internal Prop 'Squad/Props/buttonsGeneric/clusterSwitches01/genericClusterSwitches01'
[LOG 20:06:30.599] PartLoader: Compiling Internal Prop 'Squad/Props/buttonsGeneric/clusterSwitches02/genericClusterSwitches02'
[LOG 20:06:30.599] PartLoader: Compiling Internal Prop 'Squad/Props/buttonsGeneric/clusterSwitches03/genericClusterSwitches03'
[LOG 20:06:30.600] PartLoader: Compiling Internal Prop 'Squad/Props/buttonsGeneric/clusterSwitches04/genericClusterSwitches04'
[LOG 20:06:30.600] PartLoader: Compiling Internal Prop 'Squad/Props/buttonsGeneric/clusterSwitches05/genericClusterSwitches05'
[LOG 20:06:30.601] PartLoader: Compiling Internal Prop 'Squad/Props/buttonsGeneric/clusterSwitches06/genericClusterSwitches06'
[LOG 20:06:30.601] PartLoader: Compiling Internal Prop 'Squad/Props/buttonsGeneric/clusterSwitches07/genericClusterSwitches07'
[LOG 20:06:30.602] PartLoader: Compiling Internal Prop 'Squad/Props/buttonsGeneric/directionalKnob/genericDirectionalKnob'
[LOG 20:06:30.602] PartLoader: Compiling Internal Prop 'Squad/Props/buttonsGeneric/directionalKnob2/genericDirectionalKnob2'
[LOG 20:06:30.603] PartLoader: Compiling Internal Prop 'Squad/Props/buttonsGeneric/pullSwitch/genericPullSwitch'
[LOG 20:06:30.604] PartLoader: Compiling Internal Prop 'Squad/Props/buttonsGeneric/squareButton/genericSquareButton'
[LOG 20:06:30.604] PartLoader: Compiling Internal Prop 'Squad/Props/buttonsGeneric/standingSwitch/genericStandingSwitch'
[LOG 20:06:30.605] PartLoader: Compiling Internal Prop 'Squad/Props/buttonsGeneric/switch/genericSwitch'
[LOG 20:06:30.605] PartLoader: Compiling Internal Prop 'Squad/Props/buttonsGeneric/switchWithGuards/genericSwitchWithGuards'
[LOG 20:06:30.606] PartLoader: Compiling Internal Prop 'Squad/Props/ButtonSquare/prop/ButtonSquare'
[LOG 20:06:30.607] PartLoader: Compiling Internal Prop 'Squad/Props/circularButton/prop/circularButton'
[LOG 20:06:30.608] PartLoader: Compiling Internal Prop 'Squad/Props/Compass/prop/Compass'
[LOG 20:06:30.609] PartLoader: Compiling Internal Prop 'Squad/Props/directionalKnob/prop/directionalKnob'
[LOG 20:06:30.610] PartLoader: Compiling Internal Prop 'Squad/Props/directionalKnob2/prop/directionalKnob2'
[LOG 20:06:30.610] PartLoader: Compiling Internal Prop 'Squad/Props/IndicatorPanel/prop/IndicatorPanel'
[LOG 20:06:30.612] PartLoader: Compiling Internal Prop 'Squad/Props/IVANavBall/prop/NavBall'
[LOG 20:06:30.615] PartLoader: Compiling Internal Prop 'Squad/Props/IVANavBallNoBase/prop/NavBallNoBase'
[LOG 20:06:30.615] PartLoader: Compiling Internal Prop 'Squad/Props/ledPanelSpeed/prop/ledPanelSpeed'
[LOG 20:06:30.617] PartLoader: Compiling Internal Prop 'Squad/Props/Monitor/DockingMode/MonitorDockingMode'
[LOG 20:06:30.618] PartLoader: Compiling Internal Prop 'Squad/Props/NavBall/prop/NavBall'
[LOG 20:06:30.618] PartLoader: Compiling Internal Prop 'Squad/Props/PropsGeneric/Button_DockingMode/Button_DockingMode'
[LOG 20:06:30.619] PartLoader: Compiling Internal Prop 'Squad/Props/PropsGeneric/CargoBagA/CargoBagA'
[LOG 20:06:30.619] PartLoader: Compiling Internal Prop 'Squad/Props/PropsGeneric/CargoBagB/CargoBagB'
[LOG 20:06:30.620] PartLoader: Compiling Internal Prop 'Squad/Props/PropsGeneric/CargoBagC/CargoBagC'
[LOG 20:06:30.621] PartLoader: Compiling Internal Prop 'Squad/Props/PropsGeneric/Hatch_Plane/Hatch_Plane'
[LOG 20:06:30.623] PartLoader: Compiling Internal Prop 'Squad/Props/PropsGeneric/Hatch_Plane_Curve90/Hatch_Plane_Curve90'
[LOG 20:06:30.624] PartLoader: Compiling Internal Prop 'Squad/Props/PropsGeneric/Hatch_Plane_Frame/Hatch_Plane_Frame'
[LOG 20:06:30.625] PartLoader: Compiling Internal Prop 'Squad/Props/PropsGeneric/Seat_Passenger/Seat_Passenger'
[LOG 20:06:30.626] PartLoader: Compiling Internal Prop 'Squad/Props/PropsGeneric/Seat_Pilot/Seat_Pilot'
[LOG 20:06:30.626] PartLoader: Compiling Internal Prop 'Squad/Props/PropsGeneric/Seat_Pilot_Helmet/Seat_Pilot_Helmet'
[LOG 20:06:30.627] PartLoader: Compiling Internal Prop 'Squad/Props/PropsGeneric/SideStick/SideStick'
[LOG 20:06:30.628] PartLoader: Compiling Internal Prop 'Squad/Props/pullSwitch/prop/pullSwitch'
[LOG 20:06:30.629] PartLoader: Compiling Internal Prop 'Squad/Props/radarAltitude/prop/RadarAltimeter'
[LOG 20:06:30.631] PartLoader: Compiling Internal Prop 'Squad/Props/squareButton/prop/squareButton'
[LOG 20:06:30.633] PartLoader: Compiling Internal Prop 'Squad/Props/standingSwitch/prop/standingSwitch'
[LOG 20:06:30.634] PartLoader: Compiling Internal Prop 'Squad/Props/switch/prop/switch'
[LOG 20:06:30.634] PartLoader: Compiling Internal Prop 'Squad/Props/switchGuard/prop/switchGuard'
[LOG 20:06:30.635] PartLoader: Compiling Internal Prop 'Squad/Props/switchWithGuards/prop/switchWithGuards'
[LOG 20:06:30.636] PartLoader: Compiling Internal Prop 'Squad/Props/throttle/prop/throttle'
[LOG 20:06:30.638] PartLoader: Compiling Internal Prop 'Squad/Props/VSI/prop/VSI'
[LOG 20:06:30.639] PartLoader: Compiling Internal Space 'Squad/Spaces/crewCabinInternals/internal/crewCabinInternals'
[LOG 20:06:30.647] PartLoader: Compiling Internal Space 'Squad/Spaces/cupolaInternal/internal/cupolaInternal'
[LOG 20:06:30.660] PartLoader: Compiling Internal Space 'Squad/Spaces/GenericSpace1/internal/GenericSpace1'
[LOG 20:06:30.662] PartLoader: Compiling Internal Space 'Squad/Spaces/GenericSpace3/internal/GenericSpace3'
[LOG 20:06:30.664] PartLoader: Compiling Internal Space 'Squad/Spaces/landerCabinInternals/internal/landerCabinInternals'
[LOG 20:06:30.667] PartLoader: Compiling Internal Space 'Squad/Spaces/landerCabinSmallInternal/internal/landerCabinSmallInternal'
[LOG 20:06:30.670] PartLoader: Compiling Internal Space 'Squad/Spaces/LargeCrewedLabInternals/internal/Mobile_Processing_Lab_Int'
[LOG 20:06:30.672] PartLoader: Compiling Internal Space 'Squad/Spaces/Mk1-3/internal/Mk1-3'
[LOG 20:06:30.679] PartLoader: Compiling Internal Space 'Squad/Spaces/mk1CabinInternal/internal/mk1CabinInternal'
[LOG 20:06:30.684] PartLoader: Compiling Internal Space 'Squad/Spaces/mk1CockpitInternal/internal/mk1CockpitInternal'
[LOG 20:06:30.692] PartLoader: Compiling Internal Space 'Squad/Spaces/mk1InlineInternal/internal/mk1InlineInternal'
[LOG 20:06:30.697] PartLoader: Compiling Internal Space 'Squad/Spaces/mk1PodCockpit/internal/mk1PodCockpit'
[LOG 20:06:30.701] PartLoader: Compiling Internal Space 'Squad/Spaces/mk1pod_IVA/mk1pod_Internal/mk1pod_IVA'
[LOG 20:06:30.707] PartLoader: Compiling Internal Space 'Squad/Spaces/mk2CockpitStandardInternal/internal/mk2CockpitStandardInternals'
[LOG 20:06:30.715] PartLoader: Compiling Internal Space 'Squad/Spaces/Mk2CrewCabinInternal/internal_MK2_CrewCab/MK2_CrewCab_Int'
[LOG 20:06:30.720] PartLoader: Compiling Internal Space 'Squad/Spaces/mk2InlineInternal/internal/mk2InlineInternal'
[LOG 20:06:30.730] PartLoader: Compiling Internal Space 'Squad/Spaces/mk2LanderCanInternal/internal/mk2LanderCanInternal'
[LOG 20:06:30.737] PartLoader: Compiling Internal Space 'Squad/Spaces/MK3CockpitInternal/internal_MK3/MK3_Cockpit_Int'
[LOG 20:06:30.749] PartLoader: Compiling Internal Space 'Squad/Spaces/MK3_CrewCab_Int/internal_MK3_CrewCab/MK3_CrewCab_Int'
[LOG 20:06:30.752] InternalSeat: Cannot find portraitCamera of name 'Camera_Left003'
[LOG 20:06:30.759] PartLoader: Compiling Internal Space 'Squad/Spaces/Placeholder/internal/Placeholder'
[LOG 20:06:30.768] PartLoader: Compiling Internal Space 'Squad/Spaces/PodCockpit/internal/PodCockpit'
[LOG 20:06:30.775] PartLoader: Compiling Internal Space 'SquadExpansion/MakingHistory/Spaces/KVPods/Airlock_Internal/Airlock_IVA'
[LOG 20:06:30.776] PartLoader: Compiling Internal Space 'SquadExpansion/MakingHistory/Spaces/KVPods/KV1_Internal/KV1_IVA'
[LOG 20:06:30.780] PartLoader: Compiling Internal Space 'SquadExpansion/MakingHistory/Spaces/KVPods/KV2_Internal/KV2_IVA'
[LOG 20:06:30.785] PartLoader: Compiling Internal Space 'SquadExpansion/MakingHistory/Spaces/KVPods/KV3_Internal/KV3_IVA'
[LOG 20:06:30.790] PartLoader: Compiling Internal Space 'SquadExpansion/MakingHistory/Spaces/MEM/MEM_IVA/MEM_IVA'
[LOG 20:06:30.798] PartLoader: Compiling Internal Space 'SquadExpansion/MakingHistory/Spaces/Mk2Pod/Mk2Pod_Internal/MK2POD_IVA'
[LOG 20:06:31.576] Assets:
[LOG 20:06:31.576] anim_missionsapp_idle.anim
[LOG 20:06:31.576] anim_missionsapp_idle_warning.anim
[LOG 20:06:31.576] anim_missionsapp_warning.anim
[LOG 20:06:31.576] anim_missionssapp.anim
[LOG 20:06:31.576] animcontroller_missionsappmaster.controller
[LOG 20:06:31.576] app_bg.tif
[LOG 20:06:31.576] app_bottom_gray.tif
[LOG 20:06:31.576] app_divider_pulldown_body.tif
[LOG 20:06:31.576] app_divider_pulldown_footer.tif
[LOG 20:06:31.576] app_divider_pulldown_header.tif
[LOG 20:06:31.576] app_divider_pulldown_header_over.tif
[LOG 20:06:31.576] app_header_gray.tif
[LOG 20:06:31.576] app_missions_icon_active.tif
[LOG 20:06:31.576] app_missions_icon_complete.tif
[LOG 20:06:31.576] app_missions_icon_failed.tif
[LOG 20:06:31.576] app_missions_icon_inactive.tif
[LOG 20:06:31.576] spritesheet_missionsapp.tif
[LOG 20:06:31.576] spritesheet_missionsappwarning.tif
[LOG 20:06:31.576] missionbriefingdialog.prefab
[LOG 20:06:31.577] missionbriefingtag.prefab
[LOG 20:06:31.577] awardwidget.prefab
[LOG 20:06:31.577] missionenddialog.prefab
[LOG 20:06:31.577] missionitemwidget.prefab
[LOG 20:06:31.577] missionplaybutton.prefab
[LOG 20:06:31.577] missionplaydialog.prefab
[LOG 20:06:31.577] missionsteamitemwidget.prefab
[LOG 20:06:31.577] missionvalidationdialog.prefab
[LOG 20:06:31.577] validationentry.prefab
[LOG 20:06:31.577] comettoken.fbx
[LOG 20:06:31.577] comettoken.jpg
[LOG 20:06:31.577] placementegizmo_comet.mat
[LOG 20:06:31.577] placementegizmo_comet_tail.mat
[LOG 20:06:31.577] femalevintagepreview.prefab
[LOG 20:06:31.577] malevintagepreview.prefab
[LOG 20:06:31.577] checkpointentrywidget.prefab
[LOG 20:06:31.577] crewmanagementdialog.prefab
[LOG 20:06:31.577] listitem_vesseltitle.prefab
[LOG 20:06:31.577] missionbrowser.prefab
[LOG 20:06:31.577] missioncheckpointbrowser.prefab
[LOG 20:06:31.577] missioncrewlistitem.prefab
[LOG 20:06:31.577] missionentrywidget.prefab
[LOG 20:06:31.577] missiontemplateentrywidget.prefab
[LOG 20:06:31.577] partcategorizerbutton.prefab
[LOG 20:06:31.577] partselectorbrowser.prefab
[LOG 20:06:31.577] partselectorentry.prefab
[LOG 20:06:31.577] gaputil_vesselframe.prefab
[LOG 20:06:31.577] meguiconnector.prefab
[LOG 20:06:31.578] meguinode.prefab
[LOG 20:06:31.578] meguinodecategorybutton.prefab
[LOG 20:06:31.578] meguinodeicon.prefab
[LOG 20:06:31.578] meguinodeicongroup.prefab
[LOG 20:06:31.578] meguiscrollviewitem.prefab
[LOG 20:06:31.578] meiconloaderbasicnode.prefab
[LOG 20:06:31.578] meiconloadergap.prefab
[LOG 20:06:31.578] meiconloadernodecategorizer.prefab
[LOG 20:06:31.578] menodecanvas.prefab
[LOG 20:06:31.578] missioneditorscreen.prefab
[LOG 20:06:31.578] nodelisttooltip.prefab
[LOG 20:06:31.578] nodelisttooltipextinfolistspacer.prefab
[LOG 20:06:31.578] orbitgizmo.prefab
[LOG 20:06:31.578] biomeshighlight.shader
[LOG 20:06:31.578] projector-surfacegizmo.shader
[LOG 20:06:31.578] scaledplanetbiomeshighlight.shader
[LOG 20:06:31.578] sprites-alwaysover.shader
[LOG 20:06:31.578] ui-unlit-infinite.shader
[LOG 20:06:31.578] ui-unlit-solid.shader
[LOG 20:06:31.578] assetgraph_connectionpoint_inputmark.png
[LOG 20:06:31.578] assetgraph_inputbg.png
[LOG 20:06:31.578] boldly.png
[LOG 20:06:31.579] carpool.png
[LOG 20:06:31.579] frugal.png
[LOG 20:06:31.579] homesick.png
[LOG 20:06:31.579] keys.png
[LOG 20:06:31.579] saint.png
[LOG 20:06:31.579] sinner.png
[LOG 20:06:31.579] thespot.png
[LOG 20:06:31.579] timekeeper.png
[LOG 20:06:31.579] helmetbronze.png
[LOG 20:06:31.579] helmetgold.png
[LOG 20:06:31.579] helmetsilver.png
[LOG 20:06:31.579] action-part-resource-drain.png
[LOG 20:06:31.579] change-part-resource-levels.png
[LOG 20:06:31.579] create-asteroid.png
[LOG 20:06:31.579] create-kerbal.png
[LOG 20:06:31.579] create-vessel.png
[LOG 20:06:31.579] crew-assignment.png
[LOG 20:06:31.579] dialog-message.png
[LOG 20:06:31.579] display-message.png
[LOG 20:06:31.579] fail-part.png
[LOG 20:06:31.579] fly-through.png
[LOG 20:06:31.579] funds-recovery.png
[LOG 20:06:31.579] generic-node.png
[LOG 20:06:31.579] go-to.png
[LOG 20:06:31.579] kerbal-boarded.png
[LOG 20:06:31.579] kerbal-recovery.png
[LOG 20:06:31.579] kerbal-rescue.png
[LOG 20:06:31.580] launch-site.png
[LOG 20:06:31.580] leave-soi.png
[LOG 20:06:31.580] orbit.png
[LOG 20:06:31.580] part-explode.png
[LOG 20:06:31.580] plant-flag.png
[LOG 20:06:31.580] reach-soi.png
[LOG 20:06:31.580] repair-part.png
[LOG 20:06:31.580] resource-amount.png
[LOG 20:06:31.580] resource-recovery.png
[LOG 20:06:31.580] science-experiment.png
[LOG 20:06:31.580] score.png
[LOG 20:06:31.580] take-tourist.png
[LOG 20:06:31.580] test-altitude.png
[LOG 20:06:31.580] test-eva.png
[LOG 20:06:31.580] test-grapple.png
[LOG 20:06:31.580] time-of-flight.png
[LOG 20:06:31.580] time-of-mission.png
[LOG 20:06:31.580] time-since-node.png
[LOG 20:06:31.580] vessel-crashed.png
[LOG 20:06:31.580] vessel-crew-count.png
[LOG 20:06:31.580] vessel-explode.png
[LOG 20:06:31.580] vessel-flying.png
[LOG 20:06:31.580] vessel-landed.png
[LOG 20:06:31.580] vessel-mass.png
[LOG 20:06:31.580] vessel-splashed.png
[LOG 20:06:31.580] vessel-stage-activated.png
[LOG 20:06:31.580] vessel-stage.png
[LOG 20:06:31.581] arrange-graph.png
[LOG 20:06:31.581] builderbuttons_briefing.png
[LOG 20:06:31.581] builderbuttons_reset.png
[LOG 20:06:31.581] builderbuttons_trackingstation.png
[LOG 20:06:31.581] frame-graph.png
[LOG 20:06:31.581] lock.png
[LOG 20:06:31.581] maximize.png
[LOG 20:06:31.581] minimize.png
[LOG 20:06:31.581] pin.png
[LOG 20:06:31.581] pin_down.png
[LOG 20:06:31.581] redo.png
[LOG 20:06:31.581] reset.png
[LOG 20:06:31.581] tracking-station.png
[LOG 20:06:31.581] undo.png
[LOG 20:06:31.581] visible-in-gap.png
[LOG 20:06:31.581] location.png
[LOG 20:06:31.581] logic.png
[LOG 20:06:31.581] science.png
[LOG 20:06:31.581] utility.png
[LOG 20:06:31.581] vessel.png
[LOG 20:06:31.581] eye.png
[LOG 20:06:31.581] iconmb.png
[LOG 20:06:31.581] me_btn_generic_normal.tif
[LOG 20:06:31.581] me_button_generic_normal.tif
[LOG 20:06:31.582] nodecat_bg.png
[LOG 20:06:31.582] nodecat_divider.tif
[LOG 20:06:31.582] nodecat_divider_bottom.tif
[LOG 20:06:31.582] pholderwarningicon.png
[LOG 20:06:31.582] reseticon.png
[LOG 20:06:31.582] validityindicator.controller
[LOG 20:06:31.582] validtyinidicatorpulse.anim
[LOG 20:06:31.582] broadorbittoggle button.png
[LOG 20:06:31.582] maneuvertoggle button.png
[LOG 20:06:31.582] orbitalgizmoicons.png
[LOG 20:06:31.582] reset orbit button.png
[LOG 20:06:31.582] nodelabel.prefab
[LOG 20:06:31.582] kerbaleva_female_exp.prefab
[LOG 20:06:31.582] kerbaleva_rd_exp.prefab
[LOG 20:06:31.582] missioneditorevabody.mat
[LOG 20:06:31.582] missioneditorevabodyalternate.mat
[LOG 20:06:31.582] missioneditorevabodybrown.mat
[LOG 20:06:31.582] missioneditorevaeyeballs.mat
[LOG 20:06:31.582] missioneditorevaeyes.mat
[LOG 20:06:31.582] missioneditorevahead.mat
[LOG 20:06:31.582] missioneditorevahelmet.mat
[LOG 20:06:31.582] missioneditorevahelmetred.mat
[LOG 20:06:31.582] missioneditorevajetpack.mat
[LOG 20:06:31.582] missioneditorevalight.mat
[LOG 20:06:31.582] kbevafemalevintage.prefab
[LOG 20:06:31.582] kbevavintage.prefab
[LOG 20:06:31.582] evalight.fbx
[LOG 20:06:31.582] kbeva@new.fbx
[LOG 20:06:31.582] kbeva@newfem.fbx
[LOG 20:06:31.582] mevahelmetlight.fbx
[LOG 20:06:31.583] evajetpackscondary.dds
[LOG 20:06:31.583] evajetpacksecondary_n.dds
[LOG 20:06:31.583] evalight.png
[LOG 20:06:31.583] kerbalmainnrm.dds
[LOG 20:06:31.583] me_suit_difuse_blue.dds
[LOG 20:06:31.583] me_suit_difuse_low_polybrown.dds
[LOG 20:06:31.583] me_suit_difuse_orange.dds
[LOG 20:06:31.583] kerbalfemalevintage.prefab
[LOG 20:06:31.583] kerbalmalevintage.prefab
[LOG 20:06:31.583] evahelmet.mat
[LOG 20:06:31.583] evatexture.mat
[LOG 20:06:31.583] kerbalgirl_06_basecolor.mat
[LOG 20:06:31.583] kerbalhead.mat
[LOG 20:06:31.583] lambert6.mat
[LOG 20:06:31.583] mat_eyeballs.mat
[LOG 20:06:31.583] mat_eyes01.mat
[LOG 20:06:31.583] material #4.mat
[LOG 20:06:31.583] mesh_female_kerbalastronaut01_kerbalgirl_export_15_lambert20.mat
[LOG 20:06:31.583] mesh_female_kerbalastronaut01_kerbalgirl_export_15_lambert21.mat
[LOG 20:06:31.583] kbfemale_iva_mecanim.fbx
[LOG 20:06:31.583] kbiva_mecanim.fbx
[LOG 20:06:31.583] kerbalicon_eva_female_vintage.tif
[LOG 20:06:31.583] kerbalicon_eva_vintage.tif
[LOG 20:06:31.583] kerbalicon_suit_female_vintage.tif
[LOG 20:06:31.583] kerbalicon_suit_orange_female_vintage.tif
[LOG 20:06:31.583] kerbalicon_suit_orange_vintage.tif
[LOG 20:06:31.583] kerbalicon_suit_vintage.tif
[LOG 20:06:31.583] gap_celestialbody_camerasetup.prefab
[LOG 20:06:31.584] gap_celestialbody_collisionsphere.prefab
[LOG 20:06:31.584] gap_celestialbody_surfacegizmo_area.prefab
[LOG 20:06:31.584] gap_celestialbody_surfacegizmo_basic.prefab
[LOG 20:06:31.584] gap_celestialbody_surfacegizmo_icon.prefab
[LOG 20:06:31.584] gap_celestialbody_surfacegizmo_vessel.prefab
[LOG 20:06:31.584] gap_celestialbody_surfacegizmo_volume.prefab
[LOG 20:06:31.584] gap_proceduralasteroid.prefab
[LOG 20:06:31.584] gap_proceduralcomet.prefab
[LOG 20:06:31.584] gapbuttonprefab.prefab
[LOG 20:06:31.584] gapkerbal_femaleveteran.prefab
[LOG 20:06:31.584] gapkerbal_femaleveteran_vintage.prefab
[LOG 20:06:31.584] gapkerbal_male_slimsuit.prefab
[LOG 20:06:31.584] gapkerbal_maleveteran.prefab
[LOG 20:06:31.584] gapkerbal_maleveteran_vintage.prefab
[LOG 20:06:31.584] gapscrollablesidebarbutton.prefab
[LOG 20:06:31.584] gapsidebarbutton.prefab
[LOG 20:06:31.584] gaptoggleprefab.prefab
[LOG 20:06:31.584] gaputil_biselector.prefab
[LOG 20:06:31.584] gaputil_celestialbody.prefab
[LOG 20:06:31.584] vesseldisplay_camerasetup.prefab
[LOG 20:06:31.584] desert_airfield.prefab
[LOG 20:06:31.584] desert_groundobjects.prefab
[LOG 20:06:31.584] desert_launch_site.prefab
[LOG 20:06:31.584] larkes.prefab
[LOG 20:06:31.584] floor bottom.mat
[LOG 20:06:31.584] floor top.mat
[LOG 20:06:31.585] legs.mat
[LOG 20:06:31.585] ramp.mat
[LOG 20:06:31.585] stairs grid lights pivot.mat
[LOG 20:06:31.585] supports 1.mat
[LOG 20:06:31.585] supports 2.mat
[LOG 20:06:31.585] tunnels.mat
[LOG 20:06:31.585] floor bottom.dds
[LOG 20:06:31.585] floor top.dds
[LOG 20:06:31.585] floor top_normal.dds
[LOG 20:06:31.585] legs.dds
[LOG 20:06:31.585] ramp.dds
[LOG 20:06:31.585] stairs grid lights pivot.dds
[LOG 20:06:31.585] supports 1.dds
[LOG 20:06:31.585] supports 2.dds
[LOG 20:06:31.585] tunnels.dds
[LOG 20:06:31.585] diffuse.mat
[LOG 20:06:31.585] floor bottom_base_color.mat
[LOG 20:06:31.585] floor top_base_color.mat
[LOG 20:06:31.585] legs_base_color.mat
[LOG 20:06:31.585] ramp_base_color.mat
[LOG 20:06:31.585] stairs grid lights pivot_base_colormodpsd.mat
[LOG 20:06:31.585] stairs_grid_lights_pivot_base_color.mat
[LOG 20:06:31.585] supports 1_base_color.mat
[LOG 20:06:31.585] supports 2_base_color.mat
[LOG 20:06:31.585] tunnels_base_color.mat
[LOG 20:06:31.585] mobilelaunchpad_19.fbx
[LOG 20:06:31.585] pontoons.fbx
[LOG 20:06:31.585] pontoons_diffuse.dds
[LOG 20:06:31.585] ramp_normal.png
[LOG 20:06:31.585] 1001_base_color.mat
[LOG 20:06:31.586] desert groundtransition.mat
[LOG 20:06:31.586] desert groundtransition_highquality.mat
[LOG 20:06:31.586] desert groundtransition_lowquality.mat
[LOG 20:06:31.586] desert groundtransition_mediumquality.mat
[LOG 20:06:31.586] desert groundtransition_ultraquality.mat
[LOG 20:06:31.586] desert runway sand.mat
[LOG 20:06:31.586] desert runway stone.mat
[LOG 20:06:31.586] mobilelaunchpad.prefab
[LOG 20:06:31.586] woomerang_groundobjects.prefab
[LOG 20:06:31.586] woomerang_launch_site.prefab
[LOG 20:06:31.587] Scenes:
[LOG 20:06:31.587] kspMissionEditor.unity
[LOG 20:06:40.451] Assets:
[LOG 20:06:40.452] appanim_missionsapp.prefab
[LOG 20:06:40.452] cascading_body_missionheader.prefab
[LOG 20:06:40.452] cascading_body_missioninfo.prefab
[LOG 20:06:40.452] cascading_body_missionobjective.prefab
[LOG 20:06:40.452] cascading_body_missionsvesselheader.prefab
[LOG 20:06:40.452] cascading_body_missionsvesselitem.prefab
[LOG 20:06:40.452] cascading_body_settingsbutton.prefab
[LOG 20:06:40.452] cascading_body_settingstoggle.prefab
[LOG 20:06:40.452] missionsapp.prefab
[LOG 20:06:40.452] axislimitline.prefab
[LOG 20:06:40.452] controlleraction.prefab
[LOG 20:06:40.452] controlleraxis.prefab
[LOG 20:06:40.452] controllerwindow.prefab
[LOG 20:06:40.452] curvepanelpoint.prefab
[LOG 20:06:40.452] curvepanelpointaction.prefab
[LOG 20:06:40.452] axis_align_ends.png
[LOG 20:06:40.452] axis_clamp_values.png
[LOG 20:06:40.452] axis_copy.png
[LOG 20:06:40.452] axis_flip_horizontal.png
[LOG 20:06:40.452] axis_flip_vertical.png
[LOG 20:06:40.452] axis_move_down-trackrow.png
[LOG 20:06:40.452] axis_move_down.png
[LOG 20:06:40.452] axis_move_up-trackrow.png
[LOG 20:06:40.452] axis_move_up.png
[LOG 20:06:40.452] axis_paste.png
[LOG 20:06:40.452] axis_preset_flat.png
[LOG 20:06:40.452] axis_preset_sawtooth.png
[LOG 20:06:40.453] axis_preset_sine.png
[LOG 20:06:40.453] axis_preset_square.png
[LOG 20:06:40.453] axis_preset_triangle.png
[LOG 20:06:40.453] axis_select_all.png
[LOG 20:06:40.453] background_squared_inset.png
[LOG 20:06:40.453] close.png
[LOG 20:06:40.453] direction_forward.png
[LOG 20:06:40.453] direction_reverse.png
[LOG 20:06:40.453] edit.png
[LOG 20:06:40.453] fieldlimitline.png
[LOG 20:06:40.453] keyframe_add.png
[LOG 20:06:40.453] keyframe_clamp_value.png
[LOG 20:06:40.453] keyframe_delete.png
[LOG 20:06:40.453] keyframe_linear.png
[LOG 20:06:40.453] keyframe_smooth.png
[LOG 20:06:40.453] keyframe_step_backward.png
[LOG 20:06:40.453] keyframe_step_forward.png
[LOG 20:06:40.453] line.png
[LOG 20:06:40.453] line_dashed.png
[LOG 20:06:40.453] loop_pingpong.png
[LOG 20:06:40.453] loop_playonce.png
[LOG 20:06:40.453] loop_repeat.png
[LOG 20:06:40.453] node.png
[LOG 20:06:40.453] node_circle.png
[LOG 20:06:40.453] node_square.png
[LOG 20:06:40.453] pause.png
[LOG 20:06:40.453] play.png
[LOG 20:06:40.453] pointer.png
[LOG 20:06:40.453] remove-axis.png
[LOG 20:06:40.453] remove_key.png
[LOG 20:06:40.454] resize_icon.png
[LOG 20:06:40.454] sequence_resize_button_states.png
[LOG 20:06:40.454] sequence_resize_maintain.png
[LOG 20:06:40.454] sequence_resize_scale.png
[LOG 20:06:40.454] sequence_speed.png
[LOG 20:06:40.454] tracking_editor_button_states.png
[LOG 20:06:40.454] femalefuturepreview.prefab
[LOG 20:06:40.454] malefuturepreview.prefab
[LOG 20:06:40.454] kbfemale@controlpanel_a.fbx
[LOG 20:06:40.454] kbfemale@controlpanel_b.fbx
[LOG 20:06:40.454] kbfemale@controlpanel_c.fbx
[LOG 20:06:40.454] kbfemale@rocksample.fbx
[LOG 20:06:40.454] hammerfemale.fbx
[LOG 20:06:40.454] hammermale.fbx
[LOG 20:06:40.454] kbeva@controlpanel_a.fbx
[LOG 20:06:40.454] kbeva@controlpanel_b.fbx
[LOG 20:06:40.454] kbeva@controlpanel_c.fbx
[LOG 20:06:40.454] kbeva@rocksample.fbx
[LOG 20:06:40.454] kerbaleva_female_future.prefab
[LOG 20:06:40.454] kerbaleva_rd_future.prefab
[LOG 20:06:40.454] futureevabody.mat
[LOG 20:06:40.454] futureevabodyalternate.mat
[LOG 20:06:40.454] futureevajetpack.mat
[LOG 20:06:40.454] futureevalight.mat
[LOG 20:06:40.454] futurehelmet.mat
[LOG 20:06:40.454] kbevafemalefuture.prefab
[LOG 20:06:40.454] kbevafuture.prefab
[LOG 20:06:40.454] kbeva@new.fbx
[LOG 20:06:40.454] kbeva@newfem.fbx
[LOG 20:06:40.455] mevahelmetlight.fbx
[LOG 20:06:40.455] serenityfemaleeva.fbx
[LOG 20:06:40.455] serenityflares.fbx
[LOG 20:06:40.455] serenitymaleeva.fbx
[LOG 20:06:40.455] evajetpacknrm.dds
[LOG 20:06:40.455] futuresuit_diffuse_orange.dds
[LOG 20:06:40.455] futuresuit_diffuse_whiteblue.dds
[LOG 20:06:40.455] futuresuit_diffuse_whiteorange.dds
[LOG 20:06:40.455] futuresuit_emissive.dds
[LOG 20:06:40.455] futuresuit_evalight.png
[LOG 20:06:40.455] futuresuitmainnrm.dds
[LOG 20:06:40.455] ksp_ig_jetpack_diffuse.jpg
[LOG 20:06:40.455] kerbalfemalefuture.prefab
[LOG 20:06:40.455] kerbalmalefuture.prefab
[LOG 20:06:40.455] futuresuit_diffuse.mat
[LOG 20:06:40.455] serenityfemaleiva.fbx
[LOG 20:06:40.455] serenitymaleiva.fbx
[LOG 20:06:40.455] kerbalicon_eva_female_future.tif
[LOG 20:06:40.455] kerbalicon_eva_future.tif
[LOG 20:06:40.455] kerbalicon_suit_female_future.tif
[LOG 20:06:40.456] kerbalicon_suit_future.tif
[LOG 20:06:40.456] kerbalicon_suit_orange_female_future.tif
[LOG 20:06:40.456] kerbalicon_suit_orange_future.tif
[LOG 20:06:40.456] bottom_emissor.mat
[LOG 20:06:40.456] burst_emissor.mat
[LOG 20:06:40.456] burstprojectiles_emissor.mat
[LOG 20:06:40.456] constantburst_emissor.mat
[LOG 20:06:40.456] snowflakes_emissor.mat
[LOG 20:06:40.456] vapor_emissor.mat
[LOG 20:06:40.456] base_0.mat
[LOG 20:06:40.456] base_1.mat
[LOG 20:06:40.456] base_2.mat
[LOG 20:06:40.456] base_3_1.mat
[LOG 20:06:40.456] base_3_2.mat
[LOG 20:06:40.456] vapor.mat
[LOG 20:06:40.456] burst.png
[LOG 20:06:40.456] cloud2.png
[LOG 20:06:40.456] v1.png
[LOG 20:06:40.456] v2.png
[LOG 20:06:40.456] v3.png
[LOG 20:06:40.456] v5.png
[LOG 20:06:40.456] gapkerbal_female_future.prefab
[LOG 20:06:40.456] gapkerbal_male_future.prefab
[LOG 20:06:40.456] hammerfemale.prefab
[LOG 20:06:40.456] hammermale.prefab
[LOG 20:06:40.456] bopgravelpile.prefab
[LOG 20:06:40.456] bopgravelpile.fbx
[LOG 20:06:40.456] bop_gravel pile_d.mat
[LOG 20:06:40.456] lambert1.mat
[LOG 20:06:40.457] bop_gravel pile_d.png
[LOG 20:06:40.457] bop_gravel pile_d.tga
[LOG 20:06:40.457] bop_gravel pile_n.png
[LOG 20:06:40.457] bop_gravel pile_s.png
[LOG 20:06:40.457] drescrater.prefab
[LOG 20:06:40.457] dresmeteorite.prefab
[LOG 20:06:40.457] drescrater.fbx
[LOG 20:06:40.457] dresmeteorite.fbx
[LOG 20:06:40.457] dres_crater_d.mat
[LOG 20:06:40.457] dres_meteorite_d.mat
[LOG 20:06:40.457] lambert1.mat
[LOG 20:06:40.457] dres_crater_d.tga
[LOG 20:06:40.457] dres_crater_n.png
[LOG 20:06:40.457] dres_meteorite_d.tga
[LOG 20:06:40.457] dres_meteorite_n.png
[LOG 20:06:40.457] dunablueberries.prefab
[LOG 20:06:40.457] dunadune.prefab
[LOG 20:06:40.457] dunameteorite.prefab
[LOG 20:06:40.457] dunastone.prefab
[LOG 20:06:40.457] dunaasteroid.fbx
[LOG 20:06:40.457] dunablueberries.fbx
[LOG 20:06:40.457] dunadune.fbx
[LOG 20:06:40.457] dunastone.fbx
[LOG 20:06:40.457] duna_asteroid_d.mat
[LOG 20:06:40.457] duna_dune_d.mat
[LOG 20:06:40.457] duna_stone_d.mat
[LOG 20:06:40.457] dune_blueberries_d.mat
[LOG 20:06:40.457] lambert1.mat
[LOG 20:06:40.457] duna_asteroid_d.tga
[LOG 20:06:40.457] duna_asteroid_n.png
[LOG 20:06:40.458] duna_dune_d.tga
[LOG 20:06:40.458] duna_dune_n.tga
[LOG 20:06:40.458] duna_stone_d.tga
[LOG 20:06:40.458] duna_stone_n.png
[LOG 20:06:40.458] dune_blueberries_d.tga
[LOG 20:06:40.458] dune_blueberries_n.png
[LOG 20:06:40.458] eelooberg.prefab
[LOG 20:06:40.458] eeloobrownboulder.prefab
[LOG 20:06:40.458] eelooicechunk.prefab
[LOG 20:06:40.458] eelooberg.fbx
[LOG 20:06:40.458] eelooboulder.fbx
[LOG 20:06:40.458] eelooicechunk.fbx
[LOG 20:06:40.458] eeloo_alien_glacier_d.mat
[LOG 20:06:40.458] eeloo_brown_ boulder_d.mat
[LOG 20:06:40.458] eeloo_ice chunk_d.mat
[LOG 20:06:40.458] lambert1.mat
[LOG 20:06:40.458] eeloo_alien_glacier_d.tga
[LOG 20:06:40.458] eeloo_alien_glacier_e.tga
[LOG 20:06:40.458] eeloo_alien_glacier_n.png
[LOG 20:06:40.458] eeloo_brown_ boulder_d.tga
[LOG 20:06:40.458] eeloo_brown_ boulder_n.png
[LOG 20:06:40.458] eeloo_ice chunk_d.tga
[LOG 20:06:40.458] eeloo_ice chunk_e.tga
[LOG 20:06:40.458] eeloo_ice chunk_n.png
[LOG 20:06:40.458] eeloo_ice chunk_s.tga
[LOG 20:06:40.458] evebasaltformation.prefab
[LOG 20:06:40.458] evepancakedome.prefab
[LOG 20:06:40.458] evevolcanicrock.prefab
[LOG 20:06:40.458] evebasaltformation.fbx
[LOG 20:06:40.458] evepancakeformation.fbx
[LOG 20:06:40.458] evevolcanicrock.fbx
[LOG 20:06:40.459] eve basalt formation_d.mat
[LOG 20:06:40.459] eve pancake formation_d.mat
[LOG 20:06:40.459] eve volcanic rock_d.mat
[LOG 20:06:40.459] lambert1.mat
[LOG 20:06:40.459] eve basalt formation_d.tga
[LOG 20:06:40.459] eve basalt formation_n.tga
[LOG 20:06:40.459] eve pancake formation_d.tga
[LOG 20:06:40.459] eve pancake formation_e.png
[LOG 20:06:40.459] eve pancake formation_n.png
[LOG 20:06:40.459] eve volcanic rock_d.tga
[LOG 20:06:40.459] eve volcanic rock_n.png
[LOG 20:06:40.459] gillyridgeline.fbx
[LOG 20:06:40.459] gilly ridegeline_d.mat
[LOG 20:06:40.459] lambert1.mat
[LOG 20:06:40.459] gillyridgeline.prefab
[LOG 20:06:40.459] gilly ridegeline_d.tga
[LOG 20:06:40.459] gilly ridegeline_n.png
[LOG 20:06:40.459] dunaejecta.prefab
[LOG 20:06:40.459] ikedunaejecta.fbx
[LOG 20:06:40.459] ike_duna_ejecta_mat.mat
[LOG 20:06:40.459] ike duna ejecta_d.tga
[LOG 20:06:40.459] ike duna ejecta_n.png
[LOG 20:06:40.459] kerbinbaobabtree.fbx
[LOG 20:06:40.459] kerbinquartz.fbx
[LOG 20:06:40.459] baobaptree.mat
[LOG 20:06:40.459] kerbin_baobab_tree_d.mat
[LOG 20:06:40.459] kerbin_boabob_tree_d.mat
[LOG 20:06:40.459] kerbin_giant_quartz_d.mat
[LOG 20:06:40.459] lambert1.mat
[LOG 20:06:40.460] lambert2.mat
[LOG 20:06:40.460] kerbinbaobabtree.prefab
[LOG 20:06:40.460] kerbinquartz.prefab
[LOG 20:06:40.460] kerbin_baobab_tree_alpha.png
[LOG 20:06:40.460] kerbin_baobab_tree_d.tga
[LOG 20:06:40.460] kerbin_baobab_tree_n.png
[LOG 20:06:40.460] kerbin_giant_quartz_d.tga
[LOG 20:06:40.460] kerbin_giant_quartz_e.tga
[LOG 20:06:40.460] kerbin_giant_quartz_n.tga
[LOG 20:06:40.460] kerbin_giant_quartz_s.tga
[LOG 20:06:40.460] laytheboulder.fbx
[LOG 20:06:40.460] laythegeyser.fbx
[LOG 20:06:40.460] laythestone.fbx
[LOG 20:06:40.460] lambert1.mat
[LOG 20:06:40.460] laythe_boulder_d.mat
[LOG 20:06:40.460] laythe_geyser_d.mat
[LOG 20:06:40.460] laythe_stone_d.mat
[LOG 20:06:40.460] laytheboulder.prefab
[LOG 20:06:40.460] laythegeyser.prefab
[LOG 20:06:40.460] laythestone.prefab
[LOG 20:06:40.460] laythe_boulder_d.tga
[LOG 20:06:40.460] laythe_boulder_n.png
[LOG 20:06:40.460] laythe_geyser_d.tga
[LOG 20:06:40.460] laythe_geyser_n.png
[LOG 20:06:40.460] laythe_stone_d.tga
[LOG 20:06:40.460] laythe_stone_n.png
[LOG 20:06:40.460] greensandstone.fbx
[LOG 20:06:40.460] lambert1.mat
[LOG 20:06:40.460] minmus_green_sandstone_d.mat
[LOG 20:06:40.460] minmus_olivine_formation_d.mat
[LOG 20:06:40.461] minmusolivineformation.fbx
[LOG 20:06:40.461] minmus_greensandstone.prefab
[LOG 20:06:40.461] minmus_olivineformation.prefab
[LOG 20:06:40.461] minmus_green_sandstone_d.tga
[LOG 20:06:40.461] minmus_green_sandstone_n.png
[LOG 20:06:40.461] minmus_olivine_formation_d.tga
[LOG 20:06:40.461] minmus_olivine_formation_n.png
[LOG 20:06:40.461] lambert1.mat
[LOG 20:06:40.461] moho wrinkleridge_d.mat
[LOG 20:06:40.461] moho_stone_d.mat
[LOG 20:06:40.461] mohostone.fbx
[LOG 20:06:40.461] mohowrinkleridge.fbx
[LOG 20:06:40.461] mohostone.prefab
[LOG 20:06:40.461] mohowrinkleridge.prefab
[LOG 20:06:40.461] moho wrinkleridge_d.tga
[LOG 20:06:40.461] moho wrinkleridge_e.png
[LOG 20:06:40.461] moho wrinkleridge_n.png
[LOG 20:06:40.461] moho_stone_d.tga
[LOG 20:06:40.461] moho_stone_n.png
[LOG 20:06:40.461] lambert1.mat
[LOG 20:06:40.461] mun_crater_d.mat
[LOG 20:06:40.461] mun_large_crater_d.mat
[LOG 20:06:40.461] mun_stone_d.mat
[LOG 20:06:40.461] muncrater.fbx
[LOG 20:06:40.461] munlargecrater.fbx
[LOG 20:06:40.461] munstone.fbx
[LOG 20:06:40.461] muncrater.prefab
[LOG 20:06:40.461] munlargecrater.prefab
[LOG 20:06:40.461] munstone.prefab
[LOG 20:06:40.462] mun_crater_d.tga
[LOG 20:06:40.462] mun_crater_n.png
[LOG 20:06:40.462] mun_large_crater_d.tga
[LOG 20:06:40.462] mun_large_crater_n.png
[LOG 20:06:40.462] mun_stone_d.tga
[LOG 20:06:40.462] mun_stone_n.png
[LOG 20:06:40.462] lambert1.mat
[LOG 20:06:40.462] pol_yellowstone_d.mat
[LOG 20:06:40.462] polyellowstone.fbx
[LOG 20:06:40.462] pol_yellowstones.prefab
[LOG 20:06:40.462] pol_yellowstone_d.png
[LOG 20:06:40.462] pol_yellowstone_n.png
[LOG 20:06:40.462] lambert1.mat
[LOG 20:06:40.462] tylo_checkerboard_d.mat
[LOG 20:06:40.462] tylo_dark boulder_d.mat
[LOG 20:06:40.462] tylo_light_d.mat
[LOG 20:06:40.462] tyloboulder.fbx
[LOG 20:06:40.462] tylocheckerboard.fbx
[LOG 20:06:40.462] tylolightstone.fbx
[LOG 20:06:40.462] tylo_ checkerboard_n.png
[LOG 20:06:40.462] tylo_checkerboard_d.png
[LOG 20:06:40.462] tylo_dark boulder_d.tga
[LOG 20:06:40.462] tylo_dark boulder_n.png
[LOG 20:06:40.462] tylo_light_d.tga
[LOG 20:06:40.462] tylo_light_n.png
[LOG 20:06:40.462] tylocheckerboard.prefab
[LOG 20:06:40.462] tylodarkboulder.prefab
[LOG 20:06:40.462] tylolightstone.prefab
[LOG 20:06:40.462] cryovolcano_d.mat
[LOG 20:06:40.462] lambert1.mat
[LOG 20:06:40.463] vallicechunk_d.mat
[LOG 20:06:40.463] vallstone_d.mat
[LOG 20:06:40.463] vall_cryovolcano.fbx
[LOG 20:06:40.463] vall_icechunk.fbx
[LOG 20:06:40.463] vall_stone.fbx
[LOG 20:06:40.463] cryovolcano_d.tga
[LOG 20:06:40.463] cryovolcano_e.png
[LOG 20:06:40.463] cryovolcano_n.jpg
[LOG 20:06:40.463] cryovolcano_s.jpg
[LOG 20:06:40.463] vallicechunk_d.jpg
[LOG 20:06:40.463] vallicechunk_e.jpg
[LOG 20:06:40.463] vallicechunk_n.jpg
[LOG 20:06:40.463] vallicechunk_s.jpg
[LOG 20:06:40.463] vallstone_d.jpg
[LOG 20:06:40.463] vallstone_e.jpg
[LOG 20:06:40.463] vallstone_n.jpg
[LOG 20:06:40.463] vallstone_s.jpg
[LOG 20:06:40.463] vallcryovolcano.prefab
[LOG 20:06:40.463] vallicechunk.prefab
[LOG 20:06:40.463] vallstone.prefab
[LOG 20:06:40.463] vfx_spark.mat
[LOG 20:06:40.463] vfx_welding_flare.mat
[LOG 20:06:40.463] cometdustmaterial.mat
[LOG 20:06:40.463] cometgeysermat.mat
[LOG 20:06:40.471] GetTypesOfModulesImplementingInterface2: Found 69 types with IPartModuleAdjuster interface in 7 assemblies.
[LOG 20:06:40.478] GetSubclassesOfParentClass: Found 0 types with ModuleActiveRadiator parent in 7 assemblies.
[LOG 20:06:40.485] GetSubclassesOfParentClass: Found 0 types with ModuleAlternator parent in 7 assemblies.
[LOG 20:06:40.491] GetSubclassesOfParentClass: Found 1 types with ModuleControlSurface parent in 7 assemblies.
[LOG 20:06:40.497] GetSubclassesOfParentClass: Found 0 types with ModuleDataTransmitter parent in 7 assemblies.
[LOG 20:06:40.503] GetSubclassesOfParentClass: Found 0 types with ModuleDeployableSolarPanel parent in 7 assemblies.
[LOG 20:06:40.510] GetSubclassesOfParentClass: Found 1 types with ModuleEngines parent in 7 assemblies.
[LOG 20:06:40.518] GetSubclassesOfParentClass: Found 0 types with ModuleGenerator parent in 7 assemblies.
[LOG 20:06:40.524] GetSubclassesOfParentClass: Found 0 types with ModuleGimbal parent in 7 assemblies.
[LOG 20:06:40.530] GetSubclassesOfParentClass: Found 2 types with ModuleLiftingSurface parent in 7 assemblies.
[LOG 20:06:40.537] GetSubclassesOfParentClass: Found 0 types with ModuleLight parent in 7 assemblies.
[LOG 20:06:40.543] GetSubclassesOfParentClass: Found 0 types with ModuleReactionWheel parent in 7 assemblies.
[LOG 20:06:40.550] GetSubclassesOfParentClass: Found 0 types with ModuleSAS parent in 7 assemblies.
[LOG 20:06:40.557] GetSubclassesOfParentClass: Found 0 types with ModuleWheelBrakes parent in 7 assemblies.
[LOG 20:06:40.564] GetSubclassesOfParentClass: Found 1 types with ModuleWheelMotor parent in 7 assemblies.
[LOG 20:06:40.564] GetSubclassesOfParentClass: Using cached results for ModuleActiveRadiator
[LOG 20:06:40.571] GetSubclassesOfParentClass: Found 0 types with ModuleAnchoredDecoupler parent in 7 assemblies.
[LOG 20:06:40.576] GetSubclassesOfParentClass: Found 0 types with ModuleCargoBay parent in 7 assemblies.
[LOG 20:06:40.576] GetSubclassesOfParentClass: Using cached results for ModuleControlSurface
[LOG 20:06:40.576] GetSubclassesOfParentClass: Using cached results for ModuleDataTransmitter
[LOG 20:06:40.582] GetSubclassesOfParentClass: Found 0 types with ModuleDecouple parent in 7 assemblies.
[LOG 20:06:40.588] GetSubclassesOfParentClass: Found 4 types with ModuleDeployablePart parent in 7 assemblies.
[LOG 20:06:40.594] GetSubclassesOfParentClass: Found 0 types with ModuleDockingNode parent in 7 assemblies.
[LOG 20:06:40.594] GetSubclassesOfParentClass: Using cached results for ModuleEngines
[LOG 20:06:40.600] GetSubclassesOfParentClass: Found 0 types with CModuleFuelLine parent in 7 assemblies.
[LOG 20:06:40.606] GetSubclassesOfParentClass: Found 0 types with ModuleGPS parent in 7 assemblies.
[LOG 20:06:40.612] GetSubclassesOfParentClass: Found 0 types with ModuleGrappleNode parent in 7 assemblies.
[LOG 20:06:40.612] GetSubclassesOfParentClass: Using cached results for ModuleGrappleNode
[LOG 20:06:40.618] GetSubclassesOfParentClass: Found 0 types with ModuleKerbNetAccess parent in 7 assemblies.
[LOG 20:06:40.618] GetSubclassesOfParentClass: Using cached results for ModuleLight
[LOG 20:06:40.618] GetSubclassesOfParentClass: Using cached results for ModuleLight
[LOG 20:06:40.625] GetSubclassesOfParentClass: Found 0 types with ModuleProbeControlPoint parent in 7 assemblies.
[LOG 20:06:40.639] GetSubclassesOfParentClass: Found 1 types with ModuleRCS parent in 7 assemblies.
[LOG 20:06:40.640] GetSubclassesOfParentClass: Using cached results for ModuleRCS
[LOG 20:06:40.640] GetSubclassesOfParentClass: Using cached results for ModuleReactionWheel
[LOG 20:06:40.640] GetSubclassesOfParentClass: Using cached results for ModuleReactionWheel
[LOG 20:06:40.672] GetSubclassesOfParentClass: Found 0 types with ModuleResourceIntake parent in 7 assemblies.
[LOG 20:06:40.684] GetSubclassesOfParentClass: Found 0 types with ModuleScienceExperiment parent in 7 assemblies.
[LOG 20:06:40.691] GetSubclassesOfParentClass: Found 0 types with ModuleToggleCrossfeed parent in 7 assemblies.
[LOG 20:06:40.697] GetSubclassesOfParentClass: Found 0 types with ModuleWheelDeployment parent in 7 assemblies.
[LOG 20:06:40.733] ExpansionsLoader: Expansions loaded in 9.860s
[LOG 20:06:40.733] Loading Systems: Elapsed time is 50.63235s
[LOG 20:06:44.115] [AddonLoader]: Instantiating addon 'KSPCFFastLoaderPSystemSetup' from assembly 'KSPCommunityFixes'
[LOG 20:06:44.444] [Agent]: Found 19 agent mentality types
[LOG 20:06:44.446] [AgentList]: 31 agents parsed and loaded.
[LOG 20:06:44.484] [UIMasterController]: HideUI
[LOG 20:06:44.570] [CelestialBody]: Kerbin's solar day length is 1d, 0h, 0m long. sidereal day length is 5h, 59m, 9s long
[LOG 20:06:50.429] [UIMasterController]: HideUI
[LOG 20:06:50.436] [HighLogic]: =========================== Scene Change : From LOADING to MAINMENU =====================
[LOG 20:06:51.072] [AddonLoader]: Instantiating addon 'ContractDefs' from assembly 'KSP'
[LOG 20:06:51.100] [AddonLoader]: Instantiating addon 'KSPCFFastLoaderReport' from assembly 'KSPCommunityFixes'
[LOG 20:06:51.127] [UIMasterController]: ShowUI
[LOG 20:06:51.384] [GameParameters]: Loaded custom parameter class CommNetParams.
[LOG 20:06:51.995] [GameParameters]: Loaded custom parameter class MissionParamsGeneral.
[LOG 20:06:51.995] [GameParameters]: Loaded custom parameter class MissionParamsFacilities.
[LOG 20:06:51.995] [GameParameters]: Loaded custom parameter class MissionParamsExtras.
[LOG 20:06:51.995] [GameParameters]: Loaded custom parameter class AdvancedParams.
[LOG 20:06:52.016] [ReflectionUtil]: Found 40 types with UpgradeModule attribute in 7 assemblies.
[LOG 20:06:52.034] [KSPCF:FastLoader] Intel(R) Core(TM) i7-4790K CPU @ 4.00GHz | 32687 MB | NVIDIA GeForce GTX 1060 6GB (6029 MB)
Total loading time to main menu : 65.903s
- Configs and assemblies loaded in 12.158s
- Configs reload done in 1.153s
- Configs translated in 0.017s
- 2337 assets loaded in 20.972s :
  - 86 audio assets (79.689 MiB) in 1.016s, 78.473 MiB/s
  - 1624 texture assets (1.293 GiB) in 15.220s, 87.023 MiB/s
  - 626 model assets (64.41 MiB) in 4.735s, 13.603 MiB/s
- Asset bundles loaded in 0.511s
- GameDatabase (configs, resources, traits, upgrades...) loaded in 0.066s
- Built-in parts copied in 0.021s
- Part and internal configs extracted in 0.001s
- 483 parts and 1927 modules compiled in 7.034s
  - 4.0 modules/part, 14.563 ms/part, 3.650 ms/module
  - PartIcon compilation : 1.100s
- 27 internal spaces and 56 props compiled in 0.218s
- 2 DLC (Making History, Breaking Ground) loaded in 9.888s
- Planetary system loaded in 7.725s
[LOG 20:06:52.034] Texture queries : 1709, slow path : 1 (0.06 %)
[LOG 20:06:52.038] [ModuleManager] Total loading Time = 54.014s
[LOG 20:06:52.082] [ScenarioTypes]: List Created 23 scenario types loaded from 7 loaded assemblies.
[WRN 20:06:52.090] File 'D:/KSP-Dev/KSP_x64_Data/../Missions/MissionScoreInfo.cfg' does not exist
[LOG 20:06:52.093] [ApplicationLauncher] Awake False
[LOG 20:06:52.093] [ApplicationLauncher] SpawnSimpleLayout: VerticalTopDown
[LOG 20:06:52.107] [UiApp] Awake: 
[LOG 20:06:52.108] [ApplicationLauncher] OnSceneLoadedGUIReady: scene MAINMENU ShouldBeVisible() True ShouldBeOnTop() True iIsPositionedAtTop True
[LOG 20:06:52.128] [UIApp] Adding  to Application Launcher
[LOG 20:06:52.132] [ApplicationLauncher] SetHidden: 
[LOG 20:06:52.137] [MessageSystem] OnAppInitialized
[LOG 20:06:52.137] [MessageSystem] Reposition 0.0400181 28462
[LOG 20:06:56.778] [KSPUpgradePipeline]: claude (1.12.5) is up to date.
[LOG 20:06:56.786] [ExperienceSystem]: Found 0 trait types
[LOG 20:06:56.792] [ExperienceSystem]: Found 20 effect types
[LOG 20:06:56.824] [ScenarioTypes]: List Created 23 scenario types loaded from 7 loaded assemblies.
[LOG 20:06:56.844] Game State Saved to saves/claude/persistent
[LOG 20:06:56.854] [MessageSystem] Load Messages
[LOG 20:06:56.857] [UIMasterController]: HideUI
[LOG 20:06:56.858] [HighLogic]: =========================== Scene Change : From MAINMENU to SPACECENTER =====================
[LOG 20:06:57.270] [AddonLoader]: Instantiating addon 'CustomConfigsManager' from assembly 'ModuleManager'
[LOG 20:07:00.170] [UIMasterController]: ShowUI
[LOG 20:07:00.460] [SceneLoadSpeedBoost] Save loaded from disk in 3ms
[LOG 20:07:00.473] GetSubclassesOfParentClass: Found 7 types with AlarmTypeBase parent in 7 assemblies.
[LOG 20:07:00.482] Loading Depletion Nodes
[LOG 20:07:00.482] DepNodeCount:  0
[LOG 20:07:00.482] Loading Biome Nodes
[LOG 20:07:00.482] BiomeNodeCount:  0
[LOG 20:07:00.483] Loading Planet Nodes
[LOG 20:07:00.483] PlanetNodeCount:  0
[LOG 20:07:00.498] [ScenarioDestructibles]: Loading... 0 objects registered
[LOG 20:07:00.618] [UiApp] Awake: KSPedia
[LOG 20:07:00.618] [UiApp] Awake: Missions App
[LOG 20:07:00.618] [UiApp] Awake: AlarmClock
[LOG 20:07:00.618] [GenericAppFrame] Reposition 0 30100
[LOG 20:07:00.619] [ApplicationLauncher] OnSceneLoadedGUIReady: scene SPACECENTER ShouldBeVisible() True ShouldBeOnTop() False iIsPositionedAtTop True
[LOG 20:07:00.619] [ApplicationLauncher] SpawnSimpleLayout: HorizontalRightLeft
[LOG 20:07:00.622] [ApplicationLauncher] SetVisible: 
[LOG 20:07:00.663] [UIApp] OnDestroy: Contracts
[LOG 20:07:00.672] [MessageSystem] Reposition 0.02 30101
[LOG 20:07:00.672] [GenericAppFrame] Reposition 0.02 30101
[LOG 20:07:00.672] [GenericAppFrame] Reposition 0.02 30101
[LOG 20:07:00.798] [UIApp] Adding AlarmClock to Application Launcher
[LOG 20:07:00.799] [UIApp] Adding Missions App to Application Launcher
[LOG 20:07:00.826] [GenericAppFrame] Reposition 0.090489 30107
[LOG 20:07:00.831] [MissionsApp] OnAppStarted(): id: -383456
[LOG 20:07:00.831] MissionsApp does not execute in this game mode, destroying this instance
[LOG 20:07:00.831] [UIApp] OnDestroy: Missions App
[LOG 20:07:00.842] [UIApp] Adding KSPedia to Application Launcher
[LOG 20:07:06.553] Game Paused!
[LOG 20:07:06.554] [UIMasterController]: ShowUI
[LOG 20:07:11.463] [KSPUpgradePipeline]: claude (1.12.5) is up to date.
[LOG 20:07:11.472] [ScenarioTypes]: List Created 23 scenario types loaded from 7 loaded assemblies.
[LOG 20:07:11.472] [MessageSystem] Load Messages
[LOG 20:07:11.476] [UIMasterController]: HideUI
[LOG 20:07:11.485] [HighLogic]: =========================== Scene Change : From SPACECENTER to FLIGHT =====================
[LOG 20:07:11.487] Game Unpaused!
[LOG 20:07:11.808] [UIApp] OnDestroy: KSPedia
[LOG 20:07:11.808] [UIApp] OnDestroy: AlarmClock
[LOG 20:07:11.813] [KSPCF:MemoryLeaks] Removed a onPlanetariumTargetChange callback owned by a destroyed Assembly-CSharp:CommNetVessel instance
[LOG 20:07:11.823] [KSPCF:MemoryLeaks] Leaving scene "SpaceCenter", cleaned 5 memory leaks in 0.013s. GameEvents callbacks : 471. Allocated memory : 673.469 MiB (managed heap), 2.194 GiB (unmanaged)
[LOG 20:07:11.835] UICanvasPrefabSpawner FlightUI spawning Flight
[LOG 20:07:11.868] UICanvasPrefabSpawner FlightUI spawning VesselLabels
[LOG 20:07:11.868] [UiApp] Awake: ResourceDisplay
[LOG 20:07:11.951] [AddonLoader]: Instantiating addon 'AeroGUI' from assembly 'KSP'
[LOG 20:07:11.965] [AddonLoader]: Instantiating addon 'TerrainPrecisionFixDiagMod' from assembly 'TerrainPrecisionFixDiagMod'
[LOG 20:07:11.967] [PlanetariumCamera]: Focus: Kerbin
[LOG 20:07:11.968] [UIMasterController]: HideUI
[LOG 20:07:12.268] [UIMasterController]: HideUI
[LOG 20:07:12.268] ------------------- initializing flight mode... ------------------
[LOG 20:07:12.270] GetSubclassesOfParentClass: Using cached results for AlarmTypeBase
[LOG 20:07:12.270] Loading Depletion Nodes
[LOG 20:07:12.270] DepNodeCount:  0
[LOG 20:07:12.270] Loading Biome Nodes
[LOG 20:07:12.270] BiomeNodeCount:  0
[LOG 20:07:12.270] Loading Planet Nodes
[LOG 20:07:12.270] PlanetNodeCount:  0
[LOG 20:07:12.272] [ScenarioDestructibles]: Loading... 0 objects registered
[LOG 20:07:12.304] Target vessel index: 1  vessel count: 7
[LOG 20:07:12.305] [FLIGHT GLOBALS]: Switching To Vessel Vaisseau sans nom ---------------------- 
[LOG 20:07:12.307] setting new dominant body: Kerbin
FlightGlobals.mainBody: Kerbin
[LOG 20:07:12.308] Reference Frame: Rotating
[WRN 20:07:12.318] [Part]: Cannot have ModuleCargoPart and ModuleInventoryPart on same Part [Vaisseau sans nom (unloaded)'. Removed ModuleCargoPart
[LOG 20:07:12.329] [Vaisseau sans nom]: landed - waiting for ground contact to resume physics...
[LOG 20:07:12.341] Camera Mode: AUTO
[LOG 20:07:14.990] all systems started
[LOG 20:07:15.261] [UiApp] Awake: CurrencyWidgetsApp
[LOG 20:07:15.261] [UiApp] Awake: ResourceDisplay
[LOG 20:07:15.261] [UiApp] Awake: KSPedia
[LOG 20:07:15.261] [UiApp] Awake: Missions App
[LOG 20:07:15.261] [UiApp] Awake: DeltaVApp
[LOG 20:07:15.261] [UiApp] Awake: ActionGroupsApp
[LOG 20:07:15.261] [UiApp] Awake: Construction
[LOG 20:07:15.261] [UiApp] Awake: Cargo
[LOG 20:07:15.261] [UiApp] Awake: AlarmClock
[LOG 20:07:15.261] [UiApp] Awake: ManeuverTool
[LOG 20:07:15.262] [ApplicationLauncher] OnSceneLoadedGUIReady: scene FLIGHT ShouldBeVisible() True ShouldBeOnTop() True iIsPositionedAtTop False
[LOG 20:07:15.262] [ApplicationLauncher] SpawnSimpleLayout: VerticalTopDown
[LOG 20:07:15.265] [KnowledgeBase] OnAppLauncherReady 32510
[LOG 20:07:15.278] [UIApp] OnDestroy: Contracts
[LOG 20:07:15.322] [FlightIntegrator]: Reloaded drag cube for zeroed cube root part mk1pod.v2 (Vaisseau sans nom) on vessel Vaisseau sans nom
[LOG 20:07:15.336] [MessageSystem] Reposition 0.02 32511
[LOG 20:07:15.336] [GenericAppFrame] Reposition 0.02 32511
[LOG 20:07:15.337] [GenericAppFrame] Reposition 0.02 32511
[LOG 20:07:15.429] [PlanetariumCamera]: Focus: Vaisseau sans nom
[LOG 20:07:15.452] [UIApp] Adding ResourceDisplay to Application Launcher
[LOG 20:07:15.453] [UIApp] Adding ResourceDisplay to Application Launcher
[LOG 20:07:15.463] [ResourceDisplay] OnAppStarted(): id: -406686
[LOG 20:07:15.464] [GenericAppFrame] Reposition 0.1314764 32515
[LOG 20:07:15.465] [ResourceDisplay] OnAppStarted(): id: 264296
[LOG 20:07:15.465] ResourceDisplay already exist, destroying this instance
[LOG 20:07:15.465] [UIApp] OnDestroy: ResourceDisplay
[LOG 20:07:15.480] [UIApp] Adding AlarmClock to Application Launcher
[LOG 20:07:15.481] [UIApp] Adding ActionGroupsApp to Application Launcher
[LOG 20:07:15.482] [UIApp] Adding Missions App to Application Launcher
[LOG 20:07:15.483] CURRENCY WIDGET False False False
[LOG 20:07:15.484] [UIApp] OnDestroy: CurrencyWidgetsApp
[LOG 20:07:15.504] [GenericAppFrame] Reposition 0.1608618 32517
[LOG 20:07:15.507] [ActionGroupsApp] OnAppStarted(): id: -406710
[LOG 20:07:15.508] [GenericAppFrame] Reposition 0.1608618 32517
[LOG 20:07:15.509] [UIApp] Adding DeltaVApp to Application Launcher
[LOG 20:07:15.510] [MissionsApp] OnAppStarted(): id: -406698
[LOG 20:07:15.510] MissionsApp does not execute in this game mode, destroying this instance
[LOG 20:07:15.510] [UIApp] OnDestroy: Missions App
[LOG 20:07:15.522] [GenericAppFrame] Reposition 0.1889058 32518
[LOG 20:07:15.531] [UIApp] Adding Cargo to Application Launcher
[LOG 20:07:15.533] [UIApp] Adding Construction to Application Launcher
[LOG 20:07:15.534] [UIApp] Adding KSPedia to Application Launcher
[WRN 20:07:15.542] HighlightingSystem : Framebuffer depth data is not available and can't be used to occlude highlighting. Highlighting occluders enabled.
[LOG 20:07:15.553] [UIApp] Adding ManeuverTool to Application Launcher
[LOG 20:07:15.556] [ApplicationLauncher] SetHidden: 
[LOG 20:07:15.571] [GenericAppFrame] Reposition 0.2359847 32521
[LOG 20:07:15.579] [ManeuverTool]: Found 1 transfer types
[LOG 20:07:15.634] Flight State Captured
[LOG 20:07:15.638] Saving Achievements Tree...
[LOG 20:07:15.638] Saving Achievements Tree...
[LOG 20:07:15.641] [MessageSystem] Save Messages
[LOG 20:07:15.653] Game State Saved as persistent
[LOG 20:07:16.325] Unpacking Vaisseau sans nom
[LOG 20:07:16.338] [UIMasterController]: ShowUI
[LOG 20:07:21.185] Flight State Captured
[LOG 20:07:21.185] Saving Achievements Tree...
[LOG 20:07:21.185] Saving Achievements Tree...
[LOG 20:07:21.185] [MessageSystem] Save Messages
[LOG 20:07:21.197] Game State Saved to saves/claude/persistent
[LOG 20:07:21.206] [UIMasterController]: HideUI
[LOG 20:07:21.214] [HighLogic]: =========================== Scene Change : From FLIGHT to SPACECENTER =====================
[LOG 20:07:21.468] [UIApp] OnDestroy: AlarmClock
[LOG 20:07:21.470] [UIApp] OnDestroy: DeltaVApp
[LOG 20:07:21.470] [UIApp] OnDestroy: ResourceDisplay
[LOG 20:07:21.471] [UIApp] OnDestroy: Cargo
[LOG 20:07:21.471] KbApp.OnDestroy NullName
[LOG 20:07:21.471] KbApp.OnDestroy Vessel Info
[LOG 20:07:21.471] [UIApp] OnDestroy: ActionGroupsApp
[LOG 20:07:21.472] KbApp.OnDestroy Planet Parameters
[LOG 20:07:21.472] KbApp.OnDestroy Vessel Crew
[LOG 20:07:21.473] KbApp.OnDestroy Planet Resources
[LOG 20:07:21.473] [UIApp] OnDestroy: KSPedia
[LOG 20:07:21.473] [UIApp] OnDestroy: Construction
[LOG 20:07:21.473] KbApp.OnDestroy Planet Info
[LOG 20:07:21.473] KbApp.OnDestroy Unowned Info
[LOG 20:07:21.473] [UIApp] OnDestroy: ManeuverTool
[LOG 20:07:21.476] [KSPCF:MemoryLeaks] Removed a OnMapExited callback owned by a destroyed Assembly-CSharp:NavBallToggle instance
[LOG 20:07:21.476] [KSPCF:MemoryLeaks] Removed a OnGameSettingsApplied callback owned by a destroyed Assembly-CSharp:VesselAutopilotUI instance
[LOG 20:07:21.476] [KSPCF:MemoryLeaks] Removed a onPartActionUICreate callback owned by a destroyed Assembly-CSharp:ModuleInventoryPart instance
[LOG 20:07:21.477] [KSPCF:MemoryLeaks] Removed a onModuleInventoryChanged callback owned by a destroyed Assembly-CSharp:ModuleInventoryPart instance
[LOG 20:07:21.477] [KSPCF:MemoryLeaks] Removed a TimingManager.Instance.timing5.onLateUpdate callback owned by a destroyed Assembly-CSharp:MapView instance
[LOG 20:07:21.478] [KSPCF:MemoryLeaks] Leaving scene "Flight", cleaned 21 memory leaks in 0.002s. GameEvents callbacks : 491. Allocated memory : 673.379 MiB (managed heap), 2.197 GiB (unmanaged)
[LOG 20:07:21.588] [AddonLoader]: Instantiating addon 'CustomConfigsManager' from assembly 'ModuleManager'
[LOG 20:07:24.192] [UIMasterController]: ShowUI
[LOG 20:07:24.493] [SceneLoadSpeedBoost] Save loaded from cache in 0ms
[LOG 20:07:24.495] GetSubclassesOfParentClass: Using cached results for AlarmTypeBase
[LOG 20:07:24.496] Loading Depletion Nodes
[LOG 20:07:24.496] DepNodeCount:  0
[LOG 20:07:24.496] Loading Biome Nodes
[LOG 20:07:24.496] BiomeNodeCount:  0
[LOG 20:07:24.496] Loading Planet Nodes
[LOG 20:07:24.496] PlanetNodeCount:  0
[LOG 20:07:24.497] [ScenarioDestructibles]: Loading... 0 objects registered
[LOG 20:07:24.537] [UiApp] Awake: KSPedia
[LOG 20:07:24.537] [UiApp] Awake: Missions App
[LOG 20:07:24.537] [UiApp] Awake: AlarmClock
[LOG 20:07:24.537] [ApplicationLauncher] OnSceneLoadedGUIReady: scene SPACECENTER ShouldBeVisible() True ShouldBeOnTop() False iIsPositionedAtTop True
[LOG 20:07:24.537] [ApplicationLauncher] SpawnSimpleLayout: HorizontalRightLeft
[LOG 20:07:24.571] [UIApp] OnDestroy: Contracts
[LOG 20:07:24.576] [MessageSystem] Reposition 0.02 33339
[LOG 20:07:24.576] [GenericAppFrame] Reposition 0.02 33339
[LOG 20:07:24.576] [GenericAppFrame] Reposition 0.02 33339
[LOG 20:07:25.100] [UIApp] Adding AlarmClock to Application Launcher
[LOG 20:07:25.101] [UIApp] Adding Missions App to Application Launcher
[LOG 20:07:25.144] [GenericAppFrame] Reposition 0.2505526 33345
[LOG 20:07:25.147] [MissionsApp] OnAppStarted(): id: -422462
[LOG 20:07:25.147] MissionsApp does not execute in this game mode, destroying this instance
[LOG 20:07:25.147] [UIApp] OnDestroy: Missions App
[LOG 20:07:25.150] [Progress Node Reached]: FirstCrewToSurvive
[LOG 20:07:25.150] [Progress Node Complete]: FirstCrewToSurvive
[LOG 20:07:25.156] [VesselRecovery]: Vaisseau sans nom recovered 7.8 km du CSK. Recovery Value: 97.6% 
[LOG 20:07:25.157] Crewmember Jebediah Kerman is available again
[LOG 20:07:25.161] Flight State Captured
[LOG 20:07:25.161] Saving Achievements Tree...
[LOG 20:07:25.161] Saving Achievements Tree...
[LOG 20:07:25.161] [MessageSystem] Save Messages
[LOG 20:07:25.172] Game State Saved to saves/claude/persistent
[LOG 20:07:25.205] [UIApp] Adding KSPedia to Application Launcher
[LOG 20:07:26.436] Flight State Captured
[LOG 20:07:26.436] Saving Achievements Tree...
[LOG 20:07:26.436] Saving Achievements Tree...
[LOG 20:07:26.436] [MessageSystem] Save Messages
[LOG 20:07:26.446] Game State Saved to saves/claude/persistent
[LOG 20:07:26.454] [UIMasterController]: HideUI
[LOG 20:07:26.457] [HighLogic]: =========================== Scene Change : From SPACECENTER to TRACKSTATION =====================
[LOG 20:07:27.022] [UIApp] OnDestroy: KSPedia
[LOG 20:07:27.022] [UIApp] OnDestroy: AlarmClock
[LOG 20:07:27.024] [KSPCF:MemoryLeaks] Removed a OnDestructibleLoaded callback owned by a destroyed Assembly-CSharp:RunwayCollisionHandler instance
[LOG 20:07:27.025] [KSPCF:MemoryLeaks] Leaving scene "SpaceCenter", cleaned 5 memory leaks in 0.002s. GameEvents callbacks : 344. Allocated memory : 676.109 MiB (managed heap), 2.19 GiB (unmanaged)
[LOG 20:07:27.034] UICanvasPrefabSpawner TrackingStationSpawner spawning TrackingStation
[LOG 20:07:27.138] [PlanetariumCamera]: Focus: Kerbin
[LOG 20:07:27.139] [UIMasterController]: ShowUI
[LOG 20:07:27.418] [SceneLoadSpeedBoost] Save loaded from cache in 0ms
[LOG 20:07:27.420] GetSubclassesOfParentClass: Using cached results for AlarmTypeBase
[LOG 20:07:27.420] Loading Depletion Nodes
[LOG 20:07:27.420] DepNodeCount:  0
[LOG 20:07:27.420] Loading Biome Nodes
[LOG 20:07:27.420] BiomeNodeCount:  0
[LOG 20:07:27.420] Loading Planet Nodes
[LOG 20:07:27.420] PlanetNodeCount:  0
[LOG 20:07:27.422] [ScenarioDestructibles]: Loading... 0 objects registered
[LOG 20:07:27.450] [PlanetariumCamera]: Focus: Kerbin
[LOG 20:07:27.503] [UiApp] Awake: KSPedia
[LOG 20:07:27.503] [UiApp] Awake: Missions App
[LOG 20:07:27.503] [UiApp] Awake: AlarmClock
[LOG 20:07:27.503] [ApplicationLauncher] OnSceneLoadedGUIReady: scene TRACKSTATION ShouldBeVisible() True ShouldBeOnTop() False iIsPositionedAtTop False
[LOG 20:07:27.506] [KnowledgeBase] OnAppLauncherReady 33611
[LOG 20:07:27.512] [UIApp] OnDestroy: Contracts
[LOG 20:07:27.518] [MessageSystem] Reposition 0.02 33612
[LOG 20:07:27.518] [GenericAppFrame] Reposition 0.02 33612
[LOG 20:07:27.518] [GenericAppFrame] Reposition 0.02 33612
[LOG 20:07:27.529] [PlanetariumCamera]: Focus: Kerbin
[LOG 20:07:27.651] [UIApp] Adding AlarmClock to Application Launcher
[LOG 20:07:27.652] [UIApp] Adding Missions App to Application Launcher
[LOG 20:07:27.669] [GenericAppFrame] Reposition 0.1112771 33618
[LOG 20:07:27.671] [MissionsApp] OnAppStarted(): id: -430692
[LOG 20:07:27.671] MissionsApp does not execute in this game mode, destroying this instance
[LOG 20:07:27.671] [UIApp] OnDestroy: Missions App
[LOG 20:07:27.688] [UIApp] Adding KSPedia to Application Launcher
[LOG 20:07:28.845] Flight State Captured
[LOG 20:07:28.845] Saving Achievements Tree...
[LOG 20:07:28.845] Saving Achievements Tree...
[LOG 20:07:28.845] [MessageSystem] Save Messages
[LOG 20:07:28.855] Game State Saved to saves/claude/persistent
[LOG 20:07:29.692] Flight State Captured
[LOG 20:07:29.692] Saving Achievements Tree...
[LOG 20:07:29.692] Saving Achievements Tree...
[LOG 20:07:29.693] [MessageSystem] Save Messages
[LOG 20:07:29.703] Game State Saved to saves/claude/persistent
[LOG 20:07:29.711] [Tracking Station]: SetVessel(null)
[LOG 20:07:29.711] [PlanetariumCamera]: Focus: Kerbin
[LOG 20:07:29.718] [UIMasterController]: HideUI
[LOG 20:07:29.800] [HighLogic]: =========================== Scene Change : From TRACKSTATION to SPACECENTER =====================
[LOG 20:07:30.034] KbApp.OnDestroy Vessel Info
[LOG 20:07:30.034] KbApp.OnDestroy Planet Resources
[LOG 20:07:30.034] KbApp.OnDestroy Planet Parameters
[LOG 20:07:30.034] [UIApp] OnDestroy: AlarmClock
[LOG 20:07:30.034] KbApp.OnDestroy Vessel Crew
[LOG 20:07:30.035] KbApp.OnDestroy Unowned Info
[LOG 20:07:30.035] KbApp.OnDestroy NullName
[LOG 20:07:30.035] KbApp.OnDestroy Planet Info
[LOG 20:07:30.035] [UIApp] OnDestroy: KSPedia
[LOG 20:07:30.037] [KSPCF:MemoryLeaks] Removed a onPlanetariumTargetChange callback owned by a destroyed Assembly-CSharp:OverlayGenerator instance
[LOG 20:07:30.037] [KSPCF:MemoryLeaks] Removed a onGameStateLoad callback owned by a destroyed Assembly-CSharp:OverlayGenerator instance
[LOG 20:07:30.038] [KSPCF:MemoryLeaks] Removed a MapView.OnEnterMapView callback owned by a destroyed Assembly-CSharp:OverlayGenerator instance
[LOG 20:07:30.038] [KSPCF:MemoryLeaks] Removed a MapView.OnExitMapView callback owned by a destroyed Assembly-CSharp:OverlayGenerator instance
[LOG 20:07:30.039] [KSPCF:MemoryLeaks] Removed a TimingManager.Instance.timing5.onLateUpdate callback owned by a destroyed Assembly-CSharp:MapView instance
[LOG 20:07:30.039] [KSPCF:MemoryLeaks] Leaving scene "TrackingStation", cleaned 9 memory leaks in 0.002s. GameEvents callbacks : 480. Allocated memory : 660.195 MiB (managed heap), 2.188 GiB (unmanaged)
[LOG 20:07:30.149] [AddonLoader]: Instantiating addon 'CustomConfigsManager' from assembly 'ModuleManager'
[LOG 20:07:31.929] [UIMasterController]: ShowUI
[LOG 20:07:32.225] [SceneLoadSpeedBoost] Save loaded from cache in 0ms
[LOG 20:07:32.227] GetSubclassesOfParentClass: Using cached results for AlarmTypeBase
[LOG 20:07:32.227] Loading Depletion Nodes
[LOG 20:07:32.227] DepNodeCount:  0
[LOG 20:07:32.227] Loading Biome Nodes
[LOG 20:07:32.227] BiomeNodeCount:  0
[LOG 20:07:32.227] Loading Planet Nodes
[LOG 20:07:32.227] PlanetNodeCount:  0
[LOG 20:07:32.229] [ScenarioDestructibles]: Loading... 0 objects registered
[LOG 20:07:32.255] Flight State Captured
[LOG 20:07:32.255] Saving Achievements Tree...
[LOG 20:07:32.255] Saving Achievements Tree...
[LOG 20:07:32.256] [MessageSystem] Save Messages
[LOG 20:07:32.267] Game State Saved to saves/claude/persistent
[LOG 20:07:32.293] [UiApp] Awake: KSPedia
[LOG 20:07:32.293] [UiApp] Awake: Missions App
[LOG 20:07:32.293] [UiApp] Awake: AlarmClock
[LOG 20:07:32.293] [ApplicationLauncher] OnSceneLoadedGUIReady: scene SPACECENTER ShouldBeVisible() True ShouldBeOnTop() False iIsPositionedAtTop False
[LOG 20:07:32.568] [UIApp] OnDestroy: Contracts
[LOG 20:07:32.573] [MessageSystem] Reposition 0.02 33970
[LOG 20:07:32.573] [GenericAppFrame] Reposition 0.02 33970
[LOG 20:07:32.573] [GenericAppFrame] Reposition 0.02 33970
[LOG 20:07:33.109] [UIApp] Adding AlarmClock to Application Launcher
[LOG 20:07:33.110] [UIApp] Adding Missions App to Application Launcher
[LOG 20:07:33.221] [GenericAppFrame] Reposition 0.26 33976
[LOG 20:07:33.223] [MissionsApp] OnAppStarted(): id: -448578
[LOG 20:07:33.223] MissionsApp does not execute in this game mode, destroying this instance
[LOG 20:07:33.223] [UIApp] OnDestroy: Missions App
[LOG 20:07:33.400] [UIApp] Adding KSPedia to Application Launcher
[LOG 20:07:33.575] Flight State Captured
[LOG 20:07:33.575] Saving Achievements Tree...
[LOG 20:07:33.575] Saving Achievements Tree...
[LOG 20:07:33.576] [MessageSystem] Save Messages
[LOG 20:07:33.586] Game State Saved to saves/claude/persistent
[LOG 20:07:33.593] Going to Hangar! CachedShipType: None
[LOG 20:07:33.594] [UIMasterController]: HideUI
[LOG 20:07:33.597] [HighLogic]: =========================== Scene Change : From SPACECENTER to EDITOR =====================
[LOG 20:07:33.819] [UIApp] OnDestroy: KSPedia
[LOG 20:07:33.819] [UIApp] OnDestroy: AlarmClock
[LOG 20:07:33.821] [KSPCF:MemoryLeaks] Removed a OnDestructibleLoaded callback owned by a destroyed Assembly-CSharp:RunwayCollisionHandler instance
[LOG 20:07:33.822] [KSPCF:MemoryLeaks] Leaving scene "SpaceCenter", cleaned 5 memory leaks in 0.002s. GameEvents callbacks : 344. Allocated memory : 666.254 MiB (managed heap), 2.194 GiB (unmanaged)
[LOG 20:07:33.831] UICanvasPrefabSpawner SceneLogic spawning Editor
[LOG 20:07:33.856] Aucun verrouillage commandes en cours
[LOG 20:07:33.961] [UIMasterController]: ShowUI
[LOG 20:07:34.337] [UIMasterController]: ShowUI
[LOG 20:07:34.508] [UIMasterController]: ShowUI
[LOG 20:07:34.519] ------------------- initializing editor mode... ------------------
[LOG 20:07:34.519] editor started
[LOG 20:07:34.520] [SceneLoadSpeedBoost] Save loaded from cache in 0ms
[LOG 20:07:34.522] GetSubclassesOfParentClass: Using cached results for AlarmTypeBase
[LOG 20:07:34.522] Loading Depletion Nodes
[LOG 20:07:34.522] DepNodeCount:  0
[LOG 20:07:34.522] Loading Biome Nodes
[LOG 20:07:34.522] BiomeNodeCount:  0
[LOG 20:07:34.522] Loading Planet Nodes
[LOG 20:07:34.522] PlanetNodeCount:  0
[LOG 20:07:34.523] [ScenarioDestructibles]: Loading... 0 objects registered
[WRN 20:07:34.737] HighlightingSystem : Framebuffer depth data is not available and can't be used to occlude highlighting. Highlighting occluders enabled.
[LOG 20:07:34.763] [UiApp] Awake: EngineersReport
[LOG 20:07:34.763] [UiApp] Awake: KSPedia
[LOG 20:07:34.763] [UiApp] Awake: Missions App
[LOG 20:07:34.763] [UiApp] Awake: DeltaVApp
[LOG 20:07:34.763] [UiApp] Awake: ActionGroupsApp
[LOG 20:07:34.763] [UiApp] Awake: AlarmClock
[LOG 20:07:34.763] [ApplicationLauncher] OnSceneLoadedGUIReady: scene EDITOR ShouldBeVisible() True ShouldBeOnTop() False iIsPositionedAtTop False
[LOG 20:07:34.771] [UIApp] OnDestroy: Contracts
[LOG 20:07:34.781] [MessageSystem] Reposition 0.02 33982
[LOG 20:07:34.781] [GenericAppFrame] Reposition 0.02 33982
[LOG 20:07:34.781] [GenericAppFrame] Reposition 0.02 33982
[LOG 20:07:34.840] [UIApp] Adding AlarmClock to Application Launcher
[LOG 20:07:34.841] [UIApp] Adding ActionGroupsApp to Application Launcher
[LOG 20:07:34.841] [ApplicationLauncher] SetHidden: 
[LOG 20:07:34.842] [UIApp] Adding Missions App to Application Launcher
[LOG 20:07:34.843] [UIApp] Adding EngineersReport to Application Launcher
[LOG 20:07:34.864] [GenericAppFrame] Reposition 0.0911952 33988
[LOG 20:07:34.867] [ActionGroupsApp] OnAppStarted(): id: -476176
[LOG 20:07:34.867] [GenericAppFrame] Reposition 0.0911952 33988
[LOG 20:07:34.867] [UIApp] Adding DeltaVApp to Application Launcher
[LOG 20:07:34.868] [MissionsApp] OnAppStarted(): id: -476164
[LOG 20:07:34.868] MissionsApp does not execute in this game mode, destroying this instance
[LOG 20:07:34.869] [UIApp] OnDestroy: Missions App
[LOG 20:07:34.870] [GenericAppFrame] Reposition 0.0911952 33988
[LOG 20:07:34.907] [GenericAppFrame] Reposition 0.1311952 33989
[LOG 20:07:34.921] [UIApp] Adding KSPedia to Application Launcher
[LOG 20:07:53.555] mk1pod.v2 added to ship - part count: 2
[LOG 20:07:57.337] [Pre-Flight Check]: Checking for CraftWithinPartCountLimit: PASS!
[LOG 20:07:57.337] [Pre-Flight Check]: Checking for CraftWithinSizeLimits: PASS!
[LOG 20:07:57.338] [Pre-Flight Check]: Checking for CraftWithinMassLimits: PASS!
[LOG 20:07:57.338] [Pre-Flight Check]: Checking for ExperimentalPartsAvailable: PASS!
[LOG 20:07:57.338] [Pre-Flight Check]: Checking for CanAffordLaunchTest: PASS!
[LOG 20:07:57.338] [Pre-Flight Check]: Checking for FacilityOperational: PASS!
[LOG 20:07:57.341] [Pre-Flight Check]: Checking for NoControlSources: FAIL!
[LOG 20:07:58.093] [Pre-Flight Check]: Checking for LaunchSiteClear: PASS!
[LOG 20:07:58.093] [Pre-Flight Check]: All Checks Complete. Go for Launch!
[LOG 20:07:58.109] Launching vessel from Runway. Craft file: D:\KSP-Dev\saves\claude\Ships\SPH\/Vaisseau sauvegardé auto_.craft
[LOG 20:07:58.109] Saving Achievements Tree...
[LOG 20:07:58.110] Saving Achievements Tree...
[LOG 20:07:58.110] [MessageSystem] Save Messages
[LOG 20:07:58.120] Game State Saved to saves/claude/persistent
[LOG 20:07:58.128] [UIMasterController]: HideUI
[LOG 20:07:58.269] [HighLogic]: =========================== Scene Change : From EDITOR to FLIGHT =====================
[LOG 20:07:58.494] [UIApp] OnDestroy: EngineersReport
[LOG 20:07:58.494] [UIApp] OnDestroy: AlarmClock
[LOG 20:07:58.495] [UIApp] OnDestroy: KSPedia
[LOG 20:07:58.498] [UIApp] OnDestroy: DeltaVApp
[LOG 20:07:58.505] [UIApp] OnDestroy: ActionGroupsApp
[LOG 20:07:58.509] [KSPCF:MemoryLeaks] A destroyed KSPCommunityFixes:EditorAnimatedPartsShipModified.ScalarModuleStopListener instance is owning a OnStop callback. No action has been taken, but unless this mod is relying on this pattern, this is likely a memory leak.
[LOG 20:07:58.509] [KSPCF:MemoryLeaks] Removed a OnDestructibleLoaded callback owned by a destroyed Assembly-CSharp:RunwayCollisionHandler instance
[LOG 20:07:58.509] [KSPCF:MemoryLeaks] Removed a OnDestructibleLoaded callback owned by a destroyed Assembly-CSharp:RunwayCollisionHandler instance
[LOG 20:07:58.509] [KSPCF:MemoryLeaks] Leaving scene "Editor", cleaned 6 memory leaks in 0.002s. GameEvents callbacks : 541. Allocated memory : 673.313 MiB (managed heap), 2.081 GiB (unmanaged)
[LOG 20:07:58.521] UICanvasPrefabSpawner FlightUI spawning Flight
[LOG 20:07:58.540] UICanvasPrefabSpawner FlightUI spawning VesselLabels
[LOG 20:07:58.541] [UiApp] Awake: ResourceDisplay
[LOG 20:07:58.624] [AddonLoader]: Instantiating addon 'AeroGUI' from assembly 'KSP'
[LOG 20:07:58.636] [AddonLoader]: Instantiating addon 'TerrainPrecisionFixDiagMod' from assembly 'TerrainPrecisionFixDiagMod'
[LOG 20:07:58.637] [PlanetariumCamera]: Focus: Kerbin
[LOG 20:07:58.637] [UIMasterController]: HideUI
[LOG 20:07:58.940] [UIMasterController]: HideUI
[LOG 20:07:58.940] ------------------- initializing flight mode... ------------------
[LOG 20:07:58.940] [SceneLoadSpeedBoost] Save loaded from cache in 0ms
[LOG 20:07:58.943] [MessageSystem] Save Messages
[LOG 20:07:58.943] GetSubclassesOfParentClass: Using cached results for AlarmTypeBase
[LOG 20:07:58.944] Loading Depletion Nodes
[LOG 20:07:58.944] DepNodeCount:  0
[LOG 20:07:58.944] Loading Biome Nodes
[LOG 20:07:58.944] BiomeNodeCount:  0
[LOG 20:07:58.944] Loading Planet Nodes
[LOG 20:07:58.944] PlanetNodeCount:  0
[LOG 20:07:58.945] [ScenarioDestructibles]: Loading... 0 objects registered
[LOG 20:07:58.960] Loading ship from file: D:\KSP-Dev\saves\claude\Ships\SPH\/Vaisseau sauvegardé auto_.craft
[LOG 20:07:58.961] [UIMasterController]: HideUI
[LOG 20:07:58.969] Vaisseau sans nom loaded!
[LOG 20:08:01.252] putting ship to ground: 8.839566
[LOG 20:08:01.256] [Vaisseau sans nom]: Ready to Launch - waiting to start physics...
[LOG 20:08:01.258] [FLIGHT GLOBALS]: Switching To Vessel Vaisseau sans nom ---------------------- 
[LOG 20:08:01.259] setting new dominant body: Kerbin
FlightGlobals.mainBody: Kerbin
[LOG 20:08:01.259] Reference Frame: Rotating
[LOG 20:08:01.265] Vessel assembly complete!
[LOG 20:08:04.122] all systems started
[LOG 20:08:04.265] [UiApp] Awake: CurrencyWidgetsApp
[LOG 20:08:04.265] [UiApp] Awake: ResourceDisplay
[LOG 20:08:04.265] [UiApp] Awake: KSPedia
[LOG 20:08:04.266] [UiApp] Awake: Missions App
[LOG 20:08:04.266] [UiApp] Awake: DeltaVApp
[LOG 20:08:04.266] [UiApp] Awake: ActionGroupsApp
[LOG 20:08:04.266] [UiApp] Awake: Construction
[LOG 20:08:04.266] [UiApp] Awake: Cargo
[LOG 20:08:04.266] [UiApp] Awake: AlarmClock
[LOG 20:08:04.266] [UiApp] Awake: ManeuverTool
[LOG 20:08:04.266] [ApplicationLauncher] OnSceneLoadedGUIReady: scene FLIGHT ShouldBeVisible() True ShouldBeOnTop() True iIsPositionedAtTop False
[LOG 20:08:04.266] [ApplicationLauncher] SpawnSimpleLayout: VerticalTopDown
[LOG 20:08:04.271] [KnowledgeBase] OnAppLauncherReady 36865
[LOG 20:08:04.285] [UIApp] OnDestroy: Contracts
[LOG 20:08:04.322] [FlightIntegrator]: Reloaded drag cube for zeroed cube root part fuelTankSmallFlat on vessel Vaisseau sans nom
[LOG 20:08:04.324] [FlightIntegrator]: Vessel Vaisseau sans nom has been unloaded 1.79769313486232E+308, applying analytic temperature 308.411624694207
[LOG 20:08:04.326] [MessageSystem] Reposition 0.02 36866
[LOG 20:08:04.326] [GenericAppFrame] Reposition 0.02 36866
[LOG 20:08:04.326] [GenericAppFrame] Reposition 0.02 36866
[LOG 20:08:04.390] [PlanetariumCamera]: Focus: Vaisseau sans nom
[LOG 20:08:04.403] [UIApp] Adding ResourceDisplay to Application Launcher
[LOG 20:08:04.405] [UIApp] Adding ResourceDisplay to Application Launcher
[LOG 20:08:04.413] [ResourceDisplay] OnAppStarted(): id: -542622
[LOG 20:08:04.414] [GenericAppFrame] Reposition 0.0954513 36870
[LOG 20:08:04.414] [ResourceDisplay] OnAppStarted(): id: 294860
[LOG 20:08:04.414] ResourceDisplay already exist, destroying this instance
[LOG 20:08:04.414] [UIApp] OnDestroy: ResourceDisplay
[LOG 20:08:04.426] [UIApp] Adding AlarmClock to Application Launcher
[LOG 20:08:04.427] [UIApp] Adding ActionGroupsApp to Application Launcher
[LOG 20:08:04.428] [UIApp] Adding Missions App to Application Launcher
[LOG 20:08:04.429] CURRENCY WIDGET False False False
[LOG 20:08:04.431] [UIApp] OnDestroy: CurrencyWidgetsApp
[LOG 20:08:04.448] [GenericAppFrame] Reposition 0.118573 36872
[LOG 20:08:04.451] [ActionGroupsApp] OnAppStarted(): id: -542646
[LOG 20:08:04.452] [GenericAppFrame] Reposition 0.118573 36872
[LOG 20:08:04.452] [UIApp] Adding DeltaVApp to Application Launcher
[LOG 20:08:04.453] [MissionsApp] OnAppStarted(): id: -542634
[LOG 20:08:04.453] MissionsApp does not execute in this game mode, destroying this instance
[LOG 20:08:04.453] [UIApp] OnDestroy: Missions App
[LOG 20:08:04.463] [GenericAppFrame] Reposition 0.1433236 36873
[LOG 20:08:04.472] [UIApp] Adding Cargo to Application Launcher
[LOG 20:08:04.473] [UIApp] Adding Construction to Application Launcher
[LOG 20:08:04.474] [UIApp] Adding KSPedia to Application Launcher
[LOG 20:08:04.484] [UIApp] Adding ManeuverTool to Application Launcher
[LOG 20:08:04.485] [ApplicationLauncher] SetHidden: 
[LOG 20:08:04.498] [GenericAppFrame] Reposition 0.1763364 36876
[LOG 20:08:04.506] [ManeuverTool]: Found 1 transfer types
[LOG 20:08:04.534] Flight State Captured
[LOG 20:08:04.534] Saving Achievements Tree...
[LOG 20:08:04.534] Saving Achievements Tree...
[LOG 20:08:04.534] [MessageSystem] Save Messages
[LOG 20:08:04.546] Game State Saved as persistent
[LOG 20:08:05.303] [Vaisseau sans nom]: ground contact! - error. Moving Vessel  down -0.109m
[LOG 20:08:05.303] Unpacking Vaisseau sans nom
[LOG 20:08:05.309] [UIMasterController]: ShowUI
[LOG 20:08:25.600] Killed all parts in permanent ground contact on vessel Vaisseau sans nom.
[LOG 20:08:25.601] Packing Vaisseau sans nom for orbit
[LOG 20:08:25.602] setting new dominant body: Kerbin
FlightGlobals.mainBody: Kerbin
[LOG 20:08:25.604] Reference Frame: Rotating
[LOG 20:08:25.633] Part fuelTankSmallFlat exited collision with End09_Mesh, but it wasn't in collision count list!
[LOG 20:08:25.634] Part fuelTankSmallFlat exited collision with runway_collider, but it wasn't in collision count list!
[LOG 20:08:25.635] Unpacking Vaisseau sans nom
[LOG 20:08:31.987] Game Paused!
[LOG 20:08:31.988] [UIMasterController]: ShowUI
[LOG 20:08:44.993] Flight State Captured
[LOG 20:08:44.993] Saving Achievements Tree...
[LOG 20:08:44.993] Saving Achievements Tree...
[LOG 20:08:44.994] [MessageSystem] Save Messages
[LOG 20:08:45.029] Game State Saved to saves/claude/approach-kerbin
[LOG 20:08:45.046] Game State Saved to saves/claude/persistent
[LOG 20:08:45.054] Game Unpaused!
[LOG 20:08:55.698] Game Paused!
[LOG 20:08:55.698] [UIMasterController]: ShowUI
[LOG 20:09:02.765] Flight State Captured
[LOG 20:09:02.765] Saving Achievements Tree...
[LOG 20:09:02.765] Saving Achievements Tree...
[LOG 20:09:02.766] [MessageSystem] Save Messages
[LOG 20:09:02.778] Game State Saved to saves/claude/approach-kerbin
[LOG 20:09:02.795] Game State Saved to saves/claude/persistent
[LOG 20:09:02.804] Game Unpaused!
[LOG 20:09:07.486] Game Paused!
[LOG 20:09:07.486] [UIMasterController]: ShowUI
[LOG 20:09:08.874] Flight State Captured
[LOG 20:09:08.874] Saving Achievements Tree...
[LOG 20:09:08.874] Saving Achievements Tree...
[LOG 20:09:08.875] [MessageSystem] Save Messages
[LOG 20:09:08.885] Game State Saved to saves/claude/persistent
[LOG 20:09:08.894] [UIMasterController]: HideUI
[LOG 20:09:08.903] [HighLogic]: =========================== Scene Change : From FLIGHT to SPACECENTER =====================
[LOG 20:09:09.215] [UIApp] OnDestroy: ActionGroupsApp
[LOG 20:09:09.215] KbApp.OnDestroy Vessel Info
[LOG 20:09:09.215] [UIApp] OnDestroy: ManeuverTool
[LOG 20:09:09.215] KbApp.OnDestroy Unowned Info
[LOG 20:09:09.216] KbApp.OnDestroy Planet Info
[LOG 20:09:09.216] KbApp.OnDestroy Vessel Crew
[LOG 20:09:09.216] KbApp.OnDestroy NullName
[LOG 20:09:09.216] KbApp.OnDestroy Planet Resources
[LOG 20:09:09.216] [UIApp] OnDestroy: Construction
[LOG 20:09:09.216] [UIApp] OnDestroy: AlarmClock
[LOG 20:09:09.216] [UIApp] OnDestroy: KSPedia
[LOG 20:09:09.217] [UIApp] OnDestroy: ResourceDisplay
[LOG 20:09:09.217] KbApp.OnDestroy Planet Parameters
[LOG 20:09:09.217] [UIApp] OnDestroy: Cargo
[LOG 20:09:09.218] [UIApp] OnDestroy: DeltaVApp
[LOG 20:09:09.220] [KSPCF:MemoryLeaks] Removed a OnMapExited callback owned by a destroyed Assembly-CSharp:NavBallToggle instance
[LOG 20:09:09.220] [KSPCF:MemoryLeaks] Removed a OnGameSettingsApplied callback owned by a destroyed Assembly-CSharp:VesselAutopilotUI instance
[LOG 20:09:09.221] [KSPCF:MemoryLeaks] Removed a OnEVAConstructionMode callback owned by a destroyed Assembly-CSharp:ModuleCargoPart instance
[LOG 20:09:09.221] [KSPCF:MemoryLeaks] Removed a OnEVAConstructionMode callback owned by a destroyed Assembly-CSharp:ModuleCargoPart instance
[LOG 20:09:09.221] [KSPCF:MemoryLeaks] Removed a OnEVAConstructionMode callback owned by a destroyed Assembly-CSharp:ModuleCargoPart instance
[LOG 20:09:09.221] [KSPCF:MemoryLeaks] Removed a OnEVAConstructionMode callback owned by a destroyed Assembly-CSharp:ModuleCargoPart instance
[LOG 20:09:09.221] [KSPCF:MemoryLeaks] Removed a OnEVAConstructionMode callback owned by a destroyed Assembly-CSharp:ModuleCargoPart instance
[LOG 20:09:09.221] [KSPCF:MemoryLeaks] Removed a OnEVAConstructionMode callback owned by a destroyed Assembly-CSharp:ModuleCargoPart instance
[LOG 20:09:09.222] [KSPCF:MemoryLeaks] Removed a TimingManager.Instance.timing5.onLateUpdate callback owned by a destroyed Assembly-CSharp:MapView instance
[LOG 20:09:09.222] [KSPCF:MemoryLeaks] Leaving scene "Flight", cleaned 27 memory leaks in 0.003s. GameEvents callbacks : 501. Allocated memory : 685.664 MiB (managed heap), 2.209 GiB (unmanaged)
[LOG 20:09:09.335] [AddonLoader]: Instantiating addon 'CustomConfigsManager' from assembly 'ModuleManager'
[LOG 20:09:11.940] [UIMasterController]: ShowUI
[LOG 20:09:12.283] [SceneLoadSpeedBoost] Save loaded from cache in 0ms
[LOG 20:09:12.285] GetSubclassesOfParentClass: Using cached results for AlarmTypeBase
[LOG 20:09:12.285] Loading Depletion Nodes
[LOG 20:09:12.285] DepNodeCount:  0
[LOG 20:09:12.285] Loading Biome Nodes
[LOG 20:09:12.285] BiomeNodeCount:  0
[LOG 20:09:12.285] Loading Planet Nodes
[LOG 20:09:12.286] PlanetNodeCount:  0
[LOG 20:09:12.290] [ScenarioDestructibles]: Loading... 0 objects registered
[LOG 20:09:12.341] [UiApp] Awake: KSPedia
[LOG 20:09:12.341] [UiApp] Awake: Missions App
[LOG 20:09:12.341] [UiApp] Awake: AlarmClock
[LOG 20:09:12.342] [ApplicationLauncher] OnSceneLoadedGUIReady: scene SPACECENTER ShouldBeVisible() True ShouldBeOnTop() False iIsPositionedAtTop True
[LOG 20:09:12.342] [ApplicationLauncher] SpawnSimpleLayout: HorizontalRightLeft
[LOG 20:09:12.419] [UIApp] OnDestroy: Contracts
[LOG 20:09:12.425] [MessageSystem] Reposition 0.02 46879
[LOG 20:09:12.425] [GenericAppFrame] Reposition 0.02 46879
[LOG 20:09:12.425] [GenericAppFrame] Reposition 0.02 46879
[LOG 20:09:12.545] [UIApp] Adding AlarmClock to Application Launcher
[LOG 20:09:12.546] [UIApp] Adding Missions App to Application Launcher
[LOG 20:09:12.566] [GenericAppFrame] Reposition 0.0990195 46885
[LOG 20:09:12.569] [MissionsApp] OnAppStarted(): id: -561780
[LOG 20:09:12.569] MissionsApp does not execute in this game mode, destroying this instance
[LOG 20:09:12.569] [UIApp] OnDestroy: Missions App
[LOG 20:09:12.578] [UIApp] Adding KSPedia to Application Launcher
[LOG 20:09:14.294] Flight State Captured
[LOG 20:09:14.294] Saving Achievements Tree...
[LOG 20:09:14.294] Saving Achievements Tree...
[LOG 20:09:14.294] [MessageSystem] Save Messages
[LOG 20:09:14.305] Game State Saved to saves/claude/persistent
[LOG 20:09:14.311] Going to Hangar! CachedShipType: SPH
[LOG 20:09:14.313] [UIMasterController]: HideUI
[LOG 20:09:14.316] [HighLogic]: =========================== Scene Change : From SPACECENTER to EDITOR =====================
[LOG 20:09:14.527] [UIApp] OnDestroy: KSPedia
[LOG 20:09:14.528] [UIApp] OnDestroy: AlarmClock
[LOG 20:09:14.530] [KSPCF:MemoryLeaks] Removed a OnDestructibleLoaded callback owned by a destroyed Assembly-CSharp:RunwayCollisionHandler instance
[LOG 20:09:14.530] [KSPCF:MemoryLeaks] Leaving scene "SpaceCenter", cleaned 5 memory leaks in 0.002s. GameEvents callbacks : 349. Allocated memory : 666.754 MiB (managed heap), 2.202 GiB (unmanaged)
[LOG 20:09:14.540] UICanvasPrefabSpawner SceneLogic spawning Editor
[LOG 20:09:14.559] Aucun verrouillage commandes en cours
[LOG 20:09:14.666] [UIMasterController]: ShowUI
[LOG 20:09:15.068] [UIMasterController]: ShowUI
[LOG 20:09:15.212] [UIMasterController]: ShowUI
[LOG 20:09:15.223] ------------------- initializing editor mode... ------------------
[LOG 20:09:15.223] editor started
[LOG 20:09:15.223] [SceneLoadSpeedBoost] Save loaded from cache in 0ms
[LOG 20:09:15.225] GetSubclassesOfParentClass: Using cached results for AlarmTypeBase
[LOG 20:09:15.226] Loading Depletion Nodes
[LOG 20:09:15.226] DepNodeCount:  0
[LOG 20:09:15.226] Loading Biome Nodes
[LOG 20:09:15.226] BiomeNodeCount:  0
[LOG 20:09:15.226] Loading Planet Nodes
[LOG 20:09:15.226] PlanetNodeCount:  0
[LOG 20:09:15.227] [ScenarioDestructibles]: Loading... 0 objects registered
[LOG 20:09:15.330] Vaisseau sans nom loaded!
[WRN 20:09:15.393] HighlightingSystem : Framebuffer depth data is not available and can't be used to occlude highlighting. Highlighting occluders enabled.
[LOG 20:09:15.418] [UiApp] Awake: EngineersReport
[LOG 20:09:15.418] [UiApp] Awake: KSPedia
[LOG 20:09:15.418] [UiApp] Awake: Missions App
[LOG 20:09:15.418] [UiApp] Awake: DeltaVApp
[LOG 20:09:15.418] [UiApp] Awake: ActionGroupsApp
[LOG 20:09:15.418] [UiApp] Awake: AlarmClock
[LOG 20:09:15.418] [ApplicationLauncher] OnSceneLoadedGUIReady: scene EDITOR ShouldBeVisible() True ShouldBeOnTop() False iIsPositionedAtTop False
[LOG 20:09:15.426] [UIApp] OnDestroy: Contracts
[LOG 20:09:15.439] [MessageSystem] Reposition 0.02 47227
[LOG 20:09:15.439] [GenericAppFrame] Reposition 0.02 47227
[LOG 20:09:15.439] [GenericAppFrame] Reposition 0.02 47227
[LOG 20:09:15.517] [UIApp] Adding AlarmClock to Application Launcher
[LOG 20:09:15.518] [UIApp] Adding ActionGroupsApp to Application Launcher
[LOG 20:09:15.519] [ApplicationLauncher] SetHidden: 
[LOG 20:09:15.520] [UIApp] Adding Missions App to Application Launcher
[LOG 20:09:15.521] [UIApp] Adding EngineersReport to Application Launcher
[LOG 20:09:15.541] [GenericAppFrame] Reposition 0.1127358 47233
[LOG 20:09:15.544] [ActionGroupsApp] OnAppStarted(): id: -584900
[LOG 20:09:15.545] [GenericAppFrame] Reposition 0.1127358 47233
[LOG 20:09:15.545] [UIApp] Adding DeltaVApp to Application Launcher
[LOG 20:09:15.546] [MissionsApp] OnAppStarted(): id: -584888
[LOG 20:09:15.546] MissionsApp does not execute in this game mode, destroying this instance
[LOG 20:09:15.546] [UIApp] OnDestroy: Missions App
[LOG 20:09:15.547] [GenericAppFrame] Reposition 0.1127358 47233
[LOG 20:09:15.576] [GenericAppFrame] Reposition 0.1527358 47234
[LOG 20:09:15.592] [UIApp] Adding KSPedia to Application Launcher
[LOG 20:09:18.551] [KSPUpgradePipeline]: Diag3-Rover (1.12.5) is up to date.
[LOG 20:09:18.584] Diag3-Rover loaded!
[LOG 20:09:23.361] [Pre-Flight Check]: Checking for CraftWithinPartCountLimit: PASS!
[LOG 20:09:23.361] [Pre-Flight Check]: Checking for CraftWithinSizeLimits: PASS!
[LOG 20:09:23.361] [Pre-Flight Check]: Checking for CraftWithinMassLimits: PASS!
[LOG 20:09:23.361] [Pre-Flight Check]: Checking for ExperimentalPartsAvailable: PASS!
[LOG 20:09:23.361] [Pre-Flight Check]: Checking for CanAffordLaunchTest: PASS!
[LOG 20:09:23.361] [Pre-Flight Check]: Checking for FacilityOperational: PASS!
[LOG 20:09:23.361] [Pre-Flight Check]: Checking for NoControlSources: PASS!
[LOG 20:09:23.361] [Pre-Flight Check]: Checking for LaunchSiteClear: PASS!
[LOG 20:09:23.361] [Pre-Flight Check]: All Checks Complete. Go for Launch!
[LOG 20:09:23.372] Launching vessel from Runway. Craft file: D:\KSP-Dev\saves\claude\Ships\SPH\/Vaisseau sauvegardé auto_.craft
[LOG 20:09:23.372] Saving Achievements Tree...
[LOG 20:09:23.373] Saving Achievements Tree...
[LOG 20:09:23.373] [MessageSystem] Save Messages
[LOG 20:09:23.383] Game State Saved to saves/claude/persistent
[LOG 20:09:23.392] [UIMasterController]: HideUI
[LOG 20:09:23.529] [HighLogic]: =========================== Scene Change : From EDITOR to FLIGHT =====================
[LOG 20:09:23.748] [UIApp] OnDestroy: EngineersReport
[LOG 20:09:23.754] [UIApp] OnDestroy: KSPedia
[LOG 20:09:23.754] [UIApp] OnDestroy: AlarmClock
[LOG 20:09:23.754] [UIApp] OnDestroy: ActionGroupsApp
[LOG 20:09:23.754] [UIApp] OnDestroy: DeltaVApp
[LOG 20:09:23.760] [KSPCF:MemoryLeaks] Removed a onPartActionUICreate callback owned by a destroyed Assembly-CSharp:ModuleInventoryPart instance
[LOG 20:09:23.760] [KSPCF:MemoryLeaks] Removed a onPartActionUICreate callback owned by a destroyed Assembly-CSharp:ModuleInventoryPart instance
[LOG 20:09:23.760] [KSPCF:MemoryLeaks] Removed a onEditorPartEvent callback owned by a destroyed Assembly-CSharp:ModuleInventoryPart instance
[LOG 20:09:23.760] [KSPCF:MemoryLeaks] Removed a onEditorPartEvent callback owned by a destroyed Assembly-CSharp:ModuleInventoryPart instance
[LOG 20:09:23.760] [KSPCF:MemoryLeaks] Removed a OnPartPurchased callback owned by a destroyed Assembly-CSharp:ModuleInventoryPart instance
[LOG 20:09:23.760] [KSPCF:MemoryLeaks] Removed a OnPartPurchased callback owned by a destroyed Assembly-CSharp:ModuleInventoryPart instance
[LOG 20:09:23.761] [KSPCF:MemoryLeaks] Removed a onModuleInventoryChanged callback owned by a destroyed Assembly-CSharp:ModuleInventoryPart instance
[LOG 20:09:23.761] [KSPCF:MemoryLeaks] Removed a onModuleInventoryChanged callback owned by a destroyed Assembly-CSharp:ModuleInventoryPart instance
[LOG 20:09:23.761] [KSPCF:MemoryLeaks] A destroyed KSPCommunityFixes:EditorAnimatedPartsShipModified.ScalarModuleStopListener instance is owning a OnStop callback. No action has been taken, but unless this mod is relying on this pattern, this is likely a memory leak.
[LOG 20:09:23.761] [KSPCF:MemoryLeaks] A destroyed KSPCommunityFixes:EditorAnimatedPartsShipModified.ScalarModuleStopListener instance is owning a Part_0_0_onStop callback. No action has been taken, but unless this mod is relying on this pattern, this is likely a memory leak.
[LOG 20:09:23.761] [KSPCF:MemoryLeaks] A destroyed KSPCommunityFixes:EditorAnimatedPartsShipModified.ScalarModuleStopListener instance is owning a Part_0_9_onStop callback. No action has been taken, but unless this mod is relying on this pattern, this is likely a memory leak.
[LOG 20:09:23.761] [KSPCF:MemoryLeaks] Removed a OnDestructibleLoaded callback owned by a destroyed Assembly-CSharp:RunwayCollisionHandler instance
[LOG 20:09:23.762] [KSPCF:MemoryLeaks] Removed a OnDestructibleLoaded callback owned by a destroyed Assembly-CSharp:RunwayCollisionHandler instance
[LOG 20:09:23.762] [KSPCF:MemoryLeaks] Leaving scene "Editor", cleaned 14 memory leaks in 0.004s. GameEvents callbacks : 567. Allocated memory : 699.438 MiB (managed heap), 2.102 GiB (unmanaged)
[LOG 20:09:23.776] UICanvasPrefabSpawner FlightUI spawning Flight
[LOG 20:09:23.808] UICanvasPrefabSpawner FlightUI spawning VesselLabels
[LOG 20:09:23.809] [UiApp] Awake: ResourceDisplay
[LOG 20:09:23.941] [AddonLoader]: Instantiating addon 'AeroGUI' from assembly 'KSP'
[LOG 20:09:23.954] [AddonLoader]: Instantiating addon 'TerrainPrecisionFixDiagMod' from assembly 'TerrainPrecisionFixDiagMod'
[LOG 20:09:23.954] [PlanetariumCamera]: Focus: Kerbin
[LOG 20:09:23.954] [UIMasterController]: HideUI
[LOG 20:09:24.307] [UIMasterController]: HideUI
[LOG 20:09:24.307] ------------------- initializing flight mode... ------------------
[LOG 20:09:24.307] [SceneLoadSpeedBoost] Save loaded from cache in 0ms
[LOG 20:09:24.310] [MessageSystem] Save Messages
[LOG 20:09:24.311] GetSubclassesOfParentClass: Using cached results for AlarmTypeBase
[LOG 20:09:24.311] Loading Depletion Nodes
[LOG 20:09:24.311] DepNodeCount:  0
[LOG 20:09:24.311] Loading Biome Nodes
[LOG 20:09:24.311] BiomeNodeCount:  0
[LOG 20:09:24.311] Loading Planet Nodes
[LOG 20:09:24.311] PlanetNodeCount:  0
[LOG 20:09:24.313] [ScenarioDestructibles]: Loading... 0 objects registered
[LOG 20:09:24.330] Loading ship from file: D:\KSP-Dev\saves\claude\Ships\SPH\/Vaisseau sauvegardé auto_.craft
[LOG 20:09:24.330] [UIMasterController]: HideUI
[LOG 20:09:24.357] Diag3-Rover loaded!
[LOG 20:09:26.660] putting ship to ground: 9.282557
[LOG 20:09:26.663] [Diag3-Rover]: Ready to Launch - waiting to start physics...
[LOG 20:09:26.666] Crewmember Jebediah Kerman assigned to Conserve d'atterrissage Mk2, seat # 0 (crew seat index: 0)
[LOG 20:09:26.666] [FLIGHT GLOBALS]: Switching To Vessel Diag3-Rover ---------------------- 
[LOG 20:09:26.666] setting new dominant body: Kerbin
FlightGlobals.mainBody: Kerbin
[LOG 20:09:26.666] Reference Frame: Rotating
[LOG 20:09:26.671] Vessel assembly complete!
[LOG 20:09:29.571] all systems started
[LOG 20:09:29.710] [Vaisseau sans nom]: landed - waiting for ground contact to resume physics...
[LOG 20:09:29.772] [UiApp] Awake: CurrencyWidgetsApp
[LOG 20:09:29.772] [UiApp] Awake: ResourceDisplay
[LOG 20:09:29.772] [UiApp] Awake: KSPedia
[LOG 20:09:29.773] [UiApp] Awake: Missions App
[LOG 20:09:29.773] [UiApp] Awake: DeltaVApp
[LOG 20:09:29.773] [UiApp] Awake: ActionGroupsApp
[LOG 20:09:29.774] [UiApp] Awake: Construction
[LOG 20:09:29.774] [UiApp] Awake: Cargo
[LOG 20:09:29.774] [UiApp] Awake: AlarmClock
[LOG 20:09:29.774] [UiApp] Awake: ManeuverTool
[LOG 20:09:29.775] [ApplicationLauncher] OnSceneLoadedGUIReady: scene FLIGHT ShouldBeVisible() True ShouldBeOnTop() True iIsPositionedAtTop False
[LOG 20:09:29.775] [ApplicationLauncher] SpawnSimpleLayout: VerticalTopDown
[LOG 20:09:29.780] [KnowledgeBase] OnAppLauncherReady 48169
[LOG 20:09:29.795] [UIApp] OnDestroy: Contracts
[LOG 20:09:29.824] [FlightIntegrator]: Reloaded drag cube for zeroed cube root part trussPiece3x on vessel Diag3-Rover
[LOG 20:09:29.824] [FlightIntegrator]: Vessel Diag3-Rover has been unloaded 1.79769313486232E+308, applying analytic temperature 304.109269263691
[LOG 20:09:29.829] [MessageSystem] Reposition 0.02 48170
[LOG 20:09:29.829] [GenericAppFrame] Reposition 0.02 48170
[LOG 20:09:29.829] [GenericAppFrame] Reposition 0.02 48170
[LOG 20:09:29.930] [FlightIntegrator]: Reloaded drag cube for zeroed cube root part fuelTankSmallFlat (Vaisseau sans nom) on vessel Vaisseau sans nom
[LOG 20:09:29.934] [PlanetariumCamera]: Focus: Diag3-Rover
[LOG 20:09:29.950] [UIApp] Adding ResourceDisplay to Application Launcher
[LOG 20:09:29.952] [UIApp] Adding ResourceDisplay to Application Launcher
[LOG 20:09:29.961] [ResourceDisplay] OnAppStarted(): id: -642046
[LOG 20:09:29.962] [GenericAppFrame] Reposition 0.1113146 48174
[LOG 20:09:29.962] [ResourceDisplay] OnAppStarted(): id: 320510
[LOG 20:09:29.962] ResourceDisplay already exist, destroying this instance
[LOG 20:09:29.963] [UIApp] OnDestroy: ResourceDisplay
[LOG 20:09:29.974] [UIApp] Adding AlarmClock to Application Launcher
[LOG 20:09:29.975] [UIApp] Adding ActionGroupsApp to Application Launcher
[LOG 20:09:29.976] [UIApp] Adding Missions App to Application Launcher
[LOG 20:09:29.977] CURRENCY WIDGET False False False
[LOG 20:09:29.978] [UIApp] OnDestroy: CurrencyWidgetsApp
[LOG 20:09:29.998] [GenericAppFrame] Reposition 0.1353578 48176
[LOG 20:09:30.001] [ActionGroupsApp] OnAppStarted(): id: -642070
[LOG 20:09:30.001] [GenericAppFrame] Reposition 0.1353578 48176
[LOG 20:09:30.002] [UIApp] Adding DeltaVApp to Application Launcher
[LOG 20:09:30.003] [MissionsApp] OnAppStarted(): id: -642058
[LOG 20:09:30.003] MissionsApp does not execute in this game mode, destroying this instance
[LOG 20:09:30.003] [UIApp] OnDestroy: Missions App
[LOG 20:09:30.013] [GenericAppFrame] Reposition 0.1620025 48177
[LOG 20:09:30.023] [UIApp] Adding Cargo to Application Launcher
[LOG 20:09:30.024] [UIApp] Adding Construction to Application Launcher
[LOG 20:09:30.025] [UIApp] Adding KSPedia to Application Launcher
[LOG 20:09:30.035] [UIApp] Adding ManeuverTool to Application Launcher
[LOG 20:09:30.036] [ApplicationLauncher] SetHidden: 
[LOG 20:09:30.050] [GenericAppFrame] Reposition 0.1957048 48180
[LOG 20:09:30.058] [ManeuverTool]: Found 1 transfer types
[LOG 20:09:30.091] Flight State Captured
[LOG 20:09:30.091] Saving Achievements Tree...
[LOG 20:09:30.091] Saving Achievements Tree...
[LOG 20:09:30.092] [MessageSystem] Save Messages
[LOG 20:09:30.109] Game State Saved as persistent
[LOG 20:09:30.841] Unpacking Diag3-Rover
[LOG 20:09:30.842] Unpacking Vaisseau sans nom
[LOG 20:09:30.847] [UIMasterController]: ShowUI
[LOG 20:09:52.109] Game Paused!
[LOG 20:09:52.109] [UIMasterController]: ShowUI
[LOG 20:09:52.840] Game Unpaused!
[LOG 20:09:54.533] Game Paused!
[LOG 20:09:54.534] [UIMasterController]: ShowUI
[LOG 20:10:02.123] Flight State Captured
[LOG 20:10:02.123] Saving Achievements Tree...
[LOG 20:10:02.123] Saving Achievements Tree...
[LOG 20:10:02.123] [MessageSystem] Save Messages
[LOG 20:10:02.137] Game State Saved to saves/claude/approach-kerbin
[LOG 20:10:02.155] Game State Saved to saves/claude/persistent
[LOG 20:10:02.163] Game Unpaused!
[LOG 20:10:04.173] Game Paused!
[LOG 20:10:04.173] [UIMasterController]: ShowUI
[LOG 20:10:06.963] [KSPUpgradePipeline]: claude (1.12.5) is up to date.
[LOG 20:10:06.974] [ScenarioTypes]: List Created 23 scenario types loaded from 7 loaded assemblies.
[LOG 20:10:06.974] [MessageSystem] Load Messages
[LOG 20:10:06.975] [UIMasterController]: HideUI
[LOG 20:10:07.069] [HighLogic]: =========================== Scene Change : From FLIGHT to FLIGHT =====================
[LOG 20:10:07.070] Game Unpaused!
[LOG 20:10:07.244] [PlanetariumCamera]: Focus: Kerbin
[LOG 20:10:07.245] KbApp.OnDestroy Unowned Info
[LOG 20:10:07.246] [UIApp] OnDestroy: ManeuverTool
[LOG 20:10:07.246] KbApp.OnDestroy Planet Info
[LOG 20:10:07.246] KbApp.OnDestroy Vessel Info
[LOG 20:10:07.247] [UIApp] OnDestroy: Cargo
[LOG 20:10:07.247] [UIApp] OnDestroy: AlarmClock
[LOG 20:10:07.247] [UIApp] OnDestroy: Construction
[LOG 20:10:07.247] [UIApp] OnDestroy: ActionGroupsApp
[LOG 20:10:07.248] [UIApp] OnDestroy: KSPedia
[LOG 20:10:07.248] [UIApp] OnDestroy: ResourceDisplay
[LOG 20:10:07.248] KbApp.OnDestroy Planet Resources
[LOG 20:10:07.249] KbApp.OnDestroy Planet Parameters
[LOG 20:10:07.249] [UIApp] OnDestroy: DeltaVApp
[LOG 20:10:07.249] KbApp.OnDestroy NullName
[LOG 20:10:07.249] KbApp.OnDestroy Vessel Crew
[LOG 20:10:07.250] [KSPCF:MemoryLeaks] Removed a onVesselChange callback owned by a destroyed Assembly-CSharp:ModuleDeployableSolarPanel instance
[LOG 20:10:07.251] [KSPCF:MemoryLeaks] Removed a onVesselChange callback owned by a destroyed Assembly-CSharp:ModuleDeployableSolarPanel instance
[LOG 20:10:07.251] [KSPCF:MemoryLeaks] Removed a onVesselChange callback owned by a destroyed Assembly-CSharp:ModuleDeployableSolarPanel instance
[LOG 20:10:07.251] [KSPCF:MemoryLeaks] Removed a onVesselChange callback owned by a destroyed Assembly-CSharp:ModuleDeployableSolarPanel instance
[LOG 20:10:07.251] [KSPCF:MemoryLeaks] Removed a onVesselChange callback owned by a destroyed Assembly-CSharp:ModuleDeployableSolarPanel instance
[LOG 20:10:07.251] [KSPCF:MemoryLeaks] Removed a onVesselChange callback owned by a destroyed Assembly-CSharp:ModuleDeployableSolarPanel instance
[LOG 20:10:07.251] [KSPCF:MemoryLeaks] Removed a OnMapExited callback owned by a destroyed Assembly-CSharp:NavBallToggle instance
[LOG 20:10:07.251] [KSPCF:MemoryLeaks] Removed a OnGameSettingsApplied callback owned by a destroyed Assembly-CSharp:VesselAutopilotUI instance
[LOG 20:10:07.252] [KSPCF:MemoryLeaks] Removed a onPartActionUICreate callback owned by a destroyed Assembly-CSharp:ModuleInventoryPart instance
[LOG 20:10:07.252] [KSPCF:MemoryLeaks] Removed a onModuleInventoryChanged callback owned by a destroyed Assembly-CSharp:ModuleInventoryPart instance
[LOG 20:10:07.252] [KSPCF:MemoryLeaks] Removed a OnEVAConstructionMode callback owned by a destroyed Assembly-CSharp:ModuleCargoPart instance
[LOG 20:10:07.252] [KSPCF:MemoryLeaks] Removed a OnEVAConstructionMode callback owned by a destroyed Assembly-CSharp:ModuleCargoPart instance
[LOG 20:10:07.252] [KSPCF:MemoryLeaks] Removed a OnEVAConstructionMode callback owned by a destroyed Assembly-CSharp:ModuleCargoPart instance
[LOG 20:10:07.252] [KSPCF:MemoryLeaks] Removed a OnEVAConstructionMode callback owned by a destroyed Assembly-CSharp:ModuleCargoPart instance
[LOG 20:10:07.253] [KSPCF:MemoryLeaks] Removed a OnEVAConstructionMode callback owned by a destroyed Assembly-CSharp:ModuleCargoPart instance
[LOG 20:10:07.253] [KSPCF:MemoryLeaks] Removed a OnEVAConstructionMode callback owned by a destroyed Assembly-CSharp:ModuleCargoPart instance
[LOG 20:10:07.253] [KSPCF:MemoryLeaks] Removed a OnEVAConstructionMode callback owned by a destroyed Assembly-CSharp:ModuleCargoPart instance
[LOG 20:10:07.253] [KSPCF:MemoryLeaks] Removed a OnEVAConstructionMode callback owned by a destroyed Assembly-CSharp:ModuleCargoPart instance
[LOG 20:10:07.253] [KSPCF:MemoryLeaks] Removed a OnEVAConstructionMode callback owned by a destroyed Assembly-CSharp:ModuleCargoPart instance
[LOG 20:10:07.253] [KSPCF:MemoryLeaks] Removed a OnEVAConstructionMode callback owned by a destroyed Assembly-CSharp:ModuleCargoPart instance
[LOG 20:10:07.253] [KSPCF:MemoryLeaks] Removed a OnEVAConstructionMode callback owned by a destroyed Assembly-CSharp:ModuleCargoPart instance
[LOG 20:10:07.253] [KSPCF:MemoryLeaks] Removed a OnEVAConstructionMode callback owned by a destroyed Assembly-CSharp:ModuleCargoPart instance
[LOG 20:10:07.253] [KSPCF:MemoryLeaks] Removed a OnEVAConstructionMode callback owned by a destroyed Assembly-CSharp:ModuleCargoPart instance
[LOG 20:10:07.253] [KSPCF:MemoryLeaks] Removed a OnEVAConstructionMode callback owned by a destroyed Assembly-CSharp:ModuleCargoPart instance
[LOG 20:10:07.253] [KSPCF:MemoryLeaks] Removed a OnEVAConstructionMode callback owned by a destroyed Assembly-CSharp:ModuleCargoPart instance
[LOG 20:10:07.253] [KSPCF:MemoryLeaks] Removed a OnEVAConstructionMode callback owned by a destroyed Assembly-CSharp:ModuleCargoPart instance
[LOG 20:10:07.253] [KSPCF:MemoryLeaks] Removed a OnEVAConstructionMode callback owned by a destroyed Assembly-CSharp:ModuleCargoPart instance
[LOG 20:10:07.253] [KSPCF:MemoryLeaks] Removed a OnEVAConstructionMode callback owned by a destroyed Assembly-CSharp:ModuleCargoPart instance
[LOG 20:10:07.253] [KSPCF:MemoryLeaks] Removed a OnEVAConstructionMode callback owned by a destroyed Assembly-CSharp:ModuleCargoPart instance
[LOG 20:10:07.253] [KSPCF:MemoryLeaks] Removed a OnEVAConstructionMode callback owned by a destroyed Assembly-CSharp:ModuleCargoPart instance
[LOG 20:10:07.254] [KSPCF:MemoryLeaks] Removed a OnEVAConstructionMode callback owned by a destroyed Assembly-CSharp:ModuleCargoPart instance
[LOG 20:10:07.254] [KSPCF:MemoryLeaks] Removed a OnEVAConstructionMode callback owned by a destroyed Assembly-CSharp:ModuleCargoPart instance
[LOG 20:10:07.254] [KSPCF:MemoryLeaks] Removed a OnEVAConstructionMode callback owned by a destroyed Assembly-CSharp:ModuleCargoPart instance
[LOG 20:10:07.254] [KSPCF:MemoryLeaks] Removed a OnEVAConstructionMode callback owned by a destroyed Assembly-CSharp:ModuleCargoPart instance
[LOG 20:10:07.254] [KSPCF:MemoryLeaks] Removed a OnEVAConstructionMode callback owned by a destroyed Assembly-CSharp:ModuleCargoPart instance
[LOG 20:10:07.254] [KSPCF:MemoryLeaks] Removed a OnEVAConstructionMode callback owned by a destroyed Assembly-CSharp:ModuleCargoPart instance
[LOG 20:10:07.254] [KSPCF:MemoryLeaks] Removed a OnEVAConstructionMode callback owned by a destroyed Assembly-CSharp:ModuleCargoPart instance
[LOG 20:10:07.254] [KSPCF:MemoryLeaks] Removed a OnEVAConstructionMode callback owned by a destroyed Assembly-CSharp:ModuleCargoPart instance
[LOG 20:10:07.254] [KSPCF:MemoryLeaks] Removed a OnEVAConstructionMode callback owned by a destroyed Assembly-CSharp:ModuleCargoPart instance
[LOG 20:10:07.254] [KSPCF:MemoryLeaks] Removed a OnEVAConstructionMode callback owned by a destroyed Assembly-CSharp:ModuleCargoPart instance
[LOG 20:10:07.254] [KSPCF:MemoryLeaks] Removed a OnEVAConstructionMode callback owned by a destroyed Assembly-CSharp:ModuleCargoPart instance
[LOG 20:10:07.254] [KSPCF:MemoryLeaks] Removed a OnEVAConstructionMode callback owned by a destroyed Assembly-CSharp:ModuleCargoPart instance
[LOG 20:10:07.255] [KSPCF:MemoryLeaks] Removed a OnEVAConstructionMode callback owned by a destroyed Assembly-CSharp:ModuleCargoPart instance
[LOG 20:10:07.255] [KSPCF:MemoryLeaks] Removed a OnEVAConstructionMode callback owned by a destroyed Assembly-CSharp:ModuleCargoPart instance
[LOG 20:10:07.255] [KSPCF:MemoryLeaks] Removed a OnEVAConstructionMode callback owned by a destroyed Assembly-CSharp:ModuleCargoPart instance
[LOG 20:10:07.255] [KSPCF:MemoryLeaks] Removed a OnEVAConstructionMode callback owned by a destroyed Assembly-CSharp:ModuleCargoPart instance
[LOG 20:10:07.255] [KSPCF:MemoryLeaks] Removed a OnDestructibleLoaded callback owned by a destroyed Assembly-CSharp:RunwayCollisionHandler instance
[LOG 20:10:07.255] [KSPCF:MemoryLeaks] Removed a OnClick callback owned by a destroyed Assembly-CSharp:EVAConstructionModeEditor instance
[LOG 20:10:07.255] [KSPCF:MemoryLeaks] Removed a TimingManager.Instance.timing5.onLateUpdate callback owned by a destroyed Assembly-CSharp:MapView instance
[LOG 20:10:07.255] [KSPCF:MemoryLeaks] Leaving scene "Flight", cleaned 111 memory leaks in 0.005s. GameEvents callbacks : 536. Allocated memory : 684.273 MiB (managed heap), 2.221 GiB (unmanaged)
[LOG 20:10:07.267] UICanvasPrefabSpawner FlightUI spawning Flight
[LOG 20:10:07.288] UICanvasPrefabSpawner FlightUI spawning VesselLabels
[LOG 20:10:07.289] [UiApp] Awake: ResourceDisplay
[LOG 20:10:07.380] [AddonLoader]: Instantiating addon 'AeroGUI' from assembly 'KSP'
[LOG 20:10:07.391] [AddonLoader]: Instantiating addon 'TerrainPrecisionFixDiagMod' from assembly 'TerrainPrecisionFixDiagMod'
[LOG 20:10:07.392] [PlanetariumCamera]: Focus: Kerbin
[LOG 20:10:07.392] [UIMasterController]: HideUI
[LOG 20:10:07.727] [UIMasterController]: HideUI
[LOG 20:10:07.727] ------------------- initializing flight mode... ------------------
[LOG 20:10:07.728] GetSubclassesOfParentClass: Using cached results for AlarmTypeBase
[LOG 20:10:07.729] Loading Depletion Nodes
[LOG 20:10:07.729] DepNodeCount:  0
[LOG 20:10:07.729] Loading Biome Nodes
[LOG 20:10:07.729] BiomeNodeCount:  0
[LOG 20:10:07.729] Loading Planet Nodes
[LOG 20:10:07.729] PlanetNodeCount:  0
[LOG 20:10:07.730] [ScenarioDestructibles]: Loading... 0 objects registered
[LOG 20:10:07.765] Target vessel index: 7  vessel count: 8
[LOG 20:10:07.765] [FLIGHT GLOBALS]: Switching To Vessel Diag3-Rover ---------------------- 
[LOG 20:10:07.765] setting new dominant body: Kerbin
FlightGlobals.mainBody: Kerbin
[LOG 20:10:07.766] Reference Frame: Rotating
[LOG 20:10:07.794] [Diag3-Rover]: landed - waiting for ground contact to resume physics...
[LOG 20:10:07.795] Camera Mode: AUTO
[LOG 20:10:10.398] all systems started
[LOG 20:10:10.524] [Vaisseau sans nom]: landed - waiting for ground contact to resume physics...
[LOG 20:10:10.554] [UiApp] Awake: CurrencyWidgetsApp
[LOG 20:10:10.554] [UiApp] Awake: ResourceDisplay
[LOG 20:10:10.554] [UiApp] Awake: KSPedia
[LOG 20:10:10.554] [UiApp] Awake: Missions App
[LOG 20:10:10.554] [UiApp] Awake: DeltaVApp
[LOG 20:10:10.554] [UiApp] Awake: ActionGroupsApp
[LOG 20:10:10.554] [UiApp] Awake: Construction
[LOG 20:10:10.554] [UiApp] Awake: Cargo
[LOG 20:10:10.554] [UiApp] Awake: AlarmClock
[LOG 20:10:10.554] [UiApp] Awake: ManeuverTool
[LOG 20:10:10.555] [ApplicationLauncher] OnSceneLoadedGUIReady: scene FLIGHT ShouldBeVisible() True ShouldBeOnTop() True iIsPositionedAtTop True
[LOG 20:10:10.557] [KnowledgeBase] OnAppLauncherReady 53417
[LOG 20:10:10.567] [UIApp] OnDestroy: Contracts
[LOG 20:10:10.599] [FlightIntegrator]: Reloaded drag cube for zeroed cube root part trussPiece3x (Diag3-Rover) on vessel Diag3-Rover
[LOG 20:10:10.603] [MessageSystem] Reposition 0.02 53418
[LOG 20:10:10.603] [GenericAppFrame] Reposition 0.02 53418
[LOG 20:10:10.603] [GenericAppFrame] Reposition 0.02 53418
[LOG 20:10:10.671] [FlightIntegrator]: Reloaded drag cube for zeroed cube root part fuelTankSmallFlat (Vaisseau sans nom) on vessel Vaisseau sans nom
[LOG 20:10:10.674] [PlanetariumCamera]: Focus: Diag3-Rover
[LOG 20:10:10.688] [UIApp] Adding ResourceDisplay to Application Launcher
[LOG 20:10:10.689] [UIApp] Adding ResourceDisplay to Application Launcher
[LOG 20:10:10.698] [ResourceDisplay] OnAppStarted(): id: -682612
[LOG 20:10:10.699] [GenericAppFrame] Reposition 0.1054066 53422
[LOG 20:10:10.699] [ResourceDisplay] OnAppStarted(): id: 320642
[LOG 20:10:10.699] ResourceDisplay already exist, destroying this instance
[LOG 20:10:10.699] [UIApp] OnDestroy: ResourceDisplay
[LOG 20:10:10.710] [UIApp] Adding AlarmClock to Application Launcher
[LOG 20:10:10.711] [UIApp] Adding ActionGroupsApp to Application Launcher
[LOG 20:10:10.712] [UIApp] Adding Missions App to Application Launcher
[LOG 20:10:10.713] CURRENCY WIDGET False False False
[LOG 20:10:10.715] [UIApp] OnDestroy: CurrencyWidgetsApp
[LOG 20:10:10.734] [GenericAppFrame] Reposition 0.1286325 53424
[LOG 20:10:10.737] [ActionGroupsApp] OnAppStarted(): id: -682636
[LOG 20:10:10.738] [GenericAppFrame] Reposition 0.1286325 53424
[LOG 20:10:10.738] [UIApp] Adding DeltaVApp to Application Launcher
[LOG 20:10:10.739] [MissionsApp] OnAppStarted(): id: -682624
[LOG 20:10:10.739] MissionsApp does not execute in this game mode, destroying this instance
[LOG 20:10:10.739] [UIApp] OnDestroy: Missions App
[LOG 20:10:10.750] [GenericAppFrame] Reposition 0.1559586 53425
[LOG 20:10:10.761] [UIApp] Adding Cargo to Application Launcher
[LOG 20:10:10.762] [UIApp] Adding Construction to Application Launcher
[LOG 20:10:10.763] [UIApp] Adding KSPedia to Application Launcher
[LOG 20:10:10.773] [UIApp] Adding ManeuverTool to Application Launcher
[LOG 20:10:10.774] [ApplicationLauncher] SetHidden: 
[LOG 20:10:10.789] [GenericAppFrame] Reposition 0.1908264 53428
[LOG 20:10:10.797] [ManeuverTool]: Found 1 transfer types
[LOG 20:10:10.831] Flight State Captured
[LOG 20:10:10.832] Saving Achievements Tree...
[LOG 20:10:10.832] Saving Achievements Tree...
[LOG 20:10:10.832] [MessageSystem] Save Messages
[LOG 20:10:10.844] Game State Saved as persistent
[LOG 20:10:11.580] Unpacking Diag3-Rover
[LOG 20:10:11.581] Unpacking Vaisseau sans nom
[LOG 20:10:11.586] [UIMasterController]: ShowUI
[LOG 20:10:15.861] Game Paused!
[LOG 20:10:15.862] [UIMasterController]: ShowUI
[LOG 20:11:45.107] Game Unpaused!
[LOG 20:11:54.850] [AsteroidSpawner]: New object found near Kerbin: Ast. JYB-527!
[LOG 20:12:09.851] [AsteroidSpawner]: No new objects this time. (Odds are 1:2)
[LOG 20:12:11.972] Packing Vaisseau sans nom for orbit
[LOG 20:12:24.842] Game Paused!
[LOG 20:12:24.842] [UIMasterController]: ShowUI
[LOG 20:12:24.842] [FlightGlobals]: Active Vessel is moving (sqrVel = 0.121263705276497). Cannot save.
[LOG 20:12:46.501] Game Unpaused!
[LOG 20:12:46.517] [AsteroidSpawner]: New object found near Kerbin: Ast. ZDD-836!
[LOG 20:12:54.404] Game Paused!
[LOG 20:12:54.404] [UIMasterController]: ShowUI
[LOG 20:12:54.917] Game Unpaused!
[LOG 20:13:02.675] Game Paused!
[LOG 20:13:02.675] [UIMasterController]: ShowUI
[LOG 20:13:02.675] [FlightGlobals]: Active Vessel is moving (sqrVel = 104.881528071113). Cannot save.
[LOG 20:13:06.213] Game Unpaused!
[LOG 20:13:20.578] [AsteroidSpawner]: New object found near Kerbin: Ast. GKC-435!
[LOG 20:13:59.806] Unpacking Vaisseau sans nom
[LOG 20:14:30.964] Packing Vaisseau sans nom for orbit
[LOG 20:15:07.502] Unpacking Vaisseau sans nom
[LOG 20:15:38.023] Packing Vaisseau sans nom for orbit
[LOG 20:16:18.079] Unpacking Vaisseau sans nom
[LOG 20:17:05.557] Flight State Captured
[LOG 20:17:05.557] Saving Achievements Tree...
[LOG 20:17:05.557] Saving Achievements Tree...
[LOG 20:17:05.558] [MessageSystem] Save Messages
[LOG 20:17:05.572] Game State Saved to saves/claude/persistent
[LOG 20:17:05.580] [AutoSave]: Game Backed Up and Saved
