[LOG 14:12:28.298] ******* Log Initiated for Kerbal Space Program - 1.12.5.3190 (WindowsPlayer x64) fr-fr *******
Kerbal Space Program - 1.12.5.3190 (WindowsPlayer x64) fr-fr


OS: Windows 10  (10.0.0) 64bit
CPU: Intel(R) Core(TM) i7-4790K CPU @ 4.00GHz (8)
RAM: 32687
GPU: NVIDIA GeForce GTX 1060 6GB (6029MB)
SM: 50 (Direct3D 11.0 [level 11.1])
RT Formats: ARGB32, Depth, ARGBHalf, Shadowmap, RGB565, ARGB4444, ARGB1555, Default, ARGB2101010, DefaultHDR, ARGB64, ARGBFloat, RGFloat, RGHalf, RFloat, RHalf, R8, ARGBInt, RGInt, RInt, BGRA32, RGB111110Float, RG32, RGBAUShort, RG16, BGRA10101010_XR, BGR101010_XR, R16


Log started: Fri, Sep 25, 2026 14:12:28


[LOG 14:12:28.316] ActionCanvas MASK: 3458764513820540928
[LOG 14:12:28.317] AppCanvas MASK: 3458764513820540928
[LOG 14:12:28.319] MainCanvas MASK: 3458764513820540928
[LOG 14:12:29.623] Load(Assembly): /ModuleManager.4.2.3
[LOG 14:12:29.624] AssemblyLoader: Loading assembly at D:\KSP-RSS-Dev\GameData\ModuleManager.4.2.3.dll
[LOG 14:12:29.647] AssemblyLoader: KSPAssembly 'ModuleManager' V2.5.0
[LOG 14:12:29.647] Load(Assembly): 000_Harmony/0Harmony
[LOG 14:12:29.647] AssemblyLoader: Loading assembly at D:\KSP-RSS-Dev\GameData\000_Harmony\0Harmony.dll
[LOG 14:12:29.652] Load(Assembly): 000_Harmony/HarmonyInstallChecker
[LOG 14:12:29.652] AssemblyLoader: Loading assembly at D:\KSP-RSS-Dev\GameData\000_Harmony\HarmonyInstallChecker.dll
[LOG 14:12:29.653] AssemblyLoader: KSPAssembly 'HarmonyKSP' V1.0.0
[LOG 14:12:29.653] Load(Assembly): Kopernicus/Plugins/Kopernicus
[LOG 14:12:29.653] AssemblyLoader: Loading assembly at D:\KSP-RSS-Dev\GameData\Kopernicus\Plugins\Kopernicus.dll
[LOG 14:12:29.664] AssemblyLoader: KSPAssembly 'Kopernicus' V1.0.248
[LOG 14:12:29.665] AssemblyLoader: KSPAssemblyDependency 'Kopernicus.Parser' V1.0.0
[LOG 14:12:29.665] AssemblyLoader: KSPAssemblyDependency 'ModularFlightIntegrator' V1.0.0
[LOG 14:12:29.665] AssemblyLoader: KSPAssemblyDependency '0Harmony' V0.0.0
[LOG 14:12:29.665] AssemblyLoader: KSPAssemblyDependency 'KSPTextureLoader' V1.0.26
[LOG 14:12:29.665] Load(Assembly): Kopernicus/Plugins/Kopernicus.Parser
[LOG 14:12:29.665] AssemblyLoader: Loading assembly at D:\KSP-RSS-Dev\GameData\Kopernicus\Plugins\Kopernicus.Parser.dll
[LOG 14:12:29.666] AssemblyLoader: KSPAssembly 'Kopernicus.Parser' V1.0.0
[LOG 14:12:29.666] Load(Assembly): KSPCommunityFixes/Plugins/0_MultipleModuleInPartAPI
[LOG 14:12:29.666] AssemblyLoader: Loading assembly at D:\KSP-RSS-Dev\GameData\KSPCommunityFixes\Plugins\0_MultipleModuleInPartAPI.dll
[LOG 14:12:29.667] AssemblyLoader: KSPAssembly 'MultipleModulePartAPI' V1.0.0
[LOG 14:12:29.667] Load(Assembly): KSPCommunityFixes/Plugins/KSPCommunityFixes
[LOG 14:12:29.667] AssemblyLoader: Loading assembly at D:\KSP-RSS-Dev\GameData\KSPCommunityFixes\Plugins\KSPCommunityFixes.dll
[LOG 14:12:29.669] AssemblyLoader: KSPAssembly 'KSPCommunityFixes' V1.41.1
[LOG 14:12:29.669] AssemblyLoader: KSPAssemblyDependency 'HarmonyKSP' V1.0.0
[LOG 14:12:29.669] AssemblyLoader: KSPAssemblyDependency 'ModuleManager' V1.0.0
[LOG 14:12:29.669] AssemblyLoader: KSPAssemblyDependency 'MultipleModulePartAPI' V1.0.0
[LOG 14:12:29.669] Load(Assembly): KSPTextureLoader/Plugins/KSPTextureLoader.Burst
[LOG 14:12:29.669] AssemblyLoader: Loading assembly at D:\KSP-RSS-Dev\GameData\KSPTextureLoader\Plugins\KSPTextureLoader.Burst.dll
[LOG 14:12:29.676] Load(Assembly): KSPTextureLoader/Plugins/KSPTextureLoader
[LOG 14:12:29.676] AssemblyLoader: Loading assembly at D:\KSP-RSS-Dev\GameData\KSPTextureLoader\Plugins\KSPTextureLoader.dll
[LOG 14:12:29.681] AssemblyLoader: KSPAssemblyDependency 'SharpDX' V0.0.0
[LOG 14:12:29.681] AssemblyLoader: KSPAssemblyDependency 'SharpDX.DXGI' V0.0.0
[LOG 14:12:29.681] AssemblyLoader: KSPAssemblyDependency 'SharpDX.Direct3D11' V0.0.0
[LOG 14:12:29.681] AssemblyLoader: KSPAssembly 'KSPTextureLoader' V1.0.36
[LOG 14:12:29.681] Load(Assembly): KSPTextureLoader/Plugins/SharpDX.Direct3D11
[LOG 14:12:29.681] AssemblyLoader: Loading assembly at D:\KSP-RSS-Dev\GameData\KSPTextureLoader\Plugins\SharpDX.Direct3D11.dll
[LOG 14:12:29.684] Load(Assembly): KSPTextureLoader/Plugins/SharpDX
[LOG 14:12:29.684] AssemblyLoader: Loading assembly at D:\KSP-RSS-Dev\GameData\KSPTextureLoader\Plugins\SharpDX.dll
[LOG 14:12:29.688] Load(Assembly): KSPTextureLoader/Plugins/SharpDX.DXGI
[LOG 14:12:29.688] AssemblyLoader: Loading assembly at D:\KSP-RSS-Dev\GameData\KSPTextureLoader\Plugins\SharpDX.DXGI.dll
[LOG 14:12:29.690] Load(Assembly): ModularFlightIntegrator/ModularFlightIntegrator
[LOG 14:12:29.690] AssemblyLoader: Loading assembly at D:\KSP-RSS-Dev\GameData\ModularFlightIntegrator\ModularFlightIntegrator.dll
[LOG 14:12:29.692] AssemblyLoader: KSPAssembly 'ModularFlightIntegrator' V1.0.0
[LOG 14:12:29.692] Load(Assembly): RealSolarSystem/Plugins/RealSolarSystem
[LOG 14:12:29.692] AssemblyLoader: Loading assembly at D:\KSP-RSS-Dev\GameData\RealSolarSystem\Plugins\RealSolarSystem.dll
[LOG 14:12:29.693] AssemblyLoader: KSPAssemblyDependency 'Kopernicus' V1.0.0
[LOG 14:12:29.693] AssemblyLoader: KSPAssemblyDependency 'Kopernicus.Parser' V1.0.0
[LOG 14:12:29.694] Load(Assembly): TerrainPrecisionFixDiagMod/TerrainPrecisionFixDiagMod
[LOG 14:12:29.694] AssemblyLoader: Loading assembly at D:\KSP-RSS-Dev\GameData\TerrainPrecisionFixDiagMod\TerrainPrecisionFixDiagMod.dll
[LOG 14:12:29.695] Load(Assembly): VGPEOff/WorldStabilizer
[LOG 14:12:29.695] AssemblyLoader: Loading assembly at D:\KSP-RSS-Dev\GameData\VGPEOff\WorldStabilizer.dll
[LOG 14:12:29.698] AssemblyLoader: Loading assemblies
[LOG 14:12:29.821] VesselModules: Found VesselModule of type AxisGroupsModule with order 999
[LOG 14:12:29.865] VesselModules: Found VesselModule of type CometVessel with order 999
[LOG 14:12:29.867] VesselModules: Found VesselModule of type SuspensionLoadBalancer with order 999
[LOG 14:12:29.869] VesselModules: Found VesselModule of type FlightIntegrator with order 0
[LOG 14:12:29.871] VesselModules: Found VesselModule of type CommNetVessel with order 999
[LOG 14:12:29.877] VesselModules: Found VesselModule of type ModularFlightIntegrator with order 0
[LOG 14:12:29.880] VesselModules: Found 6 VesselModule types
[LOG 14:12:29.890] 
************************************************************************

Environment Info
Win32NT 7FFFFFFFFFFFFFFF  Args: KSP_x64.exe 

Mod DLLs found:
Stock assembly: Assembly-CSharp v0.0.0.0
ModuleManager v4.2.3.0
0Harmony v2.2.1.0
HarmonyInstallChecker v2.2.1.0
Kopernicus.Parser v1.0.0.0 / v1.0.0.0+7b0dc7978641bd95510e13ea62c1f2d3fd3fe047
ModularFlightIntegrator v1.0.0.0 / v1.2.10.0
SharpDX v4.2.0.0 / v4.2.0+8e5df9f17b1d328c595a9df5851dbb2537b55621 / v4.2.0
SharpDX.DXGI v4.2.0.0 / v4.2.0+8e5df9f17b1d328c595a9df5851dbb2537b55621 / v4.2.0
SharpDX.Direct3D11 v4.2.0.0 / v4.2.0+8e5df9f17b1d328c595a9df5851dbb2537b55621 / v4.2.0
KSPTextureLoader v1.0.36.0 / v1.0.36+cda0e0fea05c372369b8464c01035616501d8d28
Kopernicus v1.0.248.0 / v1.0.248+7b0dc7978641bd95510e13ea62c1f2d3fd3fe047 / v1.12.248.0
0_MultipleModuleInPartAPI v1.0.0.0 / v1.0.0+7969fdc50bf4e350193abe5ba2e89533b12ca02f
KSPCommunityFixes v1.41.0.0 / v1.41.1+7969fdc50bf4e350193abe5ba2e89533b12ca02f / v1.41.1.0
KSPTextureLoader.Burst v0.0.0.0
RealSolarSystem v20.1.3.0
TerrainPrecisionFixDiagMod v1.0.9764.24952
WorldStabilizer v1.0.0.0 / v1.0.0

Folders and files in GameData:
000_Harmony
Kopernicus
KSPCommunityFixes
KSPTextureLoader
ModularFlightIntegrator
RealSolarSystem
RSS-Textures
Stock folder: Squad

Stock folder: SquadExpansion

TerrainPrecisionFixDiagMod
VGPEOff
ModuleManager.4.2.3.dll
ModuleManager.ConfigCache
ModuleManager.ConfigSHA
ModuleManager.Physics
ModuleManager.TechTree

************************************************************************

[LOG 14:12:29.908] [AddonLoader]: Instantiating addon 'ModuleManager' from assembly 'ModuleManager'
[LOG 14:12:29.921] [ModuleManager] Adding post patch to the loading screen 4
[LOG 14:12:29.923] [ModuleManager] Patching started on a new thread, all output will be directed to D:\KSP-RSS-Dev\Logs\ModuleManager\ModuleManager.log
[LOG 14:12:29.927] [AddonLoader]: Instantiating addon 'HarmonyInstallChecker' from assembly 'HarmonyKSP'
[LOG 14:12:29.927] [AddonLoader]: Instantiating addon 'MFIManager' from assembly 'ModularFlightIntegrator'
[LOG 14:12:29.929] [AddonLoader]: Instantiating addon 'TextureLoader' from assembly 'KSPTextureLoader'
[LOG 14:12:29.935] [AddonLoader]: Instantiating addon 'Events' from assembly 'Kopernicus'
[LOG 14:12:29.951] [AddonLoader]: Instantiating addon 'ToolbarButton' from assembly 'Kopernicus'
[LOG 14:12:29.953] [AddonLoader]: Instantiating addon 'ShadowMan' from assembly 'Kopernicus'
[LOG 14:12:29.953] [AddonLoader]: Instantiating addon 'RenderTypeFixer' from assembly 'Kopernicus'
[LOG 14:12:29.954] [AddonLoader]: Instantiating addon 'ShaderProperties' from assembly 'Kopernicus'
[LOG 14:12:29.955] [AddonLoader]: Instantiating addon 'AtmosphereFixer' from assembly 'Kopernicus'
[LOG 14:12:29.956] [AddonLoader]: Instantiating addon 'LogAggregatorWorker' from assembly 'Kopernicus'
[LOG 14:12:30.022] [AddonLoader]: Instantiating addon 'MeshPreloaderInjector' from assembly 'Kopernicus'
[LOG 14:12:30.023] [AddonLoader]: Instantiating addon 'SinkingBugFix' from assembly 'Kopernicus'
[LOG 14:12:30.023] [AddonLoader]: Instantiating addon 'TerrainQualitySetter' from assembly 'Kopernicus'
[LOG 14:12:30.023] [AddonLoader]: Instantiating addon 'CompatibilityChecker' from assembly 'Kopernicus'
[LOG 14:12:30.025] [AddonLoader]: Instantiating addon 'KSPCommunityFixes' from assembly 'KSPCommunityFixes'
[LOG 14:12:30.026] [AddonLoader]: Instantiating addon 'NoIVA' from assembly 'KSPCommunityFixes'
[LOG 14:12:30.026] [AddonLoader]: Instantiating addon 'ConfigNodePerf' from assembly 'KSPCommunityFixes'
[LOG 14:12:30.260] [AddonLoader]: Instantiating addon 'KSPCFFastLoader' from assembly 'KSPCommunityFixes'
[LOG 14:12:30.262] [KSPCF] Injecting FastLoader...
[LOG 14:12:30.290] [KSPCommunityFixes] Patch GameDatabasePerf applied.
[LOG 14:12:30.373] [AddonLoader]: Instantiating addon 'ReflectionTypeLoadExceptionHandler' from assembly 'KSPCommunityFixes'
[LOG 14:12:30.376] [AddonLoader]: Instantiating addon 'HarmonyPatcher' from assembly 'RealSolarSystem'
[LOG 14:12:30.377] [AddonLoader]: Instantiating addon 'RSSInstallationCheck' from assembly 'RealSolarSystem'
[LOG 14:12:30.377] [AddonLoader]: Instantiating addon 'TimeWarpFixer' from assembly 'RealSolarSystem'
[LOG 14:12:31.690] [KSPCF] Taking over stock loader. An exception will follow, this is intended.
[EXC 14:12:31.694] Exception: Terminating stock loader coroutine, this is intended and not an error
	KSPCommunityFixes.Performance.KSPCFFastLoader.GameDatabase_SetupMainLoaders_Prefix () (at <62bb7f5420994f409a34377c091e8538>:0)
	(wrapper dynamic-method) GameDatabase.GameDatabase.SetupMainLoaders_Patch1(GameDatabase)
	GameDatabase+<LoadObjects>d__90.MoveNext () (at <4b449f2841f84227adfaad3149c8fdba>:0)
	UnityEngine.SetupCoroutine.InvokeMoveNext (System.Collections.IEnumerator enumerator, System.IntPtr returnValueAddress) (at <12e76cd50cc64cf19e759e981cb725af>:0)
	UnityEngine.DebugLogHandler:LogException(Exception, Object)
	ModuleManager.UnityLogHandle.InterceptLogHandler:LogException(Exception, Object)
	UnityEngine.MonoBehaviour:StartCoroutine(IEnumerator)
	<CreateDatabase>d__71:MoveNext()
	UnityEngine.MonoBehaviour:StartCoroutine(IEnumerator)
	GameDatabase:StartLoad()
	<LoadSystems>d__11:MoveNext()
	UnityEngine.MonoBehaviour:StartCoroutine(IEnumerator)
	LoadingScreen:Start()
[LOG 14:12:31.741] [MFIManager] FlightIntegrator is active. Deactivating it
[LOG 14:12:31.741] [MFIManager] Current active VesselModule : 
[MFIManager]  AxisGroupsModule active=True order=999
[MFIManager]  CometVessel active=True order=999
[MFIManager]  SuspensionLoadBalancer active=True order=999
[MFIManager]  FlightIntegrator active=False order=0
[MFIManager]  CommNet.CommNetVessel active=True order=999
[MFIManager]  ModularFI.ModularFlightIntegrator active=True order=0

[LOG 14:12:31.749] [CompatibilityChecker] Running checker version 4 from 'Kopernicus'
[LOG 14:12:31.769] [RealSolarSystem] EarthColor.dds size: 2.7MB
[LOG 14:12:31.898] Preloading Asset Bundle Definitions
[LOG 14:12:32.320] Load Audio: Squad/Alarms/Sounds/Chirps
[LOG 14:12:32.342] Load Audio: Squad/Alarms/Sounds/Classic
[LOG 14:12:32.343] Load Audio: Squad/Alarms/Sounds/ClockTower
[LOG 14:12:32.343] Load Audio: Squad/Alarms/Sounds/ComputerGlass1
[LOG 14:12:32.343] Load Audio: Squad/Alarms/Sounds/ComputerGlass2
[LOG 14:12:32.343] Load Audio: Squad/Alarms/Sounds/ComputerShort
[LOG 14:12:32.343] Load Audio: Squad/Alarms/Sounds/ComputerTriad
[LOG 14:12:32.343] Load Audio: Squad/Alarms/Sounds/DoorBell
[LOG 14:12:32.344] Load Audio: Squad/Alarms/Sounds/Glass
[LOG 14:12:32.344] Load Audio: Squad/Alarms/Sounds/Klaxon
[LOG 14:12:32.344] Load Audio: Squad/Alarms/Sounds/Mobile
[LOG 14:12:32.344] Load Audio: Squad/Alarms/Sounds/Morning
[LOG 14:12:32.344] Load Audio: Squad/Alarms/Sounds/OldClock
[LOG 14:12:32.344] Load Audio: Squad/Alarms/Sounds/OldHorn
[LOG 14:12:32.344] Load Audio: Squad/Alarms/Sounds/Ripple
[LOG 14:12:32.345] Load Audio: Squad/Sounds/editorLoop01
[LOG 14:12:32.345] Load Audio: Squad/Sounds/elev_loop
[LOG 14:12:32.345] Load Audio: Squad/Sounds/elev_start
[LOG 14:12:32.345] Load Audio: Squad/Sounds/elev_stop
[LOG 14:12:32.345] Load Audio: Squad/Sounds/fireworks_explosion_2
[LOG 14:12:32.345] Load Audio: Squad/Sounds/fireworks_explosion_3
[LOG 14:12:32.345] Load Audio: Squad/Sounds/fireworks_explosion_4
[LOG 14:12:32.345] Load Audio: Squad/Sounds/fireworks_launch_boom
[LOG 14:12:32.346] Load Audio: Squad/Sounds/fireworks_only_crackle_crackle_1
[LOG 14:12:32.346] Load Audio: Squad/Sounds/fireworks_only_crackle_dragon_1
[LOG 14:12:32.803] Load Audio: Squad/Sounds/fireworks_only_crackle_palm_1
[LOG 14:12:32.803] Load Audio: Squad/Sounds/fireworks_whistle
[LOG 14:12:32.803] Load Audio: Squad/Sounds/ksp1_banana_V2_01
[LOG 14:12:32.803] Load Audio: Squad/Sounds/ksp1_banana_V2_04
[LOG 14:12:32.804] Load Audio: Squad/Sounds/ksp1_banana_V2_05
[LOG 14:12:32.804] Load Audio: Squad/Sounds/ksp1_golf_swing_normal
[LOG 14:12:32.804] Load Audio: Squad/Sounds/ksp1_ground_anchor_v2_1
[LOG 14:12:32.804] Load Audio: Squad/Sounds/ksp1_strunts_disconnect_v3_pitched2
[LOG 14:12:32.804] Load Audio: Squad/Sounds/repairKit_repair1
[LOG 14:12:32.805] Load Audio: Squad/Sounds/repairKit_repair2
[LOG 14:12:32.805] Load Audio: Squad/Sounds/sound_ambience_nature
[LOG 14:12:32.805] Load Audio: Squad/Sounds/sound_click_flick
[LOG 14:12:32.805] Load Audio: Squad/Sounds/sound_click_latch
[LOG 14:12:32.805] Load Audio: Squad/Sounds/sound_click_sharp
[LOG 14:12:32.805] Load Audio: Squad/Sounds/sound_click_tick
[LOG 14:12:32.806] Load Audio: Squad/Sounds/sound_click_tock
[LOG 14:12:32.806] Load Audio: Squad/Sounds/sound_decoupler_fire
[LOG 14:12:32.806] Load Audio: Squad/Sounds/sound_delete_bin
[LOG 14:12:32.806] Load Audio: Squad/Sounds/sound_explosion_debris1
[LOG 14:12:32.806] Load Audio: Squad/Sounds/sound_explosion_debris2
[LOG 14:12:32.807] Load Audio: Squad/Sounds/sound_explosion_large
[LOG 14:12:32.807] Load Audio: Squad/Sounds/sound_rocket_mini
[LOG 14:12:32.807] Load Audio: Squad/Sounds/sound_rocket_spurts
[LOG 14:12:32.807] Load Audio: Squad/Sounds/sound_servomotor
[LOG 14:12:32.807] Load Audio: Squad/Sounds/sound_tab_extend
[LOG 14:12:32.816] Load Audio: Squad/Sounds/sound_tab_retreat
[LOG 14:12:32.817] Load Audio: SquadExpansion/Serenity/Sounds/robo_arm_large_end
[LOG 14:12:32.817] Load Audio: SquadExpansion/Serenity/Sounds/robo_arm_large_motor_00
[LOG 14:12:32.817] Load Audio: SquadExpansion/Serenity/Sounds/robo_arm_large_scan
[LOG 14:12:32.817] Load Audio: SquadExpansion/Serenity/Sounds/robo_arm_large_start
[LOG 14:12:32.817] Load Audio: SquadExpansion/Serenity/Sounds/robo_arm_medium_end
[LOG 14:12:32.817] Load Audio: SquadExpansion/Serenity/Sounds/robo_arm_medium_motor_00
[LOG 14:12:32.818] Load Audio: SquadExpansion/Serenity/Sounds/robo_arm_medium_scan
[LOG 14:12:32.818] Load Audio: SquadExpansion/Serenity/Sounds/robo_arm_medium_start
[LOG 14:12:32.818] Load Audio: SquadExpansion/Serenity/Sounds/robo_arm_small_end
[LOG 14:12:32.818] Load Audio: SquadExpansion/Serenity/Sounds/robo_arm_small_motor_00
[LOG 14:12:32.818] Load Audio: SquadExpansion/Serenity/Sounds/robo_arm_small_scan
[LOG 14:12:32.818] Load Audio: SquadExpansion/Serenity/Sounds/robo_arm_small_start
[LOG 14:12:32.818] Load Audio: SquadExpansion/Serenity/Sounds/sfx_cryoVolcano_burst
[LOG 14:12:32.819] Load Audio: SquadExpansion/Serenity/Sounds/sfx_cryoVolcano_idle
[LOG 14:12:32.819] Load Audio: SquadExpansion/Serenity/Sounds/sfx_deployable_booster_antena_end
[LOG 14:12:32.819] Load Audio: SquadExpansion/Serenity/Sounds/sfx_deployable_booster_antena_start
[LOG 14:12:32.819] Load Audio: SquadExpansion/Serenity/Sounds/sfx_deployable_central_station_end
[LOG 14:12:32.819] Load Audio: SquadExpansion/Serenity/Sounds/sfx_deployable_central_station_loop
[LOG 14:12:32.819] Load Audio: SquadExpansion/Serenity/Sounds/sfx_deployable_central_station_start
[LOG 14:12:32.819] Load Audio: SquadExpansion/Serenity/Sounds/sfx_deployable_detector_end
[LOG 14:12:32.819] Load Audio: SquadExpansion/Serenity/Sounds/sfx_deployable_detector_start
[LOG 14:12:32.819] Load Audio: SquadExpansion/Serenity/Sounds/sfx_deployable_GoObEd_end
[LOG 14:12:32.820] Load Audio: SquadExpansion/Serenity/Sounds/sfx_deployable_GoObEd_loop
[LOG 14:12:32.820] Load Audio: SquadExpansion/Serenity/Sounds/sfx_deployable_GoObEd_start
[LOG 14:12:32.857] Load Audio: SquadExpansion/Serenity/Sounds/sfx_deployable_rtg_end
[LOG 14:12:32.857] Load Audio: SquadExpansion/Serenity/Sounds/sfx_deployable_rtg_start
[LOG 14:12:32.857] Load Audio: SquadExpansion/Serenity/Sounds/sfx_deployable_seismometer_end
[LOG 14:12:32.858] Load Audio: SquadExpansion/Serenity/Sounds/sfx_deployable_seismometer_start
[LOG 14:12:32.858] Load Audio: SquadExpansion/Serenity/Sounds/sfx_deployable_solar_panel_end
[LOG 14:12:32.858] Load Audio: SquadExpansion/Serenity/Sounds/sfx_deployable_solar_panel_start
[LOG 14:12:32.858] Load Audio: SquadExpansion/Serenity/Sounds/sfx_deployable_weather_station_end
[LOG 14:12:32.858] Load Audio: SquadExpansion/Serenity/Sounds/sfx_deployable_weather_station_loop
[LOG 14:12:32.859] Load Audio: SquadExpansion/Serenity/Sounds/sfx_deployable_weather_station_start
[LOG 14:12:32.859] Load Audio: SquadExpansion/Serenity/Sounds/sfx_geyser_burst
[LOG 14:12:32.859] Load Audio: SquadExpansion/Serenity/Sounds/sfx_geyser_idle
[LOG 14:12:32.876] Load Cached PNG Texture: Kopernicus/Graphics/KopernicusIcon
[LOG 14:12:32.879] Load DDS texture: KSPCommunityFixes/MMPatches/StockTweaks/Icons/Clamp-O-Tron
[LOG 14:12:32.882] Load TRUECOLOR texture: KSPCommunityFixes/MMPatches/StockTweaks/Icons/Clamp-O-Tron_scaled
[LOG 14:12:32.882] Load DDS texture: KSPCommunityFixes/MMPatches/StockTweaks/Icons/FreeFallParachutes
[LOG 14:12:32.882] Load TRUECOLOR texture: KSPCommunityFixes/MMPatches/StockTweaks/Icons/FreeFallParachutes_scaled
[LOG 14:12:32.883] Load DDS texture: KSPCommunityFixes/MMPatches/StockTweaks/Icons/LightYearTireCompany
[LOG 14:12:32.883] Load TRUECOLOR texture: KSPCommunityFixes/MMPatches/StockTweaks/Icons/LightYearTireCompany_scaled
[LOG 14:12:32.884] Load DDS texture: KSPCommunityFixes/MMPatches/StockTweaks/Icons/StratusCorporation
[LOG 14:12:32.884] Load TRUECOLOR texture: KSPCommunityFixes/MMPatches/StockTweaks/Icons/StratusCorporation_scaled
[LOG 14:12:32.884] Load DDS texture: RealSolarSystem/Compatibility/Parallax/zero_influence
[WRN 14:12:32.885] LOAD FAILED : UnityEngine.UnityException: LoadRawTextureData: not enough data provided (will result in overread).
  at UnityEngine.Texture2D.LoadRawTextureData (System.IntPtr data, System.Int32 size) [0x00056] in <12e76cd50cc64cf19e759e981cb725af>:0 
  at KSPCommunityFixes.Performance.KSPCFFastLoader+RawAsset.LoadDDS () [0x004e7] in <62bb7f5420994f409a34377c091e8538>:0 
  at KSPCommunityFixes.Performance.KSPCFFastLoader+RawAsset.LoadAndDisposeMainThread () [0x0004a] in <62bb7f5420994f409a34377c091e8538>:0 
[LOG 14:12:32.885] Load Cached PNG Texture: RealSolarSystem/Ribbons/Ariel/EvaGround
[LOG 14:12:32.885] Load Cached PNG Texture: RealSolarSystem/Ribbons/Ariel/EvaOrbit
[LOG 14:12:32.885] Load Cached PNG Texture: RealSolarSystem/Ribbons/Ariel/EvaSpace
[LOG 14:12:32.885] Load Cached PNG Texture: RealSolarSystem/Ribbons/Ariel/FirstEvaGround
[LOG 14:12:32.885] Load Cached PNG Texture: RealSolarSystem/Ribbons/Ariel/FirstEvaOrbit
[LOG 14:12:32.885] Load Cached PNG Texture: RealSolarSystem/Ribbons/Ariel/FirstEvaSpace
[LOG 14:12:32.886] Load Cached PNG Texture: RealSolarSystem/Ribbons/Ariel/FirstLanding
[LOG 14:12:32.886] Load Cached PNG Texture: RealSolarSystem/Ribbons/Ariel/FirstOrbitCapsule
[LOG 14:12:32.886] Load Cached PNG Texture: RealSolarSystem/Ribbons/Ariel/FirstOrbitCapsuleDocked
[LOG 14:12:32.886] Load Cached PNG Texture: RealSolarSystem/Ribbons/Ariel/FirstPlantFlag
[LOG 14:12:32.886] Load Cached PNG Texture: RealSolarSystem/Ribbons/Ariel/FirstRover
[LOG 14:12:32.886] Load Cached PNG Texture: RealSolarSystem/Ribbons/Ariel/Landing
[LOG 14:12:32.886] Load Cached PNG Texture: RealSolarSystem/Ribbons/Ariel/OrbitCapsule
[LOG 14:12:32.886] Load Cached PNG Texture: RealSolarSystem/Ribbons/Ariel/OrbitCapsuleDocked
[LOG 14:12:32.886] Load Cached PNG Texture: RealSolarSystem/Ribbons/Ariel/PlantFlag
[LOG 14:12:32.886] Load Cached PNG Texture: RealSolarSystem/Ribbons/Ariel/Rover
[LOG 14:12:32.886] Load Cached PNG Texture: RealSolarSystem/Ribbons/Ariel/SphereOfInfluence
[LOG 14:12:32.886] Load Cached PNG Texture: RealSolarSystem/Ribbons/Callisto/EvaGround
[LOG 14:12:32.886] Load Cached PNG Texture: RealSolarSystem/Ribbons/Callisto/EvaOrbit
[LOG 14:12:32.886] Load Cached PNG Texture: RealSolarSystem/Ribbons/Callisto/EvaSpace
[LOG 14:12:32.886] Load Cached PNG Texture: RealSolarSystem/Ribbons/Callisto/FirstEvaGround
[LOG 14:12:32.887] Load Cached PNG Texture: RealSolarSystem/Ribbons/Callisto/FirstEvaOrbit
[LOG 14:12:32.887] Load Cached PNG Texture: RealSolarSystem/Ribbons/Callisto/FirstEvaSpace
[LOG 14:12:32.887] Load Cached PNG Texture: RealSolarSystem/Ribbons/Callisto/FirstLanding
[LOG 14:12:32.887] Load Cached PNG Texture: RealSolarSystem/Ribbons/Callisto/FirstOrbitCapsule
[LOG 14:12:32.887] Load Cached PNG Texture: RealSolarSystem/Ribbons/Callisto/FirstOrbitCapsuleDocked
[LOG 14:12:32.887] Load Cached PNG Texture: RealSolarSystem/Ribbons/Callisto/FirstPlantFlag
[LOG 14:12:32.887] Load Cached PNG Texture: RealSolarSystem/Ribbons/Callisto/FirstRover
[LOG 14:12:32.887] Load Cached PNG Texture: RealSolarSystem/Ribbons/Callisto/Landing
[LOG 14:12:32.887] Load Cached PNG Texture: RealSolarSystem/Ribbons/Callisto/OrbitCapsule
[LOG 14:12:32.887] Load Cached PNG Texture: RealSolarSystem/Ribbons/Callisto/OrbitCapsuleDocked
[LOG 14:12:32.887] Load Cached PNG Texture: RealSolarSystem/Ribbons/Callisto/PlantFlag
[LOG 14:12:32.887] Load Cached PNG Texture: RealSolarSystem/Ribbons/Callisto/Rover
[LOG 14:12:32.887] Load Cached PNG Texture: RealSolarSystem/Ribbons/Callisto/SphereOfInfluence
[LOG 14:12:32.887] Load Cached PNG Texture: RealSolarSystem/Ribbons/Ceres/EvaGround
[LOG 14:12:32.888] Load Cached PNG Texture: RealSolarSystem/Ribbons/Ceres/EvaOrbit
[LOG 14:12:32.888] Load Cached PNG Texture: RealSolarSystem/Ribbons/Ceres/EvaSpace
[LOG 14:12:32.888] Load Cached PNG Texture: RealSolarSystem/Ribbons/Ceres/FirstEvaGround
[LOG 14:12:32.888] Load Cached PNG Texture: RealSolarSystem/Ribbons/Ceres/FirstEvaOrbit
[LOG 14:12:32.888] Load Cached PNG Texture: RealSolarSystem/Ribbons/Ceres/FirstEvaSpace
[LOG 14:12:32.888] Load Cached PNG Texture: RealSolarSystem/Ribbons/Ceres/FirstLanding
[LOG 14:12:32.888] Load Cached PNG Texture: RealSolarSystem/Ribbons/Ceres/FirstOrbitCapsule
[LOG 14:12:32.888] Load Cached PNG Texture: RealSolarSystem/Ribbons/Ceres/FirstOrbitCapsuleDocked
[LOG 14:12:32.888] Load Cached PNG Texture: RealSolarSystem/Ribbons/Ceres/FirstPlantFlag
[LOG 14:12:32.889] Load Cached PNG Texture: RealSolarSystem/Ribbons/Ceres/FirstRover
[LOG 14:12:32.889] Load Cached PNG Texture: RealSolarSystem/Ribbons/Ceres/Landing
[LOG 14:12:32.889] Load Cached PNG Texture: RealSolarSystem/Ribbons/Ceres/OrbitCapsule
[LOG 14:12:32.889] Load Cached PNG Texture: RealSolarSystem/Ribbons/Ceres/OrbitCapsuleDocked
[LOG 14:12:32.889] Load Cached PNG Texture: RealSolarSystem/Ribbons/Ceres/PlantFlag
[LOG 14:12:32.889] Load Cached PNG Texture: RealSolarSystem/Ribbons/Ceres/Rover
[LOG 14:12:32.889] Load Cached PNG Texture: RealSolarSystem/Ribbons/Ceres/SphereOfInfluence
[LOG 14:12:32.890] Load Cached PNG Texture: RealSolarSystem/Ribbons/Charon/EvaGround
[LOG 14:12:32.890] Load Cached PNG Texture: RealSolarSystem/Ribbons/Charon/EvaOrbit
[LOG 14:12:32.890] Load Cached PNG Texture: RealSolarSystem/Ribbons/Charon/EvaSpace
[LOG 14:12:32.890] Load Cached PNG Texture: RealSolarSystem/Ribbons/Charon/FirstEvaGround
[LOG 14:12:32.890] Load Cached PNG Texture: RealSolarSystem/Ribbons/Charon/FirstEvaOrbit
[LOG 14:12:32.891] Load Cached PNG Texture: RealSolarSystem/Ribbons/Charon/FirstEvaSpace
[LOG 14:12:32.891] Load Cached PNG Texture: RealSolarSystem/Ribbons/Charon/FirstLanding
[LOG 14:12:32.891] Load Cached PNG Texture: RealSolarSystem/Ribbons/Charon/FirstOrbitCapsule
[LOG 14:12:32.891] Load Cached PNG Texture: RealSolarSystem/Ribbons/Charon/FirstOrbitCapsuleDocked
[LOG 14:12:32.891] Load Cached PNG Texture: RealSolarSystem/Ribbons/Charon/FirstPlantFlag
[LOG 14:12:32.891] Load Cached PNG Texture: RealSolarSystem/Ribbons/Charon/FirstRover
[LOG 14:12:32.892] Load Cached PNG Texture: RealSolarSystem/Ribbons/Charon/Landing
[LOG 14:12:32.892] Load Cached PNG Texture: RealSolarSystem/Ribbons/Charon/OrbitCapsule
[LOG 14:12:32.892] Load Cached PNG Texture: RealSolarSystem/Ribbons/Charon/OrbitCapsuleDocked
[LOG 14:12:32.892] Load Cached PNG Texture: RealSolarSystem/Ribbons/Charon/PlantFlag
[LOG 14:12:32.892] Load Cached PNG Texture: RealSolarSystem/Ribbons/Charon/Rover
[LOG 14:12:32.892] Load Cached PNG Texture: RealSolarSystem/Ribbons/Charon/SphereOfInfluence
[LOG 14:12:32.893] Load Cached PNG Texture: RealSolarSystem/Ribbons/Deimos/EvaGround
[LOG 14:12:32.893] Load Cached PNG Texture: RealSolarSystem/Ribbons/Deimos/EvaOrbit
[LOG 14:12:32.893] Load Cached PNG Texture: RealSolarSystem/Ribbons/Deimos/EvaSpace
[LOG 14:12:32.893] Load Cached PNG Texture: RealSolarSystem/Ribbons/Deimos/FirstEvaGround
[LOG 14:12:32.893] Load Cached PNG Texture: RealSolarSystem/Ribbons/Deimos/FirstEvaOrbit
[LOG 14:12:32.893] Load Cached PNG Texture: RealSolarSystem/Ribbons/Deimos/FirstEvaSpace
[LOG 14:12:32.894] Load Cached PNG Texture: RealSolarSystem/Ribbons/Deimos/FirstLanding
[LOG 14:12:32.894] Load Cached PNG Texture: RealSolarSystem/Ribbons/Deimos/FirstOrbitCapsule
[LOG 14:12:32.894] Load Cached PNG Texture: RealSolarSystem/Ribbons/Deimos/FirstOrbitCapsuleDocked
[LOG 14:12:32.894] Load Cached PNG Texture: RealSolarSystem/Ribbons/Deimos/FirstPlantFlag
[LOG 14:12:32.894] Load Cached PNG Texture: RealSolarSystem/Ribbons/Deimos/FirstRover
[LOG 14:12:32.895] Load Cached PNG Texture: RealSolarSystem/Ribbons/Deimos/Landing
[LOG 14:12:32.895] Load Cached PNG Texture: RealSolarSystem/Ribbons/Deimos/OrbitCapsule
[LOG 14:12:32.895] Load Cached PNG Texture: RealSolarSystem/Ribbons/Deimos/OrbitCapsuleDocked
[LOG 14:12:32.895] Load Cached PNG Texture: RealSolarSystem/Ribbons/Deimos/PlantFlag
[LOG 14:12:32.895] Load Cached PNG Texture: RealSolarSystem/Ribbons/Deimos/Rover
[LOG 14:12:32.895] Load Cached PNG Texture: RealSolarSystem/Ribbons/Deimos/SphereOfInfluence
[LOG 14:12:32.896] Load Cached PNG Texture: RealSolarSystem/Ribbons/Dione/EvaGround
[LOG 14:12:32.896] Load Cached PNG Texture: RealSolarSystem/Ribbons/Dione/EvaOrbit
[LOG 14:12:32.896] Load Cached PNG Texture: RealSolarSystem/Ribbons/Dione/EvaSpace
[LOG 14:12:32.896] Load Cached PNG Texture: RealSolarSystem/Ribbons/Dione/FirstEvaGround
[LOG 14:12:32.896] Load Cached PNG Texture: RealSolarSystem/Ribbons/Dione/FirstEvaOrbit
[LOG 14:12:32.896] Load Cached PNG Texture: RealSolarSystem/Ribbons/Dione/FirstEvaSpace
[LOG 14:12:32.897] Load Cached PNG Texture: RealSolarSystem/Ribbons/Dione/FirstLanding
[LOG 14:12:32.897] Load Cached PNG Texture: RealSolarSystem/Ribbons/Dione/FirstOrbitCapsule
[LOG 14:12:32.897] Load Cached PNG Texture: RealSolarSystem/Ribbons/Dione/FirstOrbitCapsuleDocked
[LOG 14:12:32.897] Load Cached PNG Texture: RealSolarSystem/Ribbons/Dione/FirstPlantFlag
[LOG 14:12:32.897] Load Cached PNG Texture: RealSolarSystem/Ribbons/Dione/FirstRover
[LOG 14:12:32.897] Load Cached PNG Texture: RealSolarSystem/Ribbons/Dione/Landing
[LOG 14:12:32.898] Load Cached PNG Texture: RealSolarSystem/Ribbons/Dione/OrbitCapsule
[LOG 14:12:32.898] Load Cached PNG Texture: RealSolarSystem/Ribbons/Dione/OrbitCapsuleDocked
[LOG 14:12:32.898] Load Cached PNG Texture: RealSolarSystem/Ribbons/Dione/PlantFlag
[LOG 14:12:32.898] Load Cached PNG Texture: RealSolarSystem/Ribbons/Dione/Rover
[LOG 14:12:32.898] Load Cached PNG Texture: RealSolarSystem/Ribbons/Dione/SphereOfInfluence
[LOG 14:12:32.898] Load Cached PNG Texture: RealSolarSystem/Ribbons/Earth/Atmosphere
[LOG 14:12:32.898] Load Cached PNG Texture: RealSolarSystem/Ribbons/Earth/DeepAtmosphere
[LOG 14:12:32.899] Load Cached PNG Texture: RealSolarSystem/Ribbons/Earth/EvaGround
[LOG 14:12:32.899] Load Cached PNG Texture: RealSolarSystem/Ribbons/Earth/EvaOrbit
[LOG 14:12:32.899] Load Cached PNG Texture: RealSolarSystem/Ribbons/Earth/EvaSpace
[LOG 14:12:32.899] Load Cached PNG Texture: RealSolarSystem/Ribbons/Earth/FirstAtmosphere
[LOG 14:12:32.899] Load Cached PNG Texture: RealSolarSystem/Ribbons/Earth/FirstEvaGround
[LOG 14:12:32.899] Load Cached PNG Texture: RealSolarSystem/Ribbons/Earth/FirstEvaOrbit
[LOG 14:12:32.899] Load Cached PNG Texture: RealSolarSystem/Ribbons/Earth/FirstEvaSpace
[LOG 14:12:32.900] Load Cached PNG Texture: RealSolarSystem/Ribbons/Earth/FirstLanding
[LOG 14:12:32.900] Load Cached PNG Texture: RealSolarSystem/Ribbons/Earth/FirstOrbitCapsule
[LOG 14:12:32.900] Load Cached PNG Texture: RealSolarSystem/Ribbons/Earth/FirstOrbitCapsuleDocked
[LOG 14:12:32.900] Load Cached PNG Texture: RealSolarSystem/Ribbons/Earth/FirstPlantFlag
[LOG 14:12:32.900] Load Cached PNG Texture: RealSolarSystem/Ribbons/Earth/FirstRover
[LOG 14:12:32.900] Load Cached PNG Texture: RealSolarSystem/Ribbons/Earth/Landing
[LOG 14:12:32.901] Load Cached PNG Texture: RealSolarSystem/Ribbons/Earth/OrbitCapsule
[LOG 14:12:32.901] Load Cached PNG Texture: RealSolarSystem/Ribbons/Earth/OrbitCapsuleDocked
[LOG 14:12:32.901] Load Cached PNG Texture: RealSolarSystem/Ribbons/Earth/PlantFlag
[LOG 14:12:32.901] Load Cached PNG Texture: RealSolarSystem/Ribbons/Earth/Rover
[LOG 14:12:32.901] Load Cached PNG Texture: RealSolarSystem/Ribbons/Earth/SphereOfInfluence
[LOG 14:12:32.902] Load Cached PNG Texture: RealSolarSystem/Ribbons/Enceladus/EvaGround
[LOG 14:12:32.902] Load Cached PNG Texture: RealSolarSystem/Ribbons/Enceladus/EvaOrbit
[LOG 14:12:32.902] Load Cached PNG Texture: RealSolarSystem/Ribbons/Enceladus/EvaSpace
[LOG 14:12:32.902] Load Cached PNG Texture: RealSolarSystem/Ribbons/Enceladus/FirstEvaGround
[LOG 14:12:32.902] Load Cached PNG Texture: RealSolarSystem/Ribbons/Enceladus/FirstEvaOrbit
[LOG 14:12:32.902] Load Cached PNG Texture: RealSolarSystem/Ribbons/Enceladus/FirstEvaSpace
[LOG 14:12:32.903] Load Cached PNG Texture: RealSolarSystem/Ribbons/Enceladus/FirstLanding
[LOG 14:12:32.903] Load Cached PNG Texture: RealSolarSystem/Ribbons/Enceladus/FirstOrbitCapsule
[LOG 14:12:32.903] Load Cached PNG Texture: RealSolarSystem/Ribbons/Enceladus/FirstOrbitCapsuleDocked
[LOG 14:12:32.903] Load Cached PNG Texture: RealSolarSystem/Ribbons/Enceladus/FirstPlantFlag
[LOG 14:12:32.903] Load Cached PNG Texture: RealSolarSystem/Ribbons/Enceladus/FirstRover
[LOG 14:12:32.903] Load Cached PNG Texture: RealSolarSystem/Ribbons/Enceladus/Landing
[LOG 14:12:32.903] Load Cached PNG Texture: RealSolarSystem/Ribbons/Enceladus/OrbitCapsule
[LOG 14:12:32.904] Load Cached PNG Texture: RealSolarSystem/Ribbons/Enceladus/OrbitCapsuleDocked
[LOG 14:12:32.904] Load Cached PNG Texture: RealSolarSystem/Ribbons/Enceladus/PlantFlag
[LOG 14:12:32.904] Load Cached PNG Texture: RealSolarSystem/Ribbons/Enceladus/Rover
[LOG 14:12:32.904] Load Cached PNG Texture: RealSolarSystem/Ribbons/Enceladus/SphereOfInfluence
[LOG 14:12:32.904] Load Cached PNG Texture: RealSolarSystem/Ribbons/Europa/EvaGround
[LOG 14:12:32.904] Load Cached PNG Texture: RealSolarSystem/Ribbons/Europa/EvaOrbit
[LOG 14:12:32.904] Load Cached PNG Texture: RealSolarSystem/Ribbons/Europa/EvaSpace
[LOG 14:12:32.905] Load Cached PNG Texture: RealSolarSystem/Ribbons/Europa/FirstEvaGround
[LOG 14:12:32.905] Load Cached PNG Texture: RealSolarSystem/Ribbons/Europa/FirstEvaOrbit
[LOG 14:12:32.905] Load Cached PNG Texture: RealSolarSystem/Ribbons/Europa/FirstEvaSpace
[LOG 14:12:32.905] Load Cached PNG Texture: RealSolarSystem/Ribbons/Europa/FirstLanding
[LOG 14:12:32.905] Load Cached PNG Texture: RealSolarSystem/Ribbons/Europa/FirstOrbitCapsule
[LOG 14:12:32.905] Load Cached PNG Texture: RealSolarSystem/Ribbons/Europa/FirstOrbitCapsuleDocked
[LOG 14:12:32.905] Load Cached PNG Texture: RealSolarSystem/Ribbons/Europa/FirstPlantFlag
[LOG 14:12:32.906] Load Cached PNG Texture: RealSolarSystem/Ribbons/Europa/FirstRover
[LOG 14:12:32.906] Load Cached PNG Texture: RealSolarSystem/Ribbons/Europa/Landing
[LOG 14:12:32.906] Load Cached PNG Texture: RealSolarSystem/Ribbons/Europa/OrbitCapsule
[LOG 14:12:32.906] Load Cached PNG Texture: RealSolarSystem/Ribbons/Europa/OrbitCapsuleDocked
[LOG 14:12:32.906] Load Cached PNG Texture: RealSolarSystem/Ribbons/Europa/PlantFlag
[LOG 14:12:32.906] Load Cached PNG Texture: RealSolarSystem/Ribbons/Europa/Rover
[LOG 14:12:32.907] Load Cached PNG Texture: RealSolarSystem/Ribbons/Europa/SphereOfInfluence
[LOG 14:12:32.907] Load Cached PNG Texture: RealSolarSystem/Ribbons/Ganymede/EvaGround
[LOG 14:12:32.907] Load Cached PNG Texture: RealSolarSystem/Ribbons/Ganymede/EvaOrbit
[LOG 14:12:32.907] Load Cached PNG Texture: RealSolarSystem/Ribbons/Ganymede/EvaSpace
[LOG 14:12:32.907] Load Cached PNG Texture: RealSolarSystem/Ribbons/Ganymede/FirstEvaGround
[LOG 14:12:32.907] Load Cached PNG Texture: RealSolarSystem/Ribbons/Ganymede/FirstEvaOrbit
[LOG 14:12:32.908] Load Cached PNG Texture: RealSolarSystem/Ribbons/Ganymede/FirstEvaSpace
[LOG 14:12:32.908] Load Cached PNG Texture: RealSolarSystem/Ribbons/Ganymede/FirstLanding
[LOG 14:12:32.908] Load Cached PNG Texture: RealSolarSystem/Ribbons/Ganymede/FirstOrbitCapsule
[LOG 14:12:32.910] Load Cached PNG Texture: RealSolarSystem/Ribbons/Ganymede/FirstOrbitCapsuleDocked
[LOG 14:12:32.910] Load Cached PNG Texture: RealSolarSystem/Ribbons/Ganymede/FirstPlantFlag
[LOG 14:12:32.910] Load Cached PNG Texture: RealSolarSystem/Ribbons/Ganymede/FirstRover
[LOG 14:12:32.910] Load Cached PNG Texture: RealSolarSystem/Ribbons/Ganymede/Landing
[LOG 14:12:32.910] Load Cached PNG Texture: RealSolarSystem/Ribbons/Ganymede/OrbitCapsule
[LOG 14:12:32.910] Load Cached PNG Texture: RealSolarSystem/Ribbons/Ganymede/OrbitCapsuleDocked
[LOG 14:12:32.910] Load Cached PNG Texture: RealSolarSystem/Ribbons/Ganymede/PlantFlag
[LOG 14:12:32.910] Load Cached PNG Texture: RealSolarSystem/Ribbons/Ganymede/Rover
[LOG 14:12:32.910] Load Cached PNG Texture: RealSolarSystem/Ribbons/Ganymede/SphereOfInfluence
[LOG 14:12:32.911] Load Cached PNG Texture: RealSolarSystem/Ribbons/Iapetus/EvaGround
[LOG 14:12:32.911] Load Cached PNG Texture: RealSolarSystem/Ribbons/Iapetus/EvaOrbit
[LOG 14:12:32.911] Load Cached PNG Texture: RealSolarSystem/Ribbons/Iapetus/EvaSpace
[LOG 14:12:32.911] Load Cached PNG Texture: RealSolarSystem/Ribbons/Iapetus/FirstEvaGround
[LOG 14:12:32.911] Load Cached PNG Texture: RealSolarSystem/Ribbons/Iapetus/FirstEvaOrbit
[LOG 14:12:32.911] Load Cached PNG Texture: RealSolarSystem/Ribbons/Iapetus/FirstEvaSpace
[LOG 14:12:32.911] Load Cached PNG Texture: RealSolarSystem/Ribbons/Iapetus/FirstLanding
[LOG 14:12:32.911] Load Cached PNG Texture: RealSolarSystem/Ribbons/Iapetus/FirstOrbitCapsule
[LOG 14:12:32.912] Load Cached PNG Texture: RealSolarSystem/Ribbons/Iapetus/FirstOrbitCapsuleDocked
[LOG 14:12:32.912] Load Cached PNG Texture: RealSolarSystem/Ribbons/Iapetus/FirstPlantFlag
[LOG 14:12:32.912] Load Cached PNG Texture: RealSolarSystem/Ribbons/Iapetus/FirstRover
[LOG 14:12:32.912] Load Cached PNG Texture: RealSolarSystem/Ribbons/Iapetus/Landing
[LOG 14:12:32.912] Load Cached PNG Texture: RealSolarSystem/Ribbons/Iapetus/OrbitCapsule
[LOG 14:12:32.913] Load Cached PNG Texture: RealSolarSystem/Ribbons/Iapetus/OrbitCapsuleDocked
[LOG 14:12:32.913] Load Cached PNG Texture: RealSolarSystem/Ribbons/Iapetus/PlantFlag
[LOG 14:12:32.913] Load Cached PNG Texture: RealSolarSystem/Ribbons/Iapetus/Rover
[LOG 14:12:32.913] Load Cached PNG Texture: RealSolarSystem/Ribbons/Iapetus/SphereOfInfluence
[LOG 14:12:32.913] Load Cached PNG Texture: RealSolarSystem/Ribbons/Io/EvaGround
[LOG 14:12:32.914] Load Cached PNG Texture: RealSolarSystem/Ribbons/Io/EvaOrbit
[LOG 14:12:32.914] Load Cached PNG Texture: RealSolarSystem/Ribbons/Io/EvaSpace
[LOG 14:12:32.914] Load Cached PNG Texture: RealSolarSystem/Ribbons/Io/FirstEvaGround
[LOG 14:12:32.914] Load Cached PNG Texture: RealSolarSystem/Ribbons/Io/FirstEvaOrbit
[LOG 14:12:32.914] Load Cached PNG Texture: RealSolarSystem/Ribbons/Io/FirstEvaSpace
[LOG 14:12:32.915] Load Cached PNG Texture: RealSolarSystem/Ribbons/Io/FirstLanding
[LOG 14:12:32.915] Load Cached PNG Texture: RealSolarSystem/Ribbons/Io/FirstOrbitCapsule
[LOG 14:12:32.915] Load Cached PNG Texture: RealSolarSystem/Ribbons/Io/FirstOrbitCapsuleDocked
[LOG 14:12:32.915] Load Cached PNG Texture: RealSolarSystem/Ribbons/Io/FirstPlantFlag
[LOG 14:12:32.915] Load Cached PNG Texture: RealSolarSystem/Ribbons/Io/FirstRover
[LOG 14:12:32.916] Load Cached PNG Texture: RealSolarSystem/Ribbons/Io/Landing
[LOG 14:12:32.916] Load Cached PNG Texture: RealSolarSystem/Ribbons/Io/OrbitCapsule
[LOG 14:12:32.916] Load Cached PNG Texture: RealSolarSystem/Ribbons/Io/OrbitCapsuleDocked
[LOG 14:12:32.916] Load Cached PNG Texture: RealSolarSystem/Ribbons/Io/PlantFlag
[LOG 14:12:32.916] Load Cached PNG Texture: RealSolarSystem/Ribbons/Io/Rover
[LOG 14:12:32.917] Load Cached PNG Texture: RealSolarSystem/Ribbons/Io/SphereOfInfluence
[LOG 14:12:32.917] Load Cached PNG Texture: RealSolarSystem/Ribbons/Jupiter/Atmosphere
[LOG 14:12:32.917] Load Cached PNG Texture: RealSolarSystem/Ribbons/Jupiter/DeepAtmosphere
[LOG 14:12:32.917] Load Cached PNG Texture: RealSolarSystem/Ribbons/Jupiter/EvaOrbit
[LOG 14:12:32.917] Load Cached PNG Texture: RealSolarSystem/Ribbons/Jupiter/EvaSpace
[LOG 14:12:32.917] Load Cached PNG Texture: RealSolarSystem/Ribbons/Jupiter/FirstAtmosphere
[LOG 14:12:32.918] Load Cached PNG Texture: RealSolarSystem/Ribbons/Jupiter/FirstEvaOrbit
[LOG 14:12:32.918] Load Cached PNG Texture: RealSolarSystem/Ribbons/Jupiter/FirstEvaSpace
[LOG 14:12:32.918] Load Cached PNG Texture: RealSolarSystem/Ribbons/Jupiter/FirstOrbitCapsule
[LOG 14:12:32.918] Load Cached PNG Texture: RealSolarSystem/Ribbons/Jupiter/FirstOrbitCapsuleDocked
[LOG 14:12:32.918] Load Cached PNG Texture: RealSolarSystem/Ribbons/Jupiter/OrbitCapsule
[LOG 14:12:32.919] Load Cached PNG Texture: RealSolarSystem/Ribbons/Jupiter/OrbitCapsuleDocked
[LOG 14:12:32.919] Load Cached PNG Texture: RealSolarSystem/Ribbons/Jupiter/SphereOfInfluence
[LOG 14:12:32.919] Load Cached PNG Texture: RealSolarSystem/Ribbons/Mars/Atmosphere
[LOG 14:12:32.919] Load Cached PNG Texture: RealSolarSystem/Ribbons/Mars/DeepAtmosphere
[LOG 14:12:32.919] Load Cached PNG Texture: RealSolarSystem/Ribbons/Mars/EvaGround
[LOG 14:12:32.920] Load Cached PNG Texture: RealSolarSystem/Ribbons/Mars/EvaOrbit
[LOG 14:12:32.920] Load Cached PNG Texture: RealSolarSystem/Ribbons/Mars/EvaSpace
[LOG 14:12:32.920] Load Cached PNG Texture: RealSolarSystem/Ribbons/Mars/FirstAtmosphere
[LOG 14:12:32.920] Load Cached PNG Texture: RealSolarSystem/Ribbons/Mars/FirstEvaGround
[LOG 14:12:32.920] Load Cached PNG Texture: RealSolarSystem/Ribbons/Mars/FirstEvaOrbit
[LOG 14:12:32.921] Load Cached PNG Texture: RealSolarSystem/Ribbons/Mars/FirstEvaSpace
[LOG 14:12:32.921] Load Cached PNG Texture: RealSolarSystem/Ribbons/Mars/FirstLanding
[LOG 14:12:32.921] Load Cached PNG Texture: RealSolarSystem/Ribbons/Mars/FirstOrbitCapsule
[LOG 14:12:32.921] Load Cached PNG Texture: RealSolarSystem/Ribbons/Mars/FirstOrbitCapsuleDocked
[LOG 14:12:32.921] Load Cached PNG Texture: RealSolarSystem/Ribbons/Mars/FirstPlantFlag
[LOG 14:12:32.922] Load Cached PNG Texture: RealSolarSystem/Ribbons/Mars/FirstRover
[LOG 14:12:32.922] Load Cached PNG Texture: RealSolarSystem/Ribbons/Mars/Landing
[LOG 14:12:32.922] Load Cached PNG Texture: RealSolarSystem/Ribbons/Mars/OrbitCapsule
[LOG 14:12:32.922] Load Cached PNG Texture: RealSolarSystem/Ribbons/Mars/OrbitCapsuleDocked
[LOG 14:12:32.922] Load Cached PNG Texture: RealSolarSystem/Ribbons/Mars/PlantFlag
[LOG 14:12:32.923] Load Cached PNG Texture: RealSolarSystem/Ribbons/Mars/Rover
[LOG 14:12:32.923] Load Cached PNG Texture: RealSolarSystem/Ribbons/Mars/SphereOfInfluence
[LOG 14:12:32.923] Load Cached PNG Texture: RealSolarSystem/Ribbons/Mercury/EvaGround
[LOG 14:12:32.923] Load Cached PNG Texture: RealSolarSystem/Ribbons/Mercury/EvaOrbit
[LOG 14:12:32.923] Load Cached PNG Texture: RealSolarSystem/Ribbons/Mercury/EvaSpace
[LOG 14:12:32.924] Load Cached PNG Texture: RealSolarSystem/Ribbons/Mercury/FirstEvaGround
[LOG 14:12:32.924] Load Cached PNG Texture: RealSolarSystem/Ribbons/Mercury/FirstEvaOrbit
[LOG 14:12:32.924] Load Cached PNG Texture: RealSolarSystem/Ribbons/Mercury/FirstEvaSpace
[LOG 14:12:32.924] Load Cached PNG Texture: RealSolarSystem/Ribbons/Mercury/FirstLanding
[LOG 14:12:32.924] Load Cached PNG Texture: RealSolarSystem/Ribbons/Mercury/FirstOrbitCapsule
[LOG 14:12:32.925] Load Cached PNG Texture: RealSolarSystem/Ribbons/Mercury/FirstOrbitCapsuleDocked
[LOG 14:12:32.925] Load Cached PNG Texture: RealSolarSystem/Ribbons/Mercury/FirstPlantFlag
[LOG 14:12:32.925] Load Cached PNG Texture: RealSolarSystem/Ribbons/Mercury/FirstRover
[LOG 14:12:32.925] Load Cached PNG Texture: RealSolarSystem/Ribbons/Mercury/Landing
[LOG 14:12:32.925] Load Cached PNG Texture: RealSolarSystem/Ribbons/Mercury/OrbitCapsule
[LOG 14:12:32.926] Load Cached PNG Texture: RealSolarSystem/Ribbons/Mercury/OrbitCapsuleDocked
[LOG 14:12:32.926] Load Cached PNG Texture: RealSolarSystem/Ribbons/Mercury/PlantFlag
[LOG 14:12:32.926] Load Cached PNG Texture: RealSolarSystem/Ribbons/Mercury/Rover
[LOG 14:12:32.926] Load Cached PNG Texture: RealSolarSystem/Ribbons/Mercury/SphereOfInfluence
[LOG 14:12:32.926] Load Cached PNG Texture: RealSolarSystem/Ribbons/Mimas/EvaGround
[LOG 14:12:32.927] Load Cached PNG Texture: RealSolarSystem/Ribbons/Mimas/EvaOrbit
[LOG 14:12:32.927] Load Cached PNG Texture: RealSolarSystem/Ribbons/Mimas/EvaSpace
[LOG 14:12:32.927] Load Cached PNG Texture: RealSolarSystem/Ribbons/Mimas/FirstEvaGround
[LOG 14:12:32.927] Load Cached PNG Texture: RealSolarSystem/Ribbons/Mimas/FirstEvaOrbit
[LOG 14:12:32.927] Load Cached PNG Texture: RealSolarSystem/Ribbons/Mimas/FirstEvaSpace
[LOG 14:12:32.928] Load Cached PNG Texture: RealSolarSystem/Ribbons/Mimas/FirstLanding
[LOG 14:12:32.928] Load Cached PNG Texture: RealSolarSystem/Ribbons/Mimas/FirstOrbitCapsule
[LOG 14:12:32.928] Load Cached PNG Texture: RealSolarSystem/Ribbons/Mimas/FirstOrbitCapsuleDocked
[LOG 14:12:32.928] Load Cached PNG Texture: RealSolarSystem/Ribbons/Mimas/FirstPlantFlag
[LOG 14:12:32.928] Load Cached PNG Texture: RealSolarSystem/Ribbons/Mimas/FirstRover
[LOG 14:12:32.929] Load Cached PNG Texture: RealSolarSystem/Ribbons/Mimas/Landing
[LOG 14:12:32.929] Load Cached PNG Texture: RealSolarSystem/Ribbons/Mimas/OrbitCapsule
[LOG 14:12:32.929] Load Cached PNG Texture: RealSolarSystem/Ribbons/Mimas/OrbitCapsuleDocked
[LOG 14:12:32.929] Load Cached PNG Texture: RealSolarSystem/Ribbons/Mimas/PlantFlag
[LOG 14:12:32.929] Load Cached PNG Texture: RealSolarSystem/Ribbons/Mimas/Rover
[LOG 14:12:32.929] Load Cached PNG Texture: RealSolarSystem/Ribbons/Mimas/SphereOfInfluence
[LOG 14:12:32.930] Load Cached PNG Texture: RealSolarSystem/Ribbons/Miranda/EvaGround
[LOG 14:12:32.930] Load Cached PNG Texture: RealSolarSystem/Ribbons/Miranda/EvaOrbit
[LOG 14:12:32.930] Load Cached PNG Texture: RealSolarSystem/Ribbons/Miranda/EvaSpace
[LOG 14:12:32.930] Load Cached PNG Texture: RealSolarSystem/Ribbons/Miranda/FirstEvaGround
[LOG 14:12:32.930] Load Cached PNG Texture: RealSolarSystem/Ribbons/Miranda/FirstEvaOrbit
[LOG 14:12:32.931] Load Cached PNG Texture: RealSolarSystem/Ribbons/Miranda/FirstEvaSpace
[LOG 14:12:32.931] Load Cached PNG Texture: RealSolarSystem/Ribbons/Miranda/FirstLanding
[LOG 14:12:32.931] Load Cached PNG Texture: RealSolarSystem/Ribbons/Miranda/FirstOrbitCapsule
[LOG 14:12:32.931] Load Cached PNG Texture: RealSolarSystem/Ribbons/Miranda/FirstOrbitCapsuleDocked
[LOG 14:12:32.931] Load Cached PNG Texture: RealSolarSystem/Ribbons/Miranda/FirstPlantFlag
[LOG 14:12:32.932] Load Cached PNG Texture: RealSolarSystem/Ribbons/Miranda/FirstRover
[LOG 14:12:32.932] Load Cached PNG Texture: RealSolarSystem/Ribbons/Miranda/Landing
[LOG 14:12:32.932] Load Cached PNG Texture: RealSolarSystem/Ribbons/Miranda/OrbitCapsule
[LOG 14:12:32.932] Load Cached PNG Texture: RealSolarSystem/Ribbons/Miranda/OrbitCapsuleDocked
[LOG 14:12:32.932] Load Cached PNG Texture: RealSolarSystem/Ribbons/Miranda/PlantFlag
[LOG 14:12:32.933] Load Cached PNG Texture: RealSolarSystem/Ribbons/Miranda/Rover
[LOG 14:12:32.933] Load Cached PNG Texture: RealSolarSystem/Ribbons/Miranda/SphereOfInfluence
[LOG 14:12:32.933] Load Cached PNG Texture: RealSolarSystem/Ribbons/Moon/EvaGround
[LOG 14:12:32.933] Load Cached PNG Texture: RealSolarSystem/Ribbons/Moon/EvaOrbit
[LOG 14:12:32.933] Load Cached PNG Texture: RealSolarSystem/Ribbons/Moon/EvaSpace
[LOG 14:12:32.934] Load Cached PNG Texture: RealSolarSystem/Ribbons/Moon/FirstEvaGround
[LOG 14:12:32.934] Load Cached PNG Texture: RealSolarSystem/Ribbons/Moon/FirstEvaOrbit
[LOG 14:12:32.934] Load Cached PNG Texture: RealSolarSystem/Ribbons/Moon/FirstEvaSpace
[LOG 14:12:32.934] Load Cached PNG Texture: RealSolarSystem/Ribbons/Moon/FirstLanding
[LOG 14:12:32.934] Load Cached PNG Texture: RealSolarSystem/Ribbons/Moon/FirstOrbitCapsule
[LOG 14:12:32.935] Load Cached PNG Texture: RealSolarSystem/Ribbons/Moon/FirstOrbitCapsuleDocked
[LOG 14:12:32.935] Load Cached PNG Texture: RealSolarSystem/Ribbons/Moon/FirstPlantFlag
[LOG 14:12:32.935] Load Cached PNG Texture: RealSolarSystem/Ribbons/Moon/FirstRover
[LOG 14:12:32.935] Load Cached PNG Texture: RealSolarSystem/Ribbons/Moon/Landing
[LOG 14:12:32.935] Load Cached PNG Texture: RealSolarSystem/Ribbons/Moon/OrbitCapsule
[LOG 14:12:32.936] Load Cached PNG Texture: RealSolarSystem/Ribbons/Moon/OrbitCapsuleDocked
[LOG 14:12:32.936] Load Cached PNG Texture: RealSolarSystem/Ribbons/Moon/PlantFlag
[LOG 14:12:32.936] Load Cached PNG Texture: RealSolarSystem/Ribbons/Moon/Rover
[LOG 14:12:32.936] Load Cached PNG Texture: RealSolarSystem/Ribbons/Moon/SphereOfInfluence
[LOG 14:12:32.936] Load Cached PNG Texture: RealSolarSystem/Ribbons/Neptune/Atmosphere
[LOG 14:12:32.937] Load Cached PNG Texture: RealSolarSystem/Ribbons/Neptune/DeepAtmosphere
[LOG 14:12:32.937] Load Cached PNG Texture: RealSolarSystem/Ribbons/Neptune/EvaOrbit
[LOG 14:12:32.937] Load Cached PNG Texture: RealSolarSystem/Ribbons/Neptune/EvaSpace
[LOG 14:12:32.937] Load Cached PNG Texture: RealSolarSystem/Ribbons/Neptune/FirstAtmosphere
[LOG 14:12:32.937] Load Cached PNG Texture: RealSolarSystem/Ribbons/Neptune/FirstEvaOrbit
[LOG 14:12:32.938] Load Cached PNG Texture: RealSolarSystem/Ribbons/Neptune/FirstEvaSpace
[LOG 14:12:32.938] Load Cached PNG Texture: RealSolarSystem/Ribbons/Neptune/FirstOrbitCapsule
[LOG 14:12:32.938] Load Cached PNG Texture: RealSolarSystem/Ribbons/Neptune/FirstOrbitCapsuleDocked
[LOG 14:12:32.938] Load Cached PNG Texture: RealSolarSystem/Ribbons/Neptune/OrbitCapsule
[LOG 14:12:32.938] Load Cached PNG Texture: RealSolarSystem/Ribbons/Neptune/OrbitCapsuleDocked
[LOG 14:12:32.939] Load Cached PNG Texture: RealSolarSystem/Ribbons/Neptune/SphereOfInfluence
[LOG 14:12:32.939] Load Cached PNG Texture: RealSolarSystem/Ribbons/Oberon/EvaGround
[LOG 14:12:32.939] Load Cached PNG Texture: RealSolarSystem/Ribbons/Oberon/EvaOrbit
[LOG 14:12:32.939] Load Cached PNG Texture: RealSolarSystem/Ribbons/Oberon/EvaSpace
[LOG 14:12:32.939] Load Cached PNG Texture: RealSolarSystem/Ribbons/Oberon/FirstEvaGround
[LOG 14:12:32.940] Load Cached PNG Texture: RealSolarSystem/Ribbons/Oberon/FirstEvaOrbit
[LOG 14:12:32.940] Load Cached PNG Texture: RealSolarSystem/Ribbons/Oberon/FirstEvaSpace
[LOG 14:12:32.940] Load Cached PNG Texture: RealSolarSystem/Ribbons/Oberon/FirstLanding
[LOG 14:12:32.940] Load Cached PNG Texture: RealSolarSystem/Ribbons/Oberon/FirstOrbitCapsule
[LOG 14:12:32.940] Load Cached PNG Texture: RealSolarSystem/Ribbons/Oberon/FirstOrbitCapsuleDocked
[LOG 14:12:32.941] Load Cached PNG Texture: RealSolarSystem/Ribbons/Oberon/FirstPlantFlag
[LOG 14:12:32.941] Load Cached PNG Texture: RealSolarSystem/Ribbons/Oberon/FirstRover
[LOG 14:12:32.941] Load Cached PNG Texture: RealSolarSystem/Ribbons/Oberon/Landing
[LOG 14:12:32.941] Load Cached PNG Texture: RealSolarSystem/Ribbons/Oberon/OrbitCapsule
[LOG 14:12:32.941] Load Cached PNG Texture: RealSolarSystem/Ribbons/Oberon/OrbitCapsuleDocked
[LOG 14:12:32.943] Load Cached PNG Texture: RealSolarSystem/Ribbons/Oberon/PlantFlag
[LOG 14:12:32.943] Load Cached PNG Texture: RealSolarSystem/Ribbons/Oberon/Rover
[LOG 14:12:32.943] Load Cached PNG Texture: RealSolarSystem/Ribbons/Oberon/SphereOfInfluence
[LOG 14:12:32.943] Load Cached PNG Texture: RealSolarSystem/Ribbons/Phobos/EvaGround
[LOG 14:12:32.943] Load Cached PNG Texture: RealSolarSystem/Ribbons/Phobos/EvaOrbit
[LOG 14:12:32.943] Load Cached PNG Texture: RealSolarSystem/Ribbons/Phobos/EvaSpace
[LOG 14:12:32.943] Load Cached PNG Texture: RealSolarSystem/Ribbons/Phobos/FirstEvaGround
[LOG 14:12:32.943] Load Cached PNG Texture: RealSolarSystem/Ribbons/Phobos/FirstEvaOrbit
[LOG 14:12:32.943] Load Cached PNG Texture: RealSolarSystem/Ribbons/Phobos/FirstEvaSpace
[LOG 14:12:32.943] Load Cached PNG Texture: RealSolarSystem/Ribbons/Phobos/FirstLanding
[LOG 14:12:32.944] Load Cached PNG Texture: RealSolarSystem/Ribbons/Phobos/FirstOrbitCapsule
[LOG 14:12:32.944] Load Cached PNG Texture: RealSolarSystem/Ribbons/Phobos/FirstOrbitCapsuleDocked
[LOG 14:12:32.950] Load Cached PNG Texture: RealSolarSystem/Ribbons/Phobos/FirstPlantFlag
[LOG 14:12:32.950] Load Cached PNG Texture: RealSolarSystem/Ribbons/Phobos/FirstRover
[LOG 14:12:32.953] Load Cached PNG Texture: RealSolarSystem/Ribbons/Phobos/Landing
[LOG 14:12:32.953] Load Cached PNG Texture: RealSolarSystem/Ribbons/Phobos/OrbitCapsule
[LOG 14:12:32.953] Load Cached PNG Texture: RealSolarSystem/Ribbons/Phobos/OrbitCapsuleDocked
[LOG 14:12:32.953] Load Cached PNG Texture: RealSolarSystem/Ribbons/Phobos/PlantFlag
[LOG 14:12:32.953] Load Cached PNG Texture: RealSolarSystem/Ribbons/Phobos/Rover
[LOG 14:12:32.953] Load Cached PNG Texture: RealSolarSystem/Ribbons/Phobos/SphereOfInfluence
[LOG 14:12:32.953] Load Cached PNG Texture: RealSolarSystem/Ribbons/Pluto/Atmosphere
[LOG 14:12:32.954] Load Cached PNG Texture: RealSolarSystem/Ribbons/Pluto/DeepAtmosphere
[LOG 14:12:32.954] Load Cached PNG Texture: RealSolarSystem/Ribbons/Pluto/EvaGround
[LOG 14:12:32.954] Load Cached PNG Texture: RealSolarSystem/Ribbons/Pluto/EvaOrbit
[LOG 14:12:32.954] Load Cached PNG Texture: RealSolarSystem/Ribbons/Pluto/EvaSpace
[LOG 14:12:32.954] Load Cached PNG Texture: RealSolarSystem/Ribbons/Pluto/FirstAtmosphere
[LOG 14:12:32.954] Load Cached PNG Texture: RealSolarSystem/Ribbons/Pluto/FirstEvaGround
[LOG 14:12:32.955] Load Cached PNG Texture: RealSolarSystem/Ribbons/Pluto/FirstEvaOrbit
[LOG 14:12:32.957] Load Cached PNG Texture: RealSolarSystem/Ribbons/Pluto/FirstEvaSpace
[LOG 14:12:32.957] Load Cached PNG Texture: RealSolarSystem/Ribbons/Pluto/FirstLanding
[LOG 14:12:32.957] Load Cached PNG Texture: RealSolarSystem/Ribbons/Pluto/FirstOrbitCapsule
[LOG 14:12:32.957] Load Cached PNG Texture: RealSolarSystem/Ribbons/Pluto/FirstOrbitCapsuleDocked
[LOG 14:12:32.958] Load Cached PNG Texture: RealSolarSystem/Ribbons/Pluto/FirstPlantFlag
[LOG 14:12:32.958] Load Cached PNG Texture: RealSolarSystem/Ribbons/Pluto/FirstRover
[LOG 14:12:32.958] Load Cached PNG Texture: RealSolarSystem/Ribbons/Pluto/Landing
[LOG 14:12:32.959] Load Cached PNG Texture: RealSolarSystem/Ribbons/Pluto/OrbitCapsule
[LOG 14:12:32.959] Load Cached PNG Texture: RealSolarSystem/Ribbons/Pluto/OrbitCapsuleDocked
[LOG 14:12:32.959] Load Cached PNG Texture: RealSolarSystem/Ribbons/Pluto/PlantFlag
[LOG 14:12:32.963] Load Cached PNG Texture: RealSolarSystem/Ribbons/Pluto/Rover
[LOG 14:12:32.963] Load Cached PNG Texture: RealSolarSystem/Ribbons/Pluto/SphereOfInfluence
[LOG 14:12:32.963] Load Cached PNG Texture: RealSolarSystem/Ribbons/Rhea/EvaGround
[LOG 14:12:32.963] Load Cached PNG Texture: RealSolarSystem/Ribbons/Rhea/EvaOrbit
[LOG 14:12:32.963] Load Cached PNG Texture: RealSolarSystem/Ribbons/Rhea/EvaSpace
[LOG 14:12:32.963] Load Cached PNG Texture: RealSolarSystem/Ribbons/Rhea/FirstEvaGround
[LOG 14:12:32.964] Load Cached PNG Texture: RealSolarSystem/Ribbons/Rhea/FirstEvaOrbit
[LOG 14:12:32.964] Load Cached PNG Texture: RealSolarSystem/Ribbons/Rhea/FirstEvaSpace
[LOG 14:12:32.964] Load Cached PNG Texture: RealSolarSystem/Ribbons/Rhea/FirstLanding
[LOG 14:12:32.964] Load Cached PNG Texture: RealSolarSystem/Ribbons/Rhea/FirstOrbitCapsule
[LOG 14:12:32.964] Load Cached PNG Texture: RealSolarSystem/Ribbons/Rhea/FirstOrbitCapsuleDocked
[LOG 14:12:32.964] Load Cached PNG Texture: RealSolarSystem/Ribbons/Rhea/FirstPlantFlag
[LOG 14:12:32.966] Load Cached PNG Texture: RealSolarSystem/Ribbons/Rhea/FirstRover
[LOG 14:12:32.966] Load Cached PNG Texture: RealSolarSystem/Ribbons/Rhea/Landing
[LOG 14:12:32.966] Load Cached PNG Texture: RealSolarSystem/Ribbons/Rhea/OrbitCapsule
[LOG 14:12:32.969] Load Cached PNG Texture: RealSolarSystem/Ribbons/Rhea/OrbitCapsuleDocked
[LOG 14:12:32.972] Load Cached PNG Texture: RealSolarSystem/Ribbons/Rhea/PlantFlag
[LOG 14:12:32.973] Load Cached PNG Texture: RealSolarSystem/Ribbons/Rhea/Rover
[LOG 14:12:32.973] Load Cached PNG Texture: RealSolarSystem/Ribbons/Rhea/SphereOfInfluence
[LOG 14:12:32.978] Load Cached PNG Texture: RealSolarSystem/Ribbons/Saturn/Atmosphere
[LOG 14:12:32.981] Load Cached PNG Texture: RealSolarSystem/Ribbons/Saturn/DeepAtmosphere
[LOG 14:12:32.982] Load Cached PNG Texture: RealSolarSystem/Ribbons/Saturn/EvaOrbit
[LOG 14:12:32.982] Load Cached PNG Texture: RealSolarSystem/Ribbons/Saturn/EvaSpace
[LOG 14:12:32.982] Load Cached PNG Texture: RealSolarSystem/Ribbons/Saturn/FirstAtmosphere
[LOG 14:12:32.982] Load Cached PNG Texture: RealSolarSystem/Ribbons/Saturn/FirstEvaOrbit
[LOG 14:12:32.982] Load Cached PNG Texture: RealSolarSystem/Ribbons/Saturn/FirstEvaSpace
[LOG 14:12:32.982] Load Cached PNG Texture: RealSolarSystem/Ribbons/Saturn/FirstOrbitCapsule
[LOG 14:12:32.982] Load Cached PNG Texture: RealSolarSystem/Ribbons/Saturn/FirstOrbitCapsuleDocked
[LOG 14:12:32.982] Load Cached PNG Texture: RealSolarSystem/Ribbons/Saturn/OrbitCapsule
[LOG 14:12:32.986] Load Cached PNG Texture: RealSolarSystem/Ribbons/Saturn/OrbitCapsuleDocked
[LOG 14:12:32.991] Load Cached PNG Texture: RealSolarSystem/Ribbons/Saturn/SphereOfInfluence
[LOG 14:12:32.991] Load Cached PNG Texture: RealSolarSystem/Ribbons/Sol/Atmosphere
[LOG 14:12:32.992] Load Cached PNG Texture: RealSolarSystem/Ribbons/Sol/CloserSolarOrbit
[LOG 14:12:32.992] Load Cached PNG Texture: RealSolarSystem/Ribbons/Sol/DeepAtmosphere
[LOG 14:12:32.994] Load Cached PNG Texture: RealSolarSystem/Ribbons/Sol/EvaOrbit
[LOG 14:12:32.994] Load Cached PNG Texture: RealSolarSystem/Ribbons/Sol/EvaSpace
[LOG 14:12:32.994] Load Cached PNG Texture: RealSolarSystem/Ribbons/Sol/FirstAtmosphere
[LOG 14:12:32.994] Load Cached PNG Texture: RealSolarSystem/Ribbons/Sol/FirstCloserSolarOrbit
[LOG 14:12:32.994] Load Cached PNG Texture: RealSolarSystem/Ribbons/Sol/FirstEvaOrbit
[LOG 14:12:32.994] Load Cached PNG Texture: RealSolarSystem/Ribbons/Sol/FirstEvaSpace
[LOG 14:12:32.994] Load Cached PNG Texture: RealSolarSystem/Ribbons/Sol/FirstOrbitCapsule
[LOG 14:12:32.995] Load Cached PNG Texture: RealSolarSystem/Ribbons/Sol/FirstOrbitCapsuleDocked
[LOG 14:12:32.995] Load Cached PNG Texture: RealSolarSystem/Ribbons/Sol/OrbitCapsule
[LOG 14:12:32.995] Load Cached PNG Texture: RealSolarSystem/Ribbons/Sol/OrbitCapsuleDocked
[LOG 14:12:32.995] Load Cached PNG Texture: RealSolarSystem/Ribbons/Sol/SphereOfInfluence
[LOG 14:12:32.995] Load Cached PNG Texture: RealSolarSystem/Ribbons/Tethys/EvaGround
[LOG 14:12:32.995] Load Cached PNG Texture: RealSolarSystem/Ribbons/Tethys/EvaOrbit
[LOG 14:12:32.995] Load Cached PNG Texture: RealSolarSystem/Ribbons/Tethys/EvaSpace
[LOG 14:12:32.996] Load Cached PNG Texture: RealSolarSystem/Ribbons/Tethys/FirstEvaGround
[LOG 14:12:33.000] Load Cached PNG Texture: RealSolarSystem/Ribbons/Tethys/FirstEvaOrbit
[LOG 14:12:33.000] Load Cached PNG Texture: RealSolarSystem/Ribbons/Tethys/FirstEvaSpace
[LOG 14:12:33.000] Load Cached PNG Texture: RealSolarSystem/Ribbons/Tethys/FirstLanding
[LOG 14:12:33.000] Load Cached PNG Texture: RealSolarSystem/Ribbons/Tethys/FirstOrbitCapsule
[LOG 14:12:33.000] Load Cached PNG Texture: RealSolarSystem/Ribbons/Tethys/FirstOrbitCapsuleDocked
[LOG 14:12:33.000] Load Cached PNG Texture: RealSolarSystem/Ribbons/Tethys/FirstPlantFlag
[LOG 14:12:33.000] Load Cached PNG Texture: RealSolarSystem/Ribbons/Tethys/FirstRover
[LOG 14:12:33.001] Load Cached PNG Texture: RealSolarSystem/Ribbons/Tethys/Landing
[LOG 14:12:33.004] Load Cached PNG Texture: RealSolarSystem/Ribbons/Tethys/OrbitCapsule
[LOG 14:12:33.004] Load Cached PNG Texture: RealSolarSystem/Ribbons/Tethys/OrbitCapsuleDocked
[LOG 14:12:33.005] Load Cached PNG Texture: RealSolarSystem/Ribbons/Tethys/PlantFlag
[LOG 14:12:33.005] Load Cached PNG Texture: RealSolarSystem/Ribbons/Tethys/Rover
[LOG 14:12:33.005] Load Cached PNG Texture: RealSolarSystem/Ribbons/Tethys/SphereOfInfluence
[LOG 14:12:33.006] Load Cached PNG Texture: RealSolarSystem/Ribbons/Titan/Atmosphere
[LOG 14:12:33.006] Load Cached PNG Texture: RealSolarSystem/Ribbons/Titan/DeepAtmosphere
[LOG 14:12:33.006] Load Cached PNG Texture: RealSolarSystem/Ribbons/Titan/EvaGround
[LOG 14:12:33.007] Load Cached PNG Texture: RealSolarSystem/Ribbons/Titan/EvaOrbit
[LOG 14:12:33.007] Load Cached PNG Texture: RealSolarSystem/Ribbons/Titan/EvaSpace
[LOG 14:12:33.007] Load Cached PNG Texture: RealSolarSystem/Ribbons/Titan/FirstAtmosphere
[LOG 14:12:33.007] Load Cached PNG Texture: RealSolarSystem/Ribbons/Titan/FirstEvaGround
[LOG 14:12:33.007] Load Cached PNG Texture: RealSolarSystem/Ribbons/Titan/FirstEvaOrbit
[LOG 14:12:33.007] Load Cached PNG Texture: RealSolarSystem/Ribbons/Titan/FirstEvaSpace
[LOG 14:12:33.008] Load Cached PNG Texture: RealSolarSystem/Ribbons/Titan/FirstLanding
[LOG 14:12:33.008] Load Cached PNG Texture: RealSolarSystem/Ribbons/Titan/FirstOrbitCapsule
[LOG 14:12:33.008] Load Cached PNG Texture: RealSolarSystem/Ribbons/Titan/FirstOrbitCapsuleDocked
[LOG 14:12:33.009] Load Cached PNG Texture: RealSolarSystem/Ribbons/Titan/FirstPlantFlag
[LOG 14:12:33.009] Load Cached PNG Texture: RealSolarSystem/Ribbons/Titan/FirstRover
[LOG 14:12:33.009] Load Cached PNG Texture: RealSolarSystem/Ribbons/Titan/Landing
[LOG 14:12:33.009] Load Cached PNG Texture: RealSolarSystem/Ribbons/Titan/OrbitCapsule
[LOG 14:12:33.009] Load Cached PNG Texture: RealSolarSystem/Ribbons/Titan/OrbitCapsuleDocked
[LOG 14:12:33.009] Load Cached PNG Texture: RealSolarSystem/Ribbons/Titan/PlantFlag
[LOG 14:12:33.010] Load Cached PNG Texture: RealSolarSystem/Ribbons/Titan/Rover
[LOG 14:12:33.010] Load Cached PNG Texture: RealSolarSystem/Ribbons/Titan/SphereOfInfluence
[LOG 14:12:33.010] Load Cached PNG Texture: RealSolarSystem/Ribbons/Titania/EvaGround
[LOG 14:12:33.010] Load Cached PNG Texture: RealSolarSystem/Ribbons/Titania/EvaOrbit
[LOG 14:12:33.013] Load Cached PNG Texture: RealSolarSystem/Ribbons/Titania/EvaSpace
[LOG 14:12:33.013] Load Cached PNG Texture: RealSolarSystem/Ribbons/Titania/FirstEvaGround
[LOG 14:12:33.013] Load Cached PNG Texture: RealSolarSystem/Ribbons/Titania/FirstEvaOrbit
[LOG 14:12:33.013] Load Cached PNG Texture: RealSolarSystem/Ribbons/Titania/FirstEvaSpace
[LOG 14:12:33.013] Load Cached PNG Texture: RealSolarSystem/Ribbons/Titania/FirstLanding
[LOG 14:12:33.016] Load Cached PNG Texture: RealSolarSystem/Ribbons/Titania/FirstOrbitCapsule
[LOG 14:12:33.016] Load Cached PNG Texture: RealSolarSystem/Ribbons/Titania/FirstOrbitCapsuleDocked
[LOG 14:12:33.016] Load Cached PNG Texture: RealSolarSystem/Ribbons/Titania/FirstPlantFlag
[LOG 14:12:33.016] Load Cached PNG Texture: RealSolarSystem/Ribbons/Titania/FirstRover
[LOG 14:12:33.016] Load Cached PNG Texture: RealSolarSystem/Ribbons/Titania/Landing
[LOG 14:12:33.016] Load Cached PNG Texture: RealSolarSystem/Ribbons/Titania/OrbitCapsule
[LOG 14:12:33.017] Load Cached PNG Texture: RealSolarSystem/Ribbons/Titania/OrbitCapsuleDocked
[LOG 14:12:33.017] Load Cached PNG Texture: RealSolarSystem/Ribbons/Titania/PlantFlag
[LOG 14:12:33.017] Load Cached PNG Texture: RealSolarSystem/Ribbons/Titania/Rover
[LOG 14:12:33.017] Load Cached PNG Texture: RealSolarSystem/Ribbons/Titania/SphereOfInfluence
[LOG 14:12:33.017] Load Cached PNG Texture: RealSolarSystem/Ribbons/Triton/Atmosphere
[LOG 14:12:33.017] Load Cached PNG Texture: RealSolarSystem/Ribbons/Triton/DeepAtmosphere
[LOG 14:12:33.018] Load Cached PNG Texture: RealSolarSystem/Ribbons/Triton/EvaGround
[LOG 14:12:33.018] Load Cached PNG Texture: RealSolarSystem/Ribbons/Triton/EvaOrbit
[LOG 14:12:33.018] Load Cached PNG Texture: RealSolarSystem/Ribbons/Triton/EvaSpace
[LOG 14:12:33.018] Load Cached PNG Texture: RealSolarSystem/Ribbons/Triton/FirstAtmosphere
[LOG 14:12:33.018] Load Cached PNG Texture: RealSolarSystem/Ribbons/Triton/FirstEvaGround
[LOG 14:12:33.019] Load Cached PNG Texture: RealSolarSystem/Ribbons/Triton/FirstEvaOrbit
[LOG 14:12:33.019] Load Cached PNG Texture: RealSolarSystem/Ribbons/Triton/FirstEvaSpace
[LOG 14:12:33.020] Load Cached PNG Texture: RealSolarSystem/Ribbons/Triton/FirstLanding
[LOG 14:12:33.020] Load Cached PNG Texture: RealSolarSystem/Ribbons/Triton/FirstOrbitCapsule
[LOG 14:12:33.020] Load Cached PNG Texture: RealSolarSystem/Ribbons/Triton/FirstOrbitCapsuleDocked
[LOG 14:12:33.021] Load Cached PNG Texture: RealSolarSystem/Ribbons/Triton/FirstPlantFlag
[LOG 14:12:33.021] Load Cached PNG Texture: RealSolarSystem/Ribbons/Triton/FirstRover
[LOG 14:12:33.021] Load Cached PNG Texture: RealSolarSystem/Ribbons/Triton/Landing
[LOG 14:12:33.021] Load Cached PNG Texture: RealSolarSystem/Ribbons/Triton/OrbitCapsule
[LOG 14:12:33.021] Load Cached PNG Texture: RealSolarSystem/Ribbons/Triton/OrbitCapsuleDocked
[LOG 14:12:33.021] Load Cached PNG Texture: RealSolarSystem/Ribbons/Triton/PlantFlag
[LOG 14:12:33.021] Load Cached PNG Texture: RealSolarSystem/Ribbons/Triton/Rover
[LOG 14:12:33.022] Load Cached PNG Texture: RealSolarSystem/Ribbons/Triton/SphereOfInfluence
[LOG 14:12:33.022] Load Cached PNG Texture: RealSolarSystem/Ribbons/Umbriel/EvaGround
[LOG 14:12:33.022] Load Cached PNG Texture: RealSolarSystem/Ribbons/Umbriel/EvaOrbit
[LOG 14:12:33.022] Load Cached PNG Texture: RealSolarSystem/Ribbons/Umbriel/EvaSpace
[LOG 14:12:33.022] Load Cached PNG Texture: RealSolarSystem/Ribbons/Umbriel/FirstEvaGround
[LOG 14:12:33.022] Load Cached PNG Texture: RealSolarSystem/Ribbons/Umbriel/FirstEvaOrbit
[LOG 14:12:33.023] Load Cached PNG Texture: RealSolarSystem/Ribbons/Umbriel/FirstEvaSpace
[LOG 14:12:33.023] Load Cached PNG Texture: RealSolarSystem/Ribbons/Umbriel/FirstLanding
[LOG 14:12:33.023] Load Cached PNG Texture: RealSolarSystem/Ribbons/Umbriel/FirstOrbitCapsule
[LOG 14:12:33.023] Load Cached PNG Texture: RealSolarSystem/Ribbons/Umbriel/FirstOrbitCapsuleDocked
[LOG 14:12:33.023] Load Cached PNG Texture: RealSolarSystem/Ribbons/Umbriel/FirstPlantFlag
[LOG 14:12:33.024] Load Cached PNG Texture: RealSolarSystem/Ribbons/Umbriel/FirstRover
[LOG 14:12:33.024] Load Cached PNG Texture: RealSolarSystem/Ribbons/Umbriel/Landing
[LOG 14:12:33.024] Load Cached PNG Texture: RealSolarSystem/Ribbons/Umbriel/OrbitCapsule
[LOG 14:12:33.024] Load Cached PNG Texture: RealSolarSystem/Ribbons/Umbriel/OrbitCapsuleDocked
[LOG 14:12:33.024] Load Cached PNG Texture: RealSolarSystem/Ribbons/Umbriel/PlantFlag
[LOG 14:12:33.025] Load Cached PNG Texture: RealSolarSystem/Ribbons/Umbriel/Rover
[LOG 14:12:33.025] Load Cached PNG Texture: RealSolarSystem/Ribbons/Umbriel/SphereOfInfluence
[LOG 14:12:33.025] Load Cached PNG Texture: RealSolarSystem/Ribbons/Uranus/Atmosphere
[LOG 14:12:33.025] Load Cached PNG Texture: RealSolarSystem/Ribbons/Uranus/DeepAtmosphere
[LOG 14:12:33.026] Load Cached PNG Texture: RealSolarSystem/Ribbons/Uranus/EvaOrbit
[LOG 14:12:33.026] Load Cached PNG Texture: RealSolarSystem/Ribbons/Uranus/EvaSpace
[LOG 14:12:33.026] Load Cached PNG Texture: RealSolarSystem/Ribbons/Uranus/FirstAtmosphere
[LOG 14:12:33.026] Load Cached PNG Texture: RealSolarSystem/Ribbons/Uranus/FirstEvaOrbit
[LOG 14:12:33.026] Load Cached PNG Texture: RealSolarSystem/Ribbons/Uranus/FirstEvaSpace
[LOG 14:12:33.026] Load Cached PNG Texture: RealSolarSystem/Ribbons/Uranus/FirstOrbitCapsule
[LOG 14:12:33.027] Load Cached PNG Texture: RealSolarSystem/Ribbons/Uranus/FirstOrbitCapsuleDocked
[LOG 14:12:33.027] Load Cached PNG Texture: RealSolarSystem/Ribbons/Uranus/OrbitCapsule
[LOG 14:12:33.027] Load Cached PNG Texture: RealSolarSystem/Ribbons/Uranus/OrbitCapsuleDocked
[LOG 14:12:33.027] Load Cached PNG Texture: RealSolarSystem/Ribbons/Uranus/SphereOfInfluence
[LOG 14:12:33.028] Load Cached PNG Texture: RealSolarSystem/Ribbons/Venus/Atmosphere
[LOG 14:12:33.028] Load Cached PNG Texture: RealSolarSystem/Ribbons/Venus/DeepAtmosphere
[LOG 14:12:33.028] Load Cached PNG Texture: RealSolarSystem/Ribbons/Venus/EvaGround
[LOG 14:12:33.028] Load Cached PNG Texture: RealSolarSystem/Ribbons/Venus/EvaOrbit
[LOG 14:12:33.028] Load Cached PNG Texture: RealSolarSystem/Ribbons/Venus/EvaSpace
[LOG 14:12:33.029] Load Cached PNG Texture: RealSolarSystem/Ribbons/Venus/FirstAtmosphere
[LOG 14:12:33.029] Load Cached PNG Texture: RealSolarSystem/Ribbons/Venus/FirstEvaGround
[LOG 14:12:33.029] Load Cached PNG Texture: RealSolarSystem/Ribbons/Venus/FirstEvaOrbit
[LOG 14:12:33.029] Load Cached PNG Texture: RealSolarSystem/Ribbons/Venus/FirstEvaSpace
[LOG 14:12:33.030] Load Cached PNG Texture: RealSolarSystem/Ribbons/Venus/FirstLanding
[LOG 14:12:33.030] Load Cached PNG Texture: RealSolarSystem/Ribbons/Venus/FirstOrbitCapsule
[LOG 14:12:33.030] Load Cached PNG Texture: RealSolarSystem/Ribbons/Venus/FirstOrbitCapsuleDocked
[LOG 14:12:33.030] Load Cached PNG Texture: RealSolarSystem/Ribbons/Venus/FirstPlantFlag
[LOG 14:12:33.030] Load Cached PNG Texture: RealSolarSystem/Ribbons/Venus/FirstRover
[LOG 14:12:33.030] Load Cached PNG Texture: RealSolarSystem/Ribbons/Venus/Landing
[LOG 14:12:33.031] Load Cached PNG Texture: RealSolarSystem/Ribbons/Venus/OrbitCapsule
[LOG 14:12:33.031] Load Cached PNG Texture: RealSolarSystem/Ribbons/Venus/OrbitCapsuleDocked
[LOG 14:12:33.031] Load Cached PNG Texture: RealSolarSystem/Ribbons/Venus/PlantFlag
[LOG 14:12:33.031] Load Cached PNG Texture: RealSolarSystem/Ribbons/Venus/Rover
[LOG 14:12:33.031] Load Cached PNG Texture: RealSolarSystem/Ribbons/Venus/SphereOfInfluence
[LOG 14:12:33.032] Load Cached PNG Texture: RealSolarSystem/Ribbons/Vesta/EvaGround
[LOG 14:12:33.032] Load Cached PNG Texture: RealSolarSystem/Ribbons/Vesta/EvaOrbit
[LOG 14:12:33.032] Load Cached PNG Texture: RealSolarSystem/Ribbons/Vesta/EvaSpace
[LOG 14:12:33.032] Load Cached PNG Texture: RealSolarSystem/Ribbons/Vesta/FirstEvaGround
[LOG 14:12:33.032] Load Cached PNG Texture: RealSolarSystem/Ribbons/Vesta/FirstEvaOrbit
[LOG 14:12:33.033] Load Cached PNG Texture: RealSolarSystem/Ribbons/Vesta/FirstEvaSpace
[LOG 14:12:33.033] Load Cached PNG Texture: RealSolarSystem/Ribbons/Vesta/FirstLanding
[LOG 14:12:33.033] Load Cached PNG Texture: RealSolarSystem/Ribbons/Vesta/FirstOrbitCapsule
[LOG 14:12:33.033] Load Cached PNG Texture: RealSolarSystem/Ribbons/Vesta/FirstOrbitCapsuleDocked
[LOG 14:12:33.033] Load Cached PNG Texture: RealSolarSystem/Ribbons/Vesta/FirstPlantFlag
[LOG 14:12:33.034] Load Cached PNG Texture: RealSolarSystem/Ribbons/Vesta/FirstRover
[LOG 14:12:33.034] Load Cached PNG Texture: RealSolarSystem/Ribbons/Vesta/Landing
[LOG 14:12:33.034] Load Cached PNG Texture: RealSolarSystem/Ribbons/Vesta/OrbitCapsule
[LOG 14:12:33.034] Load Cached PNG Texture: RealSolarSystem/Ribbons/Vesta/OrbitCapsuleDocked
[LOG 14:12:33.034] Load Cached PNG Texture: RealSolarSystem/Ribbons/Vesta/PlantFlag
[LOG 14:12:33.035] Load Cached PNG Texture: RealSolarSystem/Ribbons/Vesta/Rover
[LOG 14:12:33.035] Load Cached PNG Texture: RealSolarSystem/Ribbons/Vesta/SphereOfInfluence
[LOG 14:12:33.037] Load DDS texture: RSS-Textures/EarthColor
[LOG 14:12:33.047] Load DDS texture: RSS-Textures/Earth_NRM
[LOG 14:12:33.052] Load DDS texture: RSS-Textures/MoonColor
[LOG 14:12:33.054] Load DDS texture: RSS-Textures/Moon_NRM
[LOG 14:12:33.058] Load DDS texture: Squad/Agencies/C7AerospaceDivision
[LOG 14:12:33.059] Load TRUECOLOR texture: Squad/Agencies/C7AerospaceDivision_scaled
[LOG 14:12:33.060] Load DDS texture: Squad/Agencies/DinkelsteinKermansConstructionEmporium
[LOG 14:12:33.060] Load TRUECOLOR texture: Squad/Agencies/DinkelsteinKermansConstructionEmporium_scaled
[LOG 14:12:33.060] Load DDS texture: Squad/Agencies/ExperimentalEngineering
[LOG 14:12:33.061] Load TRUECOLOR texture: Squad/Agencies/ExperimentalEngineering_scaled
[LOG 14:12:33.061] Load DDS texture: Squad/Agencies/FlooydResearchLab
[LOG 14:12:33.061] Load TRUECOLOR texture: Squad/Agencies/FlooydResearchLab_scaled
[LOG 14:12:33.061] Load DDS texture: Squad/Agencies/GoliathNationalProducts
[LOG 14:12:33.062] Load TRUECOLOR texture: Squad/Agencies/GoliathNationalProducts_scaled
[LOG 14:12:33.062] Load DDS texture: Squad/Agencies/IntegratedIntegrals
[LOG 14:12:33.062] Load TRUECOLOR texture: Squad/Agencies/IntegratedIntegrals_scaled
[LOG 14:12:33.062] Load DDS texture: Squad/Agencies/IonicSymphonicProtonicElectronics
[LOG 14:12:33.063] Load TRUECOLOR texture: Squad/Agencies/IonicSymphonicProtonicElectronics_scaled
[LOG 14:12:33.063] Load DDS texture: Squad/Agencies/JebsJunkyard
[LOG 14:12:33.063] Load TRUECOLOR texture: Squad/Agencies/JebsJunkyard_scaled
[LOG 14:12:33.063] Load DDS texture: Squad/Agencies/KerbalMotion
[LOG 14:12:33.063] Load TRUECOLOR texture: Squad/Agencies/KerbalMotion_scaled
[LOG 14:12:33.064] Load DDS texture: Squad/Agencies/KerbinWorldFirstRecordKeepingSociety
[LOG 14:12:33.064] Load TRUECOLOR texture: Squad/Agencies/KerbinWorldFirstRecordKeepingSociety_scaled
[LOG 14:12:33.064] Load DDS texture: Squad/Agencies/Kerbodyne
[LOG 14:12:33.064] Load TRUECOLOR texture: Squad/Agencies/Kerbodyne_scaled
[LOG 14:12:33.064] Load DDS texture: Squad/Agencies/Kerlington
[LOG 14:12:33.064] Load TRUECOLOR texture: Squad/Agencies/Kerlington_scaled
[LOG 14:12:33.065] Load DDS texture: Squad/Agencies/MaxoConstructionToys
[LOG 14:12:33.065] Load TRUECOLOR texture: Squad/Agencies/MaxoConstructionToys_scaled
[LOG 14:12:33.065] Load DDS texture: Squad/Agencies/MovingPartsExpertsGroup
[LOG 14:12:33.065] Load TRUECOLOR texture: Squad/Agencies/MovingPartsExpertsGroup_scaled
[LOG 14:12:33.065] Load DDS texture: Squad/Agencies/OMBDemolition
[LOG 14:12:33.066] Load TRUECOLOR texture: Squad/Agencies/OMBDemolition_scaled
[LOG 14:12:33.067] Load DDS texture: Squad/Agencies/PeriapsisCo
[LOG 14:12:33.067] Load TRUECOLOR texture: Squad/Agencies/PeriapsisCo_scaled
[LOG 14:12:33.067] Load DDS texture: Squad/Agencies/Probodobodyne
[LOG 14:12:33.067] Load TRUECOLOR texture: Squad/Agencies/Probodobodyne_scaled
[LOG 14:12:33.067] Load DDS texture: Squad/Agencies/R&D
[LOG 14:12:33.068] Load TRUECOLOR texture: Squad/Agencies/R&D_scaled
[LOG 14:12:33.068] Load DDS texture: Squad/Agencies/ReactionSystemsLtd
[LOG 14:12:33.068] Load TRUECOLOR texture: Squad/Agencies/ReactionSystemsLtd_scaled
[LOG 14:12:33.068] Load DDS texture: Squad/Agencies/Rockomax
[LOG 14:12:33.072] Load TRUECOLOR texture: Squad/Agencies/Rockomax_scaled
[LOG 14:12:33.072] Load DDS texture: Squad/Agencies/Rokea
[LOG 14:12:33.072] Load TRUECOLOR texture: Squad/Agencies/Rokea_scaled
[LOG 14:12:33.073] Load DDS texture: Squad/Agencies/SeansCannery
[LOG 14:12:33.073] Load TRUECOLOR texture: Squad/Agencies/SeansCannery_scaled
[LOG 14:12:33.073] Load DDS texture: Squad/Agencies/SteadlerEngineeringCorps
[LOG 14:12:33.073] Load TRUECOLOR texture: Squad/Agencies/SteadlerEngineeringCorps_scaled
[LOG 14:12:33.073] Load DDS texture: Squad/Agencies/StrutCo
[LOG 14:12:33.073] Load TRUECOLOR texture: Squad/Agencies/StrutCo_scaled
[LOG 14:12:33.073] Load DDS texture: Squad/Agencies/Vac-Co
[LOG 14:12:33.074] Load TRUECOLOR texture: Squad/Agencies/Vac-Co_scaled
[LOG 14:12:33.074] Load DDS texture: Squad/Agencies/WinterOwl
[LOG 14:12:33.074] Load TRUECOLOR texture: Squad/Agencies/WinterOwl_scaled
[LOG 14:12:33.074] Load DDS texture: Squad/Agencies/ZaltonicElectronics
[LOG 14:12:33.075] Load TRUECOLOR texture: Squad/Agencies/ZaltonicElectronics_scaled
[LOG 14:12:33.075] Load Cached PNG Texture: Squad/Alarms/Icons/ap
[LOG 14:12:33.075] Load Cached PNG Texture: Squad/Alarms/Icons/default
[LOG 14:12:33.075] Load Cached PNG Texture: Squad/Alarms/Icons/maneuver
[LOG 14:12:33.075] Load Cached PNG Texture: Squad/Alarms/Icons/pe
[LOG 14:12:33.075] Load Cached PNG Texture: Squad/Alarms/Icons/raw
[LOG 14:12:33.075] Load Cached PNG Texture: Squad/Alarms/Icons/soi
[LOG 14:12:33.075] Load Cached PNG Texture: Squad/Alarms/Icons/xfer
[LOG 14:12:33.075] Load DDS texture: Squad/Contracts/Icons/balloon
[LOG 14:12:33.076] Load DDS texture: Squad/Contracts/Icons/custom
[LOG 14:12:33.076] Load DDS texture: Squad/Contracts/Icons/default
[LOG 14:12:33.076] Load DDS texture: Squad/Contracts/Icons/dish
[LOG 14:12:33.076] Load DDS texture: Squad/Contracts/Icons/eva
[LOG 14:12:33.076] Load DDS texture: Squad/Contracts/Icons/gravity
[LOG 14:12:33.076] Load Cached PNG Texture: Squad/Contracts/Icons/ksc
[LOG 14:12:33.076] Load DDS texture: Squad/Contracts/Icons/launchsite
[LOG 14:12:33.076] Load DDS texture: Squad/Contracts/Icons/marker
[LOG 14:12:33.076] Load DDS texture: Squad/Contracts/Icons/pressure
[LOG 14:12:33.076] Load DDS texture: Squad/Contracts/Icons/report
[LOG 14:12:33.076] Load DDS texture: Squad/Contracts/Icons/runway
[LOG 14:12:33.076] Load DDS texture: Squad/Contracts/Icons/sample
[LOG 14:12:33.077] Load DDS texture: Squad/Contracts/Icons/seismic
[LOG 14:12:33.077] Load DDS texture: Squad/Contracts/Icons/thermometer
[LOG 14:12:33.077] Load DDS texture: Squad/Contracts/Icons/vessel
[LOG 14:12:33.077] Load Cached PNG Texture: Squad/Flags/09
[LOG 14:12:33.077] Load Cached PNG Texture: Squad/Flags/blorbs
[LOG 14:12:33.077] Load Cached PNG Texture: Squad/Flags/bullseye
[LOG 14:12:33.077] Load Cached PNG Texture: Squad/Flags/capsule
[LOG 14:12:33.077] Load Cached PNG Texture: Squad/Flags/circles
[LOG 14:12:33.077] Load Cached PNG Texture: Squad/Flags/default
[LOG 14:12:33.078] Load Cached PNG Texture: Squad/Flags/hexagon
[LOG 14:12:33.078] Load Cached PNG Texture: Squad/Flags/hexagonCircles
[LOG 14:12:33.078] Load Cached PNG Texture: Squad/Flags/kerbal1
[LOG 14:12:33.078] Load Cached PNG Texture: Squad/Flags/kerbal2
[LOG 14:12:33.078] Load Cached PNG Texture: Squad/Flags/kerbin
[LOG 14:12:33.079] Load Cached PNG Texture: Squad/Flags/kerbinmunflag
[LOG 14:12:33.079] Load Cached PNG Texture: Squad/Flags/line
[LOG 14:12:33.079] Load Cached PNG Texture: Squad/Flags/minimalistic
[LOG 14:12:33.079] Load Cached PNG Texture: Squad/Flags/orbit
[LOG 14:12:33.079] Load Cached PNG Texture: Squad/Flags/orbs
[LOG 14:12:33.080] Load Cached PNG Texture: Squad/Flags/retro
[LOG 14:12:33.080] Load Cached PNG Texture: Squad/Flags/rings
[LOG 14:12:33.080] Load Cached PNG Texture: Squad/Flags/rocketScience
[LOG 14:12:33.080] Load Cached PNG Texture: Squad/Flags/satellite
[LOG 14:12:33.102] Load Cached PNG Texture: Squad/Flags/Sentinel_Flag
[LOG 14:12:33.102] Load Cached PNG Texture: Squad/Flags/spheres
[LOG 14:12:33.102] Load Cached PNG Texture: Squad/Flags/squadLogo
[LOG 14:12:33.102] Load Cached PNG Texture: Squad/Flags/squadLogo2
[LOG 14:12:33.103] Load Cached PNG Texture: Squad/Flags/stripes
[LOG 14:12:33.103] Load Cached PNG Texture: Squad/Flags/trees
[LOG 14:12:33.103] Load Cached PNG Texture: Squad/Flags/trippy
[LOG 14:12:33.104] Load Cached PNG Texture: Squad/FlagsAgency/esa_dark_blue
[LOG 14:12:33.104] Load Cached PNG Texture: Squad/FlagsAgency/NASA
[LOG 14:12:33.104] Load Cached PNG Texture: Squad/FlagsAgency/uk_space_agency
[LOG 14:12:33.104] Load Cached PNG Texture: Squad/FlagsOrganization/B612_Foundation_flag
[LOG 14:12:33.105] Load Cached PNG Texture: Squad/FlagsOrganization/electron
[LOG 14:12:33.105] Load Cached PNG Texture: Squad/FlagsOrganization/ESA_Arianespace
[LOG 14:12:33.105] Load Cached PNG Texture: Squad/FlagsOrganization/rocketlab
[LOG 14:12:33.105] Load DDS texture: Squad/FX/DiamondBlue
[LOG 14:12:33.105] Load DDS texture: Squad/FX/FlameBlueOrange
[LOG 14:12:33.105] Load DDS texture: Squad/FX/FlamePurple
[LOG 14:12:33.105] Load DDS texture: Squad/FX/FlameRed
[LOG 14:12:33.106] Load DDS texture: Squad/FX/FlameRedOrange
[LOG 14:12:33.106] Load DDS texture: Squad/FX/Monoprop
[LOG 14:12:33.106] Load DDS texture: Squad/FX/plasma2
[LOG 14:12:33.106] Load DDS texture: Squad/FX/rocketplume2
[LOG 14:12:33.106] Load DDS texture: Squad/FX/shockDiamond2
[LOG 14:12:33.106] Load DDS texture: Squad/FX/smokepuff1
[LOG 14:12:33.106] Load DDS texture: Squad/Interiors/Administration/AdminBuilding_Lvl1
[LOG 14:12:33.110] Load DDS texture: Squad/Interiors/Administration/AdminBuilding_Lvl2
[LOG 14:12:33.115] Load DDS texture: Squad/Interiors/Administration/AdminBuilding_Lvl3
[LOG 14:12:33.122] Load DDS texture: Squad/MenuProps/MunOrBust
[LOG 14:12:33.124] Load Cached PNG Texture: Squad/Missions/Banners/Fail/default
[LOG 14:12:33.124] Load PNG texture: Squad/Missions/Banners/Menu/default
[WRN 14:12:33.131] Texture isn't eligible for DXT compression, width and height must be multiples of 4
[LOG 14:12:33.131] Load Cached PNG Texture: Squad/Missions/Banners/Success/default
[LOG 14:12:33.131] Load PNG texture: Squad/Missions/ESA-BepiColombo/Banners/Fail/ESA_MB_Fail_01
[WRN 14:12:33.139] Texture isn't eligible for DXT compression, width and height must be multiples of 4
[LOG 14:12:33.144] Load PNG texture: Squad/Missions/ESA-BepiColombo/Banners/Menu/ESA_MB_Select_01
[WRN 14:12:33.148] Texture isn't eligible for DXT compression, width and height must be multiples of 4
[LOG 14:12:33.148] Load PNG texture: Squad/Missions/ESA-BepiColombo/Banners/Success/ESA_MB_Success_01
[WRN 14:12:33.154] Texture isn't eligible for DXT compression, width and height must be multiples of 4
[LOG 14:12:33.155] Load PNG texture: Squad/Missions/ESA-BepiColombo-Short/Banners/Fail/ESA_MB_Fail_01
[WRN 14:12:33.161] Texture isn't eligible for DXT compression, width and height must be multiples of 4
[LOG 14:12:33.161] Load PNG texture: Squad/Missions/ESA-BepiColombo-Short/Banners/Menu/ESA_MB_Select_01
[WRN 14:12:33.169] Texture isn't eligible for DXT compression, width and height must be multiples of 4
[LOG 14:12:33.169] Load PNG texture: Squad/Missions/ESA-BepiColombo-Short/Banners/Success/ESA_MB_Success_01
[WRN 14:12:33.175] Texture isn't eligible for DXT compression, width and height must be multiples of 4
[LOG 14:12:33.176] Load PNG texture: Squad/Missions/ESA-Rosetta/Banners/Fail/ESA_MB_Fail_02
[WRN 14:12:33.184] Texture isn't eligible for DXT compression, width and height must be multiples of 4
[LOG 14:12:33.184] Load PNG texture: Squad/Missions/ESA-Rosetta/Banners/Menu/ESA_MB_Select_02
[WRN 14:12:33.187] Texture isn't eligible for DXT compression, width and height must be multiples of 4
[LOG 14:12:33.188] Load PNG texture: Squad/Missions/ESA-Rosetta/Banners/Success/ESA_MB_Success_02
[WRN 14:12:33.192] Texture isn't eligible for DXT compression, width and height must be multiples of 4
[LOG 14:12:33.192] Load Cached PNG Texture: Squad/PartList/SimpleIcons/ablator
[LOG 14:12:33.192] Load Cached PNG Texture: Squad/PartList/SimpleIcons/active_radiator
[LOG 14:12:33.192] Load Cached PNG Texture: Squad/PartList/SimpleIcons/asteroid_drill
[LOG 14:12:33.192] Load Cached PNG Texture: Squad/PartList/SimpleIcons/cargo_part
[LOG 14:12:33.192] Load Cached PNG Texture: Squad/PartList/SimpleIcons/comet_drill
[LOG 14:12:33.192] Load Cached PNG Texture: Squad/PartList/SimpleIcons/core_heat
[LOG 14:12:33.193] Load Cached PNG Texture: Squad/PartList/SimpleIcons/cs_main
[LOG 14:12:33.193] Load Cached PNG Texture: Squad/PartList/SimpleIcons/cs_mk2
[LOG 14:12:33.193] Load Cached PNG Texture: Squad/PartList/SimpleIcons/cs_mk3
[LOG 14:12:33.193] Load Cached PNG Texture: Squad/PartList/SimpleIcons/cs_size0
[LOG 14:12:33.193] Load Cached PNG Texture: Squad/PartList/SimpleIcons/cs_size1
[LOG 14:12:33.193] Load Cached PNG Texture: Squad/PartList/SimpleIcons/cs_size1p5
[LOG 14:12:33.193] Load Cached PNG Texture: Squad/PartList/SimpleIcons/cs_size2
[LOG 14:12:33.193] Load Cached PNG Texture: Squad/PartList/SimpleIcons/cs_size3
[LOG 14:12:33.193] Load Cached PNG Texture: Squad/PartList/SimpleIcons/cs_size4
[LOG 14:12:33.193] Load Cached PNG Texture: Squad/PartList/SimpleIcons/cs_surface
[LOG 14:12:33.193] Load Cached PNG Texture: Squad/PartList/SimpleIcons/custom_built_fairing
[LOG 14:12:33.193] Load Cached PNG Texture: Squad/PartList/SimpleIcons/deployable_antenna
[LOG 14:12:33.194] Load Cached PNG Texture: Squad/PartList/SimpleIcons/deployable_comms_part
[LOG 14:12:33.194] Load Cached PNG Texture: Squad/PartList/SimpleIcons/deployable_ground_part
[LOG 14:12:33.194] Load Cached PNG Texture: Squad/PartList/SimpleIcons/deployable_part
[LOG 14:12:33.194] Load Cached PNG Texture: Squad/PartList/SimpleIcons/deployable_radiator
[LOG 14:12:33.194] Load Cached PNG Texture: Squad/PartList/SimpleIcons/deployed_science_control_unit
[LOG 14:12:33.194] Load Cached PNG Texture: Squad/PartList/SimpleIcons/deployed_science_experiment
[LOG 14:12:33.194] Load Cached PNG Texture: Squad/PartList/SimpleIcons/deployed_science_part
[LOG 14:12:33.194] Load Cached PNG Texture: Squad/PartList/SimpleIcons/enviro_sensor
[LOG 14:12:33.194] Load Cached PNG Texture: Squad/PartList/SimpleIcons/experience_management
[LOG 14:12:33.194] Load Cached PNG Texture: Squad/PartList/SimpleIcons/fuels_monopropellant
[LOG 14:12:33.194] Load Cached PNG Texture: Squad/PartList/SimpleIcons/fuels_ore
[LOG 14:12:33.194] Load Cached PNG Texture: Squad/PartList/SimpleIcons/fuels_oxidizer
[LOG 14:12:33.194] Load Cached PNG Texture: Squad/PartList/SimpleIcons/fuels_solidfuel
[LOG 14:12:33.194] Load Cached PNG Texture: Squad/PartList/SimpleIcons/fuels_xenongas
[LOG 14:12:33.195] Load Cached PNG Texture: Squad/PartList/SimpleIcons/inventory_part
[LOG 14:12:33.195] Load Cached PNG Texture: Squad/PartList/SimpleIcons/kerbnet_access
[LOG 14:12:33.195] Load Cached PNG Texture: Squad/PartList/SimpleIcons/number1
[LOG 14:12:33.195] Load Cached PNG Texture: Squad/PartList/SimpleIcons/number2
[LOG 14:12:33.195] Load Cached PNG Texture: Squad/PartList/SimpleIcons/number3
[LOG 14:12:33.195] Load Cached PNG Texture: Squad/PartList/SimpleIcons/number4
[LOG 14:12:33.195] Load Cached PNG Texture: Squad/PartList/SimpleIcons/number5
[LOG 14:12:33.195] Load Cached PNG Texture: Squad/PartList/SimpleIcons/number6
[LOG 14:12:33.195] Load Cached PNG Texture: Squad/PartList/SimpleIcons/number7
[LOG 14:12:33.195] Load Cached PNG Texture: Squad/PartList/SimpleIcons/number8
[LOG 14:12:33.195] Load Cached PNG Texture: Squad/PartList/SimpleIcons/number9
[LOG 14:12:33.195] Load Cached PNG Texture: Squad/PartList/SimpleIcons/probe_control_unit
[LOG 14:12:33.196] Load Cached PNG Texture: Squad/PartList/SimpleIcons/R&D_node_icon_advaerodynamics
[LOG 14:12:33.196] Load Cached PNG Texture: Squad/PartList/SimpleIcons/R&D_node_icon_advancedmotors
[LOG 14:12:33.196] Load Cached PNG Texture: Squad/PartList/SimpleIcons/R&D_node_icon_advconstruction
[LOG 14:12:33.196] Load Cached PNG Texture: Squad/PartList/SimpleIcons/R&D_node_icon_advelectrics
[LOG 14:12:33.196] Load Cached PNG Texture: Squad/PartList/SimpleIcons/R&D_node_icon_advexploration
[LOG 14:12:33.196] Load Cached PNG Texture: Squad/PartList/SimpleIcons/R&D_node_icon_advflightcontrol
[LOG 14:12:33.196] Load Cached PNG Texture: Squad/PartList/SimpleIcons/R&D_node_icon_advlanding
[LOG 14:12:33.196] Load Cached PNG Texture: Squad/PartList/SimpleIcons/R&D_node_icon_advmetalworks
[LOG 14:12:33.196] Load Cached PNG Texture: Squad/PartList/SimpleIcons/R&D_node_icon_advrocketry
[LOG 14:12:33.196] Load Cached PNG Texture: Squad/PartList/SimpleIcons/R&D_node_icon_advsciencetech
[LOG 14:12:33.196] Load Cached PNG Texture: Squad/PartList/SimpleIcons/R&D_node_icon_advunmanned
[LOG 14:12:33.196] Load Cached PNG Texture: Squad/PartList/SimpleIcons/R&D_node_icon_aerodynamicsystems
[LOG 14:12:33.196] Load Cached PNG Texture: Squad/PartList/SimpleIcons/R&D_node_icon_aerospacetech
[LOG 14:12:33.196] Load Cached PNG Texture: Squad/PartList/SimpleIcons/R&D_node_icon_automation
[LOG 14:12:33.197] Load Cached PNG Texture: Squad/PartList/SimpleIcons/R&D_node_icon_basicprobes
[LOG 14:12:33.197] Load Cached PNG Texture: Squad/PartList/SimpleIcons/R&D_node_icon_basicrocketry
[LOG 14:12:33.197] Load Cached PNG Texture: Squad/PartList/SimpleIcons/R&D_node_icon_composites
[LOG 14:12:33.197] Load Cached PNG Texture: Squad/PartList/SimpleIcons/R&D_node_icon_electrics
[LOG 14:12:33.197] Load Cached PNG Texture: Squad/PartList/SimpleIcons/R&D_node_icon_electronics
[LOG 14:12:33.197] Load Cached PNG Texture: Squad/PartList/SimpleIcons/R&D_node_icon_evatech
[LOG 14:12:33.197] Load Cached PNG Texture: Squad/PartList/SimpleIcons/R&D_node_icon_experimentalaerodynamics
[LOG 14:12:33.197] Load Cached PNG Texture: Squad/PartList/SimpleIcons/R&D_node_icon_experimentalelectrics
[LOG 14:12:33.197] Load Cached PNG Texture: Squad/PartList/SimpleIcons/R&D_node_icon_experimentalmotors
[LOG 14:12:33.197] Load Cached PNG Texture: Squad/PartList/SimpleIcons/R&D_node_icon_experimentalrocketry
[LOG 14:12:33.197] Load Cached PNG Texture: Squad/PartList/SimpleIcons/R&D_node_icon_experimentalscience
[LOG 14:12:33.197] Load Cached PNG Texture: Squad/PartList/SimpleIcons/R&D_node_icon_fieldscience
[LOG 14:12:33.197] Load Cached PNG Texture: Squad/PartList/SimpleIcons/R&D_node_icon_flightcontrol
[LOG 14:12:33.198] Load Cached PNG Texture: Squad/PartList/SimpleIcons/R&D_node_icon_fuelsystems
[LOG 14:12:33.198] Load Cached PNG Texture: Squad/PartList/SimpleIcons/R&D_node_icon_generalconstruction
[LOG 14:12:33.198] Load Cached PNG Texture: Squad/PartList/SimpleIcons/R&D_node_icon_generalrocketry
[LOG 14:12:33.198] Load Cached PNG Texture: Squad/PartList/SimpleIcons/R&D_node_icon_generic
[LOG 14:12:33.198] Load Cached PNG Texture: Squad/PartList/SimpleIcons/R&D_node_icon_heavierrocketry
[LOG 14:12:33.198] Load Cached PNG Texture: Squad/PartList/SimpleIcons/R&D_node_icon_heavyaerodynamics
[LOG 14:12:33.198] Load Cached PNG Texture: Squad/PartList/SimpleIcons/R&D_node_icon_heavyrocketry
[LOG 14:12:33.198] Load Cached PNG Texture: Squad/PartList/SimpleIcons/R&D_node_icon_highaltitudeflight
[LOG 14:12:33.198] Load Cached PNG Texture: Squad/PartList/SimpleIcons/R&D_node_icon_highaltitudepropulsion
[LOG 14:12:33.198] Load Cached PNG Texture: Squad/PartList/SimpleIcons/R&D_node_icon_hypersonicflight
[LOG 14:12:33.198] Load Cached PNG Texture: Squad/PartList/SimpleIcons/R&D_node_icon_ionpropulsion
[LOG 14:12:33.198] Load Cached PNG Texture: Squad/PartList/SimpleIcons/R&D_node_icon_landing
[LOG 14:12:33.198] Load Cached PNG Texture: Squad/PartList/SimpleIcons/R&D_node_icon_largecontrol
[LOG 14:12:33.198] Load Cached PNG Texture: Squad/PartList/SimpleIcons/R&D_node_icon_largeelectrics
[LOG 14:12:33.199] Load Cached PNG Texture: Squad/PartList/SimpleIcons/R&D_node_icon_largeprobes
[LOG 14:12:33.199] Load Cached PNG Texture: Squad/PartList/SimpleIcons/R&D_node_icon_metamaterials
[LOG 14:12:33.203] Load Cached PNG Texture: Squad/PartList/SimpleIcons/R&D_node_icon_nanolathing
[LOG 14:12:33.203] Load Cached PNG Texture: Squad/PartList/SimpleIcons/R&D_node_icon_nuclearpropulsion
[LOG 14:12:33.204] Load Cached PNG Texture: Squad/PartList/SimpleIcons/R&D_node_icon_precisionengineering
[LOG 14:12:33.204] Load Cached PNG Texture: Squad/PartList/SimpleIcons/R&D_node_icon_robotics
[LOG 14:12:33.204] Load Cached PNG Texture: Squad/PartList/SimpleIcons/R&D_node_icon_sciencetech
[LOG 14:12:33.204] Load Cached PNG Texture: Squad/PartList/SimpleIcons/R&D_node_icon_specializedconstruction
[LOG 14:12:33.204] Load Cached PNG Texture: Squad/PartList/SimpleIcons/R&D_node_icon_specializedcontrol
[LOG 14:12:33.204] Load Cached PNG Texture: Squad/PartList/SimpleIcons/R&D_node_icon_specializedelectrics
[LOG 14:12:33.204] Load Cached PNG Texture: Squad/PartList/SimpleIcons/R&D_node_icon_stability
[LOG 14:12:33.204] Load Cached PNG Texture: Squad/PartList/SimpleIcons/R&D_node_icon_start
[LOG 14:12:33.204] Load Cached PNG Texture: Squad/PartList/SimpleIcons/R&D_node_icon_supersonicflight
[LOG 14:12:33.204] Load Cached PNG Texture: Squad/PartList/SimpleIcons/R&D_node_icon_survivability
[LOG 14:12:33.204] Load Cached PNG Texture: Squad/PartList/SimpleIcons/R&D_node_icon_unmannedtech
[LOG 14:12:33.204] Load Cached PNG Texture: Squad/PartList/SimpleIcons/R&D_node_icon_veryheavyrocketry
[LOG 14:12:33.208] Load Cached PNG Texture: Squad/PartList/SimpleIcons/rcsfx
[LOG 14:12:33.208] Load Cached PNG Texture: Squad/PartList/SimpleIcons/RDicon_aerospaceTech2
[LOG 14:12:33.208] Load Cached PNG Texture: Squad/PartList/SimpleIcons/RDicon_commandmodules
[LOG 14:12:33.208] Load Cached PNG Texture: Squad/PartList/SimpleIcons/RDicon_fuelSystems-advanced
[LOG 14:12:33.208] Load Cached PNG Texture: Squad/PartList/SimpleIcons/RDicon_fuelSystems-highPerformance
[LOG 14:12:33.208] Load Cached PNG Texture: Squad/PartList/SimpleIcons/RDicon_largeVolumeContainment
[LOG 14:12:33.208] Load Cached PNG Texture: Squad/PartList/SimpleIcons/RDicon_miniaturization
[LOG 14:12:33.208] Load Cached PNG Texture: Squad/PartList/SimpleIcons/RDicon_propulsion-precision
[LOG 14:12:33.208] Load Cached PNG Texture: Squad/PartList/SimpleIcons/RDicon_propulsionSystems
[LOG 14:12:33.208] Load Cached PNG Texture: Squad/PartList/SimpleIcons/RDicon_telescope
[LOG 14:12:33.208] Load Cached PNG Texture: Squad/PartList/SimpleIcons/robotic_controller
[LOG 14:12:33.213] Load Cached PNG Texture: Squad/PartList/SimpleIcons/robotic_rotation_servo
[LOG 14:12:33.218] Load Cached PNG Texture: Squad/PartList/SimpleIcons/robotic_servo_hinge
[LOG 14:12:33.218] Load Cached PNG Texture: Squad/PartList/SimpleIcons/robotic_servo_piston
[LOG 14:12:33.218] Load Cached PNG Texture: Squad/PartList/SimpleIcons/robotic_servo_rotor
[LOG 14:12:33.218] Load Cached PNG Texture: Squad/PartList/SimpleIcons/scanner_arm
[LOG 14:12:33.218] Load Cached PNG Texture: Squad/PartList/SimpleIcons/variant
[LOG 14:12:33.218] Load Cached PNG Texture: Squad/Parts/@thumbs/adapterSmallMiniShort_icon0
[LOG 14:12:33.218] Load Cached PNG Texture: Squad/Parts/@thumbs/adapterSmallMiniShort_icon1
[LOG 14:12:33.218] Load Cached PNG Texture: Squad/Parts/@thumbs/adapterSmallMiniTall_icon0
[LOG 14:12:33.219] Load Cached PNG Texture: Squad/Parts/@thumbs/adapterSmallMiniTall_icon1
[LOG 14:12:33.219] Load Cached PNG Texture: Squad/Parts/@thumbs/AdvancedCanard_icon
[LOG 14:12:33.219] Load Cached PNG Texture: Squad/Parts/@thumbs/advSasModule_icon
[LOG 14:12:33.219] Load Cached PNG Texture: Squad/Parts/@thumbs/airbrake1_icon
[LOG 14:12:33.229] Load Cached PNG Texture: Squad/Parts/@thumbs/airScoop_icon
[LOG 14:12:33.229] Load Cached PNG Texture: Squad/Parts/@thumbs/avionicsNoseCone_icon
[LOG 14:12:33.229] Load Cached PNG Texture: Squad/Parts/@thumbs/basicFin_icon
[LOG 14:12:33.230] Load Cached PNG Texture: Squad/Parts/@thumbs/batteryBankMini_icon
[LOG 14:12:33.230] Load Cached PNG Texture: Squad/Parts/@thumbs/batteryBank_icon
[LOG 14:12:33.230] Load Cached PNG Texture: Squad/Parts/@thumbs/batteryPack_icon
[LOG 14:12:33.230] Load Cached PNG Texture: Squad/Parts/@thumbs/cargoContainer_icon
[LOG 14:12:33.230] Load Cached PNG Texture: Squad/Parts/@thumbs/CargoStorageUnit_icon
[LOG 14:12:33.230] Load Cached PNG Texture: Squad/Parts/@thumbs/CircularIntake_icon
[LOG 14:12:33.230] Load Cached PNG Texture: Squad/Parts/@thumbs/commDish_icon
[LOG 14:12:33.230] Load Cached PNG Texture: Squad/Parts/@thumbs/Decoupler.0_icon0
[LOG 14:12:33.230] Load Cached PNG Texture: Squad/Parts/@thumbs/Decoupler.0_icon1
[LOG 14:12:33.230] Load Cached PNG Texture: Squad/Parts/@thumbs/Decoupler.1_icon0
[LOG 14:12:33.231] Load Cached PNG Texture: Squad/Parts/@thumbs/Decoupler.1_icon1
[LOG 14:12:33.231] Load Cached PNG Texture: Squad/Parts/@thumbs/dockingPort1_icon
[LOG 14:12:33.231] Load Cached PNG Texture: Squad/Parts/@thumbs/dockingPort2_icon
[LOG 14:12:33.231] Load Cached PNG Texture: Squad/Parts/@thumbs/dockingPort3_icon
[LOG 14:12:33.231] Load Cached PNG Texture: Squad/Parts/@thumbs/domeLight1_icon0
[LOG 14:12:33.231] Load Cached PNG Texture: Squad/Parts/@thumbs/domeLight1_icon1
[LOG 14:12:33.231] Load Cached PNG Texture: Squad/Parts/@thumbs/elevon2_icon
[LOG 14:12:33.231] Load Cached PNG Texture: Squad/Parts/@thumbs/elevon3_icon
[LOG 14:12:33.231] Load Cached PNG Texture: Squad/Parts/@thumbs/elevon5_icon
[LOG 14:12:33.231] Load Cached PNG Texture: Squad/Parts/@thumbs/evaChute_icon
[LOG 14:12:33.232] Load Cached PNG Texture: Squad/Parts/@thumbs/evaCylinder_icon
[LOG 14:12:33.232] Load Cached PNG Texture: Squad/Parts/@thumbs/evaJetpack_icon
[LOG 14:12:33.232] Load Cached PNG Texture: Squad/Parts/@thumbs/evaRepairKit_icon
[LOG 14:12:33.232] Load Cached PNG Texture: Squad/Parts/@thumbs/evaScienceKit_icon
[LOG 14:12:33.232] Load Cached PNG Texture: Squad/Parts/@thumbs/externalTankCapsule_icon0
[LOG 14:12:33.232] Load Cached PNG Texture: Squad/Parts/@thumbs/externalTankCapsule_icon1
[LOG 14:12:33.232] Load Cached PNG Texture: Squad/Parts/@thumbs/externalTankRound_icon0
[LOG 14:12:33.232] Load Cached PNG Texture: Squad/Parts/@thumbs/externalTankRound_icon1
[LOG 14:12:33.232] Load Cached PNG Texture: Squad/Parts/@thumbs/externalTankToroid_icon0
[LOG 14:12:33.232] Load Cached PNG Texture: Squad/Parts/@thumbs/externalTankToroid_icon1
[LOG 14:12:33.232] Load Cached PNG Texture: Squad/Parts/@thumbs/fireworksLauncherBig_icon
[LOG 14:12:33.232] Load Cached PNG Texture: Squad/Parts/@thumbs/fireworksLauncherSmall_icon
[LOG 14:12:33.233] Load Cached PNG Texture: Squad/Parts/@thumbs/foldingRadMed_icon
[LOG 14:12:33.233] Load Cached PNG Texture: Squad/Parts/@thumbs/foldingRadSmall_icon
[LOG 14:12:33.233] Load Cached PNG Texture: Squad/Parts/@thumbs/FuelCellArray_icon
[LOG 14:12:33.233] Load Cached PNG Texture: Squad/Parts/@thumbs/FuelCell_icon
[LOG 14:12:33.233] Load Cached PNG Texture: Squad/Parts/@thumbs/fuelTank.long_icon0
[LOG 14:12:33.233] Load PNG texture: Squad/Parts/@thumbs/fuelTankSmallFlat_icon0
[LOG 14:12:33.245] [KSPCF] PNG texture 'Squad/Parts/@thumbs/fuelTankSmallFlat_icon0' was converted to DXT5 and has been cached for future reloads
[LOG 14:12:33.247] Load Cached PNG Texture: Squad/Parts/@thumbs/fuelTankSmallFlat_icon1
[LOG 14:12:33.247] Load Cached PNG Texture: Squad/Parts/@thumbs/fuelTankSmallFlat_icon2
[LOG 14:12:33.247] Load Cached PNG Texture: Squad/Parts/@thumbs/fuelTankSmallFlat_icon3
[LOG 14:12:33.247] Load Cached PNG Texture: Squad/Parts/@thumbs/fuelTankSmall_icon0
[LOG 14:12:33.247] Load Cached PNG Texture: Squad/Parts/@thumbs/fuelTankSmall_icon1
[LOG 14:12:33.247] Load Cached PNG Texture: Squad/Parts/@thumbs/fuelTankSmall_icon2
[LOG 14:12:33.248] Load Cached PNG Texture: Squad/Parts/@thumbs/fuelTankSmall_icon3
[LOG 14:12:33.248] Load Cached PNG Texture: Squad/Parts/@thumbs/fuelTank_icon0
[LOG 14:12:33.248] Load Cached PNG Texture: Squad/Parts/@thumbs/GearFixed_icon
[LOG 14:12:33.248] Load Cached PNG Texture: Squad/Parts/@thumbs/GearFree_icon
[LOG 14:12:33.248] Load Cached PNG Texture: Squad/Parts/@thumbs/GearSmall_icon
[LOG 14:12:33.249] Load Cached PNG Texture: Squad/Parts/@thumbs/GooExperiment_icon
[LOG 14:12:33.249] Load Cached PNG Texture: Squad/Parts/@thumbs/groundAnchor_icon
[LOG 14:12:33.249] Load Cached PNG Texture: Squad/Parts/@thumbs/groundLight1_icon
[LOG 14:12:33.249] Load Cached PNG Texture: Squad/Parts/@thumbs/groundLight2_icon
[LOG 14:12:33.249] Load Cached PNG Texture: Squad/Parts/@thumbs/HeatShield0_icon
[LOG 14:12:33.249] Load Cached PNG Texture: Squad/Parts/@thumbs/HeatShield1_icon
[LOG 14:12:33.249] Load Cached PNG Texture: Squad/Parts/@thumbs/HECS2.ProbeCore_icon
[LOG 14:12:33.249] Load Cached PNG Texture: Squad/Parts/@thumbs/HighGainAntenna5.v2_icon
[LOG 14:12:33.250] Load Cached PNG Texture: Squad/Parts/@thumbs/HighGainAntenna5_icon
[LOG 14:12:33.250] Load Cached PNG Texture: Squad/Parts/@thumbs/HighGainAntenna_icon
[LOG 14:12:33.250] Load Cached PNG Texture: Squad/Parts/@thumbs/IntakeRadialLong_icon
[LOG 14:12:33.250] Load Cached PNG Texture: Squad/Parts/@thumbs/ionEngine_icon
[LOG 14:12:33.250] Load Cached PNG Texture: Squad/Parts/@thumbs/ksp.r.largeBatteryPack_icon
[LOG 14:12:33.250] Load Cached PNG Texture: Squad/Parts/@thumbs/ladder1_icon
[LOG 14:12:33.250] Load Cached PNG Texture: Squad/Parts/@thumbs/landingLeg1-2_icon
[LOG 14:12:33.250] Load Cached PNG Texture: Squad/Parts/@thumbs/landingLeg1_icon
[LOG 14:12:33.251] Load Cached PNG Texture: Squad/Parts/@thumbs/LgRadialSolarPanel_icon
[LOG 14:12:33.251] Load Cached PNG Texture: Squad/Parts/@thumbs/linearRcs_icon
[LOG 14:12:33.251] Load Cached PNG Texture: Squad/Parts/@thumbs/liquidEngine2.v2_icon0
[LOG 14:12:33.251] Load Cached PNG Texture: Squad/Parts/@thumbs/liquidEngine3.v2_icon0
[LOG 14:12:33.251] Load Cached PNG Texture: Squad/Parts/@thumbs/liquidEngine3.v2_icon1
[LOG 14:12:33.251] Load Cached PNG Texture: Squad/Parts/@thumbs/liquidEngine3.v2_icon2
[LOG 14:12:33.251] Load Cached PNG Texture: Squad/Parts/@thumbs/liquidEngineMini.v2_icon0
[LOG 14:12:33.251] Load Cached PNG Texture: Squad/Parts/@thumbs/liquidEngineMini.v2_icon1
[LOG 14:12:33.252] Load Cached PNG Texture: Squad/Parts/@thumbs/liquidEngineMini.v2_icon2
[LOG 14:12:33.252] Load Cached PNG Texture: Squad/Parts/@thumbs/longAntenna_icon
[LOG 14:12:33.252] Load Cached PNG Texture: Squad/Parts/@thumbs/Magnetometer_icon
[LOG 14:12:33.252] Load Cached PNG Texture: Squad/Parts/@thumbs/mediumDishAntenna_icon
[LOG 14:12:33.252] Load Cached PNG Texture: Squad/Parts/@thumbs/microEngine.v2_icon0
[LOG 14:12:33.252] Load Cached PNG Texture: Squad/Parts/@thumbs/microEngine.v2_icon1
[LOG 14:12:33.252] Load Cached PNG Texture: Squad/Parts/@thumbs/MiniDrill_icon
[LOG 14:12:33.252] Load Cached PNG Texture: Squad/Parts/@thumbs/miniFuelTank_icon
[LOG 14:12:33.252] Load Cached PNG Texture: Squad/Parts/@thumbs/miniFuselage_icon
[LOG 14:12:33.253] Load Cached PNG Texture: Squad/Parts/@thumbs/miniIntake_icon
[LOG 14:12:33.253] Load Cached PNG Texture: Squad/Parts/@thumbs/miniJetEngine_icon
[LOG 14:12:33.253] Load Cached PNG Texture: Squad/Parts/@thumbs/miniLandingLeg_icon
[LOG 14:12:33.253] Load Cached PNG Texture: Squad/Parts/@thumbs/Mite_icon
[LOG 14:12:33.253] Load PNG texture: Squad/Parts/@thumbs/mk1pod.v2_icon0
[LOG 14:12:33.259] [KSPCF] PNG texture 'Squad/Parts/@thumbs/mk1pod.v2_icon0' was converted to DXT5 and has been cached for future reloads
[LOG 14:12:33.259] Load Cached PNG Texture: Squad/Parts/@thumbs/mk2DroneCore_icon
[LOG 14:12:33.259] Load Cached PNG Texture: Squad/Parts/@thumbs/mk2LanderCabin.v2_icon1
[LOG 14:12:33.259] Load Cached PNG Texture: Squad/Parts/@thumbs/MpoProbe_icon
[LOG 14:12:33.260] Load Cached PNG Texture: Squad/Parts/@thumbs/navLight1_icon0
[LOG 14:12:33.260] Load Cached PNG Texture: Squad/Parts/@thumbs/navLight1_icon1
[LOG 14:12:33.260] Load Cached PNG Texture: Squad/Parts/@thumbs/noseCone_icon0
[LOG 14:12:33.260] Load Cached PNG Texture: Squad/Parts/@thumbs/noseCone_icon1
[LOG 14:12:33.260] Load Cached PNG Texture: Squad/Parts/@thumbs/noseCone_icon2
[LOG 14:12:33.260] Load Cached PNG Texture: Squad/Parts/@thumbs/omsEngine_icon
[LOG 14:12:33.260] Load Cached PNG Texture: Squad/Parts/@thumbs/OrbitalScanner_icon
[LOG 14:12:33.260] Load Cached PNG Texture: Squad/Parts/@thumbs/parachuteDrogue_icon
[LOG 14:12:33.260] Load Cached PNG Texture: Squad/Parts/@thumbs/parachuteLarge_icon
[LOG 14:12:33.260] Load Cached PNG Texture: Squad/Parts/@thumbs/parachuteRadial_icon
[LOG 14:12:33.260] Load Cached PNG Texture: Squad/Parts/@thumbs/parachuteSingle_icon
[LOG 14:12:33.261] Load Cached PNG Texture: Squad/Parts/@thumbs/probeCoreCube_icon
[LOG 14:12:33.261] Load Cached PNG Texture: Squad/Parts/@thumbs/probeCoreHex.v2_icon
[LOG 14:12:33.261] Load Cached PNG Texture: Squad/Parts/@thumbs/probeCoreOcto.v2_icon
[LOG 14:12:33.261] Load Cached PNG Texture: Squad/Parts/@thumbs/probeCoreOcto2.v2_icon
[LOG 14:12:33.261] Load Cached PNG Texture: Squad/Parts/@thumbs/probeCoreSphere.v2_icon
[LOG 14:12:33.261] Load Cached PNG Texture: Squad/Parts/@thumbs/probeStackLarge_icon
[LOG 14:12:33.261] Load Cached PNG Texture: Squad/Parts/@thumbs/probeStackSmall_icon
[LOG 14:12:33.261] Load Cached PNG Texture: Squad/Parts/@thumbs/R8winglet_icon
[LOG 14:12:33.261] Load Cached PNG Texture: Squad/Parts/@thumbs/radialDecoupler1-2_icon
[LOG 14:12:33.261] Load Cached PNG Texture: Squad/Parts/@thumbs/radialDecoupler2_icon
[LOG 14:12:33.261] Load Cached PNG Texture: Squad/Parts/@thumbs/radialDecoupler_icon
[LOG 14:12:33.262] Load Cached PNG Texture: Squad/Parts/@thumbs/radialDrogue_icon
[LOG 14:12:33.262] Load Cached PNG Texture: Squad/Parts/@thumbs/radialEngineMini.v2_icon0
[LOG 14:12:33.262] Load Cached PNG Texture: Squad/Parts/@thumbs/radialEngineMini.v2_icon1
[LOG 14:12:33.262] Load Cached PNG Texture: Squad/Parts/@thumbs/radialLiquidEngine1-2_icon
[LOG 14:12:33.262] Load Cached PNG Texture: Squad/Parts/@thumbs/RadialOreTank_icon
[LOG 14:12:33.262] Load Cached PNG Texture: Squad/Parts/@thumbs/radialRCSTank_icon
[LOG 14:12:33.262] Load Cached PNG Texture: Squad/Parts/@thumbs/radPanelEdge_icon
[LOG 14:12:33.262] Load Cached PNG Texture: Squad/Parts/@thumbs/radPanelLg_icon
[LOG 14:12:33.262] Load Cached PNG Texture: Squad/Parts/@thumbs/radPanelSm_icon
[LOG 14:12:33.262] Load Cached PNG Texture: Squad/Parts/@thumbs/RCSblock.01.small_icon0
[LOG 14:12:33.262] Load Cached PNG Texture: Squad/Parts/@thumbs/RCSblock.01.small_icon1
[LOG 14:12:33.263] Load Cached PNG Texture: Squad/Parts/@thumbs/RCSblock.01.small_icon2
[LOG 14:12:33.263] Load Cached PNG Texture: Squad/Parts/@thumbs/RCSblock.01.small_icon3
[LOG 14:12:33.263] Load Cached PNG Texture: Squad/Parts/@thumbs/RCSblock.01.small_icon4
[LOG 14:12:33.263] Load Cached PNG Texture: Squad/Parts/@thumbs/RCSBlock.v2_icon
[LOG 14:12:33.263] Load Cached PNG Texture: Squad/Parts/@thumbs/RCSBlock.v2_icon0
[LOG 14:12:33.263] Load Cached PNG Texture: Squad/Parts/@thumbs/RCSBlock.v2_icon1
[LOG 14:12:33.263] Load Cached PNG Texture: Squad/Parts/@thumbs/RCSBlock.v2_icon2
[LOG 14:12:33.263] Load Cached PNG Texture: Squad/Parts/@thumbs/RCSBlock.v2_icon3
[LOG 14:12:33.263] Load Cached PNG Texture: Squad/Parts/@thumbs/RCSBlock.v2_icon4
[LOG 14:12:33.263] Load Cached PNG Texture: Squad/Parts/@thumbs/RCSFuelTank_icon
[LOG 14:12:33.264] Load Cached PNG Texture: Squad/Parts/@thumbs/RCSLinearSmall_icon
[LOG 14:12:33.264] Load Cached PNG Texture: Squad/Parts/@thumbs/rcsTankMini_icon
[LOG 14:12:33.264] Load Cached PNG Texture: Squad/Parts/@thumbs/RelayAntenna5_icon
[LOG 14:12:33.264] Load Cached PNG Texture: Squad/Parts/@thumbs/ReleaseValve_icon
[LOG 14:12:33.264] Load Cached PNG Texture: Squad/Parts/@thumbs/roverBody.v2_icon0
[LOG 14:12:33.264] Load Cached PNG Texture: Squad/Parts/@thumbs/roverBody.v2_icon1
[LOG 14:12:33.264] Load Cached PNG Texture: Squad/Parts/@thumbs/roverBody.v2_icon2
[LOG 14:12:33.264] Load Cached PNG Texture: Squad/Parts/@thumbs/roverWheel1_icon
[LOG 14:12:33.264] Load Cached PNG Texture: Squad/Parts/@thumbs/roverWheel2_icon
[LOG 14:12:33.264] Load Cached PNG Texture: Squad/Parts/@thumbs/rtg_icon
[LOG 14:12:33.264] Load Cached PNG Texture: Squad/Parts/@thumbs/sasModule_icon
[LOG 14:12:33.264] Load Cached PNG Texture: Squad/Parts/@thumbs/science.module_icon
[LOG 14:12:33.265] Load Cached PNG Texture: Squad/Parts/@thumbs/ScienceBox_icon
[LOG 14:12:33.265] Load Cached PNG Texture: Squad/Parts/@thumbs/seatExternalCmd_icon
[LOG 14:12:33.265] Load Cached PNG Texture: Squad/Parts/@thumbs/sensorAccelerometer_icon
[LOG 14:12:33.265] Load Cached PNG Texture: Squad/Parts/@thumbs/sensorAtmosphere_icon
[LOG 14:12:33.265] Load Cached PNG Texture: Squad/Parts/@thumbs/sensorBarometer_icon
[LOG 14:12:33.265] Load Cached PNG Texture: Squad/Parts/@thumbs/sensorGravimeter_icon
[LOG 14:12:33.265] Load Cached PNG Texture: Squad/Parts/@thumbs/sensorThermometer_icon
[LOG 14:12:33.265] Load Cached PNG Texture: Squad/Parts/@thumbs/Separator.0_icon0
[LOG 14:12:33.265] Load Cached PNG Texture: Squad/Parts/@thumbs/Separator.0_icon1
[LOG 14:12:33.265] Load Cached PNG Texture: Squad/Parts/@thumbs/Separator.1_icon0
[LOG 14:12:33.265] Load Cached PNG Texture: Squad/Parts/@thumbs/Separator.1_icon1
[LOG 14:12:33.266] Load Cached PNG Texture: Squad/Parts/@thumbs/sepMotor1_icon
[LOG 14:12:33.266] Load Cached PNG Texture: Squad/Parts/@thumbs/ServiceBay.125.v2_icon
[LOG 14:12:33.266] Load Cached PNG Texture: Squad/Parts/@thumbs/shockConeIntake_icon
[LOG 14:12:33.266] Load Cached PNG Texture: Squad/Parts/@thumbs/Shrimp_icon
[LOG 14:12:33.266] Load Cached PNG Texture: Squad/Parts/@thumbs/smallCargoContainer_icon
[LOG 14:12:33.266] Load Cached PNG Texture: Squad/Parts/@thumbs/smallClaw_icon0
[LOG 14:12:33.266] Load Cached PNG Texture: Squad/Parts/@thumbs/smallClaw_icon1
[LOG 14:12:33.266] Load Cached PNG Texture: Squad/Parts/@thumbs/smallCtrlSrf_icon
[LOG 14:12:33.266] Load Cached PNG Texture: Squad/Parts/@thumbs/SmallGearBay_icon
[LOG 14:12:33.266] Load Cached PNG Texture: Squad/Parts/@thumbs/smallHardpoint_icon
[LOG 14:12:33.267] Load Cached PNG Texture: Squad/Parts/@thumbs/smallRadialEngine.v2_icon0
[LOG 14:12:33.267] Load Cached PNG Texture: Squad/Parts/@thumbs/smallRadialEngine.v2_icon1
[LOG 14:12:33.267] Load Cached PNG Texture: Squad/Parts/@thumbs/solarPanelOX10C_icon
[LOG 14:12:33.267] Load Cached PNG Texture: Squad/Parts/@thumbs/solarPanelOX10L_icon
[LOG 14:12:33.267] Load Cached PNG Texture: Squad/Parts/@thumbs/solarPanels1_icon
[LOG 14:12:33.267] Load Cached PNG Texture: Squad/Parts/@thumbs/solarPanels2_icon
[LOG 14:12:33.267] Load Cached PNG Texture: Squad/Parts/@thumbs/solarPanels3_icon
[LOG 14:12:33.267] Load Cached PNG Texture: Squad/Parts/@thumbs/solarPanels4_icon
[LOG 14:12:33.267] Load Cached PNG Texture: Squad/Parts/@thumbs/solarPanels5_icon
[LOG 14:12:33.267] Load Cached PNG Texture: Squad/Parts/@thumbs/solarPanelSP10C_icon
[LOG 14:12:33.267] Load Cached PNG Texture: Squad/Parts/@thumbs/solarPanelSP10L_icon
[LOG 14:12:33.268] Load Cached PNG Texture: Squad/Parts/@thumbs/solidBooster.sm.v2_icon0
[LOG 14:12:33.268] Load Cached PNG Texture: Squad/Parts/@thumbs/solidBooster.v2_icon0
[LOG 14:12:33.268] Load Cached PNG Texture: Squad/Parts/@thumbs/spotLight1_icon
[LOG 14:12:33.268] Load Cached PNG Texture: Squad/Parts/@thumbs/spotLight2_icon
[LOG 14:12:33.268] Load Cached PNG Texture: Squad/Parts/@thumbs/spotLight3_icon0
[LOG 14:12:33.268] Load Cached PNG Texture: Squad/Parts/@thumbs/spotLight3_icon1
[LOG 14:12:33.268] Load Cached PNG Texture: Squad/Parts/@thumbs/stackPoint1_icon
[LOG 14:12:33.273] Load Cached PNG Texture: Squad/Parts/@thumbs/StandardCtrlSrf_icon
[LOG 14:12:33.273] Load Cached PNG Texture: Squad/Parts/@thumbs/standardNoseCone_icon
[LOG 14:12:33.273] Load Cached PNG Texture: Squad/Parts/@thumbs/stripLight1_icon0
[LOG 14:12:33.274] Load Cached PNG Texture: Squad/Parts/@thumbs/stripLight1_icon1
[LOG 14:12:33.274] Load Cached PNG Texture: Squad/Parts/@thumbs/structuralIBeam1_icon
[LOG 14:12:33.274] Load Cached PNG Texture: Squad/Parts/@thumbs/structuralIBeam3_icon
[LOG 14:12:33.278] Load Cached PNG Texture: Squad/Parts/@thumbs/structuralMiniNode_icon
[LOG 14:12:33.281] Load Cached PNG Texture: Squad/Parts/@thumbs/structuralPanel1_icon
[LOG 14:12:33.282] Load Cached PNG Texture: Squad/Parts/@thumbs/structuralPanel2_icon
[LOG 14:12:33.282] Load Cached PNG Texture: Squad/Parts/@thumbs/structuralWing4_icon
[LOG 14:12:33.282] Load Cached PNG Texture: Squad/Parts/@thumbs/strutCube_icon
[LOG 14:12:33.282] Load Cached PNG Texture: Squad/Parts/@thumbs/strutOcto_icon
[LOG 14:12:33.282] Load Cached PNG Texture: Squad/Parts/@thumbs/SurfaceScanner_icon
[LOG 14:12:33.282] Load Cached PNG Texture: Squad/Parts/@thumbs/SurfAntenna_icon
[LOG 14:12:33.283] Load Cached PNG Texture: Squad/Parts/@thumbs/telescopicLadderBay_icon
[LOG 14:12:33.283] Load Cached PNG Texture: Squad/Parts/@thumbs/telescopicLadder_icon
[LOG 14:12:33.283] Load Cached PNG Texture: Squad/Parts/@thumbs/toroidalAerospike_icon
[LOG 14:12:33.283] Load Cached PNG Texture: Squad/Parts/@thumbs/trussAdapter_icon
[LOG 14:12:33.283] Load Cached PNG Texture: Squad/Parts/@thumbs/trussPiece1x_icon
[LOG 14:12:33.283] Load Cached PNG Texture: Squad/Parts/@thumbs/trussPiece3x_icon
[LOG 14:12:33.283] Load Cached PNG Texture: Squad/Parts/@thumbs/vernierEngine_icon
[LOG 14:12:33.283] Load Cached PNG Texture: Squad/Parts/@thumbs/wheelMed_icon
[LOG 14:12:33.283] Load Cached PNG Texture: Squad/Parts/@thumbs/wingConnector4_icon
[LOG 14:12:33.284] Load Cached PNG Texture: Squad/Parts/@thumbs/wingConnector5_icon
[LOG 14:12:33.284] Load Cached PNG Texture: Squad/Parts/@thumbs/winglet3_icon
[LOG 14:12:33.284] Load Cached PNG Texture: Squad/Parts/@thumbs/winglet_icon
[LOG 14:12:33.284] Load Cached PNG Texture: Squad/Parts/@thumbs/wingShuttleElevon1_icon
[LOG 14:12:33.284] Load Cached PNG Texture: Squad/Parts/@thumbs/xenonTankLarge_icon
[LOG 14:12:33.284] Load Cached PNG Texture: Squad/Parts/@thumbs/xenonTankRadial_icon
[LOG 14:12:33.284] Load Cached PNG Texture: Squad/Parts/@thumbs/xenonTank_icon
[LOG 14:12:33.284] Load DDS texture: Squad/Parts/Aero/aerodynamicNoseCone/Rockomax_Adapters_diffuse
[LOG 14:12:33.284] Load DDS texture: Squad/Parts/Aero/aerodynamicNoseCone/Rockomax_Adapters_normal
[LOG 14:12:33.284] Load DDS texture: Squad/Parts/Aero/airbrake/airbrake
[LOG 14:12:33.285] Load DDS texture: Squad/Parts/Aero/airIntakeRadialXM-G50/RadialIntake
[LOG 14:12:33.285] Load DDS texture: Squad/Parts/Aero/airlinerWings/AirlinerWings
[LOG 14:12:33.296] Load DDS texture: Squad/Parts/Aero/airplaneFins/AirplaneFins
[LOG 14:12:33.299] Load DDS texture: Squad/Parts/Aero/basicFin/BasicFin
[LOG 14:12:33.300] Load DDS texture: Squad/Parts/Aero/circularIntake/CircluarIntakes
[LOG 14:12:33.300] Load DDS texture: Squad/Parts/Aero/circularIntake/CircluarIntakes_Heat
[LOG 14:12:33.301] Load DDS texture: Squad/Parts/Aero/cones/Assets/Cones
[LOG 14:12:33.303] Load DDS texture: Squad/Parts/Aero/cones/Assets/ConesDiffuse
[LOG 14:12:33.305] Load DDS texture: Squad/Parts/Aero/cones/Assets/ConesDiffuse_Orange
[LOG 14:12:33.307] Load DDS texture: Squad/Parts/Aero/cones/Assets/ConesDiffuse_White
[LOG 14:12:33.310] Load DDS texture: Squad/Parts/Aero/cones/Assets/ConesHeat
[LOG 14:12:33.311] Load DDS texture: Squad/Parts/Aero/cones/Assets/ConesHeat_Orange
[LOG 14:12:33.313] Load DDS texture: Squad/Parts/Aero/cones/Assets/ConesHeat_White
[LOG 14:12:33.326] Load DDS texture: Squad/Parts/Aero/cones/Assets/Cones_Heat
[LOG 14:12:33.326] Load Cached PNG Texture: Squad/Parts/Aero/cones/Assets/rocketNoseCones_O
[LOG 14:12:33.330] Load Cached PNG Texture: Squad/Parts/Aero/cones/Assets/rocketNoseCones_O_Normal
[LOG 14:12:33.332] Load DDS texture: Squad/Parts/Aero/cones/Assets/rocketNoseCones_W
[LOG 14:12:33.342] Load DDS texture: Squad/Parts/Aero/cones/Assets/Rockomax_Adapters_diffuse
[LOG 14:12:33.343] Load DDS texture: Squad/Parts/Aero/cones/Assets/Rockomax_Adapters_normal
[LOG 14:12:33.343] Load DDS texture: Squad/Parts/Aero/fairings/AutoTruss
[LOG 14:12:33.343] Load DDS texture: Squad/Parts/Aero/fairings/FairingBase
[LOG 14:12:33.343] Load DDS texture: Squad/Parts/Aero/fairings/FairingBaseNormals
[LOG 14:12:33.343] Load DDS texture: Squad/Parts/Aero/fairings/FairingBaseNormals_bw
[LOG 14:12:33.344] Load DDS texture: Squad/Parts/Aero/fairings/FairingBaseNormals_goldSilver
[LOG 14:12:33.344] Load DDS texture: Squad/Parts/Aero/fairings/FairingBaseNormals_orange
[LOG 14:12:33.344] Load Cached PNG Texture: Squad/Parts/Aero/fairings/FairingBase_black
[LOG 14:12:33.346] Load DDS texture: Squad/Parts/Aero/fairings/FairingBase_bw
[LOG 14:12:33.350] Load DDS texture: Squad/Parts/Aero/fairings/FairingBase_goldDiffuse
[LOG 14:12:33.354] Load DDS texture: Squad/Parts/Aero/fairings/FairingBase_goldSpecular
[LOG 14:12:33.355] Load DDS texture: Squad/Parts/Aero/fairings/FairingBase_orange
[LOG 14:12:33.356] Load DDS texture: Squad/Parts/Aero/fairings/FairingBase_silverDiffuse
[LOG 14:12:33.356] Load DDS texture: Squad/Parts/Aero/fairings/FairingBase_silverSpecular
[LOG 14:12:33.357] Load DDS texture: Squad/Parts/Aero/fairings/fairingsCap
[LOG 14:12:33.358] Load DDS texture: Squad/Parts/Aero/fairings/FairingsMat_silverSpecular
[LOG 14:12:33.368] Load DDS texture: Squad/Parts/Aero/fairings/fairings_diff
[LOG 14:12:33.370] Load DDS texture: Squad/Parts/Aero/fairings/fairings_diff_grey
[LOG 14:12:33.371] Load DDS texture: Squad/Parts/Aero/fairings/fairings_diff_orange
[LOG 14:12:33.372] Load DDS texture: Squad/Parts/Aero/fairings/fairings_grey_normals
[LOG 14:12:33.373] Load DDS texture: Squad/Parts/Aero/fairings/fairings_normals
[LOG 14:12:33.375] Load DDS texture: Squad/Parts/Aero/fairings/fairings_normals_silver
[LOG 14:12:33.375] Load DDS texture: Squad/Parts/Aero/fairings/fairings_orange_normals
[LOG 14:12:33.376] Load DDS texture: Squad/Parts/Aero/fairings/fairings_silverDiffuse
[LOG 14:12:33.378] Load DDS texture: Squad/Parts/Aero/HeatShield/Fairing
[LOG 14:12:33.378] Load DDS texture: Squad/Parts/Aero/HeatShield/heatshield
[LOG 14:12:33.378] Load DDS texture: Squad/Parts/Aero/InflatableHeatShield/HeatShield
[LOG 14:12:33.379] Load DDS texture: Squad/Parts/Aero/InflatableHeatShield/HeatShieldFairing
[LOG 14:12:33.379] Load DDS texture: Squad/Parts/Aero/InflatableHeatShield/HeatShield_NRM
[LOG 14:12:33.381] Load DDS texture: Squad/Parts/Aero/intakeRadialLong/Radial_long
[LOG 14:12:33.381] Load DDS texture: Squad/Parts/Aero/miniIntake/SmallIntake
[LOG 14:12:33.382] Load DDS texture: Squad/Parts/Aero/ramAirIntake/RampIntake
[LOG 14:12:33.382] Load DDS texture: Squad/Parts/Aero/ramAirIntake/RampIntake_Heat
[LOG 14:12:33.382] Load DDS texture: Squad/Parts/Aero/shuttleWings/ShuttleWings
[LOG 14:12:33.390] Load DDS texture: Squad/Parts/Aero/wingletAV-R8/model000
[LOG 14:12:33.391] Load DDS texture: Squad/Parts/Aero/wingletAV-R8/model001
[LOG 14:12:33.391] Load DDS texture: Squad/Parts/Aero/wingletAV-T1/model000
[LOG 14:12:33.392] Load DDS texture: Squad/Parts/Aero/wingletAV-T1/model001
[LOG 14:12:33.393] Load DDS texture: Squad/Parts/Aero/wingletDeltaDeluxe/model000
[LOG 14:12:33.393] Load DDS texture: Squad/Parts/Aero/wings/Wings
[LOG 14:12:33.394] Load DDS texture: Squad/Parts/Cargo/CargoContainers/cargoContainer_diff
[LOG 14:12:33.396] Load DDS texture: Squad/Parts/Cargo/CargoContainers/smallCargoContainer_diffuse
[LOG 14:12:33.396] Load DDS texture: Squad/Parts/Cargo/CargoContainers/smallCargoContainer_nrm
[LOG 14:12:33.397] Load DDS texture: Squad/Parts/Cargo/CargoContainers/smallCargoContainer_specular
[LOG 14:12:33.397] Load DDS texture: Squad/Parts/Cargo/Cylinder/EVAcylinder_diffuse
[LOG 14:12:33.398] Load DDS texture: Squad/Parts/Cargo/Cylinder/EVAcylinder_nrm
[LOG 14:12:33.398] Load DDS texture: Squad/Parts/Cargo/GroundAnchor/groundAnchor_diffuse
[LOG 14:12:33.399] Load DDS texture: Squad/Parts/Cargo/GroundAnchor/groundAnchor_nrm
[LOG 14:12:33.399] Load DDS texture: Squad/Parts/Cargo/Jetpack/EVAjetpack
[LOG 14:12:33.401] Load DDS texture: Squad/Parts/Cargo/Jetpack/EVAjetpackEmmisive
[LOG 14:12:33.401] Load DDS texture: Squad/Parts/Cargo/Jetpack/EVAjetpackNRM
[LOG 14:12:33.403] Load DDS texture: Squad/Parts/Cargo/Parachute/backpack_Diff
[LOG 14:12:33.411] Load DDS texture: Squad/Parts/Cargo/Parachute/backpack_NM
[LOG 14:12:33.420] Load DDS texture: Squad/Parts/Cargo/RepairKit/RepairKit_Diffuse
[LOG 14:12:33.422] Load DDS texture: Squad/Parts/Cargo/RepairKit/RepairKit_Normal
[LOG 14:12:33.426] Load DDS texture: Squad/Parts/Cargo/ScienceKit/ExperimentKit_Material_Diffuse
[LOG 14:12:33.427] Load DDS texture: Squad/Parts/Cargo/ScienceKit/ExperimentKit_Material_Emissive
[LOG 14:12:33.429] Load DDS texture: Squad/Parts/Cargo/ScienceKit/ExperimentKit_Material_Normal
[LOG 14:12:33.431] Load DDS texture: Squad/Parts/Cargo/StorageUnits/Assets/Cargo_Material_Diffuse
[LOG 14:12:33.439] Load DDS texture: Squad/Parts/Cargo/StorageUnits/Assets/Cargo_Material_Normal
[LOG 14:12:33.449] Load DDS texture: Squad/Parts/Command/advancedSasModuleLarge/model000
[LOG 14:12:33.450] Load DDS texture: Squad/Parts/Command/advancedSasModuleLarge/model001
[LOG 14:12:33.450] Load DDS texture: Squad/Parts/Command/cupola/cupola_Emissive
[LOG 14:12:33.451] Load DDS texture: Squad/Parts/Command/cupola/ksp_l_cupola_diff
[LOG 14:12:33.452] Load DDS texture: Squad/Parts/Command/cupola/ksp_l_cupola_normal
[LOG 14:12:33.455] Load DDS texture: Squad/Parts/Command/cupola/window
[LOG 14:12:33.455] Load DDS texture: Squad/Parts/Command/externalCommandSeat/model000
[LOG 14:12:33.456] Load DDS texture: Squad/Parts/Command/hitchhikerStorageContainer/cabin
[LOG 14:12:33.459] Load DDS texture: Squad/Parts/Command/hitchhikerStorageContainer/cabin_Illum
[LOG 14:12:33.460] Load DDS texture: Squad/Parts/Command/hitchhikerStorageContainer/cabin_n
[LOG 14:12:33.466] Load DDS texture: Squad/Parts/Command/hitchhikerStorageContainer/window
[LOG 14:12:33.466] Load DDS texture: Squad/Parts/Command/inlineAdvancedStabilizer/model000
[LOG 14:12:33.466] Load DDS texture: Squad/Parts/Command/inlineAdvancedStabilizer/model001
[LOG 14:12:33.466] Load DDS texture: Squad/Parts/Command/inlineReactionWheel/model000
[LOG 14:12:33.467] Load DDS texture: Squad/Parts/Command/inlineReactionWheel/model001
[LOG 14:12:33.467] Load DDS texture: Squad/Parts/Command/inlineReactionWheel/model002
[LOG 14:12:33.467] Load DDS texture: Squad/Parts/Command/Mk1-2Pod/mk 1-2 external shell Variant-Hatch
[LOG 14:12:33.467] Load DDS texture: Squad/Parts/Command/Mk1-3Pod/M1-3 Pod
[LOG 14:12:33.469] Load DDS texture: Squad/Parts/Command/Mk1-3Pod/M1-3 Pod_GLOW
[LOG 14:12:33.470] Load DDS texture: Squad/Parts/Command/mk1Cockpits/GLOW
[LOG 14:12:33.470] Load DDS texture: Squad/Parts/Command/mk1Cockpits/Mk1Cockpit
[LOG 14:12:33.471] Load DDS texture: Squad/Parts/Command/mk1LanderCan/ksp_s_landerCan_diff
[LOG 14:12:33.473] Load DDS texture: Squad/Parts/Command/mk1LanderCan/ksp_s_landerCan_normal
[LOG 14:12:33.473] Load DDS texture: Squad/Parts/Command/mk1LanderCan/ksp_s_landerCan_psd_illum
[LOG 14:12:33.473] Load DDS texture: Squad/Parts/Command/mk1pod/outer shell
[LOG 14:12:33.473] Load DDS texture: Squad/Parts/Command/mk1pod_v2/Mk1_v2
[LOG 14:12:33.474] Load DDS texture: Squad/Parts/Command/mk1pod_v2/Mk1_v2_GLOW
[LOG 14:12:33.475] Load DDS texture: Squad/Parts/Command/mk1pod_v2/Mk1_v2_GW
[LOG 14:12:33.478] Load DDS texture: Squad/Parts/Command/mk1pod_v2/Mk1_v2_N
[LOG 14:12:33.478] Load DDS texture: Squad/Parts/Command/mk1pod_v2/Mk1_v2_W
[LOG 14:12:33.482] Load DDS texture: Squad/Parts/Command/mk1pod_v2/Mk1_v2_W_N
[LOG 14:12:33.483] Load DDS texture: Squad/Parts/Command/mk2CockpitInline/Cockpit_inline_A
[LOG 14:12:33.485] Load DDS texture: Squad/Parts/Command/mk2CockpitInline/Cockpit_inline_Emissive
[LOG 14:12:33.485] Load DDS texture: Squad/Parts/Command/mk2CockpitInline/Cockpit_inline_normal
[LOG 14:12:33.487] Load DDS texture: Squad/Parts/Command/mk2CockpitStandard/Cockpit
[LOG 14:12:33.490] Load DDS texture: Squad/Parts/Command/mk2CockpitStandard/Cockpit_Lum
[LOG 14:12:33.491] Load DDS texture: Squad/Parts/Command/mk2CockpitStandard/Cockpit_NRM
[LOG 14:12:33.496] Load DDS texture: Squad/Parts/Command/mk2DroneCore/mk2Dronecore
[LOG 14:12:33.496] Load DDS texture: Squad/Parts/Command/mk2LanderCan/Illum
[LOG 14:12:33.496] Load DDS texture: Squad/Parts/Command/mk2LanderCan/ladder
[LOG 14:12:33.496] Load DDS texture: Squad/Parts/Command/mk2LanderCan/outershell
[LOG 14:12:33.497] Load DDS texture: Squad/Parts/Command/mk2LanderCan/outershell_n
[LOG 14:12:33.497] Load DDS texture: Squad/Parts/Command/mk2LanderCan/window
[LOG 14:12:33.497] Load DDS texture: Squad/Parts/Command/mk2LanderCan_v2/Mk2Can
[LOG 14:12:33.505] Load DDS texture: Squad/Parts/Command/mk2LanderCan_v2/Mk2Can_glow
[LOG 14:12:33.513] Load DDS texture: Squad/Parts/Command/mk3CockpitShuttle/Mk3CockpitShuttle
[LOG 14:12:33.514] Load DDS texture: Squad/Parts/Command/mk3CockpitShuttle/Mk3CockpitShuttle_LUM
[LOG 14:12:33.514] Load DDS texture: Squad/Parts/Command/MpoProbe/MpoProbe_diffuse
[LOG 14:12:33.515] Load DDS texture: Squad/Parts/Command/MpoProbe/MpoProbe_nrm
[LOG 14:12:33.520] Load DDS texture: Squad/Parts/Command/MpoProbe/MpoProbe_specular
[LOG 14:12:33.522] Load DDS texture: Squad/Parts/Command/MtmStage/mtmStage_diffuse
[LOG 14:12:33.524] Load DDS texture: Squad/Parts/Command/MtmStage/mtmStage_nrm
[LOG 14:12:33.524] Load DDS texture: Squad/Parts/Command/MtmStage/mtmStage_specular
[LOG 14:12:33.526] Load DDS texture: Squad/Parts/Command/probeCoreCube/QBE_New_diffuse
[LOG 14:12:33.529] Load Cached PNG Texture: Squad/Parts/Command/probeCoreCube/QBE_New_NRM
[LOG 14:12:33.530] Load DDS texture: Squad/Parts/Command/probeCoreCube/QBE_New_specular
[LOG 14:12:33.531] Load DDS texture: Squad/Parts/Command/probeCoreHex/ksp_m_hexProbe_diff
[LOG 14:12:33.532] Load DDS texture: Squad/Parts/Command/probeCoreHex/ksp_m_hexProbe_normal
[LOG 14:12:33.533] Load DDS texture: Squad/Parts/Command/probeCoreHex_v2/hecsDiffuse
[LOG 14:12:33.533] Load DDS texture: Squad/Parts/Command/probeCoreHex_v2/hecsNormal
[LOG 14:12:33.533] Load DDS texture: Squad/Parts/Command/probeCoreOcto2_v2/octoDiffuse
[LOG 14:12:33.537] Load DDS texture: Squad/Parts/Command/probeCoreOcto2_v2/octoNormal
[LOG 14:12:33.537] Load DDS texture: Squad/Parts/Command/probeCoreOcto2_v2/octoSpecular
[LOG 14:12:33.538] Load DDS texture: Squad/Parts/Command/probeCoreOcto_v2/octoDiffuse
[LOG 14:12:33.538] Load DDS texture: Squad/Parts/Command/probeCoreOcto_v2/octoNormal
[LOG 14:12:33.538] Load DDS texture: Squad/Parts/Command/probeCoreOcto_v2/octoSpecular
[LOG 14:12:33.538] Load DDS texture: Squad/Parts/Command/probeRoverBody/model000
[LOG 14:12:33.538] Load DDS texture: Squad/Parts/Command/probeRoverBody/model001
[LOG 14:12:33.538] Load DDS texture: Squad/Parts/Command/probeRoverBody_v2/probeRoverBody_v2_gold_diffuse
[LOG 14:12:33.539] Load Cached PNG Texture: Squad/Parts/Command/probeRoverBody_v2/probeRoverBody_v2_gold_NRM
[LOG 14:12:33.541] Load DDS texture: Squad/Parts/Command/probeRoverBody_v2/probeRoverBody_v2_gold_specular
[LOG 14:12:33.543] Load DDS texture: Squad/Parts/Command/probeRoverBody_v2/probeRoverBody_v2_silver_diffuse
[LOG 14:12:33.544] Load Cached PNG Texture: Squad/Parts/Command/probeRoverBody_v2/probeRoverBody_v2_silver_NRM
[LOG 14:12:33.546] Load DDS texture: Squad/Parts/Command/probeRoverBody_v2/probeRoverBody_v2_silver_specular
[LOG 14:12:33.546] Load DDS texture: Squad/Parts/Command/probeRoverBody_v2/QBE_New_diffuse
[LOG 14:12:33.547] Load DDS texture: Squad/Parts/Command/probeRoverBody_v2/QBE_New_NRM
[LOG 14:12:33.547] Load DDS texture: Squad/Parts/Command/probeRoverBody_v2/QBE_New_specular
[LOG 14:12:33.547] Load DDS texture: Squad/Parts/Command/probeStackLarge/model000
[LOG 14:12:33.547] Load DDS texture: Squad/Parts/Command/probeStackLarge/model001
[LOG 14:12:33.549] Load DDS texture: Squad/Parts/Command/probeStackSmall/model000
[LOG 14:12:33.550] Load DDS texture: Squad/Parts/Command/probeStackSmall/model001
[LOG 14:12:33.551] Load DDS texture: Squad/Parts/Command/probeStackSphere_v2/probeStackSphere_diffuse
[LOG 14:12:33.552] Load DDS texture: Squad/Parts/Command/probeStackSphere_v2/probeStackSphere_normal
[LOG 14:12:33.552] Load DDS texture: Squad/Parts/Command/probeStackSphere_v2/probeStackSphere_specular
[LOG 14:12:33.554] Load Cached PNG Texture: Squad/Parts/CompoundParts/@thumbs/fuelLine_icon0
[LOG 14:12:33.554] Load Cached PNG Texture: Squad/Parts/CompoundParts/@thumbs/fuelLine_icon1
[LOG 14:12:33.556] Load Cached PNG Texture: Squad/Parts/CompoundParts/@thumbs/strutConnector_icon0
[LOG 14:12:33.556] Load Cached PNG Texture: Squad/Parts/CompoundParts/@thumbs/strutConnector_icon1
[LOG 14:12:33.556] Load DDS texture: Squad/Parts/CompoundParts/FuelLine/FTX-2 External Fuel Duct
[LOG 14:12:33.556] Load DDS texture: Squad/Parts/CompoundParts/FuelLine/FTX-2 External Fuel Duct_ESA
[LOG 14:12:33.556] Load DDS texture: Squad/Parts/CompoundParts/strutConnector/EAS-4 Strut Connector
[LOG 14:12:33.556] Load DDS texture: Squad/Parts/CompoundParts/strutConnector/EAS-4 Strut Connector_white
[LOG 14:12:33.556] Load DDS texture: Squad/Parts/Coupling/Assets/Decouplers
[LOG 14:12:33.560] Load DDS texture: Squad/Parts/Coupling/Assets/Decouplers_N
[LOG 14:12:33.565] Load DDS texture: Squad/Parts/Coupling/Assets/Decouplers_whiteYellow
[LOG 14:12:33.567] Load DDS texture: Squad/Parts/Coupling/Assets/Decouplers_whiteYellow_N
[LOG 14:12:33.591] Load DDS texture: Squad/Parts/Electrical/10CSolarPanels/assets/circularSolarPanel_diffuse
[LOG 14:12:33.592] Load DDS texture: Squad/Parts/Electrical/10CSolarPanels/assets/circularSolarPanel_nrm
[LOG 14:12:33.593] Load DDS texture: Squad/Parts/Electrical/10LSolarPanels/assets/retractableSolarPanel_diffuse
[LOG 14:12:33.595] Load DDS texture: Squad/Parts/Electrical/10LSolarPanels/assets/retractableSolarPanel_nrm
[LOG 14:12:33.596] Load DDS texture: Squad/Parts/Electrical/1x6ShroudSolarPanels/model000
[LOG 14:12:33.596] Load DDS texture: Squad/Parts/Electrical/1x6ShroudSolarPanels/model001
[LOG 14:12:33.596] Load DDS texture: Squad/Parts/Electrical/1x6ShroudSolarPanels/model002
[LOG 14:12:33.596] Load DDS texture: Squad/Parts/Electrical/1x6SolarPanels/model000
[LOG 14:12:33.596] Load DDS texture: Squad/Parts/Electrical/1x6SolarPanels/model001
[LOG 14:12:33.597] Load DDS texture: Squad/Parts/Electrical/1x6SolarPanels/model002
[LOG 14:12:33.597] Load DDS texture: Squad/Parts/Electrical/3x2ShroudSolarPanels/model000
[LOG 14:12:33.597] Load DDS texture: Squad/Parts/Electrical/3x2ShroudSolarPanels/model001
[LOG 14:12:33.598] Load DDS texture: Squad/Parts/Electrical/3x2ShroudSolarPanels/model002
[LOG 14:12:33.599] Load DDS texture: Squad/Parts/Electrical/3x2SolarPanels/model000
[LOG 14:12:33.601] Load DDS texture: Squad/Parts/Electrical/3x2SolarPanels/model001
[LOG 14:12:33.601] Load DDS texture: Squad/Parts/Electrical/3x2SolarPanels/model002
[LOG 14:12:33.602] Load DDS texture: Squad/Parts/Electrical/gigantorXlSolarArray/panel
[LOG 14:12:33.602] Load DDS texture: Squad/Parts/Electrical/radialFlatSolarPanel/model000
[LOG 14:12:33.602] Load DDS texture: Squad/Parts/Electrical/RTG/model000
[LOG 14:12:33.602] Load DDS texture: Squad/Parts/Electrical/z-100Battery/model000
[LOG 14:12:33.602] Load DDS texture: Squad/Parts/Electrical/z-1kBattery/model000
[LOG 14:12:33.602] Load DDS texture: Squad/Parts/Electrical/z-1kBattery/model001
[LOG 14:12:33.602] Load DDS texture: Squad/Parts/Electrical/z-200Battery/ksp_m_batteryPack_diff
[LOG 14:12:33.602] Load DDS texture: Squad/Parts/Electrical/z-400Battery/model000
[LOG 14:12:33.603] Load DDS texture: Squad/Parts/Electrical/z-4kBattery/ksp_l_batteryPack_diff
[LOG 14:12:33.603] Load DDS texture: Squad/Parts/Electrical/z-4kBattery/ksp_l_batteryPack_normal
[LOG 14:12:33.603] Load DDS texture: Squad/Parts/Engine/ionEngine/model000
[LOG 14:12:33.605] Load DDS texture: Squad/Parts/Engine/jetEngines/Jet Engines
[LOG 14:12:33.606] Load DDS texture: Squad/Parts/Engine/jetEngines/Jet_Heat
[LOG 14:12:33.607] Load DDS texture: Squad/Parts/Engine/liquidEngine24-77/engine
[LOG 14:12:33.607] Load DDS texture: Squad/Parts/Engine/liquidEngine24-77_v2/Twitch
[LOG 14:12:33.610] Load DDS texture: Squad/Parts/Engine/liquidEngine24-77_v2/Twitch_G
[LOG 14:12:33.610] Load DDS texture: Squad/Parts/Engine/liquidEngine24-77_v2/Twitch_GLOW
[LOG 14:12:33.611] Load DDS texture: Squad/Parts/Engine/liquidEngine48-7S/ksp_m_liquidEngine_diff
[LOG 14:12:33.616] Load DDS texture: Squad/Parts/Engine/liquidEngine48-7S_v2/Spark
[LOG 14:12:33.617] Load DDS texture: Squad/Parts/Engine/liquidEngine48-7S_v2/Spark_Glow
[LOG 14:12:33.617] Load DDS texture: Squad/Parts/Engine/liquidEngineAerospike/Aerospike
[LOG 14:12:33.617] Load DDS texture: Squad/Parts/Engine/liquidEngineAerospike/Aerospike_Heat
[LOG 14:12:33.619] Load DDS texture: Squad/Parts/Engine/liquidEngineLV-1_v2/Assets/Ant_and_Spider_diffuse
[LOG 14:12:33.621] Load DDS texture: Squad/Parts/Engine/liquidEngineLV-1_v2/Assets/Ant_and_Spider_emissive
[LOG 14:12:33.621] Load DDS texture: Squad/Parts/Engine/liquidEngineLV-1_v2/Assets/Ant_and_Spider_normal
[LOG 14:12:33.621] Load DDS texture: Squad/Parts/Engine/liquidEngineLV-1_v2/Assets/Ant_and_Spider_specular
[LOG 14:12:33.621] Load DDS texture: Squad/Parts/Engine/liquidEngineLV-909_v2/Terrier
[LOG 14:12:33.622] Load DDS texture: Squad/Parts/Engine/liquidEngineLV-909_v2/TerrierFairing
[LOG 14:12:33.622] Load DDS texture: Squad/Parts/Engine/liquidEngineLV-909_v2/Terrier_glow
[LOG 14:12:33.624] Load DDS texture: Squad/Parts/Engine/liquidEngineLV-N/model000
[LOG 14:12:33.624] Load DDS texture: Squad/Parts/Engine/liquidEngineLV-N/model001
[LOG 14:12:33.624] Load DDS texture: Squad/Parts/Engine/liquidEngineLV-N/model002
[LOG 14:12:33.624] Load DDS texture: Squad/Parts/Engine/liquidEngineLV-N/model003
[LOG 14:12:33.625] Load DDS texture: Squad/Parts/Engine/liquidEngineLV-T30/model000
[LOG 14:12:33.625] Load DDS texture: Squad/Parts/Engine/liquidEngineLV-T30/model001
[LOG 14:12:33.625] Load DDS texture: Squad/Parts/Engine/liquidEngineLV-T30/model002
[LOG 14:12:33.625] Load DDS texture: Squad/Parts/Engine/liquidEngineLV-T30_v2/Engine_Emissive
[LOG 14:12:33.634] Load DDS texture: Squad/Parts/Engine/liquidEngineLV-T30_v2/Engine_Normal
[LOG 14:12:33.643] Load DDS texture: Squad/Parts/Engine/liquidEngineLV-T30_v2/Fairing
[LOG 14:12:33.645] Load DDS texture: Squad/Parts/Engine/liquidEngineLV-T30_v2/Reliant_v2-shroud_Diffuse
[LOG 14:12:33.651] Load DDS texture: Squad/Parts/Engine/liquidEngineLV-T30_v2/Reliant_v2_Diffuse
[LOG 14:12:33.659] Load DDS texture: Squad/Parts/Engine/liquidEngineLV-T45/model000
[LOG 14:12:33.661] Load DDS texture: Squad/Parts/Engine/liquidEngineLV-T45/model001
[LOG 14:12:33.664] Load DDS texture: Squad/Parts/Engine/liquidEngineLV-T45/model002
[LOG 14:12:33.665] Load DDS texture: Squad/Parts/Engine/liquidEngineLV-T45/model003
[LOG 14:12:33.665] Load DDS texture: Squad/Parts/Engine/liquidEngineLV-T45_v2/Engine_Emissive
[LOG 14:12:33.671] Load DDS texture: Squad/Parts/Engine/liquidEngineLV-T45_v2/Fairing
[LOG 14:12:33.675] Load DDS texture: Squad/Parts/Engine/liquidEngineLV-T45_v2/Swivel_v2_Diffuse
[LOG 14:12:33.681] Load DDS texture: Squad/Parts/Engine/liquidEngineLV-T45_v2/Swivel_v2_Normal
[LOG 14:12:33.688] Load DDS texture: Squad/Parts/Engine/liquidEngineMainsail_v2/mainsail_diffuse
[LOG 14:12:33.695] Load DDS texture: Squad/Parts/Engine/liquidEngineMainsail_v2/mainsail_emissive
[LOG 14:12:33.696] Load DDS texture: Squad/Parts/Engine/liquidEngineMainsail_v2/mainsail_nrm
[LOG 14:12:33.702] Load DDS texture: Squad/Parts/Engine/liquidEngineMainsail_v2/mainsail_specular
[LOG 14:12:33.715] Load DDS texture: Squad/Parts/Engine/liquidEngineMainsail_v2/Shroud
[LOG 14:12:33.715] Load DDS texture: Squad/Parts/Engine/liquidEngineMk55/Thud
[LOG 14:12:33.716] Load DDS texture: Squad/Parts/Engine/liquidEngineMk55/Thud_Heat
[LOG 14:12:33.716] Load DDS texture: Squad/Parts/Engine/liquidEnginePoodle_v2/poodle
[LOG 14:12:33.721] Load DDS texture: Squad/Parts/Engine/liquidEnginePoodle_v2/PoodleShroud
[LOG 14:12:33.722] Load DDS texture: Squad/Parts/Engine/liquidEnginePoodle_v2/poodle_Glow
[LOG 14:12:33.722] Load DDS texture: Squad/Parts/Engine/liquidEnginePoodle_v2/Poodle_SingleBell_Poodle_Diffuse
[LOG 14:12:33.724] Load DDS texture: Squad/Parts/Engine/liquidEnginePoodle_v2/Poodle_SingleBell_Poodle_Emissive
[LOG 14:12:33.725] Load DDS texture: Squad/Parts/Engine/liquidEnginePoodle_v2/Poodle_SingleBell_Poodle_Normal
[LOG 14:12:33.726] Load DDS texture: Squad/Parts/Engine/liquidEngineSkipper_v2/Shroud
[LOG 14:12:33.727] Load DDS texture: Squad/Parts/Engine/liquidEngineSkipper_v2/skipper_v2_diffuse
[LOG 14:12:33.736] Load DDS texture: Squad/Parts/Engine/liquidEngineSkipper_v2/skipper_v2_emissive
[LOG 14:12:33.743] Load DDS texture: Squad/Parts/Engine/liquidEngineSkipper_v2/skipper_v2_normal
[LOG 14:12:33.757] Load DDS texture: Squad/Parts/Engine/liquidEngineSSME/SSME
[LOG 14:12:33.757] Load DDS texture: Squad/Parts/Engine/liquidEngineSSME/SSME_GLOW
[LOG 14:12:33.757] Load DDS texture: Squad/Parts/Engine/liquidEngineSSME/SSME_NRM
[LOG 14:12:33.757] Load DDS texture: Squad/Parts/Engine/MassiveSRB/solid_booster_cm
[LOG 14:12:33.758] Load DDS texture: Squad/Parts/Engine/MassiveSRB/solid_booster_cm_esa
[LOG 14:12:33.760] Load DDS texture: Squad/Parts/Engine/MassiveSRB/solid_booster_em
[LOG 14:12:33.761] Load DDS texture: Squad/Parts/Engine/MassiveSRB/solid_booster_nm
[LOG 14:12:33.763] Load DDS texture: Squad/Parts/Engine/miniJet/SmallJet
[LOG 14:12:33.769] Load DDS texture: Squad/Parts/Engine/OMSEngine/Puff_diffuse
[LOG 14:12:33.769] Load DDS texture: Squad/Parts/Engine/OMSEngine/Puff_emissive
[LOG 14:12:33.769] Load DDS texture: Squad/Parts/Engine/OMSEngine/Puff_normal
[LOG 14:12:33.769] Load DDS texture: Squad/Parts/Engine/OMSEngine/Puff_specular
[LOG 14:12:33.769] Load DDS texture: Squad/Parts/Engine/rapierEngine/rapierDiffuse
[LOG 14:12:33.769] Load DDS texture: Squad/Parts/Engine/rapierEngine/rapieremit
[LOG 14:12:33.770] Load DDS texture: Squad/Parts/Engine/Size1_SRBs/SRB_O
[LOG 14:12:33.794] Load DDS texture: Squad/Parts/Engine/Size1_SRBs/SRB_W
[LOG 14:12:33.795] Load DDS texture: Squad/Parts/Engine/Size1_SRBs/SRB_Y
[LOG 14:12:33.795] Load DDS texture: Squad/Parts/Engine/Size2LFB/Size2LFBEmissive
[LOG 14:12:33.796] Load DDS texture: Squad/Parts/Engine/Size2LFB/twin_nozzle_booster_cm
[LOG 14:12:33.798] Load DDS texture: Squad/Parts/Engine/Size2LFB/twin_nozzle_booster_nm
[LOG 14:12:33.799] Load DDS texture: Squad/Parts/Engine/Size2LFB_v2/Size2LFBEmissive
[LOG 14:12:33.799] Load DDS texture: Squad/Parts/Engine/Size2LFB_v2/twin_nozzle_booster_cm
[LOG 14:12:33.801] Load DDS texture: Squad/Parts/Engine/Size2LFB_v2/twin_nozzle_booster_nm
[LOG 14:12:33.802] Load DDS texture: Squad/Parts/Engine/Size3AdvancedEngine/decoupler_and_adaptor_cm
[LOG 14:12:33.804] Load DDS texture: Squad/Parts/Engine/Size3AdvancedEngine/Size3AdvancedEngineDiffuse
[LOG 14:12:33.806] Load DDS texture: Squad/Parts/Engine/Size3AdvancedEngine/Size3AdvancedEngineEmissive
[LOG 14:12:33.806] Load DDS texture: Squad/Parts/Engine/Size3AdvancedEngine/Size3AdvancedEngineNormal
[LOG 14:12:33.807] Load DDS texture: Squad/Parts/Engine/Size3EngineCluster/ClusterEngineEmit
[LOG 14:12:33.807] Load DDS texture: Squad/Parts/Engine/Size3EngineCluster/four_nozzle_engine_cm
[LOG 14:12:33.808] Load DDS texture: Squad/Parts/Engine/Size3EngineCluster/four_nozzle_engine_nm
[LOG 14:12:33.812] Load DDS texture: Squad/Parts/Engine/solidBoosterBACC/model000
[LOG 14:12:33.813] Load DDS texture: Squad/Parts/Engine/solidBoosterBACC/model001
[LOG 14:12:33.815] Load DDS texture: Squad/Parts/Engine/solidBoosterBACC/model002
[LOG 14:12:33.821] Load DDS texture: Squad/Parts/Engine/solidBoosterRT-5/RT5
[LOG 14:12:33.821] Load DDS texture: Squad/Parts/Engine/solidBoosterS2-17/solidBoosterS2-17_diffuse
[LOG 14:12:33.835] Load DDS texture: Squad/Parts/Engine/solidBoosterS2-17/solidBoosterS2-17_emissive
[LOG 14:12:33.851] Load DDS texture: Squad/Parts/Engine/solidBoosterS2-17/solidBoosterS2-17_normal
[LOG 14:12:33.870] Load DDS texture: Squad/Parts/Engine/solidBoosterS2-33/solidBoosterS2-33_diffuse
[LOG 14:12:33.909] Load DDS texture: Squad/Parts/Engine/solidBoosterS2-33/solidBoosterS2-33_emissive
[LOG 14:12:33.967] Load DDS texture: Squad/Parts/Engine/solidBoosterS2-33/solidBoosterS2-33_normal
[LOG 14:12:34.023] Load DDS texture: Squad/Parts/Engine/solidBoosterSep/model000
[LOG 14:12:34.024] Load DDS texture: Squad/Parts/Engine/solidBoosterSep/motor
[LOG 14:12:34.024] Load DDS texture: Squad/Parts/Engine/SolidBoostersF/Assets/SolidBoosterF3S0_diffuse
[LOG 14:12:34.024] Load DDS texture: Squad/Parts/Engine/SolidBoostersF/Assets/SolidBoosterF3S0_emissive
[LOG 14:12:34.024] Load DDS texture: Squad/Parts/Engine/SolidBoostersF/Assets/SolidBoosterF3S0_normal
[LOG 14:12:34.025] Load DDS texture: Squad/Parts/FuelTank/adapterTanks/Mk3Adapters
[LOG 14:12:34.028] Load DDS texture: Squad/Parts/FuelTank/drainTankFTE-1/fuelValve_diffuse
[LOG 14:12:34.028] Load DDS texture: Squad/Parts/FuelTank/drainTankFTE-1/fuelValve_nrm
[LOG 14:12:34.029] Load DDS texture: Squad/Parts/FuelTank/FoilTanks/RadialTanks
[LOG 14:12:34.031] Load DDS texture: Squad/Parts/FuelTank/FoilTanks/RadialTanksGold_specular
[LOG 14:12:34.037] Load DDS texture: Squad/Parts/FuelTank/FoilTanks/RadialTanksSilver_specular
[LOG 14:12:34.039] Load DDS texture: Squad/Parts/FuelTank/FoilTanks/RadialTanks_N
[LOG 14:12:34.040] Load DDS texture: Squad/Parts/FuelTank/FoilTanks/RadialTanks_silver
[LOG 14:12:34.043] Load DDS texture: Squad/Parts/FuelTank/fuelTankOscarB/model000
[LOG 14:12:34.043] Load DDS texture: Squad/Parts/FuelTank/fuelTankOscarB/model001
[LOG 14:12:34.043] Load DDS texture: Squad/Parts/FuelTank/fuelTankOscarB/tank
[LOG 14:12:34.043] Load DDS texture: Squad/Parts/FuelTank/fuelTankOscarB/tank_n
[LOG 14:12:34.044] Load DDS texture: Squad/Parts/FuelTank/miniFuselage/Fuselage
[LOG 14:12:34.044] Load DDS texture: Squad/Parts/FuelTank/mk2Adapters/mk2adapters1m
[LOG 14:12:34.050] Load DDS texture: Squad/Parts/FuelTank/mk2FuselageLong/mk2Fuselage
[LOG 14:12:34.051] Load DDS texture: Squad/Parts/FuelTank/mk2FuselageShort/mk2FuselageShort
[LOG 14:12:34.057] Load DDS texture: Squad/Parts/FuelTank/mk3Fuselage/Mk3Fuselage
[LOG 14:12:34.060] Load DDS texture: Squad/Parts/FuelTank/mk3Fuselage/Mk3Fuselage_LUM
[LOG 14:12:34.061] Load DDS texture: Squad/Parts/FuelTank/RCSFuelTankR1/RCSFuelTankR1_01
[LOG 14:12:34.061] Load DDS texture: Squad/Parts/FuelTank/RCSFuelTankR1/RCSFuelTankR1_02
[LOG 14:12:34.061] Load DDS texture: Squad/Parts/FuelTank/RCSFuelTankR1/RCSFuelTankR1_N
[LOG 14:12:34.064] Load DDS texture: Squad/Parts/FuelTank/RCSFuelTankR10/ksp_m_rcsTank_diff
[LOG 14:12:34.064] Load DDS texture: Squad/Parts/FuelTank/RCSFuelTankR10/ksp_m_rcsTank_normal
[LOG 14:12:34.064] Load DDS texture: Squad/Parts/FuelTank/RCSFuelTankR25/FL-R25 RCS Fuel Tank_D
[LOG 14:12:34.065] Load DDS texture: Squad/Parts/FuelTank/RCSFuelTankR25/FL-R25 RCS Fuel Tank_N
[LOG 14:12:34.067] Load DDS texture: Squad/Parts/FuelTank/RCSTankRadial/model000
[LOG 14:12:34.068] Load DDS texture: Squad/Parts/FuelTank/RCStankRadialLong/ksp_r_rcsCylTank_diff
[LOG 14:12:34.069] Load DDS texture: Squad/Parts/FuelTank/RockomaxTanks/Assets/rockomax_16 [AlbedoM] BW
[LOG 14:12:34.077] Load DDS texture: Squad/Parts/FuelTank/RockomaxTanks/Assets/rockomax_16 [AlbedoM] ESA
[LOG 14:12:34.083] Load DDS texture: Squad/Parts/FuelTank/RockomaxTanks/Assets/rockomax_16 [AlbedoM] O
[LOG 14:12:34.091] Load DDS texture: Squad/Parts/FuelTank/RockomaxTanks/Assets/rockomax_16 [Normal] BW
[LOG 14:12:34.099] Load DDS texture: Squad/Parts/FuelTank/RockomaxTanks/Assets/rockomax_16 [Normal]ESA
[LOG 14:12:34.111] Load DDS texture: Squad/Parts/FuelTank/RockomaxTanks/Assets/rockomax_16 [Normal]O
[LOG 14:12:34.118] Load DDS texture: Squad/Parts/FuelTank/RockomaxTanks/Assets/rockomax_32 [AlbedoM] ESA
[LOG 14:12:34.120] Load DDS texture: Squad/Parts/FuelTank/RockomaxTanks/Assets/rockomax_32 [Normal]ESA
[LOG 14:12:34.121] Load DDS texture: Squad/Parts/FuelTank/Size1_Tanks/125Tanks_BW
[LOG 14:12:34.124] Load DDS texture: Squad/Parts/FuelTank/Size1_Tanks/125Tanks_D
[LOG 14:12:34.127] Load DDS texture: Squad/Parts/FuelTank/Size1_Tanks/125Tanks_N
[LOG 14:12:34.131] Load DDS texture: Squad/Parts/FuelTank/Size1_Tanks/125Tanks_O
[LOG 14:12:34.137] Load DDS texture: Squad/Parts/FuelTank/Size1_Tanks/125Tanks_W
[LOG 14:12:34.141] Load DDS texture: Squad/Parts/FuelTank/Size3Tanks/fueltTanks_cm
[LOG 14:12:34.144] Load Cached PNG Texture: Squad/Parts/FuelTank/Size3Tanks/Size3Tanks
[LOG 14:12:34.144] Load Cached PNG Texture: Squad/Parts/FuelTank/Size3Tanks/Size3Tanks_Norm
[LOG 14:12:34.145] Load Cached PNG Texture: Squad/Parts/FuelTank/Size3Tanks/Size3Tanks_Orange
[LOG 14:12:34.145] Load Cached PNG Texture: Squad/Parts/FuelTank/Size3Tanks/Size3Tanks_Orange_Norm
[LOG 14:12:34.147] Load DDS texture: Squad/Parts/FuelTank/xenonTank/model000
[LOG 14:12:34.147] Load DDS texture: Squad/Parts/FuelTank/xenonTank/model001
[LOG 14:12:34.147] Load DDS texture: Squad/Parts/FuelTank/xenonTankLarge/tank
[LOG 14:12:34.149] Load DDS texture: Squad/Parts/FuelTank/xenonTankRadial/ksp_r_xenonTank_diff
[LOG 14:12:34.149] Load DDS texture: Squad/Parts/Misc/AsteroidDay/CamSat
[LOG 14:12:34.149] Load DDS texture: Squad/Parts/Misc/AsteroidDay/CamSat_glow
[LOG 14:12:34.149] Load DDS texture: Squad/Parts/Misc/AsteroidDay/CamSat_N_NRM
[LOG 14:12:34.150] Load DDS texture: Squad/Parts/Misc/AsteroidDay/default
[LOG 14:12:34.151] Load DDS texture: Squad/Parts/Misc/AsteroidDay/hecsDiffuse
[LOG 14:12:34.151] Load DDS texture: Squad/Parts/Misc/AsteroidDay/hecsNormal
[LOG 14:12:34.151] Load DDS texture: Squad/Parts/Misc/AsteroidDay/hecsSpecular
[LOG 14:12:34.151] Load DDS texture: Squad/Parts/Misc/AsteroidDay/JumboHexProbe
[LOG 14:12:34.151] Load DDS texture: Squad/Parts/Misc/AsteroidDay/JumboHexProbe_NORM_NRM
[LOG 14:12:34.151] Load DDS texture: Squad/Parts/Resources/FuelCell/FCLamp
[LOG 14:12:34.152] Load DDS texture: Squad/Parts/Resources/FuelCell/FuelCellRack
[LOG 14:12:34.152] Load DDS texture: Squad/Parts/Resources/FuelCell/fuellcell
[LOG 14:12:34.152] Load DDS texture: Squad/Parts/Resources/ISRU/Processor_Large
[LOG 14:12:34.152] Load DDS texture: Squad/Parts/Resources/LargeTank/ksp_l_resourceContainer_diff
[LOG 14:12:34.153] Load DDS texture: Squad/Parts/Resources/LargeTank/ksp_l_resourceContainer_norm
[LOG 14:12:34.154] Load DDS texture: Squad/Parts/Resources/MiniDrill/DustParticle
[LOG 14:12:34.154] Load DDS texture: Squad/Parts/Resources/MiniDrill/ksp_r_rockProbe_diff
[LOG 14:12:34.158] Load DDS texture: Squad/Parts/Resources/MiniDrill/RockParticle
[LOG 14:12:34.158] Load DDS texture: Squad/Parts/Resources/MiniISRU/ksp_s_processorSmall_diff
[LOG 14:12:34.158] Load DDS texture: Squad/Parts/Resources/OrbitalScanner/detector
[LOG 14:12:34.158] Load DDS texture: Squad/Parts/Resources/RadialDrill/DustParticle
[LOG 14:12:34.166] Load DDS texture: Squad/Parts/Resources/RadialDrill/RockParticle
[LOG 14:12:34.166] Load DDS texture: Squad/Parts/Resources/RadialDrill/TriBitDrill
[LOG 14:12:34.166] Load DDS texture: Squad/Parts/Resources/RadialTank/ksp_r_resourceContainer_psd_2
[LOG 14:12:34.166] Load DDS texture: Squad/Parts/Resources/SmallTank/ksp_s_resourceContainer_diff
[LOG 14:12:34.166] Load DDS texture: Squad/Parts/Resources/SmallTank/ksp_s_resourceContainer_normal
[LOG 14:12:34.167] Load DDS texture: Squad/Parts/Resources/SurfaceScanner/ksp_r_samplerAir_diff
[LOG 14:12:34.169] Load DDS texture: Squad/Parts/Resources/SurveyScanner/dish
[LOG 14:12:34.169] Load DDS texture: Squad/Parts/Resources/SurveyScanner/dish_n
[LOG 14:12:34.170] Load DDS texture: Squad/Parts/Science/AtmosphereSensor/ksp_r_hydroscoop_diff
[LOG 14:12:34.170] Load DDS texture: Squad/Parts/Science/GooExperiment/GooExperiment
[LOG 14:12:34.171] Load DDS texture: Squad/Parts/Science/LargeCrewedLab/Large_Crewed_Lab
[LOG 14:12:34.171] Load DDS texture: Squad/Parts/Science/LargeCrewedLab/Large_Crewed_Lab_glow
[LOG 14:12:34.176] Load DDS texture: Squad/Parts/Science/LargeCrewedLab/window
[LOG 14:12:34.177] Load DDS texture: Squad/Parts/Science/Magnetometer/Magnetometer_diffuse
[LOG 14:12:34.177] Load DDS texture: Squad/Parts/Science/Magnetometer/Magnetometer_nrm
[LOG 14:12:34.178] Load DDS texture: Squad/Parts/Science/MaterialBay/science_module_small
[LOG 14:12:34.178] Load DDS texture: Squad/Parts/Science/MaterialBay/science_module_small_emit
[LOG 14:12:34.178] Load DDS texture: Squad/Parts/Science/MaterialBay/science_module_small_nrm
[LOG 14:12:34.179] Load DDS texture: Squad/Parts/Science/MaterialBay/wires
[LOG 14:12:34.179] Load DDS texture: Squad/Parts/Science/ScienceBox/Container
[LOG 14:12:34.179] Load DDS texture: Squad/Parts/Science/sensorAccelerometer/model000
[LOG 14:12:34.179] Load DDS texture: Squad/Parts/Science/sensorBarometer/model000
[LOG 14:12:34.179] Load DDS texture: Squad/Parts/Science/sensorGravimeter/model000
[LOG 14:12:34.179] Load DDS texture: Squad/Parts/Science/sensorThermometer/model000
[LOG 14:12:34.179] Load DDS texture: Squad/Parts/Structural/FLAdapters/Assets/FLA-Adapters_diffuse
[LOG 14:12:34.180] Load DDS texture: Squad/Parts/Structural/FLAdapters/Assets/FLA-Adapters_diffuse_O
[LOG 14:12:34.182] Load DDS texture: Squad/Parts/Structural/FLAdapters/Assets/FLA-Adapters_normal
[LOG 14:12:34.183] Load DDS texture: Squad/Parts/Structural/FLAdapters/Assets/FLA-Adapters_normal_O
[LOG 14:12:34.184] Load DDS texture: Squad/Parts/Structural/mk1Parts/Mk1Structural
[LOG 14:12:34.185] Load DDS texture: Squad/Parts/Structural/mk1Parts/Mk1StructuralHeat
[LOG 14:12:34.186] Load Cached PNG Texture: Squad/Parts/Structural/mk1Parts/@thumbs/MK1Fuselage_icon
[LOG 14:12:34.186] Load DDS texture: Squad/Parts/Structural/Size3To2Adapter_v2/Size2to3_BW_Diffuse
[LOG 14:12:34.193] Load DDS texture: Squad/Parts/Structural/Size3To2Adapter_v2/Size2to3_DUMMY_NRM
[LOG 14:12:34.193] Load DDS texture: Squad/Parts/Structural/Size3To2Adapter_v2/Size2to3_O_Diffuse
[LOG 14:12:34.200] Load DDS texture: Squad/Parts/Structural/Size3To2Adapter_v2/Size2to3_W_Diffuse
[LOG 14:12:34.206] Load DDS texture: Squad/Parts/Structural/Size3To2Adapter_v2/Size2to3_W_NRM
[LOG 14:12:34.215] Load DDS texture: Squad/Parts/Structural/stackAdapters/Assets/stackAdapters_diffuse
[LOG 14:12:34.216] Load DDS texture: Squad/Parts/Structural/stackAdapters/Assets/stackAdapters_diffuse_Dark
[LOG 14:12:34.217] Load DDS texture: Squad/Parts/Structural/stackAdapters/Assets/stackAdapters_diffuse_Orange
[LOG 14:12:34.218] Load DDS texture: Squad/Parts/Structural/stackAdapters/Assets/stackAdapters_normal
[LOG 14:12:34.221] Load DDS texture: Squad/Parts/Structural/stackAdapters/Assets/stackAdapters_normal_Orange
[LOG 14:12:34.221] Load DDS texture: Squad/Parts/Structural/stationHub/model000
[LOG 14:12:34.222] Load DDS texture: Squad/Parts/Structural/stationHub/model001
[LOG 14:12:34.222] Load DDS texture: Squad/Parts/Structural/structuralIBeam200/model000
[LOG 14:12:34.223] Load DDS texture: Squad/Parts/Structural/structuralIBeam200Pocket/model000
[LOG 14:12:34.223] Load DDS texture: Squad/Parts/Structural/structuralIBeam650/model000
[LOG 14:12:34.223] Load DDS texture: Squad/Parts/Structural/structuralMicronode/model000
[LOG 14:12:34.223] Load DDS texture: Squad/Parts/Structural/structuralPanel1x1/model000
[LOG 14:12:34.224] Load DDS texture: Squad/Parts/Structural/structuralPanel1x1/model001
[LOG 14:12:34.224] Load DDS texture: Squad/Parts/Structural/structuralPanel2x2/model000
[LOG 14:12:34.224] Load DDS texture: Squad/Parts/Structural/structuralPanel2x2/model001
[LOG 14:12:34.224] Load DDS texture: Squad/Parts/Structural/structuralPylons/Pylons
[LOG 14:12:34.224] Load DDS texture: Squad/Parts/Structural/strutCubicOcto/cubestrut
[LOG 14:12:34.224] Load DDS texture: Squad/Parts/Structural/strutOcto/model000
[LOG 14:12:34.224] Load DDS texture: Squad/Parts/Structural/trussGirderAdapter/model000
[LOG 14:12:34.225] Load DDS texture: Squad/Parts/Structural/trussGirderAdapter/model001
[LOG 14:12:34.225] Load DDS texture: Squad/Parts/Structural/trussGirderL/model000
[LOG 14:12:34.225] Load DDS texture: Squad/Parts/Structural/trussGirderXL/model000
[LOG 14:12:34.225] Load DDS texture: Squad/Parts/Thermal/FoldingRadiators/radiator
[LOG 14:12:34.226] Load DDS texture: Squad/Parts/Thermal/FoldingRadiators/radiator_N_NRM
[LOG 14:12:34.226] Load DDS texture: Squad/Parts/Thermal/RadiatorPanels/radPanel
[LOG 14:12:34.227] Load DDS texture: Squad/Parts/Thermal/RadiatorPanels/radPanel_N_NRM
[LOG 14:12:34.229] Load DDS texture: Squad/Parts/Utility/commDish88-88/comm_dish_array
[LOG 14:12:34.230] Load DDS texture: Squad/Parts/Utility/commDish88-88/comm_dish_v2_diff
[LOG 14:12:34.230] Load DDS texture: Squad/Parts/Utility/commDish88-88/model000
[LOG 14:12:34.230] Load DDS texture: Squad/Parts/Utility/commsAntennaDTS-M1/mediumDishAntenna
[LOG 14:12:34.231] Load DDS texture: Squad/Parts/Utility/commsAntennaDTS-M1/mediumDishAntenna_Emit
[LOG 14:12:34.232] Load DDS texture: Squad/Parts/Utility/commsDish16/model000
[LOG 14:12:34.232] Load DDS texture: Squad/Parts/Utility/decouplerRadialHDM/model000
[LOG 14:12:34.232] Load DDS texture: Squad/Parts/Utility/decouplerRadialTT-38K/model000
[LOG 14:12:34.232] Load DDS texture: Squad/Parts/Utility/decouplerRadialTT-38K/model001
[LOG 14:12:34.232] Load DDS texture: Squad/Parts/Utility/decouplerRadialTT-70/model000
[LOG 14:12:34.232] Load DDS texture: Squad/Parts/Utility/DirectAntennas/MiniAntenna
[LOG 14:12:34.232] Load DDS texture: Squad/Parts/Utility/dockingPort/Arrow Pointer
[LOG 14:12:34.233] Load DDS texture: Squad/Parts/Utility/dockingPort/DockingPorts_Clampotron_Diffuse
[LOG 14:12:34.240] Load DDS texture: Squad/Parts/Utility/dockingPort/DockingPorts_Clampotron_Emissive
[LOG 14:12:34.241] Load DDS texture: Squad/Parts/Utility/dockingPort/DockingPorts_Clampotron_Normal
[LOG 14:12:34.254] Load DDS texture: Squad/Parts/Utility/dockingPortInline/Arrow Pointer
[LOG 14:12:34.255] Load DDS texture: Squad/Parts/Utility/dockingPortInline/ClampotronLinear_ClampotronLinear_Diffuse
[LOG 14:12:34.261] Load DDS texture: Squad/Parts/Utility/dockingPortInline/ClampotronLinear_ClampotronLinear_Emissive
[LOG 14:12:34.262] Load DDS texture: Squad/Parts/Utility/dockingPortInline/ClampotronLinear_ClampotronLinear_Normal
[LOG 14:12:34.275] Load DDS texture: Squad/Parts/Utility/dockingPortInline/DockingPorts_Clampotron_Diffuse
[LOG 14:12:34.282] Load DDS texture: Squad/Parts/Utility/dockingPortInline/DockingPorts_Clampotron_Emissive
[LOG 14:12:34.284] Load DDS texture: Squad/Parts/Utility/dockingPortInline/DockingPorts_Clampotron_Normal
[LOG 14:12:34.296] Load DDS texture: Squad/Parts/Utility/dockingPortJr/Arrow Pointer
[LOG 14:12:34.296] Load DDS texture: Squad/Parts/Utility/dockingPortJr/DockingPorts_ClampotronJR_Diffuse
[LOG 14:12:34.296] Load DDS texture: Squad/Parts/Utility/dockingPortJr/DockingPorts_ClampotronJR_Normal
[LOG 14:12:34.297] Load DDS texture: Squad/Parts/Utility/dockingPortJr/model000
[LOG 14:12:34.297] Load DDS texture: Squad/Parts/Utility/dockingPortShielded/Arrow Pointer
[LOG 14:12:34.297] Load DDS texture: Squad/Parts/Utility/dockingPortShielded/Clamp-O-Tron Shielded Docking Port_ClampotronShielded_Diffuse
[LOG 14:12:34.304] Load DDS texture: Squad/Parts/Utility/dockingPortShielded/Clamp-O-Tron Shielded Docking Port_ClampotronShielded_Normal
[LOG 14:12:34.312] Load DDS texture: Squad/Parts/Utility/dockingPortShielded/DockingPorts_Clampotron_Diffuse
[LOG 14:12:34.321] Load DDS texture: Squad/Parts/Utility/dockingPortShielded/DockingPorts_Clampotron_Emissive
[LOG 14:12:34.322] Load DDS texture: Squad/Parts/Utility/dockingPortShielded/DockingPorts_Clampotron_Normal
[LOG 14:12:34.331] Load DDS texture: Squad/Parts/Utility/dockingPortSr/Arrow Pointer
[LOG 14:12:34.331] Load DDS texture: Squad/Parts/Utility/dockingPortSr/ClampotronSr_ClampotronSr_Diffuse
[LOG 14:12:34.337] Load DDS texture: Squad/Parts/Utility/dockingPortSr/ClampotronSr_ClampotronSr_Diffuse_gray
[LOG 14:12:34.344] Load DDS texture: Squad/Parts/Utility/dockingPortSr/ClampotronSr_ClampotronSr_Emissive
[LOG 14:12:34.346] Load DDS texture: Squad/Parts/Utility/dockingPortSr/ClampotronSr_ClampotronSr_Normal
[LOG 14:12:34.354] Load Cached PNG Texture: Squad/Parts/Utility/Fireworks/Assets/fireworks_launcher_big 1
[LOG 14:12:34.361] Load Cached PNG Texture: Squad/Parts/Utility/Fireworks/Assets/fireworks_launcher_big
[LOG 14:12:34.369] Load Cached PNG Texture: Squad/Parts/Utility/flags/backgroundTextures/dark_background
[LOG 14:12:34.369] Load Cached PNG Texture: Squad/Parts/Utility/flags/backgroundTextures/orange_background
[LOG 14:12:34.370] Load Cached PNG Texture: Squad/Parts/Utility/flags/backgroundTextures/white_background
[LOG 14:12:34.370] Load DDS texture: Squad/Parts/Utility/GrapplingDevice/grabberDiffuse
[LOG 14:12:34.371] Load DDS texture: Squad/Parts/Utility/GrapplingDevice/grabberDiffuse_dark
[LOG 14:12:34.371] Load DDS texture: Squad/Parts/Utility/GrapplingDevice/grabberNRM
[LOG 14:12:34.373] Load DDS texture: Squad/Parts/Utility/GrapplingDevice/window
[LOG 14:12:34.374] Load DDS texture: Squad/Parts/Utility/ladderRadial/model000
[LOG 14:12:34.374] Load DDS texture: Squad/Parts/Utility/ladderTelescopic/model000
[LOG 14:12:34.374] Load DDS texture: Squad/Parts/Utility/ladderTelescopic/model001
[LOG 14:12:34.375] Load DDS texture: Squad/Parts/Utility/ladderTelescopic/model002
[LOG 14:12:34.376] Load DDS texture: Squad/Parts/Utility/ladderTelescopicBay/model000
[LOG 14:12:34.378] Load DDS texture: Squad/Parts/Utility/ladderTelescopicBay/model001
[LOG 14:12:34.379] Load DDS texture: Squad/Parts/Utility/landingLegLT-1/ksp_r_landingStrut_diff
[LOG 14:12:34.379] Load DDS texture: Squad/Parts/Utility/landingLegLT-2/landingLeg
[LOG 14:12:34.380] Load DDS texture: Squad/Parts/Utility/landingLegLT-5/leg
[LOG 14:12:34.380] Load DDS texture: Squad/Parts/Utility/landingLegLT-5/model000
[LOG 14:12:34.380] Load DDS texture: Squad/Parts/Utility/launchClamp1/model000
[LOG 14:12:34.380] Load DDS texture: Squad/Parts/Utility/launchClamp1/model001
[LOG 14:12:34.380] Load DDS texture: Squad/Parts/Utility/launchEscapeSystem/LES_Diffuse
[LOG 14:12:34.381] Load DDS texture: Squad/Parts/Utility/Lights/Assets/Lights_Attacheable_Lights_Diffuse
[LOG 14:12:34.381] Load DDS texture: Squad/Parts/Utility/Lights/Assets/Lights_Attacheable_Lights_Diffuse_white
[LOG 14:12:34.381] Load DDS texture: Squad/Parts/Utility/Lights/Assets/Lights_Attacheable_Lights_Emissive
[LOG 14:12:34.382] Load DDS texture: Squad/Parts/Utility/Lights/Assets/Lights_Attacheable_Lights_Normal
[LOG 14:12:34.382] Load DDS texture: Squad/Parts/Utility/Lights/Assets/Lights_Rectangle_Light_Diffuse
[LOG 14:12:34.390] Load DDS texture: Squad/Parts/Utility/Lights/Assets/Lights_Rectangle_Light_Diffuse_white
[LOG 14:12:34.397] Load DDS texture: Squad/Parts/Utility/Lights/Assets/Lights_Rectangle_Light_Emissive
[LOG 14:12:34.409] Load DDS texture: Squad/Parts/Utility/Lights/Assets/Lights_Rectangle_Light_Normal
[LOG 14:12:34.414] Load DDS texture: Squad/Parts/Utility/Lights/Assets/Lights_Worklights_Diffuse
[LOG 14:12:34.415] Load DDS texture: Squad/Parts/Utility/Lights/Assets/Lights_Worklights_Emissive
[LOG 14:12:34.416] Load DDS texture: Squad/Parts/Utility/Lights/Assets/Lights_Worklights_Normal
[LOG 14:12:34.417] Load DDS texture: Squad/Parts/Utility/Lights/Assets/Spotlight_Attacheable_Lights_Diffuse
[LOG 14:12:34.418] Load DDS texture: Squad/Parts/Utility/Lights/Assets/Spotlight_Attacheable_Lights_Diffuse_white
[LOG 14:12:34.418] Load DDS texture: Squad/Parts/Utility/Lights/Assets/Spotlight_Attacheable_Lights_Emissive
[LOG 14:12:34.418] Load DDS texture: Squad/Parts/Utility/Lights/Assets/Spotlight_Attacheable_Lights_Normal
[LOG 14:12:34.418] Load DDS texture: Squad/Parts/Utility/linearVernorRCS/Assets/linear_vernor_diffuse
[LOG 14:12:34.418] Load DDS texture: Squad/Parts/Utility/linearVernorRCS/Assets/linear_vernor_emissive
[LOG 14:12:34.418] Load DDS texture: Squad/Parts/Utility/linearVernorRCS/Assets/linear_vernor_normalDummy
[LOG 14:12:34.419] Load DDS texture: Squad/Parts/Utility/linearVernorRCS/Assets/linear_vernor_specular
[LOG 14:12:34.419] Load DDS texture: Squad/Parts/Utility/mk2CargoBay/mk2CargoBay
[LOG 14:12:34.419] Load DDS texture: Squad/Parts/Utility/mk2CrewCabin/mk2CrewCabin
[LOG 14:12:34.420] Load DDS texture: Squad/Parts/Utility/mk2CrewCabin/mk2CrewCabin_LUM
[LOG 14:12:34.420] Load DDS texture: Squad/Parts/Utility/mk2DockingPort/Arrow Pointer
[LOG 14:12:34.420] Load DDS texture: Squad/Parts/Utility/mk2DockingPort/Mk2Clampotron_Caps_Diffuse
[LOG 14:12:34.420] Load DDS texture: Squad/Parts/Utility/mk2DockingPort/Mk2Clampotron_Caps_Emmisive
[LOG 14:12:34.421] Load DDS texture: Squad/Parts/Utility/mk2DockingPort/Mk2Clampotron_Caps_Normal
[LOG 14:12:34.421] Load DDS texture: Squad/Parts/Utility/mk2DockingPort/Mk2Clampotron_Mk2Clampotron_Diffuse
[LOG 14:12:34.427] Load DDS texture: Squad/Parts/Utility/mk2DockingPort/Mk2Clampotron_Mk2Clampotron_Emissive
[LOG 14:12:34.428] Load DDS texture: Squad/Parts/Utility/mk2DockingPort/Mk2Clampotron_Mk2Clampotron_Normal
[LOG 14:12:34.435] Load DDS texture: Squad/Parts/Utility/mk2DockingPort/mk2DockingPort
[LOG 14:12:34.437] Load DDS texture: Squad/Parts/Utility/mk3CargoBay/Mk3CargoBay
[LOG 14:12:34.438] Load DDS texture: Squad/Parts/Utility/parachuteMk1/model000
[LOG 14:12:34.440] Load DDS texture: Squad/Parts/Utility/parachuteMk1/model001
[LOG 14:12:34.440] Load DDS texture: Squad/Parts/Utility/parachuteMk12-R/model000
[LOG 14:12:34.440] Load DDS texture: Squad/Parts/Utility/parachuteMk12-R/model001
[LOG 14:12:34.440] Load DDS texture: Squad/Parts/Utility/parachuteMk16-XL/model000
[LOG 14:12:34.440] Load DDS texture: Squad/Parts/Utility/parachuteMk16-XL/model001
[LOG 14:12:34.440] Load DDS texture: Squad/Parts/Utility/parachuteMk2-R/model000
[LOG 14:12:34.441] Load DDS texture: Squad/Parts/Utility/parachuteMk2-R/model001
[LOG 14:12:34.441] Load DDS texture: Squad/Parts/Utility/parachuteMk25/model000
[LOG 14:12:34.441] Load DDS texture: Squad/Parts/Utility/parachuteMk25/model001
[LOG 14:12:34.441] Load DDS texture: Squad/Parts/Utility/radialAttachmentPoint/model000
[LOG 14:12:34.441] Load DDS texture: Squad/Parts/Utility/radialAttachmentPoint/model001
[LOG 14:12:34.441] Load DDS texture: Squad/Parts/Utility/rcsBlockRV-105_v2/rcsBlock_diffuse
[LOG 14:12:34.441] Load DDS texture: Squad/Parts/Utility/rcsBlockRV-105_v2/rcsThrusterBlock_normal
[LOG 14:12:34.441] Load DDS texture: Squad/Parts/Utility/rcsBlockRV-105_v2/rcsThruster_emissive
[LOG 14:12:34.442] Load DDS texture: Squad/Parts/Utility/rcsBlockRV-105_v2/rcsThruster_specular
[LOG 14:12:34.442] Load DDS texture: Squad/Parts/Utility/rcsBlockRV-105_v2/RCS_Block_Diffuse
[LOG 14:12:34.442] Load DDS texture: Squad/Parts/Utility/rcsBlockRV-105_v2/RCS_Block_Emissive
[LOG 14:12:34.442] Load DDS texture: Squad/Parts/Utility/rcsBlockRV-105_v2/RCS_Block_Normal
[LOG 14:12:34.443] Load DDS texture: Squad/Parts/Utility/rcsBlockRV-105_v2/RCS_Block_Specular
[LOG 14:12:34.443] Load DDS texture: Squad/Parts/Utility/rcsSmallLinear/Assets/RCS_Linear_Base_Diffuse
[LOG 14:12:34.443] Load DDS texture: Squad/Parts/Utility/rcsSmallLinear/Assets/RCS_Linear_Diffuse
[LOG 14:12:34.443] Load DDS texture: Squad/Parts/Utility/rcsSmallLinear/Assets/RCS_Linear_Emissive
[LOG 14:12:34.443] Load DDS texture: Squad/Parts/Utility/rcsSmallLinear/Assets/RCS_Linear_Normal
[LOG 14:12:34.443] Load DDS texture: Squad/Parts/Utility/rcsSmallLinear/Assets/RCS_Linear_Specular
[LOG 14:12:34.444] Load DDS texture: Squad/Parts/Utility/RelayAntennas/DishAntenna
[LOG 14:12:34.444] Load DDS texture: Squad/Parts/Utility/RelayAntennas/MiniAntenna
[LOG 14:12:34.444] Load DDS texture: Squad/Parts/Utility/rockomaxAdapters/Assets/Rockomax_Adapters_diffuse
[LOG 14:12:34.445] Load DDS texture: Squad/Parts/Utility/rockomaxAdapters/Assets/Rockomax_Adapters_diffuse_O
[LOG 14:12:34.447] Load DDS texture: Squad/Parts/Utility/rockomaxAdapters/Assets/Rockomax_Adapters_diffuse_W
[LOG 14:12:34.448] Load DDS texture: Squad/Parts/Utility/rockomaxAdapters/Assets/Rockomax_Adapters_normal
[LOG 14:12:34.450] Load DDS texture: Squad/Parts/Utility/rockomaxAdapters/Assets/Rockomax_Adapters_normal_O
[LOG 14:12:34.452] Load DDS texture: Squad/Parts/Utility/ServiceBay/ServiceBay
[LOG 14:12:34.452] Load Cached PNG Texture: Squad/Parts/Utility/ServiceBay_v2/Assets/Scratch
[LOG 14:12:34.453] Load Cached PNG Texture: Squad/Parts/Utility/ServiceBay_v2/Assets/ServiceBay_bump
[LOG 14:12:34.454] Load Cached PNG Texture: Squad/Parts/Utility/ServiceBay_v2/Assets/ServiceBay_v2
[LOG 14:12:34.455] Load DDS texture: Squad/Parts/Utility/smallClaw/grabberSmallDiffuse
[LOG 14:12:34.455] Load DDS texture: Squad/Parts/Utility/smallClaw/grabberSmallDiffuseDark
[LOG 14:12:34.456] Load DDS texture: Squad/Parts/Utility/smallClaw/grabberSmallNRM
[LOG 14:12:34.456] Load DDS texture: Squad/Parts/Utility/smallClaw/window
[LOG 14:12:34.456] Load DDS texture: Squad/Parts/Utility/spotLightMk1/light1
[LOG 14:12:34.456] Load DDS texture: Squad/Parts/Utility/spotLightMk1/light1_em
[LOG 14:12:34.456] Load DDS texture: Squad/Parts/Utility/spotLightMk1_v2/spotLightMk1_Diffuse
[LOG 14:12:34.456] Load DDS texture: Squad/Parts/Utility/spotLightMk1_v2/spotLightMk1_Diffuse_white
[LOG 14:12:34.457] Load DDS texture: Squad/Parts/Utility/spotLightMk1_v2/spotLightMk1_Emissive
[LOG 14:12:34.457] Load DDS texture: Squad/Parts/Utility/spotLightMk1_v2/spotLightMk1_Normal
[LOG 14:12:34.457] Load DDS texture: Squad/Parts/Utility/spotLightMk2/light2
[LOG 14:12:34.457] Load DDS texture: Squad/Parts/Utility/spotLightMk2/light2_em
[LOG 14:12:34.457] Load DDS texture: Squad/Parts/Utility/spotLightMk2_v2/spotLightMk2_Diffuse
[LOG 14:12:34.458] Load DDS texture: Squad/Parts/Utility/spotLightMk2_v2/spotLightMk2_Diffuse_white
[LOG 14:12:34.458] Load DDS texture: Squad/Parts/Utility/spotLightMk2_v2/spotLightMk2_Emissive
[LOG 14:12:34.458] Load DDS texture: Squad/Parts/Utility/spotLightMk2_v2/spotLightMk2_Normal
[LOG 14:12:34.459] Load DDS texture: Squad/Parts/Utility/stackCouplers/Assets/stackCouplersDiffuse
[LOG 14:12:34.463] Load DDS texture: Squad/Parts/Utility/stackCouplers/Assets/stackCouplersDiffuse_Dark
[LOG 14:12:34.468] Load DDS texture: Squad/Parts/Utility/stackCouplers/Assets/stackCouplersDiffuse_Orange
[LOG 14:12:34.470] Load DDS texture: Squad/Parts/Utility/stackCouplers/Assets/stackCouplers_NRM
[LOG 14:12:34.471] Load DDS texture: Squad/Parts/Utility/stackCouplers/Assets/stackCouplers_Orange_NRM
[LOG 14:12:34.474] Load DDS texture: Squad/Parts/Wheel/LandingGear/Flare
[LOG 14:12:34.475] Load DDS texture: Squad/Parts/Wheel/LandingGear/LandingGear
[LOG 14:12:34.476] Load DDS texture: Squad/Parts/Wheel/LandingGear/LandingGear_Emissive
[LOG 14:12:34.476] Load DDS texture: Squad/Parts/Wheel/roverWheelM1/model000
[LOG 14:12:34.476] Load DDS texture: Squad/Parts/Wheel/roverWheelM1/roverwheel1
[LOG 14:12:34.476] Load DDS texture: Squad/Parts/Wheel/roverWheelS2/model000
[LOG 14:12:34.477] Load DDS texture: Squad/Parts/Wheel/roverWheelS2/model001
[LOG 14:12:34.477] Load DDS texture: Squad/Parts/Wheel/roverWheelS2/roverwheel2
[LOG 14:12:34.477] Load DDS texture: Squad/Parts/Wheel/roverWheelS2/roverwheel2_n
[LOG 14:12:34.477] Load DDS texture: Squad/Parts/Wheel/roverWheelTR-2L/ksp_r_medWheel_diff
[LOG 14:12:34.479] Load DDS texture: Squad/Parts/Wheel/roverWheelTR-2L/ksp_r_medWheel_normal
[LOG 14:12:34.480] Load DDS texture: Squad/Parts/Wheel/roverWheelTR-2L/ksp_r_medWheel_wheel_diff
[LOG 14:12:34.486] Load DDS texture: Squad/Parts/Wheel/roverWheelTR-2L/ksp_r_medWheel_wheel_normal
[LOG 14:12:34.487] Load DDS texture: Squad/Parts/Wheel/roverWheelXL3/mount
[LOG 14:12:34.489] Load DDS texture: Squad/Parts/Wheel/roverWheelXL3/mount_n
[LOG 14:12:34.489] Load DDS texture: Squad/Parts/Wheel/roverWheelXL3/wheel
[LOG 14:12:34.489] Load DDS texture: Squad/Parts/Wheel/roverWheelXL3/wheel_n
[LOG 14:12:34.489] Load DDS texture: Squad/Props/AltimeterThreeHands/model000
[LOG 14:12:34.489] Load DDS texture: Squad/Props/AltimeterThreeHands/model001
[LOG 14:12:34.490] Load DDS texture: Squad/Props/AtmosphereDepth/model000
[LOG 14:12:34.490] Load DDS texture: Squad/Props/AtmosphereDepth/model001
[LOG 14:12:34.490] Load DDS texture: Squad/Props/AxisIndicator/model000
[LOG 14:12:34.490] Load DDS texture: Squad/Props/buttonsGeneric/ButtonsAndSwitches
[LOG 14:12:34.490] Load DDS texture: Squad/Props/ButtonSquare/model000
[LOG 14:12:34.491] Load DDS texture: Squad/Props/circularButton/model000
[LOG 14:12:34.491] Load DDS texture: Squad/Props/Compass/model000
[LOG 14:12:34.491] Load DDS texture: Squad/Props/directionalKnob/model000
[LOG 14:12:34.491] Load DDS texture: Squad/Props/directionalKnob2/model000
[LOG 14:12:34.491] Load DDS texture: Squad/Props/IndicatorPanel/model000
[LOG 14:12:34.491] Load DDS texture: Squad/Props/IndicatorPanel/model001
[LOG 14:12:34.491] Load DDS texture: Squad/Props/IVANavBall/Arrows8dir
[LOG 14:12:34.491] Load DDS texture: Squad/Props/IVANavBall/IVANavBall
[LOG 14:12:34.492] Load DDS texture: Squad/Props/IVANavBall/IVANavBall_Glow
[LOG 14:12:34.492] Load DDS texture: Squad/Props/IVANavBall/ManeuverNode_vectors
[LOG 14:12:34.492] Load DDS texture: Squad/Props/IVANavBall/navball2
[LOG 14:12:34.492] Load DDS texture: Squad/Props/IVANavBall/navBall_DV_IVA
[LOG 14:12:34.492] Load DDS texture: Squad/Props/IVANavBall/navBall_vectors_IVA
[LOG 14:12:34.492] Load Cached PNG Texture: Squad/Props/IVANavBallNoBase/Arrows8dir
[LOG 14:12:34.493] Load Cached PNG Texture: Squad/Props/IVANavBallNoBase/IVANavBall
[LOG 14:12:34.496] Load Cached PNG Texture: Squad/Props/IVANavBallNoBase/ManeuverNode_vectors
[LOG 14:12:34.496] Load Cached PNG Texture: Squad/Props/IVANavBallNoBase/navball2
[LOG 14:12:34.496] Load Cached PNG Texture: Squad/Props/IVANavBallNoBase/navBall_DV_IVA
[LOG 14:12:34.499] Load Cached PNG Texture: Squad/Props/IVANavBallNoBase/navBall_vectors_IVA
[LOG 14:12:34.499] Load DDS texture: Squad/Props/ledPanelSpeed/circularButton
[LOG 14:12:34.499] Load DDS texture: Squad/Props/ledPanelSpeed/ledPanel
[LOG 14:12:34.499] Load DDS texture: Squad/Props/Monitor/Emissives
[LOG 14:12:34.499] Load DDS texture: Squad/Props/Monitor/Emissives_glow
[LOG 14:12:34.499] Load DDS texture: Squad/Props/Monitor/Monitor
[LOG 14:12:34.500] Load DDS texture: Squad/Props/NavBall/GaugeGee
[LOG 14:12:34.500] Load DDS texture: Squad/Props/NavBall/GaugeThrottle
[LOG 14:12:34.500] Load DDS texture: Squad/Props/NavBall/model000
[LOG 14:12:34.502] Load DDS texture: Squad/Props/NavBall/model001
[LOG 14:12:34.502] Load DDS texture: Squad/Props/NavBall/model002
[LOG 14:12:34.502] Load DDS texture: Squad/Props/NavBall/model003
[LOG 14:12:34.502] Load DDS texture: Squad/Props/PropsGeneric/propsGeneric
[LOG 14:12:34.504] Load DDS texture: Squad/Props/pullSwitch/model000
[LOG 14:12:34.504] Load DDS texture: Squad/Props/pullSwitch/model001
[LOG 14:12:34.504] Load DDS texture: Squad/Props/radarAltitude/model000
[LOG 14:12:34.504] Load DDS texture: Squad/Props/squareButton/model000
[LOG 14:12:34.505] Load DDS texture: Squad/Props/standingSwitch/model000
[LOG 14:12:34.505] Load DDS texture: Squad/Props/standingSwitch/model001
[LOG 14:12:34.505] Load DDS texture: Squad/Props/switch/model000
[LOG 14:12:34.505] Load DDS texture: Squad/Props/switchGuard/model000
[LOG 14:12:34.505] Load DDS texture: Squad/Props/switchWithGuards/model000
[LOG 14:12:34.505] Load DDS texture: Squad/Props/switchWithGuards/model001
[LOG 14:12:34.505] Load DDS texture: Squad/Props/switchWithGuards/model002
[LOG 14:12:34.506] Load DDS texture: Squad/Props/throttle/model000
[LOG 14:12:34.506] Load DDS texture: Squad/Props/throttle/model001
[LOG 14:12:34.508] Load DDS texture: Squad/Props/VSI/model000
[LOG 14:12:34.508] Load DDS texture: Squad/Spaces/crewCabinInternals/model000
[LOG 14:12:34.508] Load DDS texture: Squad/Spaces/crewCabinInternals/model001
[LOG 14:12:34.513] Load DDS texture: Squad/Spaces/crewCabinInternals/model002
[LOG 14:12:34.514] Load DDS texture: Squad/Spaces/crewCabinInternals/model003
[LOG 14:12:34.514] Load DDS texture: Squad/Spaces/crewCabinInternals/model004
[LOG 14:12:34.516] Load DDS texture: Squad/Spaces/crewCabinInternals/model005
[LOG 14:12:34.516] Load DDS texture: Squad/Spaces/cupolaInternal/ksp_l_cupola_internal_diff
[LOG 14:12:34.520] Load DDS texture: Squad/Spaces/cupolaInternal/ksp_l_cupola_internal_normal
[LOG 14:12:34.527] Load DDS texture: Squad/Spaces/cupolaInternal/ksp_l_cupola_internal_windows_alpha
[LOG 14:12:34.528] Load DDS texture: Squad/Spaces/cupolaInternal/pilot Seat
[LOG 14:12:34.529] Load DDS texture: Squad/Spaces/GenericSpace1/model000
[LOG 14:12:34.530] Load DDS texture: Squad/Spaces/GenericSpace1/model001
[LOG 14:12:34.532] Load DDS texture: Squad/Spaces/GenericSpace1/model002
[LOG 14:12:34.533] Load DDS texture: Squad/Spaces/GenericSpace1/model003
[LOG 14:12:34.534] Load DDS texture: Squad/Spaces/GenericSpace1/model004
[LOG 14:12:34.535] Load DDS texture: Squad/Spaces/GenericSpace1/model005
[LOG 14:12:34.537] Load DDS texture: Squad/Spaces/GenericSpace3/model000
[LOG 14:12:34.537] Load DDS texture: Squad/Spaces/GenericSpace3/model001
[LOG 14:12:34.537] Load DDS texture: Squad/Spaces/GenericSpace3/model002
[LOG 14:12:34.538] Load DDS texture: Squad/Spaces/GenericSpace3/model003
[LOG 14:12:34.541] Load DDS texture: Squad/Spaces/GenericSpace3/model004
[LOG 14:12:34.542] Load DDS texture: Squad/Spaces/GenericSpace3/model005
[LOG 14:12:34.543] Load DDS texture: Squad/Spaces/GenericSpace3/model006
[LOG 14:12:34.543] Load DDS texture: Squad/Spaces/GenericSpace3/model007
[LOG 14:12:34.546] Load DDS texture: Squad/Spaces/landerCabinInternals/model000
[LOG 14:12:34.546] Load DDS texture: Squad/Spaces/landerCabinInternals/model001
[LOG 14:12:34.547] Load DDS texture: Squad/Spaces/landerCabinInternals/model002
[LOG 14:12:34.549] Load DDS texture: Squad/Spaces/landerCabinInternals/model003
[LOG 14:12:34.554] Load DDS texture: Squad/Spaces/landerCabinInternals/model004
[LOG 14:12:34.556] Load DDS texture: Squad/Spaces/landerCabinInternals/model005
[LOG 14:12:34.557] Load DDS texture: Squad/Spaces/landerCabinInternals/model006
[LOG 14:12:34.557] Load DDS texture: Squad/Spaces/landerCabinInternals/model007
[LOG 14:12:34.557] Load DDS texture: Squad/Spaces/landerCabinSmallInternal/ksp_s_landerCan_internal_diff
[LOG 14:12:34.562] Load DDS texture: Squad/Spaces/landerCabinSmallInternal/ksp_s_landerCan_internal_normal
[LOG 14:12:34.569] Load DDS texture: Squad/Spaces/landerCabinSmallInternal/ksp_s_landerCan_internal_window_alpha
[LOG 14:12:34.570] Load DDS texture: Squad/Spaces/landerCabinSmallInternal/pilot Seat
[LOG 14:12:34.572] Load DDS texture: Squad/Spaces/LargeCrewedLabInternals/Glass
[LOG 14:12:34.572] Load DDS texture: Squad/Spaces/LargeCrewedLabInternals/MPL_Int
[LOG 14:12:34.579] Load DDS texture: Squad/Spaces/LargeCrewedLabInternals/MPL_Int_n_NRM
[LOG 14:12:34.579] Load DDS texture: Squad/Spaces/Mk1-3/Mk1_3_IvaProps_Diffuse
[LOG 14:12:34.584] Load DDS texture: Squad/Spaces/Mk1-3/Mk1_3_IvaProps_Normal
[LOG 14:12:34.589] Load DDS texture: Squad/Spaces/Mk1-3/Mk1_3_IvaShell_Diffuse
[LOG 14:12:34.594] Load DDS texture: Squad/Spaces/Mk1-3/Mk1_3_IvaShell_Emissive
[LOG 14:12:34.600] Load DDS texture: Squad/Spaces/Mk1-3/Mk1_3_IvaShell_Normal
[LOG 14:12:34.607] Load DDS texture: Squad/Spaces/Mk1-3/pilot Seat
[LOG 14:12:34.609] Load DDS texture: Squad/Spaces/mk1CabinInternal/Cabin_Lightmap
[LOG 14:12:34.611] Load DDS texture: Squad/Spaces/mk1CabinInternal/CockpitGeneric
[LOG 14:12:34.611] Load DDS texture: Squad/Spaces/mk1CabinInternal/CockpitGeneric_NRM
[LOG 14:12:34.612] Load DDS texture: Squad/Spaces/mk1CockpitInternal/CockpitGeneric
[LOG 14:12:34.612] Load DDS texture: Squad/Spaces/mk1CockpitInternal/CockpitGeneric_NRM
[LOG 14:12:34.612] Load DDS texture: Squad/Spaces/mk1CockpitInternal/IVAMAP
[LOG 14:12:34.612] Load DDS texture: Squad/Spaces/mk1CockpitInternal/Windows
[LOG 14:12:34.612] Load DDS texture: Squad/Spaces/mk1InlineInternal/Canopy
[LOG 14:12:34.613] Load DDS texture: Squad/Spaces/mk1InlineInternal/CockpitGeneric
[LOG 14:12:34.614] Load DDS texture: Squad/Spaces/mk1InlineInternal/CockpitGeneric_NRM
[LOG 14:12:34.614] Load DDS texture: Squad/Spaces/mk1InlineInternal/Mk1Inline_Lightmap
[LOG 14:12:34.614] Load DDS texture: Squad/Spaces/mk1PodCockpit/model000
[LOG 14:12:34.615] Load DDS texture: Squad/Spaces/mk1PodCockpit/model001
[LOG 14:12:34.617] Load DDS texture: Squad/Spaces/mk1PodCockpit/model002
[LOG 14:12:34.618] Load DDS texture: Squad/Spaces/mk1PodCockpit/model003
[LOG 14:12:34.619] Load DDS texture: Squad/Spaces/mk1PodCockpit/model004
[LOG 14:12:34.623] Load DDS texture: Squad/Spaces/mk1PodCockpit/model005
[LOG 14:12:34.623] Load DDS texture: Squad/Spaces/mk1PodCockpit/model006
[LOG 14:12:34.624] Load DDS texture: Squad/Spaces/mk1PodCockpit/model007
[LOG 14:12:34.624] Load DDS texture: Squad/Spaces/mk1pod_IVA/mk1pod_iva_props_diffuse
[LOG 14:12:34.636] Load DDS texture: Squad/Spaces/mk1pod_IVA/mk1pod_iva_props_emissive
[LOG 14:12:34.638] Load DDS texture: Squad/Spaces/mk1pod_IVA/mk1pod_iva_props_normal
[LOG 14:12:34.645] Load DDS texture: Squad/Spaces/mk1pod_IVA/mk1pod_iva_shell_diffuse
[LOG 14:12:34.651] Load DDS texture: Squad/Spaces/mk1pod_IVA/mk1pod_iva_shell_normal
[LOG 14:12:34.658] Load MBM texture: Squad/Spaces/mk1pod_IVA/pilot Seat
[LOG 14:12:34.720] Load DDS texture: Squad/Spaces/mk2CockpitStandardInternal/CargoBagA
[LOG 14:12:34.720] Load DDS texture: Squad/Spaces/mk2CockpitStandardInternal/Mk2StandardIVA
[LOG 14:12:34.721] Load DDS texture: Squad/Spaces/mk2CockpitStandardInternal/Pilotseat
[LOG 14:12:34.721] Load DDS texture: Squad/Spaces/mk2CockpitStandardInternal/Windows
[LOG 14:12:34.721] Load DDS texture: Squad/Spaces/Mk2CrewCabinInternal/CargoBagA
[LOG 14:12:34.721] Load DDS texture: Squad/Spaces/Mk2CrewCabinInternal/Glass
[LOG 14:12:34.721] Load DDS texture: Squad/Spaces/Mk2CrewCabinInternal/Mk2StandardIVA
[LOG 14:12:34.722] Load DDS texture: Squad/Spaces/Mk2CrewCabinInternal/Pilotseat
[LOG 14:12:34.722] Load DDS texture: Squad/Spaces/mk2InlineInternal/CockpitGeneric
[LOG 14:12:34.722] Load DDS texture: Squad/Spaces/mk2InlineInternal/CockpitGeneric_NRM
[LOG 14:12:34.723] Load DDS texture: Squad/Spaces/mk2InlineInternal/Mk2InlineLightmap
[LOG 14:12:34.724] Load DDS texture: Squad/Spaces/mk2InlineInternal/propsGeneric
[LOG 14:12:34.725] Load DDS texture: Squad/Spaces/mk2LanderCanInternal/mk2LanderCan_props_diffuse
[LOG 14:12:34.731] Load DDS texture: Squad/Spaces/mk2LanderCanInternal/mk2LanderCan_props_normal
[LOG 14:12:34.737] Load DDS texture: Squad/Spaces/mk2LanderCanInternal/mk2LanderCan_shell_diffuse
[LOG 14:12:34.744] Load DDS texture: Squad/Spaces/mk2LanderCanInternal/mk2LanderCan_shell_normal
[LOG 14:12:34.755] Load MBM texture: Squad/Spaces/mk2LanderCanInternal/pilot Seat
[LOG 14:12:34.800] Load DDS texture: Squad/Spaces/MK3CockpitInternal/Glass
[LOG 14:12:34.800] Load DDS texture: Squad/Spaces/MK3CockpitInternal/Mk2StandardIVA
[LOG 14:12:34.800] Load DDS texture: Squad/Spaces/MK3_CrewCab_Int/Glass
[LOG 14:12:34.802] Load DDS texture: Squad/Spaces/MK3_CrewCab_Int/GlassMK3CC
[LOG 14:12:34.802] Load DDS texture: Squad/Spaces/MK3_CrewCab_Int/Mk2StandardIVA
[LOG 14:12:34.802] Load DDS texture: Squad/Spaces/MK3_CrewCab_Int/MK3_CrewCab_Int
[LOG 14:12:34.805] Load DDS texture: Squad/Spaces/MK3_CrewCab_Int/MK3_CrewCab_Int_n
[LOG 14:12:34.805] Load DDS texture: Squad/Spaces/MK3_CrewCab_Int/Pilotseat
[LOG 14:12:34.805] Load DDS texture: Squad/Spaces/Placeholder/PlaceholderIVA
[LOG 14:12:34.805] Load DDS texture: Squad/Spaces/PodCockpit/model000
[LOG 14:12:34.805] Load DDS texture: Squad/Spaces/PodCockpit/model001
[LOG 14:12:34.806] Load DDS texture: Squad/Spaces/PodCockpit/model002
[LOG 14:12:34.807] Load DDS texture: Squad/Spaces/PodCockpit/model003
[LOG 14:12:34.808] Load DDS texture: Squad/Spaces/PodCockpit/model004
[LOG 14:12:34.809] Load DDS texture: Squad/Spaces/PodCockpit/model005
[LOG 14:12:34.812] Load DDS texture: Squad/Spaces/PodCockpit/model006
[LOG 14:12:34.813] Load DDS texture: Squad/Spaces/PodCockpit/model007
[LOG 14:12:34.813] Load DDS texture: Squad/Spaces/sharedAssets/CockpitGeneric
[LOG 14:12:34.814] Load DDS texture: Squad/Spaces/sharedAssets/CockpitGeneric_NRM
[LOG 14:12:34.817] Load Cached PNG Texture: Squad/Strategies/Icons/AggressiveNegotiations
[LOG 14:12:34.817] Load Cached PNG Texture: Squad/Strategies/Icons/AppreciationCampaign
[LOG 14:12:34.817] Load Cached PNG Texture: Squad/Strategies/Icons/BailOutGrant
[LOG 14:12:34.817] Load Cached PNG Texture: Squad/Strategies/Icons/FundraisingCampaign
[LOG 14:12:34.817] Load Cached PNG Texture: Squad/Strategies/Icons/LeadershipInitiative
[LOG 14:12:34.817] Load Cached PNG Texture: Squad/Strategies/Icons/OpenSourceTechProgram
[LOG 14:12:34.818] Load Cached PNG Texture: Squad/Strategies/Icons/OutsourcedResearch
[LOG 14:12:34.818] Load Cached PNG Texture: Squad/Strategies/Icons/PatentsLicensing
[LOG 14:12:34.818] Load Cached PNG Texture: Squad/Strategies/Icons/RecoveryTransponderFitting
[LOG 14:12:34.818] Load Cached PNG Texture: Squad/Strategies/Icons/ResearchRightsSellOut
[LOG 14:12:34.818] Load Cached PNG Texture: Squad/Strategies/Icons/UnpaidResearchProgram
[LOG 14:12:34.818] Load Cached PNG Texture: Squad/Tutorials/ChuteColors
[LOG 14:12:34.818] Load DDS texture: Squad/Tutorials/EditorCoM
[LOG 14:12:34.818] Load Cached PNG Texture: Squad/Tutorials/EditorSnap
[LOG 14:12:34.818] Load Cached PNG Texture: Squad/Tutorials/EditorSnap4x
[LOG 14:12:34.818] Load Cached PNG Texture: Squad/Tutorials/EditorSymm
[LOG 14:12:34.818] Load Cached PNG Texture: Squad/Tutorials/StagingStack
[LOG 14:12:34.818] Load PNG texture: Squad/Tutorials/YPRDiagram
[WRN 14:12:34.819] Texture isn't eligible for DXT compression, width and height must be multiples of 4
[LOG 14:12:34.819] Load Cached PNG Texture: SquadExpansion/MakingHistory/Banners/Fail/default
[LOG 14:12:34.820] Load Cached PNG Texture: SquadExpansion/MakingHistory/Banners/Fail/fail01
[LOG 14:12:34.820] Load Cached PNG Texture: SquadExpansion/MakingHistory/Banners/Fail/fail02
[LOG 14:12:34.820] Load PNG texture: SquadExpansion/MakingHistory/Banners/Menu/default
[WRN 14:12:34.823] Texture isn't eligible for DXT compression, width and height must be multiples of 4
[LOG 14:12:34.823] Load PNG texture: SquadExpansion/MakingHistory/Banners/Menu/MBanner_01
[WRN 14:12:34.827] Texture isn't eligible for DXT compression, width and height must be multiples of 4
[LOG 14:12:34.827] Load PNG texture: SquadExpansion/MakingHistory/Banners/Menu/MBanner_02
[WRN 14:12:34.831] Texture isn't eligible for DXT compression, width and height must be multiples of 4
[LOG 14:12:34.831] Load PNG texture: SquadExpansion/MakingHistory/Banners/Menu/MBanner_03
[WRN 14:12:34.835] Texture isn't eligible for DXT compression, width and height must be multiples of 4
[LOG 14:12:34.836] Load Cached PNG Texture: SquadExpansion/MakingHistory/Banners/Success/default
[LOG 14:12:34.836] Load Cached PNG Texture: SquadExpansion/MakingHistory/Banners/Success/success01
[LOG 14:12:34.836] Load Cached PNG Texture: SquadExpansion/MakingHistory/Banners/Success/success02
[LOG 14:12:34.836] Load Cached PNG Texture: SquadExpansion/MakingHistory/Missions/Acapello 13/Banners/Fail/fail01
[LOG 14:12:34.836] Load PNG texture: SquadExpansion/MakingHistory/Missions/Acapello 13/Banners/Menu/Mun
[WRN 14:12:34.845] Texture isn't eligible for DXT compression, width and height must be multiples of 4
[LOG 14:12:34.845] Load Cached PNG Texture: SquadExpansion/MakingHistory/Missions/Acapello 13/Banners/Success/success01
[LOG 14:12:34.845] Load Cached PNG Texture: SquadExpansion/MakingHistory/Missions/Acapello 15/Banners/Fail/default
[LOG 14:12:34.845] Load Cached PNG Texture: SquadExpansion/MakingHistory/Missions/Acapello 15/Banners/Fail/fail02
[LOG 14:12:34.845] Load PNG texture: SquadExpansion/MakingHistory/Missions/Acapello 15/Banners/Menu/default
[WRN 14:12:34.848] Texture isn't eligible for DXT compression, width and height must be multiples of 4
[LOG 14:12:34.848] Load Cached PNG Texture: SquadExpansion/MakingHistory/Missions/Acapello 15/Banners/Success/default
[LOG 14:12:34.849] Load Cached PNG Texture: SquadExpansion/MakingHistory/Missions/Blue Mun/Banners/Fail/fail01
[LOG 14:12:34.849] Load PNG texture: SquadExpansion/MakingHistory/Missions/Blue Mun/Banners/Menu/default
[WRN 14:12:34.852] Texture isn't eligible for DXT compression, width and height must be multiples of 4
[LOG 14:12:34.852] Load Cached PNG Texture: SquadExpansion/MakingHistory/Missions/Blue Mun/Banners/Success/success02
[LOG 14:12:34.852] Load Cached PNG Texture: SquadExpansion/MakingHistory/Missions/Dawn of the Space Age/Banners/Fail/default
[LOG 14:12:34.852] Load PNG texture: SquadExpansion/MakingHistory/Missions/Dawn of the Space Age/Banners/Menu/default
[WRN 14:12:34.859] Texture isn't eligible for DXT compression, width and height must be multiples of 4
[LOG 14:12:34.859] Load Cached PNG Texture: SquadExpansion/MakingHistory/Missions/Dawn of the Space Age/Banners/Success/default
[LOG 14:12:34.859] Load Cached PNG Texture: SquadExpansion/MakingHistory/Missions/Meet Me in Zero G/Banners/Fail/default
[LOG 14:12:34.859] Load Cached PNG Texture: SquadExpansion/MakingHistory/Missions/Meet Me in Zero G/Banners/Fail/fail01
[LOG 14:12:34.859] Load PNG texture: SquadExpansion/MakingHistory/Missions/Meet Me in Zero G/Banners/Menu/default
[WRN 14:12:34.863] Texture isn't eligible for DXT compression, width and height must be multiples of 4
[LOG 14:12:34.863] Load Cached PNG Texture: SquadExpansion/MakingHistory/Missions/Meet Me in Zero G/Banners/Success/default
[LOG 14:12:34.863] Load Cached PNG Texture: SquadExpansion/MakingHistory/Missions/Meet Me in Zero G/Banners/Success/success02
[LOG 14:12:34.863] Load Cached PNG Texture: SquadExpansion/MakingHistory/Missions/Munar 1/Banners/Fail/default
[LOG 14:12:34.863] Load Cached PNG Texture: SquadExpansion/MakingHistory/Missions/Munar 1/Banners/Fail/fail02
[LOG 14:12:34.865] Load PNG texture: SquadExpansion/MakingHistory/Missions/Munar 1/Banners/Menu/default
[WRN 14:12:34.867] Texture isn't eligible for DXT compression, width and height must be multiples of 4
[LOG 14:12:34.867] Load Cached PNG Texture: SquadExpansion/MakingHistory/Missions/Munar 1/Banners/Success/default
[LOG 14:12:34.868] Load Cached PNG Texture: SquadExpansion/MakingHistory/Missions/Munar 1/Banners/Success/success01
[LOG 14:12:34.868] Load Cached PNG Texture: SquadExpansion/MakingHistory/Missions/Sally-Hut 1/Banners/Fail/default
[LOG 14:12:34.868] Load Cached PNG Texture: SquadExpansion/MakingHistory/Missions/Sally-Hut 1/Banners/Fail/fail01
[LOG 14:12:34.869] Load Cached PNG Texture: SquadExpansion/MakingHistory/Missions/Sally-Hut 1/Banners/Menu/bannerSatellite
[LOG 14:12:34.870] Load Cached PNG Texture: SquadExpansion/MakingHistory/Missions/Sally-Hut 1/Banners/Success/default
[LOG 14:12:34.870] Load Cached PNG Texture: SquadExpansion/MakingHistory/Missions/Sally-Hut 1/Banners/Success/success02
[LOG 14:12:34.870] Load Cached PNG Texture: SquadExpansion/MakingHistory/Missions/To the Mun Via Minmus/Banners/Fail/fail02
[LOG 14:12:34.870] Load PNG texture: SquadExpansion/MakingHistory/Missions/To the Mun Via Minmus/Banners/Menu/MissionBannerKerbin
[WRN 14:12:34.873] Texture isn't eligible for DXT compression, width and height must be multiples of 4
[LOG 14:12:34.873] Load Cached PNG Texture: SquadExpansion/MakingHistory/Missions/To the Mun Via Minmus/Banners/Success/success01
[LOG 14:12:34.874] Load Cached PNG Texture: SquadExpansion/MakingHistory/Missions/Trouble in the Void/Banners/Fail/fail01
[LOG 14:12:34.874] Load PNG texture: SquadExpansion/MakingHistory/Missions/Trouble in the Void/Banners/Menu/default
[WRN 14:12:34.876] Texture isn't eligible for DXT compression, width and height must be multiples of 4
[LOG 14:12:34.876] Load Cached PNG Texture: SquadExpansion/MakingHistory/Missions/Trouble in the Void/Banners/Success/success02
[LOG 14:12:34.876] Load Cached PNG Texture: SquadExpansion/MakingHistory/Missions/Ziggy Kerman and the Spiders from Duna/Banners/Fail/fail02
[LOG 14:12:34.876] Load Cached PNG Texture: SquadExpansion/MakingHistory/Missions/Ziggy Kerman and the Spiders from Duna/Banners/Menu/bannerSatellite
[LOG 14:12:34.877] Load Cached PNG Texture: SquadExpansion/MakingHistory/Missions/Ziggy Kerman and the Spiders from Duna/Banners/Success/success01
[LOG 14:12:34.877] Load Cached PNG Texture: SquadExpansion/MakingHistory/Parts/@thumbs/Decoupler.1p5_icon0
[LOG 14:12:34.877] Load Cached PNG Texture: SquadExpansion/MakingHistory/Parts/@thumbs/Decoupler.1p5_icon1
[LOG 14:12:34.877] Load Cached PNG Texture: SquadExpansion/MakingHistory/Parts/@thumbs/EquiTriangle0_icon0
[LOG 14:12:34.877] Load Cached PNG Texture: SquadExpansion/MakingHistory/Parts/@thumbs/EquiTriangle0_icon1
[LOG 14:12:34.877] Load Cached PNG Texture: SquadExpansion/MakingHistory/Parts/@thumbs/EquiTriangle0_icon2
[LOG 14:12:34.877] Load Cached PNG Texture: SquadExpansion/MakingHistory/Parts/@thumbs/EquiTriangle0_icon3
[LOG 14:12:34.877] Load Cached PNG Texture: SquadExpansion/MakingHistory/Parts/@thumbs/EquiTriangle1p5_icon0
[LOG 14:12:34.877] Load Cached PNG Texture: SquadExpansion/MakingHistory/Parts/@thumbs/EquiTriangle1p5_icon1
[LOG 14:12:34.877] Load Cached PNG Texture: SquadExpansion/MakingHistory/Parts/@thumbs/EquiTriangle1p5_icon2
[LOG 14:12:34.877] Load Cached PNG Texture: SquadExpansion/MakingHistory/Parts/@thumbs/EquiTriangle1p5_icon3
[LOG 14:12:34.877] Load Cached PNG Texture: SquadExpansion/MakingHistory/Parts/@thumbs/EquiTriangle1_icon0
[LOG 14:12:34.878] Load Cached PNG Texture: SquadExpansion/MakingHistory/Parts/@thumbs/EquiTriangle1_icon1
[LOG 14:12:34.878] Load Cached PNG Texture: SquadExpansion/MakingHistory/Parts/@thumbs/EquiTriangle1_icon2
[LOG 14:12:34.878] Load Cached PNG Texture: SquadExpansion/MakingHistory/Parts/@thumbs/EquiTriangle1_icon3
[LOG 14:12:34.878] Load Cached PNG Texture: SquadExpansion/MakingHistory/Parts/@thumbs/EquiTriangle2_icon0
[LOG 14:12:34.878] Load Cached PNG Texture: SquadExpansion/MakingHistory/Parts/@thumbs/EquiTriangle2_icon1
[LOG 14:12:34.878] Load Cached PNG Texture: SquadExpansion/MakingHistory/Parts/@thumbs/EquiTriangle2_icon2
[LOG 14:12:34.878] Load Cached PNG Texture: SquadExpansion/MakingHistory/Parts/@thumbs/EquiTriangle2_icon3
[LOG 14:12:34.878] Load Cached PNG Texture: SquadExpansion/MakingHistory/Parts/@thumbs/HeatShield1p5_icon
[LOG 14:12:34.878] Load Cached PNG Texture: SquadExpansion/MakingHistory/Parts/@thumbs/InflatableAirlock_icon
[LOG 14:12:34.878] Load Cached PNG Texture: SquadExpansion/MakingHistory/Parts/@thumbs/LiquidEngineRV-1_icon
[LOG 14:12:34.878] Load Cached PNG Texture: SquadExpansion/MakingHistory/Parts/@thumbs/monopropMiniSphere_icon
[LOG 14:12:34.879] Load Cached PNG Texture: SquadExpansion/MakingHistory/Parts/@thumbs/Panel0_icon0
[LOG 14:12:34.879] Load Cached PNG Texture: SquadExpansion/MakingHistory/Parts/@thumbs/Panel0_icon1
[LOG 14:12:34.879] Load Cached PNG Texture: SquadExpansion/MakingHistory/Parts/@thumbs/Panel0_icon2
[LOG 14:12:34.879] Load Cached PNG Texture: SquadExpansion/MakingHistory/Parts/@thumbs/Panel0_icon3
[LOG 14:12:34.879] Load Cached PNG Texture: SquadExpansion/MakingHistory/Parts/@thumbs/Panel1p5_icon0
[LOG 14:12:34.879] Load Cached PNG Texture: SquadExpansion/MakingHistory/Parts/@thumbs/Panel1p5_icon1
[LOG 14:12:34.879] Load Cached PNG Texture: SquadExpansion/MakingHistory/Parts/@thumbs/Panel1p5_icon2
[LOG 14:12:34.879] Load Cached PNG Texture: SquadExpansion/MakingHistory/Parts/@thumbs/Panel1p5_icon3
[LOG 14:12:34.879] Load Cached PNG Texture: SquadExpansion/MakingHistory/Parts/@thumbs/Panel1_icon0
[LOG 14:12:34.879] Load Cached PNG Texture: SquadExpansion/MakingHistory/Parts/@thumbs/Panel1_icon1
[LOG 14:12:34.879] Load Cached PNG Texture: SquadExpansion/MakingHistory/Parts/@thumbs/Panel1_icon2
[LOG 14:12:34.879] Load Cached PNG Texture: SquadExpansion/MakingHistory/Parts/@thumbs/Panel1_icon3
[LOG 14:12:34.879] Load Cached PNG Texture: SquadExpansion/MakingHistory/Parts/@thumbs/roverWheelM1-F_icon0
[LOG 14:12:34.880] Load Cached PNG Texture: SquadExpansion/MakingHistory/Parts/@thumbs/roverWheelM1-F_icon1
[LOG 14:12:34.880] Load Cached PNG Texture: SquadExpansion/MakingHistory/Parts/@thumbs/Separator.1p5_icon0
[LOG 14:12:34.880] Load Cached PNG Texture: SquadExpansion/MakingHistory/Parts/@thumbs/Separator.1p5_icon1
[LOG 14:12:34.880] Load Cached PNG Texture: SquadExpansion/MakingHistory/Parts/@thumbs/Size1p5.Strut.Decoupler_icon0
[LOG 14:12:34.880] Load Cached PNG Texture: SquadExpansion/MakingHistory/Parts/@thumbs/Size1p5.Strut.Decoupler_icon1
[LOG 14:12:34.880] Load Cached PNG Texture: SquadExpansion/MakingHistory/Parts/@thumbs/Size1to0ServiceModule_icon
[LOG 14:12:34.880] Load Cached PNG Texture: SquadExpansion/MakingHistory/Parts/@thumbs/Triangle0_icon0
[LOG 14:12:34.880] Load Cached PNG Texture: SquadExpansion/MakingHistory/Parts/@thumbs/Triangle0_icon1
[LOG 14:12:34.880] Load Cached PNG Texture: SquadExpansion/MakingHistory/Parts/@thumbs/Triangle0_icon2
[LOG 14:12:34.880] Load Cached PNG Texture: SquadExpansion/MakingHistory/Parts/@thumbs/Triangle0_icon3
[LOG 14:12:34.880] Load Cached PNG Texture: SquadExpansion/MakingHistory/Parts/@thumbs/Triangle1p5_icon0
[LOG 14:12:34.880] Load Cached PNG Texture: SquadExpansion/MakingHistory/Parts/@thumbs/Triangle1p5_icon1
[LOG 14:12:34.881] Load Cached PNG Texture: SquadExpansion/MakingHistory/Parts/@thumbs/Triangle1p5_icon2
[LOG 14:12:34.881] Load Cached PNG Texture: SquadExpansion/MakingHistory/Parts/@thumbs/Triangle1p5_icon3
[LOG 14:12:34.881] Load Cached PNG Texture: SquadExpansion/MakingHistory/Parts/@thumbs/Triangle1_icon0
[LOG 14:12:34.881] Load Cached PNG Texture: SquadExpansion/MakingHistory/Parts/@thumbs/Triangle1_icon1
[LOG 14:12:34.881] Load Cached PNG Texture: SquadExpansion/MakingHistory/Parts/@thumbs/Triangle1_icon2
[LOG 14:12:34.881] Load Cached PNG Texture: SquadExpansion/MakingHistory/Parts/@thumbs/Triangle1_icon3
[LOG 14:12:34.881] Load Cached PNG Texture: SquadExpansion/MakingHistory/Parts/@thumbs/Triangle2_icon0
[LOG 14:12:34.881] Load Cached PNG Texture: SquadExpansion/MakingHistory/Parts/@thumbs/Triangle2_icon1
[LOG 14:12:34.881] Load Cached PNG Texture: SquadExpansion/MakingHistory/Parts/@thumbs/Triangle2_icon2
[LOG 14:12:34.881] Load Cached PNG Texture: SquadExpansion/MakingHistory/Parts/@thumbs/Triangle2_icon3
[LOG 14:12:34.881] Load Cached PNG Texture: SquadExpansion/MakingHistory/Parts/@thumbs/Tube1_icon0
[LOG 14:12:34.881] Load Cached PNG Texture: SquadExpansion/MakingHistory/Parts/@thumbs/Tube1_icon1
[LOG 14:12:34.882] Load Cached PNG Texture: SquadExpansion/MakingHistory/Parts/@thumbs/Tube1_icon2
[LOG 14:12:34.882] Load Cached PNG Texture: SquadExpansion/MakingHistory/Parts/@thumbs/Tube1_icon3
[LOG 14:12:34.882] Load Cached PNG Texture: SquadExpansion/MakingHistory/Parts/@thumbs/Tube1_icon4
[LOG 14:12:34.882] Load Cached PNG Texture: SquadExpansion/MakingHistory/Parts/Aero/protectiveRocketNoseMk5A/s1p5_cone
[LOG 14:12:34.882] Load Cached PNG Texture: SquadExpansion/MakingHistory/Parts/Aero/protectiveRocketNoseMk5A/s1p5_cone_Orange
[LOG 14:12:34.883] Load DDS texture: SquadExpansion/MakingHistory/Parts/Coupling/Assets/airlock
[LOG 14:12:34.884] Load DDS texture: SquadExpansion/MakingHistory/Parts/Coupling/Assets/airlock_N
[LOG 14:12:34.884] Load DDS texture: SquadExpansion/MakingHistory/Parts/Coupling/Assets/EnginePlate
[LOG 14:12:34.885] Load DDS texture: SquadExpansion/MakingHistory/Parts/Coupling/Assets/Size1_5_Decoupler_grey
[LOG 14:12:34.885] Load DDS texture: SquadExpansion/MakingHistory/Parts/Coupling/Assets/Size1_5_Decoupler_orange
[LOG 14:12:34.885] Load DDS texture: SquadExpansion/MakingHistory/Parts/Engine/Assets/KE-1
[LOG 14:12:34.887] Load DDS texture: SquadExpansion/MakingHistory/Parts/Engine/Assets/KE-1_BASE
[LOG 14:12:34.888] Load DDS texture: SquadExpansion/MakingHistory/Parts/Engine/Assets/LV-T87
[LOG 14:12:34.889] Load DDS texture: SquadExpansion/MakingHistory/Parts/Engine/Assets/LV-T91
[LOG 14:12:34.890] Load DDS texture: SquadExpansion/MakingHistory/Parts/Engine/Assets/RE-I2
[LOG 14:12:34.893] Load DDS texture: SquadExpansion/MakingHistory/Parts/Engine/Assets/RE-J10
[LOG 14:12:34.896] Load DDS texture: SquadExpansion/MakingHistory/Parts/Engine/Assets/RE-J10_N
[LOG 14:12:34.898] Load DDS texture: SquadExpansion/MakingHistory/Parts/Engine/Assets/RK-7
[LOG 14:12:34.901] Load DDS texture: SquadExpansion/MakingHistory/Parts/Engine/Assets/RK-7_N
[LOG 14:12:34.903] Load DDS texture: SquadExpansion/MakingHistory/Parts/Engine/solidBoosterTHK/SolidBoosterS2-17_emissive
[LOG 14:12:34.909] Load DDS texture: SquadExpansion/MakingHistory/Parts/Engine/solidBoosterTHK/solidBoosterTHK_diffuse
[LOG 14:12:34.915] Load DDS texture: SquadExpansion/MakingHistory/Parts/FuelTank/Assets/Size1p5_02
[LOG 14:12:34.917] Load DDS texture: SquadExpansion/MakingHistory/Parts/FuelTank/Assets/Size1p5_02_ALT01
[LOG 14:12:34.919] Load DDS texture: SquadExpansion/MakingHistory/Parts/FuelTank/Assets/Size1p5_02_ALT02
[LOG 14:12:34.921] Load DDS texture: SquadExpansion/MakingHistory/Parts/FuelTank/Assets/Size1p5_02_ALT02_normal
[LOG 14:12:34.924] Load DDS texture: SquadExpansion/MakingHistory/Parts/FuelTank/Assets/Size1p5_mono
[LOG 14:12:34.925] Load DDS texture: SquadExpansion/MakingHistory/Parts/FuelTank/Assets/Size1p5_mono_2
[LOG 14:12:34.926] Load DDS texture: SquadExpansion/MakingHistory/Parts/FuelTank/Assets/Size1p5_mono_N
[LOG 14:12:34.927] Load DDS texture: SquadExpansion/MakingHistory/Parts/FuelTank/Assets/Size1_5_TankAdapters
[LOG 14:12:34.928] Load DDS texture: SquadExpansion/MakingHistory/Parts/FuelTank/Assets/Size1_5_TankAdapters_ALT01
[LOG 14:12:34.930] Load DDS texture: SquadExpansion/MakingHistory/Parts/FuelTank/Assets/Size1_5_TankAdapters_ALT02
[LOG 14:12:34.931] Load DDS texture: SquadExpansion/MakingHistory/Parts/FuelTank/Assets/Size1_5_TankAdapters_ALT02nm
[LOG 14:12:34.932] Load DDS texture: SquadExpansion/MakingHistory/Parts/FuelTank/Assets/Size1_5_TankAdapters_N
[LOG 14:12:34.933] Load DDS texture: SquadExpansion/MakingHistory/Parts/FuelTank/Assets/Size1_5_Tanks
[LOG 14:12:34.934] Load DDS texture: SquadExpansion/MakingHistory/Parts/FuelTank/Assets/Size1_5_Tanks_ALT02
[LOG 14:12:34.938] Load DDS texture: SquadExpansion/MakingHistory/Parts/FuelTank/Assets/Size1_5_Tanks_ALT02_nm
[LOG 14:12:34.939] Load DDS texture: SquadExpansion/MakingHistory/Parts/FuelTank/Assets/Size1_5_Tanks_grey
[LOG 14:12:34.940] Load DDS texture: SquadExpansion/MakingHistory/Parts/FuelTank/Assets/Size4_Tanks
[LOG 14:12:34.947] Load DDS texture: SquadExpansion/MakingHistory/Parts/FuelTank/Assets/Size4_Tanks_N
[LOG 14:12:34.953] Load DDS texture: SquadExpansion/MakingHistory/Parts/Ground/Assets/RoverWheel
[LOG 14:12:34.954] Load DDS texture: SquadExpansion/MakingHistory/Parts/Ground/Assets/RoverWheelG
[LOG 14:12:34.954] Load DDS texture: SquadExpansion/MakingHistory/Parts/Payload/Assets/Size1to0ServiceBay
[LOG 14:12:34.955] Load DDS texture: SquadExpansion/MakingHistory/Parts/Payload/Assets/Size1to0ServiceBay_n
[LOG 14:12:34.957] Load DDS texture: SquadExpansion/MakingHistory/Parts/Payload/Assets/SM18_diffuse
[LOG 14:12:34.962] Load Cached PNG Texture: SquadExpansion/MakingHistory/Parts/Payload/Assets/SM18_NRM
[LOG 14:12:34.977] Load DDS texture: SquadExpansion/MakingHistory/Parts/Payload/Assets/SM18_specular
[LOG 14:12:34.981] Load DDS texture: SquadExpansion/MakingHistory/Parts/Payload/Assets/SM25_diffuse
[LOG 14:12:34.983] Load DDS texture: SquadExpansion/MakingHistory/Parts/Payload/Assets/SM25_normals
[LOG 14:12:34.984] Load DDS texture: SquadExpansion/MakingHistory/Parts/Pods/Assets/KV1
[LOG 14:12:34.985] Load DDS texture: SquadExpansion/MakingHistory/Parts/Pods/Assets/KV1_GLOW
[LOG 14:12:34.986] Load DDS texture: SquadExpansion/MakingHistory/Parts/Pods/Assets/KV2
[LOG 14:12:34.988] Load DDS texture: SquadExpansion/MakingHistory/Parts/Pods/Assets/KV3
[LOG 14:12:34.989] Load DDS texture: SquadExpansion/MakingHistory/Parts/Pods/Assets/Mk2Pod
[LOG 14:12:34.990] Load DDS texture: SquadExpansion/MakingHistory/Parts/Pods/Assets/Mk2Pod_GLOW
[LOG 14:12:34.991] Load DDS texture: SquadExpansion/MakingHistory/Parts/Pods/Assets/Mk2Pod_n
[LOG 14:12:34.992] Load DDS texture: SquadExpansion/MakingHistory/Parts/Pods/Assets/Size1_5_Lander
[LOG 14:12:34.993] Load DDS texture: SquadExpansion/MakingHistory/Parts/Pods/Assets/Size1_5_Lander_GLOW
[LOG 14:12:34.994] Load DDS texture: SquadExpansion/MakingHistory/Parts/SharedAssets/Shrouds
[LOG 14:12:34.997] Load DDS texture: SquadExpansion/MakingHistory/Parts/SharedAssets/Shrouds_N
[LOG 14:12:34.998] Load DDS texture: SquadExpansion/MakingHistory/Parts/Structural/Assets/NormalMap
[LOG 14:12:35.002] Load DDS texture: SquadExpansion/MakingHistory/Parts/Structural/Assets/Panels
[LOG 14:12:35.004] Load DDS texture: SquadExpansion/MakingHistory/Parts/Structural/Assets/Panels_Dark_D
[LOG 14:12:35.012] Load DDS texture: SquadExpansion/MakingHistory/Parts/Structural/Assets/Panels_Gold_D
[LOG 14:12:35.015] Load Cached PNG Texture: SquadExpansion/MakingHistory/Parts/Structural/Assets/Panels_Gold_NRM
[LOG 14:12:35.019] Load DDS texture: SquadExpansion/MakingHistory/Parts/Structural/Assets/Panels_Gold_S
[LOG 14:12:35.022] Load DDS texture: SquadExpansion/MakingHistory/Parts/Structural/Assets/Panels_Silver_D
[LOG 14:12:35.025] Load DDS texture: SquadExpansion/MakingHistory/Parts/Structural/Assets/Panels_Silver_S
[LOG 14:12:35.028] Load Cached PNG Texture: SquadExpansion/MakingHistory/Ships/@thumbs/VAB/Acapello
[LOG 14:12:35.032] Load Cached PNG Texture: SquadExpansion/MakingHistory/Ships/@thumbs/VAB/Beta Centaurus
[LOG 14:12:35.032] Load Cached PNG Texture: SquadExpansion/MakingHistory/Ships/@thumbs/VAB/Goliath II HLV
[LOG 14:12:35.032] Load Cached PNG Texture: SquadExpansion/MakingHistory/Ships/@thumbs/VAB/Muna 1
[LOG 14:12:35.032] Load Cached PNG Texture: SquadExpansion/MakingHistory/Ships/@thumbs/VAB/Sally-Hut 1
[LOG 14:12:35.032] Load Cached PNG Texture: SquadExpansion/MakingHistory/Ships/@thumbs/VAB/SWM-94 Communications Satellite
[LOG 14:12:35.032] Load Cached PNG Texture: SquadExpansion/MakingHistory/Ships/@thumbs/VAB/Valshkod 2
[LOG 14:12:35.037] Load DDS texture: SquadExpansion/MakingHistory/Spaces/KVPods/airlock
[LOG 14:12:35.037] Load DDS texture: SquadExpansion/MakingHistory/Spaces/KVPods/airlock_N
[LOG 14:12:35.037] Load DDS texture: SquadExpansion/MakingHistory/Spaces/KVPods/KV1_Props_Diffuse
[LOG 14:12:35.049] Load DDS texture: SquadExpansion/MakingHistory/Spaces/KVPods/KV1_Props_Normal
[LOG 14:12:35.056] Load DDS texture: SquadExpansion/MakingHistory/Spaces/KVPods/KV1_Shell_Diffuse
[LOG 14:12:35.062] Load DDS texture: SquadExpansion/MakingHistory/Spaces/KVPods/KV1_Shell_Emissive
[LOG 14:12:35.066] Load DDS texture: SquadExpansion/MakingHistory/Spaces/KVPods/KV1_Shell_Normal
[LOG 14:12:35.072] Load DDS texture: SquadExpansion/MakingHistory/Spaces/KVPods/KV1_Vzor_Diffuse
[LOG 14:12:35.074] Load DDS texture: SquadExpansion/MakingHistory/Spaces/KVPods/KV2_Props_Diffuse
[LOG 14:12:35.078] Load DDS texture: SquadExpansion/MakingHistory/Spaces/KVPods/KV2_Props_Emissive
[LOG 14:12:35.086] Load DDS texture: SquadExpansion/MakingHistory/Spaces/KVPods/KV2_Props_Normal
[LOG 14:12:35.092] Load DDS texture: SquadExpansion/MakingHistory/Spaces/KVPods/KV2_Shell_Diffuse
[LOG 14:12:35.098] Load DDS texture: SquadExpansion/MakingHistory/Spaces/KVPods/KV2_Shell_Normal
[LOG 14:12:35.104] Load DDS texture: SquadExpansion/MakingHistory/Spaces/KVPods/KV3_Props_Diffuse
[LOG 14:12:35.109] Load DDS texture: SquadExpansion/MakingHistory/Spaces/KVPods/KV3_Props_Normal
[LOG 14:12:35.113] Load DDS texture: SquadExpansion/MakingHistory/Spaces/KVPods/KV3_Shell_Diffuse
[LOG 14:12:35.119] Load DDS texture: SquadExpansion/MakingHistory/Spaces/KVPods/KV3_Shell_Normal
[LOG 14:12:35.123] Load DDS texture: SquadExpansion/MakingHistory/Spaces/KVPods/motor
[LOG 14:12:35.124] Load DDS texture: SquadExpansion/MakingHistory/Spaces/KVPods/pilot Seat
[LOG 14:12:35.125] Load DDS texture: SquadExpansion/MakingHistory/Spaces/MEM/PANELS_AO
[LOG 14:12:35.129] Load DDS texture: SquadExpansion/MakingHistory/Spaces/MEM/PANELS_EMISSIVE
[LOG 14:12:35.134] Load DDS texture: SquadExpansion/MakingHistory/Spaces/MEM/PANELS_NORMAL
[LOG 14:12:35.145] Load DDS texture: SquadExpansion/MakingHistory/Spaces/MEM/pilot Seat
[LOG 14:12:35.147] Load DDS texture: SquadExpansion/MakingHistory/Spaces/MEM/propsGeneric
[LOG 14:12:35.148] Load DDS texture: SquadExpansion/MakingHistory/Spaces/MEM/PROPS_AO
[LOG 14:12:35.154] Load DDS texture: SquadExpansion/MakingHistory/Spaces/MEM/PROPS_EMISSIVE
[LOG 14:12:35.154] Load DDS texture: SquadExpansion/MakingHistory/Spaces/MEM/PROPS_NORMAL
[LOG 14:12:35.158] Load DDS texture: SquadExpansion/MakingHistory/Spaces/Mk2Pod/DIfuse_controlboard
[LOG 14:12:35.164] Load DDS texture: SquadExpansion/MakingHistory/Spaces/Mk2Pod/Normal_controlbard
[LOG 14:12:35.170] Load DDS texture: SquadExpansion/MakingHistory/Spaces/Mk2Pod/Outershell_Base_Color
[LOG 14:12:35.176] Load DDS texture: SquadExpansion/MakingHistory/Spaces/Mk2Pod/Outershell_Normal
[LOG 14:12:35.209] Load DDS texture: SquadExpansion/MakingHistory/Spaces/Mk2Pod/pilot Seat
[LOG 14:12:35.211] Load Cached PNG Texture: SquadExpansion/Serenity/Parts/@thumbs/controller1000_icon
[LOG 14:12:35.211] Load Cached PNG Texture: SquadExpansion/Serenity/Parts/@thumbs/DeployedCentralStation_icon
[LOG 14:12:35.211] Load Cached PNG Texture: SquadExpansion/Serenity/Parts/@thumbs/DeployedGoExOb_icon
[LOG 14:12:35.211] Load Cached PNG Texture: SquadExpansion/Serenity/Parts/@thumbs/DeployedIONExp_icon
[LOG 14:12:35.211] Load Cached PNG Texture: SquadExpansion/Serenity/Parts/@thumbs/DeployedRTG_icon
[LOG 14:12:35.212] Load Cached PNG Texture: SquadExpansion/Serenity/Parts/@thumbs/DeployedSatDish_icon
[LOG 14:12:35.212] Load Cached PNG Texture: SquadExpansion/Serenity/Parts/@thumbs/DeployedSeismicSensor_icon
[LOG 14:12:35.212] Load Cached PNG Texture: SquadExpansion/Serenity/Parts/@thumbs/DeployedSolarPanel_icon
[LOG 14:12:35.212] Load Cached PNG Texture: SquadExpansion/Serenity/Parts/@thumbs/DeployedWeatherStn_icon
[LOG 14:12:35.212] Load Cached PNG Texture: SquadExpansion/Serenity/Parts/@thumbs/FanShroud.01_icon0
[LOG 14:12:35.212] Load Cached PNG Texture: SquadExpansion/Serenity/Parts/@thumbs/FanShroud.01_icon1
[LOG 14:12:35.212] Load Cached PNG Texture: SquadExpansion/Serenity/Parts/@thumbs/FanShroud.02_icon0
[LOG 14:12:35.212] Load Cached PNG Texture: SquadExpansion/Serenity/Parts/@thumbs/FanShroud.02_icon1
[LOG 14:12:35.212] Load Cached PNG Texture: SquadExpansion/Serenity/Parts/@thumbs/hinge.01.s_icon0
[LOG 14:12:35.212] Load Cached PNG Texture: SquadExpansion/Serenity/Parts/@thumbs/hinge.01.s_icon1
[LOG 14:12:35.213] Load Cached PNG Texture: SquadExpansion/Serenity/Parts/@thumbs/hinge.01_icon0
[LOG 14:12:35.213] Load Cached PNG Texture: SquadExpansion/Serenity/Parts/@thumbs/hinge.01_icon1
[LOG 14:12:35.213] Load Cached PNG Texture: SquadExpansion/Serenity/Parts/@thumbs/hinge.03.s_icon0
[LOG 14:12:35.213] Load Cached PNG Texture: SquadExpansion/Serenity/Parts/@thumbs/hinge.03.s_icon1
[LOG 14:12:35.213] Load Cached PNG Texture: SquadExpansion/Serenity/Parts/@thumbs/hinge.03_icon0
[LOG 14:12:35.213] Load Cached PNG Texture: SquadExpansion/Serenity/Parts/@thumbs/hinge.03_icon1
[LOG 14:12:35.213] Load Cached PNG Texture: SquadExpansion/Serenity/Parts/@thumbs/largeFanBlade_icon0
[LOG 14:12:35.213] Load Cached PNG Texture: SquadExpansion/Serenity/Parts/@thumbs/largeFanBlade_icon1
[LOG 14:12:35.213] Load Cached PNG Texture: SquadExpansion/Serenity/Parts/@thumbs/largePropeller_icon0
[LOG 14:12:35.213] Load Cached PNG Texture: SquadExpansion/Serenity/Parts/@thumbs/largePropeller_icon1
[LOG 14:12:35.214] Load Cached PNG Texture: SquadExpansion/Serenity/Parts/@thumbs/lGripPad_icon0
[LOG 14:12:35.214] Load Cached PNG Texture: SquadExpansion/Serenity/Parts/@thumbs/lGripPad_icon1
[LOG 14:12:35.214] Load Cached PNG Texture: SquadExpansion/Serenity/Parts/@thumbs/lGripStrip_icon
[LOG 14:12:35.214] Load Cached PNG Texture: SquadExpansion/Serenity/Parts/@thumbs/mediumFanBlade_icon0
[LOG 14:12:35.214] Load Cached PNG Texture: SquadExpansion/Serenity/Parts/@thumbs/mediumFanBlade_icon1
[LOG 14:12:35.214] Load Cached PNG Texture: SquadExpansion/Serenity/Parts/@thumbs/mediumPropeller_icon0
[LOG 14:12:35.214] Load Cached PNG Texture: SquadExpansion/Serenity/Parts/@thumbs/mediumPropeller_icon1
[LOG 14:12:35.214] Load Cached PNG Texture: SquadExpansion/Serenity/Parts/@thumbs/mGripPad_icon0
[LOG 14:12:35.214] Load Cached PNG Texture: SquadExpansion/Serenity/Parts/@thumbs/mGripPad_icon1
[LOG 14:12:35.215] Load Cached PNG Texture: SquadExpansion/Serenity/Parts/@thumbs/noseconeTiny_icon
[LOG 14:12:35.215] Load Cached PNG Texture: SquadExpansion/Serenity/Parts/@thumbs/noseconeVS_icon
[LOG 14:12:35.215] Load Cached PNG Texture: SquadExpansion/Serenity/Parts/@thumbs/piston.01_icon0
[LOG 14:12:35.215] Load Cached PNG Texture: SquadExpansion/Serenity/Parts/@thumbs/piston.01_icon1
[LOG 14:12:35.215] Load Cached PNG Texture: SquadExpansion/Serenity/Parts/@thumbs/piston.02_icon0
[LOG 14:12:35.215] Load Cached PNG Texture: SquadExpansion/Serenity/Parts/@thumbs/piston.02_icon1
[LOG 14:12:35.215] Load Cached PNG Texture: SquadExpansion/Serenity/Parts/@thumbs/piston.03_icon0
[LOG 14:12:35.215] Load Cached PNG Texture: SquadExpansion/Serenity/Parts/@thumbs/piston.03_icon1
[LOG 14:12:35.215] Load Cached PNG Texture: SquadExpansion/Serenity/Parts/@thumbs/piston.04_icon0
[LOG 14:12:35.215] Load Cached PNG Texture: SquadExpansion/Serenity/Parts/@thumbs/piston.04_icon1
[LOG 14:12:35.216] Load Cached PNG Texture: SquadExpansion/Serenity/Parts/@thumbs/RobotArmScanner.S1_icon
[LOG 14:12:35.216] Load Cached PNG Texture: SquadExpansion/Serenity/Parts/@thumbs/RobotArmScanner.S2_icon
[LOG 14:12:35.216] Load Cached PNG Texture: SquadExpansion/Serenity/Parts/@thumbs/RobotArmScanner.S3_icon
[LOG 14:12:35.216] Load Cached PNG Texture: SquadExpansion/Serenity/Parts/@thumbs/rotor.01s_icon0
[LOG 14:12:35.216] Load Cached PNG Texture: SquadExpansion/Serenity/Parts/@thumbs/rotor.01s_icon1
[LOG 14:12:35.216] Load Cached PNG Texture: SquadExpansion/Serenity/Parts/@thumbs/rotor.01_icon0
[LOG 14:12:35.216] Load Cached PNG Texture: SquadExpansion/Serenity/Parts/@thumbs/rotor.01_icon1
[LOG 14:12:35.216] Load Cached PNG Texture: SquadExpansion/Serenity/Parts/@thumbs/rotor.02s_icon0
[LOG 14:12:35.216] Load Cached PNG Texture: SquadExpansion/Serenity/Parts/@thumbs/rotor.02s_icon1
[LOG 14:12:35.216] Load Cached PNG Texture: SquadExpansion/Serenity/Parts/@thumbs/rotor.02_icon0
[LOG 14:12:35.216] Load Cached PNG Texture: SquadExpansion/Serenity/Parts/@thumbs/rotor.02_icon1
[LOG 14:12:35.216] Load Cached PNG Texture: SquadExpansion/Serenity/Parts/@thumbs/RotorEngine.02_icon
[LOG 14:12:35.217] Load Cached PNG Texture: SquadExpansion/Serenity/Parts/@thumbs/rotoServo.00_icon0
[LOG 14:12:35.217] Load Cached PNG Texture: SquadExpansion/Serenity/Parts/@thumbs/rotoServo.00_icon1
[LOG 14:12:35.217] Load Cached PNG Texture: SquadExpansion/Serenity/Parts/@thumbs/rotoServo.02_icon0
[LOG 14:12:35.217] Load Cached PNG Texture: SquadExpansion/Serenity/Parts/@thumbs/rotoServo.02_icon1
[LOG 14:12:35.217] Load Cached PNG Texture: SquadExpansion/Serenity/Parts/@thumbs/rotoServo.03_icon0
[LOG 14:12:35.217] Load Cached PNG Texture: SquadExpansion/Serenity/Parts/@thumbs/rotoServo.03_icon1
[LOG 14:12:35.217] Load Cached PNG Texture: SquadExpansion/Serenity/Parts/@thumbs/sGripPad_icon0
[LOG 14:12:35.217] Load Cached PNG Texture: SquadExpansion/Serenity/Parts/@thumbs/sGripPad_icon1
[LOG 14:12:35.217] Load Cached PNG Texture: SquadExpansion/Serenity/Parts/@thumbs/sGripStrip_icon
[LOG 14:12:35.218] Load Cached PNG Texture: SquadExpansion/Serenity/Parts/@thumbs/smallFanBlade_icon0
[LOG 14:12:35.218] Load Cached PNG Texture: SquadExpansion/Serenity/Parts/@thumbs/smallFanBlade_icon1
[LOG 14:12:35.218] Load Cached PNG Texture: SquadExpansion/Serenity/Parts/@thumbs/smallHeliBlade_icon0
[LOG 14:12:35.218] Load Cached PNG Texture: SquadExpansion/Serenity/Parts/@thumbs/smallHeliBlade_icon1
[LOG 14:12:35.218] Load Cached PNG Texture: SquadExpansion/Serenity/Parts/@thumbs/smallPropeller_icon0
[LOG 14:12:35.218] Load Cached PNG Texture: SquadExpansion/Serenity/Parts/@thumbs/smallPropeller_icon1
[LOG 14:12:35.218] Load DDS texture: SquadExpansion/Serenity/Parts/Aero/Assets/copterBlades_diffuse
[LOG 14:12:35.218] Load DDS texture: SquadExpansion/Serenity/Parts/Aero/Assets/shroudsDiffuse_color
[LOG 14:12:35.218] Load DDS texture: SquadExpansion/Serenity/Parts/Aero/Assets/shroudsDiffuse_plain
[LOG 14:12:35.219] Load Cached PNG Texture: SquadExpansion/Serenity/Parts/DeployedScience/MockupTexture
[LOG 14:12:35.219] Load DDS texture: SquadExpansion/Serenity/Parts/DeployedScience/Assets/centralStation_diffuse
[LOG 14:12:35.220] Load DDS texture: SquadExpansion/Serenity/Parts/DeployedScience/Assets/centralStation_emissive
[LOG 14:12:35.246] Load DDS texture: SquadExpansion/Serenity/Parts/DeployedScience/Assets/GenericParts_diffuse
[LOG 14:12:35.247] Load DDS texture: SquadExpansion/Serenity/Parts/DeployedScience/Assets/GenericParts_emissive
[LOG 14:12:35.251] Load DDS texture: SquadExpansion/Serenity/Parts/DeployedScience/Assets/GenericParts_normal
[LOG 14:12:35.253] Load DDS texture: SquadExpansion/Serenity/Parts/DeployedScience/Assets/goex_diffuse
[LOG 14:12:35.256] Load DDS texture: SquadExpansion/Serenity/Parts/DeployedScience/Assets/goex_specMapped
[LOG 14:12:35.260] Load DDS texture: SquadExpansion/Serenity/Parts/DeployedScience/Assets/Grid
[LOG 14:12:35.261] Load DDS texture: SquadExpansion/Serenity/Parts/DeployedScience/Assets/IonExperiment_diffuse
[LOG 14:12:35.262] Load DDS texture: SquadExpansion/Serenity/Parts/DeployedScience/Assets/RTGCask_diffuse
[LOG 14:12:35.263] Load DDS texture: SquadExpansion/Serenity/Parts/DeployedScience/Assets/satDish_diffuse
[LOG 14:12:35.264] Load Cached PNG Texture: SquadExpansion/Serenity/Parts/DeployedScience/Assets/Scratch
[LOG 14:12:35.265] Load DDS texture: SquadExpansion/Serenity/Parts/DeployedScience/Assets/Screen2
[LOG 14:12:35.266] Load DDS texture: SquadExpansion/Serenity/Parts/DeployedScience/Assets/Screen3
[LOG 14:12:35.266] Load DDS texture: SquadExpansion/Serenity/Parts/DeployedScience/Assets/ScreenReadout
[LOG 14:12:35.266] Load DDS texture: SquadExpansion/Serenity/Parts/DeployedScience/Assets/seismicSensor_diffuse
[LOG 14:12:35.266] Load DDS texture: SquadExpansion/Serenity/Parts/DeployedScience/Assets/seismicSensor_nrm
[LOG 14:12:35.268] Load DDS texture: SquadExpansion/Serenity/Parts/DeployedScience/Assets/seismicSensor_specularMapped
[LOG 14:12:35.269] Load DDS texture: SquadExpansion/Serenity/Parts/DeployedScience/Assets/SolarGraph
[LOG 14:12:35.273] Load DDS texture: SquadExpansion/Serenity/Parts/DeployedScience/Assets/solarPanel_diffuse
[LOG 14:12:35.273] Load DDS texture: SquadExpansion/Serenity/Parts/DeployedScience/Assets/Waveleght3
[LOG 14:12:35.273] Load DDS texture: SquadExpansion/Serenity/Parts/DeployedScience/Assets/Wavelenght
[LOG 14:12:35.276] Load DDS texture: SquadExpansion/Serenity/Parts/DeployedScience/Assets/Wavelenght2
[LOG 14:12:35.276] Load DDS texture: SquadExpansion/Serenity/Parts/DeployedScience/Assets/wavelenght4
[LOG 14:12:35.276] Load DDS texture: SquadExpansion/Serenity/Parts/DeployedScience/Assets/wavelenght5
[LOG 14:12:35.276] Load DDS texture: SquadExpansion/Serenity/Parts/DeployedScience/Assets/WeatherStation [Normal]
[LOG 14:12:35.303] Load DDS texture: SquadExpansion/Serenity/Parts/DeployedScience/Assets/Weather_Station_diffuse
[LOG 14:12:35.311] Load DDS texture: SquadExpansion/Serenity/Parts/DeployedScience/Assets/Weather_Station_normal
[LOG 14:12:35.322] Load DDS texture: SquadExpansion/Serenity/Parts/Propellers/Assets/blade_diffuse
[LOG 14:12:35.322] Load DDS texture: SquadExpansion/Serenity/Parts/Propellers/Assets/copterBlades_diffuse
[LOG 14:12:35.323] Load DDS texture: SquadExpansion/Serenity/Parts/Propellers/Assets/fan_diffuse
[LOG 14:12:35.323] Load DDS texture: SquadExpansion/Serenity/Parts/Robotics/Assets/hinges-03-s_diffuse_Color
[LOG 14:12:35.323] Load DDS texture: SquadExpansion/Serenity/Parts/Robotics/Assets/hinges-03_diffuse_color
[LOG 14:12:35.325] Load DDS texture: SquadExpansion/Serenity/Parts/Robotics/Assets/hinges-03_diffuse_plain
[LOG 14:12:35.328] Load DDS texture: SquadExpansion/Serenity/Parts/Robotics/Assets/hinges_diffuse
[LOG 14:12:35.328] Load DDS texture: SquadExpansion/Serenity/Parts/Robotics/Assets/Hinge_diffuse_G-00_Color
[LOG 14:12:35.328] Load DDS texture: SquadExpansion/Serenity/Parts/Robotics/Assets/Hinge_diffuse_G-11_Color
[LOG 14:12:35.329] Load DDS texture: SquadExpansion/Serenity/Parts/Robotics/Assets/Hinge_diffuse_G-11_plain
[LOG 14:12:35.330] Load DDS texture: SquadExpansion/Serenity/Parts/Robotics/Assets/Hinge_normal
[LOG 14:12:35.330] Load DDS texture: SquadExpansion/Serenity/Parts/Robotics/Assets/RotorEngine_02_diffuse
[LOG 14:12:35.331] Load DDS texture: SquadExpansion/Serenity/Parts/Robotics/Assets/RotorEngine_03_diffuse
[LOG 14:12:35.349] Load DDS texture: SquadExpansion/Serenity/Parts/Robotics/Assets/RotorEngine_03_normal
[LOG 14:12:35.352] Load DDS texture: SquadExpansion/Serenity/Parts/Robotics/Assets/Rotor_01_diffuse_color
[LOG 14:12:35.354] Load DDS texture: SquadExpansion/Serenity/Parts/Robotics/Assets/Rotor_01_diffuse_plain
[LOG 14:12:35.354] Load DDS texture: SquadExpansion/Serenity/Parts/Robotics/Assets/Rotor_01_normal
[LOG 14:12:35.355] Load DDS texture: SquadExpansion/Serenity/Parts/Robotics/Assets/Rotor_01_specular_D
[LOG 14:12:35.355] Load DDS texture: SquadExpansion/Serenity/Parts/Robotics/Assets/Rotor_02_diffuse_color
[LOG 14:12:35.356] Load DDS texture: SquadExpansion/Serenity/Parts/Robotics/Assets/Rotor_03_diffuse_color
[LOG 14:12:35.357] Load DDS texture: SquadExpansion/Serenity/Parts/Robotics/Assets/Rotor_03_diffuse_plain
[LOG 14:12:35.358] Load DDS texture: SquadExpansion/Serenity/Parts/Robotics/Assets/Rotor_03_normal
[LOG 14:12:35.359] Load DDS texture: SquadExpansion/Serenity/Parts/Robotics/Assets/rotoServos_diffuse_color
[LOG 14:12:35.360] Load DDS texture: SquadExpansion/Serenity/Parts/Robotics/Assets/rotoServos_diffuse_plain
[LOG 14:12:35.361] Load DDS texture: SquadExpansion/Serenity/Parts/Robotics/Assets/rotoServos_nrm
[LOG 14:12:35.362] Load DDS texture: SquadExpansion/Serenity/Parts/Robotics/Controllers/roboController_diffuse
[LOG 14:12:35.362] Load DDS texture: SquadExpansion/Serenity/Parts/Robotics/Controllers/roboController_emissive
[LOG 14:12:35.362] Load Cached PNG Texture: SquadExpansion/Serenity/Parts/Science/RobotArmScanner/Assets/DrillBits
[LOG 14:12:35.362] Load DDS texture: SquadExpansion/Serenity/Parts/Science/RobotArmScanner/Assets/DustParticle
[WRN 14:12:35.362] Duplicate PNG texture 'SquadExpansion/Serenity/Parts/Science/RobotArmScanner/Assets/DustParticle' with extension 'png' won't be loaded
[LOG 14:12:35.362] Load DDS texture: SquadExpansion/Serenity/Parts/Science/RobotArmScanner/Assets/GenericParts_diffuse
[LOG 14:12:35.370] Load DDS texture: SquadExpansion/Serenity/Parts/Science/RobotArmScanner/Assets/GenericParts_normal
[LOG 14:12:35.377] Load DDS texture: SquadExpansion/Serenity/Parts/Science/RobotArmScanner/Assets/ROCArm3_diffuse
[LOG 14:12:35.386] Load DDS texture: SquadExpansion/Serenity/Parts/Science/RobotArmScanner/Assets/ROCArm3_normal
[LOG 14:12:35.393] Load DDS texture: SquadExpansion/Serenity/Parts/Science/RobotArmScanner/Assets/ROCArm_2_diffuse
[LOG 14:12:35.395] Load DDS texture: SquadExpansion/Serenity/Parts/Science/RobotArmScanner/Assets/ROCArm_2_normal
[LOG 14:12:35.397] Load Cached PNG Texture: SquadExpansion/Serenity/Parts/Science/RobotArmScanner/Assets/Scratch
[LOG 14:12:35.398] Load DDS texture: SquadExpansion/Serenity/Parts/Science/RobotArmScanner/Assets/SmallArm_diffuse
[LOG 14:12:35.399] Load DDS texture: SquadExpansion/Serenity/Parts/Science/RobotArmScanner/Assets/SmallArm_normal
[LOG 14:12:35.400] Load DDS texture: SquadExpansion/Serenity/Parts/Structural/gripPads/Assets/gripPads_diffuse
[LOG 14:12:35.402] Load DDS texture: SquadExpansion/Serenity/Parts/Structural/gripPads/Assets/gripPads_nrm
[LOG 14:12:35.404] Load Cached PNG Texture: SquadExpansion/Serenity/Ships/@thumbs/SPH/Arrow-E
[LOG 14:12:35.405] Load Cached PNG Texture: SquadExpansion/Serenity/Ships/@thumbs/SPH/Butterfly Rover
[LOG 14:12:35.405] Load Cached PNG Texture: SquadExpansion/Serenity/Ships/@thumbs/SPH/Jeb_s Quadtaxi
[LOG 14:12:35.405] Load Cached PNG Texture: SquadExpansion/Serenity/Ships/@thumbs/SPH/Kerbodyne Rotodyne
[LOG 14:12:35.405] Load Cached PNG Texture: SquadExpansion/Serenity/Ships/@thumbs/SPH/Seahawk
[LOG 14:12:35.405] Load Cached PNG Texture: SquadExpansion/Serenity/Ships/@thumbs/SPH/Val-Thopter
[LOG 14:12:35.407] Load MU model: Squad/FX/afterburner_flame
[LOG 14:12:35.415] Load MU model: Squad/FX/afterburner_shock
[LOG 14:12:35.416] Load MU model: Squad/FX/diamondBlue
[LOG 14:12:35.417] Load MU model: Squad/FX/exhaustFlames_blue
[LOG 14:12:35.529] Load MU model: Squad/FX/hydroLOXFlame
[LOG 14:12:35.531] Load MU model: Squad/FX/IonPlume
[LOG 14:12:35.531] Load MU model: Squad/FX/ks1_Exhaust
[LOG 14:12:35.531] Load MU model: Squad/FX/ks25_Exhaust
[LOG 14:12:35.532] Load MU model: Squad/FX/ksX_Exhaust
[LOG 14:12:35.532] Load MU model: Squad/FX/LES_Thruster
[LOG 14:12:35.534] Load MU model: Squad/FX/Monoprop_big
[LOG 14:12:35.534] Load MU model: Squad/FX/Monoprop_medium
[LOG 14:12:35.534] Load MU model: Squad/FX/Monoprop_small
[LOG 14:12:35.535] Load MU model: Squad/FX/shockExhaust_blue
[LOG 14:12:35.535] Load MU model: Squad/FX/shockExhaust_blue_small
[LOG 14:12:35.538] Load MU model: Squad/FX/shockExhaust_red_small
[LOG 14:12:35.538] Load MU model: Squad/FX/SRB_Large
[LOG 14:12:35.539] Load MU model: Squad/FX/SRB_LargeSparks
[LOG 14:12:35.546] Load MU model: Squad/Parts/Aero/aerodynamicNoseCone/aerodynamicNoseCone
[LOG 14:12:35.549] Load MU model: Squad/Parts/Aero/airbrake/Airbrake
[LOG 14:12:35.550] Load MU model: Squad/Parts/Aero/airIntakeRadialXM-G50/RadialIntake
[LOG 14:12:35.550] Load MU model: Squad/Parts/Aero/airlinerWings/ControlSurface
[LOG 14:12:35.558] Load MU model: Squad/Parts/Aero/airlinerWings/MainWing
[LOG 14:12:35.562] Load MU model: Squad/Parts/Aero/airlinerWings/TailFin
[LOG 14:12:35.565] Load MU model: Squad/Parts/Aero/airplaneFins/AdvCanard
[LOG 14:12:35.565] Load MU model: Squad/Parts/Aero/airplaneFins/Canard
[LOG 14:12:35.565] Load MU model: Squad/Parts/Aero/airplaneFins/Swept
[LOG 14:12:35.565] Load MU model: Squad/Parts/Aero/airplaneFins/TailFin
[LOG 14:12:35.566] Load MU model: Squad/Parts/Aero/basicFin/basicFin
[LOG 14:12:35.566] Load MU model: Squad/Parts/Aero/circularIntake/CircularIntake
[LOG 14:12:35.568] Load MU model: Squad/Parts/Aero/circularIntake/ConeIntake
[LOG 14:12:35.568] Load MU model: Squad/Parts/Aero/cones/Assets/AvioCone
[LOG 14:12:35.569] Load MU model: Squad/Parts/Aero/cones/Assets/ConeA
[LOG 14:12:35.569] Load MU model: Squad/Parts/Aero/cones/Assets/ConeB
[LOG 14:12:35.569] Load MU model: Squad/Parts/Aero/cones/Assets/NCS
[LOG 14:12:35.570] Load MU model: Squad/Parts/Aero/cones/Assets/orangeNoseCone
[LOG 14:12:35.570] Load MU model: Squad/Parts/Aero/cones/Assets/rocketNoseCone
[LOG 14:12:35.573] Load MU model: Squad/Parts/Aero/cones/Assets/rocketNoseCone_v2
[LOG 14:12:35.573] Load MU model: Squad/Parts/Aero/cones/Assets/rocketNoseCone_v3
[LOG 14:12:35.574] Load MU model: Squad/Parts/Aero/cones/Assets/TailA
[LOG 14:12:35.577] Load MU model: Squad/Parts/Aero/cones/Assets/TailB
[LOG 14:12:35.577] Load MU model: Squad/Parts/Aero/cones/Assets/TinyCone
[LOG 14:12:35.577] Load MU model: Squad/Parts/Aero/fairings/AutoTruss
[LOG 14:12:35.582] Load MU model: Squad/Parts/Aero/fairings/fairingSize1
[LOG 14:12:35.582] Load MU model: Squad/Parts/Aero/fairings/fairingSize2
[LOG 14:12:35.585] Load MU model: Squad/Parts/Aero/fairings/fairingSize3
[LOG 14:12:35.585] Load MU model: Squad/Parts/Aero/HeatShield/HeatShield0
[LOG 14:12:35.585] Load MU model: Squad/Parts/Aero/HeatShield/HeatShield1
[LOG 14:12:35.586] Load MU model: Squad/Parts/Aero/HeatShield/HeatShield2
[LOG 14:12:35.586] Load MU model: Squad/Parts/Aero/HeatShield/HeatShield3
[LOG 14:12:35.586] Load MU model: Squad/Parts/Aero/InflatableHeatShield/HeatShield
[LOG 14:12:35.589] Load MU model: Squad/Parts/Aero/intakeRadialLong/IntakeRadial
[LOG 14:12:35.589] Load MU model: Squad/Parts/Aero/miniIntake/SmallIntake
[LOG 14:12:35.589] Load MU model: Squad/Parts/Aero/ramAirIntake/RampIntake
[LOG 14:12:35.589] Load MU model: Squad/Parts/Aero/shuttleWings/ShuttleDeltaWing
[LOG 14:12:35.589] Load MU model: Squad/Parts/Aero/shuttleWings/ShuttleElevonA
[LOG 14:12:35.590] Load MU model: Squad/Parts/Aero/shuttleWings/ShuttleElevonB
[LOG 14:12:35.595] Load MU model: Squad/Parts/Aero/shuttleWings/ShuttleRudder
[LOG 14:12:35.595] Load MU model: Squad/Parts/Aero/shuttleWings/ShuttleStrake
[LOG 14:12:35.595] Load MU model: Squad/Parts/Aero/wingletAV-R8/model
[LOG 14:12:35.604] Load MU model: Squad/Parts/Aero/wingletAV-T1/model
[LOG 14:12:35.605] Load MU model: Squad/Parts/Aero/wingletDeltaDeluxe/model
[LOG 14:12:35.605] Load MU model: Squad/Parts/Aero/wings/connector1
[LOG 14:12:35.606] Load MU model: Squad/Parts/Aero/wings/connector2
[LOG 14:12:35.611] Load MU model: Squad/Parts/Aero/wings/connector3
[LOG 14:12:35.618] Load MU model: Squad/Parts/Aero/wings/connector4
[LOG 14:12:35.619] Load MU model: Squad/Parts/Aero/wings/connector5
[LOG 14:12:35.634] Load MU model: Squad/Parts/Aero/wings/delta
[LOG 14:12:35.636] Load MU model: Squad/Parts/Aero/wings/delta_small
[LOG 14:12:35.636] Load MU model: Squad/Parts/Aero/wings/elevon1
[LOG 14:12:35.636] Load MU model: Squad/Parts/Aero/wings/elevon2
[LOG 14:12:35.636] Load MU model: Squad/Parts/Aero/wings/elevon3
[LOG 14:12:35.636] Load MU model: Squad/Parts/Aero/wings/elevon4
[LOG 14:12:35.644] Load MU model: Squad/Parts/Aero/wings/elevon5
[LOG 14:12:35.645] Load MU model: Squad/Parts/Aero/wings/strake
[LOG 14:12:35.645] Load MU model: Squad/Parts/Aero/wings/structural1
[LOG 14:12:35.645] Load MU model: Squad/Parts/Aero/wings/structural2
[LOG 14:12:35.645] Load MU model: Squad/Parts/Aero/wings/structural3
[LOG 14:12:35.645] Load MU model: Squad/Parts/Aero/wings/structural4
[LOG 14:12:35.646] Load MU model: Squad/Parts/Aero/wings/swept1
[LOG 14:12:35.646] Load MU model: Squad/Parts/Aero/wings/swept2
[LOG 14:12:35.647] Load MU model: Squad/Parts/Cargo/CargoContainers/cargoContainer
[LOG 14:12:35.647] Load MU model: Squad/Parts/Cargo/CargoContainers/smallCargoContainer
[LOG 14:12:35.647] Load MU model: Squad/Parts/Cargo/Cylinder/EVAcylinder
[LOG 14:12:35.647] Load MU model: Squad/Parts/Cargo/GroundAnchor/groundAnchor
[LOG 14:12:35.648] Load MU model: Squad/Parts/Cargo/Jetpack/Jetpack
[LOG 14:12:35.649] Load MU model: Squad/Parts/Cargo/Parachute/Parachute
[LOG 14:12:35.649] Load MU model: Squad/Parts/Cargo/RepairKit/RepairKit
[LOG 14:12:35.666] Load MU model: Squad/Parts/Cargo/ScienceKit/ExperimentKit
[LOG 14:12:35.667] Load MU model: Squad/Parts/Cargo/StorageUnits/Assets/CargoStorageUnit
[LOG 14:12:35.668] Load MU model: Squad/Parts/Cargo/StorageUnits/Assets/ConformalStorageUnit
[LOG 14:12:35.668] Load MU model: Squad/Parts/Command/advancedSasModuleLarge/model
[LOG 14:12:35.671] Load MU model: Squad/Parts/Command/cupola/model
[LOG 14:12:35.672] Load MU model: Squad/Parts/Command/externalCommandSeat/model
[LOG 14:12:35.672] Load MU model: Squad/Parts/Command/hitchhikerStorageContainer/model
[LOG 14:12:35.672] Load MU model: Squad/Parts/Command/inlineAdvancedStabilizer/model
[LOG 14:12:35.672] Load MU model: Squad/Parts/Command/inlineReactionWheel/model
[LOG 14:12:35.673] Load MU model: Squad/Parts/Command/Mk1-3Pod/Mk1-3
[LOG 14:12:35.673] Load MU model: Squad/Parts/Command/mk1Cockpits/Cabin
[LOG 14:12:35.679] Load MU model: Squad/Parts/Command/mk1Cockpits/CockpitInline
[LOG 14:12:35.680] Load MU model: Squad/Parts/Command/mk1Cockpits/CockpitStandard
[LOG 14:12:35.699] Load MU model: Squad/Parts/Command/mk1LanderCan/model
[LOG 14:12:35.700] Load MU model: Squad/Parts/Command/mk1pod_v2/Mk1Pod_v2
[LOG 14:12:35.700] Load MU model: Squad/Parts/Command/mk2CockpitInline/model
[LOG 14:12:35.701] Load MU model: Squad/Parts/Command/mk2CockpitStandard/model
[LOG 14:12:35.701] Load MU model: Squad/Parts/Command/mk2DroneCore/model
[LOG 14:12:35.701] Load MU model: Squad/Parts/Command/mk2LanderCan/model
[LOG 14:12:35.702] Load MU model: Squad/Parts/Command/mk2LanderCan_v2/mk2LanderCan
[LOG 14:12:35.703] Load MU model: Squad/Parts/Command/mk3CockpitShuttle/model
[LOG 14:12:35.703] Load MU model: Squad/Parts/Command/MpoProbe/MpoProbe
[LOG 14:12:35.704] Load MU model: Squad/Parts/Command/MtmStage/MTM_Stage
[LOG 14:12:35.704] Load MU model: Squad/Parts/Command/probeCoreCube/probeCoreCube
[LOG 14:12:35.705] Load MU model: Squad/Parts/Command/probeCoreHex/model
[LOG 14:12:35.708] Load MU model: Squad/Parts/Command/probeCoreHex_v2/model
[LOG 14:12:35.708] Load MU model: Squad/Parts/Command/probeCoreOcto2_v2/probeCoreOcto2_v2
[LOG 14:12:35.708] Load MU model: Squad/Parts/Command/probeCoreOcto_v2/probeCoreOcto_v2
[LOG 14:12:35.708] Load MU model: Squad/Parts/Command/probeRoverBody/model
[LOG 14:12:35.709] Load MU model: Squad/Parts/Command/probeRoverBody_v2/probeRoverBody_v2
[LOG 14:12:35.709] Load MU model: Squad/Parts/Command/probeStackLarge/model
[LOG 14:12:35.709] Load MU model: Squad/Parts/Command/probeStackSmall/model
[LOG 14:12:35.709] Load MU model: Squad/Parts/Command/probeStackSphere_v2/probeStackSphere_v2
[LOG 14:12:35.710] Load MU model: Squad/Parts/CompoundParts/FuelLine/model
[LOG 14:12:35.713] Load MU model: Squad/Parts/CompoundParts/strutConnector/model
[LOG 14:12:35.713] Load MU model: Squad/Parts/Coupling/Assets/Decoupler_0
[LOG 14:12:35.714] Load MU model: Squad/Parts/Coupling/Assets/Decoupler_1
[LOG 14:12:35.715] Load MU model: Squad/Parts/Coupling/Assets/Decoupler_1p5
[LOG 14:12:35.715] Load MU model: Squad/Parts/Coupling/Assets/Decoupler_2
[LOG 14:12:35.716] Load MU model: Squad/Parts/Coupling/Assets/Decoupler_3
[LOG 14:12:35.716] Load MU model: Squad/Parts/Coupling/Assets/Decoupler_4
[LOG 14:12:35.717] Load MU model: Squad/Parts/Coupling/Assets/Separator_0
[LOG 14:12:35.718] Load MU model: Squad/Parts/Coupling/Assets/Separator_1
[LOG 14:12:35.718] Load MU model: Squad/Parts/Coupling/Assets/Separator_1p5
[LOG 14:12:35.719] Load MU model: Squad/Parts/Coupling/Assets/Separator_2
[LOG 14:12:35.719] Load MU model: Squad/Parts/Coupling/Assets/Separator_3
[LOG 14:12:35.720] Load MU model: Squad/Parts/Coupling/Assets/Separator_4
[LOG 14:12:35.720] Load MU model: Squad/Parts/Electrical/10CSolarPanels/assets/OX-10C
[LOG 14:12:35.723] Load MU model: Squad/Parts/Electrical/10CSolarPanels/assets/SP-10C
[LOG 14:12:35.736] Load MU model: Squad/Parts/Electrical/10LSolarPanels/assets/OX-10L
[LOG 14:12:35.740] Load MU model: Squad/Parts/Electrical/10LSolarPanels/assets/SP-10L
[LOG 14:12:35.741] Load MU model: Squad/Parts/Electrical/1x6ShroudSolarPanels/model
[LOG 14:12:35.745] Load MU model: Squad/Parts/Electrical/1x6SolarPanels/model
[LOG 14:12:35.745] Load MU model: Squad/Parts/Electrical/3x2ShroudSolarPanels/model
[LOG 14:12:35.746] Load MU model: Squad/Parts/Electrical/3x2SolarPanels/model
[LOG 14:12:35.752] Load MU model: Squad/Parts/Electrical/gigantorXlSolarArray/model
[LOG 14:12:35.753] Load MU model: Squad/Parts/Electrical/radialFlatSolarPanel/model
[LOG 14:12:35.753] Load MU model: Squad/Parts/Electrical/RTG/model
[LOG 14:12:35.754] Load MU model: Squad/Parts/Electrical/z-100Battery/model
[LOG 14:12:35.754] Load MU model: Squad/Parts/Electrical/z-1kBattery/model
[LOG 14:12:35.754] Load MU model: Squad/Parts/Electrical/z-200Battery/model
[LOG 14:12:35.755] Load MU model: Squad/Parts/Electrical/z-400Battery/model
[LOG 14:12:35.755] Load MU model: Squad/Parts/Electrical/z-4kBattery/model
[LOG 14:12:35.755] Load MU model: Squad/Parts/Engine/ionEngine/model
[LOG 14:12:35.756] Load MU model: Squad/Parts/Engine/jetEngines/turbineInside
[LOG 14:12:35.756] Load MU model: Squad/Parts/Engine/jetEngines/turboFanSize1
[LOG 14:12:35.756] Load MU model: Squad/Parts/Engine/jetEngines/turboFanSize2
[LOG 14:12:35.757] Load MU model: Squad/Parts/Engine/jetEngines/turboJet
[LOG 14:12:35.758] Load MU model: Squad/Parts/Engine/jetEngines/turboRamJet
[LOG 14:12:35.758] Load MU model: Squad/Parts/Engine/liquidEngine24-77/model
[LOG 14:12:35.759] Load MU model: Squad/Parts/Engine/liquidEngine24-77_v2/Twitch_v2
[LOG 14:12:35.759] Load MU model: Squad/Parts/Engine/liquidEngine48-7S_v2/SparkV2
[LOG 14:12:35.761] Load MU model: Squad/Parts/Engine/liquidEngineAerospike/AeroSpike
[LOG 14:12:35.761] Load MU model: Squad/Parts/Engine/liquidEngineLV-1_v2/Assets/Ant
[LOG 14:12:35.761] Load MU model: Squad/Parts/Engine/liquidEngineLV-1_v2/Assets/Spider
[LOG 14:12:35.762] Load MU model: Squad/Parts/Engine/liquidEngineLV-909_v2/TerrierV2
[LOG 14:12:35.766] Load MU model: Squad/Parts/Engine/liquidEngineLV-N/model
[LOG 14:12:35.766] Load MU model: Squad/Parts/Engine/liquidEngineLV-T30/model
[LOG 14:12:35.766] Load MU model: Squad/Parts/Engine/liquidEngineLV-T30_v2/Reliant_v2
[LOG 14:12:35.769] Load MU model: Squad/Parts/Engine/liquidEngineLV-T45/model
[LOG 14:12:35.769] Load MU model: Squad/Parts/Engine/liquidEngineLV-T45_v2/Swivel_v2
[LOG 14:12:35.771] Load MU model: Squad/Parts/Engine/liquidEngineMainsail_v2/liquidEngineMainsail_v2
[LOG 14:12:35.778] Load MU model: Squad/Parts/Engine/liquidEngineMk55/Thud
[LOG 14:12:35.778] Load MU model: Squad/Parts/Engine/liquidEnginePoodle_v2/LqdEnginePoodle_v2
[LOG 14:12:35.782] Load MU model: Squad/Parts/Engine/liquidEngineSkipper_v2/skipper_v2
[LOG 14:12:35.783] Load MU model: Squad/Parts/Engine/liquidEngineSSME/SSME
[LOG 14:12:35.783] Load MU model: Squad/Parts/Engine/MassiveSRB/MassiveSRB
[LOG 14:12:35.784] Load MU model: Squad/Parts/Engine/miniJet/SmallJet
[LOG 14:12:35.784] Load MU model: Squad/Parts/Engine/OMSEngine/Puff_v2
[LOG 14:12:35.784] Load MU model: Squad/Parts/Engine/rapierEngine/rapier
[LOG 14:12:35.788] Load MU model: Squad/Parts/Engine/Size1_SRBs/SRB10
[LOG 14:12:35.789] Load MU model: Squad/Parts/Engine/Size1_SRBs/SRB5
[LOG 14:12:35.790] Load MU model: Squad/Parts/Engine/Size2LFB/Size2LFB
[LOG 14:12:35.792] Load MU model: Squad/Parts/Engine/Size2LFB_v2/Size2LFB_v2
[LOG 14:12:35.794] Load MU model: Squad/Parts/Engine/Size3AdvancedEngine/Size3AdvancedEngine
[LOG 14:12:35.794] Load MU model: Squad/Parts/Engine/Size3EngineCluster/Size3EngineCluster
[LOG 14:12:35.795] Load MU model: Squad/Parts/Engine/solidBoosterBACC/model
[LOG 14:12:35.796] Load MU model: Squad/Parts/Engine/solidBoosterS2-17/solidBoosterS2-17
[LOG 14:12:35.797] Load MU model: Squad/Parts/Engine/solidBoosterS2-33/solidBoosterS2-33
[LOG 14:12:35.797] Load MU model: Squad/Parts/Engine/solidBoosterSep/model
[LOG 14:12:35.798] Load MU model: Squad/Parts/Engine/SolidBoostersF/Assets/SolidBoosterF3S0
[LOG 14:12:35.798] Load MU model: Squad/Parts/Engine/SolidBoostersF/Assets/SolidBoosterFM1
[LOG 14:12:35.798] Load MU model: Squad/Parts/FuelTank/adapterTanks/Mk3-Mk2
[LOG 14:12:35.799] Load MU model: Squad/Parts/FuelTank/adapterTanks/Mk3-Size2
[LOG 14:12:35.799] Load MU model: Squad/Parts/FuelTank/adapterTanks/Mk3-Size2Slant
[LOG 14:12:35.799] Load MU model: Squad/Parts/FuelTank/adapterTanks/ShuttleAdapter
[LOG 14:12:35.800] Load MU model: Squad/Parts/FuelTank/adapterTanks/Size2-Mk2
[LOG 14:12:35.800] Load MU model: Squad/Parts/FuelTank/adapterTanks/Size2-Size1
[LOG 14:12:35.800] Load MU model: Squad/Parts/FuelTank/adapterTanks/Size2-Size1Slant
[LOG 14:12:35.800] Load MU model: Squad/Parts/FuelTank/adapterTanks/Size3-Mk3
[LOG 14:12:35.801] Load MU model: Squad/Parts/FuelTank/drainTankFTE-1/fuelValve
[LOG 14:12:35.801] Load MU model: Squad/Parts/FuelTank/FoilTanks/RadialTank_Capsule
[LOG 14:12:35.801] Load MU model: Squad/Parts/FuelTank/FoilTanks/RadialTank_Round
[LOG 14:12:35.801] Load MU model: Squad/Parts/FuelTank/FoilTanks/ToroidTank
[LOG 14:12:35.802] Load MU model: Squad/Parts/FuelTank/fuelTankOscarB/model
[LOG 14:12:35.802] Load MU model: Squad/Parts/FuelTank/miniFuselage/Fuselage
[LOG 14:12:35.802] Load MU model: Squad/Parts/FuelTank/mk2Adapters/bicoupler
[LOG 14:12:35.803] Load MU model: Squad/Parts/FuelTank/mk2Adapters/long
[LOG 14:12:35.803] Load MU model: Squad/Parts/FuelTank/mk2Adapters/standard
[LOG 14:12:35.803] Load MU model: Squad/Parts/FuelTank/mk2FuselageLong/FuselageLongLFO
[LOG 14:12:35.803] Load MU model: Squad/Parts/FuelTank/mk2FuselageLong/FuselageLongLiquid
[LOG 14:12:35.804] Load MU model: Squad/Parts/FuelTank/mk2FuselageShort/FuselageShortLFO
[LOG 14:12:35.804] Load MU model: Squad/Parts/FuelTank/mk2FuselageShort/FuselageShortLiquid
[LOG 14:12:35.804] Load MU model: Squad/Parts/FuelTank/mk2FuselageShort/FuselageShortMono
[LOG 14:12:35.804] Load MU model: Squad/Parts/FuelTank/mk3Fuselage/CREW
[LOG 14:12:35.805] Load MU model: Squad/Parts/FuelTank/mk3Fuselage/LFO_100
[LOG 14:12:35.805] Load MU model: Squad/Parts/FuelTank/mk3Fuselage/LFO_25
[LOG 14:12:35.805] Load MU model: Squad/Parts/FuelTank/mk3Fuselage/LFO_50
[LOG 14:12:35.805] Load MU model: Squad/Parts/FuelTank/mk3Fuselage/LF_100
[LOG 14:12:35.805] Load MU model: Squad/Parts/FuelTank/mk3Fuselage/LF_25
[LOG 14:12:35.805] Load MU model: Squad/Parts/FuelTank/mk3Fuselage/LF_50
[LOG 14:12:35.806] Load MU model: Squad/Parts/FuelTank/mk3Fuselage/MONO
[LOG 14:12:35.806] Load MU model: Squad/Parts/FuelTank/RCSFuelTankR1/RCSFuelTankR1_01
[LOG 14:12:35.806] Load MU model: Squad/Parts/FuelTank/RCSFuelTankR10/model
[LOG 14:12:35.807] Load MU model: Squad/Parts/FuelTank/RCSFuelTankR25/RCSFuelTankR25
[LOG 14:12:35.807] Load MU model: Squad/Parts/FuelTank/RCSTankRadial/model
[LOG 14:12:35.807] Load MU model: Squad/Parts/FuelTank/RCStankRadialLong/model
[LOG 14:12:35.807] Load MU model: Squad/Parts/FuelTank/RockomaxTanks/Assets/Rockomax16
[LOG 14:12:35.807] Load MU model: Squad/Parts/FuelTank/RockomaxTanks/Assets/Rockomax32
[LOG 14:12:35.808] Load MU model: Squad/Parts/FuelTank/RockomaxTanks/Assets/Rockomax64
[LOG 14:12:35.808] Load MU model: Squad/Parts/FuelTank/RockomaxTanks/Assets/Rockomax8
[LOG 14:12:35.809] Load MU model: Squad/Parts/FuelTank/Size1_Tanks/Size1Tank_01
[LOG 14:12:35.809] Load MU model: Squad/Parts/FuelTank/Size1_Tanks/Size1Tank_02
[LOG 14:12:35.809] Load MU model: Squad/Parts/FuelTank/Size1_Tanks/Size1Tank_03
[LOG 14:12:35.809] Load MU model: Squad/Parts/FuelTank/Size1_Tanks/Size1Tank_04
[LOG 14:12:35.810] Load MU model: Squad/Parts/FuelTank/Size3Tanks/Size3LargeTank
[LOG 14:12:35.810] Load MU model: Squad/Parts/FuelTank/Size3Tanks/Size3MediumTank
[LOG 14:12:35.810] Load MU model: Squad/Parts/FuelTank/Size3Tanks/Size3SmallTank
[LOG 14:12:35.810] Load MU model: Squad/Parts/FuelTank/xenonTank/model
[LOG 14:12:35.811] Load MU model: Squad/Parts/FuelTank/xenonTankLarge/model
[LOG 14:12:35.811] Load MU model: Squad/Parts/FuelTank/xenonTankRadial/model
[LOG 14:12:35.811] Load MU model: Squad/Parts/Misc/AsteroidDay/CamSat
[LOG 14:12:35.812] Load MU model: Squad/Parts/Misc/AsteroidDay/HECS2
[LOG 14:12:35.812] Load MU model: Squad/Parts/Misc/AsteroidDay/HighGainAntenna
[LOG 14:12:35.813] Load MU model: Squad/Parts/Misc/AsteroidDay/LgRadialSolar
[LOG 14:12:35.813] Load MU model: Squad/Parts/Misc/PotatoComet/Cube
[LOG 14:12:35.813] Load MU model: Squad/Parts/Misc/PotatoRoid/Cube
[LOG 14:12:35.813] Load MU model: Squad/Parts/Resources/FuelCell/FuelCell
[LOG 14:12:35.813] Load MU model: Squad/Parts/Resources/FuelCell/FuelCellArray
[LOG 14:12:35.814] Load MU model: Squad/Parts/Resources/ISRU/ISRU
[LOG 14:12:35.815] Load MU model: Squad/Parts/Resources/LargeTank/LargeTank
[LOG 14:12:35.815] Load MU model: Squad/Parts/Resources/MiniDrill/MiniDrill
[LOG 14:12:35.816] Load MU model: Squad/Parts/Resources/MiniISRU/MiniISRU
[LOG 14:12:35.817] Load MU model: Squad/Parts/Resources/OrbitalScanner/OrbitalScanner
[LOG 14:12:35.817] Load MU model: Squad/Parts/Resources/RadialDrill/TriBitDrill
[LOG 14:12:35.820] Load MU model: Squad/Parts/Resources/RadialTank/RadialOreTank
[LOG 14:12:35.820] Load MU model: Squad/Parts/Resources/SmallTank/SmallTank
[LOG 14:12:35.820] Load MU model: Squad/Parts/Resources/SurfaceScanner/SurfaceScanner
[LOG 14:12:35.821] Load MU model: Squad/Parts/Resources/SurveyScanner/SurveyScanner
[LOG 14:12:35.822] Load MU model: Squad/Parts/Science/AtmosphereSensor/model
[LOG 14:12:35.822] Load MU model: Squad/Parts/Science/GooExperiment/GooExperiment
[LOG 14:12:35.823] Load MU model: Squad/Parts/Science/LargeCrewedLab/large_crewed_lab
[LOG 14:12:35.824] Load MU model: Squad/Parts/Science/Magnetometer/Magnetometer
[LOG 14:12:35.829] Load MU model: Squad/Parts/Science/MaterialBay/science_module_small
[LOG 14:12:35.829] Load MU model: Squad/Parts/Science/ScienceBox/ScienceBox
[LOG 14:12:35.830] Load MU model: Squad/Parts/Science/sensorAccelerometer/model
[LOG 14:12:35.830] Load MU model: Squad/Parts/Science/sensorBarometer/model
[LOG 14:12:35.830] Load MU model: Squad/Parts/Science/sensorGravimeter/model
[LOG 14:12:35.830] Load MU model: Squad/Parts/Science/sensorThermometer/model
[LOG 14:12:35.830] Load MU model: Squad/Parts/Structural/FLAdapters/Assets/adapterSmallMiniShort_v2
[LOG 14:12:35.831] Load MU model: Squad/Parts/Structural/FLAdapters/Assets/adapterSmallMiniTall_v2
[LOG 14:12:35.832] Load MU model: Squad/Parts/Structural/mk1Parts/Fuselage
[LOG 14:12:35.832] Load MU model: Squad/Parts/Structural/mk1Parts/IntakeFuselage
[LOG 14:12:35.832] Load MU model: Squad/Parts/Structural/mk1Parts/Nacelle1
[LOG 14:12:35.832] Load MU model: Squad/Parts/Structural/mk1Parts/Nacelle2
[LOG 14:12:35.833] Load MU model: Squad/Parts/Structural/mk1Parts/Structural
[LOG 14:12:35.833] Load MU model: Squad/Parts/Structural/mk1Parts/StructuralHollow
[LOG 14:12:35.833] Load MU model: Squad/Parts/Structural/Size3To2Adapter_v2/Size2to3_v2
[LOG 14:12:35.834] Load MU model: Squad/Parts/Structural/stackAdapters/Assets/adapterLargeSmallBi
[LOG 14:12:35.834] Load MU model: Squad/Parts/Structural/stackAdapters/Assets/adapterLargeSmallQuad
[LOG 14:12:35.834] Load MU model: Squad/Parts/Structural/stackAdapters/Assets/adapterLargeSmallTri
[LOG 14:12:35.834] Load MU model: Squad/Parts/Structural/stationHub/model
[LOG 14:12:35.835] Load MU model: Squad/Parts/Structural/structuralIBeam200/model
[LOG 14:12:35.835] Load MU model: Squad/Parts/Structural/structuralIBeam200Pocket/model
[LOG 14:12:35.835] Load MU model: Squad/Parts/Structural/structuralIBeam650/model
[LOG 14:12:35.835] Load MU model: Squad/Parts/Structural/structuralMicronode/model
[LOG 14:12:35.835] Load MU model: Squad/Parts/Structural/structuralPanel1x1/model
[LOG 14:12:35.836] Load MU model: Squad/Parts/Structural/structuralPanel2x2/model
[LOG 14:12:35.836] Load MU model: Squad/Parts/Structural/structuralPylons/PylonBig
[LOG 14:12:35.836] Load MU model: Squad/Parts/Structural/structuralPylons/PylonSmall
[LOG 14:12:35.836] Load MU model: Squad/Parts/Structural/strutCubicOcto/model
[LOG 14:12:35.836] Load MU model: Squad/Parts/Structural/strutOcto/model
[LOG 14:12:35.836] Load MU model: Squad/Parts/Structural/trussGirderAdapter/model
[LOG 14:12:35.837] Load MU model: Squad/Parts/Structural/trussGirderL/model
[LOG 14:12:35.837] Load MU model: Squad/Parts/Structural/trussGirderXL/model
[LOG 14:12:35.837] Load MU model: Squad/Parts/Thermal/FoldingRadiators/foldingRadLarge
[LOG 14:12:35.842] Load MU model: Squad/Parts/Thermal/FoldingRadiators/foldingRadMed
[LOG 14:12:35.844] Load MU model: Squad/Parts/Thermal/FoldingRadiators/foldingRadSmall
[LOG 14:12:35.846] Load MU model: Squad/Parts/Thermal/RadiatorPanels/radPanelEdge
[LOG 14:12:35.846] Load MU model: Squad/Parts/Thermal/RadiatorPanels/radPanelLg
[LOG 14:12:35.846] Load MU model: Squad/Parts/Thermal/RadiatorPanels/radPanelSm
[LOG 14:12:35.846] Load MU model: Squad/Parts/Utility/commDish88-88/model
[LOG 14:12:35.852] Load MU model: Squad/Parts/Utility/commsAntennaDTS-M1/mediumDishAntenna
[LOG 14:12:35.853] Load MU model: Squad/Parts/Utility/commsDish16/model
[LOG 14:12:35.853] Load MU model: Squad/Parts/Utility/decouplerRadialHDM/model
[LOG 14:12:35.853] Load MU model: Squad/Parts/Utility/decouplerRadialTT-38K/model
[LOG 14:12:35.854] Load MU model: Squad/Parts/Utility/decouplerRadialTT-70/model
[LOG 14:12:35.854] Load MU model: Squad/Parts/Utility/DirectAntennas/HGAntenna
[LOG 14:12:35.856] Load MU model: Squad/Parts/Utility/DirectAntennas/HGAntenna_v2
[LOG 14:12:35.857] Load MU model: Squad/Parts/Utility/DirectAntennas/SurfAntenna
[LOG 14:12:35.858] Load MU model: Squad/Parts/Utility/dockingPort/dockingPort
[LOG 14:12:35.858] Load MU model: Squad/Parts/Utility/dockingPortInline/dockingPortInline
[LOG 14:12:35.859] Load MU model: Squad/Parts/Utility/dockingPortJr/dockingPortJr
[LOG 14:12:35.860] Load MU model: Squad/Parts/Utility/dockingPortShielded/dockingPortShielded
[LOG 14:12:35.861] Load MU model: Squad/Parts/Utility/dockingPortSr/dockingPortSr
[LOG 14:12:35.861] Load MU model: Squad/Parts/Utility/Fireworks/Assets/fireworksLauncherBig
[LOG 14:12:35.861] Load MU model: Squad/Parts/Utility/Fireworks/Assets/fireworksLauncherSmall
[LOG 14:12:35.862] Load MU model: Squad/Parts/Utility/flags/flagFlat/flagFlatMeshes
[LOG 14:12:35.865] Load MU model: Squad/Parts/Utility/flags/flagSize0/flagSize0Meshes
[LOG 14:12:35.867] Load MU model: Squad/Parts/Utility/flags/flagSize1/flagSize1Meshes
[LOG 14:12:35.868] Load MU model: Squad/Parts/Utility/flags/flagSize2/flagSize2Meshes
[LOG 14:12:35.869] Load MU model: Squad/Parts/Utility/flags/flagSize3/flagSize3Meshes
[LOG 14:12:35.870] Load MU model: Squad/Parts/Utility/GrapplingDevice/GrapplingArm
[LOG 14:12:35.875] Load MU model: Squad/Parts/Utility/ladderRadial/model
[LOG 14:12:35.875] Load MU model: Squad/Parts/Utility/ladderTelescopic/model
[LOG 14:12:35.876] Load MU model: Squad/Parts/Utility/ladderTelescopicBay/model
[LOG 14:12:35.878] Load MU model: Squad/Parts/Utility/landingLegLT-1/model
[LOG 14:12:35.878] Load MU model: Squad/Parts/Utility/landingLegLT-2/model
[LOG 14:12:35.879] Load MU model: Squad/Parts/Utility/landingLegLT-5/model
[WRN 14:12:35.880] WheelCollider requires an attached Rigidbody to function.
[WRN 14:12:35.880] WheelCollider requires an attached Rigidbody to function.
[LOG 14:12:35.881] Load MU model: Squad/Parts/Utility/launchClamp1/model
[LOG 14:12:35.881] Load MU model: Squad/Parts/Utility/launchEscapeSystem/LaunchEscapeSystem
[LOG 14:12:35.882] Load MU model: Squad/Parts/Utility/Lights/Assets/light_02
[LOG 14:12:35.882] Load MU model: Squad/Parts/Utility/Lights/Assets/light_03
[LOG 14:12:35.883] Load MU model: Squad/Parts/Utility/Lights/Assets/light_04
[LOG 14:12:35.883] Load MU model: Squad/Parts/Utility/Lights/Assets/light_07
[LOG 14:12:35.883] Load MU model: Squad/Parts/Utility/Lights/Assets/light_08
[LOG 14:12:35.884] Load MU model: Squad/Parts/Utility/Lights/Assets/light_12
[LOG 14:12:35.884] Load MU model: Squad/Parts/Utility/linearVernorRCS/Assets/linearRCS
[LOG 14:12:35.885] Load MU model: Squad/Parts/Utility/linearVernorRCS/Assets/vernorEngine
[LOG 14:12:35.885] Load MU model: Squad/Parts/Utility/mk2CargoBay/BayLarge
[LOG 14:12:35.886] Load MU model: Squad/Parts/Utility/mk2CargoBay/BaySmall
[LOG 14:12:35.886] Load MU model: Squad/Parts/Utility/mk2CrewCabin/model
[LOG 14:12:35.886] Load MU model: Squad/Parts/Utility/mk2DockingPort/mk2Dockingport
[LOG 14:12:35.887] Load MU model: Squad/Parts/Utility/mk3CargoBay/long
[LOG 14:12:35.888] Load MU model: Squad/Parts/Utility/mk3CargoBay/medium
[LOG 14:12:35.890] Load MU model: Squad/Parts/Utility/mk3CargoBay/ramp
[LOG 14:12:35.893] Load MU model: Squad/Parts/Utility/mk3CargoBay/short
[LOG 14:12:35.893] Load MU model: Squad/Parts/Utility/parachuteMk1/model
[LOG 14:12:35.893] Load MU model: Squad/Parts/Utility/parachuteMk12-R/model
[LOG 14:12:35.893] Load MU model: Squad/Parts/Utility/parachuteMk16-XL/model
[LOG 14:12:35.893] Load MU model: Squad/Parts/Utility/parachuteMk2-R/model
[LOG 14:12:35.894] Load MU model: Squad/Parts/Utility/parachuteMk25/model
[LOG 14:12:35.894] Load MU model: Squad/Parts/Utility/radialAttachmentPoint/model
[LOG 14:12:35.895] Load MU model: Squad/Parts/Utility/rcsBlockRV-105_v2/rcsBlock105
[LOG 14:12:35.896] Load MU model: Squad/Parts/Utility/rcsSmallLinear/Assets/RCSLinearSmall
[LOG 14:12:35.896] Load MU model: Squad/Parts/Utility/RelayAntennas/HGAntenna
[LOG 14:12:35.898] Load MU model: Squad/Parts/Utility/RelayAntennas/RA-100
[LOG 14:12:35.898] Load MU model: Squad/Parts/Utility/RelayAntennas/RA-5
[LOG 14:12:35.898] Load MU model: Squad/Parts/Utility/RelayAntennas/RA-50
[LOG 14:12:35.898] Load MU model: Squad/Parts/Utility/rockomaxAdapters/Assets/brandAdapter
[LOG 14:12:35.898] Load MU model: Squad/Parts/Utility/rockomaxAdapters/Assets/brandAdapter02
[LOG 14:12:35.898] Load MU model: Squad/Parts/Utility/ServiceBay_v2/Assets/ServiceBay_125_v2
[LOG 14:12:35.900] Load MU model: Squad/Parts/Utility/ServiceBay_v2/Assets/ServiceBay_250_v2
[LOG 14:12:35.901] Load MU model: Squad/Parts/Utility/smallClaw/smallClaw
[LOG 14:12:35.905] Load MU model: Squad/Parts/Utility/spotLightMk1/model
[LOG 14:12:35.905] Load MU model: Squad/Parts/Utility/spotLightMk1_v2/model
[LOG 14:12:35.905] Load MU model: Squad/Parts/Utility/spotLightMk2/model
[LOG 14:12:35.905] Load MU model: Squad/Parts/Utility/spotLightMk2_v2/model
[LOG 14:12:35.906] Load MU model: Squad/Parts/Utility/stackCouplers/Assets/stackBiCoupler_v2
[LOG 14:12:35.906] Load MU model: Squad/Parts/Utility/stackCouplers/Assets/stackQuadCoupler
[LOG 14:12:35.906] Load MU model: Squad/Parts/Utility/stackCouplers/Assets/stackTriCoupler_v2
[LOG 14:12:35.907] Load MU model: Squad/Parts/Wheel/LandingGear/GearExtraLarge
[WRN 14:12:35.908] WheelCollider requires an attached Rigidbody to function.
[WRN 14:12:35.908] WheelCollider requires an attached Rigidbody to function.
[LOG 14:12:35.909] Load MU model: Squad/Parts/Wheel/LandingGear/GearFixed
[WRN 14:12:35.909] WheelCollider requires an attached Rigidbody to function.
[WRN 14:12:35.909] WheelCollider requires an attached Rigidbody to function.
[LOG 14:12:35.909] Load MU model: Squad/Parts/Wheel/LandingGear/GearFree
[WRN 14:12:35.909] WheelCollider requires an attached Rigidbody to function.
[WRN 14:12:35.909] WheelCollider requires an attached Rigidbody to function.
[LOG 14:12:35.910] Load MU model: Squad/Parts/Wheel/LandingGear/GearLarge
[WRN 14:12:35.910] WheelCollider requires an attached Rigidbody to function.
[WRN 14:12:35.910] WheelCollider requires an attached Rigidbody to function.
[LOG 14:12:35.910] Load MU model: Squad/Parts/Wheel/LandingGear/GearMedium
[WRN 14:12:35.911] WheelCollider requires an attached Rigidbody to function.
[WRN 14:12:35.911] WheelCollider requires an attached Rigidbody to function.
[LOG 14:12:35.911] Load MU model: Squad/Parts/Wheel/LandingGear/GearSmall
[WRN 14:12:35.911] WheelCollider requires an attached Rigidbody to function.
[WRN 14:12:35.911] WheelCollider requires an attached Rigidbody to function.
[LOG 14:12:35.912] Load MU model: Squad/Parts/Wheel/roverWheelM1/model
[WRN 14:12:35.913] WheelCollider requires an attached Rigidbody to function.
[WRN 14:12:35.913] WheelCollider requires an attached Rigidbody to function.
[LOG 14:12:35.913] Load MU model: Squad/Parts/Wheel/roverWheelS2/model
[WRN 14:12:35.913] WheelCollider requires an attached Rigidbody to function.
[WRN 14:12:35.913] WheelCollider requires an attached Rigidbody to function.
[LOG 14:12:35.913] Load MU model: Squad/Parts/Wheel/roverWheelTR-2L/model
[WRN 14:12:35.914] WheelCollider requires an attached Rigidbody to function.
[WRN 14:12:35.914] WheelCollider requires an attached Rigidbody to function.
[LOG 14:12:35.914] Load MU model: Squad/Parts/Wheel/roverWheelXL3/model
[WRN 14:12:35.915] WheelCollider requires an attached Rigidbody to function.
[WRN 14:12:35.915] WheelCollider requires an attached Rigidbody to function.
[LOG 14:12:35.916] Load MU model: Squad/Props/AltimeterThreeHands/model
[LOG 14:12:35.916] Load MU model: Squad/Props/AtmosphereDepth/model
[LOG 14:12:35.916] Load MU model: Squad/Props/AxisIndicator/model
[LOG 14:12:35.916] Load MU model: Squad/Props/buttonsGeneric/circularButton
[LOG 14:12:35.916] Load MU model: Squad/Props/buttonsGeneric/clusterButtons
[LOG 14:12:35.916] Load MU model: Squad/Props/buttonsGeneric/clusterButtons2
[LOG 14:12:35.916] Load MU model: Squad/Props/buttonsGeneric/clusterKnob
[LOG 14:12:35.917] Load MU model: Squad/Props/buttonsGeneric/clusterKnob2
[LOG 14:12:35.917] Load MU model: Squad/Props/buttonsGeneric/clusterMixed
[LOG 14:12:35.917] Load MU model: Squad/Props/buttonsGeneric/clusterSwitches01
[LOG 14:12:35.918] Load MU model: Squad/Props/buttonsGeneric/clusterSwitches02
[LOG 14:12:35.918] Load MU model: Squad/Props/buttonsGeneric/clusterSwitches03
[LOG 14:12:35.918] Load MU model: Squad/Props/buttonsGeneric/clusterSwitches04
[LOG 14:12:35.918] Load MU model: Squad/Props/buttonsGeneric/clusterSwitches05
[LOG 14:12:35.919] Load MU model: Squad/Props/buttonsGeneric/clusterSwitches06
[LOG 14:12:35.919] Load MU model: Squad/Props/buttonsGeneric/clusterSwitches07
[LOG 14:12:35.919] Load MU model: Squad/Props/buttonsGeneric/directionalKnob
[LOG 14:12:35.919] Load MU model: Squad/Props/buttonsGeneric/directionalKnob2
[LOG 14:12:35.919] Load MU model: Squad/Props/buttonsGeneric/pullSwitch
[LOG 14:12:35.919] Load MU model: Squad/Props/buttonsGeneric/squareButton
[LOG 14:12:35.919] Load MU model: Squad/Props/buttonsGeneric/standingSwitch
[LOG 14:12:35.920] Load MU model: Squad/Props/buttonsGeneric/switch
[LOG 14:12:35.920] Load MU model: Squad/Props/buttonsGeneric/switchWithGuards
[LOG 14:12:35.920] Load MU model: Squad/Props/ButtonSquare/model
[LOG 14:12:35.920] Load MU model: Squad/Props/circularButton/model
[LOG 14:12:35.920] Load MU model: Squad/Props/Compass/model
[LOG 14:12:35.920] Load MU model: Squad/Props/directionalKnob/model
[LOG 14:12:35.920] Load MU model: Squad/Props/directionalKnob2/model
[LOG 14:12:35.921] Load MU model: Squad/Props/IndicatorPanel/model
[LOG 14:12:35.921] Load MU model: Squad/Props/IVANavBall/model
[LOG 14:12:35.921] Load MU model: Squad/Props/IVANavBallNoBase/model
[LOG 14:12:35.922] Load MU model: Squad/Props/ledPanelSpeed/model
[LOG 14:12:35.923] Load MU model: Squad/Props/Monitor/MonitorDockingMode
[LOG 14:12:35.923] Load MU model: Squad/Props/NavBall/model
[LOG 14:12:35.924] Load MU model: Squad/Props/PropsGeneric/Button_DockingMode
[LOG 14:12:35.924] Load MU model: Squad/Props/PropsGeneric/CargoBagA
[LOG 14:12:35.928] Load MU model: Squad/Props/PropsGeneric/CargoBagB
[LOG 14:12:35.928] Load MU model: Squad/Props/PropsGeneric/CargoBagC
[LOG 14:12:35.928] Load MU model: Squad/Props/PropsGeneric/Hatch_Plane
[LOG 14:12:35.928] Load MU model: Squad/Props/PropsGeneric/Hatch_Plane_Curve90
[LOG 14:12:35.928] Load MU model: Squad/Props/PropsGeneric/Hatch_Plane_Frame
[LOG 14:12:35.928] Load MU model: Squad/Props/PropsGeneric/Seat_Passenger
[LOG 14:12:35.928] Load MU model: Squad/Props/PropsGeneric/Seat_Pilot
[LOG 14:12:35.928] Load MU model: Squad/Props/PropsGeneric/Seat_Pilot_Helmet
[LOG 14:12:35.928] Load MU model: Squad/Props/PropsGeneric/SideStick
[LOG 14:12:35.928] Load MU model: Squad/Props/pullSwitch/model
[LOG 14:12:35.928] Load MU model: Squad/Props/radarAltitude/model
[LOG 14:12:35.929] Load MU model: Squad/Props/squareButton/model
[LOG 14:12:35.929] Load MU model: Squad/Props/standingSwitch/model
[LOG 14:12:35.929] Load MU model: Squad/Props/switch/model
[LOG 14:12:35.929] Load MU model: Squad/Props/switchGuard/model
[LOG 14:12:35.929] Load MU model: Squad/Props/switchWithGuards/model
[LOG 14:12:35.929] Load MU model: Squad/Props/throttle/model
[LOG 14:12:35.930] Load MU model: Squad/Props/VSI/model
[LOG 14:12:35.930] Load MU model: Squad/Spaces/crewCabinInternals/model
[LOG 14:12:35.931] Load MU model: Squad/Spaces/cupolaInternal/model
[LOG 14:12:35.933] Load MU model: Squad/Spaces/GenericSpace1/model
[LOG 14:12:35.934] Load MU model: Squad/Spaces/GenericSpace3/model
[LOG 14:12:35.936] Load MU model: Squad/Spaces/landerCabinInternals/model
[LOG 14:12:35.938] Load MU model: Squad/Spaces/landerCabinSmallInternal/model
[LOG 14:12:35.938] Load MU model: Squad/Spaces/LargeCrewedLabInternals/Large_Crewed_lab_Int
[LOG 14:12:35.939] Load MU model: Squad/Spaces/Mk1-3/model
[LOG 14:12:35.942] Load MU model: Squad/Spaces/mk1CabinInternal/mk1cabin
[LOG 14:12:35.944] Load MU model: Squad/Spaces/mk1CockpitInternal/Mk1StandardIVA
[LOG 14:12:35.946] Load MU model: Squad/Spaces/mk1InlineInternal/Mk1InlineIVA
[LOG 14:12:35.947] Load MU model: Squad/Spaces/mk1PodCockpit/model
[LOG 14:12:35.948] Load MU model: Squad/Spaces/mk1pod_IVA/mk1pod_IVA
[LOG 14:12:35.949] Load MU model: Squad/Spaces/mk2CockpitStandardInternal/model
[LOG 14:12:35.950] Load MU model: Squad/Spaces/Mk2CrewCabinInternal/MK2_CrewCab_Int
[LOG 14:12:35.951] Load MU model: Squad/Spaces/mk2InlineInternal/mk2InlineIVA
[LOG 14:12:35.953] Load MU model: Squad/Spaces/mk2LanderCanInternal/mk2LanderCanInternal
[LOG 14:12:35.954] Load MU model: Squad/Spaces/MK3CockpitInternal/MK3_Cockpit_Int
[LOG 14:12:35.955] Load MU model: Squad/Spaces/MK3_CrewCab_Int/MK3_CrewCab_Int
[LOG 14:12:35.960] Load MU model: Squad/Spaces/OverlayMasks/CupolaMask
[LOG 14:12:35.960] Load MU model: Squad/Spaces/OverlayMasks/HitchhikerBorder
[LOG 14:12:35.961] Load MU model: Squad/Spaces/OverlayMasks/HitchhikerMask
[LOG 14:12:35.961] Load MU model: Squad/Spaces/OverlayMasks/LargeLabBorder
[LOG 14:12:35.961] Load MU model: Squad/Spaces/OverlayMasks/LargeLabMask
[LOG 14:12:35.961] Load MU model: Squad/Spaces/OverlayMasks/Mk1CabinBorder
[LOG 14:12:35.961] Load MU model: Squad/Spaces/OverlayMasks/Mk1CabinMask
[LOG 14:12:35.961] Load MU model: Squad/Spaces/OverlayMasks/Mk1InlineMask
[LOG 14:12:35.962] Load MU model: Squad/Spaces/OverlayMasks/Mk1InlineMask2
[LOG 14:12:35.962] Load MU model: Squad/Spaces/OverlayMasks/Mk1StandardBorder2
[LOG 14:12:35.962] Load MU model: Squad/Spaces/OverlayMasks/Mk1StandardBorder3
[LOG 14:12:35.962] Load MU model: Squad/Spaces/OverlayMasks/Mk1StandardMask
[LOG 14:12:35.962] Load MU model: Squad/Spaces/OverlayMasks/Mk1StandardMask2
[LOG 14:12:35.962] Load MU model: Squad/Spaces/OverlayMasks/Mk1StandardMask3
[LOG 14:12:35.962] Load MU model: Squad/Spaces/OverlayMasks/Mk2CabinBorder
[LOG 14:12:35.962] Load MU model: Squad/Spaces/OverlayMasks/Mk2CabinMask
[LOG 14:12:35.962] Load MU model: Squad/Spaces/OverlayMasks/Mk2InlineBorder
[LOG 14:12:35.963] Load MU model: Squad/Spaces/OverlayMasks/Mk2InlineMask
[LOG 14:12:35.963] Load MU model: Squad/Spaces/OverlayMasks/Mk2StandardBorder
[LOG 14:12:35.963] Load MU model: Squad/Spaces/OverlayMasks/Mk2StandardMask
[LOG 14:12:35.963] Load MU model: Squad/Spaces/OverlayMasks/Mk3CabinBorder
[LOG 14:12:35.963] Load MU model: Squad/Spaces/OverlayMasks/Mk3CabinMask
[LOG 14:12:35.963] Load MU model: Squad/Spaces/OverlayMasks/Mk3CabinMask2
[LOG 14:12:35.963] Load MU model: Squad/Spaces/OverlayMasks/Mk3ShuttleBorder
[LOG 14:12:35.963] Load MU model: Squad/Spaces/OverlayMasks/Mk3ShuttleMask
[LOG 14:12:35.963] Load MU model: Squad/Spaces/OverlayMasks/Size1LanderBorder
[LOG 14:12:35.964] Load MU model: Squad/Spaces/OverlayMasks/Size1LanderMask
[LOG 14:12:35.964] Load MU model: Squad/Spaces/OverlayMasks/Size1PodBorder
[LOG 14:12:35.964] Load MU model: Squad/Spaces/OverlayMasks/Size1PodMask
[LOG 14:12:35.964] Load MU model: Squad/Spaces/OverlayMasks/Size2LanderBorder
[LOG 14:12:35.964] Load MU model: Squad/Spaces/OverlayMasks/Size2LanderMask
[LOG 14:12:35.964] Load MU model: Squad/Spaces/OverlayMasks/Size2PodBorder
[LOG 14:12:35.964] Load MU model: Squad/Spaces/OverlayMasks/Size2PodMask
[LOG 14:12:35.964] Load MU model: Squad/Spaces/Placeholder/PlaceholderIVA
[LOG 14:12:35.965] Load MU model: Squad/Spaces/PodCockpit/model
[LOG 14:12:35.967] Load MU model: SquadExpansion/MakingHistory/Parts/Aero/protectiveRocketNoseMk5A/Size_1_5_Cone
[LOG 14:12:35.968] Load MU model: SquadExpansion/MakingHistory/Parts/Coupling/Assets/EnginePlate
[LOG 14:12:35.968] Load MU model: SquadExpansion/MakingHistory/Parts/Coupling/Assets/InflatableAirlock
[LOG 14:12:35.969] Load MU model: SquadExpansion/MakingHistory/Parts/Coupling/Assets/Size1_5_Decoupler
[LOG 14:12:35.969] Load MU model: SquadExpansion/MakingHistory/Parts/Engine/Assets/KE-1
[LOG 14:12:35.974] Load MU model: SquadExpansion/MakingHistory/Parts/Engine/Assets/LV-T87
[LOG 14:12:35.975] Load MU model: SquadExpansion/MakingHistory/Parts/Engine/Assets/LV-T91
[LOG 14:12:35.976] Load MU model: SquadExpansion/MakingHistory/Parts/Engine/Assets/RE-I2
[LOG 14:12:35.978] Load MU model: SquadExpansion/MakingHistory/Parts/Engine/Assets/RE-J10
[LOG 14:12:35.978] Load MU model: SquadExpansion/MakingHistory/Parts/Engine/Assets/RK-7
[LOG 14:12:35.980] Load MU model: SquadExpansion/MakingHistory/Parts/Engine/Assets/RV-1
[LOG 14:12:35.980] Load MU model: SquadExpansion/MakingHistory/Parts/Engine/solidBoosterTHK/solidBoosterTHK
[LOG 14:12:35.981] Load MU model: SquadExpansion/MakingHistory/Parts/FuelTank/Assets/MiniMonoTank
[LOG 14:12:35.981] Load MU model: SquadExpansion/MakingHistory/Parts/FuelTank/Assets/Size1_5_Size0_Adapter_01
[LOG 14:12:35.981] Load MU model: SquadExpansion/MakingHistory/Parts/FuelTank/Assets/Size1_5_Size1_Adapter_01
[LOG 14:12:35.981] Load MU model: SquadExpansion/MakingHistory/Parts/FuelTank/Assets/Size1_5_Size1_Adapter_02
[LOG 14:12:35.982] Load MU model: SquadExpansion/MakingHistory/Parts/FuelTank/Assets/Size1_5_Size2_Adapter_01
[LOG 14:12:35.982] Load MU model: SquadExpansion/MakingHistory/Parts/FuelTank/Assets/Size1_5_Tank_01
[LOG 14:12:35.982] Load MU model: SquadExpansion/MakingHistory/Parts/FuelTank/Assets/Size1_5_Tank_02
[LOG 14:12:35.982] Load MU model: SquadExpansion/MakingHistory/Parts/FuelTank/Assets/Size1_5_Tank_03
[LOG 14:12:35.983] Load MU model: SquadExpansion/MakingHistory/Parts/FuelTank/Assets/Size1_5_Tank_04
[LOG 14:12:35.983] Load MU model: SquadExpansion/MakingHistory/Parts/FuelTank/Assets/Size1_5_Tank_05
[LOG 14:12:35.983] Load MU model: SquadExpansion/MakingHistory/Parts/FuelTank/Assets/Size3_Size4_Adapter_01
[LOG 14:12:35.984] Load MU model: SquadExpansion/MakingHistory/Parts/FuelTank/Assets/Size4_EngineAdapter_01
[LOG 14:12:35.984] Load MU model: SquadExpansion/MakingHistory/Parts/FuelTank/Assets/Size4_Tank_01
[LOG 14:12:35.984] Load MU model: SquadExpansion/MakingHistory/Parts/FuelTank/Assets/Size4_Tank_02
[LOG 14:12:35.985] Load MU model: SquadExpansion/MakingHistory/Parts/FuelTank/Assets/Size4_Tank_03
[LOG 14:12:35.985] Load MU model: SquadExpansion/MakingHistory/Parts/FuelTank/Assets/Size4_Tank_04
[LOG 14:12:35.985] Load MU model: SquadExpansion/MakingHistory/Parts/FuelTank/Assets/Size_1p5_Monoprop
[LOG 14:12:35.986] Load MU model: SquadExpansion/MakingHistory/Parts/Ground/Assets/RoverWheel
[WRN 14:12:35.987] WheelCollider requires an attached Rigidbody to function.
[WRN 14:12:35.987] WheelCollider requires an attached Rigidbody to function.
[LOG 14:12:35.987] Load MU model: SquadExpansion/MakingHistory/Parts/Payload/Assets/ServiceModule18
[LOG 14:12:35.988] Load MU model: SquadExpansion/MakingHistory/Parts/Payload/Assets/ServiceModule25
[LOG 14:12:35.989] Load MU model: SquadExpansion/MakingHistory/Parts/Payload/Assets/Size1to0ServiceModule
[LOG 14:12:35.989] Load MU model: SquadExpansion/MakingHistory/Parts/Pods/Assets/Mk2Pod
[LOG 14:12:35.990] Load MU model: SquadExpansion/MakingHistory/Parts/Pods/Assets/RoundPod
[LOG 14:12:35.990] Load MU model: SquadExpansion/MakingHistory/Parts/Pods/Assets/Size1_5_Lander
[LOG 14:12:35.991] Load MU model: SquadExpansion/MakingHistory/Parts/SharedAssets/Shroud1p5x0
[LOG 14:12:35.991] Load MU model: SquadExpansion/MakingHistory/Parts/SharedAssets/Shroud1p5x1
[LOG 14:12:35.991] Load MU model: SquadExpansion/MakingHistory/Parts/SharedAssets/Shroud1p5x2
[LOG 14:12:35.991] Load MU model: SquadExpansion/MakingHistory/Parts/SharedAssets/Shroud1p5x3
[LOG 14:12:35.991] Load MU model: SquadExpansion/MakingHistory/Parts/SharedAssets/Shroud1p5x4
[LOG 14:12:35.991] Load MU model: SquadExpansion/MakingHistory/Parts/SharedAssets/Shroud1x0
[LOG 14:12:35.991] Load MU model: SquadExpansion/MakingHistory/Parts/SharedAssets/Shroud1x1
[LOG 14:12:35.992] Load MU model: SquadExpansion/MakingHistory/Parts/SharedAssets/Shroud1x2
[LOG 14:12:35.992] Load MU model: SquadExpansion/MakingHistory/Parts/SharedAssets/Shroud1x3
[LOG 14:12:35.992] Load MU model: SquadExpansion/MakingHistory/Parts/SharedAssets/Shroud1x4
[LOG 14:12:35.992] Load MU model: SquadExpansion/MakingHistory/Parts/SharedAssets/Shroud2x0
[LOG 14:12:35.992] Load MU model: SquadExpansion/MakingHistory/Parts/SharedAssets/Shroud2x1
[LOG 14:12:35.993] Load MU model: SquadExpansion/MakingHistory/Parts/SharedAssets/Shroud2x2
[LOG 14:12:35.994] Load MU model: SquadExpansion/MakingHistory/Parts/SharedAssets/Shroud2x3
[LOG 14:12:35.994] Load MU model: SquadExpansion/MakingHistory/Parts/SharedAssets/Shroud2x4
[LOG 14:12:35.994] Load MU model: SquadExpansion/MakingHistory/Parts/SharedAssets/Shroud3x0
[LOG 14:12:35.994] Load MU model: SquadExpansion/MakingHistory/Parts/SharedAssets/Shroud3x1
[LOG 14:12:35.995] Load MU model: SquadExpansion/MakingHistory/Parts/SharedAssets/Shroud3x2
[LOG 14:12:35.995] Load MU model: SquadExpansion/MakingHistory/Parts/SharedAssets/Shroud3x3
[LOG 14:12:35.995] Load MU model: SquadExpansion/MakingHistory/Parts/SharedAssets/Shroud3x4
[LOG 14:12:35.995] Load MU model: SquadExpansion/MakingHistory/Parts/SharedAssets/Shroud4x0
[LOG 14:12:35.995] Load MU model: SquadExpansion/MakingHistory/Parts/SharedAssets/Shroud4x1
[LOG 14:12:35.995] Load MU model: SquadExpansion/MakingHistory/Parts/SharedAssets/Shroud4x2
[LOG 14:12:35.995] Load MU model: SquadExpansion/MakingHistory/Parts/SharedAssets/Shroud4x3
[LOG 14:12:35.996] Load MU model: SquadExpansion/MakingHistory/Parts/SharedAssets/Shroud4x4
[LOG 14:12:35.996] Load MU model: SquadExpansion/MakingHistory/Parts/SharedAssets/ShroudCollider0
[LOG 14:12:35.996] Load MU model: SquadExpansion/MakingHistory/Parts/SharedAssets/ShroudCollider1
[LOG 14:12:35.996] Load MU model: SquadExpansion/MakingHistory/Parts/SharedAssets/ShroudCollider1p5
[LOG 14:12:35.997] Load MU model: SquadExpansion/MakingHistory/Parts/SharedAssets/ShroudCollider2
[LOG 14:12:35.997] Load MU model: SquadExpansion/MakingHistory/Parts/SharedAssets/ShroudCollider3
[LOG 14:12:35.998] Load MU model: SquadExpansion/MakingHistory/Parts/SharedAssets/ShroudCollider4
[LOG 14:12:35.998] Load MU model: SquadExpansion/MakingHistory/Parts/Structural/Assets/EquiTriangle0
[LOG 14:12:35.998] Load MU model: SquadExpansion/MakingHistory/Parts/Structural/Assets/EquiTriangle1
[LOG 14:12:35.999] Load MU model: SquadExpansion/MakingHistory/Parts/Structural/Assets/EquiTriangle1p5
[LOG 14:12:35.999] Load MU model: SquadExpansion/MakingHistory/Parts/Structural/Assets/EquiTriangle2
[LOG 14:12:35.999] Load MU model: SquadExpansion/MakingHistory/Parts/Structural/Assets/Panel0
[LOG 14:12:35.999] Load MU model: SquadExpansion/MakingHistory/Parts/Structural/Assets/Panel1
[LOG 14:12:35.999] Load MU model: SquadExpansion/MakingHistory/Parts/Structural/Assets/Panel1p5
[LOG 14:12:35.999] Load MU model: SquadExpansion/MakingHistory/Parts/Structural/Assets/Panel2
[LOG 14:12:35.999] Load MU model: SquadExpansion/MakingHistory/Parts/Structural/Assets/Triangle0
[LOG 14:12:36.000] Load MU model: SquadExpansion/MakingHistory/Parts/Structural/Assets/Triangle1
[LOG 14:12:36.000] Load MU model: SquadExpansion/MakingHistory/Parts/Structural/Assets/Triangle1p5
[LOG 14:12:36.000] Load MU model: SquadExpansion/MakingHistory/Parts/Structural/Assets/Triangle2
[LOG 14:12:36.000] Load MU model: SquadExpansion/MakingHistory/Parts/Utility/flags/flagSize1p5/flagSize1p5Meshes
[LOG 14:12:36.001] Load MU model: SquadExpansion/MakingHistory/Parts/Utility/flags/flagSize4/flagSize4Meshes
[LOG 14:12:36.003] Load MU model: SquadExpansion/MakingHistory/Spaces/KVPods/Airlock_IVA
[LOG 14:12:36.003] Load MU model: SquadExpansion/MakingHistory/Spaces/KVPods/KV1_IVA
[LOG 14:12:36.004] Load MU model: SquadExpansion/MakingHistory/Spaces/KVPods/KV2_IVA
[LOG 14:12:36.006] Load MU model: SquadExpansion/MakingHistory/Spaces/KVPods/KV3_IVA
[LOG 14:12:36.008] Load MU model: SquadExpansion/MakingHistory/Spaces/MEM/MEM_IVA
[LOG 14:12:36.010] Load MU model: SquadExpansion/MakingHistory/Spaces/Mk2Pod/MK2POD_IVA
[LOG 14:12:36.011] Load MU model: SquadExpansion/Serenity/Parts/Aero/Assets/FanShroud_01
[LOG 14:12:36.011] Load MU model: SquadExpansion/Serenity/Parts/Aero/Assets/FanShroud_02
[LOG 14:12:36.012] Load MU model: SquadExpansion/Serenity/Parts/Aero/Assets/FanShroud_03
[LOG 14:12:36.013] Load MU model: SquadExpansion/Serenity/Parts/Aero/Assets/noseconeTiny
[LOG 14:12:36.013] Load MU model: SquadExpansion/Serenity/Parts/Aero/Assets/noseconeVS
[LOG 14:12:36.013] Load MU model: SquadExpansion/Serenity/Parts/DeployedScience/Assets/CentralStation
[LOG 14:12:36.015] Load MU model: SquadExpansion/Serenity/Parts/DeployedScience/Assets/GoExOb
[LOG 14:12:36.017] Load MU model: SquadExpansion/Serenity/Parts/DeployedScience/Assets/IonExperiment
[LOG 14:12:36.018] Load MU model: SquadExpansion/Serenity/Parts/DeployedScience/Assets/RTGCask
[LOG 14:12:36.019] Load MU model: SquadExpansion/Serenity/Parts/DeployedScience/Assets/satDish
[LOG 14:12:36.022] Load MU model: SquadExpansion/Serenity/Parts/DeployedScience/Assets/seismicSensor
[LOG 14:12:36.027] Load MU model: SquadExpansion/Serenity/Parts/DeployedScience/Assets/solarPanel
[LOG 14:12:36.030] Load MU model: SquadExpansion/Serenity/Parts/DeployedScience/Assets/WeatherStation
[LOG 14:12:36.034] Load MU model: SquadExpansion/Serenity/Parts/Propellers/Assets/largeFanBlade
[LOG 14:12:36.034] Load MU model: SquadExpansion/Serenity/Parts/Propellers/Assets/largeHeliBlade
[LOG 14:12:36.034] Load MU model: SquadExpansion/Serenity/Parts/Propellers/Assets/largePropeller
[LOG 14:12:36.035] Load MU model: SquadExpansion/Serenity/Parts/Propellers/Assets/mediumFanBlade
[LOG 14:12:36.035] Load MU model: SquadExpansion/Serenity/Parts/Propellers/Assets/mediumHeliBlade
[LOG 14:12:36.035] Load MU model: SquadExpansion/Serenity/Parts/Propellers/Assets/mediumPropeller
[LOG 14:12:36.035] Load MU model: SquadExpansion/Serenity/Parts/Propellers/Assets/smallFanBlade
[LOG 14:12:36.036] Load MU model: SquadExpansion/Serenity/Parts/Propellers/Assets/smallHeliBlade
[LOG 14:12:36.036] Load MU model: SquadExpansion/Serenity/Parts/Propellers/Assets/smallPropeller
[LOG 14:12:36.036] Load MU model: SquadExpansion/Serenity/Parts/Robotics/Assets/hinge_01
[LOG 14:12:36.036] Load MU model: SquadExpansion/Serenity/Parts/Robotics/Assets/hinge_01_s
[LOG 14:12:36.037] Load MU model: SquadExpansion/Serenity/Parts/Robotics/Assets/hinge_03
[LOG 14:12:36.037] Load MU model: SquadExpansion/Serenity/Parts/Robotics/Assets/hinge_03_s
[LOG 14:12:36.037] Load MU model: SquadExpansion/Serenity/Parts/Robotics/Assets/hinge_04
[LOG 14:12:36.037] Load MU model: SquadExpansion/Serenity/Parts/Robotics/Assets/piston_01
[LOG 14:12:36.038] Load MU model: SquadExpansion/Serenity/Parts/Robotics/Assets/piston_02
[LOG 14:12:36.038] Load MU model: SquadExpansion/Serenity/Parts/Robotics/Assets/piston_03
[LOG 14:12:36.038] Load MU model: SquadExpansion/Serenity/Parts/Robotics/Assets/piston_04
[LOG 14:12:36.039] Load MU model: SquadExpansion/Serenity/Parts/Robotics/Assets/RotorEngine_02
[LOG 14:12:36.039] Load MU model: SquadExpansion/Serenity/Parts/Robotics/Assets/RotorEngine_03
[LOG 14:12:36.040] Load MU model: SquadExpansion/Serenity/Parts/Robotics/Assets/rotor_01
[LOG 14:12:36.041] Load MU model: SquadExpansion/Serenity/Parts/Robotics/Assets/rotor_01s
[LOG 14:12:36.041] Load MU model: SquadExpansion/Serenity/Parts/Robotics/Assets/rotor_02
[LOG 14:12:36.042] Load MU model: SquadExpansion/Serenity/Parts/Robotics/Assets/rotor_02s
[LOG 14:12:36.043] Load MU model: SquadExpansion/Serenity/Parts/Robotics/Assets/rotor_03
[LOG 14:12:36.043] Load MU model: SquadExpansion/Serenity/Parts/Robotics/Assets/rotor_03s
[LOG 14:12:36.044] Load MU model: SquadExpansion/Serenity/Parts/Robotics/Assets/RotoServo_00
[LOG 14:12:36.044] Load MU model: SquadExpansion/Serenity/Parts/Robotics/Assets/RotoServo_02
[LOG 14:12:36.045] Load MU model: SquadExpansion/Serenity/Parts/Robotics/Assets/RotoServo_03
[LOG 14:12:36.045] Load MU model: SquadExpansion/Serenity/Parts/Robotics/Assets/RotoServo_04
[LOG 14:12:36.045] Load MU model: SquadExpansion/Serenity/Parts/Robotics/Controllers/controller1000
[LOG 14:12:36.045] Load MU model: SquadExpansion/Serenity/Parts/Science/RobotArmScanner/Assets/ROCArm_01
[LOG 14:12:36.046] Load MU model: SquadExpansion/Serenity/Parts/Science/RobotArmScanner/Assets/ROCArm_02
[LOG 14:12:36.048] Load MU model: SquadExpansion/Serenity/Parts/Science/RobotArmScanner/Assets/ROCArm_03
[LOG 14:12:36.050] Load MU model: SquadExpansion/Serenity/Parts/Structural/gripPads/Assets/lGripPad
[LOG 14:12:36.051] Load MU model: SquadExpansion/Serenity/Parts/Structural/gripPads/Assets/lGripStrip
[LOG 14:12:36.051] Load MU model: SquadExpansion/Serenity/Parts/Structural/gripPads/Assets/mGripPad
[LOG 14:12:36.051] Load MU model: SquadExpansion/Serenity/Parts/Structural/gripPads/Assets/sGripPad
[LOG 14:12:36.052] Load MU model: SquadExpansion/Serenity/Parts/Structural/gripPads/Assets/sGripStrip
[LOG 14:12:36.052] Loading Asset Bundle Definitions
[LOG 14:12:36.053] AssetLoader: Loading bundle definitions
[LOG 14:12:36.185] AssetLoader: Loaded bundle 'squadcore'
[LOG 14:12:36.186] AssetLoader: Loaded bundle 'squadcorefx'
[LOG 14:12:36.186] AssetLoader: Loaded mod bundle 'kspedia'
[LOG 14:12:36.187] AssetLoader: Loaded mod bundle 'kspedia_actionsets'
[LOG 14:12:36.187] AssetLoader: Loaded mod bundle 'kspedia_aircraft'
[LOG 14:12:36.187] AssetLoader: Loaded mod bundle 'kspedia_aircraftbasics'
[LOG 14:12:36.188] AssetLoader: Loaded mod bundle 'kspedia_aircraftbasicsbalance'
[LOG 14:12:36.188] AssetLoader: Loaded mod bundle 'kspedia_aircraftbasicsbalance2'
[LOG 14:12:36.188] AssetLoader: Loaded mod bundle 'kspedia_aircraftbasicscol'
[LOG 14:12:36.189] AssetLoader: Loaded mod bundle 'kspedia_aircraftbasicscontrol'
[LOG 14:12:36.189] AssetLoader: Loaded mod bundle 'kspedia_aircraftbasicscontrolsurfaces'
[LOG 14:12:36.189] AssetLoader: Loaded mod bundle 'kspedia_aircraftbasicsdrag'
[LOG 14:12:36.189] AssetLoader: Loaded mod bundle 'kspedia_aircraftbasicsengines'
[LOG 14:12:36.190] AssetLoader: Loaded mod bundle 'kspedia_aircraftbasicsforces'
[LOG 14:12:36.190] AssetLoader: Loaded mod bundle 'kspedia_aircraftbasicsintakes'
[LOG 14:12:36.190] AssetLoader: Loaded mod bundle 'kspedia_aircraftbasicslandinggear'
[LOG 14:12:36.190] AssetLoader: Loaded mod bundle 'kspedia_aircraftbasicslift'
[LOG 14:12:36.191] AssetLoader: Loaded mod bundle 'kspedia_axisgroups'
[LOG 14:12:36.191] AssetLoader: Loaded mod bundle 'kspedia_career'
[LOG 14:12:36.191] AssetLoader: Loaded mod bundle 'kspedia_careerbasicscontracts'
[LOG 14:12:36.192] AssetLoader: Loaded mod bundle 'kspedia_careerbasicscrew'
[LOG 14:12:36.192] AssetLoader: Loaded mod bundle 'kspedia_careerbasicscurrencies'
[LOG 14:12:36.192] AssetLoader: Loaded mod bundle 'kspedia_careerbasicsexperience'
[LOG 14:12:36.192] AssetLoader: Loaded mod bundle 'kspedia_careerbasicsfacilities'
[LOG 14:12:36.193] AssetLoader: Loaded mod bundle 'kspedia_careerbasicsstrategies'
[LOG 14:12:36.193] AssetLoader: Loaded mod bundle 'kspedia_careerbasicstechnology'
[LOG 14:12:36.193] AssetLoader: Loaded mod bundle 'kspedia_careerui-ac'
[LOG 14:12:36.193] AssetLoader: Loaded mod bundle 'kspedia_careerui-admin'
[LOG 14:12:36.194] AssetLoader: Loaded mod bundle 'kspedia_careerui-ksc'
[LOG 14:12:36.194] AssetLoader: Loaded mod bundle 'kspedia_careerui-mc'
[LOG 14:12:36.194] AssetLoader: Loaded mod bundle 'kspedia_careerui-sciencearchives'
[LOG 14:12:36.195] AssetLoader: Loaded mod bundle 'kspedia_careerui-techtree'
[LOG 14:12:36.195] AssetLoader: Loaded mod bundle 'kspedia_careerui-ts'
[LOG 14:12:36.195] AssetLoader: Loaded mod bundle 'kspedia_careerui'
[LOG 14:12:36.195] AssetLoader: Loaded mod bundle 'kspedia_cargoapp'
[LOG 14:12:36.196] AssetLoader: Loaded mod bundle 'kspedia_cargomode'
[LOG 14:12:36.196] AssetLoader: Loaded mod bundle 'kspedia_cargosystem-placeableparts'
[LOG 14:12:36.196] AssetLoader: Loaded mod bundle 'kspedia_cargosystem'
[LOG 14:12:36.197] AssetLoader: Loaded mod bundle 'kspedia_chute'
[LOG 14:12:36.197] AssetLoader: Loaded mod bundle 'kspedia_commnet'
[LOG 14:12:36.197] AssetLoader: Loaded mod bundle 'kspedia_commnetbasics'
[LOG 14:12:36.197] AssetLoader: Loaded mod bundle 'kspedia_commnetbuildingeffectivenetworks'
[LOG 14:12:36.198] AssetLoader: Loaded mod bundle 'kspedia_commnetcalculatingrange'
[LOG 14:12:36.198] AssetLoader: Loaded mod bundle 'kspedia_commnetcontrollevels'
[LOG 14:12:36.198] AssetLoader: Loaded mod bundle 'kspedia_commnetcontrollinks'
[LOG 14:12:36.198] AssetLoader: Loaded mod bundle 'kspedia_commnetcontrolpoints'
[LOG 14:12:36.198] AssetLoader: Loaded mod bundle 'kspedia_commnetgui'
[LOG 14:12:36.199] AssetLoader: Loaded mod bundle 'kspedia_commnetgui01'
[LOG 14:12:36.199] AssetLoader: Loaded mod bundle 'kspedia_commnetgui02'
[LOG 14:12:36.199] AssetLoader: Loaded mod bundle 'kspedia_commnetrange'
[LOG 14:12:36.199] AssetLoader: Loaded mod bundle 'kspedia_commnetrelays'
[LOG 14:12:36.199] AssetLoader: Loaded mod bundle 'kspedia_commnetsciencetransmission'
[LOG 14:12:36.200] AssetLoader: Loaded mod bundle 'kspedia_commnetsignalstrength'
[LOG 14:12:36.200] AssetLoader: Loaded mod bundle 'kspedia_commnettransmission'
[LOG 14:12:36.200] AssetLoader: Loaded mod bundle 'kspedia_constructionui-actiongroups'
[LOG 14:12:36.200] AssetLoader: Loaded mod bundle 'kspedia_constructionui-applauncher'
[LOG 14:12:36.201] AssetLoader: Loaded mod bundle 'kspedia_constructionui-crew'
[LOG 14:12:36.201] AssetLoader: Loaded mod bundle 'kspedia_constructionui-engineersreport'
[LOG 14:12:36.201] AssetLoader: Loaded mod bundle 'kspedia_constructionui-gizmos'
[LOG 14:12:36.201] AssetLoader: Loaded mod bundle 'kspedia_constructionui-infos'
[LOG 14:12:36.202] AssetLoader: Loaded mod bundle 'kspedia_constructionui-partdetails'
[LOG 14:12:36.202] AssetLoader: Loaded mod bundle 'kspedia_constructionui-parts'
[LOG 14:12:36.202] AssetLoader: Loaded mod bundle 'kspedia_constructionui-symmetry'
[LOG 14:12:36.203] AssetLoader: Loaded mod bundle 'kspedia_constructionui-vesseldetails'
[LOG 14:12:36.203] AssetLoader: Loaded mod bundle 'kspedia_constructionui'
[LOG 14:12:36.203] AssetLoader: Loaded mod bundle 'kspedia_controls-dockingmode'
[LOG 14:12:36.203] AssetLoader: Loaded mod bundle 'kspedia_controls-editor'
[LOG 14:12:36.204] AssetLoader: Loaded mod bundle 'kspedia_controls-editorgizmos'
[LOG 14:12:36.204] AssetLoader: Loaded mod bundle 'kspedia_controls-eva'
[LOG 14:12:36.204] AssetLoader: Loaded mod bundle 'kspedia_controls-flight'
[LOG 14:12:36.204] AssetLoader: Loaded mod bundle 'kspedia_controls-flightactivities'
[LOG 14:12:36.205] AssetLoader: Loaded mod bundle 'kspedia_controls-flightdirections'
[LOG 14:12:36.205] AssetLoader: Loaded mod bundle 'kspedia_controls-general'
[LOG 14:12:36.205] AssetLoader: Loaded mod bundle 'kspedia_controls-mapandtime'
[LOG 14:12:36.205] AssetLoader: Loaded mod bundle 'kspedia_controls-mouseconstruction'
[LOG 14:12:36.206] AssetLoader: Loaded mod bundle 'kspedia_controls-mouseflight'
[LOG 14:12:36.206] AssetLoader: Loaded mod bundle 'kspedia_controls-rcs'
[LOG 14:12:36.206] AssetLoader: Loaded mod bundle 'kspedia_controls'
[LOG 14:12:36.207] AssetLoader: Loaded mod bundle 'kspedia_eastereggs'
[LOG 14:12:36.207] AssetLoader: Loaded mod bundle 'kspedia_evaconstructionmode'
[LOG 14:12:36.207] AssetLoader: Loaded mod bundle 'kspedia_facilities-ac'
[LOG 14:12:36.207] AssetLoader: Loaded mod bundle 'kspedia_facilities-admin'
[LOG 14:12:36.208] AssetLoader: Loaded mod bundle 'kspedia_facilities-context'
[LOG 14:12:36.208] AssetLoader: Loaded mod bundle 'kspedia_facilities-ksc'
[LOG 14:12:36.208] AssetLoader: Loaded mod bundle 'kspedia_facilities-launchpad'
[LOG 14:12:36.208] AssetLoader: Loaded mod bundle 'kspedia_facilities-mc'
[LOG 14:12:36.209] AssetLoader: Loaded mod bundle 'kspedia_facilities-randd'
[LOG 14:12:36.209] AssetLoader: Loaded mod bundle 'kspedia_facilities-runway'
[LOG 14:12:36.209] AssetLoader: Loaded mod bundle 'kspedia_facilities-sph'
[LOG 14:12:36.209] AssetLoader: Loaded mod bundle 'kspedia_facilities-ts'
[LOG 14:12:36.210] AssetLoader: Loaded mod bundle 'kspedia_facilities-vab'
[LOG 14:12:36.210] AssetLoader: Loaded mod bundle 'kspedia_flightui-altimeter'
[LOG 14:12:36.210] AssetLoader: Loaded mod bundle 'kspedia_flightui-applauncher'
[LOG 14:12:36.210] AssetLoader: Loaded mod bundle 'kspedia_flightui-evaactivities'
[LOG 14:12:36.211] AssetLoader: Loaded mod bundle 'kspedia_flightui-maneuvermodeeditor'
[LOG 14:12:36.211] AssetLoader: Loaded mod bundle 'kspedia_flightui-maneuvermodeeditorcont'
[LOG 14:12:36.211] AssetLoader: Loaded mod bundle 'kspedia_flightui-maneuvermodeorbit'
[LOG 14:12:36.211] AssetLoader: Loaded mod bundle 'kspedia_flightui-maneuvertoolinfo'
[LOG 14:12:36.212] AssetLoader: Loaded mod bundle 'kspedia_flightui-maneuvertoolmain'
[LOG 14:12:36.212] AssetLoader: Loaded mod bundle 'kspedia_flightui-modecontrol'
[LOG 14:12:36.212] AssetLoader: Loaded mod bundle 'kspedia_flightui-navball'
[LOG 14:12:36.212] AssetLoader: Loaded mod bundle 'kspedia_flightui-partrepairs'
[LOG 14:12:36.213] AssetLoader: Loaded mod bundle 'kspedia_flightui-portraits'
[LOG 14:12:36.213] AssetLoader: Loaded mod bundle 'kspedia_flightui-staging'
[LOG 14:12:36.213] AssetLoader: Loaded mod bundle 'kspedia_flightui-timeandaction'
[LOG 14:12:36.214] AssetLoader: Loaded mod bundle 'kspedia_flightui'
[LOG 14:12:36.214] AssetLoader: Loaded mod bundle 'kspedia_heat'
[LOG 14:12:36.214] AssetLoader: Loaded mod bundle 'kspedia_heatactiveradiators'
[LOG 14:12:36.215] AssetLoader: Loaded mod bundle 'kspedia_heatengines'
[LOG 14:12:36.215] AssetLoader: Loaded mod bundle 'kspedia_heatflow'
[LOG 14:12:36.215] AssetLoader: Loaded mod bundle 'kspedia_heatpart'
[LOG 14:12:36.215] AssetLoader: Loaded mod bundle 'kspedia_heatpassiveradiators'
[LOG 14:12:36.216] AssetLoader: Loaded mod bundle 'kspedia_heatshields'
[LOG 14:12:36.216] AssetLoader: Loaded mod bundle 'kspedia_kerbnet'
[LOG 14:12:36.216] AssetLoader: Loaded mod bundle 'kspedia_kerbnetinterface'
[LOG 14:12:36.217] AssetLoader: Loaded mod bundle 'kspedia_kerbnetmodes'
[LOG 14:12:36.217] AssetLoader: Loaded mod bundle 'kspedia_kerbnetwaypoints'
[LOG 14:12:36.217] AssetLoader: Loaded mod bundle 'kspedia_locations'
[LOG 14:12:36.217] AssetLoader: Loaded mod bundle 'kspedia_manual'
[LOG 14:12:36.218] AssetLoader: Loaded mod bundle 'kspedia_mapui-alarmclockcreation'
[LOG 14:12:36.218] AssetLoader: Loaded mod bundle 'kspedia_mapui-alarmclockmain'
[LOG 14:12:36.218] AssetLoader: Loaded mod bundle 'kspedia_mapui-burnindicator'
[LOG 14:12:36.218] AssetLoader: Loaded mod bundle 'kspedia_mapui-dvtoolsflight'
[LOG 14:12:36.219] AssetLoader: Loaded mod bundle 'kspedia_mapui-dvtoolsvab'
[LOG 14:12:36.219] AssetLoader: Loaded mod bundle 'kspedia_mapui-mannodes'
[LOG 14:12:36.219] AssetLoader: Loaded mod bundle 'kspedia_mapui-orbitnodes'
[LOG 14:12:36.220] AssetLoader: Loaded mod bundle 'kspedia_mapui-orbitnodes2'
[LOG 14:12:36.220] AssetLoader: Loaded mod bundle 'kspedia_mapui'
[LOG 14:12:36.220] AssetLoader: Loaded mod bundle 'kspedia_orbitalbasics-atmosphere'
[LOG 14:12:36.220] AssetLoader: Loaded mod bundle 'kspedia_orbitalbasics-gettingbackdown'
[LOG 14:12:36.221] AssetLoader: Loaded mod bundle 'kspedia_orbitalbasics-gettingupthere'
[LOG 14:12:36.221] AssetLoader: Loaded mod bundle 'kspedia_orbitalbasics-gravityturn'
[LOG 14:12:36.221] AssetLoader: Loaded mod bundle 'kspedia_orbitalbasics-orbits'
[LOG 14:12:36.221] AssetLoader: Loaded mod bundle 'kspedia_orbitalbasics-stayingupthere'
[LOG 14:12:36.222] AssetLoader: Loaded mod bundle 'kspedia_orbitalbasics'
[LOG 14:12:36.222] AssetLoader: Loaded mod bundle 'kspedia_orbitaldefinitions-appe'
[LOG 14:12:36.222] AssetLoader: Loaded mod bundle 'kspedia_orbitaldefinitions-dirandinc'
[LOG 14:12:36.222] AssetLoader: Loaded mod bundle 'kspedia_orbitaldefinitions-directions'
[LOG 14:12:36.223] AssetLoader: Loaded mod bundle 'kspedia_orbitaldefinitions-eccentricity'
[LOG 14:12:36.223] AssetLoader: Loaded mod bundle 'kspedia_orbitaldefinitions'
[LOG 14:12:36.223] AssetLoader: Loaded mod bundle 'kspedia_orbitalmaneuvers-adjustinginclination'
[LOG 14:12:36.223] AssetLoader: Loaded mod bundle 'kspedia_orbitalmaneuvers-deltav'
[LOG 14:12:36.224] AssetLoader: Loaded mod bundle 'kspedia_orbitalmaneuvers-efficiency'
[LOG 14:12:36.224] AssetLoader: Loaded mod bundle 'kspedia_orbitalmaneuvers-hohmanntransfer'
[LOG 14:12:36.224] AssetLoader: Loaded mod bundle 'kspedia_orbitalmaneuvers-hohmanntransfer2'
[LOG 14:12:36.224] AssetLoader: Loaded mod bundle 'kspedia_orbitalmaneuvers-orbittypes'
[LOG 14:12:36.225] AssetLoader: Loaded mod bundle 'kspedia_orbitalmaneuvers-radandantirad'
[LOG 14:12:36.225] AssetLoader: Loaded mod bundle 'kspedia_orbitalmaneuvers-shapingup'
[LOG 14:12:36.225] AssetLoader: Loaded mod bundle 'kspedia_orbitalmaneuvers'
[LOG 14:12:36.226] AssetLoader: Loaded mod bundle 'kspedia_planets-dres'
[LOG 14:12:36.226] AssetLoader: Loaded mod bundle 'kspedia_planets-duna'
[LOG 14:12:36.226] AssetLoader: Loaded mod bundle 'kspedia_planets-eeloo'
[LOG 14:12:36.226] AssetLoader: Loaded mod bundle 'kspedia_planets-eve'
[LOG 14:12:36.227] AssetLoader: Loaded mod bundle 'kspedia_planets-jool'
[LOG 14:12:36.227] AssetLoader: Loaded mod bundle 'kspedia_planets-kerbin'
[LOG 14:12:36.227] AssetLoader: Loaded mod bundle 'kspedia_planets-moho'
[LOG 14:12:36.227] AssetLoader: Loaded mod bundle 'kspedia_planets-sun'
[LOG 14:12:36.228] AssetLoader: Loaded mod bundle 'kspedia_planets-system'
[LOG 14:12:36.228] AssetLoader: Loaded mod bundle 'kspedia_resources-asteroidmining'
[LOG 14:12:36.228] AssetLoader: Loaded mod bundle 'kspedia_resources-conversionmanagement'
[LOG 14:12:36.228] AssetLoader: Loaded mod bundle 'kspedia_resources-drilling'
[LOG 14:12:36.229] AssetLoader: Loaded mod bundle 'kspedia_resources-findingit'
[LOG 14:12:36.229] AssetLoader: Loaded mod bundle 'kspedia_resources-findingit2'
[LOG 14:12:36.229] AssetLoader: Loaded mod bundle 'kspedia_resources-storageandconversion'
[LOG 14:12:36.229] AssetLoader: Loaded mod bundle 'kspedia_resources'
[LOG 14:12:36.230] AssetLoader: Loaded mod bundle 'kspedia_rocketry'
[LOG 14:12:36.230] AssetLoader: Loaded mod bundle 'kspedia_rocketryadvanced-fairings'
[LOG 14:12:36.230] AssetLoader: Loaded mod bundle 'kspedia_rocketryadvanced-girders'
[LOG 14:12:36.230] AssetLoader: Loaded mod bundle 'kspedia_rocketryadvanced'
[LOG 14:12:36.231] AssetLoader: Loaded mod bundle 'kspedia_rocketrybasics'
[LOG 14:12:36.231] AssetLoader: Loaded mod bundle 'kspedia_rocketrybasicsaero'
[LOG 14:12:36.231] AssetLoader: Loaded mod bundle 'kspedia_rocketrybasicscentered'
[LOG 14:12:36.231] AssetLoader: Loaded mod bundle 'kspedia_rocketrybasicschutes'
[LOG 14:12:36.232] AssetLoader: Loaded mod bundle 'kspedia_rocketrybasicscontrol'
[LOG 14:12:36.232] AssetLoader: Loaded mod bundle 'kspedia_rocketrybasicsecrecharging'
[LOG 14:12:36.232] AssetLoader: Loaded mod bundle 'kspedia_rocketrybasicsengines'
[LOG 14:12:36.232] AssetLoader: Loaded mod bundle 'kspedia_rocketrybasicsforces'
[LOG 14:12:36.233] AssetLoader: Loaded mod bundle 'kspedia_rocketrybasicshatchesandladders'
[LOG 14:12:36.233] AssetLoader: Loaded mod bundle 'kspedia_rocketrybasicshibernation'
[LOG 14:12:36.233] AssetLoader: Loaded mod bundle 'kspedia_rocketrybasicsresources'
[LOG 14:12:36.233] AssetLoader: Loaded mod bundle 'kspedia_rocketrybasicsservicecontainers'
[LOG 14:12:36.234] AssetLoader: Loaded mod bundle 'kspedia_rocketrybasicsstability'
[LOG 14:12:36.234] AssetLoader: Loaded mod bundle 'kspedia_rocketrybasicsstabilityassist'
[LOG 14:12:36.234] AssetLoader: Loaded mod bundle 'kspedia_rocketrybasicsstaging'
[LOG 14:12:36.234] AssetLoader: Loaded mod bundle 'kspedia_rocketrybasicssymmetry'
[LOG 14:12:36.235] AssetLoader: Loaded mod bundle 'kspedia_science'
[LOG 14:12:36.235] AssetLoader: Loaded mod bundle 'kspedia_sciencedata'
[LOG 14:12:36.235] AssetLoader: Loaded mod bundle 'kspedia_scienceexperiments'
[LOG 14:12:36.235] AssetLoader: Loaded mod bundle 'kspedia_sciencelab'
[LOG 14:12:36.236] AssetLoader: Loaded mod bundle 'kspedia_sciencetransmitted'
[LOG 14:12:36.236] AssetLoader: Loaded mod bundle 'kspedia_spacetravel'
[LOG 14:12:36.236] AssetLoader: Loaded mod bundle 'kspedia_variantswitcher'
[LOG 14:12:36.237] AssetLoader: Loaded mod bundle 'kspfonts'
[LOG 14:12:36.389] AssetLoader: Loaded bundle 'squadcore'
[LOG 14:12:36.390] AssetLoader: Loaded bundle 'squadcorefx'
[LOG 14:12:36.390] AssetLoader: Loaded mod bundle 'kspedia_builder'
[LOG 14:12:36.391] AssetLoader: Loaded mod bundle 'kspedia_buildertoolbar'
[LOG 14:12:36.391] AssetLoader: Loaded mod bundle 'kspedia_canvas'
[LOG 14:12:36.391] AssetLoader: Loaded mod bundle 'kspedia_exportingvalidation'
[LOG 14:12:36.391] AssetLoader: Loaded mod bundle 'kspedia_flight'
[LOG 14:12:36.392] AssetLoader: Loaded mod bundle 'kspedia_flightapp'
[LOG 14:12:36.392] AssetLoader: Loaded mod bundle 'kspedia_gap'
[LOG 14:12:36.392] AssetLoader: Loaded mod bundle 'kspedia_gaptools'
[LOG 14:12:36.392] AssetLoader: Loaded mod bundle 'kspedia_makinghistory'
[LOG 14:12:36.393] AssetLoader: Loaded mod bundle 'kspedia_missionbriefing'
[LOG 14:12:36.393] AssetLoader: Loaded mod bundle 'kspedia_nodedocking'
[LOG 14:12:36.393] AssetLoader: Loaded mod bundle 'kspedia_nodesconnectors'
[LOG 14:12:36.394] AssetLoader: Loaded mod bundle 'kspedia_sap'
[LOG 14:12:36.394] AssetLoader: Loaded mod bundle 'kspedia_sidebar'
[LOG 14:12:36.394] AssetLoader: Loaded mod bundle 'kspedia_testingcheckpoints'
[LOG 14:12:36.394] AssetLoader: Loaded bundle 'makinghistory'
[LOG 14:12:36.394] AssetLoader: Loaded mod bundle 'kspedia_bladecyclic-collective-behaviour'
[LOG 14:12:36.394] AssetLoader: Loaded mod bundle 'kspedia_bladecyclic-collective-controls'
[LOG 14:12:36.395] AssetLoader: Loaded mod bundle 'kspedia_deployedscience-experiments'
[LOG 14:12:36.395] AssetLoader: Loaded mod bundle 'kspedia_deployedscience'
[LOG 14:12:36.395] AssetLoader: Loaded mod bundle 'kspedia_grippads'
[LOG 14:12:36.396] AssetLoader: Loaded mod bundle 'kspedia_layindtracks'
[LOG 14:12:36.396] AssetLoader: Loaded mod bundle 'kspedia_propellers'
[LOG 14:12:36.396] AssetLoader: Loaded mod bundle 'kspedia_propellersaerodynamics'
[LOG 14:12:36.397] AssetLoader: Loaded mod bundle 'kspedia_roboticcontroller'
[LOG 14:12:36.397] AssetLoader: Loaded mod bundle 'kspedia_roboticparts'
[LOG 14:12:36.397] AssetLoader: Loaded mod bundle 'kspedia_surface features-overview'
[LOG 14:12:36.398] AssetLoader: Loaded mod bundle 'kspedia_surface features-roverarmdetails'
[LOG 14:12:36.398] AssetLoader: Loaded mod bundle 'kspedia_trackeditor'
[LOG 14:12:36.398] AssetLoader: Loaded mod bundle 'kspedia_trackeditortoolbar'
[LOG 14:12:36.399] AssetLoader: Loaded mod bundle 'serenity'
[LOG 14:12:36.399] AssetLoader: Finished loading. 226 bundle definitions loaded.
[LOG 14:12:36.400] Compiling Configs:
[LOG 14:12:36.400] Config(PHYSICSGLOBALS) /Physics/PHYSICSGLOBALS
[LOG 14:12:36.400] Config(KOP_VERSION) Kopernicus/Config/00Version/Kopernicus_Version
[LOG 14:12:36.400] Config(@KOP_VERSION:FOR[Kopernicus_Version]) Kopernicus/Config/00Version/@KOP_VERSION:FOR[Kopernicus_Version]
[LOG 14:12:36.400] Config(Kopernicus_config) Kopernicus/Config/01_DefaultConfig/Kopernicus_config
[LOG 14:12:36.401] Config(Kopernicus_config_backup) Kopernicus/Config/02_ConfigCompat/Kopernicus_config_backup
[LOG 14:12:36.401] Config(@Kopernicus_config_backup:LAST[zKopernicus]) Kopernicus/Config/02_ConfigCompat/@Kopernicus_config_backup:LAST[zKopernicus]
[LOG 14:12:36.401] Config(@Kopernicus_config:LAST[zKopernicus]) Kopernicus/Config/02_ConfigCompat/@Kopernicus_config:LAST[zKopernicus]
[LOG 14:12:36.401] Config(@Kopernicus_config:HAS[#__kopConfigIndex[>0]]:LAST[zKopernicus]) Kopernicus/Config/02_ConfigCompat/@Kopernicus_config:HAS[#__kopConfigIndex[>0]]:LAST[zKopernicus]
[LOG 14:12:36.401] Config(@Kopernicus_config:HAS[#__kopHasDuplicates[true]]:LAST[zKopernicus]) Kopernicus/Config/02_ConfigCompat/@Kopernicus_config:HAS[#__kopHasDuplicates[true]]:LAST[zKopernicus]
[LOG 14:12:36.401] Config(@Kopernicus_config:HAS[#__kopHasDuplicates[true]]:LAST[zKopernicus]) Kopernicus/Config/02_ConfigCompat/@Kopernicus_config:HAS[#__kopHasDuplicates[true]]:LAST[zKopernicus]
[LOG 14:12:36.401] Config(!Kopernicus_config:HAS[#__kopConfigIndex[>0]]:LAST[zKopernicus]) Kopernicus/Config/02_ConfigCompat/!Kopernicus_config:HAS[#__kopConfigIndex[>0]]:LAST[zKopernicus]
[LOG 14:12:36.401] Config(@Kopernicus_config:LAST[zKopernicus]) Kopernicus/Config/02_ConfigCompat/@Kopernicus_config:LAST[zKopernicus]
[LOG 14:12:36.401] Config(@Kopernicus_config_backup:LAST[zKopernicus]) Kopernicus/Config/02_ConfigCompat/@Kopernicus_config_backup:LAST[zKopernicus]
[LOG 14:12:36.401] Config(@Kopernicus:FOR[Kopernicus]) Kopernicus/Config/BodyPQSFix/@Kopernicus:FOR[Kopernicus]
[LOG 14:12:36.401] Config(@Kopernicus_config:LAST[zKopernicus]) Kopernicus/Config/Kopernicus_Config/@Kopernicus_config:LAST[zKopernicus]
[LOG 14:12:36.401] Config(@KSP_COMMUNITY_FIXES:FINAL) Kopernicus/Config/KSPCF_DisableMapSOPatches/@KSP_COMMUNITY_FIXES:FINAL
[LOG 14:12:36.401] Config(@PART:HAS[@MODULE:HAS[#useKopernicusSolarPanels[?alse]]]:LAST[KOP_MULTI_STAR]) Kopernicus/Config/SolarPanels/@PART:HAS[@MODULE:HAS[#useKopernicusSolarPanels[?alse]]]:LAST[KOP_MULTI_STAR]
[LOG 14:12:36.401] Config(@PART:HAS[#useKopernicusSolarPanels[*]]:LAST[KOP_MULTI_STAR]) Kopernicus/Config/SolarPanels/@PART:HAS[#useKopernicusSolarPanels[*]]:LAST[KOP_MULTI_STAR]
[LOG 14:12:36.401] Config(@PART:HAS[@MODULE[ModuleDeployableSolarPanel]]:LAST[KOP_MULTI_STAR]) Kopernicus/Config/SolarPanels/@PART:HAS[@MODULE[ModuleDeployableSolarPanel]]:LAST[KOP_MULTI_STAR]
[LOG 14:12:36.401] Config(@Kopernicus_config:LAST[KOP_MULTI_STAR]) Kopernicus/Config/SolarPanels/@Kopernicus_config:LAST[KOP_MULTI_STAR]
[LOG 14:12:36.401] Config(@Kopernicus:LAST[KOP_MULTI_STAR]) Kopernicus/Config/SolarPanels/@Kopernicus:LAST[KOP_MULTI_STAR]
[LOG 14:12:36.401] Config(@PART:HAS[@MODULE[ModuleDeployableSolarPanel],~useKopernicusSolarPanels[false]]) Kopernicus/Config/SolarPanels/@PART:HAS[@MODULE[ModuleDeployableSolarPanel],~useKopernicusSolarPanels[false]]
[LOG 14:12:36.401] Config(@PART:HAS[@MODULE[ModuleCurvedSolarPanel],~useKopernicusSolarPanels[false]]) Kopernicus/Config/SolarPanels/@PART:HAS[@MODULE[ModuleCurvedSolarPanel],~useKopernicusSolarPanels[false]]
[LOG 14:12:36.401] Config(@PART:HAS[@MODULE[SSTUSolarPanelStatic],~useKopernicusSolarPanels[false]]) Kopernicus/Config/SolarPanels/@PART:HAS[@MODULE[SSTUSolarPanelStatic],~useKopernicusSolarPanels[false]]
[LOG 14:12:36.401] Config(@PART:HAS[@MODULE[SSTUSolarPanelDeployable],~useKopernicusSolarPanels[false]]) Kopernicus/Config/SolarPanels/@PART:HAS[@MODULE[SSTUSolarPanelDeployable],~useKopernicusSolarPanels[false]]
[LOG 14:12:36.401] Config(@PART:HAS[@MODULE[SSTUModularPart],~useKopernicusSolarPanels[false]]) Kopernicus/Config/SolarPanels/@PART:HAS[@MODULE[SSTUModularPart],~useKopernicusSolarPanels[false]]
[LOG 14:12:36.401] Config(@PART:HAS[@MODULE[ModuleROSolar],~useKopernicusSolarPanels[false]]) Kopernicus/Config/SolarPanels/@PART:HAS[@MODULE[ModuleROSolar],~useKopernicusSolarPanels[false]]
[LOG 14:12:36.402] Config(@PART:HAS[@MODULE[USSolarSwitch],~useKopernicusSolarPanels[false]]) Kopernicus/Config/SolarPanels/@PART:HAS[@MODULE[USSolarSwitch],~useKopernicusSolarPanels[false]]
[LOG 14:12:36.402] Config(@PART:HAS[@MODULE[ModuleDeployableSolarPanel],~useKopernicusSolarPanels[false]]:LAST[KOP_MULTI_STAR]) Kopernicus/Config/SolarPanels/@PART:HAS[@MODULE[ModuleDeployableSolarPanel],~useKopernicusSolarPanels[false]]:LAST[KOP_MULTI_STAR]
[LOG 14:12:36.402] Config(@PART:HAS[@MODULE[ModuleCurvedSolarPanel],~useKopernicusSolarPanels[false]]:LAST[KOP_MULTI_STAR]) Kopernicus/Config/SolarPanels/@PART:HAS[@MODULE[ModuleCurvedSolarPanel],~useKopernicusSolarPanels[false]]:LAST[KOP_MULTI_STAR]
[LOG 14:12:36.402] Config(@PART:HAS[@MODULE[SSTUSolarPanelStatic],~useKopernicusSolarPanels[false]]:LAST[KOP_MULTI_STAR]) Kopernicus/Config/SolarPanels/@PART:HAS[@MODULE[SSTUSolarPanelStatic],~useKopernicusSolarPanels[false]]:LAST[KOP_MULTI_STAR]
[LOG 14:12:36.402] Config(@PART:HAS[@MODULE[SSTUSolarPanelDeployable],~useKopernicusSolarPanels[false]]:LAST[KOP_MULTI_STAR]) Kopernicus/Config/SolarPanels/@PART:HAS[@MODULE[SSTUSolarPanelDeployable],~useKopernicusSolarPanels[false]]:LAST[KOP_MULTI_STAR]
[LOG 14:12:36.402] Config(@PART:HAS[@MODULE[SSTUModularPart],~useKopernicusSolarPanels[false]]:LAST[KOP_MULTI_STAR]) Kopernicus/Config/SolarPanels/@PART:HAS[@MODULE[SSTUModularPart],~useKopernicusSolarPanels[false]]:LAST[KOP_MULTI_STAR]
[LOG 14:12:36.402] Config(@PART:HAS[@MODULE[ModuleROSolar],~useKopernicusSolarPanels[false]]:LAST[KOP_MULTI_STAR]) Kopernicus/Config/SolarPanels/@PART:HAS[@MODULE[ModuleROSolar],~useKopernicusSolarPanels[false]]:LAST[KOP_MULTI_STAR]
[LOG 14:12:36.402] Config(@PART:HAS[@MODULE[USSolarSwitch],~useKopernicusSolarPanels[false]]:LAST[KOP_MULTI_STAR]) Kopernicus/Config/SolarPanels/@PART:HAS[@MODULE[USSolarSwitch],~useKopernicusSolarPanels[false]]:LAST[KOP_MULTI_STAR]
[LOG 14:12:36.402] Config(@PART:HAS[@MODULE[ModuleDeployableSolarPanel]:HAS[#chargeRate[>0],~resourceName[ThermalPower]],#__kop_star_count[>1]]:NEEDS[!Kerbalism,!RealismOverhaul]:LAST[KOP_MULTI_STAR]) Kopernicus/Config/SolarPanels/@PART:HAS[@MODULE[ModuleDeployableSolarPanel]:HAS[#chargeRate[>0],~resourceName[ThermalPower]],#__kop_star_count[>1]]:NEEDS[!Kerbalism,!RealismOverhaul]:LAST[KOP_MULTI_STAR]
[LOG 14:12:36.402] Config(@PART:HAS[@MODULE[ModuleDeployableSolarPanel]:HAS[#resourceName[ThermalPower]],#__kop_star_count[>1]]:NEEDS[!Kerbalism,!RealismOverhaul]:LAST[KOP_MULTI_STAR]) Kopernicus/Config/SolarPanels/@PART:HAS[@MODULE[ModuleDeployableSolarPanel]:HAS[#resourceName[ThermalPower]],#__kop_star_count[>1]]:NEEDS[!Kerbalism,!RealismOverhaul]:LAST[KOP_MULTI_STAR]
[LOG 14:12:36.402] Config(@PART:HAS[@MODULE[ModuleCurvedSolarPanel],#__kop_star_count[>1]]:NEEDS[!RealismOverhaul,!Kerbalism,NearFutureSolar]:LAST[KOP_MULTI_STAR]) Kopernicus/Config/SolarPanels/@PART:HAS[@MODULE[ModuleCurvedSolarPanel],#__kop_star_count[>1]]:NEEDS[!RealismOverhaul,!Kerbalism,NearFutureSolar]:LAST[KOP_MULTI_STAR]
[LOG 14:12:36.402] Config(@PART:HAS[@MODULE[SSTUSolarPanelStatic],#__kop_star_count[>1]]:NEEDS[!RealismOverhaul,!Kerbalism,SSTU]:LAST[KOP_MULTI_STAR]) Kopernicus/Config/SolarPanels/@PART:HAS[@MODULE[SSTUSolarPanelStatic],#__kop_star_count[>1]]:NEEDS[!RealismOverhaul,!Kerbalism,SSTU]:LAST[KOP_MULTI_STAR]
[LOG 14:12:36.402] Config(@PART:HAS[@MODULE[SSTUSolarPanelDeployable],#__kop_star_count[>1]]:NEEDS[!RealismOverhaul,!Kerbalism,SSTU]:LAST[KOP_MULTI_STAR]) Kopernicus/Config/SolarPanels/@PART:HAS[@MODULE[SSTUSolarPanelDeployable],#__kop_star_count[>1]]:NEEDS[!RealismOverhaul,!Kerbalism,SSTU]:LAST[KOP_MULTI_STAR]
[LOG 14:12:36.402] Config(@PART:HAS[@MODULE:[SSTUModularPart],!#currentSolar[Solar-None],#__kop_star_count[>1]]:NEEDS[!RealismOverhaul,!Kerbalism,SSTU]:LAST[KOP_MULTI_STAR]) Kopernicus/Config/SolarPanels/@PART:HAS[@MODULE:[SSTUModularPart],!#currentSolar[Solar-None],#__kop_star_count[>1]]:NEEDS[!RealismOverhaul,!Kerbalism,SSTU]:LAST[KOP_MULTI_STAR]
[LOG 14:12:36.402] Config(@PART:HAS[@MODULE[ModuleROSolar],#__kop_star_count[>1]]:NEEDS[!Kerbalism,RealismOverhaul]:LAST[KOP_MULTI_STAR]) Kopernicus/Config/SolarPanels/@PART:HAS[@MODULE[ModuleROSolar],#__kop_star_count[>1]]:NEEDS[!Kerbalism,RealismOverhaul]:LAST[KOP_MULTI_STAR]
[LOG 14:12:36.402] Config(@PART:HAS[@MODULE[USSolarSwitch],#__kop_star_count[>1]]:NEEDS[!Kerbalism,UniversalStorage2]:LAST[KOP_MULTI_STAR]) Kopernicus/Config/SolarPanels/@PART:HAS[@MODULE[USSolarSwitch],#__kop_star_count[>1]]:NEEDS[!Kerbalism,UniversalStorage2]:LAST[KOP_MULTI_STAR]
[LOG 14:12:36.402] Config(@PART:HAS[#useKopernicusSolarPanels[*]]:LAST[KOP_MULTI_STAR]) Kopernicus/Config/SolarPanels/@PART:HAS[#useKopernicusSolarPanels[*]]:LAST[KOP_MULTI_STAR]
[LOG 14:12:36.402] Config(@PART:HAS[@MODULE:HAS[#useKopernicusSolarPanels[*]]]:LAST[KOP_MULTI_STAR]) Kopernicus/Config/SolarPanels/@PART:HAS[@MODULE:HAS[#useKopernicusSolarPanels[*]]]:LAST[KOP_MULTI_STAR]
[LOG 14:12:36.402] Config(@PART:HAS[#__kop_star_count]:LAST[KOP_MULTI_STAR]) Kopernicus/Config/SolarPanels/@PART:HAS[#__kop_star_count]:LAST[KOP_MULTI_STAR]
[LOG 14:12:36.402] Config(@Kopernicus_config:LAST[KOP_MULTI_STAR]) Kopernicus/Config/SolarPanels/@Kopernicus_config:LAST[KOP_MULTI_STAR]
[LOG 14:12:36.402] Config(Kopernicus) Kopernicus/Config/System/Kerbol System
[LOG 14:12:36.403] Config(Localization) Kopernicus/Localization/de-de/Localization
[LOG 14:12:36.403] Config(Localization) Kopernicus/Localization/en-us/Localization
[LOG 14:12:36.403] Config(Localization) Kopernicus/Localization/es-es/Localization
[LOG 14:12:36.403] Config(Localization) Kopernicus/Localization/fr-fr/Localization
[LOG 14:12:36.403] Config(Localization) Kopernicus/Localization/it-it/Localization
[LOG 14:12:36.403] Config(Localization) Kopernicus/Localization/ru/Localization
[LOG 14:12:36.403] Config(Localization) Kopernicus/Localization/zh-cn/Localization
[LOG 14:12:36.403] Config(KSP_COMMUNITY_FIXES) KSPCommunityFixes/Settings/KSP_COMMUNITY_FIXES
[LOG 14:12:36.403] Config(Localization) KSPCommunityFixes/Localization/en-us/Localization
[LOG 14:12:36.403] Config(Localization) KSPCommunityFixes/Localization/fr-fr/Localization
[LOG 14:12:36.403] Config(Localization) KSPCommunityFixes/Localization/ru/Localization
[LOG 14:12:36.403] Config(Localization) KSPCommunityFixes/Localization/zh-cn/Localization
[LOG 14:12:36.403] Config(@PART[*]:HAS[@MODULE[ModuleDockingNodeFixed]]:NEEDS[FixDockingNodes]:FINAL) KSPCommunityFixes/MMPatches/ModSupport/FixDockingNodes/@PART[*]:HAS[@MODULE[ModuleDockingNodeFixed]]:NEEDS[FixDockingNodes]:FINAL
[LOG 14:12:36.403] Config(@PART[*]:HAS[@MODULE[Refunding]]:LAST[999_KSP-Recall]) KSPCommunityFixes/MMPatches/ModSupport/KSPRecall/@PART[*]:HAS[@MODULE[Refunding]]:LAST[999_KSP-Recall]
[LOG 14:12:36.403] Config(@PART[*]:HAS[#hasRefundingOnRecovery[?rue]]:LAST[999_KSP-Recall]) KSPCommunityFixes/MMPatches/ModSupport/KSPRecall/@PART[*]:HAS[#hasRefundingOnRecovery[?rue]]:LAST[999_KSP-Recall]
[LOG 14:12:36.403] Config(@PART[*]:HAS[#hasRefundingOnRecovery]:LAST[999_KSP-Recall]) KSPCommunityFixes/MMPatches/ModSupport/KSPRecall/@PART[*]:HAS[#hasRefundingOnRecovery]:LAST[999_KSP-Recall]
[LOG 14:12:36.403] Config(@KSP-Recall:LAST[999_KSP-Recall]) KSPCommunityFixes/MMPatches/ModSupport/KSPRecall/@KSP-Recall:LAST[999_KSP-Recall]
[LOG 14:12:36.403] Config(@KSP-Recall:HAS[#hasRefundingOnRecovery[?rue]]:LAST[999_KSP-Recall]) KSPCommunityFixes/MMPatches/ModSupport/KSPRecall/@KSP-Recall:HAS[#hasRefundingOnRecovery[?rue]]:LAST[999_KSP-Recall]
[LOG 14:12:36.403] Config(@KSP-Recall:HAS[#hasRefundingOnRecovery]:LAST[999_KSP-Recall]) KSPCommunityFixes/MMPatches/ModSupport/KSPRecall/@KSP-Recall:HAS[#hasRefundingOnRecovery]:LAST[999_KSP-Recall]
[LOG 14:12:36.403] Config(@KSP_COMMUNITY_FIXES:NEEDS[AttachedOnEditor]) KSPCommunityFixes/MMPatches/ModSupport/KSPRecall/@KSP_COMMUNITY_FIXES:NEEDS[AttachedOnEditor]
[LOG 14:12:36.403] Config(@KSP_COMMUNITY_FIXES:NEEDS[UniversalStorage2]) KSPCommunityFixes/MMPatches/ModSupport/UniversalStorage/@KSP_COMMUNITY_FIXES:NEEDS[UniversalStorage2]
[LOG 14:12:36.403] Config(@PART[telescopicLadderBay]:FIRST) KSPCommunityFixes/MMPatches/StockTweaks/LadderToggleableLight/@PART[telescopicLadderBay]:FIRST
[LOG 14:12:36.403] Config(@PART[telescopicLadderBay]:HAS[#LadderToggleableLight[?rue]]:FIRST) KSPCommunityFixes/MMPatches/StockTweaks/LadderToggleableLight/@PART[telescopicLadderBay]:HAS[#LadderToggleableLight[?rue]]:FIRST
[LOG 14:12:36.403] Config(@PART[telescopicLadderBay]:HAS[#LadderToggleableLight]:FIRST) KSPCommunityFixes/MMPatches/StockTweaks/LadderToggleableLight/@PART[telescopicLadderBay]:HAS[#LadderToggleableLight]:FIRST
[LOG 14:12:36.403] Config(@PART[GearSmall]:FIRST) KSPCommunityFixes/MMPatches/StockTweaks/LandingGearLights/@PART[GearSmall]:FIRST
[LOG 14:12:36.403] Config(@PART[SmallGearBay]:FIRST) KSPCommunityFixes/MMPatches/StockTweaks/LandingGearLights/@PART[SmallGearBay]:FIRST
[LOG 14:12:36.403] Config(@PART[sasModule]:FOR[KSPCommunityFixes]) KSPCommunityFixes/MMPatches/StockTweaks/ManufacturerFixes/@PART[sasModule]:FOR[KSPCommunityFixes]
[LOG 14:12:36.403] Config(@PART[xenonTankRadial]:FOR[KSPCommunityFixes]) KSPCommunityFixes/MMPatches/StockTweaks/ManufacturerFixes/@PART[xenonTankRadial]:FOR[KSPCommunityFixes]
[LOG 14:12:36.403] Config(@PART[winglet|fireworksLauncherSmall|fireworksLauncherBig]:FOR[KSPCommunityFixes]) KSPCommunityFixes/MMPatches/StockTweaks/ManufacturerFixes/@PART[winglet|fireworksLauncherSmall|fireworksLauncherBig]:FOR[KSPCommunityFixes]
[LOG 14:12:36.404] Config(@PART[solidBooster_sm_v2|solidBooster_v2]:FOR[KSPCommunityFixes]) KSPCommunityFixes/MMPatches/StockTweaks/ManufacturerFixes/@PART[solidBooster_sm_v2|solidBooster_v2]:FOR[KSPCommunityFixes]
[LOG 14:12:36.404] Config(@PART[ServiceBay_125_v2|ServiceBay_250_v2]:FOR[KSPCommunityFixes]) KSPCommunityFixes/MMPatches/StockTweaks/ManufacturerFixes/@PART[ServiceBay_125_v2|ServiceBay_250_v2]:FOR[KSPCommunityFixes]
[LOG 14:12:36.404] Config(@PART[externalTankCapsule]:FOR[KSPCommunityFixes]) KSPCommunityFixes/MMPatches/StockTweaks/ManufacturerFixes/@PART[externalTankCapsule]:FOR[KSPCommunityFixes]
[LOG 14:12:36.404] Config(@PART[RCSFuelTank|rcsTankMini|RCSTank1-2]:FOR[KSPCommunityFixes]) KSPCommunityFixes/MMPatches/StockTweaks/ManufacturerFixes/@PART[RCSFuelTank|rcsTankMini|RCSTank1-2]:FOR[KSPCommunityFixes]
[LOG 14:12:36.404] Config(@PART[landerCabinSmall]:FOR[KSPCommunityFixes]) KSPCommunityFixes/MMPatches/StockTweaks/ManufacturerFixes/@PART[landerCabinSmall]:FOR[KSPCommunityFixes]
[LOG 14:12:36.404] Config(@PART[dockingPortLateral]:FOR[KSPCommunityFixes]) KSPCommunityFixes/MMPatches/StockTweaks/ManufacturerFixes/@PART[dockingPortLateral]:FOR[KSPCommunityFixes]
[LOG 14:12:36.404] Config(@PART[EnginePlate4]:FOR[KSPCommunityFixes]:NEEDS[SquadExpansion/MakingHistory]) KSPCommunityFixes/MMPatches/StockTweaks/ManufacturerFixes/@PART[EnginePlate4]:FOR[KSPCommunityFixes]:NEEDS[SquadExpansion/MakingHistory]
[LOG 14:12:36.404] Config(@PART[Mk2Pod]:FOR[KSPCommunityFixes]:NEEDS[SquadExpansion/MakingHistory]) KSPCommunityFixes/MMPatches/StockTweaks/ManufacturerFixes/@PART[Mk2Pod]:FOR[KSPCommunityFixes]:NEEDS[SquadExpansion/MakingHistory]
[LOG 14:12:36.404] Config(@PART[evaChute|parachuteSingle|parachuteRadial|radialDrogue|parachuteLarge|parachuteDrogue]:FOR[KSPCommunityFixes]) KSPCommunityFixes/MMPatches/StockTweaks/ManufacturerFixes/@PART[evaChute|parachuteSingle|parachuteRadial|radialDrogue|parachuteLarge|parachuteDrogue]:FOR[KSPCommunityFixes]
[LOG 14:12:36.404] Config(@PART[stackPoint1|dockingPort1|dockingPort2|dockingPort3|dockingPortLarge]:FOR[KSPCommunityFixes]) KSPCommunityFixes/MMPatches/StockTweaks/ManufacturerFixes/@PART[stackPoint1|dockingPort1|dockingPort2|dockingPort3|dockingPortLarge]:FOR[KSPCommunityFixes]
[LOG 14:12:36.404] Config(AGENT) KSPCommunityFixes/MMPatches/StockTweaks/ManufacturerFixes/Clamp-O-Tron
[LOG 14:12:36.404] Config(AGENT) KSPCommunityFixes/MMPatches/StockTweaks/ManufacturerFixes/FreeFall Parachutes
[LOG 14:12:36.404] Config(AGENT) KSPCommunityFixes/MMPatches/StockTweaks/ManufacturerFixes/LightYear Tire Company
[LOG 14:12:36.404] Config(AGENT) KSPCommunityFixes/MMPatches/StockTweaks/ManufacturerFixes/Stratus Corporation
[LOG 14:12:36.404] Config(Localization) KSPCommunityFixes/MMPatches/StockTweaks/ManufacturerFixes/Localization
[LOG 14:12:36.404] Config(KSPTextureLoader) KSPTextureLoader/KSPTextureLoader/KSPTextureLoader
[LOG 14:12:36.404] Config(COMET_ORBIT_TYPE) RealSolarSystem/CometDefs/centaur
[LOG 14:12:36.404] Config(COMET_ORBIT_TYPE) RealSolarSystem/CometDefs/sungrazer
[LOG 14:12:36.404] Config(@Contracts:FOR[RealSolarSystem]) RealSolarSystem/ContractModifier/@Contracts:FOR[RealSolarSystem]
[LOG 14:12:36.404] Config(@PART[*]:HAS[@MODULE[ModuleDataTransmitter]]) RealSolarSystem/DSN_Ranges/@PART[*]:HAS[@MODULE[ModuleDataTransmitter]]
[LOG 14:12:36.404] Config(@CUSTOMBARNKIT) RealSolarSystem/DSN_Ranges/@CUSTOMBARNKIT
[LOG 14:12:36.404] Config(@KERBAL_WIND:FOR[RealSolarSystem]:NEEDS[KerbalWind]) RealSolarSystem/KerbalWind/@KERBAL_WIND:FOR[RealSolarSystem]:NEEDS[KerbalWind]
[LOG 14:12:36.404] Config(@KSCSWITCHER:FOR[RealSolarSystem]) RealSolarSystem/LaunchSites/@KSCSWITCHER:FOR[RealSolarSystem]
[LOG 14:12:36.404] Config(@KSCSWITCHER:LAST[RealSolarSystem]) RealSolarSystem/LaunchSites/@KSCSWITCHER:LAST[RealSolarSystem]
[LOG 14:12:36.404] Config(@PHYSICSGLOBALS:FIRST) RealSolarSystem/PhysicsModifier/@PHYSICSGLOBALS:FIRST
[LOG 14:12:36.405] Config(REALSOLARSYSTEM) RealSolarSystem/RealSolarSystem/REALSOLARSYSTEM
[LOG 14:12:36.405] Config(RSSRUNWAYFIX) RealSolarSystem/RealSolarSystem/RSSRUNWAYFIX
[LOG 14:12:36.405] Config(@NIMBY:FOR[RealSolarSystem]) RealSolarSystem/RecoveryBeacons/@NIMBY:FOR[RealSolarSystem]
[LOG 14:12:36.405] Config(@RemoteTechSettings:FOR[RealSolarSystem]) RealSolarSystem/RemoteTech_Settings/@RemoteTechSettings:FOR[RealSolarSystem]
[LOG 14:12:36.405] Config(!ROC_DEFINITION:HAS[@CELESTIALBODY:HAS[#Name[Moho]]]:FOR[RealSolarSystem]) RealSolarSystem/ROCDefinitions/!ROC_DEFINITION:HAS[@CELESTIALBODY:HAS[#Name[Moho]]]:FOR[RealSolarSystem]
[LOG 14:12:36.405] Config(!ROC_DEFINITION:HAS[@CELESTIALBODY:HAS[#Name[Eve]]]:FOR[RealSolarSystem]) RealSolarSystem/ROCDefinitions/!ROC_DEFINITION:HAS[@CELESTIALBODY:HAS[#Name[Eve]]]:FOR[RealSolarSystem]
[LOG 14:12:36.405] Config(!ROC_DEFINITION:HAS[@CELESTIALBODY:HAS[#Name[Gilly]]]:FOR[RealSolarSystem]) RealSolarSystem/ROCDefinitions/!ROC_DEFINITION:HAS[@CELESTIALBODY:HAS[#Name[Gilly]]]:FOR[RealSolarSystem]
[LOG 14:12:36.405] Config(!ROC_DEFINITION:HAS[@CELESTIALBODY:HAS[#Name[Kerbin]]]:FOR[RealSolarSystem]) RealSolarSystem/ROCDefinitions/!ROC_DEFINITION:HAS[@CELESTIALBODY:HAS[#Name[Kerbin]]]:FOR[RealSolarSystem]
[LOG 14:12:36.405] Config(!ROC_DEFINITION:HAS[@CELESTIALBODY:HAS[#Name[Mun]]]:FOR[RealSolarSystem]) RealSolarSystem/ROCDefinitions/!ROC_DEFINITION:HAS[@CELESTIALBODY:HAS[#Name[Mun]]]:FOR[RealSolarSystem]
[LOG 14:12:36.405] Config(!ROC_DEFINITION:HAS[@CELESTIALBODY:HAS[#Name[Minmus]]]:FOR[RealSolarSystem]) RealSolarSystem/ROCDefinitions/!ROC_DEFINITION:HAS[@CELESTIALBODY:HAS[#Name[Minmus]]]:FOR[RealSolarSystem]
[LOG 14:12:36.405] Config(!ROC_DEFINITION:HAS[@CELESTIALBODY:HAS[#Name[Duna]]]:FOR[RealSolarSystem]) RealSolarSystem/ROCDefinitions/!ROC_DEFINITION:HAS[@CELESTIALBODY:HAS[#Name[Duna]]]:FOR[RealSolarSystem]
[LOG 14:12:36.405] Config(!ROC_DEFINITION:HAS[@CELESTIALBODY:HAS[#Name[Ike]]]:FOR[RealSolarSystem]) RealSolarSystem/ROCDefinitions/!ROC_DEFINITION:HAS[@CELESTIALBODY:HAS[#Name[Ike]]]:FOR[RealSolarSystem]
[LOG 14:12:36.405] Config(!ROC_DEFINITION:HAS[@CELESTIALBODY:HAS[#Name[Dres]]]:FOR[RealSolarSystem]) RealSolarSystem/ROCDefinitions/!ROC_DEFINITION:HAS[@CELESTIALBODY:HAS[#Name[Dres]]]:FOR[RealSolarSystem]
[LOG 14:12:36.405] Config(!ROC_DEFINITION:HAS[@CELESTIALBODY:HAS[#Name[Laythe]]]:FOR[RealSolarSystem]) RealSolarSystem/ROCDefinitions/!ROC_DEFINITION:HAS[@CELESTIALBODY:HAS[#Name[Laythe]]]:FOR[RealSolarSystem]
[LOG 14:12:36.405] Config(!ROC_DEFINITION:HAS[@CELESTIALBODY:HAS[#Name[Vall]]]:FOR[RealSolarSystem]) RealSolarSystem/ROCDefinitions/!ROC_DEFINITION:HAS[@CELESTIALBODY:HAS[#Name[Vall]]]:FOR[RealSolarSystem]
[LOG 14:12:36.405] Config(!ROC_DEFINITION:HAS[@CELESTIALBODY:HAS[#Name[Tylo]]]:FOR[RealSolarSystem]) RealSolarSystem/ROCDefinitions/!ROC_DEFINITION:HAS[@CELESTIALBODY:HAS[#Name[Tylo]]]:FOR[RealSolarSystem]
[LOG 14:12:36.405] Config(!ROC_DEFINITION:HAS[@CELESTIALBODY:HAS[#Name[Bop]]]:FOR[RealSolarSystem]) RealSolarSystem/ROCDefinitions/!ROC_DEFINITION:HAS[@CELESTIALBODY:HAS[#Name[Bop]]]:FOR[RealSolarSystem]
[LOG 14:12:36.405] Config(!ROC_DEFINITION:HAS[@CELESTIALBODY:HAS[#Name[Pol]]]:FOR[RealSolarSystem]) RealSolarSystem/ROCDefinitions/!ROC_DEFINITION:HAS[@CELESTIALBODY:HAS[#Name[Pol]]]:FOR[RealSolarSystem]
[LOG 14:12:36.405] Config(!ROC_DEFINITION:HAS[@CELESTIALBODY:HAS[#Name[Eeloo]]]:FOR[RealSolarSystem]) RealSolarSystem/ROCDefinitions/!ROC_DEFINITION:HAS[@CELESTIALBODY:HAS[#Name[Eeloo]]]:FOR[RealSolarSystem]
[LOG 14:12:36.405] Config(@Kopernicus_config:FOR[RealSolarSystem]) RealSolarSystem/RSSKopernicusSettings/@Kopernicus_config:FOR[RealSolarSystem]
[LOG 14:12:36.405] Config(@Kopernicus:FOR[RealSolarSystem]) RealSolarSystem/RSSKopernicusSettings/@Kopernicus:FOR[RealSolarSystem]
[LOG 14:12:36.405] Config(@Kopernicus:AFTER[RealSolarSystem]) RealSolarSystem/RSS_CommNet_Stations/@Kopernicus:AFTER[RealSolarSystem]
[LOG 14:12:36.405] Config(@Kopernicus:FOR[RealSolarSystem]) RealSolarSystem/RSS_TerrainDetailPresets/@Kopernicus:FOR[RealSolarSystem]
[LOG 14:12:36.405] Config(@EXPERIMENT_DEFINITION[*]:HAS[#id[crewReport]]) RealSolarSystem/ScienceDefs/@EXPERIMENT_DEFINITION[*]:HAS[#id[crewReport]]
[LOG 14:12:36.405] Config(@EXPERIMENT_DEFINITION[*]:HAS[#id[evaReport]]) RealSolarSystem/ScienceDefs/@EXPERIMENT_DEFINITION[*]:HAS[#id[evaReport]]
[LOG 14:12:36.405] Config(@EXPERIMENT_DEFINITION[*]:HAS[#id[surfaceSample]]) RealSolarSystem/ScienceDefs/@EXPERIMENT_DEFINITION[*]:HAS[#id[surfaceSample]]
[LOG 14:12:36.406] Config(@EXPERIMENT_DEFINITION[*]:HAS[#id[temperatureScan]]) RealSolarSystem/ScienceDefs/@EXPERIMENT_DEFINITION[*]:HAS[#id[temperatureScan]]
[LOG 14:12:36.406] Config(@EXPERIMENT_DEFINITION[*]:HAS[#id[seismicScan]]) RealSolarSystem/ScienceDefs/@EXPERIMENT_DEFINITION[*]:HAS[#id[seismicScan]]
[LOG 14:12:36.406] Config(@EXPERIMENT_DEFINITION[*]:HAS[#id[gravityScan]]) RealSolarSystem/ScienceDefs/@EXPERIMENT_DEFINITION[*]:HAS[#id[gravityScan]]
[LOG 14:12:36.406] Config(@EXPERIMENT_DEFINITION[*]:HAS[#id[atmosphereAnalysis]]) RealSolarSystem/ScienceDefs/@EXPERIMENT_DEFINITION[*]:HAS[#id[atmosphereAnalysis]]
[LOG 14:12:36.406] Config(@EXPERIMENT_DEFINITION[*]:HAS[#id[mysteryGoo]]) RealSolarSystem/ScienceDefs/@EXPERIMENT_DEFINITION[*]:HAS[#id[mysteryGoo]]
[LOG 14:12:36.406] Config(@EXPERIMENT_DEFINITION[*]:HAS[#id[mobileMaterialsLab]]) RealSolarSystem/ScienceDefs/@EXPERIMENT_DEFINITION[*]:HAS[#id[mobileMaterialsLab]]
[LOG 14:12:36.406] Config(EXPERIMENT_DEFINITION) RealSolarSystem/ScienceDefs/EXPERIMENT_DEFINITION
[LOG 14:12:36.406] Config(EXPERIMENT_DEFINITION) RealSolarSystem/ScienceDefs/EXPERIMENT_DEFINITION
[LOG 14:12:36.406] Config(@DEPLOYEDSCIENCE:AFTER[RealSolarSystem]) RealSolarSystem/Compatibility/BreakingGround/@DEPLOYEDSCIENCE:AFTER[RealSolarSystem]
[LOG 14:12:36.406] Config(@DEPLOYEDSCIENCE:AFTER[RealSolarSystem]) RealSolarSystem/Compatibility/BreakingGround/@DEPLOYEDSCIENCE:AFTER[RealSolarSystem]
[LOG 14:12:36.406] Config(!AsteroidSets[CustomAsteroids_*]:FOR[RealSolarSystem]) RealSolarSystem/Compatibility/CustomAsteroids/!AsteroidSets[CustomAsteroids_*]:FOR[RealSolarSystem]
[LOG 14:12:36.406] Config(@Kopernicus:AFTER[RealSolarSystem]:NEEDS[CustomAsteroids]) RealSolarSystem/Compatibility/CustomAsteroids/@Kopernicus:AFTER[RealSolarSystem]:NEEDS[CustomAsteroids]
[LOG 14:12:36.406] Config(CustomAsteroidPlanes) RealSolarSystem/Compatibility/CustomAsteroids/CustomAsteroidPlanes
[LOG 14:12:36.406] Config(@CustomAsteroidPlanes:FOR[RealSolarSystem]) RealSolarSystem/Compatibility/CustomAsteroids/@CustomAsteroidPlanes:FOR[RealSolarSystem]
[LOG 14:12:36.406] Config(AsteroidSets) RealSolarSystem/Compatibility/CustomAsteroids/RealSolarSystem_asteroids
[LOG 14:12:36.406] Config(@FARAeroData[default]:FOR[RealSolarSystem]) RealSolarSystem/Compatibility/FARAtmospheres/@FARAeroData[default]:FOR[RealSolarSystem]
[LOG 14:12:36.406] Config(PlanetshineCelestialBody) RealSolarSystem/Compatibility/PlanetShineColors/Callisto
[LOG 14:12:36.406] Config(PlanetshineCelestialBody) RealSolarSystem/Compatibility/PlanetShineColors/Deimos
[LOG 14:12:36.406] Config(PlanetshineCelestialBody) RealSolarSystem/Compatibility/PlanetShineColors/Dione
[LOG 14:12:36.406] Config(PlanetshineCelestialBody) RealSolarSystem/Compatibility/PlanetShineColors/Earth
[LOG 14:12:36.406] Config(PlanetshineCelestialBody) RealSolarSystem/Compatibility/PlanetShineColors/Enceladus
[LOG 14:12:36.406] Config(PlanetshineCelestialBody) RealSolarSystem/Compatibility/PlanetShineColors/Europa
[LOG 14:12:36.406] Config(PlanetshineCelestialBody) RealSolarSystem/Compatibility/PlanetShineColors/Ganymede
[LOG 14:12:36.406] Config(PlanetshineCelestialBody) RealSolarSystem/Compatibility/PlanetShineColors/Iapetus
[LOG 14:12:36.406] Config(PlanetshineCelestialBody) RealSolarSystem/Compatibility/PlanetShineColors/Io
[LOG 14:12:36.406] Config(PlanetshineCelestialBody) RealSolarSystem/Compatibility/PlanetShineColors/Jupiter
[LOG 14:12:36.406] Config(PlanetshineCelestialBody) RealSolarSystem/Compatibility/PlanetShineColors/Mars
[LOG 14:12:36.406] Config(PlanetshineCelestialBody) RealSolarSystem/Compatibility/PlanetShineColors/Mercury
[LOG 14:12:36.406] Config(PlanetshineCelestialBody) RealSolarSystem/Compatibility/PlanetShineColors/Mimas
[LOG 14:12:36.407] Config(PlanetshineCelestialBody) RealSolarSystem/Compatibility/PlanetShineColors/Moon
[LOG 14:12:36.407] Config(PlanetshineCelestialBody) RealSolarSystem/Compatibility/PlanetShineColors/Neptune
[LOG 14:12:36.407] Config(PlanetshineCelestialBody) RealSolarSystem/Compatibility/PlanetShineColors/Phobos
[LOG 14:12:36.407] Config(PlanetshineCelestialBody) RealSolarSystem/Compatibility/PlanetShineColors/Pluto
[LOG 14:12:36.407] Config(PlanetshineCelestialBody) RealSolarSystem/Compatibility/PlanetShineColors/Rhea
[LOG 14:12:36.407] Config(PlanetshineCelestialBody) RealSolarSystem/Compatibility/PlanetShineColors/Saturn
[LOG 14:12:36.407] Config(PlanetshineCelestialBody) RealSolarSystem/Compatibility/PlanetShineColors/Sun
[LOG 14:12:36.407] Config(PlanetshineCelestialBody) RealSolarSystem/Compatibility/PlanetShineColors/Tethys
[LOG 14:12:36.407] Config(PlanetshineCelestialBody) RealSolarSystem/Compatibility/PlanetShineColors/Titan
[LOG 14:12:36.407] Config(PlanetshineCelestialBody) RealSolarSystem/Compatibility/PlanetShineColors/Triton
[LOG 14:12:36.407] Config(PlanetshineCelestialBody) RealSolarSystem/Compatibility/PlanetShineColors/Uranus
[LOG 14:12:36.407] Config(PlanetshineCelestialBody) RealSolarSystem/Compatibility/PlanetShineColors/Venus
[LOG 14:12:36.407] Config(PlanetshineCelestialBody) RealSolarSystem/Compatibility/PlanetShineColors/Ceres
[LOG 14:12:36.407] Config(PlanetshineCelestialBody) RealSolarSystem/Compatibility/PlanetShineColors/Vesta
[LOG 14:12:36.407] Config(PlanetshineCelestialBody) RealSolarSystem/Compatibility/PlanetShineColors/Miranda
[LOG 14:12:36.407] Config(PlanetshineCelestialBody) RealSolarSystem/Compatibility/PlanetShineColors/Ariel
[LOG 14:12:36.407] Config(PlanetshineCelestialBody) RealSolarSystem/Compatibility/PlanetShineColors/Umbriel
[LOG 14:12:36.407] Config(PlanetshineCelestialBody) RealSolarSystem/Compatibility/PlanetShineColors/Titania
[LOG 14:12:36.407] Config(PlanetshineCelestialBody) RealSolarSystem/Compatibility/PlanetShineColors/Oberon
[LOG 14:12:36.407] Config(PlanetshineCelestialBody) RealSolarSystem/Compatibility/PlanetShineColors/Charon
[LOG 14:12:36.407] Config(@REALSOLARSYSTEM:FOR[RationalResourcesAU]) RealSolarSystem/Compatibility/RationalResources/@REALSOLARSYSTEM:FOR[RationalResourcesAU]
[LOG 14:12:36.407] Config(@PART[SCANsat_Scanner]:FOR[RealSolarSystem]) RealSolarSystem/Compatibility/SCANsat/@PART[SCANsat_Scanner]:FOR[RealSolarSystem]
[LOG 14:12:36.407] Config(@PART[SCANsat_Scanner2]:FOR[RealSolarSystem]) RealSolarSystem/Compatibility/SCANsat/@PART[SCANsat_Scanner2]:FOR[RealSolarSystem]
[LOG 14:12:36.407] Config(@PART[SCANsat_Scanner24]:FOR[RealSolarSystem]) RealSolarSystem/Compatibility/SCANsat/@PART[SCANsat_Scanner24]:FOR[RealSolarSystem]
[LOG 14:12:36.407] Config(@PART[SCANsat_Scanner32]:FOR[RealSolarSystem]) RealSolarSystem/Compatibility/SCANsat/@PART[SCANsat_Scanner32]:FOR[RealSolarSystem]
[LOG 14:12:36.407] Config(@PART[*]:HAS[@MODULE[ModuleSCANresourceScanner]]:FOR[RealSolarSystem]) RealSolarSystem/Compatibility/SCANsat/@PART[*]:HAS[@MODULE[ModuleSCANresourceScanner]]:FOR[RealSolarSystem]
[LOG 14:12:36.407] Config(@PART[*]:HAS[@MODULE[SCANsat]]:FOR[RealSolarSystem]) RealSolarSystem/Compatibility/SCANsat/@PART[*]:HAS[@MODULE[SCANsat]]:FOR[RealSolarSystem]
[LOG 14:12:36.407] Config(@PART[*]:HAS[@MODULE[ModuleSCANresourceScanner]]:FOR[RealSolarSystem]) RealSolarSystem/Compatibility/SCANsat/@PART[*]:HAS[@MODULE[ModuleSCANresourceScanner]]:FOR[RealSolarSystem]
[LOG 14:12:36.408] Config(@COACH_COMMNET[CommNet]) RealSolarSystem/Compatibility/SCANsat/@COACH_COMMNET[CommNet]
[LOG 14:12:36.408] Config(TextureReplacer) RealSolarSystem/Compatibility/TextureReplacer/TextureReplacer
[LOG 14:12:36.408] Config(@ParallaxGlobalConfig:FOR[RealSolarSystem]) RealSolarSystem/Compatibility/Parallax/Parallax/@ParallaxGlobalConfig:FOR[RealSolarSystem]
[LOG 14:12:36.408] Config(@Parallax:FOR[RealSolarSystem]:NEEDS[Parallax,Parallax_StockTextures]) RealSolarSystem/Compatibility/Parallax/Parallax/@Parallax:FOR[RealSolarSystem]:NEEDS[Parallax,Parallax_StockTextures]
[LOG 14:12:36.408] Config(@Kopernicus:AFTER[RealSolarSystem]:NEEDS[Parallax,Parallax_StockTextures]) RealSolarSystem/Compatibility/Parallax/Parallax/@Kopernicus:AFTER[RealSolarSystem]:NEEDS[Parallax,Parallax_StockTextures]
[LOG 14:12:36.408] Config(Localization) RealSolarSystem/Localization/en-us/Localization
[LOG 14:12:36.408] Config(Localization) RealSolarSystem/Localization/fr-fr/Localization
[LOG 14:12:36.408] Config(Localization) RealSolarSystem/Localization/ru/Localization
[LOG 14:12:36.408] Config(Localization) RealSolarSystem/Localization/zh-cn/Localization
[LOG 14:12:36.408] Config(Localization) RealSolarSystem/Localization/LaunchSites/en-us/Localization
[LOG 14:12:36.408] Config(Localization) RealSolarSystem/Localization/LaunchSites/zh-cn/Localization
[LOG 14:12:36.408] Config(PLANETARY_RESOURCE) RealSolarSystem/ResourceConfigs/ArgonGas/PLANETARY_RESOURCE
[LOG 14:12:36.408] Config(PLANETARY_RESOURCE) RealSolarSystem/ResourceConfigs/ArgonGas/PLANETARY_RESOURCE
[LOG 14:12:36.408] Config(PLANETARY_RESOURCE) RealSolarSystem/ResourceConfigs/ArgonGas/PLANETARY_RESOURCE
[LOG 14:12:36.408] Config(PLANETARY_RESOURCE) RealSolarSystem/ResourceConfigs/CarbonDioxide/PLANETARY_RESOURCE
[LOG 14:12:36.408] Config(PLANETARY_RESOURCE) RealSolarSystem/ResourceConfigs/CarbonDioxide/PLANETARY_RESOURCE
[LOG 14:12:36.408] Config(PLANETARY_RESOURCE) RealSolarSystem/ResourceConfigs/CarbonDioxide/PLANETARY_RESOURCE
[LOG 14:12:36.408] Config(BIOME_RESOURCE) RealSolarSystem/ResourceConfigs/CarbonDioxide/BIOME_RESOURCE
[LOG 14:12:36.408] Config(BIOME_RESOURCE) RealSolarSystem/ResourceConfigs/CarbonDioxide/BIOME_RESOURCE
[LOG 14:12:36.408] Config(PLANETARY_RESOURCE) RealSolarSystem/ResourceConfigs/Dirt/PLANETARY_RESOURCE
[LOG 14:12:36.408] Config(PLANETARY_RESOURCE) RealSolarSystem/ResourceConfigs/Dirt/PLANETARY_RESOURCE
[LOG 14:12:36.408] Config(PLANETARY_RESOURCE) RealSolarSystem/ResourceConfigs/Dirt/PLANETARY_RESOURCE
[LOG 14:12:36.408] Config(PLANETARY_RESOURCE) RealSolarSystem/ResourceConfigs/Dirt/PLANETARY_RESOURCE
[LOG 14:12:36.408] Config(PLANETARY_RESOURCE) RealSolarSystem/ResourceConfigs/Ethane/PLANETARY_RESOURCE
[LOG 14:12:36.408] Config(PLANETARY_RESOURCE) RealSolarSystem/ResourceConfigs/ExoticMinerals/PLANETARY_RESOURCE
[LOG 14:12:36.409] Config(PLANETARY_RESOURCE) RealSolarSystem/ResourceConfigs/ExoticMinerals/PLANETARY_RESOURCE
[LOG 14:12:36.409] Config(PLANETARY_RESOURCE) RealSolarSystem/ResourceConfigs/ExoticMinerals/PLANETARY_RESOURCE
[LOG 14:12:36.409] Config(PLANETARY_RESOURCE) RealSolarSystem/ResourceConfigs/ExoticMinerals/PLANETARY_RESOURCE
[LOG 14:12:36.409] Config(PLANETARY_RESOURCE) RealSolarSystem/ResourceConfigs/Gypsum/PLANETARY_RESOURCE
[LOG 14:12:36.409] Config(PLANETARY_RESOURCE) RealSolarSystem/ResourceConfigs/Gypsum/PLANETARY_RESOURCE
[LOG 14:12:36.409] Config(PLANETARY_RESOURCE) RealSolarSystem/ResourceConfigs/Gypsum/PLANETARY_RESOURCE
[LOG 14:12:36.409] Config(PLANETARY_RESOURCE) RealSolarSystem/ResourceConfigs/Gypsum/PLANETARY_RESOURCE
[LOG 14:12:36.409] Config(PLANETARY_RESOURCE) RealSolarSystem/ResourceConfigs/Gypsum/PLANETARY_RESOURCE
[LOG 14:12:36.409] Config(BIOME_RESOURCE) RealSolarSystem/ResourceConfigs/Gypsum/BIOME_RESOURCE
[LOG 14:12:36.409] Config(PLANETARY_RESOURCE) RealSolarSystem/ResourceConfigs/Helium/PLANETARY_RESOURCE
[LOG 14:12:36.409] Config(PLANETARY_RESOURCE) RealSolarSystem/ResourceConfigs/Helium/PLANETARY_RESOURCE
[LOG 14:12:36.409] Config(PLANETARY_RESOURCE) RealSolarSystem/ResourceConfigs/Helium/PLANETARY_RESOURCE
[LOG 14:12:36.409] Config(PLANETARY_RESOURCE) RealSolarSystem/ResourceConfigs/Helium/PLANETARY_RESOURCE
[LOG 14:12:36.409] Config(PLANETARY_RESOURCE) RealSolarSystem/ResourceConfigs/Hydrates/PLANETARY_RESOURCE
[LOG 14:12:36.409] Config(PLANETARY_RESOURCE) RealSolarSystem/ResourceConfigs/Hydrates/PLANETARY_RESOURCE
[LOG 14:12:36.409] Config(PLANETARY_RESOURCE) RealSolarSystem/ResourceConfigs/Hydrates/PLANETARY_RESOURCE
[LOG 14:12:36.409] Config(PLANETARY_RESOURCE) RealSolarSystem/ResourceConfigs/Hydrates/PLANETARY_RESOURCE
[LOG 14:12:36.409] Config(PLANETARY_RESOURCE) RealSolarSystem/ResourceConfigs/Hydrates/PLANETARY_RESOURCE
[LOG 14:12:36.409] Config(PLANETARY_RESOURCE) RealSolarSystem/ResourceConfigs/Hydrogen/PLANETARY_RESOURCE
[LOG 14:12:36.409] Config(PLANETARY_RESOURCE) RealSolarSystem/ResourceConfigs/Hydrogen/PLANETARY_RESOURCE
[LOG 14:12:36.409] Config(PLANETARY_RESOURCE) RealSolarSystem/ResourceConfigs/Hydrogen/PLANETARY_RESOURCE
[LOG 14:12:36.409] Config(PLANETARY_RESOURCE) RealSolarSystem/ResourceConfigs/Hydrogen/PLANETARY_RESOURCE
[LOG 14:12:36.409] Config(PLANETARY_RESOURCE) RealSolarSystem/ResourceConfigs/Karbonite/PLANETARY_RESOURCE
[LOG 14:12:36.409] Config(PLANETARY_RESOURCE) RealSolarSystem/ResourceConfigs/Karbonite/PLANETARY_RESOURCE
[LOG 14:12:36.409] Config(PLANETARY_RESOURCE) RealSolarSystem/ResourceConfigs/Karbonite/PLANETARY_RESOURCE
[LOG 14:12:36.409] Config(PLANETARY_RESOURCE) RealSolarSystem/ResourceConfigs/Karbonite/PLANETARY_RESOURCE
[LOG 14:12:36.409] Config(PLANETARY_RESOURCE) RealSolarSystem/ResourceConfigs/Karbonite/PLANETARY_RESOURCE
[LOG 14:12:36.410] Config(PLANETARY_RESOURCE) RealSolarSystem/ResourceConfigs/Karbonite/PLANETARY_RESOURCE
[LOG 14:12:36.410] Config(PLANETARY_RESOURCE) RealSolarSystem/ResourceConfigs/Karbonite/PLANETARY_RESOURCE
[LOG 14:12:36.410] Config(PLANETARY_RESOURCE) RealSolarSystem/ResourceConfigs/Karbonite/PLANETARY_RESOURCE
[LOG 14:12:36.410] Config(PLANETARY_RESOURCE) RealSolarSystem/ResourceConfigs/Karbonite/PLANETARY_RESOURCE
[LOG 14:12:36.410] Config(PLANETARY_RESOURCE) RealSolarSystem/ResourceConfigs/Karbonite/PLANETARY_RESOURCE
[LOG 14:12:36.410] Config(PLANETARY_RESOURCE) RealSolarSystem/ResourceConfigs/Karbonite/PLANETARY_RESOURCE
[LOG 14:12:36.410] Config(PLANETARY_RESOURCE) RealSolarSystem/ResourceConfigs/Karbonite/PLANETARY_RESOURCE
[LOG 14:12:36.410] Config(PLANETARY_RESOURCE) RealSolarSystem/ResourceConfigs/Karbonite/PLANETARY_RESOURCE
[LOG 14:12:36.410] Config(PLANETARY_RESOURCE) RealSolarSystem/ResourceConfigs/Karbonite/PLANETARY_RESOURCE
[LOG 14:12:36.410] Config(PLANETARY_RESOURCE) RealSolarSystem/ResourceConfigs/Karbonite/PLANETARY_RESOURCE
[LOG 14:12:36.410] Config(PLANETARY_RESOURCE) RealSolarSystem/ResourceConfigs/Karbonite/PLANETARY_RESOURCE
[LOG 14:12:36.410] Config(PLANETARY_RESOURCE) RealSolarSystem/ResourceConfigs/Karbonite/PLANETARY_RESOURCE
[LOG 14:12:36.410] Config(PLANETARY_RESOURCE) RealSolarSystem/ResourceConfigs/Karbonite/PLANETARY_RESOURCE
[LOG 14:12:36.410] Config(PLANETARY_RESOURCE) RealSolarSystem/ResourceConfigs/Karbonite/PLANETARY_RESOURCE
[LOG 14:12:36.410] Config(PLANETARY_RESOURCE) RealSolarSystem/ResourceConfigs/Karbonite/PLANETARY_RESOURCE
[LOG 14:12:36.410] Config(PLANETARY_RESOURCE) RealSolarSystem/ResourceConfigs/Karborundum/PLANETARY_RESOURCE
[LOG 14:12:36.410] Config(PLANETARY_RESOURCE) RealSolarSystem/ResourceConfigs/Karborundum/PLANETARY_RESOURCE
[LOG 14:12:36.410] Config(PLANETARY_RESOURCE) RealSolarSystem/ResourceConfigs/Karborundum/PLANETARY_RESOURCE
[LOG 14:12:36.410] Config(PLANETARY_RESOURCE) RealSolarSystem/ResourceConfigs/Karborundum/PLANETARY_RESOURCE
[LOG 14:12:36.410] Config(PLANETARY_RESOURCE) RealSolarSystem/ResourceConfigs/Karborundum/PLANETARY_RESOURCE
[LOG 14:12:36.410] Config(PLANETARY_RESOURCE) RealSolarSystem/ResourceConfigs/Karborundum/PLANETARY_RESOURCE
[LOG 14:12:36.410] Config(PLANETARY_RESOURCE) RealSolarSystem/ResourceConfigs/Karborundum/PLANETARY_RESOURCE
[LOG 14:12:36.410] Config(PLANETARY_RESOURCE) RealSolarSystem/ResourceConfigs/MetallicOre/PLANETARY_RESOURCE
[LOG 14:12:36.410] Config(PLANETARY_RESOURCE) RealSolarSystem/ResourceConfigs/MetallicOre/PLANETARY_RESOURCE
[LOG 14:12:36.410] Config(PLANETARY_RESOURCE) RealSolarSystem/ResourceConfigs/MetallicOre/PLANETARY_RESOURCE
[LOG 14:12:36.410] Config(PLANETARY_RESOURCE) RealSolarSystem/ResourceConfigs/MetallicOre/PLANETARY_RESOURCE
[LOG 14:12:36.410] Config(PLANETARY_RESOURCE) RealSolarSystem/ResourceConfigs/MetallicOre/PLANETARY_RESOURCE
[LOG 14:12:36.410] Config(PLANETARY_RESOURCE) RealSolarSystem/ResourceConfigs/Methane/PLANETARY_RESOURCE
[LOG 14:12:36.410] Config(PLANETARY_RESOURCE) RealSolarSystem/ResourceConfigs/Methane/PLANETARY_RESOURCE
[LOG 14:12:36.410] Config(PLANETARY_RESOURCE) RealSolarSystem/ResourceConfigs/Methane/PLANETARY_RESOURCE
[LOG 14:12:36.411] Config(PLANETARY_RESOURCE) RealSolarSystem/ResourceConfigs/Methane/PLANETARY_RESOURCE
[LOG 14:12:36.411] Config(PLANETARY_RESOURCE) RealSolarSystem/ResourceConfigs/Methane/PLANETARY_RESOURCE
[LOG 14:12:36.411] Config(PLANETARY_RESOURCE) RealSolarSystem/ResourceConfigs/Methane/PLANETARY_RESOURCE
[LOG 14:12:36.411] Config(PLANETARY_RESOURCE) RealSolarSystem/ResourceConfigs/Methane/PLANETARY_RESOURCE
[LOG 14:12:36.411] Config(PLANETARY_RESOURCE) RealSolarSystem/ResourceConfigs/Methane/PLANETARY_RESOURCE
[LOG 14:12:36.411] Config(PLANETARY_RESOURCE) RealSolarSystem/ResourceConfigs/Methane/PLANETARY_RESOURCE
[LOG 14:12:36.411] Config(PLANETARY_RESOURCE) RealSolarSystem/ResourceConfigs/Methane/PLANETARY_RESOURCE
[LOG 14:12:36.411] Config(PLANETARY_RESOURCE) RealSolarSystem/ResourceConfigs/Methane/PLANETARY_RESOURCE
[LOG 14:12:36.411] Config(PLANETARY_RESOURCE) RealSolarSystem/ResourceConfigs/Methane/PLANETARY_RESOURCE
[LOG 14:12:36.411] Config(PLANETARY_RESOURCE) RealSolarSystem/ResourceConfigs/Methane/PLANETARY_RESOURCE
[LOG 14:12:36.411] Config(PLANETARY_RESOURCE) RealSolarSystem/ResourceConfigs/Methane/PLANETARY_RESOURCE
[LOG 14:12:36.411] Config(PLANETARY_RESOURCE) RealSolarSystem/ResourceConfigs/Methane/PLANETARY_RESOURCE
[LOG 14:12:36.411] Config(PLANETARY_RESOURCE) RealSolarSystem/ResourceConfigs/Methane/PLANETARY_RESOURCE
[LOG 14:12:36.411] Config(PLANETARY_RESOURCE) RealSolarSystem/ResourceConfigs/Minerals/PLANETARY_RESOURCE
[LOG 14:12:36.411] Config(PLANETARY_RESOURCE) RealSolarSystem/ResourceConfigs/Minerals/PLANETARY_RESOURCE
[LOG 14:12:36.411] Config(PLANETARY_RESOURCE) RealSolarSystem/ResourceConfigs/Minerals/PLANETARY_RESOURCE
[LOG 14:12:36.411] Config(PLANETARY_RESOURCE) RealSolarSystem/ResourceConfigs/Minerals/PLANETARY_RESOURCE
[LOG 14:12:36.411] Config(PLANETARY_RESOURCE) RealSolarSystem/ResourceConfigs/Minerals/PLANETARY_RESOURCE
[LOG 14:12:36.411] Config(PLANETARY_RESOURCE) RealSolarSystem/ResourceConfigs/Nitrogen/PLANETARY_RESOURCE
[LOG 14:12:36.411] Config(PLANETARY_RESOURCE) RealSolarSystem/ResourceConfigs/Nitrogen/PLANETARY_RESOURCE
[LOG 14:12:36.411] Config(PLANETARY_RESOURCE) RealSolarSystem/ResourceConfigs/Nitrogen/PLANETARY_RESOURCE
[LOG 14:12:36.411] Config(PLANETARY_RESOURCE) RealSolarSystem/ResourceConfigs/Nitrogen/PLANETARY_RESOURCE
[LOG 14:12:36.411] Config(PLANETARY_RESOURCE) RealSolarSystem/ResourceConfigs/Nitrogen/PLANETARY_RESOURCE
[LOG 14:12:36.411] Config(PLANETARY_RESOURCE) RealSolarSystem/ResourceConfigs/Nitrogen/PLANETARY_RESOURCE
[LOG 14:12:36.411] Config(PLANETARY_RESOURCE) RealSolarSystem/ResourceConfigs/Ore/PLANETARY_RESOURCE
[LOG 14:12:36.411] Config(PLANETARY_RESOURCE) RealSolarSystem/ResourceConfigs/Ore/PLANETARY_RESOURCE
[LOG 14:12:36.411] Config(PLANETARY_RESOURCE) RealSolarSystem/ResourceConfigs/Ore/PLANETARY_RESOURCE
[LOG 14:12:36.411] Config(PLANETARY_RESOURCE) RealSolarSystem/ResourceConfigs/Ore/PLANETARY_RESOURCE
[LOG 14:12:36.411] Config(PLANETARY_RESOURCE) RealSolarSystem/ResourceConfigs/Oxygen/PLANETARY_RESOURCE
[LOG 14:12:36.411] Config(PLANETARY_RESOURCE) RealSolarSystem/ResourceConfigs/Oxygen/PLANETARY_RESOURCE
[LOG 14:12:36.411] Config(PLANETARY_RESOURCE) RealSolarSystem/ResourceConfigs/RareMetals/PLANETARY_RESOURCE
[LOG 14:12:36.412] Config(PLANETARY_RESOURCE) RealSolarSystem/ResourceConfigs/RareMetals/PLANETARY_RESOURCE
[LOG 14:12:36.412] Config(PLANETARY_RESOURCE) RealSolarSystem/ResourceConfigs/RareMetals/PLANETARY_RESOURCE
[LOG 14:12:36.412] Config(PLANETARY_RESOURCE) RealSolarSystem/ResourceConfigs/RareMetals/PLANETARY_RESOURCE
[LOG 14:12:36.412] Config(PLANETARY_RESOURCE) RealSolarSystem/ResourceConfigs/RareMetals/PLANETARY_RESOURCE
[LOG 14:12:36.412] Config(PLANETARY_RESOURCE) RealSolarSystem/ResourceConfigs/Substrate/PLANETARY_RESOURCE
[LOG 14:12:36.412] Config(PLANETARY_RESOURCE) RealSolarSystem/ResourceConfigs/Substrate/PLANETARY_RESOURCE
[LOG 14:12:36.412] Config(PLANETARY_RESOURCE) RealSolarSystem/ResourceConfigs/Substrate/PLANETARY_RESOURCE
[LOG 14:12:36.412] Config(PLANETARY_RESOURCE) RealSolarSystem/ResourceConfigs/Substrate/PLANETARY_RESOURCE
[LOG 14:12:36.412] Config(PLANETARY_RESOURCE) RealSolarSystem/ResourceConfigs/Substrate/PLANETARY_RESOURCE
[LOG 14:12:36.412] Config(PLANETARY_RESOURCE) RealSolarSystem/ResourceConfigs/Uraninite/PLANETARY_RESOURCE
[LOG 14:12:36.412] Config(PLANETARY_RESOURCE) RealSolarSystem/ResourceConfigs/Uraninite/PLANETARY_RESOURCE
[LOG 14:12:36.412] Config(PLANETARY_RESOURCE) RealSolarSystem/ResourceConfigs/Uraninite/PLANETARY_RESOURCE
[LOG 14:12:36.412] Config(PLANETARY_RESOURCE) RealSolarSystem/ResourceConfigs/Uraninite/PLANETARY_RESOURCE
[LOG 14:12:36.412] Config(PLANETARY_RESOURCE) RealSolarSystem/ResourceConfigs/Uraninite/PLANETARY_RESOURCE
[LOG 14:12:36.412] Config(PLANETARY_RESOURCE) RealSolarSystem/ResourceConfigs/Water/PLANETARY_RESOURCE
[LOG 14:12:36.412] Config(PLANETARY_RESOURCE) RealSolarSystem/ResourceConfigs/Water/PLANETARY_RESOURCE
[LOG 14:12:36.412] Config(PLANETARY_RESOURCE) RealSolarSystem/ResourceConfigs/Water/PLANETARY_RESOURCE
[LOG 14:12:36.412] Config(PLANETARY_RESOURCE) RealSolarSystem/ResourceConfigs/Water/PLANETARY_RESOURCE
[LOG 14:12:36.412] Config(PLANETARY_RESOURCE) RealSolarSystem/ResourceConfigs/Water/PLANETARY_RESOURCE
[LOG 14:12:36.412] Config(PLANETARY_RESOURCE) RealSolarSystem/ResourceConfigs/Water/PLANETARY_RESOURCE
[LOG 14:12:36.412] Config(PLANETARY_RESOURCE) RealSolarSystem/ResourceConfigs/Water/PLANETARY_RESOURCE
[LOG 14:12:36.412] Config(PLANETARY_RESOURCE) RealSolarSystem/ResourceConfigs/Water/PLANETARY_RESOURCE
[LOG 14:12:36.412] Config(PLANETARY_RESOURCE) RealSolarSystem/ResourceConfigs/Water/PLANETARY_RESOURCE
[LOG 14:12:36.413] Config(PLANETARY_RESOURCE) RealSolarSystem/ResourceConfigs/Water/PLANETARY_RESOURCE
[LOG 14:12:36.413] Config(PLANETARY_RESOURCE) RealSolarSystem/ResourceConfigs/Water/PLANETARY_RESOURCE
[LOG 14:12:36.413] Config(PLANETARY_RESOURCE) RealSolarSystem/ResourceConfigs/Water/PLANETARY_RESOURCE
[LOG 14:12:36.413] Config(BIOME_RESOURCE) RealSolarSystem/ResourceConfigs/Water/BIOME_RESOURCE
[LOG 14:12:36.413] Config(BIOME_RESOURCE) RealSolarSystem/ResourceConfigs/Water/BIOME_RESOURCE
[LOG 14:12:36.413] Config(BIOME_RESOURCE) RealSolarSystem/ResourceConfigs/Water/BIOME_RESOURCE
[LOG 14:12:36.413] Config(PLANETARY_RESOURCE) RealSolarSystem/ResourceConfigs/Water/PLANETARY_RESOURCE
[LOG 14:12:36.413] Config(PLANETARY_RESOURCE) RealSolarSystem/ResourceConfigs/Water/PLANETARY_RESOURCE
[LOG 14:12:36.413] Config(PLANETARY_RESOURCE) RealSolarSystem/ResourceConfigs/Water/PLANETARY_RESOURCE
[LOG 14:12:36.413] Config(PLANETARY_RESOURCE) RealSolarSystem/ResourceConfigs/Water/PLANETARY_RESOURCE
[LOG 14:12:36.413] Config(PLANETARY_RESOURCE) RealSolarSystem/ResourceConfigs/XenonGas/PLANETARY_RESOURCE
[LOG 14:12:36.413] Config(PLANETARY_RESOURCE) RealSolarSystem/ResourceConfigs/XenonGas/PLANETARY_RESOURCE
[LOG 14:12:36.413] Config(@Kopernicus:AFTER[RealSolarSystem]) RealSolarSystem/RSSKopernicus/NavballSwitchAltitude/@Kopernicus:AFTER[RealSolarSystem]
[LOG 14:12:36.413] Config(@Kopernicus:FOR[RealSolarSystem]) RealSolarSystem/RSSKopernicus/Sun/@Kopernicus:FOR[RealSolarSystem]
[LOG 14:12:36.413] Config(@Kopernicus:FOR[RealSolarSystem]) RealSolarSystem/RSSKopernicus/Asteroids/Asteroids/@Kopernicus:FOR[RealSolarSystem]
[LOG 14:12:36.413] Config(@PART[*]:HAS[@MODULE[ModuleAsteroid]]:FOR[RealSolarSystem]) RealSolarSystem/RSSKopernicus/Asteroids/Asteroids/@PART[*]:HAS[@MODULE[ModuleAsteroid]]:FOR[RealSolarSystem]
[LOG 14:12:36.413] Config(@Kopernicus:FOR[RealSolarSystem]) RealSolarSystem/RSSKopernicus/Ceres/Ceres/@Kopernicus:FOR[RealSolarSystem]
[LOG 14:12:36.413] Config(@Kopernicus:FOR[RealSolarSystem]) RealSolarSystem/RSSKopernicus/Earth/Earth/@Kopernicus:FOR[RealSolarSystem]
[LOG 14:12:36.413] Config(@Kopernicus:FOR[RealSolarSystem]) RealSolarSystem/RSSKopernicus/Earth/Moon/@Kopernicus:FOR[RealSolarSystem]
[LOG 14:12:36.413] Config(@Kopernicus:FOR[RealSolarSystem]) RealSolarSystem/RSSKopernicus/Jupiter/Callisto/@Kopernicus:FOR[RealSolarSystem]
[LOG 14:12:36.413] Config(@Kopernicus:FOR[RealSolarSystem]) RealSolarSystem/RSSKopernicus/Jupiter/Europa/@Kopernicus:FOR[RealSolarSystem]
[LOG 14:12:36.413] Config(@Kopernicus:FOR[RealSolarSystem]) RealSolarSystem/RSSKopernicus/Jupiter/Ganymede/@Kopernicus:FOR[RealSolarSystem]
[LOG 14:12:36.413] Config(@Kopernicus:FOR[RealSolarSystem]) RealSolarSystem/RSSKopernicus/Jupiter/Io/@Kopernicus:FOR[RealSolarSystem]
[LOG 14:12:36.413] Config(@Kopernicus:FOR[RealSolarSystem]) RealSolarSystem/RSSKopernicus/Jupiter/Jupiter/@Kopernicus:FOR[RealSolarSystem]
[LOG 14:12:36.413] Config(@Kopernicus:FOR[RealSolarSystem]) RealSolarSystem/RSSKopernicus/Jupiter/Jupiter_Oblate/@Kopernicus:FOR[RealSolarSystem]
[LOG 14:12:36.414] Config(@Kopernicus:FOR[RealSolarSystem]) RealSolarSystem/RSSKopernicus/Mars/Deimos/@Kopernicus:FOR[RealSolarSystem]
[LOG 14:12:36.414] Config(@Kopernicus:FOR[RealSolarSystem]) RealSolarSystem/RSSKopernicus/Mars/Mars/@Kopernicus:FOR[RealSolarSystem]
[LOG 14:12:36.414] Config(@Kopernicus:FOR[RealSolarSystem]) RealSolarSystem/RSSKopernicus/Mars/Phobos/@Kopernicus:FOR[RealSolarSystem]
[LOG 14:12:36.414] Config(@Kopernicus:FOR[RealSolarSystem]) RealSolarSystem/RSSKopernicus/Mercury/Mercury/@Kopernicus:FOR[RealSolarSystem]
[LOG 14:12:36.414] Config(@Kopernicus:FOR[RealSolarSystem]) RealSolarSystem/RSSKopernicus/Neptune/Neptune/@Kopernicus:FOR[RealSolarSystem]
[LOG 14:12:36.414] Config(@Kopernicus:FOR[RealSolarSystem]) RealSolarSystem/RSSKopernicus/Neptune/Neptune_Oblate/@Kopernicus:FOR[RealSolarSystem]
[LOG 14:12:36.414] Config(@Kopernicus:FOR[RealSolarSystem]) RealSolarSystem/RSSKopernicus/Neptune/Triton/@Kopernicus:FOR[RealSolarSystem]
[LOG 14:12:36.414] Config(@Kopernicus:FOR[RealSolarSystem]) RealSolarSystem/RSSKopernicus/Neptune/Triton_Rotation/@Kopernicus:FOR[RealSolarSystem]
[LOG 14:12:36.414] Config(@Kopernicus:FOR[RealSolarSystem]) RealSolarSystem/RSSKopernicus/Pluto/Charon/@Kopernicus:FOR[RealSolarSystem]
[LOG 14:12:36.414] Config(@Kopernicus:FOR[RealSolarSystem]) RealSolarSystem/RSSKopernicus/Pluto/Pluto/@Kopernicus:FOR[RealSolarSystem]
[LOG 14:12:36.414] Config(@Kopernicus:FOR[RealSolarSystem]) RealSolarSystem/RSSKopernicus/Pluto/RotationPeriod/@Kopernicus:FOR[RealSolarSystem]
[LOG 14:12:36.414] Config(@Kopernicus:FOR[RealSolarSystem]) RealSolarSystem/RSSKopernicus/Saturn/Dione/@Kopernicus:FOR[RealSolarSystem]
[LOG 14:12:36.414] Config(@Kopernicus:FOR[RealSolarSystem]) RealSolarSystem/RSSKopernicus/Saturn/Enceladus/@Kopernicus:FOR[RealSolarSystem]
[LOG 14:12:36.414] Config(@Kopernicus:FOR[RealSolarSystem]) RealSolarSystem/RSSKopernicus/Saturn/Iapetus/@Kopernicus:FOR[RealSolarSystem]
[LOG 14:12:36.414] Config(@Kopernicus:FOR[RealSolarSystem]) RealSolarSystem/RSSKopernicus/Saturn/Mimas/@Kopernicus:FOR[RealSolarSystem]
[LOG 14:12:36.414] Config(@Kopernicus:FOR[RealSolarSystem]) RealSolarSystem/RSSKopernicus/Saturn/Rhea/@Kopernicus:FOR[RealSolarSystem]
[LOG 14:12:36.414] Config(@Kopernicus:FOR[RealSolarSystem]) RealSolarSystem/RSSKopernicus/Saturn/Saturn/@Kopernicus:FOR[RealSolarSystem]
[LOG 14:12:36.414] Config(@Kopernicus:FOR[RealSolarSystem]) RealSolarSystem/RSSKopernicus/Saturn/Saturn_Oblate/@Kopernicus:FOR[RealSolarSystem]
[LOG 14:12:36.414] Config(@Kopernicus:FOR[RealSolarSystem]) RealSolarSystem/RSSKopernicus/Saturn/Tethys/@Kopernicus:FOR[RealSolarSystem]
[LOG 14:12:36.414] Config(@Kopernicus:FOR[RealSolarSystem]) RealSolarSystem/RSSKopernicus/Saturn/Titan/@Kopernicus:FOR[RealSolarSystem]
[LOG 14:12:36.414] Config(@Kopernicus:FOR[RealSolarSystem]) RealSolarSystem/RSSKopernicus/Uranus/Ariel/@Kopernicus:FOR[RealSolarSystem]
[LOG 14:12:36.414] Config(@Kopernicus:FOR[RealSolarSystem]) RealSolarSystem/RSSKopernicus/Uranus/Miranda/@Kopernicus:FOR[RealSolarSystem]
[LOG 14:12:36.414] Config(@Kopernicus:FOR[RealSolarSystem]) RealSolarSystem/RSSKopernicus/Uranus/Oberon/@Kopernicus:FOR[RealSolarSystem]
[LOG 14:12:36.414] Config(@Kopernicus:FOR[RealSolarSystem]) RealSolarSystem/RSSKopernicus/Uranus/Titania/@Kopernicus:FOR[RealSolarSystem]
[LOG 14:12:36.414] Config(@Kopernicus:FOR[RealSolarSystem]) RealSolarSystem/RSSKopernicus/Uranus/Umbriel/@Kopernicus:FOR[RealSolarSystem]
[LOG 14:12:36.415] Config(@Kopernicus:FOR[RealSolarSystem]) RealSolarSystem/RSSKopernicus/Uranus/Uranus/@Kopernicus:FOR[RealSolarSystem]
[LOG 14:12:36.415] Config(@Kopernicus:FOR[RealSolarSystem]) RealSolarSystem/RSSKopernicus/Uranus/Uranus_Oblate/@Kopernicus:FOR[RealSolarSystem]
[LOG 14:12:36.415] Config(@Kopernicus:FOR[RealSolarSystem]) RealSolarSystem/RSSKopernicus/Venus/Venus/@Kopernicus:FOR[RealSolarSystem]
[LOG 14:12:36.415] Config(@Kopernicus:FOR[RealSolarSystem]) RealSolarSystem/RSSKopernicus/Vesta/Vesta/@Kopernicus:FOR[RealSolarSystem]
[LOG 14:12:36.415] Config(AGENT) Squad/Agencies/Agents/C7 Aerospace Division
[LOG 14:12:36.415] Config(AGENT) Squad/Agencies/Agents/Dinkelstein Kerman's Construction Emporium
[LOG 14:12:36.415] Config(AGENT) Squad/Agencies/Agents/Experimental Engineering Group
[LOG 14:12:36.415] Config(AGENT) Squad/Agencies/Agents/FLOOYD Dynamics Research Labs
[LOG 14:12:36.415] Config(AGENT) Squad/Agencies/Agents/Goliath National Products
[LOG 14:12:36.415] Config(AGENT) Squad/Agencies/Agents/Integrated Integrals
[LOG 14:12:36.415] Config(AGENT) Squad/Agencies/Agents/Ionic Symphonic Protonic Electronics
[LOG 14:12:36.415] Config(AGENT) Squad/Agencies/Agents/Jebediah Kerman's Junkyard and Spacecraft Parts Co
[LOG 14:12:36.415] Config(AGENT) Squad/Agencies/Agents/Kerbal Motion LLC
[LOG 14:12:36.415] Config(AGENT) Squad/Agencies/Agents/Kerbin World-Firsts Record-Keeping Society
[LOG 14:12:36.415] Config(AGENT) Squad/Agencies/Agents/Kerbodyne
[LOG 14:12:36.415] Config(AGENT) Squad/Agencies/Agents/Kerlington Model Rockets and Paper Products Inc
[LOG 14:12:36.415] Config(AGENT) Squad/Agencies/Agents/Maxo Construction Toys
[LOG 14:12:36.415] Config(AGENT) Squad/Agencies/Agents/Moving Parts Experts Group
[LOG 14:12:36.415] Config(AGENT) Squad/Agencies/Agents/O.M.B. Demolition Enterprises
[LOG 14:12:36.415] Config(AGENT) Squad/Agencies/Agents/Periapsis Rocket Supplies Co
[LOG 14:12:36.415] Config(AGENT) Squad/Agencies/Agents/Probodobodyne Inc
[LOG 14:12:36.415] Config(AGENT) Squad/Agencies/Agents/Research & Development Department
[LOG 14:12:36.415] Config(AGENT) Squad/Agencies/Agents/Reaction Systems Ltd
[LOG 14:12:36.415] Config(AGENT) Squad/Agencies/Agents/Rockomax Conglomerate
[LOG 14:12:36.415] Config(AGENT) Squad/Agencies/Agents/Rokea Inc
[LOG 14:12:36.415] Config(AGENT) Squad/Agencies/Agents/Sean's Cannery
[LOG 14:12:36.415] Config(AGENT) Squad/Agencies/Agents/STEADLER Engineering Corps
[LOG 14:12:36.415] Config(AGENT) Squad/Agencies/Agents/StrutCo
[LOG 14:12:36.415] Config(AGENT) Squad/Agencies/Agents/Vac-Co Advanced Suction Systems
[LOG 14:12:36.416] Config(AGENT) Squad/Agencies/Agents/WinterOwl Aircraft Emporium
[LOG 14:12:36.416] Config(AGENT) Squad/Agencies/Agents/Zaltonic Electronics
[LOG 14:12:36.416] Config(CONTRACT_CONSTRUCTION_PARTS) Squad/Contracts/constructionContractParts/CONTRACT_CONSTRUCTION_PARTS
[LOG 14:12:36.416] Config(Contracts) Squad/Contracts/Contracts/Contracts
[LOG 14:12:36.416] Config(CONTRACTCRAFT) Squad/Contracts/PrebuiltCraft/prebuiltData/CONTRACTCRAFT
[LOG 14:12:36.416] Config(CONTRACTCRAFT) Squad/Contracts/PrebuiltCraft/OrbitalConstructionContract/orbitalConstructionContractCraft/CONTRACTCRAFT
[LOG 14:12:36.416] Config(CONTRACTCRAFT) Squad/Contracts/PrebuiltCraft/RepairContract/repairContractCraft/CONTRACTCRAFT
[LOG 14:12:36.416] Config(CONTRACTCRAFT) Squad/Contracts/PrebuiltCraft/RoverContract/roverContractCraft/CONTRACTCRAFT
[LOG 14:12:36.416] Config(KEYBOARD_LAYOUT) Squad/Controls/Azerty/#autoLOC_6001233
[LOG 14:12:36.416] Config(PITCH_DOWN) Squad/Controls/Azerty/PITCH_DOWN
[LOG 14:12:36.416] Config(PITCH_UP) Squad/Controls/Azerty/PITCH_UP
[LOG 14:12:36.416] Config(YAW_LEFT) Squad/Controls/Azerty/YAW_LEFT
[LOG 14:12:36.416] Config(YAW_RIGHT) Squad/Controls/Azerty/YAW_RIGHT
[LOG 14:12:36.416] Config(ROLL_LEFT) Squad/Controls/Azerty/ROLL_LEFT
[LOG 14:12:36.416] Config(ROLL_RIGHT) Squad/Controls/Azerty/ROLL_RIGHT
[LOG 14:12:36.416] Config(THROTTLE_UP) Squad/Controls/Azerty/THROTTLE_UP
[LOG 14:12:36.416] Config(THROTTLE_DOWN) Squad/Controls/Azerty/THROTTLE_DOWN
[LOG 14:12:36.416] Config(SAS_HOLD) Squad/Controls/Azerty/SAS_HOLD
[LOG 14:12:36.416] Config(SAS_TOGGLE) Squad/Controls/Azerty/SAS_TOGGLE
[LOG 14:12:36.416] Config(LAUNCH_STAGES) Squad/Controls/Azerty/LAUNCH_STAGES
[LOG 14:12:36.416] Config(Docking_toggleRotLin) Squad/Controls/Azerty/Docking_toggleRotLin
[LOG 14:12:36.416] Config(CAMERA_MODE) Squad/Controls/Azerty/CAMERA_MODE
[LOG 14:12:36.416] Config(CAMERA_NEXT) Squad/Controls/Azerty/CAMERA_NEXT
[LOG 14:12:36.416] Config(PAUSE) Squad/Controls/Azerty/PAUSE
[LOG 14:12:36.416] Config(PRECISION_CTRL) Squad/Controls/Azerty/PRECISION_CTRL
[LOG 14:12:36.416] Config(ZOOM_IN) Squad/Controls/Azerty/ZOOM_IN
[LOG 14:12:36.416] Config(ZOOM_OUT) Squad/Controls/Azerty/ZOOM_OUT
[LOG 14:12:36.416] Config(SCROLL_VIEW_UP) Squad/Controls/Azerty/SCROLL_VIEW_UP
[LOG 14:12:36.416] Config(SCROLL_VIEW_DOWN) Squad/Controls/Azerty/SCROLL_VIEW_DOWN
[LOG 14:12:36.417] Config(SCROLL_ICONS_UP) Squad/Controls/Azerty/SCROLL_ICONS_UP
[LOG 14:12:36.417] Config(SCROLL_ICONS_DOWN) Squad/Controls/Azerty/SCROLL_ICONS_DOWN
[LOG 14:12:36.417] Config(CAMERA_ORBIT_UP) Squad/Controls/Azerty/CAMERA_ORBIT_UP
[LOG 14:12:36.417] Config(CAMERA_ORBIT_DOWN) Squad/Controls/Azerty/CAMERA_ORBIT_DOWN
[LOG 14:12:36.417] Config(CAMERA_ORBIT_LEFT) Squad/Controls/Azerty/CAMERA_ORBIT_LEFT
[LOG 14:12:36.417] Config(CAMERA_ORBIT_RIGHT) Squad/Controls/Azerty/CAMERA_ORBIT_RIGHT
[LOG 14:12:36.417] Config(CAMERA_RESET) Squad/Controls/Azerty/CAMERA_RESET
[LOG 14:12:36.417] Config(CAMERA_MOUSE_TOGGLE) Squad/Controls/Azerty/CAMERA_MOUSE_TOGGLE
[LOG 14:12:36.417] Config(TIME_WARP_INCREASE) Squad/Controls/Azerty/TIME_WARP_INCREASE
[LOG 14:12:36.417] Config(TIME_WARP_DECREASE) Squad/Controls/Azerty/TIME_WARP_DECREASE
[LOG 14:12:36.417] Config(TIME_WARP_STOP) Squad/Controls/Azerty/TIME_WARP_STOP
[LOG 14:12:36.417] Config(MAP_VIEW_TOGGLE) Squad/Controls/Azerty/MAP_VIEW_TOGGLE
[LOG 14:12:36.417] Config(NAVBALL_TOGGLE) Squad/Controls/Azerty/NAVBALL_TOGGLE
[LOG 14:12:36.417] Config(UIMODE_STAGING) Squad/Controls/Azerty/UIMODE_STAGING
[LOG 14:12:36.417] Config(UIMODE_DOCKING) Squad/Controls/Azerty/UIMODE_DOCKING
[LOG 14:12:36.417] Config(TRANSLATE_DOWN) Squad/Controls/Azerty/TRANSLATE_DOWN
[LOG 14:12:36.417] Config(TRANSLATE_UP) Squad/Controls/Azerty/TRANSLATE_UP
[LOG 14:12:36.417] Config(TRANSLATE_LEFT) Squad/Controls/Azerty/TRANSLATE_LEFT
[LOG 14:12:36.417] Config(TRANSLATE_RIGHT) Squad/Controls/Azerty/TRANSLATE_RIGHT
[LOG 14:12:36.417] Config(TRANSLATE_FWD) Squad/Controls/Azerty/TRANSLATE_FWD
[LOG 14:12:36.417] Config(TRANSLATE_BACK) Squad/Controls/Azerty/TRANSLATE_BACK
[LOG 14:12:36.417] Config(RCS_TOGGLE) Squad/Controls/Azerty/RCS_TOGGLE
[LOG 14:12:36.418] Config(FOCUS_NEXT_VESSEL) Squad/Controls/Azerty/FOCUS_NEXT_VESSEL
[LOG 14:12:36.418] Config(FOCUS_PREV_VESSEL) Squad/Controls/Azerty/FOCUS_PREV_VESSEL
[LOG 14:12:36.418] Config(TOGGLE_UI) Squad/Controls/Azerty/TOGGLE_UI
[LOG 14:12:36.418] Config(TOGGLE_STATUS_SCREEN) Squad/Controls/Azerty/TOGGLE_STATUS_SCREEN
[LOG 14:12:36.418] Config(TAKE_SCREENSHOT) Squad/Controls/Azerty/TAKE_SCREENSHOT
[LOG 14:12:36.418] Config(TOGGLE_LABELS) Squad/Controls/Azerty/TOGGLE_LABELS
[LOG 14:12:36.418] Config(TOGGLE_TEMP_GAUGES) Squad/Controls/Azerty/TOGGLE_TEMP_GAUGES
[LOG 14:12:36.418] Config(TOGGLE_TEMP_OVERLAY) Squad/Controls/Azerty/TOGGLE_TEMP_OVERLAY
[LOG 14:12:36.418] Config(TOGGLE_FLIGHT_FORCES) Squad/Controls/Azerty/TOGGLE_FLIGHT_FORCES
[LOG 14:12:36.418] Config(QUICKSAVE) Squad/Controls/Azerty/QUICKSAVE
[LOG 14:12:36.418] Config(QUICKLOAD) Squad/Controls/Azerty/QUICKLOAD
[LOG 14:12:36.418] Config(THROTTLE_CUTOFF) Squad/Controls/Azerty/THROTTLE_CUTOFF
[LOG 14:12:36.418] Config(THROTTLE_FULL) Squad/Controls/Azerty/THROTTLE_FULL
[LOG 14:12:36.418] Config(LANDING_GEAR) Squad/Controls/Azerty/LANDING_GEAR
[LOG 14:12:36.418] Config(HEADLIGHT_TOGGLE) Squad/Controls/Azerty/HEADLIGHT_TOGGLE
[LOG 14:12:36.418] Config(BRAKES) Squad/Controls/Azerty/BRAKES
[LOG 14:12:36.418] Config(TOGGLE_SPACENAV_FLIGHT_CONTROL) Squad/Controls/Azerty/TOGGLE_SPACENAV_FLIGHT_CONTROL
[LOG 14:12:36.418] Config(TOGGLE_SPACENAV_ROLL_LOCK) Squad/Controls/Azerty/TOGGLE_SPACENAV_ROLL_LOCK
[LOG 14:12:36.418] Config(WHEEL_STEER_LEFT) Squad/Controls/Azerty/WHEEL_STEER_LEFT
[LOG 14:12:36.418] Config(WHEEL_STEER_RIGHT) Squad/Controls/Azerty/WHEEL_STEER_RIGHT
[LOG 14:12:36.418] Config(WHEEL_THROTTLE_DOWN) Squad/Controls/Azerty/WHEEL_THROTTLE_DOWN
[LOG 14:12:36.418] Config(WHEEL_THROTTLE_UP) Squad/Controls/Azerty/WHEEL_THROTTLE_UP
[LOG 14:12:36.418] Config(EVA_forward) Squad/Controls/Azerty/EVA_forward
[LOG 14:12:36.418] Config(EVA_back) Squad/Controls/Azerty/EVA_back
[LOG 14:12:36.418] Config(EVA_left) Squad/Controls/Azerty/EVA_left
[LOG 14:12:36.418] Config(EVA_right) Squad/Controls/Azerty/EVA_right
[LOG 14:12:36.418] Config(EVA_yaw_left) Squad/Controls/Azerty/EVA_yaw_left
[LOG 14:12:36.418] Config(EVA_yaw_right) Squad/Controls/Azerty/EVA_yaw_right
[LOG 14:12:36.418] Config(EVA_Pack_forward) Squad/Controls/Azerty/EVA_Pack_forward
[LOG 14:12:36.418] Config(EVA_Pack_back) Squad/Controls/Azerty/EVA_Pack_back
[LOG 14:12:36.418] Config(EVA_Pack_left) Squad/Controls/Azerty/EVA_Pack_left
[LOG 14:12:36.418] Config(EVA_Pack_right) Squad/Controls/Azerty/EVA_Pack_right
[LOG 14:12:36.419] Config(EVA_Pack_up) Squad/Controls/Azerty/EVA_Pack_up
[LOG 14:12:36.419] Config(EVA_Pack_down) Squad/Controls/Azerty/EVA_Pack_down
[LOG 14:12:36.419] Config(EVA_Jump) Squad/Controls/Azerty/EVA_Jump
[LOG 14:12:36.419] Config(EVA_Run) Squad/Controls/Azerty/EVA_Run
[LOG 14:12:36.419] Config(EVA_ToggleMovementMode) Squad/Controls/Azerty/EVA_ToggleMovementMode
[LOG 14:12:36.419] Config(EVA_TogglePack) Squad/Controls/Azerty/EVA_TogglePack
[LOG 14:12:36.419] Config(EVA_Use) Squad/Controls/Azerty/EVA_Use
[LOG 14:12:36.419] Config(EVA_Board) Squad/Controls/Azerty/EVA_Board
[LOG 14:12:36.419] Config(EVA_Orient) Squad/Controls/Azerty/EVA_Orient
[LOG 14:12:36.419] Config(EVA_Lights) Squad/Controls/Azerty/EVA_Lights
[LOG 14:12:36.419] Config(EVA_ChuteDeploy) Squad/Controls/Azerty/EVA_ChuteDeploy
[LOG 14:12:36.419] Config(Editor_pitchUp) Squad/Controls/Azerty/Editor_pitchUp
[LOG 14:12:36.419] Config(Editor_pitchDown) Squad/Controls/Azerty/Editor_pitchDown
[LOG 14:12:36.419] Config(Editor_yawLeft) Squad/Controls/Azerty/Editor_yawLeft
[LOG 14:12:36.419] Config(Editor_yawRight) Squad/Controls/Azerty/Editor_yawRight
[LOG 14:12:36.419] Config(Editor_rollLeft) Squad/Controls/Azerty/Editor_rollLeft
[LOG 14:12:36.419] Config(Editor_rollRight) Squad/Controls/Azerty/Editor_rollRight
[LOG 14:12:36.419] Config(Editor_resetRotation) Squad/Controls/Azerty/Editor_resetRotation
[LOG 14:12:36.419] Config(Editor_modePlace) Squad/Controls/Azerty/Editor_modePlace
[LOG 14:12:36.419] Config(Editor_modeOffset) Squad/Controls/Azerty/Editor_modeOffset
[LOG 14:12:36.419] Config(Editor_modeRotate) Squad/Controls/Azerty/Editor_modeRotate
[LOG 14:12:36.419] Config(Editor_modeRoot) Squad/Controls/Azerty/Editor_modeRoot
[LOG 14:12:36.419] Config(Editor_coordSystem) Squad/Controls/Azerty/Editor_coordSystem
[LOG 14:12:36.419] Config(Editor_toggleSymMethod) Squad/Controls/Azerty/Editor_toggleSymMethod
[LOG 14:12:36.419] Config(Editor_toggleSymMode) Squad/Controls/Azerty/Editor_toggleSymMode
[LOG 14:12:36.419] Config(Editor_toggleAngleSnap) Squad/Controls/Azerty/Editor_toggleAngleSnap
[LOG 14:12:36.419] Config(Editor_fineTweak) Squad/Controls/Azerty/Editor_fineTweak
[LOG 14:12:36.419] Config(Editor_partSearch) Squad/Controls/Azerty/Editor_partSearch
[LOG 14:12:36.419] Config(Editor_zoomScrollModifier) Squad/Controls/Azerty/Editor_zoomScrollModifier
[LOG 14:12:36.419] Config(MODIFIER_KEY) Squad/Controls/Azerty/MODIFIER_KEY
[LOG 14:12:36.419] Config(AbortActionGroup) Squad/Controls/Azerty/AbortActionGroup
[LOG 14:12:36.420] Config(CustomActionGroup1) Squad/Controls/Azerty/CustomActionGroup1
[LOG 14:12:36.420] Config(CustomActionGroup2) Squad/Controls/Azerty/CustomActionGroup2
[LOG 14:12:36.420] Config(CustomActionGroup3) Squad/Controls/Azerty/CustomActionGroup3
[LOG 14:12:36.420] Config(CustomActionGroup4) Squad/Controls/Azerty/CustomActionGroup4
[LOG 14:12:36.420] Config(CustomActionGroup5) Squad/Controls/Azerty/CustomActionGroup5
[LOG 14:12:36.420] Config(CustomActionGroup6) Squad/Controls/Azerty/CustomActionGroup6
[LOG 14:12:36.420] Config(CustomActionGroup7) Squad/Controls/Azerty/CustomActionGroup7
[LOG 14:12:36.420] Config(CustomActionGroup8) Squad/Controls/Azerty/CustomActionGroup8
[LOG 14:12:36.420] Config(CustomActionGroup9) Squad/Controls/Azerty/CustomActionGroup9
[LOG 14:12:36.420] Config(CustomActionGroup10) Squad/Controls/Azerty/CustomActionGroup10
[LOG 14:12:36.420] Config(KEY_MAP) Squad/Controls/Azerty/KEY_MAP
[LOG 14:12:36.420] Config(KEYBOARD_LAYOUT) Squad/Controls/Dvorak/#autoLOC_6001234
[LOG 14:12:36.420] Config(PITCH_DOWN) Squad/Controls/Dvorak/PITCH_DOWN
[LOG 14:12:36.420] Config(PITCH_UP) Squad/Controls/Dvorak/PITCH_UP
[LOG 14:12:36.420] Config(YAW_LEFT) Squad/Controls/Dvorak/YAW_LEFT
[LOG 14:12:36.420] Config(YAW_RIGHT) Squad/Controls/Dvorak/YAW_RIGHT
[LOG 14:12:36.420] Config(ROLL_LEFT) Squad/Controls/Dvorak/ROLL_LEFT
[LOG 14:12:36.420] Config(ROLL_RIGHT) Squad/Controls/Dvorak/ROLL_RIGHT
[LOG 14:12:36.420] Config(THROTTLE_UP) Squad/Controls/Dvorak/THROTTLE_UP
[LOG 14:12:36.420] Config(THROTTLE_DOWN) Squad/Controls/Dvorak/THROTTLE_DOWN
[LOG 14:12:36.420] Config(SAS_HOLD) Squad/Controls/Dvorak/SAS_HOLD
[LOG 14:12:36.420] Config(SAS_TOGGLE) Squad/Controls/Dvorak/SAS_TOGGLE
[LOG 14:12:36.420] Config(LAUNCH_STAGES) Squad/Controls/Dvorak/LAUNCH_STAGES
[LOG 14:12:36.420] Config(Docking_toggleRotLin) Squad/Controls/Dvorak/Docking_toggleRotLin
[LOG 14:12:36.420] Config(CAMERA_MODE) Squad/Controls/Dvorak/CAMERA_MODE
[LOG 14:12:36.420] Config(CAMERA_NEXT) Squad/Controls/Dvorak/CAMERA_NEXT
[LOG 14:12:36.420] Config(PAUSE) Squad/Controls/Dvorak/PAUSE
[LOG 14:12:36.420] Config(PRECISION_CTRL) Squad/Controls/Dvorak/PRECISION_CTRL
[LOG 14:12:36.420] Config(ZOOM_IN) Squad/Controls/Dvorak/ZOOM_IN
[LOG 14:12:36.421] Config(ZOOM_OUT) Squad/Controls/Dvorak/ZOOM_OUT
[LOG 14:12:36.421] Config(SCROLL_VIEW_UP) Squad/Controls/Dvorak/SCROLL_VIEW_UP
[LOG 14:12:36.421] Config(SCROLL_VIEW_DOWN) Squad/Controls/Dvorak/SCROLL_VIEW_DOWN
[LOG 14:12:36.421] Config(SCROLL_ICONS_UP) Squad/Controls/Dvorak/SCROLL_ICONS_UP
[LOG 14:12:36.421] Config(SCROLL_ICONS_DOWN) Squad/Controls/Dvorak/SCROLL_ICONS_DOWN
[LOG 14:12:36.421] Config(CAMERA_ORBIT_UP) Squad/Controls/Dvorak/CAMERA_ORBIT_UP
[LOG 14:12:36.421] Config(CAMERA_ORBIT_DOWN) Squad/Controls/Dvorak/CAMERA_ORBIT_DOWN
[LOG 14:12:36.421] Config(CAMERA_ORBIT_LEFT) Squad/Controls/Dvorak/CAMERA_ORBIT_LEFT
[LOG 14:12:36.421] Config(CAMERA_ORBIT_RIGHT) Squad/Controls/Dvorak/CAMERA_ORBIT_RIGHT
[LOG 14:12:36.421] Config(CAMERA_RESET) Squad/Controls/Dvorak/CAMERA_RESET
[LOG 14:12:36.421] Config(CAMERA_MOUSE_TOGGLE) Squad/Controls/Dvorak/CAMERA_MOUSE_TOGGLE
[LOG 14:12:36.421] Config(TIME_WARP_INCREASE) Squad/Controls/Dvorak/TIME_WARP_INCREASE
[LOG 14:12:36.421] Config(TIME_WARP_DECREASE) Squad/Controls/Dvorak/TIME_WARP_DECREASE
[LOG 14:12:36.421] Config(TIME_WARP_STOP) Squad/Controls/Dvorak/TIME_WARP_STOP
[LOG 14:12:36.421] Config(MAP_VIEW_TOGGLE) Squad/Controls/Dvorak/MAP_VIEW_TOGGLE
[LOG 14:12:36.421] Config(NAVBALL_TOGGLE) Squad/Controls/Dvorak/NAVBALL_TOGGLE
[LOG 14:12:36.421] Config(UIMODE_STAGING) Squad/Controls/Dvorak/UIMODE_STAGING
[LOG 14:12:36.421] Config(UIMODE_DOCKING) Squad/Controls/Dvorak/UIMODE_DOCKING
[LOG 14:12:36.421] Config(TRANSLATE_DOWN) Squad/Controls/Dvorak/TRANSLATE_DOWN
[LOG 14:12:36.421] Config(TRANSLATE_UP) Squad/Controls/Dvorak/TRANSLATE_UP
[LOG 14:12:36.421] Config(TRANSLATE_LEFT) Squad/Controls/Dvorak/TRANSLATE_LEFT
[LOG 14:12:36.421] Config(TRANSLATE_RIGHT) Squad/Controls/Dvorak/TRANSLATE_RIGHT
[LOG 14:12:36.421] Config(TRANSLATE_FWD) Squad/Controls/Dvorak/TRANSLATE_FWD
[LOG 14:12:36.421] Config(TRANSLATE_BACK) Squad/Controls/Dvorak/TRANSLATE_BACK
[LOG 14:12:36.421] Config(RCS_TOGGLE) Squad/Controls/Dvorak/RCS_TOGGLE
[LOG 14:12:36.421] Config(FOCUS_NEXT_VESSEL) Squad/Controls/Dvorak/FOCUS_NEXT_VESSEL
[LOG 14:12:36.421] Config(FOCUS_PREV_VESSEL) Squad/Controls/Dvorak/FOCUS_PREV_VESSEL
[LOG 14:12:36.421] Config(TOGGLE_UI) Squad/Controls/Dvorak/TOGGLE_UI
[LOG 14:12:36.421] Config(TOGGLE_STATUS_SCREEN) Squad/Controls/Dvorak/TOGGLE_STATUS_SCREEN
[LOG 14:12:36.421] Config(TAKE_SCREENSHOT) Squad/Controls/Dvorak/TAKE_SCREENSHOT
[LOG 14:12:36.421] Config(TOGGLE_LABELS) Squad/Controls/Dvorak/TOGGLE_LABELS
[LOG 14:12:36.422] Config(TOGGLE_TEMP_GAUGES) Squad/Controls/Dvorak/TOGGLE_TEMP_GAUGES
[LOG 14:12:36.422] Config(TOGGLE_TEMP_OVERLAY) Squad/Controls/Dvorak/TOGGLE_TEMP_OVERLAY
[LOG 14:12:36.422] Config(TOGGLE_FLIGHT_FORCES) Squad/Controls/Dvorak/TOGGLE_FLIGHT_FORCES
[LOG 14:12:36.422] Config(QUICKSAVE) Squad/Controls/Dvorak/QUICKSAVE
[LOG 14:12:36.422] Config(QUICKLOAD) Squad/Controls/Dvorak/QUICKLOAD
[LOG 14:12:36.422] Config(THROTTLE_CUTOFF) Squad/Controls/Dvorak/THROTTLE_CUTOFF
[LOG 14:12:36.422] Config(THROTTLE_FULL) Squad/Controls/Dvorak/THROTTLE_FULL
[LOG 14:12:36.422] Config(LANDING_GEAR) Squad/Controls/Dvorak/LANDING_GEAR
[LOG 14:12:36.422] Config(HEADLIGHT_TOGGLE) Squad/Controls/Dvorak/HEADLIGHT_TOGGLE
[LOG 14:12:36.422] Config(BRAKES) Squad/Controls/Dvorak/BRAKES
[LOG 14:12:36.422] Config(TOGGLE_SPACENAV_FLIGHT_CONTROL) Squad/Controls/Dvorak/TOGGLE_SPACENAV_FLIGHT_CONTROL
[LOG 14:12:36.422] Config(TOGGLE_SPACENAV_ROLL_LOCK) Squad/Controls/Dvorak/TOGGLE_SPACENAV_ROLL_LOCK
[LOG 14:12:36.422] Config(WHEEL_STEER_LEFT) Squad/Controls/Dvorak/WHEEL_STEER_LEFT
[LOG 14:12:36.422] Config(WHEEL_STEER_RIGHT) Squad/Controls/Dvorak/WHEEL_STEER_RIGHT
[LOG 14:12:36.422] Config(WHEEL_THROTTLE_DOWN) Squad/Controls/Dvorak/WHEEL_THROTTLE_DOWN
[LOG 14:12:36.422] Config(WHEEL_THROTTLE_UP) Squad/Controls/Dvorak/WHEEL_THROTTLE_UP
[LOG 14:12:36.422] Config(EVA_forward) Squad/Controls/Dvorak/EVA_forward
[LOG 14:12:36.422] Config(EVA_back) Squad/Controls/Dvorak/EVA_back
[LOG 14:12:36.422] Config(EVA_left) Squad/Controls/Dvorak/EVA_left
[LOG 14:12:36.422] Config(EVA_right) Squad/Controls/Dvorak/EVA_right
[LOG 14:12:36.422] Config(EVA_yaw_left) Squad/Controls/Dvorak/EVA_yaw_left
[LOG 14:12:36.422] Config(EVA_yaw_right) Squad/Controls/Dvorak/EVA_yaw_right
[LOG 14:12:36.422] Config(EVA_Pack_forward) Squad/Controls/Dvorak/EVA_Pack_forward
[LOG 14:12:36.422] Config(EVA_Pack_back) Squad/Controls/Dvorak/EVA_Pack_back
[LOG 14:12:36.422] Config(EVA_Pack_left) Squad/Controls/Dvorak/EVA_Pack_left
[LOG 14:12:36.423] Config(EVA_Pack_right) Squad/Controls/Dvorak/EVA_Pack_right
[LOG 14:12:36.423] Config(EVA_Pack_up) Squad/Controls/Dvorak/EVA_Pack_up
[LOG 14:12:36.423] Config(EVA_Pack_down) Squad/Controls/Dvorak/EVA_Pack_down
[LOG 14:12:36.423] Config(EVA_Jump) Squad/Controls/Dvorak/EVA_Jump
[LOG 14:12:36.423] Config(EVA_Run) Squad/Controls/Dvorak/EVA_Run
[LOG 14:12:36.423] Config(EVA_ToggleMovementMode) Squad/Controls/Dvorak/EVA_ToggleMovementMode
[LOG 14:12:36.423] Config(EVA_TogglePack) Squad/Controls/Dvorak/EVA_TogglePack
[LOG 14:12:36.423] Config(EVA_Use) Squad/Controls/Dvorak/EVA_Use
[LOG 14:12:36.423] Config(EVA_Board) Squad/Controls/Dvorak/EVA_Board
[LOG 14:12:36.423] Config(EVA_Orient) Squad/Controls/Dvorak/EVA_Orient
[LOG 14:12:36.423] Config(EVA_Lights) Squad/Controls/Dvorak/EVA_Lights
[LOG 14:12:36.423] Config(EVA_ChuteDeploy) Squad/Controls/Dvorak/EVA_ChuteDeploy
[LOG 14:12:36.423] Config(Editor_pitchUp) Squad/Controls/Dvorak/Editor_pitchUp
[LOG 14:12:36.423] Config(Editor_pitchDown) Squad/Controls/Dvorak/Editor_pitchDown
[LOG 14:12:36.423] Config(Editor_yawLeft) Squad/Controls/Dvorak/Editor_yawLeft
[LOG 14:12:36.423] Config(Editor_yawRight) Squad/Controls/Dvorak/Editor_yawRight
[LOG 14:12:36.423] Config(Editor_rollLeft) Squad/Controls/Dvorak/Editor_rollLeft
[LOG 14:12:36.423] Config(Editor_rollRight) Squad/Controls/Dvorak/Editor_rollRight
[LOG 14:12:36.423] Config(Editor_resetRotation) Squad/Controls/Dvorak/Editor_resetRotation
[LOG 14:12:36.423] Config(Editor_modePlace) Squad/Controls/Dvorak/Editor_modePlace
[LOG 14:12:36.423] Config(Editor_modeOffset) Squad/Controls/Dvorak/Editor_modeOffset
[LOG 14:12:36.423] Config(Editor_modeRotate) Squad/Controls/Dvorak/Editor_modeRotate
[LOG 14:12:36.423] Config(Editor_modeRoot) Squad/Controls/Dvorak/Editor_modeRoot
[LOG 14:12:36.423] Config(Editor_coordSystem) Squad/Controls/Dvorak/Editor_coordSystem
[LOG 14:12:36.423] Config(Editor_toggleSymMethod) Squad/Controls/Dvorak/Editor_toggleSymMethod
[LOG 14:12:36.423] Config(Editor_toggleSymMode) Squad/Controls/Dvorak/Editor_toggleSymMode
[LOG 14:12:36.423] Config(Editor_toggleAngleSnap) Squad/Controls/Dvorak/Editor_toggleAngleSnap
[LOG 14:12:36.423] Config(Editor_fineTweak) Squad/Controls/Dvorak/Editor_fineTweak
[LOG 14:12:36.423] Config(Editor_partSearch) Squad/Controls/Dvorak/Editor_partSearch
[LOG 14:12:36.423] Config(Editor_zoomScrollModifier) Squad/Controls/Dvorak/Editor_zoomScrollModifier
[LOG 14:12:36.423] Config(MODIFIER_KEY) Squad/Controls/Dvorak/MODIFIER_KEY
[LOG 14:12:36.424] Config(AbortActionGroup) Squad/Controls/Dvorak/AbortActionGroup
[LOG 14:12:36.424] Config(CustomActionGroup1) Squad/Controls/Dvorak/CustomActionGroup1
[LOG 14:12:36.424] Config(CustomActionGroup2) Squad/Controls/Dvorak/CustomActionGroup2
[LOG 14:12:36.424] Config(CustomActionGroup3) Squad/Controls/Dvorak/CustomActionGroup3
[LOG 14:12:36.424] Config(CustomActionGroup4) Squad/Controls/Dvorak/CustomActionGroup4
[LOG 14:12:36.424] Config(CustomActionGroup5) Squad/Controls/Dvorak/CustomActionGroup5
[LOG 14:12:36.424] Config(CustomActionGroup6) Squad/Controls/Dvorak/CustomActionGroup6
[LOG 14:12:36.424] Config(CustomActionGroup7) Squad/Controls/Dvorak/CustomActionGroup7
[LOG 14:12:36.424] Config(CustomActionGroup8) Squad/Controls/Dvorak/CustomActionGroup8
[LOG 14:12:36.424] Config(CustomActionGroup9) Squad/Controls/Dvorak/CustomActionGroup9
[LOG 14:12:36.424] Config(CustomActionGroup10) Squad/Controls/Dvorak/CustomActionGroup10
[LOG 14:12:36.424] Config(KEY_MAP) Squad/Controls/Dvorak/KEY_MAP
[LOG 14:12:36.424] Config(KEYBOARD_LAYOUT) Squad/Controls/Qwerty/#autoLOC_6001227
[LOG 14:12:36.424] Config(PITCH_DOWN) Squad/Controls/Qwerty/PITCH_DOWN
[LOG 14:12:36.424] Config(PITCH_UP) Squad/Controls/Qwerty/PITCH_UP
[LOG 14:12:36.424] Config(YAW_LEFT) Squad/Controls/Qwerty/YAW_LEFT
[LOG 14:12:36.424] Config(YAW_RIGHT) Squad/Controls/Qwerty/YAW_RIGHT
[LOG 14:12:36.424] Config(ROLL_LEFT) Squad/Controls/Qwerty/ROLL_LEFT
[LOG 14:12:36.424] Config(ROLL_RIGHT) Squad/Controls/Qwerty/ROLL_RIGHT
[LOG 14:12:36.424] Config(THROTTLE_UP) Squad/Controls/Qwerty/THROTTLE_UP
[LOG 14:12:36.424] Config(THROTTLE_DOWN) Squad/Controls/Qwerty/THROTTLE_DOWN
[LOG 14:12:36.424] Config(SAS_HOLD) Squad/Controls/Qwerty/SAS_HOLD
[LOG 14:12:36.424] Config(SAS_TOGGLE) Squad/Controls/Qwerty/SAS_TOGGLE
[LOG 14:12:36.424] Config(LAUNCH_STAGES) Squad/Controls/Qwerty/LAUNCH_STAGES
[LOG 14:12:36.424] Config(Docking_toggleRotLin) Squad/Controls/Qwerty/Docking_toggleRotLin
[LOG 14:12:36.424] Config(CAMERA_MODE) Squad/Controls/Qwerty/CAMERA_MODE
[LOG 14:12:36.424] Config(CAMERA_NEXT) Squad/Controls/Qwerty/CAMERA_NEXT
[LOG 14:12:36.424] Config(PAUSE) Squad/Controls/Qwerty/PAUSE
[LOG 14:12:36.424] Config(PRECISION_CTRL) Squad/Controls/Qwerty/PRECISION_CTRL
[LOG 14:12:36.424] Config(ZOOM_IN) Squad/Controls/Qwerty/ZOOM_IN
[LOG 14:12:36.425] Config(ZOOM_OUT) Squad/Controls/Qwerty/ZOOM_OUT
[LOG 14:12:36.425] Config(SCROLL_VIEW_UP) Squad/Controls/Qwerty/SCROLL_VIEW_UP
[LOG 14:12:36.425] Config(SCROLL_VIEW_DOWN) Squad/Controls/Qwerty/SCROLL_VIEW_DOWN
[LOG 14:12:36.425] Config(SCROLL_ICONS_UP) Squad/Controls/Qwerty/SCROLL_ICONS_UP
[LOG 14:12:36.425] Config(SCROLL_ICONS_DOWN) Squad/Controls/Qwerty/SCROLL_ICONS_DOWN
[LOG 14:12:36.425] Config(CAMERA_ORBIT_UP) Squad/Controls/Qwerty/CAMERA_ORBIT_UP
[LOG 14:12:36.425] Config(CAMERA_ORBIT_DOWN) Squad/Controls/Qwerty/CAMERA_ORBIT_DOWN
[LOG 14:12:36.425] Config(CAMERA_ORBIT_LEFT) Squad/Controls/Qwerty/CAMERA_ORBIT_LEFT
[LOG 14:12:36.425] Config(CAMERA_ORBIT_RIGHT) Squad/Controls/Qwerty/CAMERA_ORBIT_RIGHT
[LOG 14:12:36.425] Config(CAMERA_RESET) Squad/Controls/Qwerty/CAMERA_RESET
[LOG 14:12:36.425] Config(CAMERA_MOUSE_TOGGLE) Squad/Controls/Qwerty/CAMERA_MOUSE_TOGGLE
[LOG 14:12:36.425] Config(TIME_WARP_INCREASE) Squad/Controls/Qwerty/TIME_WARP_INCREASE
[LOG 14:12:36.425] Config(TIME_WARP_DECREASE) Squad/Controls/Qwerty/TIME_WARP_DECREASE
[LOG 14:12:36.425] Config(TIME_WARP_STOP) Squad/Controls/Qwerty/TIME_WARP_STOP
[LOG 14:12:36.425] Config(MAP_VIEW_TOGGLE) Squad/Controls/Qwerty/MAP_VIEW_TOGGLE
[LOG 14:12:36.425] Config(NAVBALL_TOGGLE) Squad/Controls/Qwerty/NAVBALL_TOGGLE
[LOG 14:12:36.425] Config(UIMODE_STAGING) Squad/Controls/Qwerty/UIMODE_STAGING
[LOG 14:12:36.425] Config(UIMODE_DOCKING) Squad/Controls/Qwerty/UIMODE_DOCKING
[LOG 14:12:36.425] Config(TRANSLATE_DOWN) Squad/Controls/Qwerty/TRANSLATE_DOWN
[LOG 14:12:36.425] Config(TRANSLATE_UP) Squad/Controls/Qwerty/TRANSLATE_UP
[LOG 14:12:36.425] Config(TRANSLATE_LEFT) Squad/Controls/Qwerty/TRANSLATE_LEFT
[LOG 14:12:36.425] Config(TRANSLATE_RIGHT) Squad/Controls/Qwerty/TRANSLATE_RIGHT
[LOG 14:12:36.425] Config(TRANSLATE_FWD) Squad/Controls/Qwerty/TRANSLATE_FWD
[LOG 14:12:36.425] Config(TRANSLATE_BACK) Squad/Controls/Qwerty/TRANSLATE_BACK
[LOG 14:12:36.425] Config(RCS_TOGGLE) Squad/Controls/Qwerty/RCS_TOGGLE
[LOG 14:12:36.425] Config(FOCUS_NEXT_VESSEL) Squad/Controls/Qwerty/FOCUS_NEXT_VESSEL
[LOG 14:12:36.425] Config(FOCUS_PREV_VESSEL) Squad/Controls/Qwerty/FOCUS_PREV_VESSEL
[LOG 14:12:36.425] Config(TOGGLE_UI) Squad/Controls/Qwerty/TOGGLE_UI
[LOG 14:12:36.425] Config(TOGGLE_STATUS_SCREEN) Squad/Controls/Qwerty/TOGGLE_STATUS_SCREEN
[LOG 14:12:36.425] Config(TAKE_SCREENSHOT) Squad/Controls/Qwerty/TAKE_SCREENSHOT
[LOG 14:12:36.425] Config(TOGGLE_LABELS) Squad/Controls/Qwerty/TOGGLE_LABELS
[LOG 14:12:36.426] Config(TOGGLE_TEMP_GAUGES) Squad/Controls/Qwerty/TOGGLE_TEMP_GAUGES
[LOG 14:12:36.426] Config(TOGGLE_TEMP_OVERLAY) Squad/Controls/Qwerty/TOGGLE_TEMP_OVERLAY
[LOG 14:12:36.426] Config(TOGGLE_FLIGHT_FORCES) Squad/Controls/Qwerty/TOGGLE_FLIGHT_FORCES
[LOG 14:12:36.426] Config(QUICKSAVE) Squad/Controls/Qwerty/QUICKSAVE
[LOG 14:12:36.426] Config(QUICKLOAD) Squad/Controls/Qwerty/QUICKLOAD
[LOG 14:12:36.426] Config(THROTTLE_CUTOFF) Squad/Controls/Qwerty/THROTTLE_CUTOFF
[LOG 14:12:36.426] Config(THROTTLE_FULL) Squad/Controls/Qwerty/THROTTLE_FULL
[LOG 14:12:36.426] Config(LANDING_GEAR) Squad/Controls/Qwerty/LANDING_GEAR
[LOG 14:12:36.426] Config(HEADLIGHT_TOGGLE) Squad/Controls/Qwerty/HEADLIGHT_TOGGLE
[LOG 14:12:36.426] Config(BRAKES) Squad/Controls/Qwerty/BRAKES
[LOG 14:12:36.426] Config(TOGGLE_SPACENAV_FLIGHT_CONTROL) Squad/Controls/Qwerty/TOGGLE_SPACENAV_FLIGHT_CONTROL
[LOG 14:12:36.426] Config(TOGGLE_SPACENAV_ROLL_LOCK) Squad/Controls/Qwerty/TOGGLE_SPACENAV_ROLL_LOCK
[LOG 14:12:36.426] Config(WHEEL_STEER_LEFT) Squad/Controls/Qwerty/WHEEL_STEER_LEFT
[LOG 14:12:36.426] Config(WHEEL_STEER_RIGHT) Squad/Controls/Qwerty/WHEEL_STEER_RIGHT
[LOG 14:12:36.426] Config(WHEEL_THROTTLE_DOWN) Squad/Controls/Qwerty/WHEEL_THROTTLE_DOWN
[LOG 14:12:36.426] Config(WHEEL_THROTTLE_UP) Squad/Controls/Qwerty/WHEEL_THROTTLE_UP
[LOG 14:12:36.426] Config(EVA_forward) Squad/Controls/Qwerty/EVA_forward
[LOG 14:12:36.426] Config(EVA_back) Squad/Controls/Qwerty/EVA_back
[LOG 14:12:36.426] Config(EVA_left) Squad/Controls/Qwerty/EVA_left
[LOG 14:12:36.426] Config(EVA_right) Squad/Controls/Qwerty/EVA_right
[LOG 14:12:36.426] Config(EVA_yaw_left) Squad/Controls/Qwerty/EVA_yaw_left
[LOG 14:12:36.426] Config(EVA_yaw_right) Squad/Controls/Qwerty/EVA_yaw_right
[LOG 14:12:36.426] Config(EVA_Pack_forward) Squad/Controls/Qwerty/EVA_Pack_forward
[LOG 14:12:36.426] Config(EVA_Pack_back) Squad/Controls/Qwerty/EVA_Pack_back
[LOG 14:12:36.426] Config(EVA_Pack_left) Squad/Controls/Qwerty/EVA_Pack_left
[LOG 14:12:36.426] Config(EVA_Pack_right) Squad/Controls/Qwerty/EVA_Pack_right
[LOG 14:12:36.426] Config(EVA_Pack_up) Squad/Controls/Qwerty/EVA_Pack_up
[LOG 14:12:36.426] Config(EVA_Pack_down) Squad/Controls/Qwerty/EVA_Pack_down
[LOG 14:12:36.426] Config(EVA_Jump) Squad/Controls/Qwerty/EVA_Jump
[LOG 14:12:36.426] Config(EVA_Run) Squad/Controls/Qwerty/EVA_Run
[LOG 14:12:36.426] Config(EVA_ToggleMovementMode) Squad/Controls/Qwerty/EVA_ToggleMovementMode
[LOG 14:12:36.426] Config(EVA_TogglePack) Squad/Controls/Qwerty/EVA_TogglePack
[LOG 14:12:36.427] Config(EVA_Use) Squad/Controls/Qwerty/EVA_Use
[LOG 14:12:36.427] Config(EVA_Board) Squad/Controls/Qwerty/EVA_Board
[LOG 14:12:36.427] Config(EVA_Orient) Squad/Controls/Qwerty/EVA_Orient
[LOG 14:12:36.427] Config(EVA_Lights) Squad/Controls/Qwerty/EVA_Lights
[LOG 14:12:36.427] Config(EVA_ChuteDeploy) Squad/Controls/Qwerty/EVA_ChuteDeploy
[LOG 14:12:36.427] Config(Editor_pitchUp) Squad/Controls/Qwerty/Editor_pitchUp
[LOG 14:12:36.427] Config(Editor_pitchDown) Squad/Controls/Qwerty/Editor_pitchDown
[LOG 14:12:36.427] Config(Editor_yawLeft) Squad/Controls/Qwerty/Editor_yawLeft
[LOG 14:12:36.427] Config(Editor_yawRight) Squad/Controls/Qwerty/Editor_yawRight
[LOG 14:12:36.427] Config(Editor_rollLeft) Squad/Controls/Qwerty/Editor_rollLeft
[LOG 14:12:36.427] Config(Editor_rollRight) Squad/Controls/Qwerty/Editor_rollRight
[LOG 14:12:36.427] Config(Editor_resetRotation) Squad/Controls/Qwerty/Editor_resetRotation
[LOG 14:12:36.427] Config(Editor_modePlace) Squad/Controls/Qwerty/Editor_modePlace
[LOG 14:12:36.427] Config(Editor_modeOffset) Squad/Controls/Qwerty/Editor_modeOffset
[LOG 14:12:36.427] Config(Editor_modeRotate) Squad/Controls/Qwerty/Editor_modeRotate
[LOG 14:12:36.427] Config(Editor_modeRoot) Squad/Controls/Qwerty/Editor_modeRoot
[LOG 14:12:36.427] Config(Editor_coordSystem) Squad/Controls/Qwerty/Editor_coordSystem
[LOG 14:12:36.427] Config(Editor_toggleSymMethod) Squad/Controls/Qwerty/Editor_toggleSymMethod
[LOG 14:12:36.427] Config(Editor_toggleSymMode) Squad/Controls/Qwerty/Editor_toggleSymMode
[LOG 14:12:36.427] Config(Editor_toggleAngleSnap) Squad/Controls/Qwerty/Editor_toggleAngleSnap
[LOG 14:12:36.427] Config(Editor_fineTweak) Squad/Controls/Qwerty/Editor_fineTweak
[LOG 14:12:36.427] Config(Editor_partSearch) Squad/Controls/Qwerty/Editor_partSearch
[LOG 14:12:36.427] Config(Editor_zoomScrollModifier) Squad/Controls/Qwerty/Editor_zoomScrollModifier
[LOG 14:12:36.427] Config(MODIFIER_KEY) Squad/Controls/Qwerty/MODIFIER_KEY
[LOG 14:12:36.427] Config(AbortActionGroup) Squad/Controls/Qwerty/AbortActionGroup
[LOG 14:12:36.427] Config(CustomActionGroup1) Squad/Controls/Qwerty/CustomActionGroup1
[LOG 14:12:36.427] Config(CustomActionGroup2) Squad/Controls/Qwerty/CustomActionGroup2
[LOG 14:12:36.428] Config(CustomActionGroup3) Squad/Controls/Qwerty/CustomActionGroup3
[LOG 14:12:36.428] Config(CustomActionGroup4) Squad/Controls/Qwerty/CustomActionGroup4
[LOG 14:12:36.428] Config(CustomActionGroup5) Squad/Controls/Qwerty/CustomActionGroup5
[LOG 14:12:36.428] Config(CustomActionGroup6) Squad/Controls/Qwerty/CustomActionGroup6
[LOG 14:12:36.428] Config(CustomActionGroup7) Squad/Controls/Qwerty/CustomActionGroup7
[LOG 14:12:36.428] Config(CustomActionGroup8) Squad/Controls/Qwerty/CustomActionGroup8
[LOG 14:12:36.428] Config(CustomActionGroup9) Squad/Controls/Qwerty/CustomActionGroup9
[LOG 14:12:36.428] Config(CustomActionGroup10) Squad/Controls/Qwerty/CustomActionGroup10
[LOG 14:12:36.428] Config(KEY_MAP) Squad/Controls/Qwerty/KEY_MAP
[LOG 14:12:36.428] Config(KEYBOARD_LAYOUT) Squad/Controls/Qwerty_en-GB/#autoLOC_6001228
[LOG 14:12:36.428] Config(KEY_MAP) Squad/Controls/Qwerty_en-GB/KEY_MAP
[LOG 14:12:36.428] Config(KEYBOARD_LAYOUT) Squad/Controls/Qwerty_es-LA/#autoLOC_6001229
[LOG 14:12:36.428] Config(CAMERA_MOUSE_TOGGLE) Squad/Controls/Qwerty_es-LA/CAMERA_MOUSE_TOGGLE
[LOG 14:12:36.428] Config(TIME_WARP_STOP) Squad/Controls/Qwerty_es-LA/TIME_WARP_STOP
[LOG 14:12:36.428] Config(FOCUS_NEXT_VESSEL) Squad/Controls/Qwerty_es-LA/FOCUS_NEXT_VESSEL
[LOG 14:12:36.428] Config(FOCUS_PREV_VESSEL) Squad/Controls/Qwerty_es-LA/FOCUS_PREV_VESSEL
[LOG 14:12:36.428] Config(CAMERA_RESET) Squad/Controls/Qwerty_es-LA/CAMERA_RESET
[LOG 14:12:36.428] Config(Editor_partSearch) Squad/Controls/Qwerty_es-LA/Editor_partSearch
[LOG 14:12:36.428] Config(KEY_MAP) Squad/Controls/Qwerty_es-LA/KEY_MAP
[LOG 14:12:36.428] Config(KEYBOARD_LAYOUT) Squad/Controls/Qwerty_it-IT/#autoLOC_6001230
[LOG 14:12:36.428] Config(FOCUS_NEXT_VESSEL) Squad/Controls/Qwerty_it-IT/FOCUS_NEXT_VESSEL
[LOG 14:12:36.428] Config(FOCUS_PREV_VESSEL) Squad/Controls/Qwerty_it-IT/FOCUS_PREV_VESSEL
[LOG 14:12:36.428] Config(CAMERA_MOUSE_TOGGLE) Squad/Controls/Qwerty_it-IT/CAMERA_MOUSE_TOGGLE
[LOG 14:12:36.428] Config(TIME_WARP_STOP) Squad/Controls/Qwerty_it-IT/TIME_WARP_STOP
[LOG 14:12:36.428] Config(CAMERA_RESET) Squad/Controls/Qwerty_it-IT/CAMERA_RESET
[LOG 14:12:36.428] Config(Editor_partSearch) Squad/Controls/Qwerty_it-IT/Editor_partSearch
[LOG 14:12:36.428] Config(KEY_MAP) Squad/Controls/Qwerty_it-IT/KEY_MAP
[LOG 14:12:36.428] Config(KEYBOARD_LAYOUT) Squad/Controls/Qwerty_ja-JP/#autoLOC_6001231
[LOG 14:12:36.428] Config(FOCUS_NEXT_VESSEL) Squad/Controls/Qwerty_ja-JP/FOCUS_NEXT_VESSEL
[LOG 14:12:36.428] Config(FOCUS_PREV_VESSEL) Squad/Controls/Qwerty_ja-JP/FOCUS_PREV_VESSEL
[LOG 14:12:36.428] Config(PRECISION_CTRL) Squad/Controls/Qwerty_ja-JP/PRECISION_CTRL
[LOG 14:12:36.428] Config(CAMERA_MOUSE_TOGGLE) Squad/Controls/Qwerty_ja-JP/CAMERA_MOUSE_TOGGLE
[LOG 14:12:36.429] Config(Editor_partSearch) Squad/Controls/Qwerty_ja-JP/Editor_partSearch
[LOG 14:12:36.429] Config(CAMERA_RESET) Squad/Controls/Qwerty_ja-JP/CAMERA_RESET
[LOG 14:12:36.429] Config(KEY_MAP) Squad/Controls/Qwerty_ja-JP/KEY_MAP
[LOG 14:12:36.429] Config(KEYBOARD_LAYOUT) Squad/Controls/Qwerty_pt-PT/#autoLOC_6001230
[LOG 14:12:36.429] Config(FOCUS_NEXT_VESSEL) Squad/Controls/Qwerty_pt-PT/FOCUS_NEXT_VESSEL
[LOG 14:12:36.429] Config(FOCUS_PREV_VESSEL) Squad/Controls/Qwerty_pt-PT/FOCUS_PREV_VESSEL
[LOG 14:12:36.429] Config(CAMERA_MOUSE_TOGGLE) Squad/Controls/Qwerty_pt-PT/CAMERA_MOUSE_TOGGLE
[LOG 14:12:36.429] Config(TIME_WARP_STOP) Squad/Controls/Qwerty_pt-PT/TIME_WARP_STOP
[LOG 14:12:36.429] Config(CAMERA_RESET) Squad/Controls/Qwerty_pt-PT/CAMERA_RESET
[LOG 14:12:36.429] Config(Editor_partSearch) Squad/Controls/Qwerty_pt-PT/Editor_partSearch
[LOG 14:12:36.429] Config(KEY_MAP) Squad/Controls/Qwerty_pt-PT/KEY_MAP
[LOG 14:12:36.429] Config(KEYBOARD_LAYOUT) Squad/Controls/Qwertz/#autoLOC_6001232
[LOG 14:12:36.429] Config(PITCH_DOWN) Squad/Controls/Qwertz/PITCH_DOWN
[LOG 14:12:36.429] Config(PITCH_UP) Squad/Controls/Qwertz/PITCH_UP
[LOG 14:12:36.429] Config(YAW_LEFT) Squad/Controls/Qwertz/YAW_LEFT
[LOG 14:12:36.429] Config(YAW_RIGHT) Squad/Controls/Qwertz/YAW_RIGHT
[LOG 14:12:36.429] Config(ROLL_LEFT) Squad/Controls/Qwertz/ROLL_LEFT
[LOG 14:12:36.429] Config(ROLL_RIGHT) Squad/Controls/Qwertz/ROLL_RIGHT
[LOG 14:12:36.429] Config(THROTTLE_UP) Squad/Controls/Qwertz/THROTTLE_UP
[LOG 14:12:36.429] Config(THROTTLE_DOWN) Squad/Controls/Qwertz/THROTTLE_DOWN
[LOG 14:12:36.429] Config(SAS_HOLD) Squad/Controls/Qwertz/SAS_HOLD
[LOG 14:12:36.429] Config(SAS_TOGGLE) Squad/Controls/Qwertz/SAS_TOGGLE
[LOG 14:12:36.429] Config(LAUNCH_STAGES) Squad/Controls/Qwertz/LAUNCH_STAGES
[LOG 14:12:36.429] Config(Docking_toggleRotLin) Squad/Controls/Qwertz/Docking_toggleRotLin
[LOG 14:12:36.429] Config(CAMERA_MODE) Squad/Controls/Qwertz/CAMERA_MODE
[LOG 14:12:36.429] Config(CAMERA_NEXT) Squad/Controls/Qwertz/CAMERA_NEXT
[LOG 14:12:36.429] Config(PAUSE) Squad/Controls/Qwertz/PAUSE
[LOG 14:12:36.429] Config(PRECISION_CTRL) Squad/Controls/Qwertz/PRECISION_CTRL
[LOG 14:12:36.429] Config(ZOOM_IN) Squad/Controls/Qwertz/ZOOM_IN
[LOG 14:12:36.429] Config(ZOOM_OUT) Squad/Controls/Qwertz/ZOOM_OUT
[LOG 14:12:36.430] Config(SCROLL_VIEW_UP) Squad/Controls/Qwertz/SCROLL_VIEW_UP
[LOG 14:12:36.430] Config(SCROLL_VIEW_DOWN) Squad/Controls/Qwertz/SCROLL_VIEW_DOWN
[LOG 14:12:36.430] Config(SCROLL_ICONS_UP) Squad/Controls/Qwertz/SCROLL_ICONS_UP
[LOG 14:12:36.430] Config(SCROLL_ICONS_DOWN) Squad/Controls/Qwertz/SCROLL_ICONS_DOWN
[LOG 14:12:36.430] Config(CAMERA_ORBIT_UP) Squad/Controls/Qwertz/CAMERA_ORBIT_UP
[LOG 14:12:36.430] Config(CAMERA_ORBIT_DOWN) Squad/Controls/Qwertz/CAMERA_ORBIT_DOWN
[LOG 14:12:36.430] Config(CAMERA_ORBIT_LEFT) Squad/Controls/Qwertz/CAMERA_ORBIT_LEFT
[LOG 14:12:36.430] Config(CAMERA_ORBIT_RIGHT) Squad/Controls/Qwertz/CAMERA_ORBIT_RIGHT
[LOG 14:12:36.430] Config(CAMERA_RESET) Squad/Controls/Qwertz/CAMERA_RESET
[LOG 14:12:36.430] Config(CAMERA_MOUSE_TOGGLE) Squad/Controls/Qwertz/CAMERA_MOUSE_TOGGLE
[LOG 14:12:36.430] Config(TIME_WARP_INCREASE) Squad/Controls/Qwertz/TIME_WARP_INCREASE
[LOG 14:12:36.430] Config(TIME_WARP_DECREASE) Squad/Controls/Qwertz/TIME_WARP_DECREASE
[LOG 14:12:36.430] Config(TIME_WARP_STOP) Squad/Controls/Qwertz/TIME_WARP_STOP
[LOG 14:12:36.430] Config(MAP_VIEW_TOGGLE) Squad/Controls/Qwertz/MAP_VIEW_TOGGLE
[LOG 14:12:36.430] Config(NAVBALL_TOGGLE) Squad/Controls/Qwertz/NAVBALL_TOGGLE
[LOG 14:12:36.430] Config(UIMODE_STAGING) Squad/Controls/Qwertz/UIMODE_STAGING
[LOG 14:12:36.430] Config(UIMODE_DOCKING) Squad/Controls/Qwertz/UIMODE_DOCKING
[LOG 14:12:36.430] Config(TRANSLATE_DOWN) Squad/Controls/Qwertz/TRANSLATE_DOWN
[LOG 14:12:36.430] Config(TRANSLATE_UP) Squad/Controls/Qwertz/TRANSLATE_UP
[LOG 14:12:36.430] Config(TRANSLATE_LEFT) Squad/Controls/Qwertz/TRANSLATE_LEFT
[LOG 14:12:36.430] Config(TRANSLATE_RIGHT) Squad/Controls/Qwertz/TRANSLATE_RIGHT
[LOG 14:12:36.430] Config(TRANSLATE_FWD) Squad/Controls/Qwertz/TRANSLATE_FWD
[LOG 14:12:36.430] Config(TRANSLATE_BACK) Squad/Controls/Qwertz/TRANSLATE_BACK
[LOG 14:12:36.430] Config(RCS_TOGGLE) Squad/Controls/Qwertz/RCS_TOGGLE
[LOG 14:12:36.430] Config(FOCUS_NEXT_VESSEL) Squad/Controls/Qwertz/FOCUS_NEXT_VESSEL
[LOG 14:12:36.430] Config(FOCUS_PREV_VESSEL) Squad/Controls/Qwertz/FOCUS_PREV_VESSEL
[LOG 14:12:36.430] Config(TOGGLE_UI) Squad/Controls/Qwertz/TOGGLE_UI
[LOG 14:12:36.430] Config(TOGGLE_STATUS_SCREEN) Squad/Controls/Qwertz/TOGGLE_STATUS_SCREEN
[LOG 14:12:36.430] Config(TAKE_SCREENSHOT) Squad/Controls/Qwertz/TAKE_SCREENSHOT
[LOG 14:12:36.430] Config(TOGGLE_LABELS) Squad/Controls/Qwertz/TOGGLE_LABELS
[LOG 14:12:36.430] Config(TOGGLE_TEMP_GAUGES) Squad/Controls/Qwertz/TOGGLE_TEMP_GAUGES
[LOG 14:12:36.430] Config(TOGGLE_TEMP_OVERLAY) Squad/Controls/Qwertz/TOGGLE_TEMP_OVERLAY
[LOG 14:12:36.430] Config(TOGGLE_FLIGHT_FORCES) Squad/Controls/Qwertz/TOGGLE_FLIGHT_FORCES
[LOG 14:12:36.431] Config(QUICKSAVE) Squad/Controls/Qwertz/QUICKSAVE
[LOG 14:12:36.431] Config(QUICKLOAD) Squad/Controls/Qwertz/QUICKLOAD
[LOG 14:12:36.431] Config(THROTTLE_CUTOFF) Squad/Controls/Qwertz/THROTTLE_CUTOFF
[LOG 14:12:36.431] Config(THROTTLE_FULL) Squad/Controls/Qwertz/THROTTLE_FULL
[LOG 14:12:36.431] Config(LANDING_GEAR) Squad/Controls/Qwertz/LANDING_GEAR
[LOG 14:12:36.431] Config(HEADLIGHT_TOGGLE) Squad/Controls/Qwertz/HEADLIGHT_TOGGLE
[LOG 14:12:36.431] Config(BRAKES) Squad/Controls/Qwertz/BRAKES
[LOG 14:12:36.431] Config(TOGGLE_SPACENAV_FLIGHT_CONTROL) Squad/Controls/Qwertz/TOGGLE_SPACENAV_FLIGHT_CONTROL
[LOG 14:12:36.431] Config(TOGGLE_SPACENAV_ROLL_LOCK) Squad/Controls/Qwertz/TOGGLE_SPACENAV_ROLL_LOCK
[LOG 14:12:36.431] Config(WHEEL_STEER_LEFT) Squad/Controls/Qwertz/WHEEL_STEER_LEFT
[LOG 14:12:36.431] Config(WHEEL_STEER_RIGHT) Squad/Controls/Qwertz/WHEEL_STEER_RIGHT
[LOG 14:12:36.431] Config(WHEEL_THROTTLE_DOWN) Squad/Controls/Qwertz/WHEEL_THROTTLE_DOWN
[LOG 14:12:36.431] Config(WHEEL_THROTTLE_UP) Squad/Controls/Qwertz/WHEEL_THROTTLE_UP
[LOG 14:12:36.431] Config(EVA_forward) Squad/Controls/Qwertz/EVA_forward
[LOG 14:12:36.431] Config(EVA_back) Squad/Controls/Qwertz/EVA_back
[LOG 14:12:36.431] Config(EVA_left) Squad/Controls/Qwertz/EVA_left
[LOG 14:12:36.431] Config(EVA_right) Squad/Controls/Qwertz/EVA_right
[LOG 14:12:36.431] Config(EVA_yaw_left) Squad/Controls/Qwertz/EVA_yaw_left
[LOG 14:12:36.431] Config(EVA_yaw_right) Squad/Controls/Qwertz/EVA_yaw_right
[LOG 14:12:36.431] Config(EVA_Pack_forward) Squad/Controls/Qwertz/EVA_Pack_forward
[LOG 14:12:36.431] Config(EVA_Pack_back) Squad/Controls/Qwertz/EVA_Pack_back
[LOG 14:12:36.431] Config(EVA_Pack_left) Squad/Controls/Qwertz/EVA_Pack_left
[LOG 14:12:36.431] Config(EVA_Pack_right) Squad/Controls/Qwertz/EVA_Pack_right
[LOG 14:12:36.431] Config(EVA_Pack_up) Squad/Controls/Qwertz/EVA_Pack_up
[LOG 14:12:36.431] Config(EVA_Pack_down) Squad/Controls/Qwertz/EVA_Pack_down
[LOG 14:12:36.431] Config(EVA_Jump) Squad/Controls/Qwertz/EVA_Jump
[LOG 14:12:36.431] Config(EVA_Run) Squad/Controls/Qwertz/EVA_Run
[LOG 14:12:36.431] Config(EVA_ToggleMovementMode) Squad/Controls/Qwertz/EVA_ToggleMovementMode
[LOG 14:12:36.431] Config(EVA_TogglePack) Squad/Controls/Qwertz/EVA_TogglePack
[LOG 14:12:36.431] Config(EVA_Use) Squad/Controls/Qwertz/EVA_Use
[LOG 14:12:36.431] Config(EVA_Board) Squad/Controls/Qwertz/EVA_Board
[LOG 14:12:36.432] Config(EVA_Orient) Squad/Controls/Qwertz/EVA_Orient
[LOG 14:12:36.432] Config(EVA_Lights) Squad/Controls/Qwertz/EVA_Lights
[LOG 14:12:36.432] Config(Editor_pitchUp) Squad/Controls/Qwertz/Editor_pitchUp
[LOG 14:12:36.432] Config(Editor_pitchDown) Squad/Controls/Qwertz/Editor_pitchDown
[LOG 14:12:36.432] Config(Editor_yawLeft) Squad/Controls/Qwertz/Editor_yawLeft
[LOG 14:12:36.432] Config(Editor_yawRight) Squad/Controls/Qwertz/Editor_yawRight
[LOG 14:12:36.432] Config(Editor_rollLeft) Squad/Controls/Qwertz/Editor_rollLeft
[LOG 14:12:36.432] Config(Editor_rollRight) Squad/Controls/Qwertz/Editor_rollRight
[LOG 14:12:36.432] Config(Editor_resetRotation) Squad/Controls/Qwertz/Editor_resetRotation
[LOG 14:12:36.432] Config(Editor_modePlace) Squad/Controls/Qwertz/Editor_modePlace
[LOG 14:12:36.432] Config(Editor_modeOffset) Squad/Controls/Qwertz/Editor_modeOffset
[LOG 14:12:36.432] Config(Editor_modeRotate) Squad/Controls/Qwertz/Editor_modeRotate
[LOG 14:12:36.432] Config(Editor_modeRoot) Squad/Controls/Qwertz/Editor_modeRoot
[LOG 14:12:36.432] Config(Editor_coordSystem) Squad/Controls/Qwertz/Editor_coordSystem
[LOG 14:12:36.432] Config(Editor_toggleSymMethod) Squad/Controls/Qwertz/Editor_toggleSymMethod
[LOG 14:12:36.432] Config(Editor_toggleSymMode) Squad/Controls/Qwertz/Editor_toggleSymMode
[LOG 14:12:36.432] Config(Editor_toggleAngleSnap) Squad/Controls/Qwertz/Editor_toggleAngleSnap
[LOG 14:12:36.432] Config(Editor_fineTweak) Squad/Controls/Qwertz/Editor_fineTweak
[LOG 14:12:36.432] Config(Editor_partSearch) Squad/Controls/Qwertz/Editor_partSearch
[LOG 14:12:36.432] Config(Editor_zoomScrollModifier) Squad/Controls/Qwertz/Editor_zoomScrollModifier
[LOG 14:12:36.432] Config(MODIFIER_KEY) Squad/Controls/Qwertz/MODIFIER_KEY
[LOG 14:12:36.432] Config(AbortActionGroup) Squad/Controls/Qwertz/AbortActionGroup
[LOG 14:12:36.432] Config(CustomActionGroup1) Squad/Controls/Qwertz/CustomActionGroup1
[LOG 14:12:36.432] Config(CustomActionGroup2) Squad/Controls/Qwertz/CustomActionGroup2
[LOG 14:12:36.433] Config(CustomActionGroup3) Squad/Controls/Qwertz/CustomActionGroup3
[LOG 14:12:36.433] Config(CustomActionGroup4) Squad/Controls/Qwertz/CustomActionGroup4
[LOG 14:12:36.433] Config(CustomActionGroup5) Squad/Controls/Qwertz/CustomActionGroup5
[LOG 14:12:36.433] Config(CustomActionGroup6) Squad/Controls/Qwertz/CustomActionGroup6
[LOG 14:12:36.433] Config(CustomActionGroup7) Squad/Controls/Qwertz/CustomActionGroup7
[LOG 14:12:36.433] Config(CustomActionGroup8) Squad/Controls/Qwertz/CustomActionGroup8
[LOG 14:12:36.433] Config(CustomActionGroup9) Squad/Controls/Qwertz/CustomActionGroup9
[LOG 14:12:36.433] Config(CustomActionGroup10) Squad/Controls/Qwertz/CustomActionGroup10
[LOG 14:12:36.433] Config(KEY_MAP) Squad/Controls/Qwertz/KEY_MAP
[LOG 14:12:36.433] Config(EXPERIENCE_TRAIT) Squad/Experience/Traits/Pilot
[LOG 14:12:36.433] Config(EXPERIENCE_TRAIT) Squad/Experience/Traits/Engineer
[LOG 14:12:36.433] Config(EXPERIENCE_TRAIT) Squad/Experience/Traits/Scientist
[LOG 14:12:36.433] Config(EXPERIENCE_TRAIT) Squad/Experience/Traits/Tourist
[LOG 14:12:36.434] Config(Localization) Squad/Localization/dictionary/Localization
[LOG 14:12:36.434] Config(MISSIONPACK) Squad/Missions/MissionPacks/squad_ESA
[LOG 14:12:36.434] Config(VARIANTTHEME) Squad/Parts/VariantThemes/White
[LOG 14:12:36.434] Config(VARIANTTHEME) Squad/Parts/VariantThemes/BlackAndWhite
[LOG 14:12:36.434] Config(VARIANTTHEME) Squad/Parts/VariantThemes/GrayAndOrange
[LOG 14:12:36.434] Config(VARIANTTHEME) Squad/Parts/VariantThemes/Dark
[LOG 14:12:36.434] Config(VARIANTTHEME) Squad/Parts/VariantThemes/Gray
[LOG 14:12:36.434] Config(VARIANTTHEME) Squad/Parts/VariantThemes/Orange
[LOG 14:12:36.434] Config(VARIANTTHEME) Squad/Parts/VariantThemes/Gold
[LOG 14:12:36.434] Config(VARIANTTHEME) Squad/Parts/VariantThemes/Bare
[LOG 14:12:36.434] Config(VARIANTTHEME) Squad/Parts/VariantThemes/Shroud
[LOG 14:12:36.434] Config(VARIANTTHEME) Squad/Parts/VariantThemes/GrayAndWhite
[LOG 14:12:36.434] Config(VARIANTTHEME) Squad/Parts/VariantThemes/YellowAndWhite
[LOG 14:12:36.434] Config(VARIANTTHEME) Squad/Parts/VariantThemes/Silver
[LOG 14:12:36.434] Config(VARIANTTHEME) Squad/Parts/VariantThemes/Gray with Stripes
[LOG 14:12:36.434] Config(PART) Squad/Parts/Aero/aerodynamicNoseCone/aerodynamicNoseCone/noseCone
[LOG 14:12:36.434] Config(PART) Squad/Parts/Aero/airbrake/Airbrake/airbrake1
[LOG 14:12:36.434] Config(PART) Squad/Parts/Aero/airIntakeRadialXM-G50/airIntakeRadialXM-G50/airScoop
[LOG 14:12:36.434] Config(PART) Squad/Parts/Aero/airlinerWings/ControlSurface/airlinerCtrlSrf
[LOG 14:12:36.434] Config(PART) Squad/Parts/Aero/airlinerWings/MainWing/airlinerMainWing
[LOG 14:12:36.434] Config(PART) Squad/Parts/Aero/airlinerWings/TailFin/airlinerTailFin
[LOG 14:12:36.434] Config(PART) Squad/Parts/Aero/airplaneFins/advancedCanard/AdvancedCanard
[LOG 14:12:36.434] Config(PART) Squad/Parts/Aero/airplaneFins/standardCanard/CanardController
[LOG 14:12:36.434] Config(PART) Squad/Parts/Aero/airplaneFins/sweptWing/sweptWing
[LOG 14:12:36.434] Config(PART) Squad/Parts/Aero/airplaneFins/tailfin/tailfin
[LOG 14:12:36.435] Config(PART) Squad/Parts/Aero/basicFin/basicFin/basicFin
[LOG 14:12:36.435] Config(PART) Squad/Parts/Aero/circularIntake/circularIntake/CircularIntake
[LOG 14:12:36.435] Config(PART) Squad/Parts/Aero/circularIntake/intakeShockCone/shockConeIntake
[LOG 14:12:36.435] Config(PART) Squad/Parts/Aero/cones/avionicsNoseCone/avionicsNoseCone
[LOG 14:12:36.435] Config(PART) Squad/Parts/Aero/cones/ConeA/pointyNoseConeA
[LOG 14:12:36.435] Config(PART) Squad/Parts/Aero/cones/ConeB/pointyNoseConeB
[LOG 14:12:36.435] Config(PART) Squad/Parts/Aero/cones/noseConeAdapter/noseConeAdapter
[LOG 14:12:36.435] Config(PART) Squad/Parts/Aero/cones/protectiveRocketNoseMk7_v2/rocketNoseCone_v2
[LOG 14:12:36.435] Config(PART) Squad/Parts/Aero/cones/protectiveRocketNoseMk7_v3/rocketNoseCone_v3
[LOG 14:12:36.435] Config(PART) Squad/Parts/Aero/cones/rocketNoseCone_size3/rocketNoseConeSize3
[LOG 14:12:36.435] Config(PART) Squad/Parts/Aero/cones/smallNoseCone/standardNoseCone
[LOG 14:12:36.435] Config(PART) Squad/Parts/Aero/cones/tailConnectorA/airplaneTail
[LOG 14:12:36.435] Config(PART) Squad/Parts/Aero/cones/tailConnectorB/airplaneTailB
[LOG 14:12:36.435] Config(PART) Squad/Parts/Aero/fairings/fairingSize1/fairingSize1
[LOG 14:12:36.435] Config(PART) Squad/Parts/Aero/fairings/fairingSize2/fairingSize2
[LOG 14:12:36.435] Config(PART) Squad/Parts/Aero/fairings/fairingSize3/fairingSize3
[LOG 14:12:36.435] Config(PART) Squad/Parts/Aero/HeatShield/HeatShield0/HeatShield0
[LOG 14:12:36.435] Config(PART) Squad/Parts/Aero/HeatShield/HeatShield1/HeatShield1
[LOG 14:12:36.435] Config(PART) Squad/Parts/Aero/HeatShield/HeatShield2/HeatShield2
[LOG 14:12:36.435] Config(PART) Squad/Parts/Aero/HeatShield/HeatShield3/HeatShield3
[LOG 14:12:36.435] Config(PART) Squad/Parts/Aero/InflatableHeatShield/HeatShield/InflatableHeatShield
[LOG 14:12:36.435] Config(PART) Squad/Parts/Aero/intakeRadialLong/intakeRadialLong/IntakeRadialLong
[LOG 14:12:36.435] Config(PART) Squad/Parts/Aero/miniIntake/SmallIntake/miniIntake
[LOG 14:12:36.435] Config(PART) Squad/Parts/Aero/ramAirIntake/ramAirIntake/ramAirIntake
[LOG 14:12:36.435] Config(PART) Squad/Parts/Aero/shuttleWings/delta/wingShuttleDelta
[LOG 14:12:36.435] Config(PART) Squad/Parts/Aero/shuttleWings/elevon1/wingShuttleElevon1
[LOG 14:12:36.436] Config(PART) Squad/Parts/Aero/shuttleWings/elevon2/wingShuttleElevon2
[LOG 14:12:36.436] Config(PART) Squad/Parts/Aero/shuttleWings/rudder/wingShuttleRudder
[LOG 14:12:36.436] Config(PART) Squad/Parts/Aero/shuttleWings/strake/wingShuttleStrake
[LOG 14:12:36.436] Config(PART) Squad/Parts/Aero/wingletAV-R8/wingletAV-R8/R8winglet
[LOG 14:12:36.436] Config(PART) Squad/Parts/Aero/wingletAV-T1/wingletAV-T1/winglet
[LOG 14:12:36.436] Config(PART) Squad/Parts/Aero/wingletDeltaDeluxe/wingletDeltaDeluxe/winglet3
[LOG 14:12:36.436] Config(PART) Squad/Parts/Aero/wings/connector1/wingConnector
[LOG 14:12:36.436] Config(PART) Squad/Parts/Aero/wings/connector2/wingConnector2
[LOG 14:12:36.436] Config(PART) Squad/Parts/Aero/wings/connector3/wingConnector3
[LOG 14:12:36.436] Config(PART) Squad/Parts/Aero/wings/connector4/wingConnector4
[LOG 14:12:36.436] Config(PART) Squad/Parts/Aero/wings/connector5/wingConnector5
[LOG 14:12:36.436] Config(PART) Squad/Parts/Aero/wings/delta/deltaWing
[LOG 14:12:36.436] Config(PART) Squad/Parts/Aero/wings/delta_small/delta_small
[LOG 14:12:36.436] Config(PART) Squad/Parts/Aero/wings/elevon1/StandardCtrlSrf
[LOG 14:12:36.436] Config(PART) Squad/Parts/Aero/wings/elevon2/elevon2
[LOG 14:12:36.436] Config(PART) Squad/Parts/Aero/wings/elevon3/elevon3
[LOG 14:12:36.436] Config(PART) Squad/Parts/Aero/wings/elevon4/smallCtrlSrf
[LOG 14:12:36.436] Config(PART) Squad/Parts/Aero/wings/elevon5/elevon5
[LOG 14:12:36.436] Config(PART) Squad/Parts/Aero/wings/strake/wingStrake
[LOG 14:12:36.436] Config(PART) Squad/Parts/Aero/wings/structural1/structuralWing
[LOG 14:12:36.436] Config(PART) Squad/Parts/Aero/wings/structural2/structuralWing2
[LOG 14:12:36.436] Config(PART) Squad/Parts/Aero/wings/structural3/structuralWing3
[LOG 14:12:36.436] Config(PART) Squad/Parts/Aero/wings/structural4/structuralWing4
[LOG 14:12:36.436] Config(PART) Squad/Parts/Aero/wings/swept1/sweptWing1
[LOG 14:12:36.436] Config(PART) Squad/Parts/Aero/wings/swept2/sweptWing2
[LOG 14:12:36.436] Config(PART) Squad/Parts/Cargo/CargoContainers/cargoContainer/cargoContainer
[LOG 14:12:36.436] Config(PART) Squad/Parts/Cargo/CargoContainers/smallCargoContainer/smallCargoContainer
[LOG 14:12:36.436] Config(PART) Squad/Parts/Cargo/Cylinder/Cylinder/evaCylinder
[LOG 14:12:36.436] Config(PART) Squad/Parts/Cargo/GroundAnchor/groundAnchor/groundAnchor
[LOG 14:12:36.437] Config(PART) Squad/Parts/Cargo/Jetpack/Jetpack/evaJetpack
[LOG 14:12:36.437] Config(PART) Squad/Parts/Cargo/Parachute/Parachute/evaChute
[LOG 14:12:36.437] Config(PART) Squad/Parts/Cargo/RepairKit/RepairKit/evaRepairKit
[LOG 14:12:36.437] Config(PART) Squad/Parts/Cargo/ScienceKit/evaScienceKit/evaScienceKit
[LOG 14:12:36.437] Config(PART) Squad/Parts/Cargo/StorageUnits/CargoStorageUnit/CargoStorageUnit
[LOG 14:12:36.437] Config(PART) Squad/Parts/Cargo/StorageUnits/ConformalStorageUnit/ConformalStorageUnit
[LOG 14:12:36.437] Config(PART) Squad/Parts/Command/advancedSasModuleLarge/advSasModuleLarge/asasmodule1-2
[LOG 14:12:36.437] Config(PART) Squad/Parts/Command/cupola/cupola/cupola
[LOG 14:12:36.437] Config(PART) Squad/Parts/Command/externalCommandSeat/externalCommandSeat/seatExternalCmd
[LOG 14:12:36.437] Config(PART) Squad/Parts/Command/hitchhikerStorageContainer/hitchikerStorageContainer/crewCabin
[LOG 14:12:36.437] Config(PART) Squad/Parts/Command/inlineAdvancedStabilizer/inlineAdvancedStabilizer/advSasModule
[LOG 14:12:36.437] Config(PART) Squad/Parts/Command/inlineReactionWheel/inlineReactionWheel/sasModule
[LOG 14:12:36.437] Config(PART) Squad/Parts/Command/Mk1-3Pod/mk1-3/mk1-3pod
[LOG 14:12:36.437] Config(PART) Squad/Parts/Command/mk1Cockpits/mk1Cockpit/Mark1Cockpit
[LOG 14:12:36.437] Config(PART) Squad/Parts/Command/mk1Cockpits/mk1CrewCabin/MK1CrewCabin
[LOG 14:12:36.437] Config(PART) Squad/Parts/Command/mk1Cockpits/mk1InlineCockpit/Mark2Cockpit
[LOG 14:12:36.437] Config(PART) Squad/Parts/Command/mk1LanderCan/mk1LanderCan/landerCabinSmall
[LOG 14:12:36.437] Config(PART) Squad/Parts/Command/mk1pod_v2/mk1Pod_v2/mk1pod_v2
[LOG 14:12:36.437] Config(PART) Squad/Parts/Command/mk2CockpitInline/mk2CockpitInline/mk2Cockpit_Inline
[LOG 14:12:36.437] Config(PART) Squad/Parts/Command/mk2CockpitStandard/mk2CockpitStandard/mk2Cockpit_Standard
[LOG 14:12:36.438] Config(PART) Squad/Parts/Command/mk2DroneCore/mk2Dronecore/mk2DroneCore
[LOG 14:12:36.438] Config(PART) Squad/Parts/Command/mk2LanderCan/mk2LanderCan/mk2LanderCabin
[LOG 14:12:36.438] Config(PART) Squad/Parts/Command/mk2LanderCan_v2/mk2LanderCan_v2/mk2LanderCabin_v2
[LOG 14:12:36.438] Config(PART) Squad/Parts/Command/mk3CockpitShuttle/mk3CockpitShuttle/mk3Cockpit_Shuttle
[LOG 14:12:36.438] Config(PART) Squad/Parts/Command/MpoProbe/MpoProbe/MpoProbe
[LOG 14:12:36.438] Config(PART) Squad/Parts/Command/MtmStage/MTM_Stage/MtmStage
[LOG 14:12:36.438] Config(PART) Squad/Parts/Command/probeCoreCube/probeCoreCube/probeCoreCube
[LOG 14:12:36.438] Config(PART) Squad/Parts/Command/probeCoreHex/probeCoreHex/probeCoreHex
[LOG 14:12:36.438] Config(PART) Squad/Parts/Command/probeCoreHex_v2/probeCoreHex_v2/probeCoreHex_v2
[LOG 14:12:36.438] Config(PART) Squad/Parts/Command/probeCoreOcto2_v2/probeCoreOcto2_v2/probeCoreOcto2_v2
[LOG 14:12:36.438] Config(PART) Squad/Parts/Command/probeCoreOcto_v2/probeCoreOcto_v2/probeCoreOcto_v2
[LOG 14:12:36.438] Config(PART) Squad/Parts/Command/probeRoverBody/probeRoverBody/roverBody
[LOG 14:12:36.438] Config(PART) Squad/Parts/Command/probeRoverBody_v2/probeRoverBody_v2/roverBody_v2
[LOG 14:12:36.438] Config(PART) Squad/Parts/Command/probeStackLarge/probeStackLarge/probeStackLarge
[LOG 14:12:36.438] Config(PART) Squad/Parts/Command/probeStackSmall/probeStackSmall/probeStackSmall
[LOG 14:12:36.438] Config(PART) Squad/Parts/Command/probeStackSphere_v2/probeStackSphere_v2/probeCoreSphere_v2
[LOG 14:12:36.438] Config(PART) Squad/Parts/CompoundParts/FuelLine/fuelLine/fuelLine
[LOG 14:12:36.438] Config(PART) Squad/Parts/CompoundParts/strutConnector/strutConnector/strutConnector
[LOG 14:12:36.438] Config(PART) Squad/Parts/Coupling/Decoupler_0/Decoupler_0
[LOG 14:12:36.438] Config(PART) Squad/Parts/Coupling/Decoupler_1/Decoupler_1
[LOG 14:12:36.438] Config(PART) Squad/Parts/Coupling/Decoupler_2/Decoupler_2
[LOG 14:12:36.438] Config(PART) Squad/Parts/Coupling/Decoupler_3/Decoupler_3
[LOG 14:12:36.438] Config(PART) Squad/Parts/Coupling/Separator_0/Separator_0
[LOG 14:12:36.438] Config(PART) Squad/Parts/Coupling/Separator_1/Separator_1
[LOG 14:12:36.438] Config(PART) Squad/Parts/Coupling/Separator_2/Separator_2
[LOG 14:12:36.439] Config(PART) Squad/Parts/Coupling/Separator_3/Separator_3
[LOG 14:12:36.439] Config(PART) Squad/Parts/Electrical/10CSolarPanels/OX-10C/solarPanelOX10C
[LOG 14:12:36.439] Config(PART) Squad/Parts/Electrical/10CSolarPanels/SP-10C/solarPanelSP10C
[LOG 14:12:36.439] Config(PART) Squad/Parts/Electrical/10LSolarPanels/OX-10L/solarPanelOX10L
[LOG 14:12:36.439] Config(PART) Squad/Parts/Electrical/10LSolarPanels/SP-10L/solarPanelSP10L
[LOG 14:12:36.439] Config(PART) Squad/Parts/Electrical/1x6ShroudSolarPanels/1x6ShroudSolarPanels/solarPanels2
[LOG 14:12:36.439] Config(PART) Squad/Parts/Electrical/1x6SolarPanels/1x6SolarPanels/solarPanels4
[LOG 14:12:36.439] Config(PART) Squad/Parts/Electrical/3x2ShroudSolarPanels/3x2ShroudSolarPanels/solarPanels1
[LOG 14:12:36.439] Config(PART) Squad/Parts/Electrical/3x2SolarPanels/3x2SolarPanels/solarPanels3
[LOG 14:12:36.439] Config(PART) Squad/Parts/Electrical/gigantorXlSolarArray/gigantorXlSolarArray/largeSolarPanel
[LOG 14:12:36.439] Config(PART) Squad/Parts/Electrical/radialFlatSolarPanel/radialFlatSolarPanel/solarPanels5
[LOG 14:12:36.439] Config(PART) Squad/Parts/Electrical/RTG/RTG/rtg
[LOG 14:12:36.439] Config(PART) Squad/Parts/Electrical/z-100Battery/z-100Battery/batteryPack
[LOG 14:12:36.439] Config(PART) Squad/Parts/Electrical/z-1kBattery/z-1kBattery/batteryBank
[LOG 14:12:36.439] Config(PART) Squad/Parts/Electrical/z-200Battery/z-200Battery/batteryBankMini
[LOG 14:12:36.439] Config(PART) Squad/Parts/Electrical/z-400Battery/z-400Battery/ksp_r_largeBatteryPack
[LOG 14:12:36.439] Config(PART) Squad/Parts/Electrical/z-4kBattery/z-4kBattery/batteryBankLarge
[LOG 14:12:36.439] Config(PART) Squad/Parts/Engine/ionEngine/ionEngine/ionEngine
[LOG 14:12:36.439] Config(PART) Squad/Parts/Engine/jetEngines/jetEngineAfterburning/turboJet
[LOG 14:12:36.439] Config(PART) Squad/Parts/Engine/jetEngines/jetEngineBasic/JetEngine
[LOG 14:12:36.439] Config(PART) Squad/Parts/Engine/jetEngines/jetEngineBig/turboFanSize2
[LOG 14:12:36.439] Config(PART) Squad/Parts/Engine/jetEngines/jetEngineTurbo/turboFanEngine
[LOG 14:12:36.439] Config(PART) Squad/Parts/Engine/liquidEngine24-77/liquidEngine24-77/smallRadialEngine
[LOG 14:12:36.439] Config(PART) Squad/Parts/Engine/liquidEngine24-77_v2/liquidEngine24-77_v2/smallRadialEngine_v2
[LOG 14:12:36.439] Config(PART) Squad/Parts/Engine/liquidEngine48-7S_v2/liquidEngine48-7S_v2/liquidEngineMini_v2
[LOG 14:12:36.439] Config(PART) Squad/Parts/Engine/liquidEngineAerospike/liquidEngineAerospike/toroidalAerospike
[LOG 14:12:36.440] Config(PART) Squad/Parts/Engine/liquidEngineLV-1_v2/liquidEngineLV-1R _v2/radialEngineMini_v2
[LOG 14:12:36.440] Config(PART) Squad/Parts/Engine/liquidEngineLV-1_v2/liquidEngineLV-1_v2/microEngine_v2
[LOG 14:12:36.440] Config(PART) Squad/Parts/Engine/liquidEngineLV-909_v2/liquidEngineLV-909_v2/liquidEngine3_v2
[LOG 14:12:36.440] Config(PART) Squad/Parts/Engine/liquidEngineLV-N/liquidEngineLV-N/nuclearEngine
[LOG 14:12:36.440] Config(PART) Squad/Parts/Engine/liquidEngineLV-T30/liquidEngineLV-T30/liquidEngine
[LOG 14:12:36.440] Config(PART) Squad/Parts/Engine/liquidEngineLV-T30_v2/liquidEngineLV-T30_v2/liquidEngine_v2
[LOG 14:12:36.440] Config(PART) Squad/Parts/Engine/liquidEngineLV-T45/liquidEngineLV-T45/liquidEngine2
[LOG 14:12:36.440] Config(PART) Squad/Parts/Engine/liquidEngineLV-T45_v2/liquidEngineLV-T45_v2/liquidEngine2_v2
[LOG 14:12:36.440] Config(PART) Squad/Parts/Engine/liquidEngineMainsail_v2/liquidEngineMainsail_v2/liquidEngineMainsail_v2
[LOG 14:12:36.440] Config(PART) Squad/Parts/Engine/liquidEngineMk55/liquidEngineMk55/radialLiquidEngine1-2
[LOG 14:12:36.440] Config(PART) Squad/Parts/Engine/liquidEnginePoodle_v2/liquidEnginePoodle_v2/liquidEngine2-2_v2
[LOG 14:12:36.440] Config(PART) Squad/Parts/Engine/liquidEngineSkipper_v2/skipperLiquidEngine_v2/engineLargeSkipper_v2
[LOG 14:12:36.440] Config(PART) Squad/Parts/Engine/liquidEngineSSME/SSME/SSME
[LOG 14:12:36.440] Config(PART) Squad/Parts/Engine/MassiveSRB/part/MassiveBooster
[LOG 14:12:36.440] Config(PART) Squad/Parts/Engine/miniJet/SmallJetEngine/miniJetEngine
[LOG 14:12:36.440] Config(PART) Squad/Parts/Engine/OMSEngine/omsEngine/omsEngine
[LOG 14:12:36.440] Config(PART) Squad/Parts/Engine/rapierEngine/rapierEngine/RAPIER
[LOG 14:12:36.440] Config(PART) Squad/Parts/Engine/Size1_SRBs/solidBoosterRT-10_v2/solidBooster_v2
[LOG 14:12:36.440] Config(PART) Squad/Parts/Engine/Size1_SRBs/solidBoosterRT-5_v2/solidBooster_sm_v2
[LOG 14:12:36.440] Config(PART) Squad/Parts/Engine/Size2LFB/part/Size2LFB
[LOG 14:12:36.440] Config(PART) Squad/Parts/Engine/Size2LFB_v2/part/Size2LFB_v2
[LOG 14:12:36.440] Config(PART) Squad/Parts/Engine/Size3AdvancedEngine/part/Size3AdvancedEngine
[LOG 14:12:36.440] Config(PART) Squad/Parts/Engine/Size3EngineCluster/part/Size3EngineCluster
[LOG 14:12:36.440] Config(PART) Squad/Parts/Engine/solidBoosterBACC/solidBoosterBACC/solidBooster1-1
[LOG 14:12:36.441] Config(PART) Squad/Parts/Engine/solidBoosterS2-17/solidBoosterS2-17/Thoroughbred
[LOG 14:12:36.441] Config(PART) Squad/Parts/Engine/solidBoosterS2-33/solidBoosterS2-33/Clydesdale
[LOG 14:12:36.441] Config(PART) Squad/Parts/Engine/solidBoosterSep/solidBoosterSep/sepMotor1
[LOG 14:12:36.441] Config(PART) Squad/Parts/Engine/SolidBoostersF/SolidBoosterF3S0/Shrimp
[LOG 14:12:36.441] Config(PART) Squad/Parts/Engine/SolidBoostersF/SolidBoosterFM1/Mite
[LOG 14:12:36.441] Config(PART) Squad/Parts/FuelTank/adapterTanks/Mk3-Mk2/adapterMk3-Mk2
[LOG 14:12:36.441] Config(PART) Squad/Parts/FuelTank/adapterTanks/Mk3-ShuttleAdapter/adapterEngines
[LOG 14:12:36.441] Config(PART) Squad/Parts/FuelTank/adapterTanks/Mk3-Size2/adapterMk3-Size2
[LOG 14:12:36.441] Config(PART) Squad/Parts/FuelTank/adapterTanks/Mk3-Size2Slant/adapterMk3-Size2Slant
[LOG 14:12:36.441] Config(PART) Squad/Parts/FuelTank/adapterTanks/Size2-Mk2/adapterSize2-Mk2
[LOG 14:12:36.441] Config(PART) Squad/Parts/FuelTank/adapterTanks/Size2-Size1/adapterSize2-Size1
[LOG 14:12:36.441] Config(PART) Squad/Parts/FuelTank/adapterTanks/Size2-Size1Slant/adapterSize2-Size1Slant
[LOG 14:12:36.441] Config(PART) Squad/Parts/FuelTank/adapterTanks/Size3-Mk3/adapterSize3-Mk3
[LOG 14:12:36.441] Config(PART) Squad/Parts/FuelTank/drainTankFTE-1/ReleaseValve/ReleaseValve
[LOG 14:12:36.441] Config(PART) Squad/Parts/FuelTank/FoilTanks/RadialTank_Capsule/externalTankCapsule
[LOG 14:12:36.441] Config(PART) Squad/Parts/FuelTank/FoilTanks/RadialTank_Round/externalTankRound
[LOG 14:12:36.441] Config(PART) Squad/Parts/FuelTank/FoilTanks/ToroidTank/externalTankToroid
[LOG 14:12:36.441] Config(PART) Squad/Parts/FuelTank/fuelTankOscarB/fuelTankOscarB/miniFuelTank
[LOG 14:12:36.441] Config(PART) Squad/Parts/FuelTank/miniFuselage/miniFuselage/miniFuselage
[LOG 14:12:36.441] Config(PART) Squad/Parts/FuelTank/mk2Adapters/bicoupler/mk2_1m_Bicoupler
[LOG 14:12:36.441] Config(PART) Squad/Parts/FuelTank/mk2Adapters/long/mk2_1m_AdapterLong
[LOG 14:12:36.441] Config(PART) Squad/Parts/FuelTank/mk2Adapters/standard/mk2SpacePlaneAdapter
[LOG 14:12:36.441] Config(PART) Squad/Parts/FuelTank/mk2FuselageLong/LFO_long/mk2FuselageLongLFO
[LOG 14:12:36.441] Config(PART) Squad/Parts/FuelTank/mk2FuselageLong/L_long/mk2Fuselage
[LOG 14:12:36.441] Config(PART) Squad/Parts/FuelTank/mk2FuselageShort/LFO_short/mk2FuselageShortLFO
[LOG 14:12:36.441] Config(PART) Squad/Parts/FuelTank/mk2FuselageShort/L_short/mk2FuselageShortLiquid
[LOG 14:12:36.441] Config(PART) Squad/Parts/FuelTank/mk2FuselageShort/Mono_short/mk2FuselageShortMono
[LOG 14:12:36.441] Config(PART) Squad/Parts/FuelTank/mk3Fuselage/CREW/mk3CrewCabin
[LOG 14:12:36.442] Config(PART) Squad/Parts/FuelTank/mk3Fuselage/LFO_100/mk3FuselageLFO_100
[LOG 14:12:36.442] Config(PART) Squad/Parts/FuelTank/mk3Fuselage/LFO_25/mk3FuselageLFO_25
[LOG 14:12:36.442] Config(PART) Squad/Parts/FuelTank/mk3Fuselage/LFO_50/mk3FuselageLFO_50
[LOG 14:12:36.442] Config(PART) Squad/Parts/FuelTank/mk3Fuselage/LF_100/mk3FuselageLF_100
[LOG 14:12:36.442] Config(PART) Squad/Parts/FuelTank/mk3Fuselage/LF_25/mk3FuselageLF_25
[LOG 14:12:36.442] Config(PART) Squad/Parts/FuelTank/mk3Fuselage/LF_50/mk3FuselageLF_50
[LOG 14:12:36.442] Config(PART) Squad/Parts/FuelTank/mk3Fuselage/MONO/mk3FuselageMONO
[LOG 14:12:36.442] Config(PART) Squad/Parts/FuelTank/RCSFuelTankR1/RCSFuelTankR1/RCSTank1-2
[LOG 14:12:36.442] Config(PART) Squad/Parts/FuelTank/RCSFuelTankR10/RCSFuelTankR10/rcsTankMini
[LOG 14:12:36.442] Config(PART) Squad/Parts/FuelTank/RCSFuelTankR25/RCSFuelTankR25/RCSFuelTank
[LOG 14:12:36.442] Config(PART) Squad/Parts/FuelTank/RCSTankRadial/radialRCSTank/radialRCSTank
[LOG 14:12:36.442] Config(PART) Squad/Parts/FuelTank/RCStankRadialLong/RCSTankRadialLong/rcsTankRadialLong
[LOG 14:12:36.442] Config(PART) Squad/Parts/FuelTank/RockomaxTanks/Rockomax16/Rockomax16_BW
[LOG 14:12:36.442] Config(PART) Squad/Parts/FuelTank/RockomaxTanks/Rockomax32/Rockomax32_BW
[LOG 14:12:36.442] Config(PART) Squad/Parts/FuelTank/RockomaxTanks/Rockomax64/Rockomax64_BW
[LOG 14:12:36.442] Config(PART) Squad/Parts/FuelTank/RockomaxTanks/Rockomax8/Rockomax8BW
[LOG 14:12:36.442] Config(PART) Squad/Parts/FuelTank/Size1_Tanks/fuelTankT100/fuelTankSmallFlat
[LOG 14:12:36.442] Config(PART) Squad/Parts/FuelTank/Size1_Tanks/fuelTankT200/fuelTankSmall
[LOG 14:12:36.442] Config(PART) Squad/Parts/FuelTank/Size1_Tanks/fuelTankT400/fuelTank
[LOG 14:12:36.442] Config(PART) Squad/Parts/FuelTank/Size1_Tanks/fuelTankT800/fuelTank_long
[LOG 14:12:36.442] Config(PART) Squad/Parts/FuelTank/Size3Tanks/large/Size3LargeTank
[LOG 14:12:36.442] Config(PART) Squad/Parts/FuelTank/Size3Tanks/medium/Size3MediumTank
[LOG 14:12:36.442] Config(PART) Squad/Parts/FuelTank/Size3Tanks/small/Size3SmallTank
[LOG 14:12:36.442] Config(PART) Squad/Parts/FuelTank/xenonTank/xenonTank/xenonTank
[LOG 14:12:36.442] Config(PART) Squad/Parts/FuelTank/xenonTankLarge/xenonTankLarge/xenonTankLarge
[LOG 14:12:36.442] Config(PART) Squad/Parts/FuelTank/xenonTankRadial/xenonTankRadial/xenonTankRadial
[LOG 14:12:36.442] Config(PART) Squad/Parts/Misc/AsteroidDay/CamSat/InfraredTelescope
[LOG 14:12:36.443] Config(PART) Squad/Parts/Misc/AsteroidDay/HECS2/HECS2_ProbeCore
[LOG 14:12:36.443] Config(PART) Squad/Parts/Misc/AsteroidDay/HighGainAntenna/HighGainAntenna
[LOG 14:12:36.443] Config(PART) Squad/Parts/Misc/AsteroidDay/LgRadialSolar/LgRadialSolarPanel
[LOG 14:12:36.443] Config(PART) Squad/Parts/Misc/PotatoComet/part/PotatoComet
[LOG 14:12:36.443] Config(PART) Squad/Parts/Misc/PotatoRoid/part/PotatoRoid
[LOG 14:12:36.443] Config(PART) Squad/Parts/Prebuilt/flag/flag
[LOG 14:12:36.443] Config(PART) Squad/Parts/Prebuilt/kerbalEVA/kerbalEVA
[LOG 14:12:36.443] Config(PART) Squad/Parts/Prebuilt/kerbalEVAfemale/kerbalEVAfemale
[LOG 14:12:36.443] Config(PART) Squad/Parts/Prebuilt/kerbalEVASlimSuit/kerbalEVASlimSuit
[LOG 14:12:36.443] Config(PART) Squad/Parts/Prebuilt/kerbalEVASlimSuitFemale/kerbalEVASlimSuitFemale
[LOG 14:12:36.443] Config(PART) Squad/Parts/Resources/FuelCell/FuelCell/FuelCell
[LOG 14:12:36.443] Config(PART) Squad/Parts/Resources/FuelCell/FuelCellArray/FuelCellArray
[LOG 14:12:36.443] Config(PART) Squad/Parts/Resources/ISRU/ISRU/ISRU
[LOG 14:12:36.443] Config(PART) Squad/Parts/Resources/LargeTank/LargeTank/LargeTank
[LOG 14:12:36.443] Config(PART) Squad/Parts/Resources/MiniDrill/MiniDrill/MiniDrill
[LOG 14:12:36.443] Config(PART) Squad/Parts/Resources/MiniISRU/MiniISRU/MiniISRU
[LOG 14:12:36.443] Config(PART) Squad/Parts/Resources/OrbitalScanner/OrbitalScanner/OrbitalScanner
[LOG 14:12:36.443] Config(PART) Squad/Parts/Resources/RadialDrill/RadialDrill/RadialDrill
[LOG 14:12:36.443] Config(PART) Squad/Parts/Resources/RadialTank/RadialTank/RadialOreTank
[LOG 14:12:36.443] Config(PART) Squad/Parts/Resources/SmallTank/SmallTank/SmallTank
[LOG 14:12:36.443] Config(PART) Squad/Parts/Resources/SurfaceScanner/SurfaceScanner/SurfaceScanner
[LOG 14:12:36.443] Config(PART) Squad/Parts/Resources/SurveyScanner/SurveyScanner/SurveyScanner
[LOG 14:12:36.443] Config(PART) Squad/Parts/Science/AtmosphereSensor/sensorAtmosphere/sensorAtmosphere
[LOG 14:12:36.443] Config(PART) Squad/Parts/Science/GooExperiment/gooExperiment/GooExperiment
[LOG 14:12:36.443] Config(PART) Squad/Parts/Science/LargeCrewedLab/largeCrewedLab/Large_Crewed_Lab
[LOG 14:12:36.444] Config(PART) Squad/Parts/Science/Magnetometer/Magnetometer/Magnetometer
[LOG 14:12:36.444] Config(PART) Squad/Parts/Science/MaterialBay/materialBay/science_module
[LOG 14:12:36.444] Config(PART) Squad/Parts/Science/ScienceBox/ScienceBox/ScienceBox
[LOG 14:12:36.444] Config(PART) Squad/Parts/Science/sensorAccelerometer/sensorAccelerometer/sensorAccelerometer
[LOG 14:12:36.444] Config(PART) Squad/Parts/Science/sensorBarometer/sensorBarometer/sensorBarometer
[LOG 14:12:36.444] Config(PART) Squad/Parts/Science/sensorGravimeter/sensorGravimeter/sensorGravimeter
[LOG 14:12:36.444] Config(PART) Squad/Parts/Science/sensorThermometer/sensorThermometer/sensorThermometer
[LOG 14:12:36.444] Config(PART) Squad/Parts/Structural/FLAdapters/adapterSmallMiniShort/adapterSmallMiniShort
[LOG 14:12:36.444] Config(PART) Squad/Parts/Structural/FLAdapters/adapterSmallMiniTall/adapterSmallMiniTall
[LOG 14:12:36.444] Config(PART) Squad/Parts/Structural/mk1Parts/engineBodyRadial/radialEngineBody
[LOG 14:12:36.444] Config(PART) Squad/Parts/Structural/mk1Parts/engineNacelle/nacelleBody
[LOG 14:12:36.444] Config(PART) Squad/Parts/Structural/mk1Parts/mk1Fuselage/MK1Fuselage
[LOG 14:12:36.444] Config(PART) Squad/Parts/Structural/mk1Parts/mk1FuselageIntake/MK1IntakeFuselage
[LOG 14:12:36.444] Config(PART) Squad/Parts/Structural/mk1Parts/mk1Structural/Mk1FuselageStructural
[LOG 14:12:36.444] Config(PART) Squad/Parts/Structural/Size3To2Adapter_v2/Size2to3_v2/Size3To2Adapter_v2
[LOG 14:12:36.444] Config(PART) Squad/Parts/Structural/stackAdapters/adapterLargeSmallBi/adapterLargeSmallBi
[LOG 14:12:36.444] Config(PART) Squad/Parts/Structural/stackAdapters/adapterLargeSmallQuad/adapterLargeSmallQuad
[LOG 14:12:36.444] Config(PART) Squad/Parts/Structural/stackAdapters/adapterLargeSmallTri/adapterLargeSmallTri
[LOG 14:12:36.444] Config(PART) Squad/Parts/Structural/stationHub/stationHub/stationHub
[LOG 14:12:36.444] Config(PART) Squad/Parts/Structural/structuralIBeam200/structuralIBeam200/structuralIBeam2
[LOG 14:12:36.444] Config(PART) Squad/Parts/Structural/structuralIBeam200Pocket/structuralIBeam200Pocket/structuralIBeam3
[LOG 14:12:36.444] Config(PART) Squad/Parts/Structural/structuralIBeam650/structuralIBeam650/structuralIBeam1
[LOG 14:12:36.444] Config(PART) Squad/Parts/Structural/structuralMicronode/structuralMicronode/structuralMiniNode
[LOG 14:12:36.444] Config(PART) Squad/Parts/Structural/structuralPanel1x1/structuralPanel1x1/structuralPanel1
[LOG 14:12:36.444] Config(PART) Squad/Parts/Structural/structuralPanel2x2/structuralPanel2x2/structuralPanel2
[LOG 14:12:36.444] Config(PART) Squad/Parts/Structural/structuralPylons/smallHardpoint/smallHardpoint
[LOG 14:12:36.444] Config(PART) Squad/Parts/Structural/structuralPylons/structuralPylon/structuralPylon
[LOG 14:12:36.444] Config(PART) Squad/Parts/Structural/strutCubicOcto/strutCubicOcto/strutCube
[LOG 14:12:36.445] Config(PART) Squad/Parts/Structural/strutOcto/strutOcto/strutOcto
[LOG 14:12:36.445] Config(PART) Squad/Parts/Structural/trussGirderAdapter/trussGirderAdapter/trussAdapter
[LOG 14:12:36.445] Config(PART) Squad/Parts/Structural/trussGirderL/trussGirderL/trussPiece1x
[LOG 14:12:36.445] Config(PART) Squad/Parts/Structural/trussGirderXL/trussGirderXL/trussPiece3x
[LOG 14:12:36.445] Config(PART) Squad/Parts/Thermal/FoldingRadiators/foldingRadLarge/foldingRadLarge
[LOG 14:12:36.445] Config(PART) Squad/Parts/Thermal/FoldingRadiators/foldingRadMed/foldingRadMed
[LOG 14:12:36.445] Config(PART) Squad/Parts/Thermal/FoldingRadiators/foldingRadSmall/foldingRadSmall
[LOG 14:12:36.445] Config(PART) Squad/Parts/Thermal/RadiatorPanels/radPanelEdge/radPanelEdge
[LOG 14:12:36.445] Config(PART) Squad/Parts/Thermal/RadiatorPanels/radPanelLg/radPanelLg
[LOG 14:12:36.445] Config(PART) Squad/Parts/Thermal/RadiatorPanels/radPanelSm/radPanelSm
[LOG 14:12:36.445] Config(PART) Squad/Parts/Utility/commDish88-88/commDish88-88/commDish
[LOG 14:12:36.445] Config(PART) Squad/Parts/Utility/commsAntennaDTS-M1/commsAntennaDTS-M1/mediumDishAntenna
[LOG 14:12:36.445] Config(PART) Squad/Parts/Utility/commsDish16/commsAntenna16/longAntenna
[LOG 14:12:36.445] Config(PART) Squad/Parts/Utility/decouplerRadialHDM/decouplerRadialHDM/radialDecoupler1-2
[LOG 14:12:36.445] Config(PART) Squad/Parts/Utility/decouplerRadialTT-38K/decouplerRadialTT-38K/radialDecoupler
[LOG 14:12:36.445] Config(PART) Squad/Parts/Utility/decouplerRadialTT-70/decouplerRadialTT-70/radialDecoupler2
[LOG 14:12:36.445] Config(PART) Squad/Parts/Utility/DirectAntennas/C16S/SurfAntenna
[LOG 14:12:36.445] Config(PART) Squad/Parts/Utility/DirectAntennas/HG-5/HighGainAntenna5
[LOG 14:12:36.445] Config(PART) Squad/Parts/Utility/DirectAntennas/HG-5_v2/HighGainAntenna5_v2
[LOG 14:12:36.445] Config(PART) Squad/Parts/Utility/dockingPort/dockingPort/dockingPort2
[LOG 14:12:36.445] Config(PART) Squad/Parts/Utility/dockingPortInline/dockingPortInline/dockingPortLateral
[LOG 14:12:36.445] Config(PART) Squad/Parts/Utility/dockingPortJr/dockingPortJr/dockingPort3
[LOG 14:12:36.445] Config(PART) Squad/Parts/Utility/dockingPortShielded/dockingPortShielded/dockingPort1
[LOG 14:12:36.445] Config(PART) Squad/Parts/Utility/dockingPortSr/dockingPortSr/dockingPortLarge
[LOG 14:12:36.445] Config(PART) Squad/Parts/Utility/Fireworks/fireworksLauncherBig/fireworksLauncherBig
[LOG 14:12:36.445] Config(PART) Squad/Parts/Utility/Fireworks/fireworksLauncherSmall/fireworksLauncherSmall
[LOG 14:12:36.445] Config(PART) Squad/Parts/Utility/flags/flagFlat/flagFlat/flagPartFlat
[LOG 14:12:36.446] Config(PART) Squad/Parts/Utility/flags/flagSize0/flagSize0/flagPartSize0
[LOG 14:12:36.446] Config(PART) Squad/Parts/Utility/flags/flagSize1/flagSize1/flagPartSize1
[LOG 14:12:36.446] Config(PART) Squad/Parts/Utility/flags/flagSize2/flagSize2/flagPartSize2
[LOG 14:12:36.446] Config(PART) Squad/Parts/Utility/flags/flagSize3/flagSize3/flagPartSize3
[LOG 14:12:36.446] Config(PART) Squad/Parts/Utility/GrapplingDevice/part/GrapplingDevice
[LOG 14:12:36.446] Config(PART) Squad/Parts/Utility/ladderRadial/ladderRadial/ladder1
[LOG 14:12:36.446] Config(PART) Squad/Parts/Utility/ladderTelescopic/ladderTelescopic/telescopicLadder
[LOG 14:12:36.446] Config(PART) Squad/Parts/Utility/ladderTelescopicBay/ladderTelescopicBay/telescopicLadderBay
[LOG 14:12:36.446] Config(PART) Squad/Parts/Utility/landingLegLT-1/landingLegLT-1/landingLeg1
[LOG 14:12:36.446] Config(PART) Squad/Parts/Utility/landingLegLT-2/landingLegLT-2/landingLeg1-2
[LOG 14:12:36.446] Config(PART) Squad/Parts/Utility/landingLegLT-5/landingLegLT-5/miniLandingLeg
[LOG 14:12:36.446] Config(PART) Squad/Parts/Utility/launchClamp1/launchClamp1/launchClamp1
[LOG 14:12:36.446] Config(PART) Squad/Parts/Utility/launchEscapeSystem/part/LaunchEscapeSystem
[LOG 14:12:36.446] Config(PART) Squad/Parts/Utility/Lights/domeLight1/domeLight1
[LOG 14:12:36.446] Config(PART) Squad/Parts/Utility/Lights/groundLight1/groundLight1
[LOG 14:12:36.446] Config(PART) Squad/Parts/Utility/Lights/groundLight2/groundLight2
[LOG 14:12:36.446] Config(PART) Squad/Parts/Utility/Lights/navLight1/navLight1
[LOG 14:12:36.446] Config(PART) Squad/Parts/Utility/Lights/spotLight1/spotLight3
[LOG 14:12:36.446] Config(PART) Squad/Parts/Utility/Lights/stripLight1/stripLight1
[LOG 14:12:36.446] Config(PART) Squad/Parts/Utility/linearVernorRCS/linearRCS/linearRcs
[LOG 14:12:36.446] Config(PART) Squad/Parts/Utility/linearVernorRCS/vernorEngine/vernierEngine
[LOG 14:12:36.446] Config(PART) Squad/Parts/Utility/mk2CargoBay/BayL/mk2CargoBayL
[LOG 14:12:36.446] Config(PART) Squad/Parts/Utility/mk2CargoBay/BayS/mk2CargoBayS
[LOG 14:12:36.446] Config(PART) Squad/Parts/Utility/mk2CrewCabin/mk2CrewCabin/mk2CrewCabin
[LOG 14:12:36.446] Config(PART) Squad/Parts/Utility/mk2DockingPort/mk2DockingPort/mk2DockingPort
[LOG 14:12:36.447] Config(PART) Squad/Parts/Utility/mk3CargoBay/long/mk3CargoBayL
[LOG 14:12:36.447] Config(PART) Squad/Parts/Utility/mk3CargoBay/medium/mk3CargoBayM
[LOG 14:12:36.447] Config(PART) Squad/Parts/Utility/mk3CargoBay/ramp/mk3CargoRamp
[LOG 14:12:36.447] Config(PART) Squad/Parts/Utility/mk3CargoBay/short/mk3CargoBayS
[LOG 14:12:36.447] Config(PART) Squad/Parts/Utility/parachuteMk1/parachuteMk1/parachuteSingle
[LOG 14:12:36.447] Config(PART) Squad/Parts/Utility/parachuteMk12-R/parachuteMk12-R/radialDrogue
[LOG 14:12:36.447] Config(PART) Squad/Parts/Utility/parachuteMk16-XL/parachuteMk16-XL/parachuteLarge
[LOG 14:12:36.447] Config(PART) Squad/Parts/Utility/parachuteMk2-R/parachuteMk2-R/parachuteRadial
[LOG 14:12:36.447] Config(PART) Squad/Parts/Utility/parachuteMk25/parachuteMk25/parachuteDrogue
[LOG 14:12:36.447] Config(PART) Squad/Parts/Utility/radialAttachmentPoint/radialAttachmentPoint/stackPoint1
[LOG 14:12:36.447] Config(PART) Squad/Parts/Utility/rcsBlockRV-105_v2/rcsBlockRV-105/RCSBlock_v2
[LOG 14:12:36.447] Config(PART) Squad/Parts/Utility/rcsBlockRV-105_v2/RCSblock_01_small/RCSblock_01_small
[LOG 14:12:36.447] Config(PART) Squad/Parts/Utility/rcsSmallLinear/RCSLinearSmall/RCSLinearSmall
[LOG 14:12:36.447] Config(PART) Squad/Parts/Utility/RelayAntennas/RA-100/RelayAntenna100
[LOG 14:12:36.447] Config(PART) Squad/Parts/Utility/RelayAntennas/RA-5/RelayAntenna5
[LOG 14:12:36.447] Config(PART) Squad/Parts/Utility/RelayAntennas/RA-50/RelayAntenna50
[LOG 14:12:36.447] Config(PART) Squad/Parts/Utility/rockomaxAdapters/largeAdapter/largeAdapter
[LOG 14:12:36.447] Config(PART) Squad/Parts/Utility/rockomaxAdapters/largeAdapterShort/largeAdapter2
[LOG 14:12:36.447] Config(PART) Squad/Parts/Utility/ServiceBay_v2/ServiceBay_125_v2/ServiceBay_125_v2
[LOG 14:12:36.447] Config(PART) Squad/Parts/Utility/ServiceBay_v2/ServiceBay_250_v2/ServiceBay_250_v2
[LOG 14:12:36.447] Config(PART) Squad/Parts/Utility/smallClaw/smallClaw/smallClaw
[LOG 14:12:36.447] Config(PART) Squad/Parts/Utility/spotLightMk1/spotLightMk1/spotLight1
[LOG 14:12:36.447] Config(PART) Squad/Parts/Utility/spotLightMk1_v2/spotLightMk1_v2/spotLight1_v2
[LOG 14:12:36.447] Config(PART) Squad/Parts/Utility/spotLightMk2/spotLightMk2/spotLight2
[LOG 14:12:36.447] Config(PART) Squad/Parts/Utility/spotLightMk2_v2/spotLightMk2_v2/spotLight2_v2
[LOG 14:12:36.447] Config(PART) Squad/Parts/Utility/stackCouplers/stackBiCoupler_v2/stackBiCoupler_v2
[LOG 14:12:36.448] Config(PART) Squad/Parts/Utility/stackCouplers/stackQuadCoupler/stackQuadCoupler
[LOG 14:12:36.448] Config(PART) Squad/Parts/Utility/stackCouplers/stackTriCoupler_v2/stackTriCoupler_v2
[LOG 14:12:36.448] Config(PART) Squad/Parts/Wheel/LandingGear/GearExtraLarge/GearLarge
[LOG 14:12:36.448] Config(PART) Squad/Parts/Wheel/LandingGear/GearFixed/GearFixed
[LOG 14:12:36.448] Config(PART) Squad/Parts/Wheel/LandingGear/GearFree/GearFree
[LOG 14:12:36.448] Config(PART) Squad/Parts/Wheel/LandingGear/GearLarge/GearMedium
[LOG 14:12:36.448] Config(PART) Squad/Parts/Wheel/LandingGear/GearMedium/GearSmall
[LOG 14:12:36.448] Config(PART) Squad/Parts/Wheel/LandingGear/GearSmall/SmallGearBay
[LOG 14:12:36.448] Config(PART) Squad/Parts/Wheel/roverWheelM1/roverWheelM1/roverWheel1
[LOG 14:12:36.448] Config(PART) Squad/Parts/Wheel/roverWheelS2/roverWheelS2/roverWheel2
[LOG 14:12:36.448] Config(PART) Squad/Parts/Wheel/roverWheelTR-2L/roverWheelTR-2L/wheelMed
[LOG 14:12:36.448] Config(PART) Squad/Parts/Wheel/roverWheelXL3/roverWheelXL3/roverWheel3
[LOG 14:12:36.448] Config(PROP) Squad/Props/AltimeterThreeHands/prop/AltimeterThreeHands
[LOG 14:12:36.448] Config(PROP) Squad/Props/AtmosphereDepth/prop/AtmosphereDepth
[LOG 14:12:36.448] Config(PROP) Squad/Props/AxisIndicator/pitchConfig/AxisIndicatorPitch
[LOG 14:12:36.448] Config(PROP) Squad/Props/AxisIndicator/rollConfig/AxisIndicatorRoll
[LOG 14:12:36.448] Config(PROP) Squad/Props/AxisIndicator/yawConfig/AxisIndicatorYaw
[LOG 14:12:36.448] Config(PROP) Squad/Props/buttonsGeneric/circularButton/genericCircularButton
[LOG 14:12:36.448] Config(PROP) Squad/Props/buttonsGeneric/clusterButtons/genericClusterButtons
[LOG 14:12:36.448] Config(PROP) Squad/Props/buttonsGeneric/clusterButtons2/genericClusterButtons2
[LOG 14:12:36.448] Config(PROP) Squad/Props/buttonsGeneric/clusterKnob/genericClusterKnobs
[LOG 14:12:36.448] Config(PROP) Squad/Props/buttonsGeneric/clusterKnob2/genericClusterKnobs2
[LOG 14:12:36.448] Config(PROP) Squad/Props/buttonsGeneric/clusterMixed/genericClusterMixed
[LOG 14:12:36.448] Config(PROP) Squad/Props/buttonsGeneric/clusterSwitches01/genericClusterSwitches01
[LOG 14:12:36.448] Config(PROP) Squad/Props/buttonsGeneric/clusterSwitches02/genericClusterSwitches02
[LOG 14:12:36.448] Config(PROP) Squad/Props/buttonsGeneric/clusterSwitches03/genericClusterSwitches03
[LOG 14:12:36.448] Config(PROP) Squad/Props/buttonsGeneric/clusterSwitches04/genericClusterSwitches04
[LOG 14:12:36.449] Config(PROP) Squad/Props/buttonsGeneric/clusterSwitches05/genericClusterSwitches05
[LOG 14:12:36.449] Config(PROP) Squad/Props/buttonsGeneric/clusterSwitches06/genericClusterSwitches06
[LOG 14:12:36.449] Config(PROP) Squad/Props/buttonsGeneric/clusterSwitches07/genericClusterSwitches07
[LOG 14:12:36.449] Config(PROP) Squad/Props/buttonsGeneric/directionalKnob/genericDirectionalKnob
[LOG 14:12:36.449] Config(PROP) Squad/Props/buttonsGeneric/directionalKnob2/genericDirectionalKnob2
[LOG 14:12:36.449] Config(PROP) Squad/Props/buttonsGeneric/pullSwitch/genericPullSwitch
[LOG 14:12:36.449] Config(PROP) Squad/Props/buttonsGeneric/squareButton/genericSquareButton
[LOG 14:12:36.449] Config(PROP) Squad/Props/buttonsGeneric/standingSwitch/genericStandingSwitch
[LOG 14:12:36.449] Config(PROP) Squad/Props/buttonsGeneric/switch/genericSwitch
[LOG 14:12:36.449] Config(PROP) Squad/Props/buttonsGeneric/switchWithGuards/genericSwitchWithGuards
[LOG 14:12:36.449] Config(PROP) Squad/Props/ButtonSquare/prop/ButtonSquare
[LOG 14:12:36.449] Config(PROP) Squad/Props/circularButton/prop/circularButton
[LOG 14:12:36.449] Config(PROP) Squad/Props/Compass/prop/Compass
[LOG 14:12:36.449] Config(PROP) Squad/Props/directionalKnob/prop/directionalKnob
[LOG 14:12:36.449] Config(PROP) Squad/Props/directionalKnob2/prop/directionalKnob2
[LOG 14:12:36.449] Config(PROP) Squad/Props/IndicatorPanel/prop/IndicatorPanel
[LOG 14:12:36.449] Config(PROP) Squad/Props/IVANavBall/prop/NavBall
[LOG 14:12:36.449] Config(PROP) Squad/Props/IVANavBallNoBase/prop/NavBallNoBase
[LOG 14:12:36.449] Config(PROP) Squad/Props/ledPanelSpeed/prop/ledPanelSpeed
[LOG 14:12:36.449] Config(PROP) Squad/Props/Monitor/DockingMode/MonitorDockingMode
[LOG 14:12:36.449] Config(PROP) Squad/Props/NavBall/prop/NavBall
[LOG 14:12:36.449] Config(PROP) Squad/Props/PropsGeneric/Button_DockingMode/Button_DockingMode
[LOG 14:12:36.449] Config(PROP) Squad/Props/PropsGeneric/CargoBagA/CargoBagA
[LOG 14:12:36.450] Config(PROP) Squad/Props/PropsGeneric/CargoBagB/CargoBagB
[LOG 14:12:36.450] Config(PROP) Squad/Props/PropsGeneric/CargoBagC/CargoBagC
[LOG 14:12:36.450] Config(PROP) Squad/Props/PropsGeneric/Hatch_Plane/Hatch_Plane
[LOG 14:12:36.450] Config(PROP) Squad/Props/PropsGeneric/Hatch_Plane_Curve90/Hatch_Plane_Curve90
[LOG 14:12:36.450] Config(PROP) Squad/Props/PropsGeneric/Hatch_Plane_Frame/Hatch_Plane_Frame
[LOG 14:12:36.450] Config(PROP) Squad/Props/PropsGeneric/Seat_Passenger/Seat_Passenger
[LOG 14:12:36.450] Config(PROP) Squad/Props/PropsGeneric/Seat_Pilot/Seat_Pilot
[LOG 14:12:36.450] Config(PROP) Squad/Props/PropsGeneric/Seat_Pilot_Helmet/Seat_Pilot_Helmet
[LOG 14:12:36.450] Config(PROP) Squad/Props/PropsGeneric/SideStick/SideStick
[LOG 14:12:36.450] Config(PROP) Squad/Props/pullSwitch/prop/pullSwitch
[LOG 14:12:36.450] Config(PROP) Squad/Props/radarAltitude/prop/RadarAltimeter
[LOG 14:12:36.450] Config(PROP) Squad/Props/squareButton/prop/squareButton
[LOG 14:12:36.450] Config(PROP) Squad/Props/standingSwitch/prop/standingSwitch
[LOG 14:12:36.450] Config(PROP) Squad/Props/switch/prop/switch
[LOG 14:12:36.450] Config(PROP) Squad/Props/switchGuard/prop/switchGuard
[LOG 14:12:36.450] Config(PROP) Squad/Props/switchWithGuards/prop/switchWithGuards
[LOG 14:12:36.450] Config(PROP) Squad/Props/throttle/prop/throttle
[LOG 14:12:36.450] Config(PROP) Squad/Props/VSI/prop/VSI
[LOG 14:12:36.450] Config(SPACEOBJECTS_LIMITS) Squad/Resources/CometDefs/SPACEOBJECTS_LIMITS
[LOG 14:12:36.450] Config(COMET_MANAGER) Squad/Resources/CometDefs/COMET_MANAGER
[LOG 14:12:36.450] Config(COMET_ORBIT_TYPE) Squad/Resources/CometDefs/short
[LOG 14:12:36.450] Config(COMET_ORBIT_TYPE) Squad/Resources/CometDefs/intermediate
[LOG 14:12:36.450] Config(COMET_ORBIT_TYPE) Squad/Resources/CometDefs/long
[LOG 14:12:36.450] Config(COMET_ORBIT_TYPE) Squad/Resources/CometDefs/interstellar
[LOG 14:12:36.450] Config(FIREWORKFX_DEFINITION) Squad/Resources/FireworkFXDefinitions/classicTrail
[LOG 14:12:36.450] Config(FIREWORKFX_DEFINITION) Squad/Resources/FireworkFXDefinitions/whirlyTrail
[LOG 14:12:36.450] Config(FIREWORKFX_DEFINITION) Squad/Resources/FireworkFXDefinitions/strobeTrail
[LOG 14:12:36.450] Config(FIREWORKFX_DEFINITION) Squad/Resources/FireworkFXDefinitions/bareTrail
[LOG 14:12:36.450] Config(FIREWORKFX_DEFINITION) Squad/Resources/FireworkFXDefinitions/classicBurst
[LOG 14:12:36.450] Config(FIREWORKFX_DEFINITION) Squad/Resources/FireworkFXDefinitions/chrysBurst
[LOG 14:12:36.451] Config(FIREWORKFX_DEFINITION) Squad/Resources/FireworkFXDefinitions/palmBurst
[LOG 14:12:36.451] Config(FIREWORKFX_DEFINITION) Squad/Resources/FireworkFXDefinitions/ringBurst
[LOG 14:12:36.451] Config(FIREWORKFX_DEFINITION) Squad/Resources/FireworkFXDefinitions/crosetteBurst
[LOG 14:12:36.451] Config(FIREWORKFX_DEFINITION) Squad/Resources/FireworkFXDefinitions/willowBurst
[LOG 14:12:36.451] Config(FIREWORKFX_DEFINITION) Squad/Resources/FireworkFXDefinitions/crackeBurst
[LOG 14:12:36.451] Config(FIREWORKFX_DEFINITION) Squad/Resources/FireworkFXDefinitions/palmCrackleBurst
[LOG 14:12:36.451] Config(FIREWORKFX_DEFINITION) Squad/Resources/FireworkFXDefinitions/dragonBurst
[LOG 14:12:36.451] Config(GLOBAL_RESOURCE) Squad/Resources/Ore/GLOBAL_RESOURCE
[LOG 14:12:36.451] Config(PLANETARY_RESOURCE) Squad/Resources/Ore/PLANETARY_RESOURCE
[LOG 14:12:36.451] Config(PLANETARY_RESOURCE) Squad/Resources/Ore/PLANETARY_RESOURCE
[LOG 14:12:36.451] Config(RESOURCE_OVERLAY_CONFIGURATION_SOLID) Squad/Resources/Overlay/RESOURCE_OVERLAY_CONFIGURATION_SOLID
[LOG 14:12:36.451] Config(RESOURCE_OVERLAY_CONFIGURATION_LINES) Squad/Resources/Overlay/RESOURCE_OVERLAY_CONFIGURATION_LINES
[LOG 14:12:36.451] Config(RESOURCE_OVERLAY_CONFIGURATION_DOTS) Squad/Resources/Overlay/RESOURCE_OVERLAY_CONFIGURATION_DOTS
[LOG 14:12:36.451] Config(RESOURCE_CONFIGURATION) Squad/Resources/ResourceDefaults/RESOURCE_CONFIGURATION
[LOG 14:12:36.451] Config(RESOURCE_DEFINITION) Squad/Resources/ResourcesGeneric/LiquidFuel
[LOG 14:12:36.451] Config(RESOURCE_DEFINITION) Squad/Resources/ResourcesGeneric/Oxidizer
[LOG 14:12:36.451] Config(RESOURCE_DEFINITION) Squad/Resources/ResourcesGeneric/SolidFuel
[LOG 14:12:36.451] Config(RESOURCE_DEFINITION) Squad/Resources/ResourcesGeneric/MonoPropellant
[LOG 14:12:36.451] Config(RESOURCE_DEFINITION) Squad/Resources/ResourcesGeneric/XenonGas
[LOG 14:12:36.451] Config(RESOURCE_DEFINITION) Squad/Resources/ResourcesGeneric/ElectricCharge
[LOG 14:12:36.451] Config(RESOURCE_DEFINITION) Squad/Resources/ResourcesGeneric/IntakeAir
[LOG 14:12:36.451] Config(RESOURCE_DEFINITION) Squad/Resources/ResourcesGeneric/EVA Propellant
[LOG 14:12:36.451] Config(RESOURCE_DEFINITION) Squad/Resources/ResourcesGeneric/Ore
[LOG 14:12:36.451] Config(RESOURCE_DEFINITION) Squad/Resources/ResourcesGeneric/Ablator
[LOG 14:12:36.451] Config(EXPERIMENT_DEFINITION) Squad/Resources/ScienceDefs/EXPERIMENT_DEFINITION
[LOG 14:12:36.451] Config(EXPERIMENT_DEFINITION) Squad/Resources/ScienceDefs/EXPERIMENT_DEFINITION
[LOG 14:12:36.452] Config(EXPERIMENT_DEFINITION) Squad/Resources/ScienceDefs/EXPERIMENT_DEFINITION
[LOG 14:12:36.452] Config(EXPERIMENT_DEFINITION) Squad/Resources/ScienceDefs/EXPERIMENT_DEFINITION
[LOG 14:12:36.452] Config(EXPERIMENT_DEFINITION) Squad/Resources/ScienceDefs/EXPERIMENT_DEFINITION
[LOG 14:12:36.452] Config(EXPERIMENT_DEFINITION) Squad/Resources/ScienceDefs/EXPERIMENT_DEFINITION
[LOG 14:12:36.452] Config(EXPERIMENT_DEFINITION) Squad/Resources/ScienceDefs/EXPERIMENT_DEFINITION
[LOG 14:12:36.452] Config(EXPERIMENT_DEFINITION) Squad/Resources/ScienceDefs/EXPERIMENT_DEFINITION
[LOG 14:12:36.452] Config(EXPERIMENT_DEFINITION) Squad/Resources/ScienceDefs/EXPERIMENT_DEFINITION
[LOG 14:12:36.452] Config(EXPERIMENT_DEFINITION) Squad/Resources/ScienceDefs/EXPERIMENT_DEFINITION
[LOG 14:12:36.452] Config(EXPERIMENT_DEFINITION) Squad/Resources/ScienceDefs/EXPERIMENT_DEFINITION
[LOG 14:12:36.452] Config(EXPERIMENT_DEFINITION) Squad/Resources/ScienceDefs/EXPERIMENT_DEFINITION
[LOG 14:12:36.452] Config(EXPERIMENT_DEFINITION) Squad/Resources/ScienceDefs/EXPERIMENT_DEFINITION
[LOG 14:12:36.452] Config(EXPERIMENT_DEFINITION) Squad/Resources/ScienceDefs/EXPERIMENT_DEFINITION
[LOG 14:12:36.452] Config(EXPERIMENT_DEFINITION) Squad/Resources/ScienceDefs/EXPERIMENT_DEFINITION
[LOG 14:12:36.452] Config(EXPERIMENT_DEFINITION) Squad/Resources/ScienceDefs/EXPERIMENT_DEFINITION
[LOG 14:12:36.452] Config(EXPERIMENT_DEFINITION) Squad/Resources/ScienceDefs/EXPERIMENT_DEFINITION
[LOG 14:12:36.452] Config(EXPERIMENT_DEFINITION) Squad/Resources/ScienceDefs/EXPERIMENT_DEFINITION
[LOG 14:12:36.452] Config(STORY_DEF) Squad/Resources/StoryDefs/STORY_DEF
[LOG 14:12:36.452] Config(TechTree) Squad/Resources/TechTree/TechTree
[LOG 14:12:36.452] Config(INTERNAL) Squad/Spaces/crewCabinInternals/internal/crewCabinInternals
[LOG 14:12:36.452] Config(INTERNAL) Squad/Spaces/cupolaInternal/internal/cupolaInternal
[LOG 14:12:36.452] Config(INTERNAL) Squad/Spaces/GenericSpace1/internal/GenericSpace1
[LOG 14:12:36.452] Config(INTERNAL) Squad/Spaces/GenericSpace3/internal/GenericSpace3
[LOG 14:12:36.452] Config(INTERNAL) Squad/Spaces/landerCabinInternals/internal/landerCabinInternals
[LOG 14:12:36.452] Config(INTERNAL) Squad/Spaces/landerCabinSmallInternal/internal/landerCabinSmallInternal
[LOG 14:12:36.452] Config(INTERNAL) Squad/Spaces/LargeCrewedLabInternals/internal/Mobile_Processing_Lab_Int
[LOG 14:12:36.452] Config(INTERNAL) Squad/Spaces/Mk1-3/internal/Mk1-3
[LOG 14:12:36.452] Config(INTERNAL) Squad/Spaces/mk1CabinInternal/internal/mk1CabinInternal
[LOG 14:12:36.452] Config(INTERNAL) Squad/Spaces/mk1CockpitInternal/internal/mk1CockpitInternal
[LOG 14:12:36.453] Config(INTERNAL) Squad/Spaces/mk1InlineInternal/internal/mk1InlineInternal
[LOG 14:12:36.453] Config(INTERNAL) Squad/Spaces/mk1PodCockpit/internal/mk1PodCockpit
[LOG 14:12:36.453] Config(INTERNAL) Squad/Spaces/mk1pod_IVA/mk1pod_Internal/mk1pod_IVA
[LOG 14:12:36.453] Config(INTERNAL) Squad/Spaces/mk2CockpitStandardInternal/internal/mk2CockpitStandardInternals
[LOG 14:12:36.453] Config(INTERNAL) Squad/Spaces/Mk2CrewCabinInternal/internal_MK2_CrewCab/MK2_CrewCab_Int
[LOG 14:12:36.453] Config(INTERNAL) Squad/Spaces/mk2InlineInternal/internal/mk2InlineInternal
[LOG 14:12:36.453] Config(INTERNAL) Squad/Spaces/mk2LanderCanInternal/internal/mk2LanderCanInternal
[LOG 14:12:36.453] Config(INTERNAL) Squad/Spaces/MK3CockpitInternal/internal_MK3/MK3_Cockpit_Int
[LOG 14:12:36.453] Config(INTERNAL) Squad/Spaces/MK3_CrewCab_Int/internal_MK3_CrewCab/MK3_CrewCab_Int
[LOG 14:12:36.453] Config(INTERNAL) Squad/Spaces/Placeholder/internal/Placeholder
[LOG 14:12:36.453] Config(INTERNAL) Squad/Spaces/PodCockpit/internal/PodCockpit
[LOG 14:12:36.453] Config(STRATEGY_DEPARTMENT) Squad/Strategies/Departments/Finances
[LOG 14:12:36.453] Config(STRATEGY_DEPARTMENT) Squad/Strategies/Departments/Science
[LOG 14:12:36.453] Config(STRATEGY_DEPARTMENT) Squad/Strategies/Departments/Public Relations
[LOG 14:12:36.453] Config(STRATEGY_DEPARTMENT) Squad/Strategies/Departments/Operations
[LOG 14:12:36.453] Config(STRATEGY) Squad/Strategies/Strategies/AppreciationCampaignCfg
[LOG 14:12:36.453] Config(STRATEGY) Squad/Strategies/Strategies/FundraisingCampaignCfg
[LOG 14:12:36.453] Config(STRATEGY) Squad/Strategies/Strategies/OpenSourceTechProgramCfg
[LOG 14:12:36.453] Config(STRATEGY) Squad/Strategies/Strategies/UnpaidResearchProgramCfg
[LOG 14:12:36.453] Config(STRATEGY) Squad/Strategies/Strategies/OutsourcedResearchCfg
[LOG 14:12:36.453] Config(STRATEGY) Squad/Strategies/Strategies/PatentsLicensingCfg
[LOG 14:12:36.453] Config(STRATEGY) Squad/Strategies/Strategies/AgressiveNegotiations
[LOG 14:12:36.453] Config(STRATEGY) Squad/Strategies/Strategies/RecoveryTransponders
[LOG 14:12:36.453] Config(STRATEGY) Squad/Strategies/Strategies/BailoutGrant
[LOG 14:12:36.453] Config(STRATEGY) Squad/Strategies/Strategies/researchIPsellout
[LOG 14:12:36.453] Config(STRATEGY) Squad/Strategies/Strategies/LeadershipInitiative
[LOG 14:12:36.454] Config(TUTORIAL) Squad/Tutorials/FlightSuborbital/FlightSuborbital
[LOG 14:12:36.454] Config(TUTORIAL) Squad/Tutorials/FromMun/FromMun
[LOG 14:12:36.454] Config(TUTORIAL) Squad/Tutorials/GoForOrbit/GoForOrbit
[LOG 14:12:36.454] Config(MISSIONPACK) SquadExpansion/MakingHistory/Missions/MissionPacks/squad_MakingHistory
[LOG 14:12:36.454] Config(MISSIONPACK) SquadExpansion/MakingHistory/Missions/MissionPacks/squad_MakingHistory_Other
[LOG 14:12:36.454] Config(MISSIONPACK) SquadExpansion/MakingHistory/Missions/MissionPacks/squad_MakingHistory_Tutorial
[LOG 14:12:36.454] Config(MEBASICNODE) SquadExpansion/MakingHistory/Nodes/AccuracyLogic/TestAccuracyLogic
[LOG 14:12:36.454] Config(MEBASICNODE) SquadExpansion/MakingHistory/Nodes/ActionChancePartResourceLevels/ActionPartResourceAmount
[LOG 14:12:36.454] Config(MEBASICNODE) SquadExpansion/MakingHistory/Nodes/ActionExplode/ActionVesselExplode
[LOG 14:12:36.454] Config(MEBASICNODE) SquadExpansion/MakingHistory/Nodes/ActionMissionScore/MissionScore
[LOG 14:12:36.454] Config(MEBASICNODE) SquadExpansion/MakingHistory/Nodes/ActionModifierFunds/ModifyFunds
[LOG 14:12:36.454] Config(MEBASICNODE) SquadExpansion/MakingHistory/Nodes/ActionModifierScore/MissionScore
[LOG 14:12:36.454] Config(MEBASICNODE) SquadExpansion/MakingHistory/Nodes/ActionPartExplode/ActionPartExplode
[LOG 14:12:36.454] Config(MEBASICNODE) SquadExpansion/MakingHistory/Nodes/ActionPartResourceDrain/ActionPartResourceDrain
[LOG 14:12:36.454] Config(MEBASICNODE) SquadExpansion/MakingHistory/Nodes/ActionVesselActionGroup/ActionVesselActionGroup
[LOG 14:12:36.454] Config(MEBASICNODE) SquadExpansion/MakingHistory/Nodes/ActionVesselStage/ActionVesselStage
[LOG 14:12:36.454] Config(MEBASICNODE) SquadExpansion/MakingHistory/Nodes/CreateAsteroid/CreateAsteroid
[LOG 14:12:36.454] Config(MEBASICNODE) SquadExpansion/MakingHistory/Nodes/CreateComet/CreateComet
[LOG 14:12:36.454] Config(MEBASICNODE) SquadExpansion/MakingHistory/Nodes/CreateFlag/CreateFlag
[LOG 14:12:36.454] Config(MEBASICNODE) SquadExpansion/MakingHistory/Nodes/CreateLaunchSite/CreateLaunchSite
[LOG 14:12:36.454] Config(MEBASICNODE) SquadExpansion/MakingHistory/Nodes/CreateVessel/CreateVessel
[LOG 14:12:36.454] Config(MEBASICNODE) SquadExpansion/MakingHistory/Nodes/CrewAssignment/TestCrewAssignment
[LOG 14:12:36.454] Config(MEBASICNODE) SquadExpansion/MakingHistory/Nodes/Destroyed/Crashed
[LOG 14:12:36.454] Config(MEBASICNODE) SquadExpansion/MakingHistory/Nodes/DialogMessage/DialogMessage
[LOG 14:12:36.454] Config(MEBASICNODE) SquadExpansion/MakingHistory/Nodes/Distance/Distance
[LOG 14:12:36.454] Config(MEBASICNODE) SquadExpansion/MakingHistory/Nodes/EmptyFalse/EmptyFalse
[LOG 14:12:36.454] Config(MEBASICNODE) SquadExpansion/MakingHistory/Nodes/EmptyTrue/EmptyTrue
[LOG 14:12:36.454] Config(MEBASICNODE) SquadExpansion/MakingHistory/Nodes/EscapeSOI/SOILeft
[LOG 14:12:36.454] Config(MEBASICNODE) SquadExpansion/MakingHistory/Nodes/EVA/EVA
[LOG 14:12:36.455] Config(MEBASICNODE) SquadExpansion/MakingHistory/Nodes/Flying/Flying
[LOG 14:12:36.455] Config(MEBASICNODE) SquadExpansion/MakingHistory/Nodes/FundsRecovery/FundsRecovery
[LOG 14:12:36.455] Config(MEBASICNODE) SquadExpansion/MakingHistory/Nodes/KerbalBoarded/TestKerbalBoarded
[LOG 14:12:36.455] Config(MEBASICNODE) SquadExpansion/MakingHistory/Nodes/KerbalKilled/EVA
[LOG 14:12:36.455] Config(MEBASICNODE) SquadExpansion/MakingHistory/Nodes/KerbalRecovery/KerbalRecovery
[LOG 14:12:36.455] Config(MEBASICNODE) SquadExpansion/MakingHistory/Nodes/KerbalRescue/KerbalRescue
[LOG 14:12:36.455] Config(MEBASICNODE) SquadExpansion/MakingHistory/Nodes/Landed/Landed
[LOG 14:12:36.455] Config(MEBASICNODE) SquadExpansion/MakingHistory/Nodes/Message/Message
[LOG 14:12:36.455] Config(MEBASICNODE) SquadExpansion/MakingHistory/Nodes/MissionFunds/MissionFunds
[LOG 14:12:36.455] Config(MEBASICNODE) SquadExpansion/MakingHistory/Nodes/MissionScore/MissionScore
[LOG 14:12:36.455] Config(MEBASICNODE) SquadExpansion/MakingHistory/Nodes/Orbit/Orbit
[LOG 14:12:36.455] Config(MEBASICNODE) SquadExpansion/MakingHistory/Nodes/OrbitParams/OrbitParams
[LOG 14:12:36.455] Config(MEBASICNODE) SquadExpansion/MakingHistory/Nodes/PartDocking/TestPartDocking
[LOG 14:12:36.455] Config(MEBASICNODE) SquadExpansion/MakingHistory/Nodes/PartFailure/PartFailure
[LOG 14:12:36.455] Config(MEBASICNODE) SquadExpansion/MakingHistory/Nodes/PartGrapple/TestGrapple
[LOG 14:12:36.455] Config(MEBASICNODE) SquadExpansion/MakingHistory/Nodes/PartRepair/PartRepair
[LOG 14:12:36.455] Config(MEBASICNODE) SquadExpansion/MakingHistory/Nodes/PlaceKerbal/CreateKerbal
[LOG 14:12:36.455] Config(MEBASICNODE) SquadExpansion/MakingHistory/Nodes/PlantFlag/PlantFlag
[LOG 14:12:36.455] Config(MEBASICNODE) SquadExpansion/MakingHistory/Nodes/ReachSOI/ReachSOI
[LOG 14:12:36.455] Config(MEBASICNODE) SquadExpansion/MakingHistory/Nodes/Resource/ResourceAmount
[LOG 14:12:36.455] Config(MEBASICNODE) SquadExpansion/MakingHistory/Nodes/ResourceRecovery/TestResourcesRecovery
[LOG 14:12:36.455] Config(MEBASICNODE) SquadExpansion/MakingHistory/Nodes/ScienceExperiment/ScienceExperiment
[LOG 14:12:36.455] Config(MEBASICNODE) SquadExpansion/MakingHistory/Nodes/SetCamera/SetCamera
[LOG 14:12:36.455] Config(MEBASICNODE) SquadExpansion/MakingHistory/Nodes/SplashDown/SplashDown
[LOG 14:12:36.455] Config(MEBASICNODE) SquadExpansion/MakingHistory/Nodes/StageActivated/TestVesselStageActivated
[LOG 14:12:36.455] Config(MEBASICNODE) SquadExpansion/MakingHistory/Nodes/TakeKerbal/TestTakeKerbal
[LOG 14:12:36.455] Config(MEBASICNODE) SquadExpansion/MakingHistory/Nodes/TestFlyThrough/TestFlyThrough
[LOG 14:12:36.456] Config(MEBASICNODE) SquadExpansion/MakingHistory/Nodes/TestGoTo/TestGoTo
[LOG 14:12:36.456] Config(MEBASICNODE) SquadExpansion/MakingHistory/Nodes/TimeMET/TimeMET
[LOG 14:12:36.456] Config(MEBASICNODE) SquadExpansion/MakingHistory/Nodes/TimeOfMission/TimeOfMission
[LOG 14:12:36.456] Config(MEBASICNODE) SquadExpansion/MakingHistory/Nodes/TimeSinceNode/TestTimeSinceNode
[LOG 14:12:36.456] Config(MEBASICNODE) SquadExpansion/MakingHistory/Nodes/VesselActiveCount/TestVesselActiveCount
[LOG 14:12:36.456] Config(MEBASICNODE) SquadExpansion/MakingHistory/Nodes/VesselAltitudeGoal/VesselAltitudeGoal
[LOG 14:12:36.456] Config(MEBASICNODE) SquadExpansion/MakingHistory/Nodes/VesselCrewCount/VeselCrewCount
[LOG 14:12:36.456] Config(MEBASICNODE) SquadExpansion/MakingHistory/Nodes/VesselMassLogic/VesselMass
[LOG 14:12:36.456] Config(MEBASICNODE) SquadExpansion/MakingHistory/Nodes/VesselPartCount/PartCount
[LOG 14:12:36.456] Config(MEBASICNODE) SquadExpansion/MakingHistory/Nodes/VesselRecovery/TestVesselRecovery
[LOG 14:12:36.456] Config(MEBASICNODE) SquadExpansion/MakingHistory/Nodes/VesselStage/TestVesselStage
[LOG 14:12:36.456] Config(MEBASICNODE) SquadExpansion/MakingHistory/Nodes/VesselVelocity/VesselVelocity
[LOG 14:12:36.456] Config(PART) SquadExpansion/MakingHistory/Parts/Aero/protectiveRocketNoseMk16/rocketNoseCone_size4/rocketNoseConeSize4
[LOG 14:12:36.456] Config(PART) SquadExpansion/MakingHistory/Parts/Aero/protectiveRocketNoseMk5A/Size_1_5_Cone/Size_1_5_Cone
[LOG 14:12:36.456] Config(PART) SquadExpansion/MakingHistory/Parts/Coupling/Decoupler_1p5/Decoupler_1p5
[LOG 14:12:36.456] Config(PART) SquadExpansion/MakingHistory/Parts/Coupling/Decoupler_4/Decoupler_4
[LOG 14:12:36.456] Config(PART) SquadExpansion/MakingHistory/Parts/Coupling/EnginePlate_1p5/EnginePlate1p5
[LOG 14:12:36.456] Config(PART) SquadExpansion/MakingHistory/Parts/Coupling/EnginePlate_2/EnginePlate2
[LOG 14:12:36.456] Config(PART) SquadExpansion/MakingHistory/Parts/Coupling/EnginePlate_3/EnginePlate3
[LOG 14:12:36.456] Config(PART) SquadExpansion/MakingHistory/Parts/Coupling/EnginePlate_4/EnginePlate4
[LOG 14:12:36.456] Config(PART) SquadExpansion/MakingHistory/Parts/Coupling/EnginePlate_5/EnginePlate5
[LOG 14:12:36.456] Config(PART) SquadExpansion/MakingHistory/Parts/Coupling/InflatableAirlock/InflatableAirlock
[LOG 14:12:36.456] Config(PART) SquadExpansion/MakingHistory/Parts/Coupling/Separator_1p5/Separator_1p5
[LOG 14:12:36.456] Config(PART) SquadExpansion/MakingHistory/Parts/Coupling/Separator_4/Separator_4
[LOG 14:12:36.456] Config(PART) SquadExpansion/MakingHistory/Parts/Coupling/Size1p5_Strut_Decoupler/Size1p5_Strut_Decoupler
[LOG 14:12:36.456] Config(PART) SquadExpansion/MakingHistory/Parts/Engine/LiquidEngineKE-1/LiquidEngineKE-1
[LOG 14:12:36.457] Config(PART) SquadExpansion/MakingHistory/Parts/Engine/LiquidEngineLV-T91/LiquidEngineLV-T91
[LOG 14:12:36.457] Config(PART) SquadExpansion/MakingHistory/Parts/Engine/LiquidEngineLV-TX87/LiquidEngineLV-TX87
[LOG 14:12:36.457] Config(PART) SquadExpansion/MakingHistory/Parts/Engine/LiquidEngineRE-I2/LiquidEngineRE-I2
[LOG 14:12:36.457] Config(PART) SquadExpansion/MakingHistory/Parts/Engine/LiquidEngineRE-J10/LiquidEngineRE-J10
[LOG 14:12:36.457] Config(PART) SquadExpansion/MakingHistory/Parts/Engine/LiquidEngineRK-7/LiquidEngineRK-7
[LOG 14:12:36.457] Config(PART) SquadExpansion/MakingHistory/Parts/Engine/LiquidEngineRV-1/LiquidEngineRV-1
[LOG 14:12:36.457] Config(PART) SquadExpansion/MakingHistory/Parts/Engine/solidBoosterTHK/solidBoosterTHK/Pollux
[LOG 14:12:36.457] Config(PART) SquadExpansion/MakingHistory/Parts/FuelTank/MonoPropMini/monopropMiniSphere
[LOG 14:12:36.457] Config(PART) SquadExpansion/MakingHistory/Parts/FuelTank/Size1p5_Monoprop/Size1p5_Monoprop
[LOG 14:12:36.457] Config(PART) SquadExpansion/MakingHistory/Parts/FuelTank/Size1p5_Size0_Adapter_01/Size1p5_Size0_Adapter_01
[LOG 14:12:36.457] Config(PART) SquadExpansion/MakingHistory/Parts/FuelTank/Size1p5_Size1_Adapter_01/Size1p5_Size1_Adapter_01
[LOG 14:12:36.457] Config(PART) SquadExpansion/MakingHistory/Parts/FuelTank/Size1p5_Size1_Adapter_02/Size1p5_Size1_Adapter_02
[LOG 14:12:36.457] Config(PART) SquadExpansion/MakingHistory/Parts/FuelTank/Size1p5_Size2_Adapter_01/Size1p5_Size2_Adapter_01
[LOG 14:12:36.457] Config(PART) SquadExpansion/MakingHistory/Parts/FuelTank/Size1p5_Tank_01/Size1p5_Tank_01
[LOG 14:12:36.457] Config(PART) SquadExpansion/MakingHistory/Parts/FuelTank/Size1p5_Tank_02/Size1p5_Tank_02
[LOG 14:12:36.457] Config(PART) SquadExpansion/MakingHistory/Parts/FuelTank/Size1p5_Tank_03/Size1p5_Tank_03
[LOG 14:12:36.457] Config(PART) SquadExpansion/MakingHistory/Parts/FuelTank/Size1p5_Tank_04/Size1p5_Tank_04
[LOG 14:12:36.457] Config(PART) SquadExpansion/MakingHistory/Parts/FuelTank/Size1p5_Tank_05/Size1p5_Tank_05
[LOG 14:12:36.457] Config(PART) SquadExpansion/MakingHistory/Parts/FuelTank/Size3_Size4_Adapter_01/Size3_Size4_Adapter_01
[LOG 14:12:36.457] Config(PART) SquadExpansion/MakingHistory/Parts/FuelTank/Size4_EngineAdapter_01/Size4_EngineAdapter_01
[LOG 14:12:36.457] Config(PART) SquadExpansion/MakingHistory/Parts/FuelTank/Size4_Tank_01/Size4_Tank_01
[LOG 14:12:36.457] Config(PART) SquadExpansion/MakingHistory/Parts/FuelTank/Size4_Tank_02/Size4_Tank_02
[LOG 14:12:36.457] Config(PART) SquadExpansion/MakingHistory/Parts/FuelTank/Size4_Tank_03/Size4_Tank_03
[LOG 14:12:36.457] Config(PART) SquadExpansion/MakingHistory/Parts/FuelTank/Size4_Tank_04/Size4_Tank_04
[LOG 14:12:36.457] Config(PART) SquadExpansion/MakingHistory/Parts/Ground/RoverWheel/roverWheelM1-F
[LOG 14:12:36.457] Config(PART) SquadExpansion/MakingHistory/Parts/Payload/fairingSize1p5/fairingSize1p5
[LOG 14:12:36.457] Config(PART) SquadExpansion/MakingHistory/Parts/Payload/fairingSize4/fairingSize4
[LOG 14:12:36.458] Config(PART) SquadExpansion/MakingHistory/Parts/Payload/Size1to0ServiceModule/Size1to0ServiceModule
[LOG 14:12:36.458] Config(PART) SquadExpansion/MakingHistory/Parts/Payload/SM18/ServiceModule18
[LOG 14:12:36.458] Config(PART) SquadExpansion/MakingHistory/Parts/Payload/SM25/ServiceModule25
[LOG 14:12:36.458] Config(PART) SquadExpansion/MakingHistory/Parts/Pods/KV1Pod/kv1Pod
[LOG 14:12:36.458] Config(PART) SquadExpansion/MakingHistory/Parts/Pods/KV2Pod/kv2Pod
[LOG 14:12:36.458] Config(PART) SquadExpansion/MakingHistory/Parts/Pods/KV3Pod/kv3Pod
[LOG 14:12:36.458] Config(PART) SquadExpansion/MakingHistory/Parts/Pods/Mk2Pod/Mk2Pod
[LOG 14:12:36.458] Config(PART) SquadExpansion/MakingHistory/Parts/Pods/Size1_5_Lander/MEMLander
[LOG 14:12:36.458] Config(PART) SquadExpansion/MakingHistory/Parts/Prebuilt/kerbalEVAfemaleVintage/kerbalEVAfemaleVintage
[LOG 14:12:36.458] Config(PART) SquadExpansion/MakingHistory/Parts/Prebuilt/kerbalEVAVintage/kerbalEVAVintage
[LOG 14:12:36.458] Config(PART) SquadExpansion/MakingHistory/Parts/Structural/EquiTriangle0/EquiTriangle0
[LOG 14:12:36.458] Config(PART) SquadExpansion/MakingHistory/Parts/Structural/EquiTriangle1/EquiTriangle1
[LOG 14:12:36.458] Config(PART) SquadExpansion/MakingHistory/Parts/Structural/EquiTriangle1p5/EquiTriangle1p5
[LOG 14:12:36.458] Config(PART) SquadExpansion/MakingHistory/Parts/Structural/EquiTriangle2/EquiTriangle2
[LOG 14:12:36.458] Config(PART) SquadExpansion/MakingHistory/Parts/Structural/Panel0/Panel0
[LOG 14:12:36.458] Config(PART) SquadExpansion/MakingHistory/Parts/Structural/Panel1/Panel1
[LOG 14:12:36.458] Config(PART) SquadExpansion/MakingHistory/Parts/Structural/Panel1p5/Panel1p5
[LOG 14:12:36.458] Config(PART) SquadExpansion/MakingHistory/Parts/Structural/Panel2/Panel2
[LOG 14:12:36.458] Config(PART) SquadExpansion/MakingHistory/Parts/Structural/Triangle0/Triangle0
[LOG 14:12:36.458] Config(PART) SquadExpansion/MakingHistory/Parts/Structural/Triangle1/Triangle1
[LOG 14:12:36.458] Config(PART) SquadExpansion/MakingHistory/Parts/Structural/Triangle1p5/Triangle1p5
[LOG 14:12:36.458] Config(PART) SquadExpansion/MakingHistory/Parts/Structural/Triangle2/Triangle2
[LOG 14:12:36.459] Config(PART) SquadExpansion/MakingHistory/Parts/Structural/Tube1/Tube1
[LOG 14:12:36.459] Config(PART) SquadExpansion/MakingHistory/Parts/Structural/Tube1p5/Tube1p5
[LOG 14:12:36.459] Config(PART) SquadExpansion/MakingHistory/Parts/Structural/Tube2/Tube2
[LOG 14:12:36.459] Config(PART) SquadExpansion/MakingHistory/Parts/Structural/Tube3/Tube3
[LOG 14:12:36.459] Config(PART) SquadExpansion/MakingHistory/Parts/Structural/Tube4/Tube4
[LOG 14:12:36.459] Config(PART) SquadExpansion/MakingHistory/Parts/Thermal/HeatShield1p5/HeatShield1p5
[LOG 14:12:36.459] Config(PART) SquadExpansion/MakingHistory/Parts/Utility/flags/flagSize1p5/flagSize1p5/flagPartSize1p5
[LOG 14:12:36.459] Config(PART) SquadExpansion/MakingHistory/Parts/Utility/flags/flagSize4/flagSize4/flagPartSize4
[LOG 14:12:36.459] Config(INTERNAL) SquadExpansion/MakingHistory/Spaces/KVPods/Airlock_Internal/Airlock_IVA
[LOG 14:12:36.459] Config(INTERNAL) SquadExpansion/MakingHistory/Spaces/KVPods/KV1_Internal/KV1_IVA
[LOG 14:12:36.459] Config(INTERNAL) SquadExpansion/MakingHistory/Spaces/KVPods/KV2_Internal/KV2_IVA
[LOG 14:12:36.459] Config(INTERNAL) SquadExpansion/MakingHistory/Spaces/KVPods/KV3_Internal/KV3_IVA
[LOG 14:12:36.459] Config(INTERNAL) SquadExpansion/MakingHistory/Spaces/MEM/MEM_IVA/MEM_IVA
[LOG 14:12:36.459] Config(INTERNAL) SquadExpansion/MakingHistory/Spaces/Mk2Pod/Mk2Pod_Internal/MK2POD_IVA
[LOG 14:12:36.459] Config(Contracts) SquadExpansion/Serenity/Contracts/contracts/Contracts
[LOG 14:12:36.459] Config(EXPERIENCE_TRAIT) SquadExpansion/Serenity/Experience/Traits/Engineer
[LOG 14:12:36.459] Config(EXPERIENCE_TRAIT) SquadExpansion/Serenity/Experience/Traits/Scientist
[LOG 14:12:36.459] Config(Localization) SquadExpansion/Serenity/Localization/dictionary/Localization
[LOG 14:12:36.459] Config(PART) SquadExpansion/Serenity/Parts/Aero/FanShroud_01/FanShroud_01
[LOG 14:12:36.459] Config(PART) SquadExpansion/Serenity/Parts/Aero/FanShroud_02/FanShroud_02
[LOG 14:12:36.459] Config(PART) SquadExpansion/Serenity/Parts/Aero/FanShroud_03/FanShroud_03
[LOG 14:12:36.459] Config(PART) SquadExpansion/Serenity/Parts/Aero/noseconeTiny/noseconeTiny
[LOG 14:12:36.459] Config(PART) SquadExpansion/Serenity/Parts/Aero/noseconeVS/noseconeVS
[LOG 14:12:36.459] Config(PART) SquadExpansion/Serenity/Parts/DeployedScience/centralStation/DeployedCentralStation
[LOG 14:12:36.459] Config(PART) SquadExpansion/Serenity/Parts/DeployedScience/gooObservation/DeployedGoExOb
[LOG 14:12:36.460] Config(PART) SquadExpansion/Serenity/Parts/DeployedScience/ionCollector/DeployedIONExp
[LOG 14:12:36.460] Config(PART) SquadExpansion/Serenity/Parts/DeployedScience/rtg/DeployedRTG
[LOG 14:12:36.460] Config(PART) SquadExpansion/Serenity/Parts/DeployedScience/satDish/DeployedSatDish
[LOG 14:12:36.460] Config(PART) SquadExpansion/Serenity/Parts/DeployedScience/seismicSensor/DeployedSeismicSensor
[LOG 14:12:36.460] Config(PART) SquadExpansion/Serenity/Parts/DeployedScience/solarPanel/DeployedSolarPanel
[LOG 14:12:36.460] Config(PART) SquadExpansion/Serenity/Parts/DeployedScience/weatherStation/DeployedWeatherStn
[LOG 14:12:36.460] Config(PART) SquadExpansion/Serenity/Parts/Prebuilt/kerbalEVA/kerbalEVA
[LOG 14:12:36.460] Config(PART) SquadExpansion/Serenity/Parts/Prebuilt/kerbalEVAfemale/kerbalEVAfemale
[LOG 14:12:36.460] Config(PART) SquadExpansion/Serenity/Parts/Prebuilt/kerbalEVAfemaleFuture/kerbalEVAfemaleFuture
[LOG 14:12:36.460] Config(PART) SquadExpansion/Serenity/Parts/Prebuilt/kerbalEVAfemaleVintage/kerbalEVAfemaleVintage
[LOG 14:12:36.460] Config(PART) SquadExpansion/Serenity/Parts/Prebuilt/kerbalEVAFuture/kerbalEVAFuture
[LOG 14:12:36.460] Config(PART) SquadExpansion/Serenity/Parts/Prebuilt/kerbalEVASlimSuit/kerbalEVASlimSuit
[LOG 14:12:36.460] Config(PART) SquadExpansion/Serenity/Parts/Prebuilt/kerbalEVASlimSuitFemale/kerbalEVASlimSuitFemale
[LOG 14:12:36.460] Config(PART) SquadExpansion/Serenity/Parts/Prebuilt/kerbalEVAVintage/kerbalEVAVintage
[LOG 14:12:36.460] Config(PART) SquadExpansion/Serenity/Parts/Propellers/largeFanBlade/largeFanBlade
[LOG 14:12:36.460] Config(PART) SquadExpansion/Serenity/Parts/Propellers/largeHeliBlade/largeHeliBlade
[LOG 14:12:36.460] Config(PART) SquadExpansion/Serenity/Parts/Propellers/largePropeller/largePropeller
[LOG 14:12:36.460] Config(PART) SquadExpansion/Serenity/Parts/Propellers/mediumFanBlade/mediumFanBlade
[LOG 14:12:36.460] Config(PART) SquadExpansion/Serenity/Parts/Propellers/mediumHeliBlade/mediumHeliBlade
[LOG 14:12:36.460] Config(PART) SquadExpansion/Serenity/Parts/Propellers/mediumPropeller/mediumPropeller
[LOG 14:12:36.460] Config(PART) SquadExpansion/Serenity/Parts/Propellers/smallFanBlade/smallFanBlade
[LOG 14:12:36.460] Config(PART) SquadExpansion/Serenity/Parts/Propellers/smallHeliBlade/smallHeliBlade
[LOG 14:12:36.460] Config(PART) SquadExpansion/Serenity/Parts/Propellers/smallPropeller/smallPropeller
[LOG 14:12:36.460] Config(PART) SquadExpansion/Serenity/Parts/Robotics/hinge_01/hinge_01
[LOG 14:12:36.460] Config(PART) SquadExpansion/Serenity/Parts/Robotics/hinge_01_s/hinge_01_s
[LOG 14:12:36.460] Config(PART) SquadExpansion/Serenity/Parts/Robotics/hinge_03/hinge_03
[LOG 14:12:36.460] Config(PART) SquadExpansion/Serenity/Parts/Robotics/hinge_03_s/hinge_03_s
[LOG 14:12:36.460] Config(PART) SquadExpansion/Serenity/Parts/Robotics/hinge_04/hinge_04
[LOG 14:12:36.461] Config(PART) SquadExpansion/Serenity/Parts/Robotics/piston_01/piston_01
[LOG 14:12:36.461] Config(PART) SquadExpansion/Serenity/Parts/Robotics/piston_02/piston_02
[LOG 14:12:36.461] Config(PART) SquadExpansion/Serenity/Parts/Robotics/piston_03/piston_03
[LOG 14:12:36.461] Config(PART) SquadExpansion/Serenity/Parts/Robotics/piston_04/piston_04
[LOG 14:12:36.461] Config(PART) SquadExpansion/Serenity/Parts/Robotics/RotorEngine_02/RotorEngine_02
[LOG 14:12:36.461] Config(PART) SquadExpansion/Serenity/Parts/Robotics/RotorEngine_03/RotorEngine_03
[LOG 14:12:36.461] Config(PART) SquadExpansion/Serenity/Parts/Robotics/rotor_01/rotor_01
[LOG 14:12:36.461] Config(PART) SquadExpansion/Serenity/Parts/Robotics/rotor_01s/rotor_01s
[LOG 14:12:36.461] Config(PART) SquadExpansion/Serenity/Parts/Robotics/rotor_02/rotor_02
[LOG 14:12:36.461] Config(PART) SquadExpansion/Serenity/Parts/Robotics/rotor_02s/rotor_02s
[LOG 14:12:36.461] Config(PART) SquadExpansion/Serenity/Parts/Robotics/rotor_03/rotor_03
[LOG 14:12:36.461] Config(PART) SquadExpansion/Serenity/Parts/Robotics/rotor_03s/rotor_03s
[LOG 14:12:36.461] Config(PART) SquadExpansion/Serenity/Parts/Robotics/rotoServo_00/rotoServo_00
[LOG 14:12:36.461] Config(PART) SquadExpansion/Serenity/Parts/Robotics/rotoServo_02/rotoServo_02
[LOG 14:12:36.461] Config(PART) SquadExpansion/Serenity/Parts/Robotics/rotoServo_03/rotoServo_03
[LOG 14:12:36.461] Config(PART) SquadExpansion/Serenity/Parts/Robotics/rotoServo_04/rotoServo_04
[LOG 14:12:36.461] Config(PART) SquadExpansion/Serenity/Parts/Robotics/Controllers/KAL1000/controller1000
[LOG 14:12:36.461] Config(PART) SquadExpansion/Serenity/Parts/Science/RobotArmScanner/RobotArmScanner_S1/RobotArmScanner_S1
[LOG 14:12:36.461] Config(PART) SquadExpansion/Serenity/Parts/Science/RobotArmScanner/RobotArmScanner_S2/RobotArmScanner_S2
[LOG 14:12:36.461] Config(PART) SquadExpansion/Serenity/Parts/Science/RobotArmScanner/RobotArmScanner_S3/RobotArmScanner_S3
[LOG 14:12:36.461] Config(PART) SquadExpansion/Serenity/Parts/Structural/gripPads/lGripPad/lGripPad
[LOG 14:12:36.461] Config(PART) SquadExpansion/Serenity/Parts/Structural/gripPads/lGripStrip/lGripStrip
[LOG 14:12:36.461] Config(PART) SquadExpansion/Serenity/Parts/Structural/gripPads/mGripPad/mGripPad
[LOG 14:12:36.461] Config(PART) SquadExpansion/Serenity/Parts/Structural/gripPads/sGripPad/sGripPad
[LOG 14:12:36.461] Config(PART) SquadExpansion/Serenity/Parts/Structural/gripPads/sGripStrip/sGripStrip
[LOG 14:12:36.462] Config(DEPLOYEDSCIENCE) SquadExpansion/Serenity/Resources/DeployedScience/DEPLOYEDSCIENCE
[LOG 14:12:36.462] Config(PHYSICMATERIAL_DEFINITION) SquadExpansion/Serenity/Resources/PhysicsMaterials/MediumGrip
[LOG 14:12:36.462] Config(PHYSICMATERIAL_DEFINITION) SquadExpansion/Serenity/Resources/PhysicsMaterials/HighGrip
[LOG 14:12:36.462] Config(PHYSICMATERIAL_DEFINITION) SquadExpansion/Serenity/Resources/PhysicsMaterials/ExtremeGrip
[LOG 14:12:36.462] Config(PHYSICMATERIAL_DEFINITION) SquadExpansion/Serenity/Resources/PhysicsMaterials/LowGrip
[LOG 14:12:36.462] Config(PHYSICMATERIAL_DEFINITION) SquadExpansion/Serenity/Resources/PhysicsMaterials/Default
[LOG 14:12:36.462] Config(ROC_DEFINITION) SquadExpansion/Serenity/Resources/rocsdef/ROC_DEFINITION
[LOG 14:12:36.462] Config(ROC_DEFINITION) SquadExpansion/Serenity/Resources/rocsdef/ROC_DEFINITION
[LOG 14:12:36.462] Config(ROC_DEFINITION) SquadExpansion/Serenity/Resources/rocsdef/ROC_DEFINITION
[LOG 14:12:36.462] Config(ROC_DEFINITION) SquadExpansion/Serenity/Resources/rocsdef/ROC_DEFINITION
[LOG 14:12:36.462] Config(ROC_DEFINITION) SquadExpansion/Serenity/Resources/rocsdef/ROC_DEFINITION
[LOG 14:12:36.462] Config(ROC_DEFINITION) SquadExpansion/Serenity/Resources/rocsdef/ROC_DEFINITION
[LOG 14:12:36.462] Config(ROC_DEFINITION) SquadExpansion/Serenity/Resources/rocsdef/ROC_DEFINITION
[LOG 14:12:36.462] Config(ROC_DEFINITION) SquadExpansion/Serenity/Resources/rocsdef/ROC_DEFINITION
[LOG 14:12:36.462] Config(ROC_DEFINITION) SquadExpansion/Serenity/Resources/rocsdef/ROC_DEFINITION
[LOG 14:12:36.462] Config(ROC_DEFINITION) SquadExpansion/Serenity/Resources/rocsdef/ROC_DEFINITION
[LOG 14:12:36.462] Config(ROC_DEFINITION) SquadExpansion/Serenity/Resources/rocsdef/ROC_DEFINITION
[LOG 14:12:36.462] Config(ROC_DEFINITION) SquadExpansion/Serenity/Resources/rocsdef/ROC_DEFINITION
[LOG 14:12:36.462] Config(ROC_DEFINITION) SquadExpansion/Serenity/Resources/rocsdef/ROC_DEFINITION
[LOG 14:12:36.462] Config(ROC_DEFINITION) SquadExpansion/Serenity/Resources/rocsdef/ROC_DEFINITION
[LOG 14:12:36.462] Config(ROC_DEFINITION) SquadExpansion/Serenity/Resources/rocsdef/ROC_DEFINITION
[LOG 14:12:36.462] Config(ROC_DEFINITION) SquadExpansion/Serenity/Resources/rocsdef/ROC_DEFINITION
[LOG 14:12:36.462] Config(ROC_DEFINITION) SquadExpansion/Serenity/Resources/rocsdef/ROC_DEFINITION
[LOG 14:12:36.462] Config(ROC_DEFINITION) SquadExpansion/Serenity/Resources/rocsdef/ROC_DEFINITION
[LOG 14:12:36.462] Config(ROC_DEFINITION) SquadExpansion/Serenity/Resources/rocsdef/ROC_DEFINITION
[LOG 14:12:36.462] Config(ROC_DEFINITION) SquadExpansion/Serenity/Resources/rocsdef/ROC_DEFINITION
[LOG 14:12:36.462] Config(ROC_DEFINITION) SquadExpansion/Serenity/Resources/rocsdef/ROC_DEFINITION
[LOG 14:12:36.463] Config(ROC_DEFINITION) SquadExpansion/Serenity/Resources/rocsdef/ROC_DEFINITION
[LOG 14:12:36.463] Config(ROC_DEFINITION) SquadExpansion/Serenity/Resources/rocsdef/ROC_DEFINITION
[LOG 14:12:36.463] Config(ROC_DEFINITION) SquadExpansion/Serenity/Resources/rocsdef/ROC_DEFINITION
[LOG 14:12:36.463] Config(ROC_DEFINITION) SquadExpansion/Serenity/Resources/rocsdef/ROC_DEFINITION
[LOG 14:12:36.463] Config(ROC_DEFINITION) SquadExpansion/Serenity/Resources/rocsdef/ROC_DEFINITION
[LOG 14:12:36.463] Config(ROC_DEFINITION) SquadExpansion/Serenity/Resources/rocsdef/ROC_DEFINITION
[LOG 14:12:36.463] Config(ROC_DEFINITION) SquadExpansion/Serenity/Resources/rocsdef/ROC_DEFINITION
[LOG 14:12:36.463] Config(ROC_DEFINITION) SquadExpansion/Serenity/Resources/rocsdef/ROC_DEFINITION
[LOG 14:12:36.463] Config(ROC_DEFINITION) SquadExpansion/Serenity/Resources/rocsdef/ROC_DEFINITION
[LOG 14:12:36.463] Config(ROC_DEFINITION) SquadExpansion/Serenity/Resources/rocsdef/ROC_DEFINITION
[LOG 14:12:36.463] Config(ROC_DEFINITION) SquadExpansion/Serenity/Resources/rocsdef/ROC_DEFINITION
[LOG 14:12:36.463] Config(ROC_DEFINITION) SquadExpansion/Serenity/Resources/rocsdef/ROC_DEFINITION
[LOG 14:12:36.463] Config(ROC_DEFINITION) SquadExpansion/Serenity/Resources/rocsdef/ROC_DEFINITION
[LOG 14:12:36.463] Config(EXPERIMENT_DEFINITION) SquadExpansion/Serenity/Resources/ScienceDefs/EXPERIMENT_DEFINITION
[LOG 14:12:36.463] Config(EXPERIMENT_DEFINITION) SquadExpansion/Serenity/Resources/ScienceDefs/EXPERIMENT_DEFINITION
[LOG 14:12:36.463] Config(EXPERIMENT_DEFINITION) SquadExpansion/Serenity/Resources/ScienceDefs/EXPERIMENT_DEFINITION
[LOG 14:12:36.463] Config(EXPERIMENT_DEFINITION) SquadExpansion/Serenity/Resources/ScienceDefs/EXPERIMENT_DEFINITION
[LOG 14:12:36.463] Config(EXPERIMENT_DEFINITION) SquadExpansion/Serenity/Resources/ScienceDefs/EXPERIMENT_DEFINITION
[LOG 14:12:36.463] Config(EXPERIMENT_DEFINITION) SquadExpansion/Serenity/Resources/ScienceDefs/EXPERIMENT_DEFINITION
[LOG 14:12:36.463] Config(EXPERIMENT_DEFINITION) SquadExpansion/Serenity/Resources/ScienceDefs/EXPERIMENT_DEFINITION
[LOG 14:12:36.463] Config(EXPERIMENT_DEFINITION) SquadExpansion/Serenity/Resources/ScienceDefs/EXPERIMENT_DEFINITION
[LOG 14:12:36.463] Config(EXPERIMENT_DEFINITION) SquadExpansion/Serenity/Resources/ScienceDefs/EXPERIMENT_DEFINITION
[LOG 14:12:36.463] Config(EXPERIMENT_DEFINITION) SquadExpansion/Serenity/Resources/ScienceDefs/EXPERIMENT_DEFINITION
[LOG 14:12:36.463] Config(EXPERIMENT_DEFINITION) SquadExpansion/Serenity/Resources/ScienceDefs/EXPERIMENT_DEFINITION
[LOG 14:12:36.463] Config(EXPERIMENT_DEFINITION) SquadExpansion/Serenity/Resources/ScienceDefs/EXPERIMENT_DEFINITION
[LOG 14:12:36.463] Config(EXPERIMENT_DEFINITION) SquadExpansion/Serenity/Resources/ScienceDefs/EXPERIMENT_DEFINITION
[LOG 14:12:36.463] Config(EXPERIMENT_DEFINITION) SquadExpansion/Serenity/Resources/ScienceDefs/EXPERIMENT_DEFINITION
[LOG 14:12:36.463] Config(EXPERIMENT_DEFINITION) SquadExpansion/Serenity/Resources/ScienceDefs/EXPERIMENT_DEFINITION
[LOG 14:12:36.463] Config(EXPERIMENT_DEFINITION) SquadExpansion/Serenity/Resources/ScienceDefs/EXPERIMENT_DEFINITION
[LOG 14:12:36.464] Config(EXPERIMENT_DEFINITION) SquadExpansion/Serenity/Resources/ScienceDefs/EXPERIMENT_DEFINITION
[LOG 14:12:36.464] Config(EXPERIMENT_DEFINITION) SquadExpansion/Serenity/Resources/ScienceDefs/EXPERIMENT_DEFINITION
[LOG 14:12:36.464] Config(EXPERIMENT_DEFINITION) SquadExpansion/Serenity/Resources/ScienceDefs/EXPERIMENT_DEFINITION
[LOG 14:12:36.464] Config(EXPERIMENT_DEFINITION) SquadExpansion/Serenity/Resources/ScienceDefs/EXPERIMENT_DEFINITION
[LOG 14:12:36.464] Config(EXPERIMENT_DEFINITION) SquadExpansion/Serenity/Resources/ScienceDefs/EXPERIMENT_DEFINITION
[LOG 14:12:36.464] Config(EXPERIMENT_DEFINITION) SquadExpansion/Serenity/Resources/ScienceDefs/EXPERIMENT_DEFINITION
[LOG 14:12:36.464] Config(EXPERIMENT_DEFINITION) SquadExpansion/Serenity/Resources/ScienceDefs/EXPERIMENT_DEFINITION
[LOG 14:12:36.464] Config(EXPERIMENT_DEFINITION) SquadExpansion/Serenity/Resources/ScienceDefs/EXPERIMENT_DEFINITION
[LOG 14:12:36.464] Config(EXPERIMENT_DEFINITION) SquadExpansion/Serenity/Resources/ScienceDefs/EXPERIMENT_DEFINITION
[LOG 14:12:36.464] Config(EXPERIMENT_DEFINITION) SquadExpansion/Serenity/Resources/ScienceDefs/EXPERIMENT_DEFINITION
[LOG 14:12:36.464] Config(EXPERIMENT_DEFINITION) SquadExpansion/Serenity/Resources/ScienceDefs/EXPERIMENT_DEFINITION
[LOG 14:12:36.464] Config(EXPERIMENT_DEFINITION) SquadExpansion/Serenity/Resources/ScienceDefs/EXPERIMENT_DEFINITION
[LOG 14:12:36.464] Config(EXPERIMENT_DEFINITION) SquadExpansion/Serenity/Resources/ScienceDefs/EXPERIMENT_DEFINITION
[LOG 14:12:36.464] Config(EXPERIMENT_DEFINITION) SquadExpansion/Serenity/Resources/ScienceDefs/EXPERIMENT_DEFINITION
[LOG 14:12:36.464] Config(EXPERIMENT_DEFINITION) SquadExpansion/Serenity/Resources/ScienceDefs/EXPERIMENT_DEFINITION
[LOG 14:12:36.464] Config(EXPERIMENT_DEFINITION) SquadExpansion/Serenity/Resources/ScienceDefs/EXPERIMENT_DEFINITION
[LOG 14:12:36.464] Config(EXPERIMENT_DEFINITION) SquadExpansion/Serenity/Resources/ScienceDefs/EXPERIMENT_DEFINITION
[LOG 14:12:36.464] Config(EXPERIMENT_DEFINITION) SquadExpansion/Serenity/Resources/ScienceDefs/EXPERIMENT_DEFINITION
[LOG 14:12:36.464] Config(EXPERIMENT_DEFINITION) SquadExpansion/Serenity/Resources/ScienceDefs/EXPERIMENT_DEFINITION
[LOG 14:12:36.464] Config(EXPERIMENT_DEFINITION) SquadExpansion/Serenity/Resources/ScienceDefs/EXPERIMENT_DEFINITION
[LOG 14:12:36.464] Config(EXPERIMENT_DEFINITION) SquadExpansion/Serenity/Resources/ScienceDefs/EXPERIMENT_DEFINITION
[LOG 14:12:36.464] Config(EXPERIMENT_DEFINITION) SquadExpansion/Serenity/Resources/ScienceDefs/EXPERIMENT_DEFINITION
[LOG 14:12:36.464] Config(STORY_DEF) SquadExpansion/Serenity/Resources/StoryDefs/STORY_DEF
[LOG 14:12:36.464] Compiling Configs Completed.
[LOG 14:12:36.467] Resource LiquidFuel added to database
[LOG 14:12:36.467] Resource Oxidizer added to database
[LOG 14:12:36.467] Resource SolidFuel added to database
[LOG 14:12:36.467] Resource MonoPropellant added to database
[LOG 14:12:36.468] Resource XenonGas added to database
[LOG 14:12:36.468] Resource ElectricCharge added to database
[LOG 14:12:36.468] Resource IntakeAir added to database
[LOG 14:12:36.468] Resource EVA Propellant added to database
[LOG 14:12:36.468] Resource Ore added to database
[LOG 14:12:36.468] Resource Ablator added to database
[LOG 14:12:36.469] Resource MediumGrip added to database
[LOG 14:12:36.469] Resource HighGrip added to database
[LOG 14:12:36.469] Resource ExtremeGrip added to database
[LOG 14:12:36.469] Resource LowGrip added to database
[LOG 14:12:36.469] Resource Default added to database
[LOG 14:12:36.470] CodeAssetLoader: Compiling all code assets
[LOG 14:12:36.478] ExperienceSystemConfig: Added Effect 'DeployedSciencePowerSkill' to Trait 'Ingénieur'
[LOG 14:12:36.478] ExperienceSystemConfig: Added Effect 'DeployedScienceExpSkill' to Trait 'Scientifique'
[LOG 14:12:36.487] ConfigNode[]
[LOG 14:12:36.488] GameDatabase: Assets loaded in 7.900s
[LOG 14:12:36.599] [Kopernicus] Loaded 'D:/KSP-RSS-Dev/KSP_x64_Data/../GameData/RealSolarSystem\RSSKopernicus\Cache\Ariel.bin'
[LOG 14:12:36.619] [Kopernicus] Loaded 'D:/KSP-RSS-Dev/KSP_x64_Data/../GameData/RealSolarSystem\RSSKopernicus\Cache\Callisto.bin'
[LOG 14:12:36.638] [Kopernicus] Loaded 'D:/KSP-RSS-Dev/KSP_x64_Data/../GameData/RealSolarSystem\RSSKopernicus\Cache\Ceres.bin'
[LOG 14:12:36.665] [Kopernicus] Loaded 'D:/KSP-RSS-Dev/KSP_x64_Data/../GameData/RealSolarSystem\RSSKopernicus\Cache\Charon.bin'
[LOG 14:12:36.679] [Kopernicus] Loaded 'D:/KSP-RSS-Dev/KSP_x64_Data/../GameData/RealSolarSystem\RSSKopernicus\Cache\Deimos.bin'
[LOG 14:12:36.694] [Kopernicus] Loaded 'D:/KSP-RSS-Dev/KSP_x64_Data/../GameData/RealSolarSystem\RSSKopernicus\Cache\Dione.bin'
[LOG 14:12:36.708] [Kopernicus] Loaded 'D:/KSP-RSS-Dev/KSP_x64_Data/../GameData/RealSolarSystem\RSSKopernicus\Cache\Earth.bin'
[LOG 14:12:36.722] [Kopernicus] Loaded 'D:/KSP-RSS-Dev/KSP_x64_Data/../GameData/RealSolarSystem\RSSKopernicus\Cache\Enceladus.bin'
[LOG 14:12:36.736] [Kopernicus] Loaded 'D:/KSP-RSS-Dev/KSP_x64_Data/../GameData/RealSolarSystem\RSSKopernicus\Cache\Europa.bin'
[LOG 14:12:36.751] [Kopernicus] Loaded 'D:/KSP-RSS-Dev/KSP_x64_Data/../GameData/RealSolarSystem\RSSKopernicus\Cache\Ganymede.bin'
[LOG 14:12:36.765] [Kopernicus] Loaded 'D:/KSP-RSS-Dev/KSP_x64_Data/../GameData/RealSolarSystem\RSSKopernicus\Cache\Iapetus.bin'
[LOG 14:12:36.780] [Kopernicus] Loaded 'D:/KSP-RSS-Dev/KSP_x64_Data/../GameData/RealSolarSystem\RSSKopernicus\Cache\Io.bin'
[LOG 14:12:36.794] [Kopernicus] Loaded 'D:/KSP-RSS-Dev/KSP_x64_Data/../GameData/RealSolarSystem\RSSKopernicus\Cache\JupiterOblate.bin'
[LOG 14:12:36.808] [Kopernicus] Loaded 'D:/KSP-RSS-Dev/KSP_x64_Data/../GameData/RealSolarSystem\RSSKopernicus\Cache\Mars.bin'
[LOG 14:12:36.822] [Kopernicus] Loaded 'D:/KSP-RSS-Dev/KSP_x64_Data/../GameData/RealSolarSystem\RSSKopernicus\Cache\Mercury.bin'
[LOG 14:12:36.837] [Kopernicus] Loaded 'D:/KSP-RSS-Dev/KSP_x64_Data/../GameData/RealSolarSystem\RSSKopernicus\Cache\Mimas.bin'
[LOG 14:12:36.853] [Kopernicus] Loaded 'D:/KSP-RSS-Dev/KSP_x64_Data/../GameData/RealSolarSystem\RSSKopernicus\Cache\Miranda.bin'
[LOG 14:12:36.868] [Kopernicus] Loaded 'D:/KSP-RSS-Dev/KSP_x64_Data/../GameData/RealSolarSystem\RSSKopernicus\Cache\Moon.bin'
[LOG 14:12:36.883] [Kopernicus] Loaded 'D:/KSP-RSS-Dev/KSP_x64_Data/../GameData/RealSolarSystem\RSSKopernicus\Cache\NeptuneOblate.bin'
[LOG 14:12:36.898] [Kopernicus] Loaded 'D:/KSP-RSS-Dev/KSP_x64_Data/../GameData/RealSolarSystem\RSSKopernicus\Cache\Oberon.bin'
[LOG 14:12:36.912] [Kopernicus] Loaded 'D:/KSP-RSS-Dev/KSP_x64_Data/../GameData/RealSolarSystem\RSSKopernicus\Cache\Phobos.bin'
[LOG 14:12:36.927] [Kopernicus] Loaded 'D:/KSP-RSS-Dev/KSP_x64_Data/../GameData/RealSolarSystem\RSSKopernicus\Cache\Pluto.bin'
[LOG 14:12:36.942] [Kopernicus] Loaded 'D:/KSP-RSS-Dev/KSP_x64_Data/../GameData/RealSolarSystem\RSSKopernicus\Cache\Rhea.bin'
[LOG 14:12:36.956] [Kopernicus] Loaded 'D:/KSP-RSS-Dev/KSP_x64_Data/../GameData/RealSolarSystem\RSSKopernicus\Cache\SaturnOblate.bin'
[LOG 14:12:36.971] [Kopernicus] Loaded 'D:/KSP-RSS-Dev/KSP_x64_Data/../GameData/RealSolarSystem\RSSKopernicus\Cache\Sun.bin'
[LOG 14:12:36.986] [Kopernicus] Loaded 'D:/KSP-RSS-Dev/KSP_x64_Data/../GameData/RealSolarSystem\RSSKopernicus\Cache\Tethys.bin'
[LOG 14:12:36.999] [Kopernicus] Loaded 'D:/KSP-RSS-Dev/KSP_x64_Data/../GameData/RealSolarSystem\RSSKopernicus\Cache\Titan.bin'
[LOG 14:12:37.014] [Kopernicus] Loaded 'D:/KSP-RSS-Dev/KSP_x64_Data/../GameData/RealSolarSystem\RSSKopernicus\Cache\Titania.bin'
[LOG 14:12:37.028] [Kopernicus] Loaded 'D:/KSP-RSS-Dev/KSP_x64_Data/../GameData/RealSolarSystem\RSSKopernicus\Cache\Triton.bin'
[LOG 14:12:37.043] [Kopernicus] Loaded 'D:/KSP-RSS-Dev/KSP_x64_Data/../GameData/RealSolarSystem\RSSKopernicus\Cache\Umbriel.bin'
[LOG 14:12:37.057] [Kopernicus] Loaded 'D:/KSP-RSS-Dev/KSP_x64_Data/../GameData/RealSolarSystem\RSSKopernicus\Cache\UranusOblate.bin'
[LOG 14:12:37.072] [Kopernicus] Loaded 'D:/KSP-RSS-Dev/KSP_x64_Data/../GameData/RealSolarSystem\RSSKopernicus\Cache\Venus.bin'
[LOG 14:12:37.086] [Kopernicus] Loaded 'D:/KSP-RSS-Dev/KSP_x64_Data/../GameData/RealSolarSystem\RSSKopernicus\Cache\Vesta.bin'
[LOG 14:12:37.089] [ModuleManager] Waited 0.000s for patching to finish
[LOG 14:12:37.089] [ModuleManager] Applying patched game database
[LOG 14:12:37.091] [ModuleManager] Dumping ModuleManager log to main log
[LOG 14:12:37.093] [ModuleManager] 
#### BEGIN MODULEMANAGER LOG ####


[LOG 14:12:29.926] Log started at 2026-09-25 14:12:29.926
[LOG 14:12:32.319] Checking Cache
[LOG 14:12:32.712] SHA generated in 0.390s
[LOG 14:12:32.712]       SHA = 90-AE-5B-78-A6-15-85-D5-32-AF-16-35-BC-88-D5-C1-94-73-82-00-2C-7B-46-51-AB-1E-E6-DD-1C-09-52-F9
[LOG 14:12:32.728] Changes :
Changed : Kopernicus/Config/Kopernicus_Config.cfg.cfg

[LOG 14:12:32.728] Cache SHA = E1-77-2E-7B-4E-6C-40-1E-88-DE-69-EE-99-5B-55-34-23-0E-C5-42-E7-28-48-6B-2B-3B-BD-A4-A3-27-62-43
[LOG 14:12:32.728] useCache = False
[LOG 14:12:32.729] Pre patch init
[LOG 14:12:32.976] compiling list of loaded mods...
Mod DLLs found:
  Name                                    Assembly Version         Assembly File Version    KSPAssembly Version      SHA256

  Assembly-CSharp                         0.0.0.0                  0.0.0.0                  1.12                     d9e42483f25ee80a9c11d6c1c0a0d29b4ec78c1e08d76c971b71580c9cce51e4
  ModuleManager                           4.2.3.0                  4.2.3.0                  2.5                      95847827ab293b9e82a19b7efb97ffea3e98cc03b181862536ac8eb572e30d7d
  0Harmony                                2.2.1.0                  2.2.1.0                                           19ce60ac3280f72ec1751d36a40cb7e2fece2934df8345969dc7feb83bd633e4
  HarmonyInstallChecker                   2.2.1.0                  2.2.1.0                  1.0                      f11e659e91a52c21c5bda78e52b82a7bdc246bcab6a999733af3c69a11a9dc0e
  Kopernicus.Parser                       1.0.0.0                  1.0.0.0                  1.0                      0c97222328b6bacfb05e292c502d509ce7509373e7f8d5c2c187ff9ea88e0ecc
  ModularFlightIntegrator                 1.0.0.0                  1.2.10.0                 1.0                      280b6a7b2452673697a8a54b8b449730d7f9344fd05e81ce72f97f48b35d91d9
  SharpDX                                 4.2.0.0                  4.2.0                                             a0af255ea4b09a8cdb995b8c6fd1075e46f098e23c2351c974e6ded9b8b620cf
  SharpDX.DXGI                            4.2.0.0                  4.2.0                                             bc0243134c93c55ea105d0e9c2a43b6030e973290d0a061cf3a61986a2268a88
  SharpDX.Direct3D11                      4.2.0.0                  4.2.0                                             56f525e33494f4cd2a560a71cdf237303a3fb54a8fa44e1693eba35c9245c60a
  KSPTextureLoader                        1.0.36.0                 1.0.36.0                 1.0                      41bc1ea347d9db76f87c8665b0a8625644525d3d9865b2e9d8b4613fb5509cd3
  Kopernicus                              1.0.248.0                1.12.248.0               1.0                      66a354e560a6214d4b98b4592e0951a0a46ca8aa083179ec8c10b9a2ec9b51ac
  0_MultipleModuleInPartAPI               1.0.0.0                  1.0.0.0                  1.0                      df4a22fb0535de7fa154ca234b50dd7c2fc6be879e4a877d9bad1f87bafafcbf
  KSPCommunityFixes                       1.41.0.0                 1.41.1.0                 1.41                     e08ebbec7ab34f4f7ff56d6e900051bb0d259a4bc092881d7db3ca2f9f2e9a11
  KSPTextureLoader.Burst                  0.0.0.0                  0.0.0.0                                           a9bb1db8a9934288ef80e627c53a283692757c2d992eceb15d988170d95fd6c1
  RealSolarSystem                         20.1.3.0                 20.1.3.0                                          60c5f484d41993fc803fa76de9008d2756636ec3e02a2a6f50445b1c7b7f0eb5
  TerrainPrecisionFixDiagMod              1.0.9764.24952           1.0.9764.24952                                    84b1bd881502e7f17ea2cf8e684157a4c983068f9498b71359b1aad42ff0b762
  WorldStabilizer                         1.0.0.0                  1.0.0.0                                           bc6d6bbd77eecfe19a124241e504f67f99ded85d9524f0c0cf805311297de843
Non-DLL mods added (:FOR[xxx]):
  Kopernicus_Version
  RationalResourcesAU
Mods by directory (sub directories of GameData):
  000_Harmony
  RSS-Textures
  Squad
  SquadExpansion
  VGPEOff
Mods added by assemblies:

[LOG 14:12:32.977] Loading Physics.cfg
[LOG 14:12:32.982] Extracting patches
[LOG 14:12:32.994] Deleting root node in file Kopernicus/Config/SolarPanels node: @PART:HAS[@MODULE[ModuleCurvedSolarPanel],#__kop_star_count[>1]]:NEEDS[!RealismOverhaul,!Kerbalism,NearFutureSolar]:LAST[KOP_MULTI_STAR] as it can't satisfy its NEEDS
[LOG 14:12:32.994] Deleting root node in file Kopernicus/Config/SolarPanels node: @PART:HAS[@MODULE[SSTUSolarPanelStatic],#__kop_star_count[>1]]:NEEDS[!RealismOverhaul,!Kerbalism,SSTU]:LAST[KOP_MULTI_STAR] as it can't satisfy its NEEDS
[LOG 14:12:32.994] Deleting root node in file Kopernicus/Config/SolarPanels node: @PART:HAS[@MODULE[SSTUSolarPanelDeployable],#__kop_star_count[>1]]:NEEDS[!RealismOverhaul,!Kerbalism,SSTU]:LAST[KOP_MULTI_STAR] as it can't satisfy its NEEDS
[LOG 14:12:32.994] Deleting root node in file Kopernicus/Config/SolarPanels node: @PART:HAS[@MODULE:[SSTUModularPart],!#currentSolar[Solar-None],#__kop_star_count[>1]]:NEEDS[!RealismOverhaul,!Kerbalism,SSTU]:LAST[KOP_MULTI_STAR] as it can't satisfy its NEEDS
[LOG 14:12:32.994] Deleting root node in file Kopernicus/Config/SolarPanels node: @PART:HAS[@MODULE[ModuleROSolar],#__kop_star_count[>1]]:NEEDS[!Kerbalism,RealismOverhaul]:LAST[KOP_MULTI_STAR] as it can't satisfy its NEEDS
[LOG 14:12:32.994] Deleting root node in file Kopernicus/Config/SolarPanels node: @PART:HAS[@MODULE[USSolarSwitch],#__kop_star_count[>1]]:NEEDS[!Kerbalism,UniversalStorage2]:LAST[KOP_MULTI_STAR] as it can't satisfy its NEEDS
[LOG 14:12:32.995] Deleting root node in file KSPCommunityFixes/MMPatches/ModSupport/FixDockingNodes node: @PART[*]:HAS[@MODULE[ModuleDockingNodeFixed]]:NEEDS[FixDockingNodes]:FINAL as it can't satisfy its NEEDS
[LOG 14:12:32.996] Deleting root node in file KSPCommunityFixes/MMPatches/ModSupport/KSPRecall node: @KSP_COMMUNITY_FIXES:NEEDS[AttachedOnEditor] as it can't satisfy its NEEDS
[LOG 14:12:32.996] Deleting root node in file KSPCommunityFixes/MMPatches/ModSupport/UniversalStorage node: @KSP_COMMUNITY_FIXES:NEEDS[UniversalStorage2] as it can't satisfy its NEEDS
[LOG 14:12:32.996] Deleting root node in file RealSolarSystem/KerbalWind node: @KERBAL_WIND:FOR[RealSolarSystem]:NEEDS[KerbalWind] as it can't satisfy its NEEDS
[LOG 14:12:32.999] Deleting root node in file RealSolarSystem/Compatibility/CustomAsteroids node: @Kopernicus:AFTER[RealSolarSystem]:NEEDS[CustomAsteroids] as it can't satisfy its NEEDS
[LOG 14:12:33.000] Deleting root node in file RealSolarSystem/Compatibility/Parallax/Parallax node: @Parallax:FOR[RealSolarSystem]:NEEDS[Parallax,Parallax_StockTextures] as it can't satisfy its NEEDS
[LOG 14:12:33.000] Deleting root node in file RealSolarSystem/Compatibility/Parallax/Parallax node: @Kopernicus:AFTER[RealSolarSystem]:NEEDS[Parallax,Parallax_StockTextures] as it can't satisfy its NEEDS
[LOG 14:12:33.010] Deleting value in file RealSolarSystem/RSSKopernicus/Neptune/Triton_Rotation value: @Kopernicus:FOR[RealSolarSystem]/@Body[Triton]/@Properties/@rotationPeriod:NEEDS[Principia] as it can't satisfy its NEEDS
[LOG 14:12:33.145] Applying patches
[LOG 14:12:33.146] :INSERT (initial) pass
[LOG 14:12:33.191] :FIRST pass
[LOG 14:12:33.194] Applying update KSPCommunityFixes/MMPatches/StockTweaks/LadderToggleableLight/@PART[telescopicLadderBay]:FIRST to Squad/Parts/Utility/ladderTelescopicBay/ladderTelescopicBay.cfg/PART[telescopicLadderBay]
[LOG 14:12:33.230] Applying update KSPCommunityFixes/MMPatches/StockTweaks/LadderToggleableLight/@PART[telescopicLadderBay]:HAS[#LadderToggleableLight[?rue]]:FIRST to Squad/Parts/Utility/ladderTelescopicBay/ladderTelescopicBay.cfg/PART[telescopicLadderBay]
[LOG 14:12:33.231] Applying update KSPCommunityFixes/MMPatches/StockTweaks/LadderToggleableLight/@PART[telescopicLadderBay]:HAS[#LadderToggleableLight]:FIRST to Squad/Parts/Utility/ladderTelescopicBay/ladderTelescopicBay.cfg/PART[telescopicLadderBay]
[LOG 14:12:33.232] Applying update KSPCommunityFixes/MMPatches/StockTweaks/LandingGearLights/@PART[GearSmall]:FIRST to Squad/Parts/Wheel/LandingGear/GearMedium.cfg/PART[GearSmall]
[LOG 14:12:33.236] Applying update KSPCommunityFixes/MMPatches/StockTweaks/LandingGearLights/@PART[SmallGearBay]:FIRST to Squad/Parts/Wheel/LandingGear/GearSmall.cfg/PART[SmallGearBay]
[LOG 14:12:33.236] Applying update RealSolarSystem/PhysicsModifier/@PHYSICSGLOBALS:FIRST to /Physics.cfg/PHYSICSGLOBALS
[LOG 14:12:33.237] :LEGACY (default) pass
[LOG 14:12:33.245] Applying update Kopernicus/Config/SolarPanels/@PART:HAS[@MODULE[ModuleDeployableSolarPanel],~useKopernicusSolarPanels[false]] to Squad/Parts/Electrical/10CSolarPanels/OX-10C.cfg/PART[solarPanelOX10C]
[LOG 14:12:33.245] Applying update Kopernicus/Config/SolarPanels/@PART:HAS[@MODULE[ModuleDeployableSolarPanel],~useKopernicusSolarPanels[false]] to Squad/Parts/Electrical/10CSolarPanels/SP-10C.cfg/PART[solarPanelSP10C]
[LOG 14:12:33.245] Applying update Kopernicus/Config/SolarPanels/@PART:HAS[@MODULE[ModuleDeployableSolarPanel],~useKopernicusSolarPanels[false]] to Squad/Parts/Electrical/10LSolarPanels/OX-10L.cfg/PART[solarPanelOX10L]
[LOG 14:12:33.245] Applying update Kopernicus/Config/SolarPanels/@PART:HAS[@MODULE[ModuleDeployableSolarPanel],~useKopernicusSolarPanels[false]] to Squad/Parts/Electrical/10LSolarPanels/SP-10L.cfg/PART[solarPanelSP10L]
[LOG 14:12:33.245] Applying update Kopernicus/Config/SolarPanels/@PART:HAS[@MODULE[ModuleDeployableSolarPanel],~useKopernicusSolarPanels[false]] to Squad/Parts/Electrical/1x6ShroudSolarPanels/1x6ShroudSolarPanels.cfg/PART[solarPanels2]
[LOG 14:12:33.245] Applying update Kopernicus/Config/SolarPanels/@PART:HAS[@MODULE[ModuleDeployableSolarPanel],~useKopernicusSolarPanels[false]] to Squad/Parts/Electrical/1x6SolarPanels/1x6SolarPanels.cfg/PART[solarPanels4]
[LOG 14:12:33.245] Applying update Kopernicus/Config/SolarPanels/@PART:HAS[@MODULE[ModuleDeployableSolarPanel],~useKopernicusSolarPanels[false]] to Squad/Parts/Electrical/3x2ShroudSolarPanels/3x2ShroudSolarPanels.cfg/PART[solarPanels1]
[LOG 14:12:33.245] Applying update Kopernicus/Config/SolarPanels/@PART:HAS[@MODULE[ModuleDeployableSolarPanel],~useKopernicusSolarPanels[false]] to Squad/Parts/Electrical/3x2SolarPanels/3x2SolarPanels.cfg/PART[solarPanels3]
[LOG 14:12:33.245] Applying update Kopernicus/Config/SolarPanels/@PART:HAS[@MODULE[ModuleDeployableSolarPanel],~useKopernicusSolarPanels[false]] to Squad/Parts/Electrical/gigantorXlSolarArray/gigantorXlSolarArray.cfg/PART[largeSolarPanel]
[LOG 14:12:33.246] Applying update Kopernicus/Config/SolarPanels/@PART:HAS[@MODULE[ModuleDeployableSolarPanel],~useKopernicusSolarPanels[false]] to Squad/Parts/Electrical/radialFlatSolarPanel/radialFlatSolarPanel.cfg/PART[solarPanels5]
[LOG 14:12:33.249] Applying update Kopernicus/Config/SolarPanels/@PART:HAS[@MODULE[ModuleDeployableSolarPanel],~useKopernicusSolarPanels[false]] to Squad/Parts/Misc/AsteroidDay/LgRadialSolar.cfg/PART[LgRadialSolarPanel]
[LOG 14:12:33.421] Applying update RealSolarSystem/DSN_Ranges/@PART[*]:HAS[@MODULE[ModuleDataTransmitter]] to Squad/Parts/Command/cupola/cupola.cfg/PART[cupola]
[LOG 14:12:33.422] Applying update RealSolarSystem/DSN_Ranges/@PART[*]:HAS[@MODULE[ModuleDataTransmitter]] to Squad/Parts/Command/Mk1-3Pod/mk1-3.cfg/PART[mk1-3pod]
[LOG 14:12:33.422] Applying update RealSolarSystem/DSN_Ranges/@PART[*]:HAS[@MODULE[ModuleDataTransmitter]] to Squad/Parts/Command/mk1Cockpits/mk1Cockpit.cfg/PART[Mark1Cockpit]
[LOG 14:12:33.422] Applying update RealSolarSystem/DSN_Ranges/@PART[*]:HAS[@MODULE[ModuleDataTransmitter]] to Squad/Parts/Command/mk1Cockpits/mk1CrewCabin.cfg/PART[MK1CrewCabin]
[LOG 14:12:33.422] Applying update RealSolarSystem/DSN_Ranges/@PART[*]:HAS[@MODULE[ModuleDataTransmitter]] to Squad/Parts/Command/mk1Cockpits/mk1InlineCockpit.cfg/PART[Mark2Cockpit]
[LOG 14:12:33.422] Applying update RealSolarSystem/DSN_Ranges/@PART[*]:HAS[@MODULE[ModuleDataTransmitter]] to Squad/Parts/Command/mk1LanderCan/mk1LanderCan.cfg/PART[landerCabinSmall]
[LOG 14:12:33.423] Applying update RealSolarSystem/DSN_Ranges/@PART[*]:HAS[@MODULE[ModuleDataTransmitter]] to Squad/Parts/Command/mk1pod_v2/mk1Pod_v2.cfg/PART[mk1pod_v2]
[LOG 14:12:33.423] Applying update RealSolarSystem/DSN_Ranges/@PART[*]:HAS[@MODULE[ModuleDataTransmitter]] to Squad/Parts/Command/mk2CockpitInline/mk2CockpitInline.cfg/PART[mk2Cockpit_Inline]
[LOG 14:12:33.423] Applying update RealSolarSystem/DSN_Ranges/@PART[*]:HAS[@MODULE[ModuleDataTransmitter]] to Squad/Parts/Command/mk2CockpitStandard/mk2CockpitStandard.cfg/PART[mk2Cockpit_Standard]
[LOG 14:12:33.424] Applying update RealSolarSystem/DSN_Ranges/@PART[*]:HAS[@MODULE[ModuleDataTransmitter]] to Squad/Parts/Command/mk2DroneCore/mk2Dronecore.cfg/PART[mk2DroneCore]
[LOG 14:12:33.424] Applying update RealSolarSystem/DSN_Ranges/@PART[*]:HAS[@MODULE[ModuleDataTransmitter]] to Squad/Parts/Command/mk2LanderCan/mk2LanderCan.cfg/PART[mk2LanderCabin]
[LOG 14:12:33.424] Applying update RealSolarSystem/DSN_Ranges/@PART[*]:HAS[@MODULE[ModuleDataTransmitter]] to Squad/Parts/Command/mk2LanderCan_v2/mk2LanderCan_v2.cfg/PART[mk2LanderCabin_v2]
[LOG 14:12:33.424] Applying update RealSolarSystem/DSN_Ranges/@PART[*]:HAS[@MODULE[ModuleDataTransmitter]] to Squad/Parts/Command/mk3CockpitShuttle/mk3CockpitShuttle.cfg/PART[mk3Cockpit_Shuttle]
[LOG 14:12:33.424] Applying update RealSolarSystem/DSN_Ranges/@PART[*]:HAS[@MODULE[ModuleDataTransmitter]] to Squad/Parts/Command/MpoProbe/MpoProbe.cfg/PART[MpoProbe]
[LOG 14:12:33.425] Applying update RealSolarSystem/DSN_Ranges/@PART[*]:HAS[@MODULE[ModuleDataTransmitter]] to Squad/Parts/Command/MtmStage/MTM_Stage.cfg/PART[MtmStage]
[LOG 14:12:33.425] Applying update RealSolarSystem/DSN_Ranges/@PART[*]:HAS[@MODULE[ModuleDataTransmitter]] to Squad/Parts/Command/probeCoreCube/probeCoreCube.cfg/PART[probeCoreCube]
[LOG 14:12:33.425] Applying update RealSolarSystem/DSN_Ranges/@PART[*]:HAS[@MODULE[ModuleDataTransmitter]] to Squad/Parts/Command/probeCoreHex/probeCoreHex.cfg/PART[probeCoreHex]
[LOG 14:12:33.425] Applying update RealSolarSystem/DSN_Ranges/@PART[*]:HAS[@MODULE[ModuleDataTransmitter]] to Squad/Parts/Command/probeCoreHex_v2/probeCoreHex_v2.cfg/PART[probeCoreHex_v2]
[LOG 14:12:33.425] Applying update RealSolarSystem/DSN_Ranges/@PART[*]:HAS[@MODULE[ModuleDataTransmitter]] to Squad/Parts/Command/probeCoreOcto2_v2/probeCoreOcto2_v2.cfg/PART[probeCoreOcto2_v2]
[LOG 14:12:33.426] Applying update RealSolarSystem/DSN_Ranges/@PART[*]:HAS[@MODULE[ModuleDataTransmitter]] to Squad/Parts/Command/probeCoreOcto_v2/probeCoreOcto_v2.cfg/PART[probeCoreOcto_v2]
[LOG 14:12:33.426] Applying update RealSolarSystem/DSN_Ranges/@PART[*]:HAS[@MODULE[ModuleDataTransmitter]] to Squad/Parts/Command/probeRoverBody/probeRoverBody.cfg/PART[roverBody]
[LOG 14:12:33.426] Applying update RealSolarSystem/DSN_Ranges/@PART[*]:HAS[@MODULE[ModuleDataTransmitter]] to Squad/Parts/Command/probeRoverBody_v2/probeRoverBody_v2.cfg/PART[roverBody_v2]
[LOG 14:12:33.426] Applying update RealSolarSystem/DSN_Ranges/@PART[*]:HAS[@MODULE[ModuleDataTransmitter]] to Squad/Parts/Command/probeStackLarge/probeStackLarge.cfg/PART[probeStackLarge]
[LOG 14:12:33.426] Applying update RealSolarSystem/DSN_Ranges/@PART[*]:HAS[@MODULE[ModuleDataTransmitter]] to Squad/Parts/Command/probeStackSmall/probeStackSmall.cfg/PART[probeStackSmall]
[LOG 14:12:33.427] Applying update RealSolarSystem/DSN_Ranges/@PART[*]:HAS[@MODULE[ModuleDataTransmitter]] to Squad/Parts/Command/probeStackSphere_v2/probeStackSphere_v2.cfg/PART[probeCoreSphere_v2]
[LOG 14:12:33.430] Applying update RealSolarSystem/DSN_Ranges/@PART[*]:HAS[@MODULE[ModuleDataTransmitter]] to Squad/Parts/Misc/AsteroidDay/HECS2.cfg/PART[HECS2_ProbeCore]
[LOG 14:12:33.430] Applying update RealSolarSystem/DSN_Ranges/@PART[*]:HAS[@MODULE[ModuleDataTransmitter]] to Squad/Parts/Misc/AsteroidDay/HighGainAntenna.cfg/PART[HighGainAntenna]
[LOG 14:12:33.433] Applying update RealSolarSystem/DSN_Ranges/@PART[*]:HAS[@MODULE[ModuleDataTransmitter]] to Squad/Parts/Utility/commDish88-88/commDish88-88.cfg/PART[commDish]
[LOG 14:12:33.433] Applying update RealSolarSystem/DSN_Ranges/@PART[*]:HAS[@MODULE[ModuleDataTransmitter]] to Squad/Parts/Utility/commsAntennaDTS-M1/commsAntennaDTS-M1.cfg/PART[mediumDishAntenna]
[LOG 14:12:33.433] Applying update RealSolarSystem/DSN_Ranges/@PART[*]:HAS[@MODULE[ModuleDataTransmitter]] to Squad/Parts/Utility/commsDish16/commsAntenna16.cfg/PART[longAntenna]
[LOG 14:12:33.433] Applying update RealSolarSystem/DSN_Ranges/@PART[*]:HAS[@MODULE[ModuleDataTransmitter]] to Squad/Parts/Utility/DirectAntennas/C16S.cfg/PART[SurfAntenna]
[LOG 14:12:33.433] Applying update RealSolarSystem/DSN_Ranges/@PART[*]:HAS[@MODULE[ModuleDataTransmitter]] to Squad/Parts/Utility/DirectAntennas/HG-5.cfg/PART[HighGainAntenna5]
[LOG 14:12:33.433] Applying update RealSolarSystem/DSN_Ranges/@PART[*]:HAS[@MODULE[ModuleDataTransmitter]] to Squad/Parts/Utility/DirectAntennas/HG-5_v2.cfg/PART[HighGainAntenna5_v2]
[LOG 14:12:33.435] Applying update RealSolarSystem/DSN_Ranges/@PART[*]:HAS[@MODULE[ModuleDataTransmitter]] to Squad/Parts/Utility/RelayAntennas/RA-100.cfg/PART[RelayAntenna100]
[LOG 14:12:33.435] Applying update RealSolarSystem/DSN_Ranges/@PART[*]:HAS[@MODULE[ModuleDataTransmitter]] to Squad/Parts/Utility/RelayAntennas/RA-5.cfg/PART[RelayAntenna5]
[LOG 14:12:33.435] Applying update RealSolarSystem/DSN_Ranges/@PART[*]:HAS[@MODULE[ModuleDataTransmitter]] to Squad/Parts/Utility/RelayAntennas/RA-50.cfg/PART[RelayAntenna50]
[LOG 14:12:33.438] Applying update RealSolarSystem/DSN_Ranges/@PART[*]:HAS[@MODULE[ModuleDataTransmitter]] to SquadExpansion/MakingHistory/Parts/Payload/SM25.cfg/PART[ServiceModule25]
[LOG 14:12:33.438] Applying update RealSolarSystem/DSN_Ranges/@PART[*]:HAS[@MODULE[ModuleDataTransmitter]] to SquadExpansion/MakingHistory/Parts/Pods/KV1Pod.cfg/PART[kv1Pod]
[LOG 14:12:33.438] Applying update RealSolarSystem/DSN_Ranges/@PART[*]:HAS[@MODULE[ModuleDataTransmitter]] to SquadExpansion/MakingHistory/Parts/Pods/KV2Pod.cfg/PART[kv2Pod]
[LOG 14:12:33.438] Applying update RealSolarSystem/DSN_Ranges/@PART[*]:HAS[@MODULE[ModuleDataTransmitter]] to SquadExpansion/MakingHistory/Parts/Pods/KV3Pod.cfg/PART[kv3Pod]
[LOG 14:12:33.439] Applying update RealSolarSystem/DSN_Ranges/@PART[*]:HAS[@MODULE[ModuleDataTransmitter]] to SquadExpansion/MakingHistory/Parts/Pods/Mk2Pod.cfg/PART[Mk2Pod]
[LOG 14:12:33.440] Applying update RealSolarSystem/DSN_Ranges/@PART[*]:HAS[@MODULE[ModuleDataTransmitter]] to SquadExpansion/MakingHistory/Parts/Pods/Size1_5_Lander.cfg/PART[MEMLander]
[LOG 14:12:33.450] :BEFORE[0_MULTIPLEMODULEINPARTAPI] pass
[LOG 14:12:33.450] :FOR[0_MULTIPLEMODULEINPARTAPI] pass
[LOG 14:12:33.450] :AFTER[0_MULTIPLEMODULEINPARTAPI] pass
[LOG 14:12:33.450] :BEFORE[000_HARMONY] pass
[LOG 14:12:33.450] :FOR[000_HARMONY] pass
[LOG 14:12:33.450] :AFTER[000_HARMONY] pass
[LOG 14:12:33.450] :BEFORE[0HARMONY] pass
[LOG 14:12:33.450] :FOR[0HARMONY] pass
[LOG 14:12:33.450] :AFTER[0HARMONY] pass
[LOG 14:12:33.450] :BEFORE[ASSEMBLY-CSHARP] pass
[LOG 14:12:33.450] :FOR[ASSEMBLY-CSHARP] pass
[LOG 14:12:33.450] :AFTER[ASSEMBLY-CSHARP] pass
[LOG 14:12:33.450] :BEFORE[HARMONYINSTALLCHECKER] pass
[LOG 14:12:33.450] :FOR[HARMONYINSTALLCHECKER] pass
[LOG 14:12:33.450] :AFTER[HARMONYINSTALLCHECKER] pass
[LOG 14:12:33.450] :BEFORE[KOPERNICUS] pass
[LOG 14:12:33.450] :FOR[KOPERNICUS] pass
[LOG 14:12:33.450] Applying update Kopernicus/Config/BodyPQSFix/@Kopernicus:FOR[Kopernicus] to Kopernicus/Config/System.cfg/Kopernicus[Kerbol System]
[LOG 14:12:33.450] :AFTER[KOPERNICUS] pass
[LOG 14:12:33.450] :BEFORE[KOPERNICUS.PARSER] pass
[LOG 14:12:33.450] :FOR[KOPERNICUS.PARSER] pass
[LOG 14:12:33.450] :AFTER[KOPERNICUS.PARSER] pass
[LOG 14:12:33.450] :BEFORE[KOPERNICUS_VERSION] pass
[LOG 14:12:33.450] :FOR[KOPERNICUS_VERSION] pass
[LOG 14:12:33.451] Applying update Kopernicus/Config/00Version/@KOP_VERSION:FOR[Kopernicus_Version] to Kopernicus/Config/00Version.cfg/KOP_VERSION[Kopernicus_Version]
[LOG 14:12:33.451] :AFTER[KOPERNICUS_VERSION] pass
[LOG 14:12:33.451] :BEFORE[KSPCOMMUNITYFIXES] pass
[LOG 14:12:33.451] :FOR[KSPCOMMUNITYFIXES] pass
[LOG 14:12:33.451] Applying update KSPCommunityFixes/MMPatches/StockTweaks/ManufacturerFixes/@PART[sasModule]:FOR[KSPCommunityFixes] to Squad/Parts/Command/inlineReactionWheel/inlineReactionWheel.cfg/PART[sasModule]
[LOG 14:12:33.453] Applying update KSPCommunityFixes/MMPatches/StockTweaks/ManufacturerFixes/@PART[xenonTankRadial]:FOR[KSPCommunityFixes] to Squad/Parts/FuelTank/xenonTankRadial/xenonTankRadial.cfg/PART[xenonTankRadial]
[LOG 14:12:33.455] Applying update KSPCommunityFixes/MMPatches/StockTweaks/ManufacturerFixes/@PART[winglet|fireworksLauncherSmall|fireworksLauncherBig]:FOR[KSPCommunityFixes] to Squad/Parts/Aero/wingletAV-T1/wingletAV-T1.cfg/PART[winglet]
[LOG 14:12:33.458] Applying update KSPCommunityFixes/MMPatches/StockTweaks/ManufacturerFixes/@PART[winglet|fireworksLauncherSmall|fireworksLauncherBig]:FOR[KSPCommunityFixes] to Squad/Parts/Utility/Fireworks/fireworksLauncherBig.cfg/PART[fireworksLauncherBig]
[LOG 14:12:33.458] Applying update KSPCommunityFixes/MMPatches/StockTweaks/ManufacturerFixes/@PART[winglet|fireworksLauncherSmall|fireworksLauncherBig]:FOR[KSPCommunityFixes] to Squad/Parts/Utility/Fireworks/fireworksLauncherSmall.cfg/PART[fireworksLauncherSmall]
[LOG 14:12:33.466] Applying update KSPCommunityFixes/MMPatches/StockTweaks/ManufacturerFixes/@PART[solidBooster_sm_v2|solidBooster_v2]:FOR[KSPCommunityFixes] to Squad/Parts/Engine/Size1_SRBs/solidBoosterRT-10_v2.cfg/PART[solidBooster_v2]
[LOG 14:12:33.466] Applying update KSPCommunityFixes/MMPatches/StockTweaks/ManufacturerFixes/@PART[solidBooster_sm_v2|solidBooster_v2]:FOR[KSPCommunityFixes] to Squad/Parts/Engine/Size1_SRBs/solidBoosterRT-5_v2.cfg/PART[solidBooster_sm_v2]
[LOG 14:12:33.469] Applying update KSPCommunityFixes/MMPatches/StockTweaks/ManufacturerFixes/@PART[ServiceBay_125_v2|ServiceBay_250_v2]:FOR[KSPCommunityFixes] to Squad/Parts/Utility/ServiceBay_v2/ServiceBay_125_v2.cfg/PART[ServiceBay_125_v2]
[LOG 14:12:33.469] Applying update KSPCommunityFixes/MMPatches/StockTweaks/ManufacturerFixes/@PART[ServiceBay_125_v2|ServiceBay_250_v2]:FOR[KSPCommunityFixes] to Squad/Parts/Utility/ServiceBay_v2/ServiceBay_250_v2.cfg/PART[ServiceBay_250_v2]
[LOG 14:12:33.470] Applying update KSPCommunityFixes/MMPatches/StockTweaks/ManufacturerFixes/@PART[externalTankCapsule]:FOR[KSPCommunityFixes] to Squad/Parts/FuelTank/FoilTanks/RadialTank_Capsule.cfg/PART[externalTankCapsule]
[LOG 14:12:33.472] Applying update KSPCommunityFixes/MMPatches/StockTweaks/ManufacturerFixes/@PART[RCSFuelTank|rcsTankMini|RCSTank1-2]:FOR[KSPCommunityFixes] to Squad/Parts/FuelTank/RCSFuelTankR1/RCSFuelTankR1.cfg/PART[RCSTank1-2]
[LOG 14:12:33.472] Applying update KSPCommunityFixes/MMPatches/StockTweaks/ManufacturerFixes/@PART[RCSFuelTank|rcsTankMini|RCSTank1-2]:FOR[KSPCommunityFixes] to Squad/Parts/FuelTank/RCSFuelTankR10/RCSFuelTankR10.cfg/PART[rcsTankMini]
[LOG 14:12:33.472] Applying update KSPCommunityFixes/MMPatches/StockTweaks/ManufacturerFixes/@PART[RCSFuelTank|rcsTankMini|RCSTank1-2]:FOR[KSPCommunityFixes] to Squad/Parts/FuelTank/RCSFuelTankR25/RCSFuelTankR25.cfg/PART[RCSFuelTank]
[LOG 14:12:33.473] Applying update KSPCommunityFixes/MMPatches/StockTweaks/ManufacturerFixes/@PART[landerCabinSmall]:FOR[KSPCommunityFixes] to Squad/Parts/Command/mk1LanderCan/mk1LanderCan.cfg/PART[landerCabinSmall]
[LOG 14:12:33.476] Applying update KSPCommunityFixes/MMPatches/StockTweaks/ManufacturerFixes/@PART[dockingPortLateral]:FOR[KSPCommunityFixes] to Squad/Parts/Utility/dockingPortInline/dockingPortInline.cfg/PART[dockingPortLateral]
[LOG 14:12:33.478] Applying update KSPCommunityFixes/MMPatches/StockTweaks/ManufacturerFixes/@PART[EnginePlate4]:FOR[KSPCommunityFixes]:NEEDS[SquadExpansion/MakingHistory] to SquadExpansion/MakingHistory/Parts/Coupling/EnginePlate_4.cfg/PART[EnginePlate4]
[LOG 14:12:33.480] Applying update KSPCommunityFixes/MMPatches/StockTweaks/ManufacturerFixes/@PART[Mk2Pod]:FOR[KSPCommunityFixes]:NEEDS[SquadExpansion/MakingHistory] to SquadExpansion/MakingHistory/Parts/Pods/Mk2Pod.cfg/PART[Mk2Pod]
[LOG 14:12:33.481] Applying update KSPCommunityFixes/MMPatches/StockTweaks/ManufacturerFixes/@PART[evaChute|parachuteSingle|parachuteRadial|radialDrogue|parachuteLarge|parachuteDrogue]:FOR[KSPCommunityFixes] to Squad/Parts/Cargo/Parachute/Parachute.cfg/PART[evaChute]
[LOG 14:12:33.482] Applying update KSPCommunityFixes/MMPatches/StockTweaks/ManufacturerFixes/@PART[evaChute|parachuteSingle|parachuteRadial|radialDrogue|parachuteLarge|parachuteDrogue]:FOR[KSPCommunityFixes] to Squad/Parts/Utility/parachuteMk1/parachuteMk1.cfg/PART[parachuteSingle]
[LOG 14:12:33.482] Applying update KSPCommunityFixes/MMPatches/StockTweaks/ManufacturerFixes/@PART[evaChute|parachuteSingle|parachuteRadial|radialDrogue|parachuteLarge|parachuteDrogue]:FOR[KSPCommunityFixes] to Squad/Parts/Utility/parachuteMk12-R/parachuteMk12-R.cfg/PART[radialDrogue]
[LOG 14:12:33.482] Applying update KSPCommunityFixes/MMPatches/StockTweaks/ManufacturerFixes/@PART[evaChute|parachuteSingle|parachuteRadial|radialDrogue|parachuteLarge|parachuteDrogue]:FOR[KSPCommunityFixes] to Squad/Parts/Utility/parachuteMk16-XL/parachuteMk16-XL.cfg/PART[parachuteLarge]
[LOG 14:12:33.482] Applying update KSPCommunityFixes/MMPatches/StockTweaks/ManufacturerFixes/@PART[evaChute|parachuteSingle|parachuteRadial|radialDrogue|parachuteLarge|parachuteDrogue]:FOR[KSPCommunityFixes] to Squad/Parts/Utility/parachuteMk2-R/parachuteMk2-R.cfg/PART[parachuteRadial]
[LOG 14:12:33.483] Applying update KSPCommunityFixes/MMPatches/StockTweaks/ManufacturerFixes/@PART[evaChute|parachuteSingle|parachuteRadial|radialDrogue|parachuteLarge|parachuteDrogue]:FOR[KSPCommunityFixes] to Squad/Parts/Utility/parachuteMk25/parachuteMk25.cfg/PART[parachuteDrogue]
[LOG 14:12:33.485] Applying update KSPCommunityFixes/MMPatches/StockTweaks/ManufacturerFixes/@PART[stackPoint1|dockingPort1|dockingPort2|dockingPort3|dockingPortLarge]:FOR[KSPCommunityFixes] to Squad/Parts/Utility/dockingPort/dockingPort.cfg/PART[dockingPort2]
[LOG 14:12:33.485] Applying update KSPCommunityFixes/MMPatches/StockTweaks/ManufacturerFixes/@PART[stackPoint1|dockingPort1|dockingPort2|dockingPort3|dockingPortLarge]:FOR[KSPCommunityFixes] to Squad/Parts/Utility/dockingPortJr/dockingPortJr.cfg/PART[dockingPort3]
[LOG 14:12:33.485] Applying update KSPCommunityFixes/MMPatches/StockTweaks/ManufacturerFixes/@PART[stackPoint1|dockingPort1|dockingPort2|dockingPort3|dockingPortLarge]:FOR[KSPCommunityFixes] to Squad/Parts/Utility/dockingPortShielded/dockingPortShielded.cfg/PART[dockingPort1]
[LOG 14:12:33.485] Applying update KSPCommunityFixes/MMPatches/StockTweaks/ManufacturerFixes/@PART[stackPoint1|dockingPort1|dockingPort2|dockingPort3|dockingPortLarge]:FOR[KSPCommunityFixes] to Squad/Parts/Utility/dockingPortSr/dockingPortSr.cfg/PART[dockingPortLarge]
[LOG 14:12:33.485] Applying update KSPCommunityFixes/MMPatches/StockTweaks/ManufacturerFixes/@PART[stackPoint1|dockingPort1|dockingPort2|dockingPort3|dockingPortLarge]:FOR[KSPCommunityFixes] to Squad/Parts/Utility/radialAttachmentPoint/radialAttachmentPoint.cfg/PART[stackPoint1]
[LOG 14:12:33.486] :AFTER[KSPCOMMUNITYFIXES] pass
[LOG 14:12:33.486] :BEFORE[KSPTEXTURELOADER] pass
[LOG 14:12:33.486] :FOR[KSPTEXTURELOADER] pass
[LOG 14:12:33.486] :AFTER[KSPTEXTURELOADER] pass
[LOG 14:12:33.486] :BEFORE[KSPTEXTURELOADER.BURST] pass
[LOG 14:12:33.486] :FOR[KSPTEXTURELOADER.BURST] pass
[LOG 14:12:33.486] :AFTER[KSPTEXTURELOADER.BURST] pass
[LOG 14:12:33.486] :BEFORE[MODULARFLIGHTINTEGRATOR] pass
[LOG 14:12:33.486] :FOR[MODULARFLIGHTINTEGRATOR] pass
[LOG 14:12:33.486] :AFTER[MODULARFLIGHTINTEGRATOR] pass
[LOG 14:12:33.486] :BEFORE[MODULEMANAGER] pass
[LOG 14:12:33.486] :FOR[MODULEMANAGER] pass
[LOG 14:12:33.486] :AFTER[MODULEMANAGER] pass
[LOG 14:12:33.486] :BEFORE[RATIONALRESOURCESAU] pass
[LOG 14:12:33.486] :FOR[RATIONALRESOURCESAU] pass
[LOG 14:12:33.486] Applying update RealSolarSystem/Compatibility/RationalResources/@REALSOLARSYSTEM:FOR[RationalResourcesAU] to RealSolarSystem/RealSolarSystem.cfg/REALSOLARSYSTEM
[LOG 14:12:33.486] :AFTER[RATIONALRESOURCESAU] pass
[LOG 14:12:33.486] :BEFORE[REALSOLARSYSTEM] pass
[LOG 14:12:33.486] :FOR[REALSOLARSYSTEM] pass
[LOG 14:12:33.486] Applying update RealSolarSystem/ContractModifier/@Contracts:FOR[RealSolarSystem] to Squad/Contracts/Contracts.cfg/Contracts
[LOG 14:12:33.488] Applying update RealSolarSystem/ContractModifier/@Contracts:FOR[RealSolarSystem] to SquadExpansion/Serenity/Contracts/contracts.cfg/Contracts
[LOG 14:12:33.489] Applying delete RealSolarSystem/ROCDefinitions/!ROC_DEFINITION:HAS[@CELESTIALBODY:HAS[#Name[Moho]]]:FOR[RealSolarSystem] to SquadExpansion/Serenity/Resources/rocsdef.cfg/ROC_DEFINITION
[LOG 14:12:33.489] Applying delete RealSolarSystem/ROCDefinitions/!ROC_DEFINITION:HAS[@CELESTIALBODY:HAS[#Name[Moho]]]:FOR[RealSolarSystem] to SquadExpansion/Serenity/Resources/rocsdef.cfg/ROC_DEFINITION
[LOG 14:12:33.490] Applying delete RealSolarSystem/ROCDefinitions/!ROC_DEFINITION:HAS[@CELESTIALBODY:HAS[#Name[Eve]]]:FOR[RealSolarSystem] to SquadExpansion/Serenity/Resources/rocsdef.cfg/ROC_DEFINITION
[LOG 14:12:33.490] Applying delete RealSolarSystem/ROCDefinitions/!ROC_DEFINITION:HAS[@CELESTIALBODY:HAS[#Name[Eve]]]:FOR[RealSolarSystem] to SquadExpansion/Serenity/Resources/rocsdef.cfg/ROC_DEFINITION
[LOG 14:12:33.490] Applying delete RealSolarSystem/ROCDefinitions/!ROC_DEFINITION:HAS[@CELESTIALBODY:HAS[#Name[Eve]]]:FOR[RealSolarSystem] to SquadExpansion/Serenity/Resources/rocsdef.cfg/ROC_DEFINITION
[LOG 14:12:33.490] Applying delete RealSolarSystem/ROCDefinitions/!ROC_DEFINITION:HAS[@CELESTIALBODY:HAS[#Name[Gilly]]]:FOR[RealSolarSystem] to SquadExpansion/Serenity/Resources/rocsdef.cfg/ROC_DEFINITION
[LOG 14:12:33.491] Applying delete RealSolarSystem/ROCDefinitions/!ROC_DEFINITION:HAS[@CELESTIALBODY:HAS[#Name[Kerbin]]]:FOR[RealSolarSystem] to SquadExpansion/Serenity/Resources/rocsdef.cfg/ROC_DEFINITION
[LOG 14:12:33.491] Applying delete RealSolarSystem/ROCDefinitions/!ROC_DEFINITION:HAS[@CELESTIALBODY:HAS[#Name[Kerbin]]]:FOR[RealSolarSystem] to SquadExpansion/Serenity/Resources/rocsdef.cfg/ROC_DEFINITION
[LOG 14:12:33.491] Applying delete RealSolarSystem/ROCDefinitions/!ROC_DEFINITION:HAS[@CELESTIALBODY:HAS[#Name[Mun]]]:FOR[RealSolarSystem] to SquadExpansion/Serenity/Resources/rocsdef.cfg/ROC_DEFINITION
[LOG 14:12:33.492] Applying delete RealSolarSystem/ROCDefinitions/!ROC_DEFINITION:HAS[@CELESTIALBODY:HAS[#Name[Mun]]]:FOR[RealSolarSystem] to SquadExpansion/Serenity/Resources/rocsdef.cfg/ROC_DEFINITION
[LOG 14:12:33.492] Applying delete RealSolarSystem/ROCDefinitions/!ROC_DEFINITION:HAS[@CELESTIALBODY:HAS[#Name[Mun]]]:FOR[RealSolarSystem] to SquadExpansion/Serenity/Resources/rocsdef.cfg/ROC_DEFINITION
[LOG 14:12:33.492] Applying delete RealSolarSystem/ROCDefinitions/!ROC_DEFINITION:HAS[@CELESTIALBODY:HAS[#Name[Minmus]]]:FOR[RealSolarSystem] to SquadExpansion/Serenity/Resources/rocsdef.cfg/ROC_DEFINITION
[LOG 14:12:33.492] Applying delete RealSolarSystem/ROCDefinitions/!ROC_DEFINITION:HAS[@CELESTIALBODY:HAS[#Name[Minmus]]]:FOR[RealSolarSystem] to SquadExpansion/Serenity/Resources/rocsdef.cfg/ROC_DEFINITION
[LOG 14:12:33.492] Applying delete RealSolarSystem/ROCDefinitions/!ROC_DEFINITION:HAS[@CELESTIALBODY:HAS[#Name[Duna]]]:FOR[RealSolarSystem] to SquadExpansion/Serenity/Resources/rocsdef.cfg/ROC_DEFINITION
[LOG 14:12:33.492] Applying delete RealSolarSystem/ROCDefinitions/!ROC_DEFINITION:HAS[@CELESTIALBODY:HAS[#Name[Duna]]]:FOR[RealSolarSystem] to SquadExpansion/Serenity/Resources/rocsdef.cfg/ROC_DEFINITION
[LOG 14:12:33.492] Applying delete RealSolarSystem/ROCDefinitions/!ROC_DEFINITION:HAS[@CELESTIALBODY:HAS[#Name[Duna]]]:FOR[RealSolarSystem] to SquadExpansion/Serenity/Resources/rocsdef.cfg/ROC_DEFINITION
[LOG 14:12:33.492] Applying delete RealSolarSystem/ROCDefinitions/!ROC_DEFINITION:HAS[@CELESTIALBODY:HAS[#Name[Duna]]]:FOR[RealSolarSystem] to SquadExpansion/Serenity/Resources/rocsdef.cfg/ROC_DEFINITION
[LOG 14:12:33.493] Applying delete RealSolarSystem/ROCDefinitions/!ROC_DEFINITION:HAS[@CELESTIALBODY:HAS[#Name[Ike]]]:FOR[RealSolarSystem] to SquadExpansion/Serenity/Resources/rocsdef.cfg/ROC_DEFINITION
[LOG 14:12:33.493] Applying delete RealSolarSystem/ROCDefinitions/!ROC_DEFINITION:HAS[@CELESTIALBODY:HAS[#Name[Dres]]]:FOR[RealSolarSystem] to SquadExpansion/Serenity/Resources/rocsdef.cfg/ROC_DEFINITION
[LOG 14:12:33.493] Applying delete RealSolarSystem/ROCDefinitions/!ROC_DEFINITION:HAS[@CELESTIALBODY:HAS[#Name[Dres]]]:FOR[RealSolarSystem] to SquadExpansion/Serenity/Resources/rocsdef.cfg/ROC_DEFINITION
[LOG 14:12:33.493] Applying delete RealSolarSystem/ROCDefinitions/!ROC_DEFINITION:HAS[@CELESTIALBODY:HAS[#Name[Laythe]]]:FOR[RealSolarSystem] to SquadExpansion/Serenity/Resources/rocsdef.cfg/ROC_DEFINITION
[LOG 14:12:33.493] Applying delete RealSolarSystem/ROCDefinitions/!ROC_DEFINITION:HAS[@CELESTIALBODY:HAS[#Name[Laythe]]]:FOR[RealSolarSystem] to SquadExpansion/Serenity/Resources/rocsdef.cfg/ROC_DEFINITION
[LOG 14:12:33.493] Applying delete RealSolarSystem/ROCDefinitions/!ROC_DEFINITION:HAS[@CELESTIALBODY:HAS[#Name[Laythe]]]:FOR[RealSolarSystem] to SquadExpansion/Serenity/Resources/rocsdef.cfg/ROC_DEFINITION
[LOG 14:12:33.493] Applying delete RealSolarSystem/ROCDefinitions/!ROC_DEFINITION:HAS[@CELESTIALBODY:HAS[#Name[Vall]]]:FOR[RealSolarSystem] to SquadExpansion/Serenity/Resources/rocsdef.cfg/ROC_DEFINITION
[LOG 14:12:33.493] Applying delete RealSolarSystem/ROCDefinitions/!ROC_DEFINITION:HAS[@CELESTIALBODY:HAS[#Name[Vall]]]:FOR[RealSolarSystem] to SquadExpansion/Serenity/Resources/rocsdef.cfg/ROC_DEFINITION
[LOG 14:12:33.493] Applying delete RealSolarSystem/ROCDefinitions/!ROC_DEFINITION:HAS[@CELESTIALBODY:HAS[#Name[Vall]]]:FOR[RealSolarSystem] to SquadExpansion/Serenity/Resources/rocsdef.cfg/ROC_DEFINITION
[LOG 14:12:33.494] Applying delete RealSolarSystem/ROCDefinitions/!ROC_DEFINITION:HAS[@CELESTIALBODY:HAS[#Name[Tylo]]]:FOR[RealSolarSystem] to SquadExpansion/Serenity/Resources/rocsdef.cfg/ROC_DEFINITION
[LOG 14:12:33.494] Applying delete RealSolarSystem/ROCDefinitions/!ROC_DEFINITION:HAS[@CELESTIALBODY:HAS[#Name[Tylo]]]:FOR[RealSolarSystem] to SquadExpansion/Serenity/Resources/rocsdef.cfg/ROC_DEFINITION
[LOG 14:12:33.494] Applying delete RealSolarSystem/ROCDefinitions/!ROC_DEFINITION:HAS[@CELESTIALBODY:HAS[#Name[Tylo]]]:FOR[RealSolarSystem] to SquadExpansion/Serenity/Resources/rocsdef.cfg/ROC_DEFINITION
[LOG 14:12:33.494] Applying delete RealSolarSystem/ROCDefinitions/!ROC_DEFINITION:HAS[@CELESTIALBODY:HAS[#Name[Bop]]]:FOR[RealSolarSystem] to SquadExpansion/Serenity/Resources/rocsdef.cfg/ROC_DEFINITION
[LOG 14:12:33.494] Applying delete RealSolarSystem/ROCDefinitions/!ROC_DEFINITION:HAS[@CELESTIALBODY:HAS[#Name[Pol]]]:FOR[RealSolarSystem] to SquadExpansion/Serenity/Resources/rocsdef.cfg/ROC_DEFINITION
[LOG 14:12:33.494] Applying delete RealSolarSystem/ROCDefinitions/!ROC_DEFINITION:HAS[@CELESTIALBODY:HAS[#Name[Eeloo]]]:FOR[RealSolarSystem] to SquadExpansion/Serenity/Resources/rocsdef.cfg/ROC_DEFINITION
[LOG 14:12:33.494] Applying delete RealSolarSystem/ROCDefinitions/!ROC_DEFINITION:HAS[@CELESTIALBODY:HAS[#Name[Eeloo]]]:FOR[RealSolarSystem] to SquadExpansion/Serenity/Resources/rocsdef.cfg/ROC_DEFINITION
[LOG 14:12:33.494] Applying delete RealSolarSystem/ROCDefinitions/!ROC_DEFINITION:HAS[@CELESTIALBODY:HAS[#Name[Eeloo]]]:FOR[RealSolarSystem] to SquadExpansion/Serenity/Resources/rocsdef.cfg/ROC_DEFINITION
[LOG 14:12:33.494] Applying update RealSolarSystem/RSSKopernicusSettings/@Kopernicus_config:FOR[RealSolarSystem] to Kopernicus/Config/01_DefaultConfig.cfg/Kopernicus_config
[LOG 14:12:33.495] Applying update RealSolarSystem/RSSKopernicusSettings/@Kopernicus:FOR[RealSolarSystem] to Kopernicus/Config/System.cfg/Kopernicus[Kerbol System]
[LOG 14:12:33.495] Applying update RealSolarSystem/RSS_TerrainDetailPresets/@Kopernicus:FOR[RealSolarSystem] to Kopernicus/Config/System.cfg/Kopernicus[Solar System]
[LOG 14:12:33.497] Applying update RealSolarSystem/Compatibility/CustomAsteroids/@CustomAsteroidPlanes:FOR[RealSolarSystem] to RealSolarSystem/Compatibility/CustomAsteroids.cfg/CustomAsteroidPlanes
[LOG 14:12:33.545] Applying update RealSolarSystem/RSSKopernicus/Sun/@Kopernicus:FOR[RealSolarSystem] to Kopernicus/Config/System.cfg/Kopernicus[Solar System]
[LOG 14:12:33.546] Applying update RealSolarSystem/RSSKopernicus/Asteroids/Asteroids/@Kopernicus:FOR[RealSolarSystem] to Kopernicus/Config/System.cfg/Kopernicus[Solar System]
[LOG 14:12:33.554] Applying update RealSolarSystem/RSSKopernicus/Asteroids/Asteroids/@PART[*]:HAS[@MODULE[ModuleAsteroid]]:FOR[RealSolarSystem] to Squad/Parts/Misc/PotatoRoid/part.cfg/PART[PotatoRoid]
[LOG 14:12:33.563] Applying update RealSolarSystem/RSSKopernicus/Ceres/Ceres/@Kopernicus:FOR[RealSolarSystem] to Kopernicus/Config/System.cfg/Kopernicus[Solar System]
[LOG 14:12:33.565] Applying update RealSolarSystem/RSSKopernicus/Earth/Earth/@Kopernicus:FOR[RealSolarSystem] to Kopernicus/Config/System.cfg/Kopernicus[Solar System]
[LOG 14:12:33.590] Applying update RealSolarSystem/RSSKopernicus/Earth/Moon/@Kopernicus:FOR[RealSolarSystem] to Kopernicus/Config/System.cfg/Kopernicus[Solar System]
[LOG 14:12:33.592] Applying update RealSolarSystem/RSSKopernicus/Jupiter/Callisto/@Kopernicus:FOR[RealSolarSystem] to Kopernicus/Config/System.cfg/Kopernicus[Solar System]
[LOG 14:12:33.594] Applying update RealSolarSystem/RSSKopernicus/Jupiter/Europa/@Kopernicus:FOR[RealSolarSystem] to Kopernicus/Config/System.cfg/Kopernicus[Solar System]
[LOG 14:12:33.595] Applying update RealSolarSystem/RSSKopernicus/Jupiter/Ganymede/@Kopernicus:FOR[RealSolarSystem] to Kopernicus/Config/System.cfg/Kopernicus[Solar System]
[LOG 14:12:33.597] Applying update RealSolarSystem/RSSKopernicus/Jupiter/Io/@Kopernicus:FOR[RealSolarSystem] to Kopernicus/Config/System.cfg/Kopernicus[Solar System]
[LOG 14:12:33.602] Applying update RealSolarSystem/RSSKopernicus/Jupiter/Jupiter/@Kopernicus:FOR[RealSolarSystem] to Kopernicus/Config/System.cfg/Kopernicus[Solar System]
[LOG 14:12:33.617] Applying update RealSolarSystem/RSSKopernicus/Jupiter/Jupiter_Oblate/@Kopernicus:FOR[RealSolarSystem] to Kopernicus/Config/System.cfg/Kopernicus[Solar System]
[LOG 14:12:33.618] Applying update RealSolarSystem/RSSKopernicus/Mars/Deimos/@Kopernicus:FOR[RealSolarSystem] to Kopernicus/Config/System.cfg/Kopernicus[Solar System]
[LOG 14:12:33.620] Applying update RealSolarSystem/RSSKopernicus/Mars/Mars/@Kopernicus:FOR[RealSolarSystem] to Kopernicus/Config/System.cfg/Kopernicus[Solar System]
[LOG 14:12:33.622] Applying update RealSolarSystem/RSSKopernicus/Mars/Phobos/@Kopernicus:FOR[RealSolarSystem] to Kopernicus/Config/System.cfg/Kopernicus[Solar System]
[LOG 14:12:33.625] Applying update RealSolarSystem/RSSKopernicus/Mercury/Mercury/@Kopernicus:FOR[RealSolarSystem] to Kopernicus/Config/System.cfg/Kopernicus[Solar System]
[LOG 14:12:33.627] Applying update RealSolarSystem/RSSKopernicus/Neptune/Neptune/@Kopernicus:FOR[RealSolarSystem] to Kopernicus/Config/System.cfg/Kopernicus[Solar System]
[LOG 14:12:33.629] Applying update RealSolarSystem/RSSKopernicus/Neptune/Neptune_Oblate/@Kopernicus:FOR[RealSolarSystem] to Kopernicus/Config/System.cfg/Kopernicus[Solar System]
[LOG 14:12:33.631] Applying update RealSolarSystem/RSSKopernicus/Neptune/Triton/@Kopernicus:FOR[RealSolarSystem] to Kopernicus/Config/System.cfg/Kopernicus[Solar System]
[LOG 14:12:33.633] Applying update RealSolarSystem/RSSKopernicus/Neptune/Triton_Rotation/@Kopernicus:FOR[RealSolarSystem] to Kopernicus/Config/System.cfg/Kopernicus[Solar System]
[LOG 14:12:33.636] Applying update RealSolarSystem/RSSKopernicus/Pluto/Charon/@Kopernicus:FOR[RealSolarSystem] to Kopernicus/Config/System.cfg/Kopernicus[Solar System]
[LOG 14:12:33.643] Applying update RealSolarSystem/RSSKopernicus/Pluto/Pluto/@Kopernicus:FOR[RealSolarSystem] to Kopernicus/Config/System.cfg/Kopernicus[Solar System]
[LOG 14:12:33.645] Applying update RealSolarSystem/RSSKopernicus/Pluto/RotationPeriod/@Kopernicus:FOR[RealSolarSystem] to Kopernicus/Config/System.cfg/Kopernicus[Solar System]
[LOG 14:12:33.648] Applying update RealSolarSystem/RSSKopernicus/Saturn/Dione/@Kopernicus:FOR[RealSolarSystem] to Kopernicus/Config/System.cfg/Kopernicus[Solar System]
[LOG 14:12:33.652] Applying update RealSolarSystem/RSSKopernicus/Saturn/Enceladus/@Kopernicus:FOR[RealSolarSystem] to Kopernicus/Config/System.cfg/Kopernicus[Solar System]
[LOG 14:12:33.656] Applying update RealSolarSystem/RSSKopernicus/Saturn/Iapetus/@Kopernicus:FOR[RealSolarSystem] to Kopernicus/Config/System.cfg/Kopernicus[Solar System]
[LOG 14:12:33.660] Applying update RealSolarSystem/RSSKopernicus/Saturn/Mimas/@Kopernicus:FOR[RealSolarSystem] to Kopernicus/Config/System.cfg/Kopernicus[Solar System]
[LOG 14:12:33.663] Applying update RealSolarSystem/RSSKopernicus/Saturn/Rhea/@Kopernicus:FOR[RealSolarSystem] to Kopernicus/Config/System.cfg/Kopernicus[Solar System]
[LOG 14:12:33.668] Applying update RealSolarSystem/RSSKopernicus/Saturn/Saturn/@Kopernicus:FOR[RealSolarSystem] to Kopernicus/Config/System.cfg/Kopernicus[Solar System]
[LOG 14:12:33.674] Applying update RealSolarSystem/RSSKopernicus/Saturn/Saturn_Oblate/@Kopernicus:FOR[RealSolarSystem] to Kopernicus/Config/System.cfg/Kopernicus[Solar System]
[LOG 14:12:33.678] Applying update RealSolarSystem/RSSKopernicus/Saturn/Tethys/@Kopernicus:FOR[RealSolarSystem] to Kopernicus/Config/System.cfg/Kopernicus[Solar System]
[LOG 14:12:33.683] Applying update RealSolarSystem/RSSKopernicus/Saturn/Titan/@Kopernicus:FOR[RealSolarSystem] to Kopernicus/Config/System.cfg/Kopernicus[Solar System]
[LOG 14:12:33.697] Applying update RealSolarSystem/RSSKopernicus/Uranus/Ariel/@Kopernicus:FOR[RealSolarSystem] to Kopernicus/Config/System.cfg/Kopernicus[Solar System]
[LOG 14:12:33.713] Applying update RealSolarSystem/RSSKopernicus/Uranus/Miranda/@Kopernicus:FOR[RealSolarSystem] to Kopernicus/Config/System.cfg/Kopernicus[Solar System]
[LOG 14:12:33.724] Applying update RealSolarSystem/RSSKopernicus/Uranus/Oberon/@Kopernicus:FOR[RealSolarSystem] to Kopernicus/Config/System.cfg/Kopernicus[Solar System]
[LOG 14:12:33.728] Applying update RealSolarSystem/RSSKopernicus/Uranus/Titania/@Kopernicus:FOR[RealSolarSystem] to Kopernicus/Config/System.cfg/Kopernicus[Solar System]
[LOG 14:12:33.734] Applying update RealSolarSystem/RSSKopernicus/Uranus/Umbriel/@Kopernicus:FOR[RealSolarSystem] to Kopernicus/Config/System.cfg/Kopernicus[Solar System]
[LOG 14:12:33.741] Applying update RealSolarSystem/RSSKopernicus/Uranus/Uranus/@Kopernicus:FOR[RealSolarSystem] to Kopernicus/Config/System.cfg/Kopernicus[Solar System]
[LOG 14:12:33.749] Applying update RealSolarSystem/RSSKopernicus/Uranus/Uranus_Oblate/@Kopernicus:FOR[RealSolarSystem] to Kopernicus/Config/System.cfg/Kopernicus[Solar System]
[LOG 14:12:33.753] Applying update RealSolarSystem/RSSKopernicus/Venus/Venus/@Kopernicus:FOR[RealSolarSystem] to Kopernicus/Config/System.cfg/Kopernicus[Solar System]
[LOG 14:12:33.757] Applying update RealSolarSystem/RSSKopernicus/Vesta/Vesta/@Kopernicus:FOR[RealSolarSystem] to Kopernicus/Config/System.cfg/Kopernicus[Solar System]
[LOG 14:12:33.762] :AFTER[REALSOLARSYSTEM] pass
[LOG 14:12:33.762] Applying update RealSolarSystem/RSS_CommNet_Stations/@Kopernicus:AFTER[RealSolarSystem] to Kopernicus/Config/System.cfg/Kopernicus[Solar System]
[LOG 14:12:33.806] Applying update RealSolarSystem/Compatibility/BreakingGround/@DEPLOYEDSCIENCE:AFTER[RealSolarSystem] to SquadExpansion/Serenity/Resources/DeployedScience.cfg/DEPLOYEDSCIENCE
[LOG 14:12:33.806] Applying update RealSolarSystem/Compatibility/BreakingGround/@DEPLOYEDSCIENCE:AFTER[RealSolarSystem] to SquadExpansion/Serenity/Resources/DeployedScience.cfg/DEPLOYEDSCIENCE
[LOG 14:12:33.814] Applying update RealSolarSystem/RSSKopernicus/NavballSwitchAltitude/@Kopernicus:AFTER[RealSolarSystem] to Kopernicus/Config/System.cfg/Kopernicus[Solar System]
[LOG 14:12:33.841] :BEFORE[RSS-TEXTURES] pass
[LOG 14:12:33.841] :FOR[RSS-TEXTURES] pass
[LOG 14:12:33.841] :AFTER[RSS-TEXTURES] pass
[LOG 14:12:33.841] :BEFORE[SHARPDX] pass
[LOG 14:12:33.841] :FOR[SHARPDX] pass
[LOG 14:12:33.841] :AFTER[SHARPDX] pass
[LOG 14:12:33.841] :BEFORE[SHARPDX.DIRECT3D11] pass
[LOG 14:12:33.841] :FOR[SHARPDX.DIRECT3D11] pass
[LOG 14:12:33.841] :AFTER[SHARPDX.DIRECT3D11] pass
[LOG 14:12:33.841] :BEFORE[SHARPDX.DXGI] pass
[LOG 14:12:33.841] :FOR[SHARPDX.DXGI] pass
[LOG 14:12:33.841] :AFTER[SHARPDX.DXGI] pass
[LOG 14:12:33.841] :BEFORE[SQUAD] pass
[LOG 14:12:33.841] :FOR[SQUAD] pass
[LOG 14:12:33.841] :AFTER[SQUAD] pass
[LOG 14:12:33.841] :BEFORE[SQUADEXPANSION] pass
[LOG 14:12:33.841] :FOR[SQUADEXPANSION] pass
[LOG 14:12:33.841] :AFTER[SQUADEXPANSION] pass
[LOG 14:12:33.841] :BEFORE[TERRAINPRECISIONFIXDIAGMOD] pass
[LOG 14:12:33.841] :FOR[TERRAINPRECISIONFIXDIAGMOD] pass
[LOG 14:12:33.841] :AFTER[TERRAINPRECISIONFIXDIAGMOD] pass
[LOG 14:12:33.841] :BEFORE[VGPEOFF] pass
[LOG 14:12:33.841] :FOR[VGPEOFF] pass
[LOG 14:12:33.841] :AFTER[VGPEOFF] pass
[LOG 14:12:33.841] :BEFORE[WORLDSTABILIZER] pass
[LOG 14:12:33.841] :FOR[WORLDSTABILIZER] pass
[LOG 14:12:33.841] :AFTER[WORLDSTABILIZER] pass
[LOG 14:12:33.844] :LAST[999_KSP-RECALL] pass
[LOG 14:12:33.883] :LAST[KOP_MULTI_STAR] pass
[LOG 14:12:33.964] Applying update Kopernicus/Config/SolarPanels/@PART:HAS[@MODULE[ModuleDeployableSolarPanel]]:LAST[KOP_MULTI_STAR] to Squad/Parts/Electrical/10CSolarPanels/OX-10C.cfg/PART[solarPanelOX10C]
[LOG 14:12:33.964] Applying update Kopernicus/Config/SolarPanels/@PART:HAS[@MODULE[ModuleDeployableSolarPanel]]:LAST[KOP_MULTI_STAR] to Squad/Parts/Electrical/10CSolarPanels/SP-10C.cfg/PART[solarPanelSP10C]
[LOG 14:12:33.964] Applying update Kopernicus/Config/SolarPanels/@PART:HAS[@MODULE[ModuleDeployableSolarPanel]]:LAST[KOP_MULTI_STAR] to Squad/Parts/Electrical/10LSolarPanels/OX-10L.cfg/PART[solarPanelOX10L]
[LOG 14:12:33.964] Applying update Kopernicus/Config/SolarPanels/@PART:HAS[@MODULE[ModuleDeployableSolarPanel]]:LAST[KOP_MULTI_STAR] to Squad/Parts/Electrical/10LSolarPanels/SP-10L.cfg/PART[solarPanelSP10L]
[LOG 14:12:33.964] Applying update Kopernicus/Config/SolarPanels/@PART:HAS[@MODULE[ModuleDeployableSolarPanel]]:LAST[KOP_MULTI_STAR] to Squad/Parts/Electrical/1x6ShroudSolarPanels/1x6ShroudSolarPanels.cfg/PART[solarPanels2]
[LOG 14:12:33.965] Applying update Kopernicus/Config/SolarPanels/@PART:HAS[@MODULE[ModuleDeployableSolarPanel]]:LAST[KOP_MULTI_STAR] to Squad/Parts/Electrical/1x6SolarPanels/1x6SolarPanels.cfg/PART[solarPanels4]
[LOG 14:12:33.965] Applying update Kopernicus/Config/SolarPanels/@PART:HAS[@MODULE[ModuleDeployableSolarPanel]]:LAST[KOP_MULTI_STAR] to Squad/Parts/Electrical/3x2ShroudSolarPanels/3x2ShroudSolarPanels.cfg/PART[solarPanels1]
[LOG 14:12:33.965] Applying update Kopernicus/Config/SolarPanels/@PART:HAS[@MODULE[ModuleDeployableSolarPanel]]:LAST[KOP_MULTI_STAR] to Squad/Parts/Electrical/3x2SolarPanels/3x2SolarPanels.cfg/PART[solarPanels3]
[LOG 14:12:33.965] Applying update Kopernicus/Config/SolarPanels/@PART:HAS[@MODULE[ModuleDeployableSolarPanel]]:LAST[KOP_MULTI_STAR] to Squad/Parts/Electrical/gigantorXlSolarArray/gigantorXlSolarArray.cfg/PART[largeSolarPanel]
[LOG 14:12:33.965] Applying update Kopernicus/Config/SolarPanels/@PART:HAS[@MODULE[ModuleDeployableSolarPanel]]:LAST[KOP_MULTI_STAR] to Squad/Parts/Electrical/radialFlatSolarPanel/radialFlatSolarPanel.cfg/PART[solarPanels5]
[LOG 14:12:33.966] Applying update Kopernicus/Config/SolarPanels/@PART:HAS[@MODULE[ModuleDeployableSolarPanel]]:LAST[KOP_MULTI_STAR] to Squad/Parts/Misc/AsteroidDay/LgRadialSolar.cfg/PART[LgRadialSolarPanel]
[LOG 14:12:33.972] Applying update Kopernicus/Config/SolarPanels/@Kopernicus_config:LAST[KOP_MULTI_STAR] to Kopernicus/Config/01_DefaultConfig.cfg/Kopernicus_config
[LOG 14:12:33.973] Applying update Kopernicus/Config/SolarPanels/@Kopernicus:LAST[KOP_MULTI_STAR] to Kopernicus/Config/System.cfg/Kopernicus[Solar System]
[LOG 14:12:33.985] Applying update Kopernicus/Config/SolarPanels/@PART:HAS[@MODULE[ModuleDeployableSolarPanel],~useKopernicusSolarPanels[false]]:LAST[KOP_MULTI_STAR] to Squad/Parts/Electrical/10CSolarPanels/OX-10C.cfg/PART[solarPanelOX10C]
[LOG 14:12:33.985] Applying update Kopernicus/Config/SolarPanels/@PART:HAS[@MODULE[ModuleDeployableSolarPanel],~useKopernicusSolarPanels[false]]:LAST[KOP_MULTI_STAR] to Squad/Parts/Electrical/10CSolarPanels/SP-10C.cfg/PART[solarPanelSP10C]
[LOG 14:12:33.985] Applying update Kopernicus/Config/SolarPanels/@PART:HAS[@MODULE[ModuleDeployableSolarPanel],~useKopernicusSolarPanels[false]]:LAST[KOP_MULTI_STAR] to Squad/Parts/Electrical/10LSolarPanels/OX-10L.cfg/PART[solarPanelOX10L]
[LOG 14:12:33.986] Applying update Kopernicus/Config/SolarPanels/@PART:HAS[@MODULE[ModuleDeployableSolarPanel],~useKopernicusSolarPanels[false]]:LAST[KOP_MULTI_STAR] to Squad/Parts/Electrical/10LSolarPanels/SP-10L.cfg/PART[solarPanelSP10L]
[LOG 14:12:33.986] Applying update Kopernicus/Config/SolarPanels/@PART:HAS[@MODULE[ModuleDeployableSolarPanel],~useKopernicusSolarPanels[false]]:LAST[KOP_MULTI_STAR] to Squad/Parts/Electrical/1x6ShroudSolarPanels/1x6ShroudSolarPanels.cfg/PART[solarPanels2]
[LOG 14:12:33.986] Applying update Kopernicus/Config/SolarPanels/@PART:HAS[@MODULE[ModuleDeployableSolarPanel],~useKopernicusSolarPanels[false]]:LAST[KOP_MULTI_STAR] to Squad/Parts/Electrical/1x6SolarPanels/1x6SolarPanels.cfg/PART[solarPanels4]
[LOG 14:12:33.986] Applying update Kopernicus/Config/SolarPanels/@PART:HAS[@MODULE[ModuleDeployableSolarPanel],~useKopernicusSolarPanels[false]]:LAST[KOP_MULTI_STAR] to Squad/Parts/Electrical/3x2ShroudSolarPanels/3x2ShroudSolarPanels.cfg/PART[solarPanels1]
[LOG 14:12:33.986] Applying update Kopernicus/Config/SolarPanels/@PART:HAS[@MODULE[ModuleDeployableSolarPanel],~useKopernicusSolarPanels[false]]:LAST[KOP_MULTI_STAR] to Squad/Parts/Electrical/3x2SolarPanels/3x2SolarPanels.cfg/PART[solarPanels3]
[LOG 14:12:33.986] Applying update Kopernicus/Config/SolarPanels/@PART:HAS[@MODULE[ModuleDeployableSolarPanel],~useKopernicusSolarPanels[false]]:LAST[KOP_MULTI_STAR] to Squad/Parts/Electrical/gigantorXlSolarArray/gigantorXlSolarArray.cfg/PART[largeSolarPanel]
[LOG 14:12:33.986] Applying update Kopernicus/Config/SolarPanels/@PART:HAS[@MODULE[ModuleDeployableSolarPanel],~useKopernicusSolarPanels[false]]:LAST[KOP_MULTI_STAR] to Squad/Parts/Electrical/radialFlatSolarPanel/radialFlatSolarPanel.cfg/PART[solarPanels5]
[LOG 14:12:33.990] Applying update Kopernicus/Config/SolarPanels/@PART:HAS[@MODULE[ModuleDeployableSolarPanel],~useKopernicusSolarPanels[false]]:LAST[KOP_MULTI_STAR] to Squad/Parts/Misc/AsteroidDay/LgRadialSolar.cfg/PART[LgRadialSolarPanel]
[LOG 14:12:34.199] Applying update Kopernicus/Config/SolarPanels/@PART:HAS[#__kop_star_count]:LAST[KOP_MULTI_STAR] to Squad/Parts/Electrical/10CSolarPanels/OX-10C.cfg/PART[solarPanelOX10C]
[LOG 14:12:34.199] Applying update Kopernicus/Config/SolarPanels/@PART:HAS[#__kop_star_count]:LAST[KOP_MULTI_STAR] to Squad/Parts/Electrical/10CSolarPanels/SP-10C.cfg/PART[solarPanelSP10C]
[LOG 14:12:34.199] Applying update Kopernicus/Config/SolarPanels/@PART:HAS[#__kop_star_count]:LAST[KOP_MULTI_STAR] to Squad/Parts/Electrical/10LSolarPanels/OX-10L.cfg/PART[solarPanelOX10L]
[LOG 14:12:34.199] Applying update Kopernicus/Config/SolarPanels/@PART:HAS[#__kop_star_count]:LAST[KOP_MULTI_STAR] to Squad/Parts/Electrical/10LSolarPanels/SP-10L.cfg/PART[solarPanelSP10L]
[LOG 14:12:34.199] Applying update Kopernicus/Config/SolarPanels/@PART:HAS[#__kop_star_count]:LAST[KOP_MULTI_STAR] to Squad/Parts/Electrical/1x6ShroudSolarPanels/1x6ShroudSolarPanels.cfg/PART[solarPanels2]
[LOG 14:12:34.199] Applying update Kopernicus/Config/SolarPanels/@PART:HAS[#__kop_star_count]:LAST[KOP_MULTI_STAR] to Squad/Parts/Electrical/1x6SolarPanels/1x6SolarPanels.cfg/PART[solarPanels4]
[LOG 14:12:34.199] Applying update Kopernicus/Config/SolarPanels/@PART:HAS[#__kop_star_count]:LAST[KOP_MULTI_STAR] to Squad/Parts/Electrical/3x2ShroudSolarPanels/3x2ShroudSolarPanels.cfg/PART[solarPanels1]
[LOG 14:12:34.200] Applying update Kopernicus/Config/SolarPanels/@PART:HAS[#__kop_star_count]:LAST[KOP_MULTI_STAR] to Squad/Parts/Electrical/3x2SolarPanels/3x2SolarPanels.cfg/PART[solarPanels3]
[LOG 14:12:34.200] Applying update Kopernicus/Config/SolarPanels/@PART:HAS[#__kop_star_count]:LAST[KOP_MULTI_STAR] to Squad/Parts/Electrical/gigantorXlSolarArray/gigantorXlSolarArray.cfg/PART[largeSolarPanel]
[LOG 14:12:34.200] Applying update Kopernicus/Config/SolarPanels/@PART:HAS[#__kop_star_count]:LAST[KOP_MULTI_STAR] to Squad/Parts/Electrical/radialFlatSolarPanel/radialFlatSolarPanel.cfg/PART[solarPanels5]
[LOG 14:12:34.200] Applying update Kopernicus/Config/SolarPanels/@PART:HAS[#__kop_star_count]:LAST[KOP_MULTI_STAR] to Squad/Parts/Misc/AsteroidDay/LgRadialSolar.cfg/PART[LgRadialSolarPanel]
[LOG 14:12:34.202] Applying update Kopernicus/Config/SolarPanels/@Kopernicus_config:LAST[KOP_MULTI_STAR] to Kopernicus/Config/01_DefaultConfig.cfg/Kopernicus_config
[LOG 14:12:34.202] :LAST[REALSOLARSYSTEM] pass
[LOG 14:12:34.202] :LAST[ZKOPERNICUS] pass
[LOG 14:12:34.202] Applying update Kopernicus/Config/02_ConfigCompat/@Kopernicus_config_backup:LAST[zKopernicus] to Kopernicus/Config/02_ConfigCompat.cfg/Kopernicus_config_backup
[LOG 14:12:34.203] Applying update Kopernicus/Config/02_ConfigCompat/@Kopernicus_config:LAST[zKopernicus] to Kopernicus/Config/01_DefaultConfig.cfg/Kopernicus_config
[LOG 14:12:34.203] Applying update Kopernicus/Config/02_ConfigCompat/@Kopernicus_config:LAST[zKopernicus] to Kopernicus/Config/01_DefaultConfig.cfg/Kopernicus_config
[LOG 14:12:34.204] Applying update Kopernicus/Config/02_ConfigCompat/@Kopernicus_config_backup:LAST[zKopernicus] to Kopernicus/Config/02_ConfigCompat.cfg/Kopernicus_config_backup
[LOG 14:12:34.204] Applying update Kopernicus/Config/Kopernicus_Config/@Kopernicus_config:LAST[zKopernicus] to Kopernicus/Config/01_DefaultConfig.cfg/Kopernicus_config
[LOG 14:12:34.204] :FINAL pass
[LOG 14:12:34.204] Applying update Kopernicus/Config/KSPCF_DisableMapSOPatches/@KSP_COMMUNITY_FIXES:FINAL to KSPCommunityFixes/Settings.cfg/KSP_COMMUNITY_FIXES
[LOG 14:12:34.204] Done patching
[LOG 14:12:34.204] Saving Cache
[LOG 14:12:34.304] Saving cache
[LOG 14:12:34.895] ModuleManager: 217 patches applied

[LOG 14:12:34.895] Ran in 2.576s
[LOG 14:12:34.934] Done!



#### END MODULEMANAGER LOG ####
[LOG 14:12:37.096] [ModuleManager] Running tests...
[LOG 14:12:37.096] [ModuleManager] tests complete.
[LOG 14:12:37.097] [ModuleManager] Reloading resources definitions
[LOG 14:12:37.098] Resource LiquidFuel added to database
[LOG 14:12:37.098] Resource Oxidizer added to database
[LOG 14:12:37.098] Resource SolidFuel added to database
[LOG 14:12:37.098] Resource MonoPropellant added to database
[LOG 14:12:37.098] Resource XenonGas added to database
[LOG 14:12:37.098] Resource ElectricCharge added to database
[LOG 14:12:37.098] Resource IntakeAir added to database
[LOG 14:12:37.098] Resource EVA Propellant added to database
[LOG 14:12:37.098] Resource Ore added to database
[LOG 14:12:37.099] Resource Ablator added to database
[LOG 14:12:37.099] [ModuleManager] Reloading Trait configs
[LOG 14:12:37.099] ExperienceSystemConfig: Added Effect 'DeployedSciencePowerSkill' to Trait 'Ingénieur'
[LOG 14:12:37.099] ExperienceSystemConfig: Added Effect 'DeployedScienceExpSkill' to Trait 'Scientifique'
[LOG 14:12:37.099] [ModuleManager] Reloading Part Upgrades
[LOG 14:12:37.100] [ModuleManager] Setting modded physics as the active one
[LOG 14:12:37.104] PhysicsGlobals: Loading database
[LOG 14:12:37.105] [ModuleManager] Running post patch callbacks
[LOG 14:12:37.122] [KSPCommunityFixes] Patch AutoStrutDrift applied.
[LOG 14:12:37.125] [KSPCommunityFixes] Patch EditorAnimatedPartsShipModified applied.
[LOG 14:12:37.131] [KSPCommunityFixes] Patch DragCubeLoadException applied.
[LOG 14:12:37.136] [KSPCommunityFixes] Patch DoubleCurvePreserveTangents applied.
[LOG 14:12:37.186] [KSPCommunityFixes] Patch DockingPortRotationDriftAndFixes applied.
[LOG 14:12:37.234] [KSPCommunityFixes] Patch DockingPortConserveMomentum applied.
[LOG 14:12:37.239] [KSPCommunityFixes] Patch DebugConsoleDontStealInput applied.
[LOG 14:12:37.244] [KSPCommunityFixes] Patch CorrectDragForFlags applied.
[LOG 14:12:37.245] [KSPCommunityFixes] Patch CometMiningNotRemovingMass applied.
[LOG 14:12:37.251] [KSPCommunityFixes] Patch ChutePhantomSymmetry applied.
[LOG 14:12:37.254] [KSPCommunityFixes] Patch CometSpawnerUniqueFlightId applied.
[LOG 14:12:37.256] [KSPCommunityFixes] Patch AsteroidSpawnerUniqueFlightId applied.
[LOG 14:12:37.257] [KSPCommunityFixes] Patch AsteroidInfiniteMining applied.
[LOG 14:12:37.286] [KSPCommunityFixes] Patch PersistentIConfigNode applied.
[LOG 14:12:37.286] [KSPCommunityFixes] Patch OnSymmetryFieldChanged not applied (not enabled in Settings.cfg)
[LOG 14:12:37.286] [KSPCommunityFixes] Patch ModUpgradePipeline not applied (not enabled in Settings.cfg)
[LOG 14:12:37.286] [KSPCommunityFixes] Patch KSPFieldEnumDesc not applied (not enabled in Settings.cfg)
[LOG 14:12:37.288] [KSPCommunityFixes] Patch EventProfilerMarkers not applied (not enabled in Settings.cfg)
[LOG 14:12:37.288] [KSPCommunityFixes] Patch DockingPortLockedEvents not applied (not enabled in Settings.cfg)
[LOG 14:12:37.291] [KSPCommunityFixes] Patch DepartmentHeadImage applied.
[LOG 14:12:37.303] [KSPCommunityFixes] Patch BaseFieldListUseFieldHost applied.
[LOG 14:12:37.332] [KSPCommunityFixes] Patch ResourceConverterPerf applied.
[LOG 14:12:37.341] [KSPCommunityFixes] Patch ProgressTrackingSpeedBoost applied.
[LOG 14:12:37.344] [KSPCommunityFixes] Patch PQSUpdateNoMemoryAlloc applied.
[LOG 14:12:37.344] [KSPCommunityFixes] Patch PQSOnlyStartOnce not applied (not enabled in Settings.cfg)
[LOG 14:12:37.356] [KSPCommunityFixes] Patch PQSCoroutineLeak applied.
[LOG 14:12:37.391] [KSPCommunityFixes] Patch PartSystemsFastUpdate applied.
[LOG 14:12:37.421] [KSPCommunityFixes] Patch PartParsingPerf applied.
[LOG 14:12:37.427] [KSPCommunityFixes] Patch EnginePlateAirstreamShieldedTopPart applied.
[LOG 14:12:37.442] [KSPCommunityFixes] Patch EVAConstructionMass applied.
[LOG 14:12:37.449] [KSPCommunityFixes] Patch EVAConstructionUninitializedInventory applied.
[LOG 14:12:37.456] [KSPCommunityFixes] Patch EVAKerbalRecovery applied.
[LOG 14:12:37.462] [KSPCommunityFixes] Patch TimeWarpOrbitShift applied.
[LOG 14:12:37.464] [KSPCommunityFixes] Patch TimeWarpBodyCollision applied.
[LOG 14:12:37.477] [KSPCommunityFixes] Patch ThumbnailSpotlight applied.
[LOG 14:12:37.483] [KSPCommunityFixes] Patch SymmetryReferenceOnDelete applied.
[LOG 14:12:37.483] [KSPCommunityFixes] Patch StrategyDuration not applied (not enabled in Settings.cfg)
[LOG 14:12:37.485] [KSPCommunityFixes] Patch StockAlarmDescPreserveLineBreak applied.
[LOG 14:12:37.515] [KSPCommunityFixes] Patch StickySplashedFixer applied.
[LOG 14:12:37.515] [KSPCommunityFixes] Patch ScatterDistribution not applied (not enabled in Settings.cfg)
[LOG 14:12:37.545] [KSPCommunityFixes] Patch RoboticsDrift applied.
[LOG 14:12:37.547] [KSPCommunityFixes] Patch RestoreMaxPhysicsDT applied.
[LOG 14:12:37.567] [KSPCommunityFixes] Patch RespawnDeadKerbals applied.
[LOG 14:12:37.572] [KSPCommunityFixes] Patch RescaledRoboticParts applied.
[LOG 14:12:37.575] [KSPCommunityFixes] Patch ReRootPreserveSurfaceAttach applied.
[LOG 14:12:37.599] [KSPCommunityFixes] Patch OptimizedModuleRaycasts applied.
[LOG 14:12:37.608] GetSubclassesOfParentClass: Found 1 types with ModuleInventoryPart parent in 17 assemblies.
[LOG 14:12:37.613] [KSPCommunityFixes] Patch RefundingOnRecovery applied.
[LOG 14:12:37.613] [KSPCommunityFixes] Patch PatchedConicEncounterFlickering applied.
[LOG 14:12:37.626] [KSPCommunityFixes] Patch PartListTooltipIconSpin applied.
[LOG 14:12:37.630] [KSPCommunityFixes] Patch PackedPartsRotation applied.
[LOG 14:12:37.645] [KSPCommunityFixes] Patch ModulePartVariantsNodePersistence applied.
[LOG 14:12:37.648] [KSPCommunityFixes] Patch ModuleAnimateGenericCrewModSpawnIVA applied.
[LOG 14:12:37.650] [KSPCommunityFixes] Patch ModuleActiveRadiatorNoParentException applied.
[LOG 14:12:37.653] [KSPCommunityFixes] Patch MapTargetBodyWithEncounter applied.
[LOG 14:12:37.657] [KSPCommunityFixes] Patch LostSoundAfterSceneSwitch applied.
[LOG 14:12:37.666] [KSPCommunityFixes] Patch LadderToggleableLight applied.
[LOG 14:12:37.681] [KSPCommunityFixes] Patch InventoryPartMass applied.
[LOG 14:12:37.689] [KSPCommunityFixes] Patch HarvesterECConsumption applied.
[LOG 14:12:37.690] [KSPCommunityFixes] Patch FixGetUnivseralTime applied.
[LOG 14:12:37.702] [KSPCommunityFixes] Patch ExtendedDeployableParts applied.
[LOG 14:12:37.704] [KSPCommunityFixes] Patch PropellantFlowDescription applied.
[LOG 14:12:37.735] [KSPCommunityFixes] Patch OptimisedVectorLines applied.
[LOG 14:12:37.749] [KSPCommunityFixes] Patch ModuleDockingNodeFindOtherNodesFaster applied.
[LOG 14:12:37.760] [KSPCommunityFixes] Patch ModuleColorChangerOptimization applied.
[LOG 14:12:37.766] [KSPCommunityFixes] Patch AutoSavedCraftNameAtLaunch applied.
[LOG 14:12:37.793] [KSPCommunityFixes] Patch PAWCollapsedInventories applied.
[LOG 14:12:37.797] [KSPCommunityFixes] Patch UIFloatEditNumericInput applied.
[LOG 14:12:37.825] [KSPCommunityFixes] Patch PAWStockGroups applied.
[LOG 14:12:37.837] [KSPCommunityFixes] Patch AltimeterHorizontalPosition applied.
[LOG 14:12:37.846] [KSPCommunityFixes] Patch SceneLoadSpeedBoost applied.
[LOG 14:12:37.891] [KSPCommunityFixes] Patch OnDemandPartBuoyancy applied.
[LOG 14:12:37.892] [KSPCommunityFixes] Patch ForceSyncSceneSwitch applied.
[LOG 14:12:37.892] [KSPCommunityFixes] Patch FewerSaves not applied (not enabled in Settings.cfg)
[LOG 14:12:37.893] [KSPCommunityFixes] Patch WheelInertiaLimit applied.
[LOG 14:12:37.893] [KSPCommunityFixes] Patch StockAlarmCustomFormatterDate isn't applicable to this KSP version.
[LOG 14:12:37.893] [KSPCommunityFixes] Patch ROCValidationOOR not applied (not enabled in Settings.cfg)
[LOG 14:12:37.897] [KSPCommunityFixes] Patch ZeroCostTechNodes applied.
[LOG 14:12:37.899] [KSPCommunityFixes] Patch ReactionWheelsPotentialTorque applied.
[LOG 14:12:37.904] [KSPCommunityFixes] Patch PAWGroupMemory applied.
[LOG 14:12:37.950] [KSPCommunityFixes] Patch PartStartStability applied.
[LOG 14:12:37.957] [KSPCommunityFixes] Patch PartBoundsIgnoreDisabledTransforms applied.
[LOG 14:12:38.005] [KSPCommunityFixes] Patch ModuleIndexingMismatch applied.
[LOG 14:12:38.006] [KSPCommunityFixes] Patch MapSOCorrectWrapping not applied (not enabled in Settings.cfg)
[LOG 14:12:38.006] [KSPCommunityFixes] Patch KerbalTooltipMaxSustainedG applied.
[LOG 14:12:38.010] [KSPCommunityFixes] Patch KerbalInventoryPersistence applied.
[LOG 14:12:38.010] [KSPCommunityFixes] Patch FlightSceneLoadKraken not applied (not enabled in Settings.cfg)
[LOG 14:12:38.013] [KSPCommunityFixes] Patch FIUpdateRadiation applied.
[LOG 14:12:38.019] [KSPCommunityFixes] Patch FastAndFixedEnumExtensions applied.
[LOG 14:12:38.078] [KSPCommunityFixes] Patch DeltaVHideWhenDisabled applied.
[LOG 14:12:38.083] [KSPCommunityFixes] Patch BlockMapViewPartClick applied.
[LOG 14:12:38.087] [KSPCommunityFixes] Patch PAWItemsOrder applied.
[LOG 14:12:38.150] [KSPCommunityFixes] Patch BetterEditorUndoRedo applied.
[LOG 14:12:38.163] [KSPCommunityFixes] Patch AutostrutActions applied.
[LOG 14:12:38.163] [KSPCommunityFixes] Patch DisableNewGameIntro not applied (not enabled in Settings.cfg)
[LOG 14:12:38.200] [KSPCommunityFixes] Patch MinorPerfTweaks applied.
[LOG 14:12:38.289] [KSPCommunityFixes] Patch MemoryLeaks applied.
[LOG 14:12:38.297] [KSPCommunityFixes] Patch LowerMinPhysicsDTPerFrame applied.
[LOG 14:12:38.301] [KSPCommunityFixes] Patch LocalizerPerf applied.
[LOG 14:12:38.304] [KSPCommunityFixes] Patch IMGUIOptimization applied.
[LOG 14:12:38.326] [KSPCommunityFixes] Patch FloatingOriginPerf applied.
[LOG 14:12:38.406] [KSPCommunityFixes] Patch FlightIntegratorPerf applied.
[LOG 14:12:38.412] [KSPCommunityFixes] Patch FasterPartFindTransform applied.
[LOG 14:12:38.426] [KSPCommunityFixes] Patch FasterEditorPartList applied.
[LOG 14:12:38.428] [KSPCommunityFixes] Patch ExpansionBundlePreload applied.
[LOG 14:12:38.442] [KSPCommunityFixes] Patch DragCubeGeneration applied.
[LOG 14:12:38.446] [KSPCommunityFixes] Patch DisableMapUpdateInFlight applied.
[LOG 14:12:38.447] [KSPCommunityFixes] Patch DisableHiddenPortraits applied.
[LOG 14:12:38.449] [KSPCommunityFixes] Patch DisableManeuverTool applied.
[LOG 14:12:38.472] [KSPCommunityFixes] Patch CraftBrowserOptimisations applied.
[LOG 14:12:38.475] [KSPCommunityFixes] Patch CommNetThrottling applied.
[LOG 14:12:38.480] [KSPCommunityFixes] Patch FairingMouseOverPersistence applied.
[LOG 14:12:38.500] [KSPCommunityFixes] Patch OptionalMakingHistoryDLCFeatures applied.
[LOG 14:12:38.504] [KSPCommunityFixes] Patch ResourceLockActions applied.
[LOG 14:12:38.512] [KSPCommunityFixes] Patch ShowContractFinishDates applied.
[LOG 14:12:38.523] [KSPCommunityFixes] Patch TargetParentBody applied.
[LOG 14:12:38.543] [KSPCommunityFixes] Patch ToolbarShowHide applied.
[LOG 14:12:38.545] [KSPCommunityFixes] Patch ContractProgressEnumCache applied.
[LOG 14:12:38.557] [KSPCommunityFixes] Patch ActiveRadiatorPerf applied.
[LOG 14:12:38.561] [KSPCommunityFixes] Patch CargoBayPerf applied.
[LOG 14:12:38.572] [KSPCommunityFixes] Patch CollisionEnhancerFastUpdate applied.
[LOG 14:12:38.577] [KSPCommunityFixes] Patch CollisionManagerFastUpdate applied.
[LOG 14:12:38.583] [KSPCommunityFixes] Patch AsteroidAndCometDrillCache applied.
[LOG 14:12:38.598] [KSPCommunityFixes] Patch TweakableWheelsAutostrut applied.
[LOG 14:12:38.631] [KSPCommunityFixes] Patch PatchSettings applied.
[LOG 14:12:38.702] [KSPCommunityFixes] Patch UpgradeBugs applied.
[LOG 14:12:38.702] [KSPCommunityFixes] Patch PartTooltipUpgradesApplyToSubstituteParts not applied (not enabled in Settings.cfg)
[LOG 14:12:38.780] [ModuleManager] Calling KSPTextureLoader.Config.ModuleManagerPostLoad()
[LOG 14:12:38.784] [ModuleManager] Calling Kopernicus.ConfigLoader.ModuleManagerPostLoad()
[LOG 14:12:38.789] [Kopernicus Configurations] Using: 
[LOG 14:12:38.789] HomeWorldName: Kerbin
[LOG 14:12:38.789] EnforceShaders: False
[LOG 14:12:38.789] WarnShaders: False
[LOG 14:12:38.789] EnforcedShaderLevel: 2
[LOG 14:12:38.789] UseKopernicusAsteroidSystem: True
[LOG 14:12:38.789] SolarRefreshRate: 1
[LOG 14:12:38.789] EnableKopernicusShadowManager: True
[LOG 14:12:38.789] ShadowRangeCap: 50000
[LOG 14:12:38.789] DisableMainMenuMunScene: True
[LOG 14:12:38.789] KSCLightsAlwaysOn: False
[LOG 14:12:38.789] UseOriginalKS2: False
[LOG 14:12:38.789] HandleHomeworldAtmosphericUnitDisplay: True
[LOG 14:12:38.789] UseIncorrectScatterDensityLogic: False
[LOG 14:12:38.789] DisableFarAwayColliders: True
[LOG 14:12:38.789] EnableAtmosphericExtinction: False
[LOG 14:12:38.789] UseStockMohoTemplate: True
[LOG 14:12:38.789] UseOnDemandLoader: True
[LOG 14:12:38.789] UseRealWorldDensity: False
[LOG 14:12:38.789] ApplyDensityMultToMinorObjects: 1
[LOG 14:12:38.789] RecomputeSOIAndHillSpheres: False
[LOG 14:12:38.789] PrincipiaFriendlySOIComputation: False
[LOG 14:12:38.789] LimitRWDensityToStockBodies: True
[LOG 14:12:38.789] UseOlderRWScalingLogic: False
[LOG 14:12:38.790] RescaleFactor: 1
[LOG 14:12:38.790] RealWorldSizeFactor: 10.625
[LOG 14:12:38.790] SettingsWindowXcoord: -70
[LOG 14:12:38.790] SettingsWindowYcoord: 51
[LOG 14:12:38.793] [ModuleManager] Calling ConfigNodePerf.ModuleManagerPostLoad()
[LOG 14:12:38.794] [ModuleManager] Post patch ran in 1.705s
[LOG 14:12:38.819] PartLoader: Creating part database
[LOG 14:12:38.820] PartLoader: Compiling Part 'Squad/Parts/Aero/aerodynamicNoseCone/aerodynamicNoseCone/noseCone'
[LOG 14:12:38.845] EffectList: Created 15 effect types
[LOG 14:12:38.944] PartLoader: Part 'Squad/Parts/Aero/aerodynamicNoseCone/aerodynamicNoseCone/noseCone' has no database record. Creating.
[LOG 14:12:38.944] [DragCubeSystem]: Drag cubes not found or cannot be read for part Part. Generating New drag cubes.
[LOG 14:12:38.945] [KSPCF/DragCubeGeneration] Creating drag cubes for part 'noseCone'
[LOG 14:12:38.984] PartLoader: Compiling Part 'Squad/Parts/Aero/airbrake/Airbrake/airbrake1'
[LOG 14:12:39.017] PartLoader: Part 'Squad/Parts/Aero/airbrake/Airbrake/airbrake1' has no database record. Creating.
[LOG 14:12:39.017] [DragCubeSystem]: Drag cubes not found or cannot be read for part Part. Generating New drag cubes.
[LOG 14:12:39.018] [KSPCF/DragCubeGeneration] Creating drag cubes for part 'airbrake1'
[LOG 14:12:39.063] PartLoader: Compiling Part 'Squad/Parts/Aero/airIntakeRadialXM-G50/airIntakeRadialXM-G50/airScoop'
[LOG 14:12:39.082] PartLoader: Part 'Squad/Parts/Aero/airIntakeRadialXM-G50/airIntakeRadialXM-G50/airScoop' has no database record. Creating.
[LOG 14:12:39.083] [DragCubeSystem]: Drag cubes not found or cannot be read for part Part. Generating New drag cubes.
[LOG 14:12:39.083] [KSPCF/DragCubeGeneration] Creating drag cubes for part 'airScoop'
[LOG 14:12:39.096] PartLoader: Compiling Part 'Squad/Parts/Aero/airlinerWings/ControlSurface/airlinerCtrlSrf'
[LOG 14:12:39.112] PartLoader: Part 'Squad/Parts/Aero/airlinerWings/ControlSurface/airlinerCtrlSrf' has no database record. Creating.
[LOG 14:12:39.112] [DragCubeSystem]: Drag cubes not found or cannot be read for part Part. Generating New drag cubes.
[LOG 14:12:39.112] [KSPCF/DragCubeGeneration] Creating drag cubes for part 'airlinerCtrlSrf'
[LOG 14:12:39.144] PartLoader: Compiling Part 'Squad/Parts/Aero/airlinerWings/MainWing/airlinerMainWing'
[LOG 14:12:39.152] PartLoader: Part 'Squad/Parts/Aero/airlinerWings/MainWing/airlinerMainWing' has no database record. Creating.
[LOG 14:12:39.152] [DragCubeSystem]: Drag cubes not found or cannot be read for part Part. Generating New drag cubes.
[LOG 14:12:39.152] [KSPCF/DragCubeGeneration] Creating drag cubes for part 'airlinerMainWing'
[LOG 14:12:39.158] PartLoader: Compiling Part 'Squad/Parts/Aero/airlinerWings/TailFin/airlinerTailFin'
[LOG 14:12:39.174] PartLoader: Part 'Squad/Parts/Aero/airlinerWings/TailFin/airlinerTailFin' has no database record. Creating.
[LOG 14:12:39.174] [DragCubeSystem]: Drag cubes not found or cannot be read for part Part. Generating New drag cubes.
[LOG 14:12:39.174] [KSPCF/DragCubeGeneration] Creating drag cubes for part 'airlinerTailFin'
[LOG 14:12:39.203] PartLoader: Compiling Part 'Squad/Parts/Aero/airplaneFins/advancedCanard/AdvancedCanard'
[LOG 14:12:39.207] PartLoader: Part 'Squad/Parts/Aero/airplaneFins/advancedCanard/AdvancedCanard' has no database record. Creating.
[LOG 14:12:39.207] [DragCubeSystem]: Drag cubes not found or cannot be read for part Part. Generating New drag cubes.
[LOG 14:12:39.208] [KSPCF/DragCubeGeneration] Creating drag cubes for part 'AdvancedCanard'
[LOG 14:12:39.237] PartLoader: Compiling Part 'Squad/Parts/Aero/airplaneFins/standardCanard/CanardController'
[LOG 14:12:39.253] PartLoader: Part 'Squad/Parts/Aero/airplaneFins/standardCanard/CanardController' has no database record. Creating.
[LOG 14:12:39.253] [DragCubeSystem]: Drag cubes not found or cannot be read for part Part. Generating New drag cubes.
[LOG 14:12:39.253] [KSPCF/DragCubeGeneration] Creating drag cubes for part 'CanardController'
[LOG 14:12:39.276] PartLoader: Compiling Part 'Squad/Parts/Aero/airplaneFins/sweptWing/sweptWing'
[LOG 14:12:39.279] PartLoader: Part 'Squad/Parts/Aero/airplaneFins/sweptWing/sweptWing' has no database record. Creating.
[LOG 14:12:39.279] [DragCubeSystem]: Drag cubes not found or cannot be read for part Part. Generating New drag cubes.
[LOG 14:12:39.279] [KSPCF/DragCubeGeneration] Creating drag cubes for part 'sweptWing'
[LOG 14:12:39.284] PartLoader: Compiling Part 'Squad/Parts/Aero/airplaneFins/tailfin/tailfin'
[LOG 14:12:39.290] PartLoader: Part 'Squad/Parts/Aero/airplaneFins/tailfin/tailfin' has no database record. Creating.
[LOG 14:12:39.290] [DragCubeSystem]: Drag cubes not found or cannot be read for part Part. Generating New drag cubes.
[LOG 14:12:39.290] [KSPCF/DragCubeGeneration] Creating drag cubes for part 'tailfin'
[LOG 14:12:39.312] PartLoader: Compiling Part 'Squad/Parts/Aero/basicFin/basicFin/basicFin'
[LOG 14:12:39.316] PartLoader: Part 'Squad/Parts/Aero/basicFin/basicFin/basicFin' has no database record. Creating.
[LOG 14:12:39.316] [DragCubeSystem]: Drag cubes not found or cannot be read for part Part. Generating New drag cubes.
[LOG 14:12:39.316] [KSPCF/DragCubeGeneration] Creating drag cubes for part 'basicFin'
[LOG 14:12:39.322] PartLoader: Compiling Part 'Squad/Parts/Aero/circularIntake/circularIntake/CircularIntake'
[LOG 14:12:39.333] PartLoader: Part 'Squad/Parts/Aero/circularIntake/circularIntake/CircularIntake' has no database record. Creating.
[LOG 14:12:39.334] PartLoader: Compiling Part 'Squad/Parts/Aero/circularIntake/intakeShockCone/shockConeIntake'
[LOG 14:12:39.338] PartLoader: Part 'Squad/Parts/Aero/circularIntake/intakeShockCone/shockConeIntake' has no database record. Creating.
[LOG 14:12:39.339] PartLoader: Compiling Part 'Squad/Parts/Aero/cones/avionicsNoseCone/avionicsNoseCone'
[LOG 14:12:39.352] PartLoader: Part 'Squad/Parts/Aero/cones/avionicsNoseCone/avionicsNoseCone' has no database record. Creating.
[LOG 14:12:39.352] [DragCubeSystem]: Drag cubes not found or cannot be read for part Part. Generating New drag cubes.
[LOG 14:12:39.352] [KSPCF/DragCubeGeneration] Creating drag cubes for part 'avionicsNoseCone'
[LOG 14:12:39.361] PartLoader: Compiling Part 'Squad/Parts/Aero/cones/ConeA/pointyNoseConeA'
[LOG 14:12:39.366] PartLoader: Part 'Squad/Parts/Aero/cones/ConeA/pointyNoseConeA' has no database record. Creating.
[LOG 14:12:39.367] [DragCubeSystem]: Drag cubes not found or cannot be read for part Part. Generating New drag cubes.
[LOG 14:12:39.367] [KSPCF/DragCubeGeneration] Creating drag cubes for part 'pointyNoseConeA'
[LOG 14:12:39.372] PartLoader: Compiling Part 'Squad/Parts/Aero/cones/ConeB/pointyNoseConeB'
[LOG 14:12:39.377] PartLoader: Part 'Squad/Parts/Aero/cones/ConeB/pointyNoseConeB' has no database record. Creating.
[LOG 14:12:39.377] [DragCubeSystem]: Drag cubes not found or cannot be read for part Part. Generating New drag cubes.
[LOG 14:12:39.378] [KSPCF/DragCubeGeneration] Creating drag cubes for part 'pointyNoseConeB'
[LOG 14:12:39.383] PartLoader: Compiling Part 'Squad/Parts/Aero/cones/noseConeAdapter/noseConeAdapter'
[LOG 14:12:39.388] PartLoader: Part 'Squad/Parts/Aero/cones/noseConeAdapter/noseConeAdapter' has no database record. Creating.
[LOG 14:12:39.388] [DragCubeSystem]: Drag cubes not found or cannot be read for part Part. Generating New drag cubes.
[LOG 14:12:39.389] [KSPCF/DragCubeGeneration] Creating drag cubes for part 'noseConeAdapter'
[LOG 14:12:39.395] PartLoader: Compiling Part 'Squad/Parts/Aero/cones/protectiveRocketNoseMk7_v2/rocketNoseCone_v2'
[LOG 14:12:39.400] PartLoader: Part 'Squad/Parts/Aero/cones/protectiveRocketNoseMk7_v2/rocketNoseCone_v2' has no database record. Creating.
[LOG 14:12:39.400] [DragCubeSystem]: Drag cubes not found or cannot be read for part Part. Generating New drag cubes.
[LOG 14:12:39.400] [KSPCF/DragCubeGeneration] Creating drag cubes for part 'rocketNoseCone.v2'
[LOG 14:12:39.406] PartLoader: Compiling Part 'Squad/Parts/Aero/cones/protectiveRocketNoseMk7_v3/rocketNoseCone_v3'
[LOG 14:12:39.411] PartLoader: Part 'Squad/Parts/Aero/cones/protectiveRocketNoseMk7_v3/rocketNoseCone_v3' has no database record. Creating.
[LOG 14:12:39.411] [DragCubeSystem]: Drag cubes not found or cannot be read for part Part. Generating New drag cubes.
[LOG 14:12:39.411] [KSPCF/DragCubeGeneration] Creating drag cubes for part 'rocketNoseCone.v3'
[LOG 14:12:39.418] PartLoader: Compiling Part 'Squad/Parts/Aero/cones/rocketNoseCone_size3/rocketNoseConeSize3'
[LOG 14:12:39.422] PartLoader: Part 'Squad/Parts/Aero/cones/rocketNoseCone_size3/rocketNoseConeSize3' has no database record. Creating.
[LOG 14:12:39.422] [DragCubeSystem]: Drag cubes not found or cannot be read for part Part. Generating New drag cubes.
[LOG 14:12:39.422] [KSPCF/DragCubeGeneration] Creating drag cubes for part 'rocketNoseConeSize3'
[LOG 14:12:39.428] PartLoader: Compiling Part 'Squad/Parts/Aero/cones/smallNoseCone/standardNoseCone'
[LOG 14:12:39.432] PartLoader: Part 'Squad/Parts/Aero/cones/smallNoseCone/standardNoseCone' has no database record. Creating.
[LOG 14:12:39.432] [DragCubeSystem]: Drag cubes not found or cannot be read for part Part. Generating New drag cubes.
[LOG 14:12:39.433] [KSPCF/DragCubeGeneration] Creating drag cubes for part 'standardNoseCone'
[LOG 14:12:39.439] PartLoader: Compiling Part 'Squad/Parts/Aero/cones/tailConnectorA/airplaneTail'
[LOG 14:12:39.443] PartLoader: Part 'Squad/Parts/Aero/cones/tailConnectorA/airplaneTail' has no database record. Creating.
[LOG 14:12:39.443] [DragCubeSystem]: Drag cubes not found or cannot be read for part Part. Generating New drag cubes.
[LOG 14:12:39.443] [KSPCF/DragCubeGeneration] Creating drag cubes for part 'airplaneTail'
[LOG 14:12:39.449] PartLoader: Compiling Part 'Squad/Parts/Aero/cones/tailConnectorB/airplaneTailB'
[LOG 14:12:39.453] PartLoader: Part 'Squad/Parts/Aero/cones/tailConnectorB/airplaneTailB' has no database record. Creating.
[LOG 14:12:39.454] [DragCubeSystem]: Drag cubes not found or cannot be read for part Part. Generating New drag cubes.
[LOG 14:12:39.454] [KSPCF/DragCubeGeneration] Creating drag cubes for part 'airplaneTailB'
[LOG 14:12:39.460] PartLoader: Compiling Part 'Squad/Parts/Aero/fairings/fairingSize1/fairingSize1'
[LOG 14:12:39.500] PartLoader: Part 'Squad/Parts/Aero/fairings/fairingSize1/fairingSize1' has no database record. Creating.
[LOG 14:12:39.501] [DragCubeSystem]: Drag cubes not found or cannot be read for part Part. Generating New drag cubes.
[LOG 14:12:39.501] [KSPCF/DragCubeGeneration] Creating drag cubes for part 'fairingSize1'
[LOG 14:12:39.508] PartLoader: Compiling Part 'Squad/Parts/Aero/fairings/fairingSize2/fairingSize2'
[LOG 14:12:39.524] PartLoader: Part 'Squad/Parts/Aero/fairings/fairingSize2/fairingSize2' has no database record. Creating.
[LOG 14:12:39.524] [DragCubeSystem]: Drag cubes not found or cannot be read for part Part. Generating New drag cubes.
[LOG 14:12:39.524] [KSPCF/DragCubeGeneration] Creating drag cubes for part 'fairingSize2'
[LOG 14:12:39.530] PartLoader: Compiling Part 'Squad/Parts/Aero/fairings/fairingSize3/fairingSize3'
[LOG 14:12:39.546] PartLoader: Part 'Squad/Parts/Aero/fairings/fairingSize3/fairingSize3' has no database record. Creating.
[LOG 14:12:39.546] [DragCubeSystem]: Drag cubes not found or cannot be read for part Part. Generating New drag cubes.
[LOG 14:12:39.546] [KSPCF/DragCubeGeneration] Creating drag cubes for part 'fairingSize3'
[LOG 14:12:39.552] PartLoader: Compiling Part 'Squad/Parts/Aero/HeatShield/HeatShield0/HeatShield0'
[LOG 14:12:39.581] PartLoader: Part 'Squad/Parts/Aero/HeatShield/HeatShield0/HeatShield0' has no database record. Creating.
[LOG 14:12:39.581] [DragCubeSystem]: Drag cubes not found or cannot be read for part Part. Generating New drag cubes.
[LOG 14:12:39.581] [KSPCF/DragCubeGeneration] Creating drag cubes for part 'HeatShield0'
[LOG 14:12:39.590] PartLoader: Compiling Part 'Squad/Parts/Aero/HeatShield/HeatShield1/HeatShield1'
[LOG 14:12:39.604] PartLoader: Part 'Squad/Parts/Aero/HeatShield/HeatShield1/HeatShield1' has no database record. Creating.
[LOG 14:12:39.605] [DragCubeSystem]: Drag cubes not found or cannot be read for part Part. Generating New drag cubes.
[LOG 14:12:39.605] [KSPCF/DragCubeGeneration] Creating drag cubes for part 'HeatShield1'
[LOG 14:12:39.624] PartLoader: Compiling Part 'Squad/Parts/Aero/HeatShield/HeatShield2/HeatShield2'
[LOG 14:12:39.632] PartLoader: Part 'Squad/Parts/Aero/HeatShield/HeatShield2/HeatShield2' has no database record. Creating.
[LOG 14:12:39.632] [DragCubeSystem]: Drag cubes not found or cannot be read for part Part. Generating New drag cubes.
[LOG 14:12:39.632] [KSPCF/DragCubeGeneration] Creating drag cubes for part 'HeatShield2'
[LOG 14:12:39.650] PartLoader: Compiling Part 'Squad/Parts/Aero/HeatShield/HeatShield3/HeatShield3'
[LOG 14:12:39.658] PartLoader: Part 'Squad/Parts/Aero/HeatShield/HeatShield3/HeatShield3' has no database record. Creating.
[LOG 14:12:39.658] [DragCubeSystem]: Drag cubes not found or cannot be read for part Part. Generating New drag cubes.
[LOG 14:12:39.658] [KSPCF/DragCubeGeneration] Creating drag cubes for part 'HeatShield3'
[LOG 14:12:39.676] PartLoader: Compiling Part 'Squad/Parts/Aero/InflatableHeatShield/HeatShield/InflatableHeatShield'
[LOG 14:12:39.684] PartLoader: Part 'Squad/Parts/Aero/InflatableHeatShield/HeatShield/InflatableHeatShield' has no database record. Creating.
[LOG 14:12:39.684] [DragCubeSystem]: Drag cubes not found or cannot be read for part Part. Generating New drag cubes.
[LOG 14:12:39.684] [KSPCF/DragCubeGeneration] Creating drag cubes for part 'InflatableHeatShield'
[LOG 14:12:39.702] PartLoader: Compiling Part 'Squad/Parts/Aero/intakeRadialLong/intakeRadialLong/IntakeRadialLong'
[LOG 14:12:39.707] PartLoader: Part 'Squad/Parts/Aero/intakeRadialLong/intakeRadialLong/IntakeRadialLong' has no database record. Creating.
[LOG 14:12:39.707] [DragCubeSystem]: Drag cubes not found or cannot be read for part Part. Generating New drag cubes.
[LOG 14:12:39.707] [KSPCF/DragCubeGeneration] Creating drag cubes for part 'IntakeRadialLong'
[LOG 14:12:39.712] PartLoader: Compiling Part 'Squad/Parts/Aero/miniIntake/SmallIntake/miniIntake'
[LOG 14:12:39.715] PartLoader: Part 'Squad/Parts/Aero/miniIntake/SmallIntake/miniIntake' has no database record. Creating.
[LOG 14:12:39.716] PartLoader: Compiling Part 'Squad/Parts/Aero/ramAirIntake/ramAirIntake/ramAirIntake'
[LOG 14:12:39.720] PartLoader: Part 'Squad/Parts/Aero/ramAirIntake/ramAirIntake/ramAirIntake' has no database record. Creating.
[LOG 14:12:39.720] PartLoader: Compiling Part 'Squad/Parts/Aero/shuttleWings/delta/wingShuttleDelta'
[LOG 14:12:39.723] PartLoader: Part 'Squad/Parts/Aero/shuttleWings/delta/wingShuttleDelta' has no database record. Creating.
[LOG 14:12:39.723] [DragCubeSystem]: Drag cubes not found or cannot be read for part Part. Generating New drag cubes.
[LOG 14:12:39.723] [KSPCF/DragCubeGeneration] Creating drag cubes for part 'wingShuttleDelta'
[LOG 14:12:39.728] PartLoader: Compiling Part 'Squad/Parts/Aero/shuttleWings/elevon1/wingShuttleElevon1'
[LOG 14:12:39.735] PartLoader: Part 'Squad/Parts/Aero/shuttleWings/elevon1/wingShuttleElevon1' has no database record. Creating.
[LOG 14:12:39.736] [DragCubeSystem]: Drag cubes not found or cannot be read for part Part. Generating New drag cubes.
[LOG 14:12:39.736] [KSPCF/DragCubeGeneration] Creating drag cubes for part 'wingShuttleElevon1'
[LOG 14:12:39.758] PartLoader: Compiling Part 'Squad/Parts/Aero/shuttleWings/elevon2/wingShuttleElevon2'
[LOG 14:12:39.762] PartLoader: Part 'Squad/Parts/Aero/shuttleWings/elevon2/wingShuttleElevon2' has no database record. Creating.
[LOG 14:12:39.763] [DragCubeSystem]: Drag cubes not found or cannot be read for part Part. Generating New drag cubes.
[LOG 14:12:39.763] [KSPCF/DragCubeGeneration] Creating drag cubes for part 'wingShuttleElevon2'
[LOG 14:12:39.784] PartLoader: Compiling Part 'Squad/Parts/Aero/shuttleWings/rudder/wingShuttleRudder'
[LOG 14:12:39.790] PartLoader: Part 'Squad/Parts/Aero/shuttleWings/rudder/wingShuttleRudder' has no database record. Creating.
[LOG 14:12:39.790] [DragCubeSystem]: Drag cubes not found or cannot be read for part Part. Generating New drag cubes.
[LOG 14:12:39.790] [KSPCF/DragCubeGeneration] Creating drag cubes for part 'wingShuttleRudder'
[LOG 14:12:39.812] PartLoader: Compiling Part 'Squad/Parts/Aero/shuttleWings/strake/wingShuttleStrake'
[LOG 14:12:39.816] PartLoader: Part 'Squad/Parts/Aero/shuttleWings/strake/wingShuttleStrake' has no database record. Creating.
[LOG 14:12:39.816] [DragCubeSystem]: Drag cubes not found or cannot be read for part Part. Generating New drag cubes.
[LOG 14:12:39.816] [KSPCF/DragCubeGeneration] Creating drag cubes for part 'wingShuttleStrake'
[LOG 14:12:39.822] PartLoader: Compiling Part 'Squad/Parts/Aero/wingletAV-R8/wingletAV-R8/R8winglet'
[LOG 14:12:39.828] PartLoader: Part 'Squad/Parts/Aero/wingletAV-R8/wingletAV-R8/R8winglet' has no database record. Creating.
[LOG 14:12:39.828] [DragCubeSystem]: Drag cubes not found or cannot be read for part Part. Generating New drag cubes.
[LOG 14:12:39.828] [KSPCF/DragCubeGeneration] Creating drag cubes for part 'R8winglet'
[LOG 14:12:39.849] PartLoader: Compiling Part 'Squad/Parts/Aero/wingletAV-T1/wingletAV-T1/winglet'
[LOG 14:12:39.852] PartLoader: Part 'Squad/Parts/Aero/wingletAV-T1/wingletAV-T1/winglet' has no database record. Creating.
[LOG 14:12:39.852] [DragCubeSystem]: Drag cubes not found or cannot be read for part Part. Generating New drag cubes.
[LOG 14:12:39.852] [KSPCF/DragCubeGeneration] Creating drag cubes for part 'winglet'
[LOG 14:12:39.857] PartLoader: Compiling Part 'Squad/Parts/Aero/wingletDeltaDeluxe/wingletDeltaDeluxe/winglet3'
[LOG 14:12:39.861] PartLoader: Part 'Squad/Parts/Aero/wingletDeltaDeluxe/wingletDeltaDeluxe/winglet3' has no database record. Creating.
[LOG 14:12:39.861] [DragCubeSystem]: Drag cubes not found or cannot be read for part Part. Generating New drag cubes.
[LOG 14:12:39.861] [KSPCF/DragCubeGeneration] Creating drag cubes for part 'winglet3'
[LOG 14:12:39.881] PartLoader: Compiling Part 'Squad/Parts/Aero/wings/connector1/wingConnector'
[LOG 14:12:39.886] PartLoader: Part 'Squad/Parts/Aero/wings/connector1/wingConnector' has no database record. Creating.
[LOG 14:12:39.886] [DragCubeSystem]: Drag cubes not found or cannot be read for part Part. Generating New drag cubes.
[LOG 14:12:39.886] [KSPCF/DragCubeGeneration] Creating drag cubes for part 'wingConnector'
[LOG 14:12:39.891] PartLoader: Compiling Part 'Squad/Parts/Aero/wings/connector2/wingConnector2'
[LOG 14:12:39.895] PartLoader: Part 'Squad/Parts/Aero/wings/connector2/wingConnector2' has no database record. Creating.
[LOG 14:12:39.895] [DragCubeSystem]: Drag cubes not found or cannot be read for part Part. Generating New drag cubes.
[LOG 14:12:39.895] [KSPCF/DragCubeGeneration] Creating drag cubes for part 'wingConnector2'
[LOG 14:12:39.900] PartLoader: Compiling Part 'Squad/Parts/Aero/wings/connector3/wingConnector3'
[LOG 14:12:39.905] PartLoader: Part 'Squad/Parts/Aero/wings/connector3/wingConnector3' has no database record. Creating.
[LOG 14:12:39.905] [DragCubeSystem]: Drag cubes not found or cannot be read for part Part. Generating New drag cubes.
[LOG 14:12:39.905] [KSPCF/DragCubeGeneration] Creating drag cubes for part 'wingConnector3'
[LOG 14:12:39.911] PartLoader: Compiling Part 'Squad/Parts/Aero/wings/connector4/wingConnector4'
[LOG 14:12:39.915] PartLoader: Part 'Squad/Parts/Aero/wings/connector4/wingConnector4' has no database record. Creating.
[LOG 14:12:39.915] [DragCubeSystem]: Drag cubes not found or cannot be read for part Part. Generating New drag cubes.
[LOG 14:12:39.915] [KSPCF/DragCubeGeneration] Creating drag cubes for part 'wingConnector4'
[LOG 14:12:39.920] PartLoader: Compiling Part 'Squad/Parts/Aero/wings/connector5/wingConnector5'
[LOG 14:12:39.923] PartLoader: Part 'Squad/Parts/Aero/wings/connector5/wingConnector5' has no database record. Creating.
[LOG 14:12:39.923] [DragCubeSystem]: Drag cubes not found or cannot be read for part Part. Generating New drag cubes.
[LOG 14:12:39.923] [KSPCF/DragCubeGeneration] Creating drag cubes for part 'wingConnector5'
[LOG 14:12:39.929] PartLoader: Compiling Part 'Squad/Parts/Aero/wings/delta/deltaWing'
[LOG 14:12:39.933] PartLoader: Part 'Squad/Parts/Aero/wings/delta/deltaWing' has no database record. Creating.
[LOG 14:12:39.933] [DragCubeSystem]: Drag cubes not found or cannot be read for part Part. Generating New drag cubes.
[LOG 14:12:39.933] [KSPCF/DragCubeGeneration] Creating drag cubes for part 'deltaWing'
[LOG 14:12:39.938] PartLoader: Compiling Part 'Squad/Parts/Aero/wings/delta_small/delta_small'
[LOG 14:12:39.941] PartLoader: Part 'Squad/Parts/Aero/wings/delta_small/delta_small' has no database record. Creating.
[LOG 14:12:39.941] [DragCubeSystem]: Drag cubes not found or cannot be read for part Part. Generating New drag cubes.
[LOG 14:12:39.941] [KSPCF/DragCubeGeneration] Creating drag cubes for part 'delta.small'
[LOG 14:12:39.948] PartLoader: Compiling Part 'Squad/Parts/Aero/wings/elevon1/StandardCtrlSrf'
[LOG 14:12:39.954] PartLoader: Part 'Squad/Parts/Aero/wings/elevon1/StandardCtrlSrf' has no database record. Creating.
[LOG 14:12:39.954] [DragCubeSystem]: Drag cubes not found or cannot be read for part Part. Generating New drag cubes.
[LOG 14:12:39.954] [KSPCF/DragCubeGeneration] Creating drag cubes for part 'StandardCtrlSrf'
[LOG 14:12:39.976] PartLoader: Compiling Part 'Squad/Parts/Aero/wings/elevon2/elevon2'
[LOG 14:12:39.981] PartLoader: Part 'Squad/Parts/Aero/wings/elevon2/elevon2' has no database record. Creating.
[LOG 14:12:39.981] [DragCubeSystem]: Drag cubes not found or cannot be read for part Part. Generating New drag cubes.
[LOG 14:12:39.981] [KSPCF/DragCubeGeneration] Creating drag cubes for part 'elevon2'
[LOG 14:12:40.002] PartLoader: Compiling Part 'Squad/Parts/Aero/wings/elevon3/elevon3'
[LOG 14:12:40.008] PartLoader: Part 'Squad/Parts/Aero/wings/elevon3/elevon3' has no database record. Creating.
[LOG 14:12:40.008] [DragCubeSystem]: Drag cubes not found or cannot be read for part Part. Generating New drag cubes.
[LOG 14:12:40.008] [KSPCF/DragCubeGeneration] Creating drag cubes for part 'elevon3'
[LOG 14:12:40.030] PartLoader: Compiling Part 'Squad/Parts/Aero/wings/elevon4/smallCtrlSrf'
[LOG 14:12:40.034] PartLoader: Part 'Squad/Parts/Aero/wings/elevon4/smallCtrlSrf' has no database record. Creating.
[LOG 14:12:40.034] [DragCubeSystem]: Drag cubes not found or cannot be read for part Part. Generating New drag cubes.
[LOG 14:12:40.035] [KSPCF/DragCubeGeneration] Creating drag cubes for part 'smallCtrlSrf'
[LOG 14:12:40.057] PartLoader: Compiling Part 'Squad/Parts/Aero/wings/elevon5/elevon5'
[LOG 14:12:40.064] PartLoader: Part 'Squad/Parts/Aero/wings/elevon5/elevon5' has no database record. Creating.
[LOG 14:12:40.064] [DragCubeSystem]: Drag cubes not found or cannot be read for part Part. Generating New drag cubes.
[LOG 14:12:40.064] [KSPCF/DragCubeGeneration] Creating drag cubes for part 'elevon5'
[LOG 14:12:40.087] PartLoader: Compiling Part 'Squad/Parts/Aero/wings/strake/wingStrake'
[LOG 14:12:40.091] PartLoader: Part 'Squad/Parts/Aero/wings/strake/wingStrake' has no database record. Creating.
[LOG 14:12:40.091] [DragCubeSystem]: Drag cubes not found or cannot be read for part Part. Generating New drag cubes.
[LOG 14:12:40.091] [KSPCF/DragCubeGeneration] Creating drag cubes for part 'wingStrake'
[LOG 14:12:40.097] PartLoader: Compiling Part 'Squad/Parts/Aero/wings/structural1/structuralWing'
[LOG 14:12:40.101] PartLoader: Part 'Squad/Parts/Aero/wings/structural1/structuralWing' has no database record. Creating.
[LOG 14:12:40.101] [DragCubeSystem]: Drag cubes not found or cannot be read for part Part. Generating New drag cubes.
[LOG 14:12:40.101] [KSPCF/DragCubeGeneration] Creating drag cubes for part 'structuralWing'
[LOG 14:12:40.106] PartLoader: Compiling Part 'Squad/Parts/Aero/wings/structural2/structuralWing2'
[LOG 14:12:40.110] PartLoader: Part 'Squad/Parts/Aero/wings/structural2/structuralWing2' has no database record. Creating.
[LOG 14:12:40.110] [DragCubeSystem]: Drag cubes not found or cannot be read for part Part. Generating New drag cubes.
[LOG 14:12:40.110] [KSPCF/DragCubeGeneration] Creating drag cubes for part 'structuralWing2'
[LOG 14:12:40.116] PartLoader: Compiling Part 'Squad/Parts/Aero/wings/structural3/structuralWing3'
[LOG 14:12:40.120] PartLoader: Part 'Squad/Parts/Aero/wings/structural3/structuralWing3' has no database record. Creating.
[LOG 14:12:40.120] [DragCubeSystem]: Drag cubes not found or cannot be read for part Part. Generating New drag cubes.
[LOG 14:12:40.120] [KSPCF/DragCubeGeneration] Creating drag cubes for part 'structuralWing3'
[LOG 14:12:40.125] PartLoader: Compiling Part 'Squad/Parts/Aero/wings/structural4/structuralWing4'
[LOG 14:12:40.132] PartLoader: Part 'Squad/Parts/Aero/wings/structural4/structuralWing4' has no database record. Creating.
[LOG 14:12:40.132] [DragCubeSystem]: Drag cubes not found or cannot be read for part Part. Generating New drag cubes.
[LOG 14:12:40.132] [KSPCF/DragCubeGeneration] Creating drag cubes for part 'structuralWing4'
[LOG 14:12:40.137] PartLoader: Compiling Part 'Squad/Parts/Aero/wings/swept1/sweptWing1'
[LOG 14:12:40.142] PartLoader: Part 'Squad/Parts/Aero/wings/swept1/sweptWing1' has no database record. Creating.
[LOG 14:12:40.142] [DragCubeSystem]: Drag cubes not found or cannot be read for part Part. Generating New drag cubes.
[LOG 14:12:40.142] [KSPCF/DragCubeGeneration] Creating drag cubes for part 'sweptWing1'
[LOG 14:12:40.146] PartLoader: Compiling Part 'Squad/Parts/Aero/wings/swept2/sweptWing2'
[LOG 14:12:40.150] PartLoader: Part 'Squad/Parts/Aero/wings/swept2/sweptWing2' has no database record. Creating.
[LOG 14:12:40.150] [DragCubeSystem]: Drag cubes not found or cannot be read for part Part. Generating New drag cubes.
[LOG 14:12:40.150] [KSPCF/DragCubeGeneration] Creating drag cubes for part 'sweptWing2'
[LOG 14:12:40.156] PartLoader: Compiling Part 'Squad/Parts/Cargo/CargoContainers/cargoContainer/cargoContainer'
[WRN 14:12:40.159] [Part]: Cannot have ModuleCargoPart and ModuleInventoryPart on same Part [cargoContainer'. Removed ModuleCargoPart
[LOG 14:12:40.169] PartLoader: Part 'Squad/Parts/Cargo/CargoContainers/cargoContainer/cargoContainer' has no database record. Creating.
[LOG 14:12:40.169] [DragCubeSystem]: Drag cubes not found or cannot be read for part Part. Generating New drag cubes.
[LOG 14:12:40.169] [KSPCF/DragCubeGeneration] Creating drag cubes for part 'cargoContainer'
[LOG 14:12:40.176] PartLoader: Compiling Part 'Squad/Parts/Cargo/CargoContainers/smallCargoContainer/smallCargoContainer'
[WRN 14:12:40.179] [Part]: Cannot have ModuleCargoPart and ModuleInventoryPart on same Part [smallCargoContainer'. Removed ModuleCargoPart
[LOG 14:12:40.181] PartLoader: Part 'Squad/Parts/Cargo/CargoContainers/smallCargoContainer/smallCargoContainer' has no database record. Creating.
[LOG 14:12:40.181] [DragCubeSystem]: Drag cubes not found or cannot be read for part Part. Generating New drag cubes.
[LOG 14:12:40.181] [KSPCF/DragCubeGeneration] Creating drag cubes for part 'smallCargoContainer'
[LOG 14:12:40.188] PartLoader: Compiling Part 'Squad/Parts/Cargo/Cylinder/Cylinder/evaCylinder'
[LOG 14:12:40.191] PartLoader: Part 'Squad/Parts/Cargo/Cylinder/Cylinder/evaCylinder' has no database record. Creating.
[LOG 14:12:40.191] [DragCubeSystem]: Drag cubes not found or cannot be read for part Part. Generating New drag cubes.
[LOG 14:12:40.191] [KSPCF/DragCubeGeneration] Creating drag cubes for part 'evaCylinder'
[LOG 14:12:40.197] PartLoader: Compiling Part 'Squad/Parts/Cargo/GroundAnchor/groundAnchor/groundAnchor'
[LOG 14:12:40.218] PartLoader: Part 'Squad/Parts/Cargo/GroundAnchor/groundAnchor/groundAnchor' has no database record. Creating.
[LOG 14:12:40.218] [DragCubeSystem]: Drag cubes not found or cannot be read for part Part. Generating New drag cubes.
[LOG 14:12:40.218] [KSPCF/DragCubeGeneration] Creating drag cubes for part 'groundAnchor'
[LOG 14:12:40.237] PartLoader: Compiling Part 'Squad/Parts/Cargo/Jetpack/Jetpack/evaJetpack'
[LOG 14:12:40.241] PartLoader: Part 'Squad/Parts/Cargo/Jetpack/Jetpack/evaJetpack' has no database record. Creating.
[LOG 14:12:40.241] [DragCubeSystem]: Drag cubes not found or cannot be read for part Part. Generating New drag cubes.
[LOG 14:12:40.241] [KSPCF/DragCubeGeneration] Creating drag cubes for part 'evaJetpack'
[LOG 14:12:40.248] PartLoader: Compiling Part 'Squad/Parts/Cargo/Parachute/Parachute/evaChute'
[LOG 14:12:40.251] PartLoader: Part 'Squad/Parts/Cargo/Parachute/Parachute/evaChute' has no database record. Creating.
[LOG 14:12:40.252] [DragCubeSystem]: Drag cubes not found or cannot be read for part Part. Generating New drag cubes.
[LOG 14:12:40.252] [KSPCF/DragCubeGeneration] Creating drag cubes for part 'evaChute'
[LOG 14:12:40.257] PartLoader: Compiling Part 'Squad/Parts/Cargo/RepairKit/RepairKit/evaRepairKit'
[LOG 14:12:40.261] PartLoader: Part 'Squad/Parts/Cargo/RepairKit/RepairKit/evaRepairKit' has no database record. Creating.
[LOG 14:12:40.261] [DragCubeSystem]: Drag cubes not found or cannot be read for part Part. Generating New drag cubes.
[LOG 14:12:40.261] [KSPCF/DragCubeGeneration] Creating drag cubes for part 'evaRepairKit'
[LOG 14:12:40.268] PartLoader: Compiling Part 'Squad/Parts/Cargo/ScienceKit/evaScienceKit/evaScienceKit'
[LOG 14:12:40.272] PartLoader: Part 'Squad/Parts/Cargo/ScienceKit/evaScienceKit/evaScienceKit' has no database record. Creating.
[LOG 14:12:40.272] [DragCubeSystem]: Drag cubes not found or cannot be read for part Part. Generating New drag cubes.
[LOG 14:12:40.272] [KSPCF/DragCubeGeneration] Creating drag cubes for part 'evaScienceKit'
[LOG 14:12:40.278] PartLoader: Compiling Part 'Squad/Parts/Cargo/StorageUnits/CargoStorageUnit/CargoStorageUnit'
[WRN 14:12:40.281] [Part]: Cannot have ModuleCargoPart and ModuleInventoryPart on same Part [CargoStorageUnit'. Removed ModuleCargoPart
[LOG 14:12:40.283] PartLoader: Part 'Squad/Parts/Cargo/StorageUnits/CargoStorageUnit/CargoStorageUnit' has no database record. Creating.
[LOG 14:12:40.283] [DragCubeSystem]: Drag cubes not found or cannot be read for part Part. Generating New drag cubes.
[LOG 14:12:40.283] [KSPCF/DragCubeGeneration] Creating drag cubes for part 'CargoStorageUnit'
[LOG 14:12:40.289] PartLoader: Compiling Part 'Squad/Parts/Cargo/StorageUnits/ConformalStorageUnit/ConformalStorageUnit'
[WRN 14:12:40.290] [Part]: Cannot have ModuleCargoPart and ModuleInventoryPart on same Part [ConformalStorageUnit'. Removed ModuleCargoPart
[LOG 14:12:40.292] PartLoader: Part 'Squad/Parts/Cargo/StorageUnits/ConformalStorageUnit/ConformalStorageUnit' has no database record. Creating.
[LOG 14:12:40.292] [DragCubeSystem]: Drag cubes not found or cannot be read for part Part. Generating New drag cubes.
[LOG 14:12:40.292] [KSPCF/DragCubeGeneration] Creating drag cubes for part 'ConformalStorageUnit'
[LOG 14:12:40.297] PartLoader: Compiling Part 'Squad/Parts/Command/advancedSasModuleLarge/advSasModuleLarge/asasmodule1-2'
[LOG 14:12:40.303] PartLoader: Part 'Squad/Parts/Command/advancedSasModuleLarge/advSasModuleLarge/asasmodule1-2' has no database record. Creating.
[LOG 14:12:40.305] PartLoader: Compiling Part 'Squad/Parts/Command/cupola/cupola/cupola'
[LOG 14:12:40.331] PartLoader: Part 'Squad/Parts/Command/cupola/cupola/cupola' has no database record. Creating.
[LOG 14:12:40.331] [DragCubeSystem]: Drag cubes not found or cannot be read for part Part. Generating New drag cubes.
[LOG 14:12:40.331] [KSPCF/DragCubeGeneration] Creating drag cubes for part 'cupola'
[LOG 14:12:40.341] PartLoader: Compiling Part 'Squad/Parts/Command/externalCommandSeat/externalCommandSeat/seatExternalCmd'
[LOG 14:12:40.346] PartLoader: Part 'Squad/Parts/Command/externalCommandSeat/externalCommandSeat/seatExternalCmd' has no database record. Creating.
[LOG 14:12:40.347] [DragCubeSystem]: Drag cubes not found or cannot be read for part Part. Generating New drag cubes.
[LOG 14:12:40.347] [KSPCF/DragCubeGeneration] Creating drag cubes for part 'seatExternalCmd'
[LOG 14:12:40.353] PartLoader: Compiling Part 'Squad/Parts/Command/hitchhikerStorageContainer/hitchikerStorageContainer/crewCabin'
[LOG 14:12:40.360] PartLoader: Part 'Squad/Parts/Command/hitchhikerStorageContainer/hitchikerStorageContainer/crewCabin' has no database record. Creating.
[LOG 14:12:40.360] [DragCubeSystem]: Drag cubes not found or cannot be read for part Part. Generating New drag cubes.
[LOG 14:12:40.360] [KSPCF/DragCubeGeneration] Creating drag cubes for part 'crewCabin'
[LOG 14:12:40.365] PartLoader: Compiling Part 'Squad/Parts/Command/inlineAdvancedStabilizer/inlineAdvancedStabilizer/advSasModule'
[LOG 14:12:40.368] PartLoader: Part 'Squad/Parts/Command/inlineAdvancedStabilizer/inlineAdvancedStabilizer/advSasModule' has no database record. Creating.
[LOG 14:12:40.368] [DragCubeSystem]: Drag cubes not found or cannot be read for part Part. Generating New drag cubes.
[LOG 14:12:40.368] [KSPCF/DragCubeGeneration] Creating drag cubes for part 'advSasModule'
[LOG 14:12:40.374] PartLoader: Compiling Part 'Squad/Parts/Command/inlineReactionWheel/inlineReactionWheel/sasModule'
[LOG 14:12:40.377] PartLoader: Part 'Squad/Parts/Command/inlineReactionWheel/inlineReactionWheel/sasModule' has no database record. Creating.
[LOG 14:12:40.377] [DragCubeSystem]: Drag cubes not found or cannot be read for part Part. Generating New drag cubes.
[LOG 14:12:40.377] [KSPCF/DragCubeGeneration] Creating drag cubes for part 'sasModule'
[LOG 14:12:40.384] PartLoader: Compiling Part 'Squad/Parts/Command/Mk1-3Pod/mk1-3/mk1-3pod'
[LOG 14:12:40.413] PartLoader: Part 'Squad/Parts/Command/Mk1-3Pod/mk1-3/mk1-3pod' has no database record. Creating.
[LOG 14:12:40.413] [DragCubeSystem]: Drag cubes not found or cannot be read for part Part. Generating New drag cubes.
[LOG 14:12:40.413] [KSPCF/DragCubeGeneration] Creating drag cubes for part 'mk1-3pod'
[LOG 14:12:40.421] PartLoader: Compiling Part 'Squad/Parts/Command/mk1Cockpits/mk1Cockpit/Mark1Cockpit'
[WRN 14:12:40.425] [Part]: Cannot have ModuleCargoPart and ModuleInventoryPart on same Part [Mark1Cockpit'. Removed ModuleCargoPart
[LOG 14:12:40.428] PartLoader: Part 'Squad/Parts/Command/mk1Cockpits/mk1Cockpit/Mark1Cockpit' has no database record. Creating.
[LOG 14:12:40.428] [DragCubeSystem]: Drag cubes not found or cannot be read for part Part. Generating New drag cubes.
[LOG 14:12:40.428] [KSPCF/DragCubeGeneration] Creating drag cubes for part 'Mark1Cockpit'
[LOG 14:12:40.435] PartLoader: Compiling Part 'Squad/Parts/Command/mk1Cockpits/mk1CrewCabin/MK1CrewCabin'
[WRN 14:12:40.439] [Part]: Cannot have ModuleCargoPart and ModuleInventoryPart on same Part [MK1CrewCabin'. Removed ModuleCargoPart
[LOG 14:12:40.443] PartLoader: Part 'Squad/Parts/Command/mk1Cockpits/mk1CrewCabin/MK1CrewCabin' has no database record. Creating.
[LOG 14:12:40.444] [DragCubeSystem]: Drag cubes not found or cannot be read for part Part. Generating New drag cubes.
[LOG 14:12:40.444] [KSPCF/DragCubeGeneration] Creating drag cubes for part 'MK1CrewCabin'
[LOG 14:12:40.451] PartLoader: Compiling Part 'Squad/Parts/Command/mk1Cockpits/mk1InlineCockpit/Mark2Cockpit'
[WRN 14:12:40.455] [Part]: Cannot have ModuleCargoPart and ModuleInventoryPart on same Part [Mark2Cockpit'. Removed ModuleCargoPart
[LOG 14:12:40.458] PartLoader: Part 'Squad/Parts/Command/mk1Cockpits/mk1InlineCockpit/Mark2Cockpit' has no database record. Creating.
[LOG 14:12:40.458] [DragCubeSystem]: Drag cubes not found or cannot be read for part Part. Generating New drag cubes.
[LOG 14:12:40.458] [KSPCF/DragCubeGeneration] Creating drag cubes for part 'Mark2Cockpit'
[LOG 14:12:40.466] PartLoader: Compiling Part 'Squad/Parts/Command/mk1LanderCan/mk1LanderCan/landerCabinSmall'
[WRN 14:12:40.469] [Part]: Cannot have ModuleCargoPart and ModuleInventoryPart on same Part [landerCabinSmall'. Removed ModuleCargoPart
[LOG 14:12:40.472] PartLoader: Part 'Squad/Parts/Command/mk1LanderCan/mk1LanderCan/landerCabinSmall' has no database record. Creating.
[LOG 14:12:40.472] [DragCubeSystem]: Drag cubes not found or cannot be read for part Part. Generating New drag cubes.
[LOG 14:12:40.472] [KSPCF/DragCubeGeneration] Creating drag cubes for part 'landerCabinSmall'
[LOG 14:12:40.479] PartLoader: Compiling Part 'Squad/Parts/Command/mk1pod_v2/mk1Pod_v2/mk1pod_v2'
[WRN 14:12:40.483] [Part]: Cannot have ModuleCargoPart and ModuleInventoryPart on same Part [mk1pod.v2'. Removed ModuleCargoPart
[LOG 14:12:40.488] PartLoader: Part 'Squad/Parts/Command/mk1pod_v2/mk1Pod_v2/mk1pod_v2' has no database record. Creating.
[LOG 14:12:40.488] [DragCubeSystem]: Drag cubes not found or cannot be read for part Part. Generating New drag cubes.
[LOG 14:12:40.488] [KSPCF/DragCubeGeneration] Creating drag cubes for part 'mk1pod.v2'
[LOG 14:12:40.497] PartLoader: Compiling Part 'Squad/Parts/Command/mk2CockpitInline/mk2CockpitInline/mk2Cockpit_Inline'
[WRN 14:12:40.502] [Part]: Cannot have ModuleCargoPart and ModuleInventoryPart on same Part [mk2Cockpit.Inline'. Removed ModuleCargoPart
[LOG 14:12:40.506] PartLoader: Part 'Squad/Parts/Command/mk2CockpitInline/mk2CockpitInline/mk2Cockpit_Inline' has no database record. Creating.
[LOG 14:12:40.507] [DragCubeSystem]: Drag cubes not found or cannot be read for part Part. Generating New drag cubes.
[LOG 14:12:40.507] [KSPCF/DragCubeGeneration] Creating drag cubes for part 'mk2Cockpit.Inline'
[LOG 14:12:40.514] PartLoader: Compiling Part 'Squad/Parts/Command/mk2CockpitStandard/mk2CockpitStandard/mk2Cockpit_Standard'
[WRN 14:12:40.518] [Part]: Cannot have ModuleCargoPart and ModuleInventoryPart on same Part [mk2Cockpit.Standard'. Removed ModuleCargoPart
[LOG 14:12:40.522] PartLoader: Part 'Squad/Parts/Command/mk2CockpitStandard/mk2CockpitStandard/mk2Cockpit_Standard' has no database record. Creating.
[LOG 14:12:40.522] [DragCubeSystem]: Drag cubes not found or cannot be read for part Part. Generating New drag cubes.
[LOG 14:12:40.522] [KSPCF/DragCubeGeneration] Creating drag cubes for part 'mk2Cockpit.Standard'
[LOG 14:12:40.530] PartLoader: Compiling Part 'Squad/Parts/Command/mk2DroneCore/mk2Dronecore/mk2DroneCore'
[LOG 14:12:40.536] PartLoader: Part 'Squad/Parts/Command/mk2DroneCore/mk2Dronecore/mk2DroneCore' has no database record. Creating.
[LOG 14:12:40.537] PartLoader: Compiling Part 'Squad/Parts/Command/mk2LanderCan/mk2LanderCan/mk2LanderCabin'
[WRN 14:12:40.543] [Part]: Cannot have ModuleCargoPart and ModuleInventoryPart on same Part [mk2LanderCabin'. Removed ModuleCargoPart
[LOG 14:12:40.547] PartLoader: Part 'Squad/Parts/Command/mk2LanderCan/mk2LanderCan/mk2LanderCabin' has no database record. Creating.
[LOG 14:12:40.547] [DragCubeSystem]: Drag cubes not found or cannot be read for part Part. Generating New drag cubes.
[LOG 14:12:40.547] [KSPCF/DragCubeGeneration] Creating drag cubes for part 'mk2LanderCabin'
[LOG 14:12:40.556] PartLoader: Compiling Part 'Squad/Parts/Command/mk2LanderCan_v2/mk2LanderCan_v2/mk2LanderCabin_v2'
[WRN 14:12:40.561] [Part]: Cannot have ModuleCargoPart and ModuleInventoryPart on same Part [mk2LanderCabin.v2'. Removed ModuleCargoPart
[LOG 14:12:40.565] PartLoader: Part 'Squad/Parts/Command/mk2LanderCan_v2/mk2LanderCan_v2/mk2LanderCabin_v2' has no database record. Creating.
[LOG 14:12:40.565] [DragCubeSystem]: Drag cubes not found or cannot be read for part Part. Generating New drag cubes.
[LOG 14:12:40.565] [KSPCF/DragCubeGeneration] Creating drag cubes for part 'mk2LanderCabin.v2'
[LOG 14:12:40.572] PartLoader: Compiling Part 'Squad/Parts/Command/mk3CockpitShuttle/mk3CockpitShuttle/mk3Cockpit_Shuttle'
[LOG 14:12:40.580] PartLoader: Part 'Squad/Parts/Command/mk3CockpitShuttle/mk3CockpitShuttle/mk3Cockpit_Shuttle' has no database record. Creating.
[LOG 14:12:40.580] [DragCubeSystem]: Drag cubes not found or cannot be read for part Part. Generating New drag cubes.
[LOG 14:12:40.580] [KSPCF/DragCubeGeneration] Creating drag cubes for part 'mk3Cockpit.Shuttle'
[LOG 14:12:40.587] PartLoader: Compiling Part 'Squad/Parts/Command/MpoProbe/MpoProbe/MpoProbe'
[LOG 14:12:40.596] PartLoader: Part 'Squad/Parts/Command/MpoProbe/MpoProbe/MpoProbe' has no database record. Creating.
[LOG 14:12:40.596] [DragCubeSystem]: Drag cubes not found or cannot be read for part Part. Generating New drag cubes.
[LOG 14:12:40.597] [KSPCF/DragCubeGeneration] Creating drag cubes for part 'MpoProbe'
[LOG 14:12:40.606] PartLoader: Compiling Part 'Squad/Parts/Command/MtmStage/MTM_Stage/MtmStage'
[LOG 14:12:40.615] PartLoader: Part 'Squad/Parts/Command/MtmStage/MTM_Stage/MtmStage' has no database record. Creating.
[LOG 14:12:40.615] [DragCubeSystem]: Drag cubes not found or cannot be read for part Part. Generating New drag cubes.
[LOG 14:12:40.615] [KSPCF/DragCubeGeneration] Creating drag cubes for part 'MtmStage'
[LOG 14:12:40.622] PartLoader: Compiling Part 'Squad/Parts/Command/probeCoreCube/probeCoreCube/probeCoreCube'
[LOG 14:12:40.628] PartLoader: Part 'Squad/Parts/Command/probeCoreCube/probeCoreCube/probeCoreCube' has no database record. Creating.
[LOG 14:12:40.634] PartLoader: Compiling Part 'Squad/Parts/Command/probeCoreHex/probeCoreHex/probeCoreHex'
[LOG 14:12:40.642] PartLoader: Part 'Squad/Parts/Command/probeCoreHex/probeCoreHex/probeCoreHex' has no database record. Creating.
[LOG 14:12:40.642] [DragCubeSystem]: Drag cubes not found or cannot be read for part Part. Generating New drag cubes.
[LOG 14:12:40.642] [KSPCF/DragCubeGeneration] Creating drag cubes for part 'probeCoreHex'
[LOG 14:12:40.648] PartLoader: Compiling Part 'Squad/Parts/Command/probeCoreHex_v2/probeCoreHex_v2/probeCoreHex_v2'
[LOG 14:12:40.654] PartLoader: Part 'Squad/Parts/Command/probeCoreHex_v2/probeCoreHex_v2/probeCoreHex_v2' has no database record. Creating.
[LOG 14:12:40.655] [DragCubeSystem]: Drag cubes not found or cannot be read for part Part. Generating New drag cubes.
[LOG 14:12:40.655] [KSPCF/DragCubeGeneration] Creating drag cubes for part 'probeCoreHex.v2'
[LOG 14:12:40.662] PartLoader: Compiling Part 'Squad/Parts/Command/probeCoreOcto2_v2/probeCoreOcto2_v2/probeCoreOcto2_v2'
[LOG 14:12:40.678] PartLoader: Part 'Squad/Parts/Command/probeCoreOcto2_v2/probeCoreOcto2_v2/probeCoreOcto2_v2' has no database record. Creating.
[LOG 14:12:40.678] [DragCubeSystem]: Drag cubes not found or cannot be read for part Part. Generating New drag cubes.
[LOG 14:12:40.678] [KSPCF/DragCubeGeneration] Creating drag cubes for part 'probeCoreOcto2.v2'
[LOG 14:12:40.684] PartLoader: Compiling Part 'Squad/Parts/Command/probeCoreOcto_v2/probeCoreOcto_v2/probeCoreOcto_v2'
[LOG 14:12:40.690] PartLoader: Part 'Squad/Parts/Command/probeCoreOcto_v2/probeCoreOcto_v2/probeCoreOcto_v2' has no database record. Creating.
[LOG 14:12:40.690] [DragCubeSystem]: Drag cubes not found or cannot be read for part Part. Generating New drag cubes.
[LOG 14:12:40.690] [KSPCF/DragCubeGeneration] Creating drag cubes for part 'probeCoreOcto.v2'
[LOG 14:12:40.696] PartLoader: Compiling Part 'Squad/Parts/Command/probeRoverBody/probeRoverBody/roverBody'
[LOG 14:12:40.701] PartLoader: Part 'Squad/Parts/Command/probeRoverBody/probeRoverBody/roverBody' has no database record. Creating.
[LOG 14:12:40.701] [DragCubeSystem]: Drag cubes not found or cannot be read for part Part. Generating New drag cubes.
[LOG 14:12:40.701] [KSPCF/DragCubeGeneration] Creating drag cubes for part 'roverBody'
[LOG 14:12:40.707] PartLoader: Compiling Part 'Squad/Parts/Command/probeRoverBody_v2/probeRoverBody_v2/roverBody_v2'
[LOG 14:12:40.714] PartLoader: Part 'Squad/Parts/Command/probeRoverBody_v2/probeRoverBody_v2/roverBody_v2' has no database record. Creating.
[LOG 14:12:40.715] [DragCubeSystem]: Drag cubes not found or cannot be read for part Part. Generating New drag cubes.
[LOG 14:12:40.715] [KSPCF/DragCubeGeneration] Creating drag cubes for part 'roverBody.v2'
[LOG 14:12:40.740] PartLoader: Compiling Part 'Squad/Parts/Command/probeStackLarge/probeStackLarge/probeStackLarge'
[LOG 14:12:40.746] PartLoader: Part 'Squad/Parts/Command/probeStackLarge/probeStackLarge/probeStackLarge' has no database record. Creating.
[LOG 14:12:40.746] [DragCubeSystem]: Drag cubes not found or cannot be read for part Part. Generating New drag cubes.
[LOG 14:12:40.746] [KSPCF/DragCubeGeneration] Creating drag cubes for part 'probeStackLarge'
[LOG 14:12:40.752] PartLoader: Compiling Part 'Squad/Parts/Command/probeStackSmall/probeStackSmall/probeStackSmall'
[LOG 14:12:40.758] PartLoader: Part 'Squad/Parts/Command/probeStackSmall/probeStackSmall/probeStackSmall' has no database record. Creating.
[LOG 14:12:40.758] [DragCubeSystem]: Drag cubes not found or cannot be read for part Part. Generating New drag cubes.
[LOG 14:12:40.758] [KSPCF/DragCubeGeneration] Creating drag cubes for part 'probeStackSmall'
[LOG 14:12:40.764] PartLoader: Compiling Part 'Squad/Parts/Command/probeStackSphere_v2/probeStackSphere_v2/probeCoreSphere_v2'
[LOG 14:12:40.769] PartLoader: Part 'Squad/Parts/Command/probeStackSphere_v2/probeStackSphere_v2/probeCoreSphere_v2' has no database record. Creating.
[LOG 14:12:40.771] PartLoader: Compiling Part 'Squad/Parts/CompoundParts/FuelLine/fuelLine/fuelLine'
[LOG 14:12:40.795] PartLoader: Part 'Squad/Parts/CompoundParts/FuelLine/fuelLine/fuelLine' has no database record. Creating.
[LOG 14:12:40.795] [DragCubeSystem]: Drag cubes not found or cannot be read for part CompoundPart. Generating New drag cubes.
[LOG 14:12:40.795] [KSPCF/DragCubeGeneration] Creating drag cubes for part 'fuelLine'
[LOG 14:12:40.801] PartLoader: Compiling Part 'Squad/Parts/CompoundParts/strutConnector/strutConnector/strutConnector'
[LOG 14:12:40.809] PartLoader: Part 'Squad/Parts/CompoundParts/strutConnector/strutConnector/strutConnector' has no database record. Creating.
[LOG 14:12:40.809] [DragCubeSystem]: Drag cubes not found or cannot be read for part CompoundPart. Generating New drag cubes.
[LOG 14:12:40.809] [KSPCF/DragCubeGeneration] Creating drag cubes for part 'strutConnector'
[LOG 14:12:40.815] PartLoader: Compiling Part 'Squad/Parts/Coupling/Decoupler_0/Decoupler_0'
[LOG 14:12:40.823] PartLoader: Part 'Squad/Parts/Coupling/Decoupler_0/Decoupler_0' has no database record. Creating.
[LOG 14:12:40.823] PartLoader: Compiling Part 'Squad/Parts/Coupling/Decoupler_1/Decoupler_1'
[LOG 14:12:40.829] PartLoader: Part 'Squad/Parts/Coupling/Decoupler_1/Decoupler_1' has no database record. Creating.
[LOG 14:12:40.830] PartLoader: Compiling Part 'Squad/Parts/Coupling/Decoupler_2/Decoupler_2'
[LOG 14:12:40.837] PartLoader: Part 'Squad/Parts/Coupling/Decoupler_2/Decoupler_2' has no database record. Creating.
[LOG 14:12:40.837] PartLoader: Compiling Part 'Squad/Parts/Coupling/Decoupler_3/Decoupler_3'
[LOG 14:12:40.843] PartLoader: Part 'Squad/Parts/Coupling/Decoupler_3/Decoupler_3' has no database record. Creating.
[LOG 14:12:40.844] PartLoader: Compiling Part 'Squad/Parts/Coupling/Separator_0/Separator_0'
[LOG 14:12:40.851] PartLoader: Part 'Squad/Parts/Coupling/Separator_0/Separator_0' has no database record. Creating.
[LOG 14:12:40.852] PartLoader: Compiling Part 'Squad/Parts/Coupling/Separator_1/Separator_1'
[LOG 14:12:40.856] PartLoader: Part 'Squad/Parts/Coupling/Separator_1/Separator_1' has no database record. Creating.
[LOG 14:12:40.857] PartLoader: Compiling Part 'Squad/Parts/Coupling/Separator_2/Separator_2'
[LOG 14:12:40.861] PartLoader: Part 'Squad/Parts/Coupling/Separator_2/Separator_2' has no database record. Creating.
[LOG 14:12:40.861] PartLoader: Compiling Part 'Squad/Parts/Coupling/Separator_3/Separator_3'
[LOG 14:12:40.866] PartLoader: Part 'Squad/Parts/Coupling/Separator_3/Separator_3' has no database record. Creating.
[LOG 14:12:40.866] PartLoader: Compiling Part 'Squad/Parts/Electrical/10CSolarPanels/OX-10C/solarPanelOX10C'
[LOG 14:12:40.875] PartLoader: Part 'Squad/Parts/Electrical/10CSolarPanels/OX-10C/solarPanelOX10C' has no database record. Creating.
[LOG 14:12:40.875] [DragCubeSystem]: Drag cubes not found or cannot be read for part Part. Generating New drag cubes.
[LOG 14:12:40.875] [KSPCF/DragCubeGeneration] Creating drag cubes for part 'solarPanelOX10C'
[LOG 14:12:40.898] PartLoader: Compiling Part 'Squad/Parts/Electrical/10CSolarPanels/SP-10C/solarPanelSP10C'
[LOG 14:12:40.903] PartLoader: Part 'Squad/Parts/Electrical/10CSolarPanels/SP-10C/solarPanelSP10C' has no database record. Creating.
[LOG 14:12:40.903] [DragCubeSystem]: Drag cubes not found or cannot be read for part Part. Generating New drag cubes.
[LOG 14:12:40.903] [KSPCF/DragCubeGeneration] Creating drag cubes for part 'solarPanelSP10C'
[LOG 14:12:40.925] PartLoader: Compiling Part 'Squad/Parts/Electrical/10LSolarPanels/OX-10L/solarPanelOX10L'
[LOG 14:12:40.929] PartLoader: Part 'Squad/Parts/Electrical/10LSolarPanels/OX-10L/solarPanelOX10L' has no database record. Creating.
[LOG 14:12:40.929] [DragCubeSystem]: Drag cubes not found or cannot be read for part Part. Generating New drag cubes.
[LOG 14:12:40.930] [KSPCF/DragCubeGeneration] Creating drag cubes for part 'solarPanelOX10L'
[LOG 14:12:40.953] PartLoader: Compiling Part 'Squad/Parts/Electrical/10LSolarPanels/SP-10L/solarPanelSP10L'
[LOG 14:12:40.958] PartLoader: Part 'Squad/Parts/Electrical/10LSolarPanels/SP-10L/solarPanelSP10L' has no database record. Creating.
[LOG 14:12:40.958] [DragCubeSystem]: Drag cubes not found or cannot be read for part Part. Generating New drag cubes.
[LOG 14:12:40.958] [KSPCF/DragCubeGeneration] Creating drag cubes for part 'solarPanelSP10L'
[LOG 14:12:40.980] PartLoader: Compiling Part 'Squad/Parts/Electrical/1x6ShroudSolarPanels/1x6ShroudSolarPanels/solarPanels2'
[LOG 14:12:40.985] PartLoader: Part 'Squad/Parts/Electrical/1x6ShroudSolarPanels/1x6ShroudSolarPanels/solarPanels2' has no database record. Creating.
[LOG 14:12:40.985] [DragCubeSystem]: Drag cubes not found or cannot be read for part Part. Generating New drag cubes.
[LOG 14:12:40.985] [KSPCF/DragCubeGeneration] Creating drag cubes for part 'solarPanels2'
[LOG 14:12:41.008] PartLoader: Compiling Part 'Squad/Parts/Electrical/1x6SolarPanels/1x6SolarPanels/solarPanels4'
[LOG 14:12:41.013] PartLoader: Part 'Squad/Parts/Electrical/1x6SolarPanels/1x6SolarPanels/solarPanels4' has no database record. Creating.
[LOG 14:12:41.013] [DragCubeSystem]: Drag cubes not found or cannot be read for part Part. Generating New drag cubes.
[LOG 14:12:41.013] [KSPCF/DragCubeGeneration] Creating drag cubes for part 'solarPanels4'
[LOG 14:12:41.035] PartLoader: Compiling Part 'Squad/Parts/Electrical/3x2ShroudSolarPanels/3x2ShroudSolarPanels/solarPanels1'
[LOG 14:12:41.041] PartLoader: Part 'Squad/Parts/Electrical/3x2ShroudSolarPanels/3x2ShroudSolarPanels/solarPanels1' has no database record. Creating.
[LOG 14:12:41.041] [DragCubeSystem]: Drag cubes not found or cannot be read for part Part. Generating New drag cubes.
[LOG 14:12:41.041] [KSPCF/DragCubeGeneration] Creating drag cubes for part 'solarPanels1'
[LOG 14:12:41.065] PartLoader: Compiling Part 'Squad/Parts/Electrical/3x2SolarPanels/3x2SolarPanels/solarPanels3'
[LOG 14:12:41.069] PartLoader: Part 'Squad/Parts/Electrical/3x2SolarPanels/3x2SolarPanels/solarPanels3' has no database record. Creating.
[LOG 14:12:41.069] [DragCubeSystem]: Drag cubes not found or cannot be read for part Part. Generating New drag cubes.
[LOG 14:12:41.069] [KSPCF/DragCubeGeneration] Creating drag cubes for part 'solarPanels3'
[LOG 14:12:41.090] PartLoader: Compiling Part 'Squad/Parts/Electrical/gigantorXlSolarArray/gigantorXlSolarArray/largeSolarPanel'
[LOG 14:12:41.096] PartLoader: Part 'Squad/Parts/Electrical/gigantorXlSolarArray/gigantorXlSolarArray/largeSolarPanel' has no database record. Creating.
[LOG 14:12:41.096] [DragCubeSystem]: Drag cubes not found or cannot be read for part Part. Generating New drag cubes.
[LOG 14:12:41.096] [KSPCF/DragCubeGeneration] Creating drag cubes for part 'largeSolarPanel'
[LOG 14:12:41.118] PartLoader: Compiling Part 'Squad/Parts/Electrical/radialFlatSolarPanel/radialFlatSolarPanel/solarPanels5'
[LOG 14:12:41.121] PartLoader: Part 'Squad/Parts/Electrical/radialFlatSolarPanel/radialFlatSolarPanel/solarPanels5' has no database record. Creating.
[LOG 14:12:41.121] [DragCubeSystem]: Drag cubes not found or cannot be read for part Part. Generating New drag cubes.
[LOG 14:12:41.121] [KSPCF/DragCubeGeneration] Creating drag cubes for part 'solarPanels5'
[LOG 14:12:41.130] PartLoader: Compiling Part 'Squad/Parts/Electrical/RTG/RTG/rtg'
[LOG 14:12:41.140] PartLoader: Part 'Squad/Parts/Electrical/RTG/RTG/rtg' has no database record. Creating.
[LOG 14:12:41.140] [DragCubeSystem]: Drag cubes not found or cannot be read for part Part. Generating New drag cubes.
[LOG 14:12:41.140] [KSPCF/DragCubeGeneration] Creating drag cubes for part 'rtg'
[LOG 14:12:41.147] PartLoader: Compiling Part 'Squad/Parts/Electrical/z-100Battery/z-100Battery/batteryPack'
[LOG 14:12:41.151] PartLoader: Part 'Squad/Parts/Electrical/z-100Battery/z-100Battery/batteryPack' has no database record. Creating.
[LOG 14:12:41.151] [DragCubeSystem]: Drag cubes not found or cannot be read for part Part. Generating New drag cubes.
[LOG 14:12:41.151] [KSPCF/DragCubeGeneration] Creating drag cubes for part 'batteryPack'
[LOG 14:12:41.158] PartLoader: Compiling Part 'Squad/Parts/Electrical/z-1kBattery/z-1kBattery/batteryBank'
[LOG 14:12:41.161] PartLoader: Part 'Squad/Parts/Electrical/z-1kBattery/z-1kBattery/batteryBank' has no database record. Creating.
[LOG 14:12:41.161] [DragCubeSystem]: Drag cubes not found or cannot be read for part Part. Generating New drag cubes.
[LOG 14:12:41.161] [KSPCF/DragCubeGeneration] Creating drag cubes for part 'batteryBank'
[LOG 14:12:41.167] PartLoader: Compiling Part 'Squad/Parts/Electrical/z-200Battery/z-200Battery/batteryBankMini'
[LOG 14:12:41.171] PartLoader: Part 'Squad/Parts/Electrical/z-200Battery/z-200Battery/batteryBankMini' has no database record. Creating.
[LOG 14:12:41.171] [DragCubeSystem]: Drag cubes not found or cannot be read for part Part. Generating New drag cubes.
[LOG 14:12:41.171] [KSPCF/DragCubeGeneration] Creating drag cubes for part 'batteryBankMini'
[LOG 14:12:41.176] PartLoader: Compiling Part 'Squad/Parts/Electrical/z-400Battery/z-400Battery/ksp_r_largeBatteryPack'
[LOG 14:12:41.179] PartLoader: Part 'Squad/Parts/Electrical/z-400Battery/z-400Battery/ksp_r_largeBatteryPack' has no database record. Creating.
[LOG 14:12:41.179] [DragCubeSystem]: Drag cubes not found or cannot be read for part Part. Generating New drag cubes.
[LOG 14:12:41.179] [KSPCF/DragCubeGeneration] Creating drag cubes for part 'ksp.r.largeBatteryPack'
[LOG 14:12:41.185] PartLoader: Compiling Part 'Squad/Parts/Electrical/z-4kBattery/z-4kBattery/batteryBankLarge'
[LOG 14:12:41.188] PartLoader: Part 'Squad/Parts/Electrical/z-4kBattery/z-4kBattery/batteryBankLarge' has no database record. Creating.
[LOG 14:12:41.188] [DragCubeSystem]: Drag cubes not found or cannot be read for part Part. Generating New drag cubes.
[LOG 14:12:41.188] [KSPCF/DragCubeGeneration] Creating drag cubes for part 'batteryBankLarge'
[LOG 14:12:41.194] PartLoader: Compiling Part 'Squad/Parts/Engine/ionEngine/ionEngine/ionEngine'
[LOG 14:12:41.215] PartLoader: Part 'Squad/Parts/Engine/ionEngine/ionEngine/ionEngine' has no database record. Creating.
[LOG 14:12:41.215] [DragCubeSystem]: Drag cubes not found or cannot be read for part Part. Generating New drag cubes.
[LOG 14:12:41.215] [KSPCF/DragCubeGeneration] Creating drag cubes for part 'ionEngine'
[LOG 14:12:41.222] PartLoader: Compiling Part 'Squad/Parts/Engine/jetEngines/jetEngineAfterburning/turboJet'
[LOG 14:12:41.251] PartLoader: Part 'Squad/Parts/Engine/jetEngines/jetEngineAfterburning/turboJet' has no database record. Creating.
[LOG 14:12:41.251] [DragCubeSystem]: Drag cubes not found or cannot be read for part Part. Generating New drag cubes.
[LOG 14:12:41.251] [KSPCF/DragCubeGeneration] Creating drag cubes for part 'turboJet'
[LOG 14:12:41.259] PartLoader: Compiling Part 'Squad/Parts/Engine/jetEngines/jetEngineBasic/JetEngine'
[LOG 14:12:41.267] PartLoader: Part 'Squad/Parts/Engine/jetEngines/jetEngineBasic/JetEngine' has no database record. Creating.
[LOG 14:12:41.267] [DragCubeSystem]: Drag cubes not found or cannot be read for part Part. Generating New drag cubes.
[LOG 14:12:41.267] [KSPCF/DragCubeGeneration] Creating drag cubes for part 'JetEngine'
[LOG 14:12:41.284] PartLoader: Compiling Part 'Squad/Parts/Engine/jetEngines/jetEngineBig/turboFanSize2'
[LOG 14:12:41.293] PartLoader: Part 'Squad/Parts/Engine/jetEngines/jetEngineBig/turboFanSize2' has no database record. Creating.
[LOG 14:12:41.293] [DragCubeSystem]: Drag cubes not found or cannot be read for part Part. Generating New drag cubes.
[LOG 14:12:41.293] [KSPCF/DragCubeGeneration] Creating drag cubes for part 'turboFanSize2'
[LOG 14:12:41.312] PartLoader: Compiling Part 'Squad/Parts/Engine/jetEngines/jetEngineTurbo/turboFanEngine'
[LOG 14:12:41.320] PartLoader: Part 'Squad/Parts/Engine/jetEngines/jetEngineTurbo/turboFanEngine' has no database record. Creating.
[LOG 14:12:41.320] [DragCubeSystem]: Drag cubes not found or cannot be read for part Part. Generating New drag cubes.
[LOG 14:12:41.321] [KSPCF/DragCubeGeneration] Creating drag cubes for part 'turboFanEngine'
[LOG 14:12:41.327] PartLoader: Compiling Part 'Squad/Parts/Engine/liquidEngine24-77/liquidEngine24-77/smallRadialEngine'
[LOG 14:12:41.334] PartLoader: Part 'Squad/Parts/Engine/liquidEngine24-77/liquidEngine24-77/smallRadialEngine' has no database record. Creating.
[LOG 14:12:41.334] [DragCubeSystem]: Drag cubes not found or cannot be read for part Part. Generating New drag cubes.
[LOG 14:12:41.334] [KSPCF/DragCubeGeneration] Creating drag cubes for part 'smallRadialEngine'
[LOG 14:12:41.341] PartLoader: Compiling Part 'Squad/Parts/Engine/liquidEngine24-77_v2/liquidEngine24-77_v2/smallRadialEngine_v2'
[LOG 14:12:41.349] PartLoader: Part 'Squad/Parts/Engine/liquidEngine24-77_v2/liquidEngine24-77_v2/smallRadialEngine_v2' has no database record. Creating.
[LOG 14:12:41.349] [DragCubeSystem]: Drag cubes not found or cannot be read for part Part. Generating New drag cubes.
[LOG 14:12:41.349] [KSPCF/DragCubeGeneration] Creating drag cubes for part 'smallRadialEngine.v2'
[LOG 14:12:41.355] PartLoader: Compiling Part 'Squad/Parts/Engine/liquidEngine48-7S_v2/liquidEngine48-7S_v2/liquidEngineMini_v2'
[LOG 14:12:41.363] PartLoader: Part 'Squad/Parts/Engine/liquidEngine48-7S_v2/liquidEngine48-7S_v2/liquidEngineMini_v2' has no database record. Creating.
[LOG 14:12:41.363] [DragCubeSystem]: Drag cubes not found or cannot be read for part Part. Generating New drag cubes.
[LOG 14:12:41.363] [KSPCF/DragCubeGeneration] Creating drag cubes for part 'liquidEngineMini.v2'
[LOG 14:12:41.400] PartLoader: Compiling Part 'Squad/Parts/Engine/liquidEngineAerospike/liquidEngineAerospike/toroidalAerospike'
[LOG 14:12:41.415] PartLoader: Part 'Squad/Parts/Engine/liquidEngineAerospike/liquidEngineAerospike/toroidalAerospike' has no database record. Creating.
[LOG 14:12:41.415] [DragCubeSystem]: Drag cubes not found or cannot be read for part Part. Generating New drag cubes.
[LOG 14:12:41.415] [KSPCF/DragCubeGeneration] Creating drag cubes for part 'toroidalAerospike'
[LOG 14:12:41.433] PartLoader: Compiling Part 'Squad/Parts/Engine/liquidEngineLV-1_v2/liquidEngineLV-1R _v2/radialEngineMini_v2'
[LOG 14:12:41.441] PartLoader: Part 'Squad/Parts/Engine/liquidEngineLV-1_v2/liquidEngineLV-1R _v2/radialEngineMini_v2' has no database record. Creating.
[LOG 14:12:41.441] [DragCubeSystem]: Drag cubes not found or cannot be read for part Part. Generating New drag cubes.
[LOG 14:12:41.441] [KSPCF/DragCubeGeneration] Creating drag cubes for part 'radialEngineMini.v2'
[LOG 14:12:41.459] PartLoader: Compiling Part 'Squad/Parts/Engine/liquidEngineLV-1_v2/liquidEngineLV-1_v2/microEngine_v2'
[LOG 14:12:41.465] PartLoader: Part 'Squad/Parts/Engine/liquidEngineLV-1_v2/liquidEngineLV-1_v2/microEngine_v2' has no database record. Creating.
[LOG 14:12:41.465] [DragCubeSystem]: Drag cubes not found or cannot be read for part Part. Generating New drag cubes.
[LOG 14:12:41.465] [KSPCF/DragCubeGeneration] Creating drag cubes for part 'microEngine.v2'
[LOG 14:12:41.483] PartLoader: Compiling Part 'Squad/Parts/Engine/liquidEngineLV-909_v2/liquidEngineLV-909_v2/liquidEngine3_v2'
[LOG 14:12:41.491] PartLoader: Part 'Squad/Parts/Engine/liquidEngineLV-909_v2/liquidEngineLV-909_v2/liquidEngine3_v2' has no database record. Creating.
[LOG 14:12:41.491] [DragCubeSystem]: Drag cubes not found or cannot be read for part Part. Generating New drag cubes.
[LOG 14:12:41.491] [KSPCF/DragCubeGeneration] Creating drag cubes for part 'liquidEngine3.v2'
[LOG 14:12:41.530] PartLoader: Compiling Part 'Squad/Parts/Engine/liquidEngineLV-N/liquidEngineLV-N/nuclearEngine'
[LOG 14:12:41.537] PartLoader: Part 'Squad/Parts/Engine/liquidEngineLV-N/liquidEngineLV-N/nuclearEngine' has no database record. Creating.
[LOG 14:12:41.537] [DragCubeSystem]: Drag cubes not found or cannot be read for part Part. Generating New drag cubes.
[LOG 14:12:41.537] [KSPCF/DragCubeGeneration] Part 'nuclearEngine' has defined a procedural drag cube setup
[LOG 14:12:41.538] PartLoader: Compiling Part 'Squad/Parts/Engine/liquidEngineLV-T30/liquidEngineLV-T30/liquidEngine'
[LOG 14:12:41.545] PartLoader: Part 'Squad/Parts/Engine/liquidEngineLV-T30/liquidEngineLV-T30/liquidEngine' has no database record. Creating.
[LOG 14:12:41.545] [DragCubeSystem]: Drag cubes not found or cannot be read for part Part. Generating New drag cubes.
[LOG 14:12:41.545] [KSPCF/DragCubeGeneration] Creating drag cubes for part 'liquidEngine'
[LOG 14:12:41.562] PartLoader: Compiling Part 'Squad/Parts/Engine/liquidEngineLV-T30_v2/liquidEngineLV-T30_v2/liquidEngine_v2'
[LOG 14:12:41.569] PartLoader: Part 'Squad/Parts/Engine/liquidEngineLV-T30_v2/liquidEngineLV-T30_v2/liquidEngine_v2' has no database record. Creating.
[LOG 14:12:41.570] PartLoader: Compiling Part 'Squad/Parts/Engine/liquidEngineLV-T45/liquidEngineLV-T45/liquidEngine2'
[LOG 14:12:41.577] PartLoader: Part 'Squad/Parts/Engine/liquidEngineLV-T45/liquidEngineLV-T45/liquidEngine2' has no database record. Creating.
[LOG 14:12:41.578] [DragCubeSystem]: Drag cubes not found or cannot be read for part Part. Generating New drag cubes.
[LOG 14:12:41.578] [KSPCF/DragCubeGeneration] Creating drag cubes for part 'liquidEngine2'
[LOG 14:12:41.596] PartLoader: Compiling Part 'Squad/Parts/Engine/liquidEngineLV-T45_v2/liquidEngineLV-T45_v2/liquidEngine2_v2'
[LOG 14:12:41.605] PartLoader: Part 'Squad/Parts/Engine/liquidEngineLV-T45_v2/liquidEngineLV-T45_v2/liquidEngine2_v2' has no database record. Creating.
[LOG 14:12:41.607] PartLoader: Compiling Part 'Squad/Parts/Engine/liquidEngineMainsail_v2/liquidEngineMainsail_v2/liquidEngineMainsail_v2'
[LOG 14:12:41.616] PartLoader: Part 'Squad/Parts/Engine/liquidEngineMainsail_v2/liquidEngineMainsail_v2/liquidEngineMainsail_v2' has no database record. Creating.
[LOG 14:12:41.616] [DragCubeSystem]: Drag cubes not found or cannot be read for part Part. Generating New drag cubes.
[LOG 14:12:41.616] [KSPCF/DragCubeGeneration] Creating drag cubes for part 'liquidEngineMainsail.v2'
[LOG 14:12:41.659] PartLoader: Compiling Part 'Squad/Parts/Engine/liquidEngineMk55/liquidEngineMk55/radialLiquidEngine1-2'
[LOG 14:12:41.666] PartLoader: Part 'Squad/Parts/Engine/liquidEngineMk55/liquidEngineMk55/radialLiquidEngine1-2' has no database record. Creating.
[LOG 14:12:41.666] [DragCubeSystem]: Drag cubes not found or cannot be read for part Part. Generating New drag cubes.
[LOG 14:12:41.666] [KSPCF/DragCubeGeneration] Creating drag cubes for part 'radialLiquidEngine1-2'
[LOG 14:12:41.672] PartLoader: Compiling Part 'Squad/Parts/Engine/liquidEnginePoodle_v2/liquidEnginePoodle_v2/liquidEngine2-2_v2'
[LOG 14:12:41.682] PartLoader: Part 'Squad/Parts/Engine/liquidEnginePoodle_v2/liquidEnginePoodle_v2/liquidEngine2-2_v2' has no database record. Creating.
[LOG 14:12:41.683] PartLoader: Compiling Part 'Squad/Parts/Engine/liquidEngineSkipper_v2/skipperLiquidEngine_v2/engineLargeSkipper_v2'
[LOG 14:12:41.692] PartLoader: Part 'Squad/Parts/Engine/liquidEngineSkipper_v2/skipperLiquidEngine_v2/engineLargeSkipper_v2' has no database record. Creating.
[LOG 14:12:41.692] [DragCubeSystem]: Drag cubes not found or cannot be read for part Part. Generating New drag cubes.
[LOG 14:12:41.692] [KSPCF/DragCubeGeneration] Creating drag cubes for part 'engineLargeSkipper.v2'
[LOG 14:12:41.731] PartLoader: Compiling Part 'Squad/Parts/Engine/liquidEngineSSME/SSME/SSME'
[LOG 14:12:41.740] PartLoader: Part 'Squad/Parts/Engine/liquidEngineSSME/SSME/SSME' has no database record. Creating.
[LOG 14:12:41.740] [DragCubeSystem]: Drag cubes not found or cannot be read for part Part. Generating New drag cubes.
[LOG 14:12:41.740] [KSPCF/DragCubeGeneration] Creating drag cubes for part 'SSME'
[LOG 14:12:41.758] PartLoader: Compiling Part 'Squad/Parts/Engine/MassiveSRB/part/MassiveBooster'
[LOG 14:12:41.766] PartLoader: Part 'Squad/Parts/Engine/MassiveSRB/part/MassiveBooster' has no database record. Creating.
[LOG 14:12:41.766] [DragCubeSystem]: Drag cubes not found or cannot be read for part Part. Generating New drag cubes.
[LOG 14:12:41.766] [KSPCF/DragCubeGeneration] Creating drag cubes for part 'MassiveBooster'
[LOG 14:12:41.772] PartLoader: Compiling Part 'Squad/Parts/Engine/miniJet/SmallJetEngine/miniJetEngine'
[LOG 14:12:41.779] PartLoader: Part 'Squad/Parts/Engine/miniJet/SmallJetEngine/miniJetEngine' has no database record. Creating.
[LOG 14:12:41.779] [DragCubeSystem]: Drag cubes not found or cannot be read for part Part. Generating New drag cubes.
[LOG 14:12:41.779] [KSPCF/DragCubeGeneration] Creating drag cubes for part 'miniJetEngine'
[LOG 14:12:41.787] PartLoader: Compiling Part 'Squad/Parts/Engine/OMSEngine/omsEngine/omsEngine'
[LOG 14:12:41.794] PartLoader: Part 'Squad/Parts/Engine/OMSEngine/omsEngine/omsEngine' has no database record. Creating.
[LOG 14:12:41.795] [DragCubeSystem]: Drag cubes not found or cannot be read for part Part. Generating New drag cubes.
[LOG 14:12:41.795] [KSPCF/DragCubeGeneration] Creating drag cubes for part 'omsEngine'
[LOG 14:12:41.801] PartLoader: Compiling Part 'Squad/Parts/Engine/rapierEngine/rapierEngine/RAPIER'
[LOG 14:12:41.811] PartLoader: Part 'Squad/Parts/Engine/rapierEngine/rapierEngine/RAPIER' has no database record. Creating.
[LOG 14:12:41.811] [DragCubeSystem]: Drag cubes not found or cannot be read for part Part. Generating New drag cubes.
[LOG 14:12:41.811] [KSPCF/DragCubeGeneration] Creating drag cubes for part 'RAPIER'
[LOG 14:12:41.820] PartLoader: Compiling Part 'Squad/Parts/Engine/Size1_SRBs/solidBoosterRT-10_v2/solidBooster_v2'
[LOG 14:12:41.835] PartLoader: Part 'Squad/Parts/Engine/Size1_SRBs/solidBoosterRT-10_v2/solidBooster_v2' has no database record. Creating.
[LOG 14:12:41.836] [DragCubeSystem]: Drag cubes not found or cannot be read for part Part. Generating New drag cubes.
[LOG 14:12:41.836] [KSPCF/DragCubeGeneration] Creating drag cubes for part 'solidBooster.v2'
[LOG 14:12:41.857] PartLoader: Compiling Part 'Squad/Parts/Engine/Size1_SRBs/solidBoosterRT-5_v2/solidBooster_sm_v2'
[LOG 14:12:41.865] PartLoader: Part 'Squad/Parts/Engine/Size1_SRBs/solidBoosterRT-5_v2/solidBooster_sm_v2' has no database record. Creating.
[LOG 14:12:41.865] [DragCubeSystem]: Drag cubes not found or cannot be read for part Part. Generating New drag cubes.
[LOG 14:12:41.866] [KSPCF/DragCubeGeneration] Creating drag cubes for part 'solidBooster.sm.v2'
[LOG 14:12:41.895] PartLoader: Compiling Part 'Squad/Parts/Engine/Size2LFB/part/Size2LFB'
[LOG 14:12:41.902] PartLoader: Part 'Squad/Parts/Engine/Size2LFB/part/Size2LFB' has no database record. Creating.
[LOG 14:12:41.903] [DragCubeSystem]: Drag cubes not found or cannot be read for part Part. Generating New drag cubes.
[LOG 14:12:41.903] [KSPCF/DragCubeGeneration] Creating drag cubes for part 'Size2LFB'
[LOG 14:12:41.910] PartLoader: Compiling Part 'Squad/Parts/Engine/Size2LFB_v2/part/Size2LFB_v2'
[LOG 14:12:41.918] PartLoader: Part 'Squad/Parts/Engine/Size2LFB_v2/part/Size2LFB_v2' has no database record. Creating.
[LOG 14:12:41.918] [DragCubeSystem]: Drag cubes not found or cannot be read for part Part. Generating New drag cubes.
[LOG 14:12:41.918] [KSPCF/DragCubeGeneration] Creating drag cubes for part 'Size2LFB.v2'
[LOG 14:12:41.926] PartLoader: Compiling Part 'Squad/Parts/Engine/Size3AdvancedEngine/part/Size3AdvancedEngine'
[LOG 14:12:41.934] PartLoader: Part 'Squad/Parts/Engine/Size3AdvancedEngine/part/Size3AdvancedEngine' has no database record. Creating.
[LOG 14:12:41.934] [DragCubeSystem]: Drag cubes not found or cannot be read for part Part. Generating New drag cubes.
[LOG 14:12:41.934] [KSPCF/DragCubeGeneration] Creating drag cubes for part 'Size3AdvancedEngine'
[LOG 14:12:41.956] PartLoader: Compiling Part 'Squad/Parts/Engine/Size3EngineCluster/part/Size3EngineCluster'
[LOG 14:12:41.964] PartLoader: Part 'Squad/Parts/Engine/Size3EngineCluster/part/Size3EngineCluster' has no database record. Creating.
[LOG 14:12:41.964] [DragCubeSystem]: Drag cubes not found or cannot be read for part Part. Generating New drag cubes.
[LOG 14:12:41.964] [KSPCF/DragCubeGeneration] Creating drag cubes for part 'Size3EngineCluster'
[LOG 14:12:41.971] PartLoader: Compiling Part 'Squad/Parts/Engine/solidBoosterBACC/solidBoosterBACC/solidBooster1-1'
[LOG 14:12:41.976] PartLoader: Part 'Squad/Parts/Engine/solidBoosterBACC/solidBoosterBACC/solidBooster1-1' has no database record. Creating.
[LOG 14:12:41.976] [DragCubeSystem]: Drag cubes not found or cannot be read for part Part. Generating New drag cubes.
[LOG 14:12:41.976] [KSPCF/DragCubeGeneration] Creating drag cubes for part 'solidBooster1-1'
[LOG 14:12:41.984] PartLoader: Compiling Part 'Squad/Parts/Engine/solidBoosterS2-17/solidBoosterS2-17/Thoroughbred'
[LOG 14:12:41.992] PartLoader: Part 'Squad/Parts/Engine/solidBoosterS2-17/solidBoosterS2-17/Thoroughbred' has no database record. Creating.
[LOG 14:12:41.992] [DragCubeSystem]: Drag cubes not found or cannot be read for part Part. Generating New drag cubes.
[LOG 14:12:41.992] [KSPCF/DragCubeGeneration] Creating drag cubes for part 'Thoroughbred'
[LOG 14:12:41.999] PartLoader: Compiling Part 'Squad/Parts/Engine/solidBoosterS2-33/solidBoosterS2-33/Clydesdale'
[LOG 14:12:42.005] PartLoader: Part 'Squad/Parts/Engine/solidBoosterS2-33/solidBoosterS2-33/Clydesdale' has no database record. Creating.
[LOG 14:12:42.005] [DragCubeSystem]: Drag cubes not found or cannot be read for part Part. Generating New drag cubes.
[LOG 14:12:42.005] [KSPCF/DragCubeGeneration] Creating drag cubes for part 'Clydesdale'
[LOG 14:12:42.012] PartLoader: Compiling Part 'Squad/Parts/Engine/solidBoosterSep/solidBoosterSep/sepMotor1'
[LOG 14:12:42.014] [ModuleCargoPart]: Setting stackableQuantity to 1 as sepMotor1 contains resources
[LOG 14:12:42.017] PartLoader: Part 'Squad/Parts/Engine/solidBoosterSep/solidBoosterSep/sepMotor1' has no database record. Creating.
[LOG 14:12:42.017] [DragCubeSystem]: Drag cubes not found or cannot be read for part Part. Generating New drag cubes.
[LOG 14:12:42.018] [KSPCF/DragCubeGeneration] Creating drag cubes for part 'sepMotor1'
[LOG 14:12:42.024] PartLoader: Compiling Part 'Squad/Parts/Engine/SolidBoostersF/SolidBoosterF3S0/Shrimp'
[LOG 14:12:42.030] PartLoader: Part 'Squad/Parts/Engine/SolidBoostersF/SolidBoosterF3S0/Shrimp' has no database record. Creating.
[LOG 14:12:42.030] [DragCubeSystem]: Drag cubes not found or cannot be read for part Part. Generating New drag cubes.
[LOG 14:12:42.030] [KSPCF/DragCubeGeneration] Creating drag cubes for part 'Shrimp'
[LOG 14:12:42.036] PartLoader: Compiling Part 'Squad/Parts/Engine/SolidBoostersF/SolidBoosterFM1/Mite'
[LOG 14:12:42.042] PartLoader: Part 'Squad/Parts/Engine/SolidBoostersF/SolidBoosterFM1/Mite' has no database record. Creating.
[LOG 14:12:42.042] [DragCubeSystem]: Drag cubes not found or cannot be read for part Part. Generating New drag cubes.
[LOG 14:12:42.042] [KSPCF/DragCubeGeneration] Creating drag cubes for part 'Mite'
[LOG 14:12:42.048] PartLoader: Compiling Part 'Squad/Parts/FuelTank/adapterTanks/Mk3-Mk2/adapterMk3-Mk2'
[LOG 14:12:42.051] PartLoader: Part 'Squad/Parts/FuelTank/adapterTanks/Mk3-Mk2/adapterMk3-Mk2' has no database record. Creating.
[LOG 14:12:42.051] [DragCubeSystem]: Drag cubes not found or cannot be read for part Part. Generating New drag cubes.
[LOG 14:12:42.051] [KSPCF/DragCubeGeneration] Creating drag cubes for part 'adapterMk3-Mk2'
[LOG 14:12:42.058] PartLoader: Compiling Part 'Squad/Parts/FuelTank/adapterTanks/Mk3-ShuttleAdapter/adapterEngines'
[LOG 14:12:42.061] PartLoader: Part 'Squad/Parts/FuelTank/adapterTanks/Mk3-ShuttleAdapter/adapterEngines' has no database record. Creating.
[LOG 14:12:42.061] [DragCubeSystem]: Drag cubes not found or cannot be read for part Part. Generating New drag cubes.
[LOG 14:12:42.061] [KSPCF/DragCubeGeneration] Creating drag cubes for part 'adapterEngines'
[LOG 14:12:42.066] PartLoader: Compiling Part 'Squad/Parts/FuelTank/adapterTanks/Mk3-Size2/adapterMk3-Size2'
[LOG 14:12:42.068] PartLoader: Part 'Squad/Parts/FuelTank/adapterTanks/Mk3-Size2/adapterMk3-Size2' has no database record. Creating.
[LOG 14:12:42.068] [DragCubeSystem]: Drag cubes not found or cannot be read for part Part. Generating New drag cubes.
[LOG 14:12:42.068] [KSPCF/DragCubeGeneration] Creating drag cubes for part 'adapterMk3-Size2'
[LOG 14:12:42.073] PartLoader: Compiling Part 'Squad/Parts/FuelTank/adapterTanks/Mk3-Size2Slant/adapterMk3-Size2Slant'
[LOG 14:12:42.076] PartLoader: Part 'Squad/Parts/FuelTank/adapterTanks/Mk3-Size2Slant/adapterMk3-Size2Slant' has no database record. Creating.
[LOG 14:12:42.076] [DragCubeSystem]: Drag cubes not found or cannot be read for part Part. Generating New drag cubes.
[LOG 14:12:42.076] [KSPCF/DragCubeGeneration] Creating drag cubes for part 'adapterMk3-Size2Slant'
[LOG 14:12:42.081] PartLoader: Compiling Part 'Squad/Parts/FuelTank/adapterTanks/Size2-Mk2/adapterSize2-Mk2'
[LOG 14:12:42.084] PartLoader: Part 'Squad/Parts/FuelTank/adapterTanks/Size2-Mk2/adapterSize2-Mk2' has no database record. Creating.
[LOG 14:12:42.084] [DragCubeSystem]: Drag cubes not found or cannot be read for part Part. Generating New drag cubes.
[LOG 14:12:42.084] [KSPCF/DragCubeGeneration] Creating drag cubes for part 'adapterSize2-Mk2'
[LOG 14:12:42.090] PartLoader: Compiling Part 'Squad/Parts/FuelTank/adapterTanks/Size2-Size1/adapterSize2-Size1'
[LOG 14:12:42.092] PartLoader: Part 'Squad/Parts/FuelTank/adapterTanks/Size2-Size1/adapterSize2-Size1' has no database record. Creating.
[LOG 14:12:42.092] [DragCubeSystem]: Drag cubes not found or cannot be read for part Part. Generating New drag cubes.
[LOG 14:12:42.092] [KSPCF/DragCubeGeneration] Creating drag cubes for part 'adapterSize2-Size1'
[LOG 14:12:42.098] PartLoader: Compiling Part 'Squad/Parts/FuelTank/adapterTanks/Size2-Size1Slant/adapterSize2-Size1Slant'
[LOG 14:12:42.100] PartLoader: Part 'Squad/Parts/FuelTank/adapterTanks/Size2-Size1Slant/adapterSize2-Size1Slant' has no database record. Creating.
[LOG 14:12:42.100] [DragCubeSystem]: Drag cubes not found or cannot be read for part Part. Generating New drag cubes.
[LOG 14:12:42.100] [KSPCF/DragCubeGeneration] Creating drag cubes for part 'adapterSize2-Size1Slant'
[LOG 14:12:42.106] PartLoader: Compiling Part 'Squad/Parts/FuelTank/adapterTanks/Size3-Mk3/adapterSize3-Mk3'
[LOG 14:12:42.108] PartLoader: Part 'Squad/Parts/FuelTank/adapterTanks/Size3-Mk3/adapterSize3-Mk3' has no database record. Creating.
[LOG 14:12:42.108] [DragCubeSystem]: Drag cubes not found or cannot be read for part Part. Generating New drag cubes.
[LOG 14:12:42.108] [KSPCF/DragCubeGeneration] Creating drag cubes for part 'adapterSize3-Mk3'
[LOG 14:12:42.114] PartLoader: Compiling Part 'Squad/Parts/FuelTank/drainTankFTE-1/ReleaseValve/ReleaseValve'
[LOG 14:12:42.124] PartLoader: Part 'Squad/Parts/FuelTank/drainTankFTE-1/ReleaseValve/ReleaseValve' has no database record. Creating.
[LOG 14:12:42.124] [DragCubeSystem]: Drag cubes not found or cannot be read for part Part. Generating New drag cubes.
[LOG 14:12:42.124] [KSPCF/DragCubeGeneration] Creating drag cubes for part 'ReleaseValve'
[LOG 14:12:42.130] PartLoader: Compiling Part 'Squad/Parts/FuelTank/FoilTanks/RadialTank_Capsule/externalTankCapsule'
[LOG 14:12:42.134] PartLoader: Part 'Squad/Parts/FuelTank/FoilTanks/RadialTank_Capsule/externalTankCapsule' has no database record. Creating.
[LOG 14:12:42.134] [DragCubeSystem]: Drag cubes not found or cannot be read for part Part. Generating New drag cubes.
[LOG 14:12:42.134] [KSPCF/DragCubeGeneration] Creating drag cubes for part 'externalTankCapsule'
[LOG 14:12:42.140] PartLoader: Compiling Part 'Squad/Parts/FuelTank/FoilTanks/RadialTank_Round/externalTankRound'
[LOG 14:12:42.143] PartLoader: Part 'Squad/Parts/FuelTank/FoilTanks/RadialTank_Round/externalTankRound' has no database record. Creating.
[LOG 14:12:42.143] [DragCubeSystem]: Drag cubes not found or cannot be read for part Part. Generating New drag cubes.
[LOG 14:12:42.143] [KSPCF/DragCubeGeneration] Creating drag cubes for part 'externalTankRound'
[LOG 14:12:42.148] PartLoader: Compiling Part 'Squad/Parts/FuelTank/FoilTanks/ToroidTank/externalTankToroid'
[LOG 14:12:42.151] PartLoader: Part 'Squad/Parts/FuelTank/FoilTanks/ToroidTank/externalTankToroid' has no database record. Creating.
[LOG 14:12:42.151] [DragCubeSystem]: Drag cubes not found or cannot be read for part Part. Generating New drag cubes.
[LOG 14:12:42.151] [KSPCF/DragCubeGeneration] Creating drag cubes for part 'externalTankToroid'
[LOG 14:12:42.157] PartLoader: Compiling Part 'Squad/Parts/FuelTank/fuelTankOscarB/fuelTankOscarB/miniFuelTank'
[LOG 14:12:42.160] PartLoader: Part 'Squad/Parts/FuelTank/fuelTankOscarB/fuelTankOscarB/miniFuelTank' has no database record. Creating.
[LOG 14:12:42.160] [DragCubeSystem]: Drag cubes not found or cannot be read for part Part. Generating New drag cubes.
[LOG 14:12:42.160] [KSPCF/DragCubeGeneration] Creating drag cubes for part 'miniFuelTank'
[LOG 14:12:42.167] PartLoader: Compiling Part 'Squad/Parts/FuelTank/miniFuselage/miniFuselage/miniFuselage'
[LOG 14:12:42.169] PartLoader: Part 'Squad/Parts/FuelTank/miniFuselage/miniFuselage/miniFuselage' has no database record. Creating.
[LOG 14:12:42.170] [DragCubeSystem]: Drag cubes not found or cannot be read for part Part. Generating New drag cubes.
[LOG 14:12:42.170] [KSPCF/DragCubeGeneration] Creating drag cubes for part 'miniFuselage'
[LOG 14:12:42.175] PartLoader: Compiling Part 'Squad/Parts/FuelTank/mk2Adapters/bicoupler/mk2_1m_Bicoupler'
[LOG 14:12:42.178] PartLoader: Part 'Squad/Parts/FuelTank/mk2Adapters/bicoupler/mk2_1m_Bicoupler' has no database record. Creating.
[LOG 14:12:42.178] [DragCubeSystem]: Drag cubes not found or cannot be read for part Part. Generating New drag cubes.
[LOG 14:12:42.178] [KSPCF/DragCubeGeneration] Creating drag cubes for part 'mk2.1m.Bicoupler'
[LOG 14:12:42.184] PartLoader: Compiling Part 'Squad/Parts/FuelTank/mk2Adapters/long/mk2_1m_AdapterLong'
[LOG 14:12:42.187] PartLoader: Part 'Squad/Parts/FuelTank/mk2Adapters/long/mk2_1m_AdapterLong' has no database record. Creating.
[LOG 14:12:42.187] [DragCubeSystem]: Drag cubes not found or cannot be read for part Part. Generating New drag cubes.
[LOG 14:12:42.187] [KSPCF/DragCubeGeneration] Creating drag cubes for part 'mk2.1m.AdapterLong'
[LOG 14:12:42.192] PartLoader: Compiling Part 'Squad/Parts/FuelTank/mk2Adapters/standard/mk2SpacePlaneAdapter'
[LOG 14:12:42.196] PartLoader: Part 'Squad/Parts/FuelTank/mk2Adapters/standard/mk2SpacePlaneAdapter' has no database record. Creating.
[LOG 14:12:42.196] [DragCubeSystem]: Drag cubes not found or cannot be read for part Part. Generating New drag cubes.
[LOG 14:12:42.196] [KSPCF/DragCubeGeneration] Creating drag cubes for part 'mk2SpacePlaneAdapter'
[LOG 14:12:42.203] PartLoader: Compiling Part 'Squad/Parts/FuelTank/mk2FuselageLong/LFO_long/mk2FuselageLongLFO'
[LOG 14:12:42.206] PartLoader: Part 'Squad/Parts/FuelTank/mk2FuselageLong/LFO_long/mk2FuselageLongLFO' has no database record. Creating.
[LOG 14:12:42.206] [DragCubeSystem]: Drag cubes not found or cannot be read for part Part. Generating New drag cubes.
[LOG 14:12:42.206] [KSPCF/DragCubeGeneration] Creating drag cubes for part 'mk2FuselageLongLFO'
[LOG 14:12:42.211] PartLoader: Compiling Part 'Squad/Parts/FuelTank/mk2FuselageLong/L_long/mk2Fuselage'
[LOG 14:12:42.214] PartLoader: Part 'Squad/Parts/FuelTank/mk2FuselageLong/L_long/mk2Fuselage' has no database record. Creating.
[LOG 14:12:42.214] [DragCubeSystem]: Drag cubes not found or cannot be read for part Part. Generating New drag cubes.
[LOG 14:12:42.215] [KSPCF/DragCubeGeneration] Creating drag cubes for part 'mk2Fuselage'
[LOG 14:12:42.220] PartLoader: Compiling Part 'Squad/Parts/FuelTank/mk2FuselageShort/LFO_short/mk2FuselageShortLFO'
[LOG 14:12:42.223] PartLoader: Part 'Squad/Parts/FuelTank/mk2FuselageShort/LFO_short/mk2FuselageShortLFO' has no database record. Creating.
[LOG 14:12:42.223] [DragCubeSystem]: Drag cubes not found or cannot be read for part Part. Generating New drag cubes.
[LOG 14:12:42.224] [KSPCF/DragCubeGeneration] Creating drag cubes for part 'mk2FuselageShortLFO'
[LOG 14:12:42.230] PartLoader: Compiling Part 'Squad/Parts/FuelTank/mk2FuselageShort/L_short/mk2FuselageShortLiquid'
[LOG 14:12:42.233] PartLoader: Part 'Squad/Parts/FuelTank/mk2FuselageShort/L_short/mk2FuselageShortLiquid' has no database record. Creating.
[LOG 14:12:42.234] [DragCubeSystem]: Drag cubes not found or cannot be read for part Part. Generating New drag cubes.
[LOG 14:12:42.234] [KSPCF/DragCubeGeneration] Creating drag cubes for part 'mk2FuselageShortLiquid'
[LOG 14:12:42.239] PartLoader: Compiling Part 'Squad/Parts/FuelTank/mk2FuselageShort/Mono_short/mk2FuselageShortMono'
[LOG 14:12:42.242] PartLoader: Part 'Squad/Parts/FuelTank/mk2FuselageShort/Mono_short/mk2FuselageShortMono' has no database record. Creating.
[LOG 14:12:42.242] [DragCubeSystem]: Drag cubes not found or cannot be read for part Part. Generating New drag cubes.
[LOG 14:12:42.242] [KSPCF/DragCubeGeneration] Creating drag cubes for part 'mk2FuselageShortMono'
[LOG 14:12:42.248] PartLoader: Compiling Part 'Squad/Parts/FuelTank/mk3Fuselage/CREW/mk3CrewCabin'
[LOG 14:12:42.252] PartLoader: Part 'Squad/Parts/FuelTank/mk3Fuselage/CREW/mk3CrewCabin' has no database record. Creating.
[LOG 14:12:42.252] [DragCubeSystem]: Drag cubes not found or cannot be read for part Part. Generating New drag cubes.
[LOG 14:12:42.252] [KSPCF/DragCubeGeneration] Creating drag cubes for part 'mk3CrewCabin'
[LOG 14:12:42.258] PartLoader: Compiling Part 'Squad/Parts/FuelTank/mk3Fuselage/LFO_100/mk3FuselageLFO_100'
[LOG 14:12:42.261] PartLoader: Part 'Squad/Parts/FuelTank/mk3Fuselage/LFO_100/mk3FuselageLFO_100' has no database record. Creating.
[LOG 14:12:42.261] [DragCubeSystem]: Drag cubes not found or cannot be read for part Part. Generating New drag cubes.
[LOG 14:12:42.261] [KSPCF/DragCubeGeneration] Creating drag cubes for part 'mk3FuselageLFO.100'
[LOG 14:12:42.267] PartLoader: Compiling Part 'Squad/Parts/FuelTank/mk3Fuselage/LFO_25/mk3FuselageLFO_25'
[LOG 14:12:42.269] PartLoader: Part 'Squad/Parts/FuelTank/mk3Fuselage/LFO_25/mk3FuselageLFO_25' has no database record. Creating.
[LOG 14:12:42.269] [DragCubeSystem]: Drag cubes not found or cannot be read for part Part. Generating New drag cubes.
[LOG 14:12:42.269] [KSPCF/DragCubeGeneration] Creating drag cubes for part 'mk3FuselageLFO.25'
[LOG 14:12:42.275] PartLoader: Compiling Part 'Squad/Parts/FuelTank/mk3Fuselage/LFO_50/mk3FuselageLFO_50'
[LOG 14:12:42.277] PartLoader: Part 'Squad/Parts/FuelTank/mk3Fuselage/LFO_50/mk3FuselageLFO_50' has no database record. Creating.
[LOG 14:12:42.277] [DragCubeSystem]: Drag cubes not found or cannot be read for part Part. Generating New drag cubes.
[LOG 14:12:42.278] [KSPCF/DragCubeGeneration] Creating drag cubes for part 'mk3FuselageLFO.50'
[LOG 14:12:42.283] PartLoader: Compiling Part 'Squad/Parts/FuelTank/mk3Fuselage/LF_100/mk3FuselageLF_100'
[LOG 14:12:42.285] PartLoader: Part 'Squad/Parts/FuelTank/mk3Fuselage/LF_100/mk3FuselageLF_100' has no database record. Creating.
[LOG 14:12:42.285] [DragCubeSystem]: Drag cubes not found or cannot be read for part Part. Generating New drag cubes.
[LOG 14:12:42.285] [KSPCF/DragCubeGeneration] Creating drag cubes for part 'mk3FuselageLF.100'
[LOG 14:12:42.290] PartLoader: Compiling Part 'Squad/Parts/FuelTank/mk3Fuselage/LF_25/mk3FuselageLF_25'
[LOG 14:12:42.293] PartLoader: Part 'Squad/Parts/FuelTank/mk3Fuselage/LF_25/mk3FuselageLF_25' has no database record. Creating.
[LOG 14:12:42.293] [DragCubeSystem]: Drag cubes not found or cannot be read for part Part. Generating New drag cubes.
[LOG 14:12:42.293] [KSPCF/DragCubeGeneration] Creating drag cubes for part 'mk3FuselageLF.25'
[LOG 14:12:42.298] PartLoader: Compiling Part 'Squad/Parts/FuelTank/mk3Fuselage/LF_50/mk3FuselageLF_50'
[LOG 14:12:42.301] PartLoader: Part 'Squad/Parts/FuelTank/mk3Fuselage/LF_50/mk3FuselageLF_50' has no database record. Creating.
[LOG 14:12:42.301] [DragCubeSystem]: Drag cubes not found or cannot be read for part Part. Generating New drag cubes.
[LOG 14:12:42.301] [KSPCF/DragCubeGeneration] Creating drag cubes for part 'mk3FuselageLF.50'
[LOG 14:12:42.307] PartLoader: Compiling Part 'Squad/Parts/FuelTank/mk3Fuselage/MONO/mk3FuselageMONO'
[LOG 14:12:42.309] PartLoader: Part 'Squad/Parts/FuelTank/mk3Fuselage/MONO/mk3FuselageMONO' has no database record. Creating.
[LOG 14:12:42.309] [DragCubeSystem]: Drag cubes not found or cannot be read for part Part. Generating New drag cubes.
[LOG 14:12:42.309] [KSPCF/DragCubeGeneration] Creating drag cubes for part 'mk3FuselageMONO'
[LOG 14:12:42.315] PartLoader: Compiling Part 'Squad/Parts/FuelTank/RCSFuelTankR1/RCSFuelTankR1/RCSTank1-2'
[LOG 14:12:42.317] PartLoader: Part 'Squad/Parts/FuelTank/RCSFuelTankR1/RCSFuelTankR1/RCSTank1-2' has no database record. Creating.
[LOG 14:12:42.317] [DragCubeSystem]: Drag cubes not found or cannot be read for part Part. Generating New drag cubes.
[LOG 14:12:42.317] [KSPCF/DragCubeGeneration] Creating drag cubes for part 'RCSTank1-2'
[LOG 14:12:42.323] PartLoader: Compiling Part 'Squad/Parts/FuelTank/RCSFuelTankR10/RCSFuelTankR10/rcsTankMini'
[LOG 14:12:42.326] PartLoader: Part 'Squad/Parts/FuelTank/RCSFuelTankR10/RCSFuelTankR10/rcsTankMini' has no database record. Creating.
[LOG 14:12:42.326] [DragCubeSystem]: Drag cubes not found or cannot be read for part Part. Generating New drag cubes.
[LOG 14:12:42.326] [KSPCF/DragCubeGeneration] Creating drag cubes for part 'rcsTankMini'
[LOG 14:12:42.331] PartLoader: Compiling Part 'Squad/Parts/FuelTank/RCSFuelTankR25/RCSFuelTankR25/RCSFuelTank'
[LOG 14:12:42.335] PartLoader: Part 'Squad/Parts/FuelTank/RCSFuelTankR25/RCSFuelTankR25/RCSFuelTank' has no database record. Creating.
[LOG 14:12:42.335] [DragCubeSystem]: Drag cubes not found or cannot be read for part Part. Generating New drag cubes.
[LOG 14:12:42.335] [KSPCF/DragCubeGeneration] Creating drag cubes for part 'RCSFuelTank'
[LOG 14:12:42.341] PartLoader: Compiling Part 'Squad/Parts/FuelTank/RCSTankRadial/radialRCSTank/radialRCSTank'
[LOG 14:12:42.343] PartLoader: Part 'Squad/Parts/FuelTank/RCSTankRadial/radialRCSTank/radialRCSTank' has no database record. Creating.
[LOG 14:12:42.343] [DragCubeSystem]: Drag cubes not found or cannot be read for part Part. Generating New drag cubes.
[LOG 14:12:42.344] [KSPCF/DragCubeGeneration] Creating drag cubes for part 'radialRCSTank'
[LOG 14:12:42.349] PartLoader: Compiling Part 'Squad/Parts/FuelTank/RCStankRadialLong/RCSTankRadialLong/rcsTankRadialLong'
[LOG 14:12:42.351] PartLoader: Part 'Squad/Parts/FuelTank/RCStankRadialLong/RCSTankRadialLong/rcsTankRadialLong' has no database record. Creating.
[LOG 14:12:42.351] [DragCubeSystem]: Drag cubes not found or cannot be read for part Part. Generating New drag cubes.
[LOG 14:12:42.351] [KSPCF/DragCubeGeneration] Creating drag cubes for part 'rcsTankRadialLong'
[LOG 14:12:42.357] PartLoader: Compiling Part 'Squad/Parts/FuelTank/RockomaxTanks/Rockomax16/Rockomax16_BW'
[LOG 14:12:42.359] PartLoader: Part 'Squad/Parts/FuelTank/RockomaxTanks/Rockomax16/Rockomax16_BW' has no database record. Creating.
[LOG 14:12:42.359] [DragCubeSystem]: Drag cubes not found or cannot be read for part Part. Generating New drag cubes.
[LOG 14:12:42.360] [KSPCF/DragCubeGeneration] Creating drag cubes for part 'Rockomax16.BW'
[LOG 14:12:42.365] PartLoader: Compiling Part 'Squad/Parts/FuelTank/RockomaxTanks/Rockomax32/Rockomax32_BW'
[LOG 14:12:42.369] PartLoader: Part 'Squad/Parts/FuelTank/RockomaxTanks/Rockomax32/Rockomax32_BW' has no database record. Creating.
[LOG 14:12:42.369] [DragCubeSystem]: Drag cubes not found or cannot be read for part Part. Generating New drag cubes.
[LOG 14:12:42.369] [KSPCF/DragCubeGeneration] Creating drag cubes for part 'Rockomax32.BW'
[LOG 14:12:42.391] PartLoader: Compiling Part 'Squad/Parts/FuelTank/RockomaxTanks/Rockomax64/Rockomax64_BW'
[LOG 14:12:42.394] PartLoader: Part 'Squad/Parts/FuelTank/RockomaxTanks/Rockomax64/Rockomax64_BW' has no database record. Creating.
[LOG 14:12:42.394] [DragCubeSystem]: Drag cubes not found or cannot be read for part Part. Generating New drag cubes.
[LOG 14:12:42.394] [KSPCF/DragCubeGeneration] Creating drag cubes for part 'Rockomax64.BW'
[LOG 14:12:42.409] PartLoader: Compiling Part 'Squad/Parts/FuelTank/RockomaxTanks/Rockomax8/Rockomax8BW'
[LOG 14:12:42.412] PartLoader: Part 'Squad/Parts/FuelTank/RockomaxTanks/Rockomax8/Rockomax8BW' has no database record. Creating.
[LOG 14:12:42.412] [DragCubeSystem]: Drag cubes not found or cannot be read for part Part. Generating New drag cubes.
[LOG 14:12:42.412] [KSPCF/DragCubeGeneration] Creating drag cubes for part 'Rockomax8BW'
[LOG 14:12:42.428] PartLoader: Compiling Part 'Squad/Parts/FuelTank/Size1_Tanks/fuelTankT100/fuelTankSmallFlat'
[LOG 14:12:42.431] PartLoader: Part 'Squad/Parts/FuelTank/Size1_Tanks/fuelTankT100/fuelTankSmallFlat' has no database record. Creating.
[LOG 14:12:42.432] [DragCubeSystem]: Drag cubes not found or cannot be read for part Part. Generating New drag cubes.
[LOG 14:12:42.432] [KSPCF/DragCubeGeneration] Creating drag cubes for part 'fuelTankSmallFlat'
[LOG 14:12:42.438] PartLoader: Compiling Part 'Squad/Parts/FuelTank/Size1_Tanks/fuelTankT200/fuelTankSmall'
[LOG 14:12:42.441] PartLoader: Part 'Squad/Parts/FuelTank/Size1_Tanks/fuelTankT200/fuelTankSmall' has no database record. Creating.
[LOG 14:12:42.441] [DragCubeSystem]: Drag cubes not found or cannot be read for part Part. Generating New drag cubes.
[LOG 14:12:42.441] [KSPCF/DragCubeGeneration] Creating drag cubes for part 'fuelTankSmall'
[LOG 14:12:42.447] PartLoader: Compiling Part 'Squad/Parts/FuelTank/Size1_Tanks/fuelTankT400/fuelTank'
[LOG 14:12:42.450] PartLoader: Part 'Squad/Parts/FuelTank/Size1_Tanks/fuelTankT400/fuelTank' has no database record. Creating.
[LOG 14:12:42.450] [DragCubeSystem]: Drag cubes not found or cannot be read for part Part. Generating New drag cubes.
[LOG 14:12:42.450] [KSPCF/DragCubeGeneration] Creating drag cubes for part 'fuelTank'
[LOG 14:12:42.457] PartLoader: Compiling Part 'Squad/Parts/FuelTank/Size1_Tanks/fuelTankT800/fuelTank_long'
[LOG 14:12:42.460] PartLoader: Part 'Squad/Parts/FuelTank/Size1_Tanks/fuelTankT800/fuelTank_long' has no database record. Creating.
[LOG 14:12:42.460] [DragCubeSystem]: Drag cubes not found or cannot be read for part Part. Generating New drag cubes.
[LOG 14:12:42.460] [KSPCF/DragCubeGeneration] Creating drag cubes for part 'fuelTank.long'
[LOG 14:12:42.466] PartLoader: Compiling Part 'Squad/Parts/FuelTank/Size3Tanks/large/Size3LargeTank'
[LOG 14:12:42.469] PartLoader: Part 'Squad/Parts/FuelTank/Size3Tanks/large/Size3LargeTank' has no database record. Creating.
[LOG 14:12:42.469] [DragCubeSystem]: Drag cubes not found or cannot be read for part Part. Generating New drag cubes.
[LOG 14:12:42.469] [KSPCF/DragCubeGeneration] Creating drag cubes for part 'Size3LargeTank'
[LOG 14:12:42.474] PartLoader: Compiling Part 'Squad/Parts/FuelTank/Size3Tanks/medium/Size3MediumTank'
[LOG 14:12:42.477] PartLoader: Part 'Squad/Parts/FuelTank/Size3Tanks/medium/Size3MediumTank' has no database record. Creating.
[LOG 14:12:42.477] [DragCubeSystem]: Drag cubes not found or cannot be read for part Part. Generating New drag cubes.
[LOG 14:12:42.477] [KSPCF/DragCubeGeneration] Creating drag cubes for part 'Size3MediumTank'
[LOG 14:12:42.483] PartLoader: Compiling Part 'Squad/Parts/FuelTank/Size3Tanks/small/Size3SmallTank'
[LOG 14:12:42.485] PartLoader: Part 'Squad/Parts/FuelTank/Size3Tanks/small/Size3SmallTank' has no database record. Creating.
[LOG 14:12:42.486] [DragCubeSystem]: Drag cubes not found or cannot be read for part Part. Generating New drag cubes.
[LOG 14:12:42.486] [KSPCF/DragCubeGeneration] Creating drag cubes for part 'Size3SmallTank'
[LOG 14:12:42.492] PartLoader: Compiling Part 'Squad/Parts/FuelTank/xenonTank/xenonTank/xenonTank'
[LOG 14:12:42.495] PartLoader: Part 'Squad/Parts/FuelTank/xenonTank/xenonTank/xenonTank' has no database record. Creating.
[LOG 14:12:42.495] [DragCubeSystem]: Drag cubes not found or cannot be read for part Part. Generating New drag cubes.
[LOG 14:12:42.495] [KSPCF/DragCubeGeneration] Creating drag cubes for part 'xenonTank'
[LOG 14:12:42.502] PartLoader: Compiling Part 'Squad/Parts/FuelTank/xenonTankLarge/xenonTankLarge/xenonTankLarge'
[LOG 14:12:42.505] PartLoader: Part 'Squad/Parts/FuelTank/xenonTankLarge/xenonTankLarge/xenonTankLarge' has no database record. Creating.
[LOG 14:12:42.505] [DragCubeSystem]: Drag cubes not found or cannot be read for part Part. Generating New drag cubes.
[LOG 14:12:42.505] [KSPCF/DragCubeGeneration] Creating drag cubes for part 'xenonTankLarge'
[LOG 14:12:42.511] PartLoader: Compiling Part 'Squad/Parts/FuelTank/xenonTankRadial/xenonTankRadial/xenonTankRadial'
[LOG 14:12:42.514] PartLoader: Part 'Squad/Parts/FuelTank/xenonTankRadial/xenonTankRadial/xenonTankRadial' has no database record. Creating.
[LOG 14:12:42.514] [DragCubeSystem]: Drag cubes not found or cannot be read for part Part. Generating New drag cubes.
[LOG 14:12:42.514] [KSPCF/DragCubeGeneration] Creating drag cubes for part 'xenonTankRadial'
[LOG 14:12:42.519] PartLoader: Compiling Part 'Squad/Parts/Misc/AsteroidDay/CamSat/InfraredTelescope'
[LOG 14:12:42.526] PartLoader: Part 'Squad/Parts/Misc/AsteroidDay/CamSat/InfraredTelescope' has no database record. Creating.
[LOG 14:12:42.526] [DragCubeSystem]: Drag cubes not found or cannot be read for part Part. Generating New drag cubes.
[LOG 14:12:42.526] [KSPCF/DragCubeGeneration] Creating drag cubes for part 'InfraredTelescope'
[LOG 14:12:42.533] PartLoader: Compiling Part 'Squad/Parts/Misc/AsteroidDay/HECS2/HECS2_ProbeCore'
[LOG 14:12:42.538] PartLoader: Part 'Squad/Parts/Misc/AsteroidDay/HECS2/HECS2_ProbeCore' has no database record. Creating.
[LOG 14:12:42.539] [DragCubeSystem]: Drag cubes not found or cannot be read for part Part. Generating New drag cubes.
[LOG 14:12:42.539] [KSPCF/DragCubeGeneration] Creating drag cubes for part 'HECS2.ProbeCore'
[LOG 14:12:42.545] PartLoader: Compiling Part 'Squad/Parts/Misc/AsteroidDay/HighGainAntenna/HighGainAntenna'
[LOG 14:12:42.552] PartLoader: Part 'Squad/Parts/Misc/AsteroidDay/HighGainAntenna/HighGainAntenna' has no database record. Creating.
[LOG 14:12:42.552] [DragCubeSystem]: Drag cubes not found or cannot be read for part Part. Generating New drag cubes.
[LOG 14:12:42.553] [KSPCF/DragCubeGeneration] Creating drag cubes for part 'HighGainAntenna'
[LOG 14:12:42.569] PartLoader: Compiling Part 'Squad/Parts/Misc/AsteroidDay/LgRadialSolar/LgRadialSolarPanel'
[LOG 14:12:42.574] PartLoader: Part 'Squad/Parts/Misc/AsteroidDay/LgRadialSolar/LgRadialSolarPanel' has no database record. Creating.
[LOG 14:12:42.574] [DragCubeSystem]: Drag cubes not found or cannot be read for part Part. Generating New drag cubes.
[LOG 14:12:42.574] [KSPCF/DragCubeGeneration] Creating drag cubes for part 'LgRadialSolarPanel'
[LOG 14:12:42.583] PartLoader: Compiling Part 'Squad/Parts/Misc/PotatoComet/part/PotatoComet'
[LOG 14:12:42.594] PartLoader: Part 'Squad/Parts/Misc/PotatoComet/part/PotatoComet' has no database record. Creating.
[LOG 14:12:42.594] PartLoader: Compiling Part 'Squad/Parts/Misc/PotatoRoid/part/PotatoRoid'
[LOG 14:12:42.605] PartLoader: Part 'Squad/Parts/Misc/PotatoRoid/part/PotatoRoid' has no database record. Creating.
[LOG 14:12:42.605] PartLoader: Compiling Part 'Squad/Parts/Prebuilt/flag/flag'
[LOG 14:12:42.608] PartLoader: Compiling Part 'Squad/Parts/Prebuilt/kerbalEVA/kerbalEVA'
[LOG 14:12:42.625] PartLoader: Compiling Part 'Squad/Parts/Prebuilt/kerbalEVAfemale/kerbalEVAfemale'
[LOG 14:12:42.631] PartLoader: Compiling Part 'Squad/Parts/Prebuilt/kerbalEVASlimSuit/kerbalEVASlimSuit'
[LOG 14:12:42.637] PartLoader: Compiling Part 'Squad/Parts/Prebuilt/kerbalEVASlimSuitFemale/kerbalEVASlimSuitFemale'
[LOG 14:12:42.642] PartLoader: Compiling Part 'Squad/Parts/Resources/FuelCell/FuelCell/FuelCell'
[LOG 14:12:42.651] PartLoader: Part 'Squad/Parts/Resources/FuelCell/FuelCell/FuelCell' has no database record. Creating.
[LOG 14:12:42.651] [DragCubeSystem]: Drag cubes not found or cannot be read for part Part. Generating New drag cubes.
[LOG 14:12:42.651] [KSPCF/DragCubeGeneration] Creating drag cubes for part 'FuelCell'
[LOG 14:12:42.658] PartLoader: Compiling Part 'Squad/Parts/Resources/FuelCell/FuelCellArray/FuelCellArray'
[LOG 14:12:42.662] PartLoader: Part 'Squad/Parts/Resources/FuelCell/FuelCellArray/FuelCellArray' has no database record. Creating.
[LOG 14:12:42.662] [DragCubeSystem]: Drag cubes not found or cannot be read for part Part. Generating New drag cubes.
[LOG 14:12:42.662] [KSPCF/DragCubeGeneration] Creating drag cubes for part 'FuelCellArray'
[LOG 14:12:42.669] PartLoader: Compiling Part 'Squad/Parts/Resources/ISRU/ISRU/ISRU'
[LOG 14:12:42.677] PartLoader: Part 'Squad/Parts/Resources/ISRU/ISRU/ISRU' has no database record. Creating.
[LOG 14:12:42.677] [DragCubeSystem]: Drag cubes not found or cannot be read for part Part. Generating New drag cubes.
[LOG 14:12:42.677] [KSPCF/DragCubeGeneration] Creating drag cubes for part 'ISRU'
[LOG 14:12:42.693] PartLoader: Compiling Part 'Squad/Parts/Resources/LargeTank/LargeTank/LargeTank'
[LOG 14:12:42.698] PartLoader: Part 'Squad/Parts/Resources/LargeTank/LargeTank/LargeTank' has no database record. Creating.
[LOG 14:12:42.698] [DragCubeSystem]: Drag cubes not found or cannot be read for part Part. Generating New drag cubes.
[LOG 14:12:42.698] [KSPCF/DragCubeGeneration] Creating drag cubes for part 'LargeTank'
[LOG 14:12:42.703] PartLoader: Compiling Part 'Squad/Parts/Resources/MiniDrill/MiniDrill/MiniDrill'
[LOG 14:12:42.722] PartLoader: Part 'Squad/Parts/Resources/MiniDrill/MiniDrill/MiniDrill' has no database record. Creating.
[LOG 14:12:42.722] [DragCubeSystem]: Drag cubes not found or cannot be read for part Part. Generating New drag cubes.
[LOG 14:12:42.722] [KSPCF/DragCubeGeneration] Creating drag cubes for part 'MiniDrill'
[LOG 14:12:42.754] PartLoader: Compiling Part 'Squad/Parts/Resources/MiniISRU/MiniISRU/MiniISRU'
[LOG 14:12:42.760] PartLoader: Part 'Squad/Parts/Resources/MiniISRU/MiniISRU/MiniISRU' has no database record. Creating.
[LOG 14:12:42.760] [DragCubeSystem]: Drag cubes not found or cannot be read for part Part. Generating New drag cubes.
[LOG 14:12:42.760] [KSPCF/DragCubeGeneration] Creating drag cubes for part 'MiniISRU'
[LOG 14:12:42.766] PartLoader: Compiling Part 'Squad/Parts/Resources/OrbitalScanner/OrbitalScanner/OrbitalScanner'
[LOG 14:12:42.775] PartLoader: Part 'Squad/Parts/Resources/OrbitalScanner/OrbitalScanner/OrbitalScanner' has no database record. Creating.
[LOG 14:12:42.775] [DragCubeSystem]: Drag cubes not found or cannot be read for part Part. Generating New drag cubes.
[LOG 14:12:42.775] [KSPCF/DragCubeGeneration] Creating drag cubes for part 'OrbitalScanner'
[LOG 14:12:42.791] PartLoader: Compiling Part 'Squad/Parts/Resources/RadialDrill/RadialDrill/RadialDrill'
[LOG 14:12:42.798] PartLoader: Part 'Squad/Parts/Resources/RadialDrill/RadialDrill/RadialDrill' has no database record. Creating.
[LOG 14:12:42.798] [DragCubeSystem]: Drag cubes not found or cannot be read for part Part. Generating New drag cubes.
[LOG 14:12:42.798] [KSPCF/DragCubeGeneration] Creating drag cubes for part 'RadialDrill'
[LOG 14:12:42.833] PartLoader: Compiling Part 'Squad/Parts/Resources/RadialTank/RadialTank/RadialOreTank'
[LOG 14:12:42.836] PartLoader: Part 'Squad/Parts/Resources/RadialTank/RadialTank/RadialOreTank' has no database record. Creating.
[LOG 14:12:42.836] [DragCubeSystem]: Drag cubes not found or cannot be read for part Part. Generating New drag cubes.
[LOG 14:12:42.836] [KSPCF/DragCubeGeneration] Creating drag cubes for part 'RadialOreTank'
[LOG 14:12:42.842] PartLoader: Compiling Part 'Squad/Parts/Resources/SmallTank/SmallTank/SmallTank'
[LOG 14:12:42.844] PartLoader: Part 'Squad/Parts/Resources/SmallTank/SmallTank/SmallTank' has no database record. Creating.
[LOG 14:12:42.844] [DragCubeSystem]: Drag cubes not found or cannot be read for part Part. Generating New drag cubes.
[LOG 14:12:42.844] [KSPCF/DragCubeGeneration] Creating drag cubes for part 'SmallTank'
[LOG 14:12:42.849] PartLoader: Compiling Part 'Squad/Parts/Resources/SurfaceScanner/SurfaceScanner/SurfaceScanner'
[LOG 14:12:42.863] PartLoader: Part 'Squad/Parts/Resources/SurfaceScanner/SurfaceScanner/SurfaceScanner' has no database record. Creating.
[LOG 14:12:42.863] [DragCubeSystem]: Drag cubes not found or cannot be read for part Part. Generating New drag cubes.
[LOG 14:12:42.863] [KSPCF/DragCubeGeneration] Creating drag cubes for part 'SurfaceScanner'
[LOG 14:12:42.869] PartLoader: Compiling Part 'Squad/Parts/Resources/SurveyScanner/SurveyScanner/SurveyScanner'
[LOG 14:12:42.879] PartLoader: Part 'Squad/Parts/Resources/SurveyScanner/SurveyScanner/SurveyScanner' has no database record. Creating.
[LOG 14:12:42.879] [DragCubeSystem]: Drag cubes not found or cannot be read for part Part. Generating New drag cubes.
[LOG 14:12:42.879] [KSPCF/DragCubeGeneration] Creating drag cubes for part 'SurveyScanner'
[LOG 14:12:42.894] PartLoader: Compiling Part 'Squad/Parts/Science/AtmosphereSensor/sensorAtmosphere/sensorAtmosphere'
[LOG 14:12:42.898] PartLoader: Part 'Squad/Parts/Science/AtmosphereSensor/sensorAtmosphere/sensorAtmosphere' has no database record. Creating.
[LOG 14:12:42.898] [DragCubeSystem]: Drag cubes not found or cannot be read for part Part. Generating New drag cubes.
[LOG 14:12:42.898] [KSPCF/DragCubeGeneration] Creating drag cubes for part 'sensorAtmosphere'
[LOG 14:12:42.903] PartLoader: Compiling Part 'Squad/Parts/Science/GooExperiment/gooExperiment/GooExperiment'
[LOG 14:12:42.907] PartLoader: Part 'Squad/Parts/Science/GooExperiment/gooExperiment/GooExperiment' has no database record. Creating.
[LOG 14:12:42.907] [DragCubeSystem]: Drag cubes not found or cannot be read for part Part. Generating New drag cubes.
[LOG 14:12:42.907] [KSPCF/DragCubeGeneration] Creating drag cubes for part 'GooExperiment'
[LOG 14:12:42.923] PartLoader: Compiling Part 'Squad/Parts/Science/LargeCrewedLab/largeCrewedLab/Large_Crewed_Lab'
[LOG 14:12:42.938] PartLoader: Part 'Squad/Parts/Science/LargeCrewedLab/largeCrewedLab/Large_Crewed_Lab' has no database record. Creating.
[LOG 14:12:42.939] [DragCubeSystem]: Drag cubes not found or cannot be read for part Part. Generating New drag cubes.
[LOG 14:12:42.939] [KSPCF/DragCubeGeneration] Creating drag cubes for part 'Large.Crewed.Lab'
[LOG 14:12:42.945] PartLoader: Compiling Part 'Squad/Parts/Science/Magnetometer/Magnetometer/Magnetometer'
[LOG 14:12:42.954] PartLoader: Part 'Squad/Parts/Science/Magnetometer/Magnetometer/Magnetometer' has no database record. Creating.
[LOG 14:12:42.955] [DragCubeSystem]: Drag cubes not found or cannot be read for part Part. Generating New drag cubes.
[LOG 14:12:42.955] [KSPCF/DragCubeGeneration] Creating drag cubes for part 'Magnetometer'
[LOG 14:12:42.974] PartLoader: Compiling Part 'Squad/Parts/Science/MaterialBay/materialBay/science_module'
[LOG 14:12:42.980] PartLoader: Part 'Squad/Parts/Science/MaterialBay/materialBay/science_module' has no database record. Creating.
[LOG 14:12:42.980] [DragCubeSystem]: Drag cubes not found or cannot be read for part Part. Generating New drag cubes.
[LOG 14:12:42.980] [KSPCF/DragCubeGeneration] Creating drag cubes for part 'science.module'
[LOG 14:12:42.997] PartLoader: Compiling Part 'Squad/Parts/Science/ScienceBox/ScienceBox/ScienceBox'
[LOG 14:12:43.000] PartLoader: Part 'Squad/Parts/Science/ScienceBox/ScienceBox/ScienceBox' has no database record. Creating.
[LOG 14:12:43.000] [DragCubeSystem]: Drag cubes not found or cannot be read for part Part. Generating New drag cubes.
[LOG 14:12:43.000] [KSPCF/DragCubeGeneration] Creating drag cubes for part 'ScienceBox'
[LOG 14:12:43.006] PartLoader: Compiling Part 'Squad/Parts/Science/sensorAccelerometer/sensorAccelerometer/sensorAccelerometer'
[LOG 14:12:43.012] PartLoader: Part 'Squad/Parts/Science/sensorAccelerometer/sensorAccelerometer/sensorAccelerometer' has no database record. Creating.
[LOG 14:12:43.012] [DragCubeSystem]: Drag cubes not found or cannot be read for part Part. Generating New drag cubes.
[LOG 14:12:43.012] [KSPCF/DragCubeGeneration] Creating drag cubes for part 'sensorAccelerometer'
[LOG 14:12:43.018] PartLoader: Compiling Part 'Squad/Parts/Science/sensorBarometer/sensorBarometer/sensorBarometer'
[LOG 14:12:43.021] PartLoader: Part 'Squad/Parts/Science/sensorBarometer/sensorBarometer/sensorBarometer' has no database record. Creating.
[LOG 14:12:43.022] [DragCubeSystem]: Drag cubes not found or cannot be read for part Part. Generating New drag cubes.
[LOG 14:12:43.022] [KSPCF/DragCubeGeneration] Creating drag cubes for part 'sensorBarometer'
[LOG 14:12:43.028] PartLoader: Compiling Part 'Squad/Parts/Science/sensorGravimeter/sensorGravimeter/sensorGravimeter'
[LOG 14:12:43.032] PartLoader: Part 'Squad/Parts/Science/sensorGravimeter/sensorGravimeter/sensorGravimeter' has no database record. Creating.
[LOG 14:12:43.032] [DragCubeSystem]: Drag cubes not found or cannot be read for part Part. Generating New drag cubes.
[LOG 14:12:43.032] [KSPCF/DragCubeGeneration] Creating drag cubes for part 'sensorGravimeter'
[LOG 14:12:43.037] PartLoader: Compiling Part 'Squad/Parts/Science/sensorThermometer/sensorThermometer/sensorThermometer'
[LOG 14:12:43.041] PartLoader: Part 'Squad/Parts/Science/sensorThermometer/sensorThermometer/sensorThermometer' has no database record. Creating.
[LOG 14:12:43.041] [DragCubeSystem]: Drag cubes not found or cannot be read for part Part. Generating New drag cubes.
[LOG 14:12:43.041] [KSPCF/DragCubeGeneration] Creating drag cubes for part 'sensorThermometer'
[LOG 14:12:43.047] PartLoader: Compiling Part 'Squad/Parts/Structural/FLAdapters/adapterSmallMiniShort/adapterSmallMiniShort'
[LOG 14:12:43.050] PartLoader: Part 'Squad/Parts/Structural/FLAdapters/adapterSmallMiniShort/adapterSmallMiniShort' has no database record. Creating.
[LOG 14:12:43.050] [DragCubeSystem]: Drag cubes not found or cannot be read for part Part. Generating New drag cubes.
[LOG 14:12:43.050] [KSPCF/DragCubeGeneration] Creating drag cubes for part 'adapterSmallMiniShort'
[LOG 14:12:43.055] PartLoader: Compiling Part 'Squad/Parts/Structural/FLAdapters/adapterSmallMiniTall/adapterSmallMiniTall'
[LOG 14:12:43.059] PartLoader: Part 'Squad/Parts/Structural/FLAdapters/adapterSmallMiniTall/adapterSmallMiniTall' has no database record. Creating.
[LOG 14:12:43.059] [DragCubeSystem]: Drag cubes not found or cannot be read for part Part. Generating New drag cubes.
[LOG 14:12:43.059] [KSPCF/DragCubeGeneration] Creating drag cubes for part 'adapterSmallMiniTall'
[LOG 14:12:43.065] PartLoader: Compiling Part 'Squad/Parts/Structural/mk1Parts/engineBodyRadial/radialEngineBody'
[LOG 14:12:43.068] PartLoader: Part 'Squad/Parts/Structural/mk1Parts/engineBodyRadial/radialEngineBody' has no database record. Creating.
[LOG 14:12:43.068] [DragCubeSystem]: Drag cubes not found or cannot be read for part Part. Generating New drag cubes.
[LOG 14:12:43.068] [KSPCF/DragCubeGeneration] Creating drag cubes for part 'radialEngineBody'
[LOG 14:12:43.075] PartLoader: Compiling Part 'Squad/Parts/Structural/mk1Parts/engineNacelle/nacelleBody'
[LOG 14:12:43.078] PartLoader: Part 'Squad/Parts/Structural/mk1Parts/engineNacelle/nacelleBody' has no database record. Creating.
[LOG 14:12:43.079] [DragCubeSystem]: Drag cubes not found or cannot be read for part Part. Generating New drag cubes.
[LOG 14:12:43.079] [KSPCF/DragCubeGeneration] Creating drag cubes for part 'nacelleBody'
[LOG 14:12:43.085] PartLoader: Compiling Part 'Squad/Parts/Structural/mk1Parts/mk1Fuselage/MK1Fuselage'
[LOG 14:12:43.089] PartLoader: Part 'Squad/Parts/Structural/mk1Parts/mk1Fuselage/MK1Fuselage' has no database record. Creating.
[LOG 14:12:43.089] [DragCubeSystem]: Drag cubes not found or cannot be read for part Part. Generating New drag cubes.
[LOG 14:12:43.089] [KSPCF/DragCubeGeneration] Creating drag cubes for part 'MK1Fuselage'
[LOG 14:12:43.094] PartLoader: Compiling Part 'Squad/Parts/Structural/mk1Parts/mk1FuselageIntake/MK1IntakeFuselage'
[LOG 14:12:43.098] PartLoader: Part 'Squad/Parts/Structural/mk1Parts/mk1FuselageIntake/MK1IntakeFuselage' has no database record. Creating.
[LOG 14:12:43.098] [DragCubeSystem]: Drag cubes not found or cannot be read for part Part. Generating New drag cubes.
[LOG 14:12:43.098] [KSPCF/DragCubeGeneration] Creating drag cubes for part 'MK1IntakeFuselage'
[LOG 14:12:43.105] PartLoader: Compiling Part 'Squad/Parts/Structural/mk1Parts/mk1Structural/Mk1FuselageStructural'
[LOG 14:12:43.108] PartLoader: Part 'Squad/Parts/Structural/mk1Parts/mk1Structural/Mk1FuselageStructural' has no database record. Creating.
[LOG 14:12:43.108] PartLoader: Compiling Part 'Squad/Parts/Structural/Size3To2Adapter_v2/Size2to3_v2/Size3To2Adapter_v2'
[LOG 14:12:43.110] PartLoader: Part 'Squad/Parts/Structural/Size3To2Adapter_v2/Size2to3_v2/Size3To2Adapter_v2' has no database record. Creating.
[LOG 14:12:43.111] PartLoader: Compiling Part 'Squad/Parts/Structural/stackAdapters/adapterLargeSmallBi/adapterLargeSmallBi'
[LOG 14:12:43.113] PartLoader: Part 'Squad/Parts/Structural/stackAdapters/adapterLargeSmallBi/adapterLargeSmallBi' has no database record. Creating.
[LOG 14:12:43.113] [DragCubeSystem]: Drag cubes not found or cannot be read for part Part. Generating New drag cubes.
[LOG 14:12:43.113] [KSPCF/DragCubeGeneration] Creating drag cubes for part 'adapterLargeSmallBi'
[LOG 14:12:43.119] PartLoader: Compiling Part 'Squad/Parts/Structural/stackAdapters/adapterLargeSmallQuad/adapterLargeSmallQuad'
[LOG 14:12:43.122] PartLoader: Part 'Squad/Parts/Structural/stackAdapters/adapterLargeSmallQuad/adapterLargeSmallQuad' has no database record. Creating.
[LOG 14:12:43.122] [DragCubeSystem]: Drag cubes not found or cannot be read for part Part. Generating New drag cubes.
[LOG 14:12:43.122] [KSPCF/DragCubeGeneration] Creating drag cubes for part 'adapterLargeSmallQuad'
[LOG 14:12:43.128] PartLoader: Compiling Part 'Squad/Parts/Structural/stackAdapters/adapterLargeSmallTri/adapterLargeSmallTri'
[LOG 14:12:43.132] PartLoader: Part 'Squad/Parts/Structural/stackAdapters/adapterLargeSmallTri/adapterLargeSmallTri' has no database record. Creating.
[LOG 14:12:43.132] [DragCubeSystem]: Drag cubes not found or cannot be read for part Part. Generating New drag cubes.
[LOG 14:12:43.132] [KSPCF/DragCubeGeneration] Creating drag cubes for part 'adapterLargeSmallTri'
[LOG 14:12:43.138] PartLoader: Compiling Part 'Squad/Parts/Structural/stationHub/stationHub/stationHub'
[LOG 14:12:43.141] PartLoader: Part 'Squad/Parts/Structural/stationHub/stationHub/stationHub' has no database record. Creating.
[LOG 14:12:43.141] [DragCubeSystem]: Drag cubes not found or cannot be read for part Part. Generating New drag cubes.
[LOG 14:12:43.141] [KSPCF/DragCubeGeneration] Creating drag cubes for part 'stationHub'
[LOG 14:12:43.150] PartLoader: Compiling Part 'Squad/Parts/Structural/structuralIBeam200/structuralIBeam200/structuralIBeam2'
[LOG 14:12:43.152] PartLoader: Part 'Squad/Parts/Structural/structuralIBeam200/structuralIBeam200/structuralIBeam2' has no database record. Creating.
[LOG 14:12:43.153] [DragCubeSystem]: Drag cubes not found or cannot be read for part Part. Generating New drag cubes.
[LOG 14:12:43.153] [KSPCF/DragCubeGeneration] Creating drag cubes for part 'structuralIBeam2'
[LOG 14:12:43.158] PartLoader: Compiling Part 'Squad/Parts/Structural/structuralIBeam200Pocket/structuralIBeam200Pocket/structuralIBeam3'
[LOG 14:12:43.160] PartLoader: Part 'Squad/Parts/Structural/structuralIBeam200Pocket/structuralIBeam200Pocket/structuralIBeam3' has no database record. Creating.
[LOG 14:12:43.160] [DragCubeSystem]: Drag cubes not found or cannot be read for part Part. Generating New drag cubes.
[LOG 14:12:43.160] [KSPCF/DragCubeGeneration] Creating drag cubes for part 'structuralIBeam3'
[LOG 14:12:43.166] PartLoader: Compiling Part 'Squad/Parts/Structural/structuralIBeam650/structuralIBeam650/structuralIBeam1'
[LOG 14:12:43.172] PartLoader: Part 'Squad/Parts/Structural/structuralIBeam650/structuralIBeam650/structuralIBeam1' has no database record. Creating.
[LOG 14:12:43.173] [DragCubeSystem]: Drag cubes not found or cannot be read for part Part. Generating New drag cubes.
[LOG 14:12:43.173] [KSPCF/DragCubeGeneration] Creating drag cubes for part 'structuralIBeam1'
[LOG 14:12:43.178] PartLoader: Compiling Part 'Squad/Parts/Structural/structuralMicronode/structuralMicronode/structuralMiniNode'
[LOG 14:12:43.181] PartLoader: Part 'Squad/Parts/Structural/structuralMicronode/structuralMicronode/structuralMiniNode' has no database record. Creating.
[LOG 14:12:43.181] [DragCubeSystem]: Drag cubes not found or cannot be read for part Part. Generating New drag cubes.
[LOG 14:12:43.181] [KSPCF/DragCubeGeneration] Creating drag cubes for part 'structuralMiniNode'
[LOG 14:12:43.186] PartLoader: Compiling Part 'Squad/Parts/Structural/structuralPanel1x1/structuralPanel1x1/structuralPanel1'
[LOG 14:12:43.189] PartLoader: Part 'Squad/Parts/Structural/structuralPanel1x1/structuralPanel1x1/structuralPanel1' has no database record. Creating.
[LOG 14:12:43.189] [DragCubeSystem]: Drag cubes not found or cannot be read for part Part. Generating New drag cubes.
[LOG 14:12:43.189] [KSPCF/DragCubeGeneration] Creating drag cubes for part 'structuralPanel1'
[LOG 14:12:43.195] PartLoader: Compiling Part 'Squad/Parts/Structural/structuralPanel2x2/structuralPanel2x2/structuralPanel2'
[LOG 14:12:43.197] PartLoader: Part 'Squad/Parts/Structural/structuralPanel2x2/structuralPanel2x2/structuralPanel2' has no database record. Creating.
[LOG 14:12:43.197] [DragCubeSystem]: Drag cubes not found or cannot be read for part Part. Generating New drag cubes.
[LOG 14:12:43.198] [KSPCF/DragCubeGeneration] Creating drag cubes for part 'structuralPanel2'
[LOG 14:12:43.204] PartLoader: Compiling Part 'Squad/Parts/Structural/structuralPylons/smallHardpoint/smallHardpoint'
[LOG 14:12:43.209] PartLoader: Part 'Squad/Parts/Structural/structuralPylons/smallHardpoint/smallHardpoint' has no database record. Creating.
[LOG 14:12:43.209] [DragCubeSystem]: Drag cubes not found or cannot be read for part Part. Generating New drag cubes.
[LOG 14:12:43.209] [KSPCF/DragCubeGeneration] Creating drag cubes for part 'smallHardpoint'
[LOG 14:12:43.215] PartLoader: Compiling Part 'Squad/Parts/Structural/structuralPylons/structuralPylon/structuralPylon'
[LOG 14:12:43.221] PartLoader: Part 'Squad/Parts/Structural/structuralPylons/structuralPylon/structuralPylon' has no database record. Creating.
[LOG 14:12:43.222] [DragCubeSystem]: Drag cubes not found or cannot be read for part Part. Generating New drag cubes.
[LOG 14:12:43.222] [KSPCF/DragCubeGeneration] Creating drag cubes for part 'structuralPylon'
[LOG 14:12:43.227] PartLoader: Compiling Part 'Squad/Parts/Structural/strutCubicOcto/strutCubicOcto/strutCube'
[LOG 14:12:43.230] PartLoader: Part 'Squad/Parts/Structural/strutCubicOcto/strutCubicOcto/strutCube' has no database record. Creating.
[LOG 14:12:43.230] [DragCubeSystem]: Drag cubes not found or cannot be read for part Part. Generating New drag cubes.
[LOG 14:12:43.230] [KSPCF/DragCubeGeneration] Creating drag cubes for part 'strutCube'
[LOG 14:12:43.235] PartLoader: Compiling Part 'Squad/Parts/Structural/strutOcto/strutOcto/strutOcto'
[LOG 14:12:43.242] PartLoader: Part 'Squad/Parts/Structural/strutOcto/strutOcto/strutOcto' has no database record. Creating.
[LOG 14:12:43.242] [DragCubeSystem]: Drag cubes not found or cannot be read for part Part. Generating New drag cubes.
[LOG 14:12:43.242] [KSPCF/DragCubeGeneration] Creating drag cubes for part 'strutOcto'
[LOG 14:12:43.247] PartLoader: Compiling Part 'Squad/Parts/Structural/trussGirderAdapter/trussGirderAdapter/trussAdapter'
[LOG 14:12:43.251] PartLoader: Part 'Squad/Parts/Structural/trussGirderAdapter/trussGirderAdapter/trussAdapter' has no database record. Creating.
[LOG 14:12:43.251] [DragCubeSystem]: Drag cubes not found or cannot be read for part Part. Generating New drag cubes.
[LOG 14:12:43.251] [KSPCF/DragCubeGeneration] Creating drag cubes for part 'trussAdapter'
[LOG 14:12:43.257] PartLoader: Compiling Part 'Squad/Parts/Structural/trussGirderL/trussGirderL/trussPiece1x'
[LOG 14:12:43.260] PartLoader: Part 'Squad/Parts/Structural/trussGirderL/trussGirderL/trussPiece1x' has no database record. Creating.
[LOG 14:12:43.260] [DragCubeSystem]: Drag cubes not found or cannot be read for part Part. Generating New drag cubes.
[LOG 14:12:43.260] [KSPCF/DragCubeGeneration] Creating drag cubes for part 'trussPiece1x'
[LOG 14:12:43.266] PartLoader: Compiling Part 'Squad/Parts/Structural/trussGirderXL/trussGirderXL/trussPiece3x'
[LOG 14:12:43.270] PartLoader: Part 'Squad/Parts/Structural/trussGirderXL/trussGirderXL/trussPiece3x' has no database record. Creating.
[LOG 14:12:43.270] [DragCubeSystem]: Drag cubes not found or cannot be read for part Part. Generating New drag cubes.
[LOG 14:12:43.270] [KSPCF/DragCubeGeneration] Creating drag cubes for part 'trussPiece3x'
[LOG 14:12:43.279] PartLoader: Compiling Part 'Squad/Parts/Thermal/FoldingRadiators/foldingRadLarge/foldingRadLarge'
[LOG 14:12:43.297] PartLoader: Part 'Squad/Parts/Thermal/FoldingRadiators/foldingRadLarge/foldingRadLarge' has no database record. Creating.
[LOG 14:12:43.298] PartLoader: Compiling Part 'Squad/Parts/Thermal/FoldingRadiators/foldingRadMed/foldingRadMed'
[LOG 14:12:43.306] PartLoader: Part 'Squad/Parts/Thermal/FoldingRadiators/foldingRadMed/foldingRadMed' has no database record. Creating.
[LOG 14:12:43.307] PartLoader: Compiling Part 'Squad/Parts/Thermal/FoldingRadiators/foldingRadSmall/foldingRadSmall'
[LOG 14:12:43.312] PartLoader: Part 'Squad/Parts/Thermal/FoldingRadiators/foldingRadSmall/foldingRadSmall' has no database record. Creating.
[LOG 14:12:43.313] PartLoader: Compiling Part 'Squad/Parts/Thermal/RadiatorPanels/radPanelEdge/radPanelEdge'
[LOG 14:12:43.327] PartLoader: Part 'Squad/Parts/Thermal/RadiatorPanels/radPanelEdge/radPanelEdge' has no database record. Creating.
[LOG 14:12:43.328] [DragCubeSystem]: Drag cubes not found or cannot be read for part Part. Generating New drag cubes.
[LOG 14:12:43.328] [KSPCF/DragCubeGeneration] Creating drag cubes for part 'radPanelEdge'
[LOG 14:12:43.333] PartLoader: Compiling Part 'Squad/Parts/Thermal/RadiatorPanels/radPanelLg/radPanelLg'
[LOG 14:12:43.336] PartLoader: Part 'Squad/Parts/Thermal/RadiatorPanels/radPanelLg/radPanelLg' has no database record. Creating.
[LOG 14:12:43.336] [DragCubeSystem]: Drag cubes not found or cannot be read for part Part. Generating New drag cubes.
[LOG 14:12:43.336] [KSPCF/DragCubeGeneration] Creating drag cubes for part 'radPanelLg'
[LOG 14:12:43.341] PartLoader: Compiling Part 'Squad/Parts/Thermal/RadiatorPanels/radPanelSm/radPanelSm'
[LOG 14:12:43.344] PartLoader: Part 'Squad/Parts/Thermal/RadiatorPanels/radPanelSm/radPanelSm' has no database record. Creating.
[LOG 14:12:43.344] [DragCubeSystem]: Drag cubes not found or cannot be read for part Part. Generating New drag cubes.
[LOG 14:12:43.344] [KSPCF/DragCubeGeneration] Creating drag cubes for part 'radPanelSm'
[LOG 14:12:43.349] PartLoader: Compiling Part 'Squad/Parts/Utility/commDish88-88/commDish88-88/commDish'
[LOG 14:12:43.356] PartLoader: Part 'Squad/Parts/Utility/commDish88-88/commDish88-88/commDish' has no database record. Creating.
[LOG 14:12:43.356] [DragCubeSystem]: Drag cubes not found or cannot be read for part Part. Generating New drag cubes.
[LOG 14:12:43.356] [KSPCF/DragCubeGeneration] Creating drag cubes for part 'commDish'
[LOG 14:12:43.376] PartLoader: Compiling Part 'Squad/Parts/Utility/commsAntennaDTS-M1/commsAntennaDTS-M1/mediumDishAntenna'
[LOG 14:12:43.380] PartLoader: Part 'Squad/Parts/Utility/commsAntennaDTS-M1/commsAntennaDTS-M1/mediumDishAntenna' has no database record. Creating.
[LOG 14:12:43.380] [DragCubeSystem]: Drag cubes not found or cannot be read for part Part. Generating New drag cubes.
[LOG 14:12:43.380] [KSPCF/DragCubeGeneration] Creating drag cubes for part 'mediumDishAntenna'
[LOG 14:12:43.397] PartLoader: Compiling Part 'Squad/Parts/Utility/commsDish16/commsAntenna16/longAntenna'
[LOG 14:12:43.400] PartLoader: Part 'Squad/Parts/Utility/commsDish16/commsAntenna16/longAntenna' has no database record. Creating.
[LOG 14:12:43.401] [DragCubeSystem]: Drag cubes not found or cannot be read for part Part. Generating New drag cubes.
[LOG 14:12:43.401] [KSPCF/DragCubeGeneration] Creating drag cubes for part 'longAntenna'
[LOG 14:12:43.417] PartLoader: Compiling Part 'Squad/Parts/Utility/decouplerRadialHDM/decouplerRadialHDM/radialDecoupler1-2'
[LOG 14:12:43.424] PartLoader: Part 'Squad/Parts/Utility/decouplerRadialHDM/decouplerRadialHDM/radialDecoupler1-2' has no database record. Creating.
[LOG 14:12:43.424] [DragCubeSystem]: Drag cubes not found or cannot be read for part Part. Generating New drag cubes.
[LOG 14:12:43.424] [KSPCF/DragCubeGeneration] Creating drag cubes for part 'radialDecoupler1-2'
[LOG 14:12:43.430] PartLoader: Compiling Part 'Squad/Parts/Utility/decouplerRadialTT-38K/decouplerRadialTT-38K/radialDecoupler'
[LOG 14:12:43.434] PartLoader: Part 'Squad/Parts/Utility/decouplerRadialTT-38K/decouplerRadialTT-38K/radialDecoupler' has no database record. Creating.
[LOG 14:12:43.434] [DragCubeSystem]: Drag cubes not found or cannot be read for part Part. Generating New drag cubes.
[LOG 14:12:43.434] [KSPCF/DragCubeGeneration] Creating drag cubes for part 'radialDecoupler'
[LOG 14:12:43.440] PartLoader: Compiling Part 'Squad/Parts/Utility/decouplerRadialTT-70/decouplerRadialTT-70/radialDecoupler2'
[LOG 14:12:43.445] PartLoader: Part 'Squad/Parts/Utility/decouplerRadialTT-70/decouplerRadialTT-70/radialDecoupler2' has no database record. Creating.
[LOG 14:12:43.445] [DragCubeSystem]: Drag cubes not found or cannot be read for part Part. Generating New drag cubes.
[LOG 14:12:43.445] [KSPCF/DragCubeGeneration] Creating drag cubes for part 'radialDecoupler2'
[LOG 14:12:43.451] PartLoader: Compiling Part 'Squad/Parts/Utility/DirectAntennas/C16S/SurfAntenna'
[LOG 14:12:43.454] PartLoader: Part 'Squad/Parts/Utility/DirectAntennas/C16S/SurfAntenna' has no database record. Creating.
[LOG 14:12:43.454] [DragCubeSystem]: Drag cubes not found or cannot be read for part Part. Generating New drag cubes.
[LOG 14:12:43.454] [KSPCF/DragCubeGeneration] Creating drag cubes for part 'SurfAntenna'
[LOG 14:12:43.460] PartLoader: Compiling Part 'Squad/Parts/Utility/DirectAntennas/HG-5/HighGainAntenna5'
[LOG 14:12:43.464] PartLoader: Part 'Squad/Parts/Utility/DirectAntennas/HG-5/HighGainAntenna5' has no database record. Creating.
[LOG 14:12:43.464] [DragCubeSystem]: Drag cubes not found or cannot be read for part Part. Generating New drag cubes.
[LOG 14:12:43.465] [KSPCF/DragCubeGeneration] Creating drag cubes for part 'HighGainAntenna5'
[LOG 14:12:43.480] PartLoader: Compiling Part 'Squad/Parts/Utility/DirectAntennas/HG-5_v2/HighGainAntenna5_v2'
[LOG 14:12:43.484] PartLoader: Part 'Squad/Parts/Utility/DirectAntennas/HG-5_v2/HighGainAntenna5_v2' has no database record. Creating.
[LOG 14:12:43.484] [DragCubeSystem]: Drag cubes not found or cannot be read for part Part. Generating New drag cubes.
[LOG 14:12:43.485] [KSPCF/DragCubeGeneration] Creating drag cubes for part 'HighGainAntenna5.v2'
[LOG 14:12:43.500] PartLoader: Compiling Part 'Squad/Parts/Utility/dockingPort/dockingPort/dockingPort2'
[LOG 14:12:43.511] PartLoader: Part 'Squad/Parts/Utility/dockingPort/dockingPort/dockingPort2' has no database record. Creating.
[LOG 14:12:43.511] [DragCubeSystem]: Drag cubes not found or cannot be read for part Part. Generating New drag cubes.
[LOG 14:12:43.511] [KSPCF/DragCubeGeneration] Creating drag cubes for part 'dockingPort2'
[LOG 14:12:43.518] PartLoader: Compiling Part 'Squad/Parts/Utility/dockingPortInline/dockingPortInline/dockingPortLateral'
[LOG 14:12:43.524] PartLoader: Part 'Squad/Parts/Utility/dockingPortInline/dockingPortInline/dockingPortLateral' has no database record. Creating.
[LOG 14:12:43.524] [DragCubeSystem]: Drag cubes not found or cannot be read for part Part. Generating New drag cubes.
[LOG 14:12:43.524] [KSPCF/DragCubeGeneration] Creating drag cubes for part 'dockingPortLateral'
[LOG 14:12:43.540] PartLoader: Compiling Part 'Squad/Parts/Utility/dockingPortJr/dockingPortJr/dockingPort3'
[LOG 14:12:43.543] PartLoader: Part 'Squad/Parts/Utility/dockingPortJr/dockingPortJr/dockingPort3' has no database record. Creating.
[LOG 14:12:43.543] [DragCubeSystem]: Drag cubes not found or cannot be read for part Part. Generating New drag cubes.
[LOG 14:12:43.543] [KSPCF/DragCubeGeneration] Creating drag cubes for part 'dockingPort3'
[LOG 14:12:43.549] PartLoader: Compiling Part 'Squad/Parts/Utility/dockingPortShielded/dockingPortShielded/dockingPort1'
[LOG 14:12:43.554] PartLoader: Part 'Squad/Parts/Utility/dockingPortShielded/dockingPortShielded/dockingPort1' has no database record. Creating.
[LOG 14:12:43.554] [DragCubeSystem]: Drag cubes not found or cannot be read for part Part. Generating New drag cubes.
[LOG 14:12:43.554] [KSPCF/DragCubeGeneration] Creating drag cubes for part 'dockingPort1'
[LOG 14:12:43.571] PartLoader: Compiling Part 'Squad/Parts/Utility/dockingPortSr/dockingPortSr/dockingPortLarge'
[LOG 14:12:43.576] PartLoader: Part 'Squad/Parts/Utility/dockingPortSr/dockingPortSr/dockingPortLarge' has no database record. Creating.
[LOG 14:12:43.576] [DragCubeSystem]: Drag cubes not found or cannot be read for part Part. Generating New drag cubes.
[LOG 14:12:43.576] [KSPCF/DragCubeGeneration] Creating drag cubes for part 'dockingPortLarge'
[LOG 14:12:43.582] PartLoader: Compiling Part 'Squad/Parts/Utility/Fireworks/fireworksLauncherBig/fireworksLauncherBig'
[LOG 14:12:43.594] PartLoader: Part 'Squad/Parts/Utility/Fireworks/fireworksLauncherBig/fireworksLauncherBig' has no database record. Creating.
[LOG 14:12:43.594] [DragCubeSystem]: Drag cubes not found or cannot be read for part Part. Generating New drag cubes.
[LOG 14:12:43.595] [KSPCF/DragCubeGeneration] Creating drag cubes for part 'fireworksLauncherBig'
[LOG 14:12:43.601] PartLoader: Compiling Part 'Squad/Parts/Utility/Fireworks/fireworksLauncherSmall/fireworksLauncherSmall'
[LOG 14:12:43.609] PartLoader: Part 'Squad/Parts/Utility/Fireworks/fireworksLauncherSmall/fireworksLauncherSmall' has no database record. Creating.
[LOG 14:12:43.609] [DragCubeSystem]: Drag cubes not found or cannot be read for part Part. Generating New drag cubes.
[LOG 14:12:43.609] [KSPCF/DragCubeGeneration] Creating drag cubes for part 'fireworksLauncherSmall'
[LOG 14:12:43.615] PartLoader: Compiling Part 'Squad/Parts/Utility/flags/flagFlat/flagFlat/flagPartFlat'
[LOG 14:12:43.624] PartLoader: Part 'Squad/Parts/Utility/flags/flagFlat/flagFlat/flagPartFlat' has no database record. Creating.
[LOG 14:12:43.624] [DragCubeSystem]: Drag cubes not found or cannot be read for part Part. Generating New drag cubes.
[LOG 14:12:43.624] [KSPCF/DragCubeGeneration] Creating drag cubes for part 'flagPartFlat'
[LOG 14:12:43.630] PartLoader: Compiling Part 'Squad/Parts/Utility/flags/flagSize0/flagSize0/flagPartSize0'
[LOG 14:12:43.636] PartLoader: Part 'Squad/Parts/Utility/flags/flagSize0/flagSize0/flagPartSize0' has no database record. Creating.
[LOG 14:12:43.636] [DragCubeSystem]: Drag cubes not found or cannot be read for part Part. Generating New drag cubes.
[LOG 14:12:43.636] [KSPCF/DragCubeGeneration] Creating drag cubes for part 'flagPartSize0'
[LOG 14:12:43.643] PartLoader: Compiling Part 'Squad/Parts/Utility/flags/flagSize1/flagSize1/flagPartSize1'
[LOG 14:12:43.648] PartLoader: Part 'Squad/Parts/Utility/flags/flagSize1/flagSize1/flagPartSize1' has no database record. Creating.
[LOG 14:12:43.648] [DragCubeSystem]: Drag cubes not found or cannot be read for part Part. Generating New drag cubes.
[LOG 14:12:43.648] [KSPCF/DragCubeGeneration] Creating drag cubes for part 'flagPartSize1'
[LOG 14:12:43.654] PartLoader: Compiling Part 'Squad/Parts/Utility/flags/flagSize2/flagSize2/flagPartSize2'
[LOG 14:12:43.658] PartLoader: Part 'Squad/Parts/Utility/flags/flagSize2/flagSize2/flagPartSize2' has no database record. Creating.
[LOG 14:12:43.659] [DragCubeSystem]: Drag cubes not found or cannot be read for part Part. Generating New drag cubes.
[LOG 14:12:43.659] [KSPCF/DragCubeGeneration] Creating drag cubes for part 'flagPartSize2'
[LOG 14:12:43.664] PartLoader: Compiling Part 'Squad/Parts/Utility/flags/flagSize3/flagSize3/flagPartSize3'
[LOG 14:12:43.669] PartLoader: Part 'Squad/Parts/Utility/flags/flagSize3/flagSize3/flagPartSize3' has no database record. Creating.
[LOG 14:12:43.669] [DragCubeSystem]: Drag cubes not found or cannot be read for part Part. Generating New drag cubes.
[LOG 14:12:43.669] [KSPCF/DragCubeGeneration] Creating drag cubes for part 'flagPartSize3'
[LOG 14:12:43.675] PartLoader: Compiling Part 'Squad/Parts/Utility/GrapplingDevice/part/GrapplingDevice'
[LOG 14:12:43.693] PartLoader: Part 'Squad/Parts/Utility/GrapplingDevice/part/GrapplingDevice' has no database record. Creating.
[LOG 14:12:43.693] [DragCubeSystem]: Drag cubes not found or cannot be read for part Part. Generating New drag cubes.
[LOG 14:12:43.693] [KSPCF/DragCubeGeneration] Creating drag cubes for part 'GrapplingDevice'
[LOG 14:12:43.717] PartLoader: Compiling Part 'Squad/Parts/Utility/ladderRadial/ladderRadial/ladder1'
[LOG 14:12:43.721] PartLoader: Part 'Squad/Parts/Utility/ladderRadial/ladderRadial/ladder1' has no database record. Creating.
[LOG 14:12:43.721] [DragCubeSystem]: Drag cubes not found or cannot be read for part Part. Generating New drag cubes.
[LOG 14:12:43.721] [KSPCF/DragCubeGeneration] Creating drag cubes for part 'ladder1'
[LOG 14:12:43.726] PartLoader: Compiling Part 'Squad/Parts/Utility/ladderTelescopic/ladderTelescopic/telescopicLadder'
[LOG 14:12:43.733] PartLoader: Part 'Squad/Parts/Utility/ladderTelescopic/ladderTelescopic/telescopicLadder' has no database record. Creating.
[LOG 14:12:43.733] [DragCubeSystem]: Drag cubes not found or cannot be read for part Part. Generating New drag cubes.
[LOG 14:12:43.733] [KSPCF/DragCubeGeneration] Creating drag cubes for part 'telescopicLadder'
[LOG 14:12:43.750] PartLoader: Compiling Part 'Squad/Parts/Utility/ladderTelescopicBay/ladderTelescopicBay/telescopicLadderBay'
[LOG 14:12:43.764] PartLoader: Part 'Squad/Parts/Utility/ladderTelescopicBay/ladderTelescopicBay/telescopicLadderBay' has no database record. Creating.
[LOG 14:12:43.764] [DragCubeSystem]: Drag cubes not found or cannot be read for part Part. Generating New drag cubes.
[LOG 14:12:43.764] [KSPCF/DragCubeGeneration] Creating drag cubes for part 'telescopicLadderBay'
[LOG 14:12:43.781] PartLoader: Compiling Part 'Squad/Parts/Utility/landingLegLT-1/landingLegLT-1/landingLeg1'
[LOG 14:12:43.807] PartLoader: Part 'Squad/Parts/Utility/landingLegLT-1/landingLegLT-1/landingLeg1' has no database record. Creating.
[LOG 14:12:43.807] [DragCubeSystem]: Drag cubes not found or cannot be read for part Part. Generating New drag cubes.
[LOG 14:12:43.809] [KSPCF/DragCubeGeneration] Creating drag cubes for part 'landingLeg1'
[LOG 14:12:43.827] PartLoader: Compiling Part 'Squad/Parts/Utility/landingLegLT-2/landingLegLT-2/landingLeg1-2'
[LOG 14:12:43.834] PartLoader: Part 'Squad/Parts/Utility/landingLegLT-2/landingLegLT-2/landingLeg1-2' has no database record. Creating.
[LOG 14:12:43.834] [DragCubeSystem]: Drag cubes not found or cannot be read for part Part. Generating New drag cubes.
[LOG 14:12:43.834] [KSPCF/DragCubeGeneration] Creating drag cubes for part 'landingLeg1-2'
[LOG 14:12:43.851] PartLoader: Compiling Part 'Squad/Parts/Utility/landingLegLT-5/landingLegLT-5/miniLandingLeg'
[LOG 14:12:43.858] PartLoader: Part 'Squad/Parts/Utility/landingLegLT-5/landingLegLT-5/miniLandingLeg' has no database record. Creating.
[LOG 14:12:43.858] [DragCubeSystem]: Drag cubes not found or cannot be read for part Part. Generating New drag cubes.
[LOG 14:12:43.858] [KSPCF/DragCubeGeneration] Creating drag cubes for part 'miniLandingLeg'
[LOG 14:12:43.874] PartLoader: Compiling Part 'Squad/Parts/Utility/launchClamp1/launchClamp1/launchClamp1'
[LOG 14:12:43.881] PartLoader: Part 'Squad/Parts/Utility/launchClamp1/launchClamp1/launchClamp1' has no database record. Creating.
[LOG 14:12:43.881] [DragCubeSystem]: Drag cubes not found or cannot be read for part Part. Generating New drag cubes.
[LOG 14:12:43.881] [KSPCF/DragCubeGeneration] Creating drag cubes for part 'launchClamp1'
[LOG 14:12:43.886] PartLoader: Compiling Part 'Squad/Parts/Utility/launchEscapeSystem/part/LaunchEscapeSystem'
[LOG 14:12:43.892] PartLoader: Part 'Squad/Parts/Utility/launchEscapeSystem/part/LaunchEscapeSystem' has no database record. Creating.
[LOG 14:12:43.892] [DragCubeSystem]: Drag cubes not found or cannot be read for part Part. Generating New drag cubes.
[LOG 14:12:43.892] [KSPCF/DragCubeGeneration] Creating drag cubes for part 'LaunchEscapeSystem'
[LOG 14:12:43.898] PartLoader: Compiling Part 'Squad/Parts/Utility/Lights/domeLight1/domeLight1'
[LOG 14:12:43.904] PartLoader: Part 'Squad/Parts/Utility/Lights/domeLight1/domeLight1' has no database record. Creating.
[LOG 14:12:43.904] [DragCubeSystem]: Drag cubes not found or cannot be read for part Part. Generating New drag cubes.
[LOG 14:12:43.904] [KSPCF/DragCubeGeneration] Creating drag cubes for part 'domeLight1'
[LOG 14:12:43.910] PartLoader: Compiling Part 'Squad/Parts/Utility/Lights/groundLight1/groundLight1'
[LOG 14:12:43.914] PartLoader: Part 'Squad/Parts/Utility/Lights/groundLight1/groundLight1' has no database record. Creating.
[LOG 14:12:43.914] [DragCubeSystem]: Drag cubes not found or cannot be read for part Part. Generating New drag cubes.
[LOG 14:12:43.914] [KSPCF/DragCubeGeneration] Creating drag cubes for part 'groundLight1'
[LOG 14:12:43.920] PartLoader: Compiling Part 'Squad/Parts/Utility/Lights/groundLight2/groundLight2'
[LOG 14:12:43.924] PartLoader: Part 'Squad/Parts/Utility/Lights/groundLight2/groundLight2' has no database record. Creating.
[LOG 14:12:43.924] [DragCubeSystem]: Drag cubes not found or cannot be read for part Part. Generating New drag cubes.
[LOG 14:12:43.924] [KSPCF/DragCubeGeneration] Creating drag cubes for part 'groundLight2'
[LOG 14:12:43.929] PartLoader: Compiling Part 'Squad/Parts/Utility/Lights/navLight1/navLight1'
[LOG 14:12:43.933] PartLoader: Part 'Squad/Parts/Utility/Lights/navLight1/navLight1' has no database record. Creating.
[LOG 14:12:43.933] [DragCubeSystem]: Drag cubes not found or cannot be read for part Part. Generating New drag cubes.
[LOG 14:12:43.933] [KSPCF/DragCubeGeneration] Creating drag cubes for part 'navLight1'
[LOG 14:12:43.940] PartLoader: Compiling Part 'Squad/Parts/Utility/Lights/spotLight1/spotLight3'
[LOG 14:12:43.944] PartLoader: Part 'Squad/Parts/Utility/Lights/spotLight1/spotLight3' has no database record. Creating.
[LOG 14:12:43.944] [DragCubeSystem]: Drag cubes not found or cannot be read for part Part. Generating New drag cubes.
[LOG 14:12:43.944] [KSPCF/DragCubeGeneration] Creating drag cubes for part 'spotLight3'
[LOG 14:12:43.950] PartLoader: Compiling Part 'Squad/Parts/Utility/Lights/stripLight1/stripLight1'
[LOG 14:12:43.955] PartLoader: Part 'Squad/Parts/Utility/Lights/stripLight1/stripLight1' has no database record. Creating.
[LOG 14:12:43.955] [DragCubeSystem]: Drag cubes not found or cannot be read for part Part. Generating New drag cubes.
[LOG 14:12:43.955] [KSPCF/DragCubeGeneration] Creating drag cubes for part 'stripLight1'
[LOG 14:12:43.961] PartLoader: Compiling Part 'Squad/Parts/Utility/linearVernorRCS/linearRCS/linearRcs'
[LOG 14:12:43.971] PartLoader: Part 'Squad/Parts/Utility/linearVernorRCS/linearRCS/linearRcs' has no database record. Creating.
[LOG 14:12:43.971] [DragCubeSystem]: Drag cubes not found or cannot be read for part Part. Generating New drag cubes.
[LOG 14:12:43.971] [KSPCF/DragCubeGeneration] Creating drag cubes for part 'linearRcs'
[LOG 14:12:43.977] PartLoader: Compiling Part 'Squad/Parts/Utility/linearVernorRCS/vernorEngine/vernierEngine'
[LOG 14:12:43.982] PartLoader: Part 'Squad/Parts/Utility/linearVernorRCS/vernorEngine/vernierEngine' has no database record. Creating.
[LOG 14:12:43.982] [DragCubeSystem]: Drag cubes not found or cannot be read for part Part. Generating New drag cubes.
[LOG 14:12:43.982] [KSPCF/DragCubeGeneration] Creating drag cubes for part 'vernierEngine'
[LOG 14:12:43.988] PartLoader: Compiling Part 'Squad/Parts/Utility/mk2CargoBay/BayL/mk2CargoBayL'
[LOG 14:12:43.992] PartLoader: Part 'Squad/Parts/Utility/mk2CargoBay/BayL/mk2CargoBayL' has no database record. Creating.
[LOG 14:12:43.992] PartLoader: Compiling Part 'Squad/Parts/Utility/mk2CargoBay/BayS/mk2CargoBayS'
[LOG 14:12:43.996] PartLoader: Part 'Squad/Parts/Utility/mk2CargoBay/BayS/mk2CargoBayS' has no database record. Creating.
[LOG 14:12:43.996] PartLoader: Compiling Part 'Squad/Parts/Utility/mk2CrewCabin/mk2CrewCabin/mk2CrewCabin'
[WRN 14:12:43.998] [Part]: Cannot have ModuleCargoPart and ModuleInventoryPart on same Part [mk2CrewCabin'. Removed ModuleCargoPart
[LOG 14:12:44.001] PartLoader: Part 'Squad/Parts/Utility/mk2CrewCabin/mk2CrewCabin/mk2CrewCabin' has no database record. Creating.
[LOG 14:12:44.001] [DragCubeSystem]: Drag cubes not found or cannot be read for part Part. Generating New drag cubes.
[LOG 14:12:44.001] [KSPCF/DragCubeGeneration] Creating drag cubes for part 'mk2CrewCabin'
[LOG 14:12:44.006] PartLoader: Compiling Part 'Squad/Parts/Utility/mk2DockingPort/mk2DockingPort/mk2DockingPort'
[LOG 14:12:44.012] PartLoader: Part 'Squad/Parts/Utility/mk2DockingPort/mk2DockingPort/mk2DockingPort' has no database record. Creating.
[LOG 14:12:44.014] PartLoader: Compiling Part 'Squad/Parts/Utility/mk3CargoBay/long/mk3CargoBayL'
[LOG 14:12:44.020] PartLoader: Part 'Squad/Parts/Utility/mk3CargoBay/long/mk3CargoBayL' has no database record. Creating.
[LOG 14:12:44.020] PartLoader: Compiling Part 'Squad/Parts/Utility/mk3CargoBay/medium/mk3CargoBayM'
[LOG 14:12:44.025] PartLoader: Part 'Squad/Parts/Utility/mk3CargoBay/medium/mk3CargoBayM' has no database record. Creating.
[LOG 14:12:44.025] PartLoader: Compiling Part 'Squad/Parts/Utility/mk3CargoBay/ramp/mk3CargoRamp'
[LOG 14:12:44.029] PartLoader: Part 'Squad/Parts/Utility/mk3CargoBay/ramp/mk3CargoRamp' has no database record. Creating.
[LOG 14:12:44.029] PartLoader: Compiling Part 'Squad/Parts/Utility/mk3CargoBay/short/mk3CargoBayS'
[LOG 14:12:44.032] PartLoader: Part 'Squad/Parts/Utility/mk3CargoBay/short/mk3CargoBayS' has no database record. Creating.
[LOG 14:12:44.032] PartLoader: Compiling Part 'Squad/Parts/Utility/parachuteMk1/parachuteMk1/parachuteSingle'
[LOG 14:12:44.041] PartLoader: Part 'Squad/Parts/Utility/parachuteMk1/parachuteMk1/parachuteSingle' has no database record. Creating.
[LOG 14:12:44.042] [DragCubeSystem]: Drag cubes not found or cannot be read for part Part. Generating New drag cubes.
[LOG 14:12:44.042] [KSPCF/DragCubeGeneration] Creating drag cubes for part 'parachuteSingle'
[LOG 14:12:44.066] PartLoader: Compiling Part 'Squad/Parts/Utility/parachuteMk12-R/parachuteMk12-R/radialDrogue'
[LOG 14:12:44.070] PartLoader: Part 'Squad/Parts/Utility/parachuteMk12-R/parachuteMk12-R/radialDrogue' has no database record. Creating.
[LOG 14:12:44.070] [DragCubeSystem]: Drag cubes not found or cannot be read for part Part. Generating New drag cubes.
[LOG 14:12:44.070] [KSPCF/DragCubeGeneration] Creating drag cubes for part 'radialDrogue'
[LOG 14:12:44.091] PartLoader: Compiling Part 'Squad/Parts/Utility/parachuteMk16-XL/parachuteMk16-XL/parachuteLarge'
[LOG 14:12:44.096] PartLoader: Part 'Squad/Parts/Utility/parachuteMk16-XL/parachuteMk16-XL/parachuteLarge' has no database record. Creating.
[LOG 14:12:44.096] [DragCubeSystem]: Drag cubes not found or cannot be read for part Part. Generating New drag cubes.
[LOG 14:12:44.096] [KSPCF/DragCubeGeneration] Creating drag cubes for part 'parachuteLarge'
[LOG 14:12:44.117] PartLoader: Compiling Part 'Squad/Parts/Utility/parachuteMk2-R/parachuteMk2-R/parachuteRadial'
[LOG 14:12:44.121] PartLoader: Part 'Squad/Parts/Utility/parachuteMk2-R/parachuteMk2-R/parachuteRadial' has no database record. Creating.
[LOG 14:12:44.121] [DragCubeSystem]: Drag cubes not found or cannot be read for part Part. Generating New drag cubes.
[LOG 14:12:44.121] [KSPCF/DragCubeGeneration] Creating drag cubes for part 'parachuteRadial'
[LOG 14:12:44.144] PartLoader: Compiling Part 'Squad/Parts/Utility/parachuteMk25/parachuteMk25/parachuteDrogue'
[LOG 14:12:44.148] PartLoader: Part 'Squad/Parts/Utility/parachuteMk25/parachuteMk25/parachuteDrogue' has no database record. Creating.
[LOG 14:12:44.148] [DragCubeSystem]: Drag cubes not found or cannot be read for part Part. Generating New drag cubes.
[LOG 14:12:44.148] [KSPCF/DragCubeGeneration] Creating drag cubes for part 'parachuteDrogue'
[LOG 14:12:44.171] PartLoader: Compiling Part 'Squad/Parts/Utility/radialAttachmentPoint/radialAttachmentPoint/stackPoint1'
[LOG 14:12:44.173] PartLoader: Part 'Squad/Parts/Utility/radialAttachmentPoint/radialAttachmentPoint/stackPoint1' has no database record. Creating.
[LOG 14:12:44.174] [DragCubeSystem]: Drag cubes not found or cannot be read for part Part. Generating New drag cubes.
[LOG 14:12:44.174] [KSPCF/DragCubeGeneration] Creating drag cubes for part 'stackPoint1'
[LOG 14:12:44.179] PartLoader: Compiling Part 'Squad/Parts/Utility/rcsBlockRV-105_v2/rcsBlockRV-105/RCSBlock_v2'
[LOG 14:12:44.185] PartLoader: Part 'Squad/Parts/Utility/rcsBlockRV-105_v2/rcsBlockRV-105/RCSBlock_v2' has no database record. Creating.
[LOG 14:12:44.185] [DragCubeSystem]: Drag cubes not found or cannot be read for part Part. Generating New drag cubes.
[LOG 14:12:44.185] [KSPCF/DragCubeGeneration] Creating drag cubes for part 'RCSBlock.v2'
[LOG 14:12:44.224] PartLoader: Compiling Part 'Squad/Parts/Utility/rcsBlockRV-105_v2/RCSblock_01_small/RCSblock_01_small'
[LOG 14:12:44.230] PartLoader: Part 'Squad/Parts/Utility/rcsBlockRV-105_v2/RCSblock_01_small/RCSblock_01_small' has no database record. Creating.
[LOG 14:12:44.230] [DragCubeSystem]: Drag cubes not found or cannot be read for part Part. Generating New drag cubes.
[LOG 14:12:44.230] [KSPCF/DragCubeGeneration] Creating drag cubes for part 'RCSblock.01.small'
[LOG 14:12:44.267] PartLoader: Compiling Part 'Squad/Parts/Utility/rcsSmallLinear/RCSLinearSmall/RCSLinearSmall'
[LOG 14:12:44.272] PartLoader: Part 'Squad/Parts/Utility/rcsSmallLinear/RCSLinearSmall/RCSLinearSmall' has no database record. Creating.
[LOG 14:12:44.272] [DragCubeSystem]: Drag cubes not found or cannot be read for part Part. Generating New drag cubes.
[LOG 14:12:44.272] [KSPCF/DragCubeGeneration] Creating drag cubes for part 'RCSLinearSmall'
[LOG 14:12:44.288] PartLoader: Compiling Part 'Squad/Parts/Utility/RelayAntennas/RA-100/RelayAntenna100'
[LOG 14:12:44.291] PartLoader: Part 'Squad/Parts/Utility/RelayAntennas/RA-100/RelayAntenna100' has no database record. Creating.
[LOG 14:12:44.291] [DragCubeSystem]: Drag cubes not found or cannot be read for part Part. Generating New drag cubes.
[LOG 14:12:44.291] [KSPCF/DragCubeGeneration] Creating drag cubes for part 'RelayAntenna100'
[LOG 14:12:44.297] PartLoader: Compiling Part 'Squad/Parts/Utility/RelayAntennas/RA-5/RelayAntenna5'
[LOG 14:12:44.300] PartLoader: Part 'Squad/Parts/Utility/RelayAntennas/RA-5/RelayAntenna5' has no database record. Creating.
[LOG 14:12:44.301] [DragCubeSystem]: Drag cubes not found or cannot be read for part Part. Generating New drag cubes.
[LOG 14:12:44.301] [KSPCF/DragCubeGeneration] Creating drag cubes for part 'RelayAntenna5'
[LOG 14:12:44.306] PartLoader: Compiling Part 'Squad/Parts/Utility/RelayAntennas/RA-50/RelayAntenna50'
[LOG 14:12:44.310] PartLoader: Part 'Squad/Parts/Utility/RelayAntennas/RA-50/RelayAntenna50' has no database record. Creating.
[LOG 14:12:44.310] [DragCubeSystem]: Drag cubes not found or cannot be read for part Part. Generating New drag cubes.
[LOG 14:12:44.310] [KSPCF/DragCubeGeneration] Creating drag cubes for part 'RelayAntenna50'
[LOG 14:12:44.317] PartLoader: Compiling Part 'Squad/Parts/Utility/rockomaxAdapters/largeAdapter/largeAdapter'
[LOG 14:12:44.322] PartLoader: Part 'Squad/Parts/Utility/rockomaxAdapters/largeAdapter/largeAdapter' has no database record. Creating.
[LOG 14:12:44.322] [DragCubeSystem]: Drag cubes not found or cannot be read for part Part. Generating New drag cubes.
[LOG 14:12:44.322] [KSPCF/DragCubeGeneration] Creating drag cubes for part 'largeAdapter'
[LOG 14:12:44.327] PartLoader: Compiling Part 'Squad/Parts/Utility/rockomaxAdapters/largeAdapterShort/largeAdapter2'
[LOG 14:12:44.330] PartLoader: Part 'Squad/Parts/Utility/rockomaxAdapters/largeAdapterShort/largeAdapter2' has no database record. Creating.
[LOG 14:12:44.330] [DragCubeSystem]: Drag cubes not found or cannot be read for part Part. Generating New drag cubes.
[LOG 14:12:44.330] [KSPCF/DragCubeGeneration] Creating drag cubes for part 'largeAdapter2'
[LOG 14:12:44.335] PartLoader: Compiling Part 'Squad/Parts/Utility/ServiceBay_v2/ServiceBay_125_v2/ServiceBay_125_v2'
[LOG 14:12:44.339] PartLoader: Part 'Squad/Parts/Utility/ServiceBay_v2/ServiceBay_125_v2/ServiceBay_125_v2' has no database record. Creating.
[LOG 14:12:44.340] [DragCubeSystem]: Drag cubes not found or cannot be read for part Part. Generating New drag cubes.
[LOG 14:12:44.340] [KSPCF/DragCubeGeneration] Creating drag cubes for part 'ServiceBay.125.v2'
[LOG 14:12:44.355] PartLoader: Compiling Part 'Squad/Parts/Utility/ServiceBay_v2/ServiceBay_250_v2/ServiceBay_250_v2'
[LOG 14:12:44.359] PartLoader: Part 'Squad/Parts/Utility/ServiceBay_v2/ServiceBay_250_v2/ServiceBay_250_v2' has no database record. Creating.
[LOG 14:12:44.359] [DragCubeSystem]: Drag cubes not found or cannot be read for part Part. Generating New drag cubes.
[LOG 14:12:44.359] [KSPCF/DragCubeGeneration] Creating drag cubes for part 'ServiceBay.250.v2'
[LOG 14:12:44.375] PartLoader: Compiling Part 'Squad/Parts/Utility/smallClaw/smallClaw/smallClaw'
[LOG 14:12:44.383] PartLoader: Part 'Squad/Parts/Utility/smallClaw/smallClaw/smallClaw' has no database record. Creating.
[LOG 14:12:44.383] [DragCubeSystem]: Drag cubes not found or cannot be read for part Part. Generating New drag cubes.
[LOG 14:12:44.383] [KSPCF/DragCubeGeneration] Creating drag cubes for part 'smallClaw'
[LOG 14:12:44.403] PartLoader: Compiling Part 'Squad/Parts/Utility/spotLightMk1/spotLightMk1/spotLight1'
[LOG 14:12:44.406] PartLoader: Part 'Squad/Parts/Utility/spotLightMk1/spotLightMk1/spotLight1' has no database record. Creating.
[LOG 14:12:44.406] [DragCubeSystem]: Drag cubes not found or cannot be read for part Part. Generating New drag cubes.
[LOG 14:12:44.406] [KSPCF/DragCubeGeneration] Creating drag cubes for part 'spotLight1'
[LOG 14:12:44.412] PartLoader: Compiling Part 'Squad/Parts/Utility/spotLightMk1_v2/spotLightMk1_v2/spotLight1_v2'
[LOG 14:12:44.416] PartLoader: Part 'Squad/Parts/Utility/spotLightMk1_v2/spotLightMk1_v2/spotLight1_v2' has no database record. Creating.
[LOG 14:12:44.416] [DragCubeSystem]: Drag cubes not found or cannot be read for part Part. Generating New drag cubes.
[LOG 14:12:44.416] [KSPCF/DragCubeGeneration] Creating drag cubes for part 'spotLight1.v2'
[LOG 14:12:44.421] PartLoader: Compiling Part 'Squad/Parts/Utility/spotLightMk2/spotLightMk2/spotLight2'
[LOG 14:12:44.425] PartLoader: Part 'Squad/Parts/Utility/spotLightMk2/spotLightMk2/spotLight2' has no database record. Creating.
[LOG 14:12:44.425] [DragCubeSystem]: Drag cubes not found or cannot be read for part Part. Generating New drag cubes.
[LOG 14:12:44.425] [KSPCF/DragCubeGeneration] Creating drag cubes for part 'spotLight2'
[LOG 14:12:44.431] PartLoader: Compiling Part 'Squad/Parts/Utility/spotLightMk2_v2/spotLightMk2_v2/spotLight2_v2'
[LOG 14:12:44.436] PartLoader: Part 'Squad/Parts/Utility/spotLightMk2_v2/spotLightMk2_v2/spotLight2_v2' has no database record. Creating.
[LOG 14:12:44.436] [DragCubeSystem]: Drag cubes not found or cannot be read for part Part. Generating New drag cubes.
[LOG 14:12:44.436] [KSPCF/DragCubeGeneration] Creating drag cubes for part 'spotLight2.v2'
[LOG 14:12:44.442] PartLoader: Compiling Part 'Squad/Parts/Utility/stackCouplers/stackBiCoupler_v2/stackBiCoupler_v2'
[LOG 14:12:44.445] PartLoader: Part 'Squad/Parts/Utility/stackCouplers/stackBiCoupler_v2/stackBiCoupler_v2' has no database record. Creating.
[LOG 14:12:44.445] [DragCubeSystem]: Drag cubes not found or cannot be read for part Part. Generating New drag cubes.
[LOG 14:12:44.445] [KSPCF/DragCubeGeneration] Creating drag cubes for part 'stackBiCoupler.v2'
[LOG 14:12:44.451] PartLoader: Compiling Part 'Squad/Parts/Utility/stackCouplers/stackQuadCoupler/stackQuadCoupler'
[LOG 14:12:44.454] PartLoader: Part 'Squad/Parts/Utility/stackCouplers/stackQuadCoupler/stackQuadCoupler' has no database record. Creating.
[LOG 14:12:44.454] [DragCubeSystem]: Drag cubes not found or cannot be read for part Part. Generating New drag cubes.
[LOG 14:12:44.454] [KSPCF/DragCubeGeneration] Creating drag cubes for part 'stackQuadCoupler'
[LOG 14:12:44.459] PartLoader: Compiling Part 'Squad/Parts/Utility/stackCouplers/stackTriCoupler_v2/stackTriCoupler_v2'
[LOG 14:12:44.462] PartLoader: Part 'Squad/Parts/Utility/stackCouplers/stackTriCoupler_v2/stackTriCoupler_v2' has no database record. Creating.
[LOG 14:12:44.462] [DragCubeSystem]: Drag cubes not found or cannot be read for part Part. Generating New drag cubes.
[LOG 14:12:44.462] [KSPCF/DragCubeGeneration] Creating drag cubes for part 'stackTriCoupler.v2'
[LOG 14:12:44.469] PartLoader: Compiling Part 'Squad/Parts/Wheel/LandingGear/GearExtraLarge/GearLarge'
[LOG 14:12:44.483] PartLoader: Part 'Squad/Parts/Wheel/LandingGear/GearExtraLarge/GearLarge' has no database record. Creating.
[LOG 14:12:44.484] [DragCubeSystem]: Drag cubes not found or cannot be read for part Part. Generating New drag cubes.
[LOG 14:12:44.484] [KSPCF/DragCubeGeneration] Creating drag cubes for part 'GearLarge'
[LOG 14:12:44.500] PartLoader: Compiling Part 'Squad/Parts/Wheel/LandingGear/GearFixed/GearFixed'
[LOG 14:12:44.505] PartLoader: Part 'Squad/Parts/Wheel/LandingGear/GearFixed/GearFixed' has no database record. Creating.
[LOG 14:12:44.505] [DragCubeSystem]: Drag cubes not found or cannot be read for part Part. Generating New drag cubes.
[LOG 14:12:44.505] [KSPCF/DragCubeGeneration] Creating drag cubes for part 'GearFixed'
[LOG 14:12:44.511] PartLoader: Compiling Part 'Squad/Parts/Wheel/LandingGear/GearFree/GearFree'
[LOG 14:12:44.524] PartLoader: Part 'Squad/Parts/Wheel/LandingGear/GearFree/GearFree' has no database record. Creating.
[LOG 14:12:44.524] [DragCubeSystem]: Drag cubes not found or cannot be read for part Part. Generating New drag cubes.
[LOG 14:12:44.524] [KSPCF/DragCubeGeneration] Creating drag cubes for part 'GearFree'
[LOG 14:12:44.530] PartLoader: Compiling Part 'Squad/Parts/Wheel/LandingGear/GearLarge/GearMedium'
[LOG 14:12:44.541] PartLoader: Part 'Squad/Parts/Wheel/LandingGear/GearLarge/GearMedium' has no database record. Creating.
[LOG 14:12:44.541] [DragCubeSystem]: Drag cubes not found or cannot be read for part Part. Generating New drag cubes.
[LOG 14:12:44.541] [KSPCF/DragCubeGeneration] Creating drag cubes for part 'GearMedium'
[LOG 14:12:44.558] PartLoader: Compiling Part 'Squad/Parts/Wheel/LandingGear/GearMedium/GearSmall'
[LOG 14:12:44.569] PartLoader: Part 'Squad/Parts/Wheel/LandingGear/GearMedium/GearSmall' has no database record. Creating.
[LOG 14:12:44.569] [DragCubeSystem]: Drag cubes not found or cannot be read for part Part. Generating New drag cubes.
[LOG 14:12:44.569] [KSPCF/DragCubeGeneration] Creating drag cubes for part 'GearSmall'
[LOG 14:12:44.587] PartLoader: Compiling Part 'Squad/Parts/Wheel/LandingGear/GearSmall/SmallGearBay'
[LOG 14:12:44.597] PartLoader: Part 'Squad/Parts/Wheel/LandingGear/GearSmall/SmallGearBay' has no database record. Creating.
[LOG 14:12:44.597] [DragCubeSystem]: Drag cubes not found or cannot be read for part Part. Generating New drag cubes.
[LOG 14:12:44.597] [KSPCF/DragCubeGeneration] Creating drag cubes for part 'SmallGearBay'
[LOG 14:12:44.617] PartLoader: Compiling Part 'Squad/Parts/Wheel/roverWheelM1/roverWheelM1/roverWheel1'
[LOG 14:12:44.628] PartLoader: Part 'Squad/Parts/Wheel/roverWheelM1/roverWheelM1/roverWheel1' has no database record. Creating.
[LOG 14:12:44.628] [DragCubeSystem]: Drag cubes not found or cannot be read for part Part. Generating New drag cubes.
[LOG 14:12:44.628] [KSPCF/DragCubeGeneration] Creating drag cubes for part 'roverWheel1'
[LOG 14:12:44.635] PartLoader: Compiling Part 'Squad/Parts/Wheel/roverWheelS2/roverWheelS2/roverWheel2'
[LOG 14:12:44.641] PartLoader: Part 'Squad/Parts/Wheel/roverWheelS2/roverWheelS2/roverWheel2' has no database record. Creating.
[LOG 14:12:44.641] [DragCubeSystem]: Drag cubes not found or cannot be read for part Part. Generating New drag cubes.
[LOG 14:12:44.641] [KSPCF/DragCubeGeneration] Creating drag cubes for part 'roverWheel2'
[LOG 14:12:44.648] PartLoader: Compiling Part 'Squad/Parts/Wheel/roverWheelTR-2L/roverWheelTR-2L/wheelMed'
[LOG 14:12:44.654] PartLoader: Part 'Squad/Parts/Wheel/roverWheelTR-2L/roverWheelTR-2L/wheelMed' has no database record. Creating.
[LOG 14:12:44.654] [DragCubeSystem]: Drag cubes not found or cannot be read for part Part. Generating New drag cubes.
[LOG 14:12:44.654] [KSPCF/DragCubeGeneration] Creating drag cubes for part 'wheelMed'
[LOG 14:12:44.661] PartLoader: Compiling Part 'Squad/Parts/Wheel/roverWheelXL3/roverWheelXL3/roverWheel3'
[LOG 14:12:44.670] PartLoader: Part 'Squad/Parts/Wheel/roverWheelXL3/roverWheelXL3/roverWheel3' has no database record. Creating.
[LOG 14:12:44.670] [DragCubeSystem]: Drag cubes not found or cannot be read for part Part. Generating New drag cubes.
[LOG 14:12:44.671] [KSPCF/DragCubeGeneration] Creating drag cubes for part 'roverWheel3'
[LOG 14:12:44.677] PartLoader: Compiling Part 'SquadExpansion/MakingHistory/Parts/Aero/protectiveRocketNoseMk16/rocketNoseCone_size4/rocketNoseConeSize4'
[LOG 14:12:44.680] PartLoader: Part 'SquadExpansion/MakingHistory/Parts/Aero/protectiveRocketNoseMk16/rocketNoseCone_size4/rocketNoseConeSize4' has no database record. Creating.
[LOG 14:12:44.681] [DragCubeSystem]: Drag cubes not found or cannot be read for part Part. Generating New drag cubes.
[LOG 14:12:44.681] [KSPCF/DragCubeGeneration] Creating drag cubes for part 'rocketNoseConeSize4'
[LOG 14:12:44.686] PartLoader: Compiling Part 'SquadExpansion/MakingHistory/Parts/Aero/protectiveRocketNoseMk5A/Size_1_5_Cone/Size_1_5_Cone'
[LOG 14:12:44.693] PartLoader: Part 'SquadExpansion/MakingHistory/Parts/Aero/protectiveRocketNoseMk5A/Size_1_5_Cone/Size_1_5_Cone' has no database record. Creating.
[LOG 14:12:44.693] [DragCubeSystem]: Drag cubes not found or cannot be read for part Part. Generating New drag cubes.
[LOG 14:12:44.693] [KSPCF/DragCubeGeneration] Creating drag cubes for part 'Size.1.5.Cone'
[LOG 14:12:44.699] PartLoader: Compiling Part 'SquadExpansion/MakingHistory/Parts/Coupling/Decoupler_1p5/Decoupler_1p5'
[LOG 14:12:44.703] PartLoader: Part 'SquadExpansion/MakingHistory/Parts/Coupling/Decoupler_1p5/Decoupler_1p5' has no database record. Creating.
[LOG 14:12:44.704] PartLoader: Compiling Part 'SquadExpansion/MakingHistory/Parts/Coupling/Decoupler_4/Decoupler_4'
[LOG 14:12:44.708] PartLoader: Part 'SquadExpansion/MakingHistory/Parts/Coupling/Decoupler_4/Decoupler_4' has no database record. Creating.
[LOG 14:12:44.708] PartLoader: Compiling Part 'SquadExpansion/MakingHistory/Parts/Coupling/EnginePlate_1p5/EnginePlate1p5'
[LOG 14:12:44.719] PartLoader: Part 'SquadExpansion/MakingHistory/Parts/Coupling/EnginePlate_1p5/EnginePlate1p5' has no database record. Creating.
[LOG 14:12:44.719] [DragCubeSystem]: Drag cubes not found or cannot be read for part Part. Generating New drag cubes.
[LOG 14:12:44.719] [KSPCF/DragCubeGeneration] Part 'EnginePlate1p5' has defined a procedural drag cube setup
[LOG 14:12:44.719] PartLoader: Compiling Part 'SquadExpansion/MakingHistory/Parts/Coupling/EnginePlate_2/EnginePlate2'
[LOG 14:12:44.726] PartLoader: Part 'SquadExpansion/MakingHistory/Parts/Coupling/EnginePlate_2/EnginePlate2' has no database record. Creating.
[LOG 14:12:44.726] [DragCubeSystem]: Drag cubes not found or cannot be read for part Part. Generating New drag cubes.
[LOG 14:12:44.726] [KSPCF/DragCubeGeneration] Part 'EnginePlate2' has defined a procedural drag cube setup
[LOG 14:12:44.726] PartLoader: Compiling Part 'SquadExpansion/MakingHistory/Parts/Coupling/EnginePlate_3/EnginePlate3'
[LOG 14:12:44.732] PartLoader: Part 'SquadExpansion/MakingHistory/Parts/Coupling/EnginePlate_3/EnginePlate3' has no database record. Creating.
[LOG 14:12:44.732] [DragCubeSystem]: Drag cubes not found or cannot be read for part Part. Generating New drag cubes.
[LOG 14:12:44.732] [KSPCF/DragCubeGeneration] Part 'EnginePlate3' has defined a procedural drag cube setup
[LOG 14:12:44.732] PartLoader: Compiling Part 'SquadExpansion/MakingHistory/Parts/Coupling/EnginePlate_4/EnginePlate4'
[LOG 14:12:44.738] PartLoader: Part 'SquadExpansion/MakingHistory/Parts/Coupling/EnginePlate_4/EnginePlate4' has no database record. Creating.
[LOG 14:12:44.738] [DragCubeSystem]: Drag cubes not found or cannot be read for part Part. Generating New drag cubes.
[LOG 14:12:44.738] [KSPCF/DragCubeGeneration] Part 'EnginePlate4' has defined a procedural drag cube setup
[LOG 14:12:44.738] PartLoader: Compiling Part 'SquadExpansion/MakingHistory/Parts/Coupling/EnginePlate_5/EnginePlate5'
[LOG 14:12:44.744] PartLoader: Part 'SquadExpansion/MakingHistory/Parts/Coupling/EnginePlate_5/EnginePlate5' has no database record. Creating.
[LOG 14:12:44.744] [DragCubeSystem]: Drag cubes not found or cannot be read for part Part. Generating New drag cubes.
[LOG 14:12:44.744] [KSPCF/DragCubeGeneration] Part 'EnginePlate5' has defined a procedural drag cube setup
[LOG 14:12:44.745] PartLoader: Compiling Part 'SquadExpansion/MakingHistory/Parts/Coupling/InflatableAirlock/InflatableAirlock'
[LOG 14:12:44.750] PartLoader: Part 'SquadExpansion/MakingHistory/Parts/Coupling/InflatableAirlock/InflatableAirlock' has no database record. Creating.
[LOG 14:12:44.750] [DragCubeSystem]: Drag cubes not found or cannot be read for part Part. Generating New drag cubes.
[LOG 14:12:44.750] [KSPCF/DragCubeGeneration] Creating drag cubes for part 'InflatableAirlock'
[LOG 14:12:44.771] PartLoader: Compiling Part 'SquadExpansion/MakingHistory/Parts/Coupling/Separator_1p5/Separator_1p5'
[LOG 14:12:44.777] PartLoader: Part 'SquadExpansion/MakingHistory/Parts/Coupling/Separator_1p5/Separator_1p5' has no database record. Creating.
[LOG 14:12:44.777] PartLoader: Compiling Part 'SquadExpansion/MakingHistory/Parts/Coupling/Separator_4/Separator_4'
[LOG 14:12:44.782] PartLoader: Part 'SquadExpansion/MakingHistory/Parts/Coupling/Separator_4/Separator_4' has no database record. Creating.
[LOG 14:12:44.783] PartLoader: Compiling Part 'SquadExpansion/MakingHistory/Parts/Coupling/Size1p5_Strut_Decoupler/Size1p5_Strut_Decoupler'
[LOG 14:12:44.788] PartLoader: Part 'SquadExpansion/MakingHistory/Parts/Coupling/Size1p5_Strut_Decoupler/Size1p5_Strut_Decoupler' has no database record. Creating.
[LOG 14:12:44.789] PartLoader: Compiling Part 'SquadExpansion/MakingHistory/Parts/Engine/LiquidEngineKE-1/LiquidEngineKE-1'
[LOG 14:12:44.805] PartLoader: Part 'SquadExpansion/MakingHistory/Parts/Engine/LiquidEngineKE-1/LiquidEngineKE-1' has no database record. Creating.
[LOG 14:12:44.805] [DragCubeSystem]: Drag cubes not found or cannot be read for part Part. Generating New drag cubes.
[LOG 14:12:44.805] [KSPCF/DragCubeGeneration] Creating drag cubes for part 'LiquidEngineKE-1'
[LOG 14:12:44.860] PartLoader: Compiling Part 'SquadExpansion/MakingHistory/Parts/Engine/LiquidEngineLV-T91/LiquidEngineLV-T91'
[LOG 14:12:44.868] PartLoader: Part 'SquadExpansion/MakingHistory/Parts/Engine/LiquidEngineLV-T91/LiquidEngineLV-T91' has no database record. Creating.
[LOG 14:12:44.868] [DragCubeSystem]: Drag cubes not found or cannot be read for part Part. Generating New drag cubes.
[LOG 14:12:44.868] [KSPCF/DragCubeGeneration] Creating drag cubes for part 'LiquidEngineLV-T91'
[LOG 14:12:44.902] PartLoader: Compiling Part 'SquadExpansion/MakingHistory/Parts/Engine/LiquidEngineLV-TX87/LiquidEngineLV-TX87'
[LOG 14:12:44.910] PartLoader: Part 'SquadExpansion/MakingHistory/Parts/Engine/LiquidEngineLV-TX87/LiquidEngineLV-TX87' has no database record. Creating.
[LOG 14:12:44.910] [DragCubeSystem]: Drag cubes not found or cannot be read for part Part. Generating New drag cubes.
[LOG 14:12:44.910] [KSPCF/DragCubeGeneration] Creating drag cubes for part 'LiquidEngineLV-TX87'
[LOG 14:12:44.943] PartLoader: Compiling Part 'SquadExpansion/MakingHistory/Parts/Engine/LiquidEngineRE-I2/LiquidEngineRE-I2'
[LOG 14:12:44.952] PartLoader: Part 'SquadExpansion/MakingHistory/Parts/Engine/LiquidEngineRE-I2/LiquidEngineRE-I2' has no database record. Creating.
[LOG 14:12:44.952] [DragCubeSystem]: Drag cubes not found or cannot be read for part Part. Generating New drag cubes.
[LOG 14:12:44.952] [KSPCF/DragCubeGeneration] Creating drag cubes for part 'LiquidEngineRE-I2'
[LOG 14:12:44.983] PartLoader: Compiling Part 'SquadExpansion/MakingHistory/Parts/Engine/LiquidEngineRE-J10/LiquidEngineRE-J10'
[LOG 14:12:44.991] PartLoader: Part 'SquadExpansion/MakingHistory/Parts/Engine/LiquidEngineRE-J10/LiquidEngineRE-J10' has no database record. Creating.
[LOG 14:12:44.991] [DragCubeSystem]: Drag cubes not found or cannot be read for part Part. Generating New drag cubes.
[LOG 14:12:44.991] [KSPCF/DragCubeGeneration] Creating drag cubes for part 'LiquidEngineRE-J10'
[LOG 14:12:45.023] PartLoader: Compiling Part 'SquadExpansion/MakingHistory/Parts/Engine/LiquidEngineRK-7/LiquidEngineRK-7'
[LOG 14:12:45.034] PartLoader: Part 'SquadExpansion/MakingHistory/Parts/Engine/LiquidEngineRK-7/LiquidEngineRK-7' has no database record. Creating.
[LOG 14:12:45.034] [DragCubeSystem]: Drag cubes not found or cannot be read for part Part. Generating New drag cubes.
[LOG 14:12:45.034] [KSPCF/DragCubeGeneration] Creating drag cubes for part 'LiquidEngineRK-7'
[LOG 14:12:45.074] PartLoader: Compiling Part 'SquadExpansion/MakingHistory/Parts/Engine/LiquidEngineRV-1/LiquidEngineRV-1'
[LOG 14:12:45.080] PartLoader: Part 'SquadExpansion/MakingHistory/Parts/Engine/LiquidEngineRV-1/LiquidEngineRV-1' has no database record. Creating.
[LOG 14:12:45.080] [DragCubeSystem]: Drag cubes not found or cannot be read for part Part. Generating New drag cubes.
[LOG 14:12:45.080] [KSPCF/DragCubeGeneration] Creating drag cubes for part 'LiquidEngineRV-1'
[LOG 14:12:45.086] PartLoader: Compiling Part 'SquadExpansion/MakingHistory/Parts/Engine/solidBoosterTHK/solidBoosterTHK/Pollux'
[LOG 14:12:45.092] PartLoader: Part 'SquadExpansion/MakingHistory/Parts/Engine/solidBoosterTHK/solidBoosterTHK/Pollux' has no database record. Creating.
[LOG 14:12:45.092] [DragCubeSystem]: Drag cubes not found or cannot be read for part Part. Generating New drag cubes.
[LOG 14:12:45.092] [KSPCF/DragCubeGeneration] Creating drag cubes for part 'Pollux'
[LOG 14:12:45.099] PartLoader: Compiling Part 'SquadExpansion/MakingHistory/Parts/FuelTank/MonoPropMini/monopropMiniSphere'
[LOG 14:12:45.103] PartLoader: Part 'SquadExpansion/MakingHistory/Parts/FuelTank/MonoPropMini/monopropMiniSphere' has no database record. Creating.
[LOG 14:12:45.103] [DragCubeSystem]: Drag cubes not found or cannot be read for part Part. Generating New drag cubes.
[LOG 14:12:45.103] [KSPCF/DragCubeGeneration] Creating drag cubes for part 'monopropMiniSphere'
[LOG 14:12:45.109] PartLoader: Compiling Part 'SquadExpansion/MakingHistory/Parts/FuelTank/Size1p5_Monoprop/Size1p5_Monoprop'
[LOG 14:12:45.112] PartLoader: Part 'SquadExpansion/MakingHistory/Parts/FuelTank/Size1p5_Monoprop/Size1p5_Monoprop' has no database record. Creating.
[LOG 14:12:45.112] [DragCubeSystem]: Drag cubes not found or cannot be read for part Part. Generating New drag cubes.
[LOG 14:12:45.112] [KSPCF/DragCubeGeneration] Creating drag cubes for part 'Size1p5.Monoprop'
[LOG 14:12:45.118] PartLoader: Compiling Part 'SquadExpansion/MakingHistory/Parts/FuelTank/Size1p5_Size0_Adapter_01/Size1p5_Size0_Adapter_01'
[LOG 14:12:45.121] PartLoader: Part 'SquadExpansion/MakingHistory/Parts/FuelTank/Size1p5_Size0_Adapter_01/Size1p5_Size0_Adapter_01' has no database record. Creating.
[LOG 14:12:45.121] [DragCubeSystem]: Drag cubes not found or cannot be read for part Part. Generating New drag cubes.
[LOG 14:12:45.121] [KSPCF/DragCubeGeneration] Creating drag cubes for part 'Size1p5.Size0.Adapter.01'
[LOG 14:12:45.126] PartLoader: Compiling Part 'SquadExpansion/MakingHistory/Parts/FuelTank/Size1p5_Size1_Adapter_01/Size1p5_Size1_Adapter_01'
[LOG 14:12:45.129] PartLoader: Part 'SquadExpansion/MakingHistory/Parts/FuelTank/Size1p5_Size1_Adapter_01/Size1p5_Size1_Adapter_01' has no database record. Creating.
[LOG 14:12:45.129] [DragCubeSystem]: Drag cubes not found or cannot be read for part Part. Generating New drag cubes.
[LOG 14:12:45.129] [KSPCF/DragCubeGeneration] Creating drag cubes for part 'Size1p5.Size1.Adapter.01'
[LOG 14:12:45.135] PartLoader: Compiling Part 'SquadExpansion/MakingHistory/Parts/FuelTank/Size1p5_Size1_Adapter_02/Size1p5_Size1_Adapter_02'
[LOG 14:12:45.139] PartLoader: Part 'SquadExpansion/MakingHistory/Parts/FuelTank/Size1p5_Size1_Adapter_02/Size1p5_Size1_Adapter_02' has no database record. Creating.
[LOG 14:12:45.139] [DragCubeSystem]: Drag cubes not found or cannot be read for part Part. Generating New drag cubes.
[LOG 14:12:45.139] [KSPCF/DragCubeGeneration] Creating drag cubes for part 'Size1p5.Size1.Adapter.02'
[LOG 14:12:45.145] PartLoader: Compiling Part 'SquadExpansion/MakingHistory/Parts/FuelTank/Size1p5_Size2_Adapter_01/Size1p5_Size2_Adapter_01'
[LOG 14:12:45.148] PartLoader: Part 'SquadExpansion/MakingHistory/Parts/FuelTank/Size1p5_Size2_Adapter_01/Size1p5_Size2_Adapter_01' has no database record. Creating.
[LOG 14:12:45.148] [DragCubeSystem]: Drag cubes not found or cannot be read for part Part. Generating New drag cubes.
[LOG 14:12:45.148] [KSPCF/DragCubeGeneration] Creating drag cubes for part 'Size1p5.Size2.Adapter.01'
[LOG 14:12:45.154] PartLoader: Compiling Part 'SquadExpansion/MakingHistory/Parts/FuelTank/Size1p5_Tank_01/Size1p5_Tank_01'
[LOG 14:12:45.157] PartLoader: Part 'SquadExpansion/MakingHistory/Parts/FuelTank/Size1p5_Tank_01/Size1p5_Tank_01' has no database record. Creating.
[LOG 14:12:45.157] [DragCubeSystem]: Drag cubes not found or cannot be read for part Part. Generating New drag cubes.
[LOG 14:12:45.157] [KSPCF/DragCubeGeneration] Creating drag cubes for part 'Size1p5.Tank.01'
[LOG 14:12:45.163] PartLoader: Compiling Part 'SquadExpansion/MakingHistory/Parts/FuelTank/Size1p5_Tank_02/Size1p5_Tank_02'
[LOG 14:12:45.166] PartLoader: Part 'SquadExpansion/MakingHistory/Parts/FuelTank/Size1p5_Tank_02/Size1p5_Tank_02' has no database record. Creating.
[LOG 14:12:45.166] [DragCubeSystem]: Drag cubes not found or cannot be read for part Part. Generating New drag cubes.
[LOG 14:12:45.166] [KSPCF/DragCubeGeneration] Creating drag cubes for part 'Size1p5.Tank.02'
[LOG 14:12:45.172] PartLoader: Compiling Part 'SquadExpansion/MakingHistory/Parts/FuelTank/Size1p5_Tank_03/Size1p5_Tank_03'
[LOG 14:12:45.176] PartLoader: Part 'SquadExpansion/MakingHistory/Parts/FuelTank/Size1p5_Tank_03/Size1p5_Tank_03' has no database record. Creating.
[LOG 14:12:45.176] [DragCubeSystem]: Drag cubes not found or cannot be read for part Part. Generating New drag cubes.
[LOG 14:12:45.176] [KSPCF/DragCubeGeneration] Creating drag cubes for part 'Size1p5.Tank.03'
[LOG 14:12:45.182] PartLoader: Compiling Part 'SquadExpansion/MakingHistory/Parts/FuelTank/Size1p5_Tank_04/Size1p5_Tank_04'
[LOG 14:12:45.186] PartLoader: Part 'SquadExpansion/MakingHistory/Parts/FuelTank/Size1p5_Tank_04/Size1p5_Tank_04' has no database record. Creating.
[LOG 14:12:45.187] [DragCubeSystem]: Drag cubes not found or cannot be read for part Part. Generating New drag cubes.
[LOG 14:12:45.187] [KSPCF/DragCubeGeneration] Creating drag cubes for part 'Size1p5.Tank.04'
[LOG 14:12:45.193] PartLoader: Compiling Part 'SquadExpansion/MakingHistory/Parts/FuelTank/Size1p5_Tank_05/Size1p5_Tank_05'
[LOG 14:12:45.197] PartLoader: Part 'SquadExpansion/MakingHistory/Parts/FuelTank/Size1p5_Tank_05/Size1p5_Tank_05' has no database record. Creating.
[LOG 14:12:45.197] [DragCubeSystem]: Drag cubes not found or cannot be read for part Part. Generating New drag cubes.
[LOG 14:12:45.197] [KSPCF/DragCubeGeneration] Creating drag cubes for part 'Size1p5.Tank.05'
[LOG 14:12:45.203] PartLoader: Compiling Part 'SquadExpansion/MakingHistory/Parts/FuelTank/Size3_Size4_Adapter_01/Size3_Size4_Adapter_01'
[LOG 14:12:45.206] PartLoader: Part 'SquadExpansion/MakingHistory/Parts/FuelTank/Size3_Size4_Adapter_01/Size3_Size4_Adapter_01' has no database record. Creating.
[LOG 14:12:45.206] [DragCubeSystem]: Drag cubes not found or cannot be read for part Part. Generating New drag cubes.
[LOG 14:12:45.206] [KSPCF/DragCubeGeneration] Creating drag cubes for part 'Size3.Size4.Adapter.01'
[LOG 14:12:45.213] PartLoader: Compiling Part 'SquadExpansion/MakingHistory/Parts/FuelTank/Size4_EngineAdapter_01/Size4_EngineAdapter_01'
[LOG 14:12:45.215] PartLoader: Part 'SquadExpansion/MakingHistory/Parts/FuelTank/Size4_EngineAdapter_01/Size4_EngineAdapter_01' has no database record. Creating.
[LOG 14:12:45.215] [DragCubeSystem]: Drag cubes not found or cannot be read for part Part. Generating New drag cubes.
[LOG 14:12:45.215] [KSPCF/DragCubeGeneration] Creating drag cubes for part 'Size4.EngineAdapter.01'
[LOG 14:12:45.221] PartLoader: Compiling Part 'SquadExpansion/MakingHistory/Parts/FuelTank/Size4_Tank_01/Size4_Tank_01'
[LOG 14:12:45.224] PartLoader: Part 'SquadExpansion/MakingHistory/Parts/FuelTank/Size4_Tank_01/Size4_Tank_01' has no database record. Creating.
[LOG 14:12:45.224] [DragCubeSystem]: Drag cubes not found or cannot be read for part Part. Generating New drag cubes.
[LOG 14:12:45.224] [KSPCF/DragCubeGeneration] Creating drag cubes for part 'Size4.Tank.01'
[LOG 14:12:45.229] PartLoader: Compiling Part 'SquadExpansion/MakingHistory/Parts/FuelTank/Size4_Tank_02/Size4_Tank_02'
[LOG 14:12:45.231] PartLoader: Part 'SquadExpansion/MakingHistory/Parts/FuelTank/Size4_Tank_02/Size4_Tank_02' has no database record. Creating.
[LOG 14:12:45.231] [DragCubeSystem]: Drag cubes not found or cannot be read for part Part. Generating New drag cubes.
[LOG 14:12:45.231] [KSPCF/DragCubeGeneration] Creating drag cubes for part 'Size4.Tank.02'
[LOG 14:12:45.238] PartLoader: Compiling Part 'SquadExpansion/MakingHistory/Parts/FuelTank/Size4_Tank_03/Size4_Tank_03'
[LOG 14:12:45.240] PartLoader: Part 'SquadExpansion/MakingHistory/Parts/FuelTank/Size4_Tank_03/Size4_Tank_03' has no database record. Creating.
[LOG 14:12:45.240] [DragCubeSystem]: Drag cubes not found or cannot be read for part Part. Generating New drag cubes.
[LOG 14:12:45.240] [KSPCF/DragCubeGeneration] Creating drag cubes for part 'Size4.Tank.03'
[LOG 14:12:45.247] PartLoader: Compiling Part 'SquadExpansion/MakingHistory/Parts/FuelTank/Size4_Tank_04/Size4_Tank_04'
[LOG 14:12:45.249] PartLoader: Part 'SquadExpansion/MakingHistory/Parts/FuelTank/Size4_Tank_04/Size4_Tank_04' has no database record. Creating.
[LOG 14:12:45.249] [DragCubeSystem]: Drag cubes not found or cannot be read for part Part. Generating New drag cubes.
[LOG 14:12:45.249] [KSPCF/DragCubeGeneration] Creating drag cubes for part 'Size4.Tank.04'
[LOG 14:12:45.254] PartLoader: Compiling Part 'SquadExpansion/MakingHistory/Parts/Ground/RoverWheel/roverWheelM1-F'
[LOG 14:12:45.263] PartLoader: Part 'SquadExpansion/MakingHistory/Parts/Ground/RoverWheel/roverWheelM1-F' has no database record. Creating.
[LOG 14:12:45.263] [DragCubeSystem]: Drag cubes not found or cannot be read for part Part. Generating New drag cubes.
[LOG 14:12:45.263] [KSPCF/DragCubeGeneration] Creating drag cubes for part 'roverWheelM1-F'
[LOG 14:12:45.280] PartLoader: Compiling Part 'SquadExpansion/MakingHistory/Parts/Payload/fairingSize1p5/fairingSize1p5'
[LOG 14:12:45.290] PartLoader: Part 'SquadExpansion/MakingHistory/Parts/Payload/fairingSize1p5/fairingSize1p5' has no database record. Creating.
[LOG 14:12:45.290] [DragCubeSystem]: Drag cubes not found or cannot be read for part Part. Generating New drag cubes.
[LOG 14:12:45.290] [KSPCF/DragCubeGeneration] Creating drag cubes for part 'fairingSize1p5'
[LOG 14:12:45.296] PartLoader: Compiling Part 'SquadExpansion/MakingHistory/Parts/Payload/fairingSize4/fairingSize4'
[LOG 14:12:45.306] PartLoader: Part 'SquadExpansion/MakingHistory/Parts/Payload/fairingSize4/fairingSize4' has no database record. Creating.
[LOG 14:12:45.306] [DragCubeSystem]: Drag cubes not found or cannot be read for part Part. Generating New drag cubes.
[LOG 14:12:45.307] [KSPCF/DragCubeGeneration] Creating drag cubes for part 'fairingSize4'
[LOG 14:12:45.312] PartLoader: Compiling Part 'SquadExpansion/MakingHistory/Parts/Payload/Size1to0ServiceModule/Size1to0ServiceModule'
[LOG 14:12:45.320] PartLoader: Part 'SquadExpansion/MakingHistory/Parts/Payload/Size1to0ServiceModule/Size1to0ServiceModule' has no database record. Creating.
[LOG 14:12:45.321] [DragCubeSystem]: Drag cubes not found or cannot be read for part Part. Generating New drag cubes.
[LOG 14:12:45.321] [KSPCF/DragCubeGeneration] Part 'Size1to0ServiceModule' has defined a procedural drag cube setup
[LOG 14:12:45.321] PartLoader: Compiling Part 'SquadExpansion/MakingHistory/Parts/Payload/SM18/ServiceModule18'
[LOG 14:12:45.327] PartLoader: Part 'SquadExpansion/MakingHistory/Parts/Payload/SM18/ServiceModule18' has no database record. Creating.
[LOG 14:12:45.327] [DragCubeSystem]: Drag cubes not found or cannot be read for part Part. Generating New drag cubes.
[LOG 14:12:45.327] [KSPCF/DragCubeGeneration] Part 'ServiceModule18' has defined a procedural drag cube setup
[LOG 14:12:45.327] PartLoader: Compiling Part 'SquadExpansion/MakingHistory/Parts/Payload/SM25/ServiceModule25'
[LOG 14:12:45.333] PartLoader: Part 'SquadExpansion/MakingHistory/Parts/Payload/SM25/ServiceModule25' has no database record. Creating.
[LOG 14:12:45.333] [DragCubeSystem]: Drag cubes not found or cannot be read for part Part. Generating New drag cubes.
[LOG 14:12:45.333] [KSPCF/DragCubeGeneration] Part 'ServiceModule25' has defined a procedural drag cube setup
[LOG 14:12:45.333] PartLoader: Compiling Part 'SquadExpansion/MakingHistory/Parts/Pods/KV1Pod/kv1Pod'
[WRN 14:12:45.337] [Part]: Cannot have ModuleCargoPart and ModuleInventoryPart on same Part [kv1Pod'. Removed ModuleCargoPart
[LOG 14:12:45.340] PartLoader: Part 'SquadExpansion/MakingHistory/Parts/Pods/KV1Pod/kv1Pod' has no database record. Creating.
[LOG 14:12:45.342] PartLoader: Compiling Part 'SquadExpansion/MakingHistory/Parts/Pods/KV2Pod/kv2Pod'
[WRN 14:12:45.346] [Part]: Cannot have ModuleCargoPart and ModuleInventoryPart on same Part [kv2Pod'. Removed ModuleCargoPart
[LOG 14:12:45.349] PartLoader: Part 'SquadExpansion/MakingHistory/Parts/Pods/KV2Pod/kv2Pod' has no database record. Creating.
[LOG 14:12:45.351] PartLoader: Compiling Part 'SquadExpansion/MakingHistory/Parts/Pods/KV3Pod/kv3Pod'
[WRN 14:12:45.355] [Part]: Cannot have ModuleCargoPart and ModuleInventoryPart on same Part [kv3Pod'. Removed ModuleCargoPart
[LOG 14:12:45.358] PartLoader: Part 'SquadExpansion/MakingHistory/Parts/Pods/KV3Pod/kv3Pod' has no database record. Creating.
[LOG 14:12:45.360] PartLoader: Compiling Part 'SquadExpansion/MakingHistory/Parts/Pods/Mk2Pod/Mk2Pod'
[WRN 14:12:45.363] [Part]: Cannot have ModuleCargoPart and ModuleInventoryPart on same Part [Mk2Pod'. Removed ModuleCargoPart
[LOG 14:12:45.367] PartLoader: Part 'SquadExpansion/MakingHistory/Parts/Pods/Mk2Pod/Mk2Pod' has no database record. Creating.
[LOG 14:12:45.367] [DragCubeSystem]: Drag cubes not found or cannot be read for part Part. Generating New drag cubes.
[LOG 14:12:45.367] [KSPCF/DragCubeGeneration] Creating drag cubes for part 'Mk2Pod'
[LOG 14:12:45.374] PartLoader: Compiling Part 'SquadExpansion/MakingHistory/Parts/Pods/Size1_5_Lander/MEMLander'
[WRN 14:12:45.379] [Part]: Cannot add ModuleCargoPart as this Part 'MEMLander' already has a ModuleInventoryPart PartModule and they are mutually exclusive.
[LOG 14:12:45.383] PartLoader: Part 'SquadExpansion/MakingHistory/Parts/Pods/Size1_5_Lander/MEMLander' has no database record. Creating.
[LOG 14:12:45.383] [DragCubeSystem]: Drag cubes not found or cannot be read for part Part. Generating New drag cubes.
[LOG 14:12:45.383] [KSPCF/DragCubeGeneration] Creating drag cubes for part 'MEMLander'
[LOG 14:12:45.390] PartLoader: Compiling Part 'SquadExpansion/MakingHistory/Parts/Prebuilt/kerbalEVAfemaleVintage/kerbalEVAfemaleVintage'
[LOG 14:12:45.397] PartLoader: Compiling Part 'SquadExpansion/MakingHistory/Parts/Prebuilt/kerbalEVAVintage/kerbalEVAVintage'
[LOG 14:12:45.402] PartLoader: Compiling Part 'SquadExpansion/MakingHistory/Parts/Structural/EquiTriangle0/EquiTriangle0'
[LOG 14:12:45.408] PartLoader: Part 'SquadExpansion/MakingHistory/Parts/Structural/EquiTriangle0/EquiTriangle0' has no database record. Creating.
[LOG 14:12:45.408] [DragCubeSystem]: Drag cubes not found or cannot be read for part Part. Generating New drag cubes.
[LOG 14:12:45.408] [KSPCF/DragCubeGeneration] Creating drag cubes for part 'EquiTriangle0'
[LOG 14:12:45.414] PartLoader: Compiling Part 'SquadExpansion/MakingHistory/Parts/Structural/EquiTriangle1/EquiTriangle1'
[LOG 14:12:45.418] PartLoader: Part 'SquadExpansion/MakingHistory/Parts/Structural/EquiTriangle1/EquiTriangle1' has no database record. Creating.
[LOG 14:12:45.418] [DragCubeSystem]: Drag cubes not found or cannot be read for part Part. Generating New drag cubes.
[LOG 14:12:45.418] [KSPCF/DragCubeGeneration] Creating drag cubes for part 'EquiTriangle1'
[LOG 14:12:45.423] PartLoader: Compiling Part 'SquadExpansion/MakingHistory/Parts/Structural/EquiTriangle1p5/EquiTriangle1p5'
[LOG 14:12:45.427] PartLoader: Part 'SquadExpansion/MakingHistory/Parts/Structural/EquiTriangle1p5/EquiTriangle1p5' has no database record. Creating.
[LOG 14:12:45.427] [DragCubeSystem]: Drag cubes not found or cannot be read for part Part. Generating New drag cubes.
[LOG 14:12:45.427] [KSPCF/DragCubeGeneration] Creating drag cubes for part 'EquiTriangle1p5'
[LOG 14:12:45.432] PartLoader: Compiling Part 'SquadExpansion/MakingHistory/Parts/Structural/EquiTriangle2/EquiTriangle2'
[LOG 14:12:45.436] PartLoader: Part 'SquadExpansion/MakingHistory/Parts/Structural/EquiTriangle2/EquiTriangle2' has no database record. Creating.
[LOG 14:12:45.436] [DragCubeSystem]: Drag cubes not found or cannot be read for part Part. Generating New drag cubes.
[LOG 14:12:45.436] [KSPCF/DragCubeGeneration] Creating drag cubes for part 'EquiTriangle2'
[LOG 14:12:45.442] PartLoader: Compiling Part 'SquadExpansion/MakingHistory/Parts/Structural/Panel0/Panel0'
[LOG 14:12:45.445] PartLoader: Part 'SquadExpansion/MakingHistory/Parts/Structural/Panel0/Panel0' has no database record. Creating.
[LOG 14:12:45.445] [DragCubeSystem]: Drag cubes not found or cannot be read for part Part. Generating New drag cubes.
[LOG 14:12:45.445] [KSPCF/DragCubeGeneration] Creating drag cubes for part 'Panel0'
[LOG 14:12:45.451] PartLoader: Compiling Part 'SquadExpansion/MakingHistory/Parts/Structural/Panel1/Panel1'
[LOG 14:12:45.455] PartLoader: Part 'SquadExpansion/MakingHistory/Parts/Structural/Panel1/Panel1' has no database record. Creating.
[LOG 14:12:45.455] [DragCubeSystem]: Drag cubes not found or cannot be read for part Part. Generating New drag cubes.
[LOG 14:12:45.455] [KSPCF/DragCubeGeneration] Creating drag cubes for part 'Panel1'
[LOG 14:12:45.460] PartLoader: Compiling Part 'SquadExpansion/MakingHistory/Parts/Structural/Panel1p5/Panel1p5'
[LOG 14:12:45.464] PartLoader: Part 'SquadExpansion/MakingHistory/Parts/Structural/Panel1p5/Panel1p5' has no database record. Creating.
[LOG 14:12:45.464] [DragCubeSystem]: Drag cubes not found or cannot be read for part Part. Generating New drag cubes.
[LOG 14:12:45.464] [KSPCF/DragCubeGeneration] Creating drag cubes for part 'Panel1p5'
[LOG 14:12:45.469] PartLoader: Compiling Part 'SquadExpansion/MakingHistory/Parts/Structural/Panel2/Panel2'
[LOG 14:12:45.473] PartLoader: Part 'SquadExpansion/MakingHistory/Parts/Structural/Panel2/Panel2' has no database record. Creating.
[LOG 14:12:45.473] [DragCubeSystem]: Drag cubes not found or cannot be read for part Part. Generating New drag cubes.
[LOG 14:12:45.473] [KSPCF/DragCubeGeneration] Creating drag cubes for part 'Panel2'
[LOG 14:12:45.479] PartLoader: Compiling Part 'SquadExpansion/MakingHistory/Parts/Structural/Triangle0/Triangle0'
[LOG 14:12:45.483] PartLoader: Part 'SquadExpansion/MakingHistory/Parts/Structural/Triangle0/Triangle0' has no database record. Creating.
[LOG 14:12:45.483] [DragCubeSystem]: Drag cubes not found or cannot be read for part Part. Generating New drag cubes.
[LOG 14:12:45.483] [KSPCF/DragCubeGeneration] Creating drag cubes for part 'Triangle0'
[LOG 14:12:45.489] PartLoader: Compiling Part 'SquadExpansion/MakingHistory/Parts/Structural/Triangle1/Triangle1'
[LOG 14:12:45.492] PartLoader: Part 'SquadExpansion/MakingHistory/Parts/Structural/Triangle1/Triangle1' has no database record. Creating.
[LOG 14:12:45.492] [DragCubeSystem]: Drag cubes not found or cannot be read for part Part. Generating New drag cubes.
[LOG 14:12:45.492] [KSPCF/DragCubeGeneration] Creating drag cubes for part 'Triangle1'
[LOG 14:12:45.498] PartLoader: Compiling Part 'SquadExpansion/MakingHistory/Parts/Structural/Triangle1p5/Triangle1p5'
[LOG 14:12:45.501] PartLoader: Part 'SquadExpansion/MakingHistory/Parts/Structural/Triangle1p5/Triangle1p5' has no database record. Creating.
[LOG 14:12:45.501] [DragCubeSystem]: Drag cubes not found or cannot be read for part Part. Generating New drag cubes.
[LOG 14:12:45.501] [KSPCF/DragCubeGeneration] Creating drag cubes for part 'Triangle1p5'
[LOG 14:12:45.507] PartLoader: Compiling Part 'SquadExpansion/MakingHistory/Parts/Structural/Triangle2/Triangle2'
[LOG 14:12:45.510] PartLoader: Part 'SquadExpansion/MakingHistory/Parts/Structural/Triangle2/Triangle2' has no database record. Creating.
[LOG 14:12:45.510] [DragCubeSystem]: Drag cubes not found or cannot be read for part Part. Generating New drag cubes.
[LOG 14:12:45.510] [KSPCF/DragCubeGeneration] Creating drag cubes for part 'Triangle2'
[LOG 14:12:45.516] PartLoader: Compiling Part 'SquadExpansion/MakingHistory/Parts/Structural/Tube1/Tube1'
[LOG 14:12:45.522] PartLoader: Part 'SquadExpansion/MakingHistory/Parts/Structural/Tube1/Tube1' has no database record. Creating.
[LOG 14:12:45.523] PartLoader: Compiling Part 'SquadExpansion/MakingHistory/Parts/Structural/Tube1p5/Tube1p5'
[LOG 14:12:45.527] PartLoader: Part 'SquadExpansion/MakingHistory/Parts/Structural/Tube1p5/Tube1p5' has no database record. Creating.
[LOG 14:12:45.527] PartLoader: Compiling Part 'SquadExpansion/MakingHistory/Parts/Structural/Tube2/Tube2'
[LOG 14:12:45.532] PartLoader: Part 'SquadExpansion/MakingHistory/Parts/Structural/Tube2/Tube2' has no database record. Creating.
[LOG 14:12:45.532] PartLoader: Compiling Part 'SquadExpansion/MakingHistory/Parts/Structural/Tube3/Tube3'
[LOG 14:12:45.538] PartLoader: Part 'SquadExpansion/MakingHistory/Parts/Structural/Tube3/Tube3' has no database record. Creating.
[LOG 14:12:45.538] PartLoader: Compiling Part 'SquadExpansion/MakingHistory/Parts/Structural/Tube4/Tube4'
[LOG 14:12:45.543] PartLoader: Part 'SquadExpansion/MakingHistory/Parts/Structural/Tube4/Tube4' has no database record. Creating.
[LOG 14:12:45.543] PartLoader: Compiling Part 'SquadExpansion/MakingHistory/Parts/Thermal/HeatShield1p5/HeatShield1p5'
[LOG 14:12:45.553] PartLoader: Part 'SquadExpansion/MakingHistory/Parts/Thermal/HeatShield1p5/HeatShield1p5' has no database record. Creating.
[LOG 14:12:45.553] [DragCubeSystem]: Drag cubes not found or cannot be read for part Part. Generating New drag cubes.
[LOG 14:12:45.553] [KSPCF/DragCubeGeneration] Creating drag cubes for part 'HeatShield1p5'
[LOG 14:12:45.571] PartLoader: Compiling Part 'SquadExpansion/MakingHistory/Parts/Utility/flags/flagSize1p5/flagSize1p5/flagPartSize1p5'
[LOG 14:12:45.576] PartLoader: Part 'SquadExpansion/MakingHistory/Parts/Utility/flags/flagSize1p5/flagSize1p5/flagPartSize1p5' has no database record. Creating.
[LOG 14:12:45.576] [DragCubeSystem]: Drag cubes not found or cannot be read for part Part. Generating New drag cubes.
[LOG 14:12:45.576] [KSPCF/DragCubeGeneration] Creating drag cubes for part 'flagPartSize1p5'
[LOG 14:12:45.582] PartLoader: Compiling Part 'SquadExpansion/MakingHistory/Parts/Utility/flags/flagSize4/flagSize4/flagPartSize4'
[LOG 14:12:45.586] PartLoader: Part 'SquadExpansion/MakingHistory/Parts/Utility/flags/flagSize4/flagSize4/flagPartSize4' has no database record. Creating.
[LOG 14:12:45.586] [DragCubeSystem]: Drag cubes not found or cannot be read for part Part. Generating New drag cubes.
[LOG 14:12:45.587] [KSPCF/DragCubeGeneration] Creating drag cubes for part 'flagPartSize4'
[LOG 14:12:45.591] PartLoader: Compiling Part 'SquadExpansion/Serenity/Parts/Aero/FanShroud_01/FanShroud_01'
[LOG 14:12:45.594] PartLoader: Part 'SquadExpansion/Serenity/Parts/Aero/FanShroud_01/FanShroud_01' has no database record. Creating.
[LOG 14:12:45.594] [DragCubeSystem]: Drag cubes not found or cannot be read for part Part. Generating New drag cubes.
[LOG 14:12:45.594] [KSPCF/DragCubeGeneration] Creating drag cubes for part 'FanShroud.01'
[LOG 14:12:45.602] PartLoader: Compiling Part 'SquadExpansion/Serenity/Parts/Aero/FanShroud_02/FanShroud_02'
[LOG 14:12:45.605] PartLoader: Part 'SquadExpansion/Serenity/Parts/Aero/FanShroud_02/FanShroud_02' has no database record. Creating.
[LOG 14:12:45.605] [DragCubeSystem]: Drag cubes not found or cannot be read for part Part. Generating New drag cubes.
[LOG 14:12:45.605] [KSPCF/DragCubeGeneration] Creating drag cubes for part 'FanShroud.02'
[LOG 14:12:45.610] PartLoader: Compiling Part 'SquadExpansion/Serenity/Parts/Aero/FanShroud_03/FanShroud_03'
[LOG 14:12:45.614] PartLoader: Part 'SquadExpansion/Serenity/Parts/Aero/FanShroud_03/FanShroud_03' has no database record. Creating.
[LOG 14:12:45.614] [DragCubeSystem]: Drag cubes not found or cannot be read for part Part. Generating New drag cubes.
[LOG 14:12:45.614] [KSPCF/DragCubeGeneration] Creating drag cubes for part 'FanShroud.03'
[LOG 14:12:45.619] PartLoader: Compiling Part 'SquadExpansion/Serenity/Parts/Aero/noseconeTiny/noseconeTiny'
[LOG 14:12:45.622] PartLoader: Part 'SquadExpansion/Serenity/Parts/Aero/noseconeTiny/noseconeTiny' has no database record. Creating.
[LOG 14:12:45.622] [DragCubeSystem]: Drag cubes not found or cannot be read for part Part. Generating New drag cubes.
[LOG 14:12:45.622] [KSPCF/DragCubeGeneration] Creating drag cubes for part 'noseconeTiny'
[LOG 14:12:45.628] PartLoader: Compiling Part 'SquadExpansion/Serenity/Parts/Aero/noseconeVS/noseconeVS'
[LOG 14:12:45.631] PartLoader: Part 'SquadExpansion/Serenity/Parts/Aero/noseconeVS/noseconeVS' has no database record. Creating.
[LOG 14:12:45.631] [DragCubeSystem]: Drag cubes not found or cannot be read for part Part. Generating New drag cubes.
[LOG 14:12:45.631] [KSPCF/DragCubeGeneration] Creating drag cubes for part 'noseconeVS'
[LOG 14:12:45.637] PartLoader: Compiling Part 'SquadExpansion/Serenity/Parts/DeployedScience/centralStation/DeployedCentralStation'
[LOG 14:12:45.647] PartLoader: Part 'SquadExpansion/Serenity/Parts/DeployedScience/centralStation/DeployedCentralStation' has no database record. Creating.
[LOG 14:12:45.647] [DragCubeSystem]: Drag cubes not found or cannot be read for part Part. Generating New drag cubes.
[LOG 14:12:45.647] [KSPCF/DragCubeGeneration] Creating drag cubes for part 'DeployedCentralStation'
[LOG 14:12:45.678] PartLoader: Compiling Part 'SquadExpansion/Serenity/Parts/DeployedScience/gooObservation/DeployedGoExOb'
[LOG 14:12:45.688] PartLoader: Part 'SquadExpansion/Serenity/Parts/DeployedScience/gooObservation/DeployedGoExOb' has no database record. Creating.
[LOG 14:12:45.688] [DragCubeSystem]: Drag cubes not found or cannot be read for part Part. Generating New drag cubes.
[LOG 14:12:45.688] [KSPCF/DragCubeGeneration] Creating drag cubes for part 'DeployedGoExOb'
[LOG 14:12:45.720] PartLoader: Compiling Part 'SquadExpansion/Serenity/Parts/DeployedScience/ionCollector/DeployedIONExp'
[LOG 14:12:45.724] PartLoader: Part 'SquadExpansion/Serenity/Parts/DeployedScience/ionCollector/DeployedIONExp' has no database record. Creating.
[LOG 14:12:45.724] [DragCubeSystem]: Drag cubes not found or cannot be read for part Part. Generating New drag cubes.
[LOG 14:12:45.724] [KSPCF/DragCubeGeneration] Creating drag cubes for part 'DeployedIONExp'
[LOG 14:12:45.739] PartLoader: Compiling Part 'SquadExpansion/Serenity/Parts/DeployedScience/rtg/DeployedRTG'
[LOG 14:12:45.747] PartLoader: Part 'SquadExpansion/Serenity/Parts/DeployedScience/rtg/DeployedRTG' has no database record. Creating.
[LOG 14:12:45.747] [DragCubeSystem]: Drag cubes not found or cannot be read for part Part. Generating New drag cubes.
[LOG 14:12:45.747] [KSPCF/DragCubeGeneration] Creating drag cubes for part 'DeployedRTG'
[LOG 14:12:45.766] PartLoader: Compiling Part 'SquadExpansion/Serenity/Parts/DeployedScience/satDish/DeployedSatDish'
[LOG 14:12:45.779] PartLoader: Part 'SquadExpansion/Serenity/Parts/DeployedScience/satDish/DeployedSatDish' has no database record. Creating.
[LOG 14:12:45.780] [DragCubeSystem]: Drag cubes not found or cannot be read for part Part. Generating New drag cubes.
[LOG 14:12:45.780] [KSPCF/DragCubeGeneration] Creating drag cubes for part 'DeployedSatDish'
[LOG 14:12:45.798] PartLoader: Compiling Part 'SquadExpansion/Serenity/Parts/DeployedScience/seismicSensor/DeployedSeismicSensor'
[LOG 14:12:45.803] PartLoader: Part 'SquadExpansion/Serenity/Parts/DeployedScience/seismicSensor/DeployedSeismicSensor' has no database record. Creating.
[LOG 14:12:45.803] [DragCubeSystem]: Drag cubes not found or cannot be read for part Part. Generating New drag cubes.
[LOG 14:12:45.803] [KSPCF/DragCubeGeneration] Creating drag cubes for part 'DeployedSeismicSensor'
[LOG 14:12:45.821] PartLoader: Compiling Part 'SquadExpansion/Serenity/Parts/DeployedScience/solarPanel/DeployedSolarPanel'
[LOG 14:12:45.826] PartLoader: Part 'SquadExpansion/Serenity/Parts/DeployedScience/solarPanel/DeployedSolarPanel' has no database record. Creating.
[LOG 14:12:45.826] [DragCubeSystem]: Drag cubes not found or cannot be read for part Part. Generating New drag cubes.
[LOG 14:12:45.826] [KSPCF/DragCubeGeneration] Creating drag cubes for part 'DeployedSolarPanel'
[LOG 14:12:45.843] PartLoader: Compiling Part 'SquadExpansion/Serenity/Parts/DeployedScience/weatherStation/DeployedWeatherStn'
[LOG 14:12:45.850] PartLoader: Part 'SquadExpansion/Serenity/Parts/DeployedScience/weatherStation/DeployedWeatherStn' has no database record. Creating.
[LOG 14:12:45.850] [DragCubeSystem]: Drag cubes not found or cannot be read for part Part. Generating New drag cubes.
[LOG 14:12:45.850] [KSPCF/DragCubeGeneration] Creating drag cubes for part 'DeployedWeatherStn'
[LOG 14:12:45.879] PartLoader: Compiling Part 'SquadExpansion/Serenity/Parts/Prebuilt/kerbalEVA/kerbalEVA'
[LOG 14:12:45.881] PartLoader: Compiling Part 'SquadExpansion/Serenity/Parts/Prebuilt/kerbalEVAfemale/kerbalEVAfemale'
[LOG 14:12:45.883] PartLoader: Compiling Part 'SquadExpansion/Serenity/Parts/Prebuilt/kerbalEVAfemaleFuture/kerbalEVAfemaleFuture'
[LOG 14:12:45.889] PartLoader: Compiling Part 'SquadExpansion/Serenity/Parts/Prebuilt/kerbalEVAfemaleVintage/kerbalEVAfemaleVintage'
[LOG 14:12:45.891] PartLoader: Compiling Part 'SquadExpansion/Serenity/Parts/Prebuilt/kerbalEVAFuture/kerbalEVAFuture'
[LOG 14:12:45.897] PartLoader: Compiling Part 'SquadExpansion/Serenity/Parts/Prebuilt/kerbalEVASlimSuit/kerbalEVASlimSuit'
[LOG 14:12:45.899] PartLoader: Compiling Part 'SquadExpansion/Serenity/Parts/Prebuilt/kerbalEVASlimSuitFemale/kerbalEVASlimSuitFemale'
[LOG 14:12:45.900] PartLoader: Compiling Part 'SquadExpansion/Serenity/Parts/Prebuilt/kerbalEVAVintage/kerbalEVAVintage'
[LOG 14:12:45.902] PartLoader: Compiling Part 'SquadExpansion/Serenity/Parts/Propellers/largeFanBlade/largeFanBlade'
[LOG 14:12:45.907] PartLoader: Part 'SquadExpansion/Serenity/Parts/Propellers/largeFanBlade/largeFanBlade' has no database record. Creating.
[LOG 14:12:45.907] [DragCubeSystem]: Drag cubes not found or cannot be read for part Part. Generating New drag cubes.
[LOG 14:12:45.907] [KSPCF/DragCubeGeneration] Creating drag cubes for part 'largeFanBlade'
[LOG 14:12:45.928] PartLoader: Compiling Part 'SquadExpansion/Serenity/Parts/Propellers/largeHeliBlade/largeHeliBlade'
[LOG 14:12:45.933] PartLoader: Part 'SquadExpansion/Serenity/Parts/Propellers/largeHeliBlade/largeHeliBlade' has no database record. Creating.
[LOG 14:12:45.933] [DragCubeSystem]: Drag cubes not found or cannot be read for part Part. Generating New drag cubes.
[LOG 14:12:45.933] [KSPCF/DragCubeGeneration] Creating drag cubes for part 'largeHeliBlade'
[LOG 14:12:45.953] PartLoader: Compiling Part 'SquadExpansion/Serenity/Parts/Propellers/largePropeller/largePropeller'
[LOG 14:12:45.958] PartLoader: Part 'SquadExpansion/Serenity/Parts/Propellers/largePropeller/largePropeller' has no database record. Creating.
[LOG 14:12:45.958] [DragCubeSystem]: Drag cubes not found or cannot be read for part Part. Generating New drag cubes.
[LOG 14:12:45.958] [KSPCF/DragCubeGeneration] Creating drag cubes for part 'largePropeller'
[LOG 14:12:45.979] PartLoader: Compiling Part 'SquadExpansion/Serenity/Parts/Propellers/mediumFanBlade/mediumFanBlade'
[LOG 14:12:45.983] PartLoader: Part 'SquadExpansion/Serenity/Parts/Propellers/mediumFanBlade/mediumFanBlade' has no database record. Creating.
[LOG 14:12:45.983] [DragCubeSystem]: Drag cubes not found or cannot be read for part Part. Generating New drag cubes.
[LOG 14:12:45.983] [KSPCF/DragCubeGeneration] Creating drag cubes for part 'mediumFanBlade'
[LOG 14:12:46.003] PartLoader: Compiling Part 'SquadExpansion/Serenity/Parts/Propellers/mediumHeliBlade/mediumHeliBlade'
[LOG 14:12:46.008] PartLoader: Part 'SquadExpansion/Serenity/Parts/Propellers/mediumHeliBlade/mediumHeliBlade' has no database record. Creating.
[LOG 14:12:46.008] [DragCubeSystem]: Drag cubes not found or cannot be read for part Part. Generating New drag cubes.
[LOG 14:12:46.008] [KSPCF/DragCubeGeneration] Creating drag cubes for part 'mediumHeliBlade'
[LOG 14:12:46.029] PartLoader: Compiling Part 'SquadExpansion/Serenity/Parts/Propellers/mediumPropeller/mediumPropeller'
[LOG 14:12:46.034] PartLoader: Part 'SquadExpansion/Serenity/Parts/Propellers/mediumPropeller/mediumPropeller' has no database record. Creating.
[LOG 14:12:46.034] [DragCubeSystem]: Drag cubes not found or cannot be read for part Part. Generating New drag cubes.
[LOG 14:12:46.034] [KSPCF/DragCubeGeneration] Creating drag cubes for part 'mediumPropeller'
[LOG 14:12:46.056] PartLoader: Compiling Part 'SquadExpansion/Serenity/Parts/Propellers/smallFanBlade/smallFanBlade'
[LOG 14:12:46.061] PartLoader: Part 'SquadExpansion/Serenity/Parts/Propellers/smallFanBlade/smallFanBlade' has no database record. Creating.
[LOG 14:12:46.061] [DragCubeSystem]: Drag cubes not found or cannot be read for part Part. Generating New drag cubes.
[LOG 14:12:46.061] [KSPCF/DragCubeGeneration] Creating drag cubes for part 'smallFanBlade'
[LOG 14:12:46.083] PartLoader: Compiling Part 'SquadExpansion/Serenity/Parts/Propellers/smallHeliBlade/smallHeliBlade'
[LOG 14:12:46.088] PartLoader: Part 'SquadExpansion/Serenity/Parts/Propellers/smallHeliBlade/smallHeliBlade' has no database record. Creating.
[LOG 14:12:46.089] [DragCubeSystem]: Drag cubes not found or cannot be read for part Part. Generating New drag cubes.
[LOG 14:12:46.089] [KSPCF/DragCubeGeneration] Creating drag cubes for part 'smallHeliBlade'
[LOG 14:12:46.110] PartLoader: Compiling Part 'SquadExpansion/Serenity/Parts/Propellers/smallPropeller/smallPropeller'
[LOG 14:12:46.115] PartLoader: Part 'SquadExpansion/Serenity/Parts/Propellers/smallPropeller/smallPropeller' has no database record. Creating.
[LOG 14:12:46.115] [DragCubeSystem]: Drag cubes not found or cannot be read for part Part. Generating New drag cubes.
[LOG 14:12:46.115] [KSPCF/DragCubeGeneration] Creating drag cubes for part 'smallPropeller'
[LOG 14:12:46.138] PartLoader: Compiling Part 'SquadExpansion/Serenity/Parts/Robotics/hinge_01/hinge_01'
[LOG 14:12:46.153] PartLoader: Part 'SquadExpansion/Serenity/Parts/Robotics/hinge_01/hinge_01' has no database record. Creating.
[LOG 14:12:46.153] [DragCubeSystem]: Drag cubes not found or cannot be read for part Part. Generating New drag cubes.
[LOG 14:12:46.153] [KSPCF/DragCubeGeneration] Creating drag cubes for part 'hinge.01'
[LOG 14:12:46.160] PartLoader: Compiling Part 'SquadExpansion/Serenity/Parts/Robotics/hinge_01_s/hinge_01_s'
[LOG 14:12:46.167] PartLoader: Part 'SquadExpansion/Serenity/Parts/Robotics/hinge_01_s/hinge_01_s' has no database record. Creating.
[LOG 14:12:46.168] [DragCubeSystem]: Drag cubes not found or cannot be read for part Part. Generating New drag cubes.
[LOG 14:12:46.168] [KSPCF/DragCubeGeneration] Creating drag cubes for part 'hinge.01.s'
[LOG 14:12:46.174] PartLoader: Compiling Part 'SquadExpansion/Serenity/Parts/Robotics/hinge_03/hinge_03'
[LOG 14:12:46.181] PartLoader: Part 'SquadExpansion/Serenity/Parts/Robotics/hinge_03/hinge_03' has no database record. Creating.
[LOG 14:12:46.181] PartLoader: Compiling Part 'SquadExpansion/Serenity/Parts/Robotics/hinge_03_s/hinge_03_s'
[LOG 14:12:46.187] PartLoader: Part 'SquadExpansion/Serenity/Parts/Robotics/hinge_03_s/hinge_03_s' has no database record. Creating.
[LOG 14:12:46.187] PartLoader: Compiling Part 'SquadExpansion/Serenity/Parts/Robotics/hinge_04/hinge_04'
[LOG 14:12:46.194] PartLoader: Part 'SquadExpansion/Serenity/Parts/Robotics/hinge_04/hinge_04' has no database record. Creating.
[LOG 14:12:46.194] PartLoader: Compiling Part 'SquadExpansion/Serenity/Parts/Robotics/piston_01/piston_01'
[LOG 14:12:46.205] PartLoader: Part 'SquadExpansion/Serenity/Parts/Robotics/piston_01/piston_01' has no database record. Creating.
[LOG 14:12:46.207] PartLoader: Compiling Part 'SquadExpansion/Serenity/Parts/Robotics/piston_02/piston_02'
[LOG 14:12:46.215] PartLoader: Part 'SquadExpansion/Serenity/Parts/Robotics/piston_02/piston_02' has no database record. Creating.
[LOG 14:12:46.216] PartLoader: Compiling Part 'SquadExpansion/Serenity/Parts/Robotics/piston_03/piston_03'
[LOG 14:12:46.221] PartLoader: Part 'SquadExpansion/Serenity/Parts/Robotics/piston_03/piston_03' has no database record. Creating.
[LOG 14:12:46.222] PartLoader: Compiling Part 'SquadExpansion/Serenity/Parts/Robotics/piston_04/piston_04'
[LOG 14:12:46.228] PartLoader: Part 'SquadExpansion/Serenity/Parts/Robotics/piston_04/piston_04' has no database record. Creating.
[LOG 14:12:46.228] PartLoader: Compiling Part 'SquadExpansion/Serenity/Parts/Robotics/RotorEngine_02/RotorEngine_02'
[LOG 14:12:46.239] PartLoader: Part 'SquadExpansion/Serenity/Parts/Robotics/RotorEngine_02/RotorEngine_02' has no database record. Creating.
[LOG 14:12:46.239] [DragCubeSystem]: Drag cubes not found or cannot be read for part Part. Generating New drag cubes.
[LOG 14:12:46.239] [KSPCF/DragCubeGeneration] Creating drag cubes for part 'RotorEngine.02'
[LOG 14:12:46.246] PartLoader: Compiling Part 'SquadExpansion/Serenity/Parts/Robotics/RotorEngine_03/RotorEngine_03'
[LOG 14:12:46.252] PartLoader: Part 'SquadExpansion/Serenity/Parts/Robotics/RotorEngine_03/RotorEngine_03' has no database record. Creating.
[LOG 14:12:46.252] [DragCubeSystem]: Drag cubes not found or cannot be read for part Part. Generating New drag cubes.
[LOG 14:12:46.252] [KSPCF/DragCubeGeneration] Creating drag cubes for part 'RotorEngine.03'
[LOG 14:12:46.258] PartLoader: Compiling Part 'SquadExpansion/Serenity/Parts/Robotics/rotor_01/rotor_01'
[LOG 14:12:46.264] PartLoader: Part 'SquadExpansion/Serenity/Parts/Robotics/rotor_01/rotor_01' has no database record. Creating.
[LOG 14:12:46.265] [DragCubeSystem]: Drag cubes not found or cannot be read for part Part. Generating New drag cubes.
[LOG 14:12:46.265] [KSPCF/DragCubeGeneration] Creating drag cubes for part 'rotor.01'
[LOG 14:12:46.271] PartLoader: Compiling Part 'SquadExpansion/Serenity/Parts/Robotics/rotor_01s/rotor_01s'
[LOG 14:12:46.277] PartLoader: Part 'SquadExpansion/Serenity/Parts/Robotics/rotor_01s/rotor_01s' has no database record. Creating.
[LOG 14:12:46.277] [DragCubeSystem]: Drag cubes not found or cannot be read for part Part. Generating New drag cubes.
[LOG 14:12:46.278] [KSPCF/DragCubeGeneration] Creating drag cubes for part 'rotor.01s'
[LOG 14:12:46.285] PartLoader: Compiling Part 'SquadExpansion/Serenity/Parts/Robotics/rotor_02/rotor_02'
[LOG 14:12:46.292] PartLoader: Part 'SquadExpansion/Serenity/Parts/Robotics/rotor_02/rotor_02' has no database record. Creating.
[LOG 14:12:46.292] [DragCubeSystem]: Drag cubes not found or cannot be read for part Part. Generating New drag cubes.
[LOG 14:12:46.292] [KSPCF/DragCubeGeneration] Creating drag cubes for part 'rotor.02'
[LOG 14:12:46.299] PartLoader: Compiling Part 'SquadExpansion/Serenity/Parts/Robotics/rotor_02s/rotor_02s'
[LOG 14:12:46.305] PartLoader: Part 'SquadExpansion/Serenity/Parts/Robotics/rotor_02s/rotor_02s' has no database record. Creating.
[LOG 14:12:46.305] [DragCubeSystem]: Drag cubes not found or cannot be read for part Part. Generating New drag cubes.
[LOG 14:12:46.305] [KSPCF/DragCubeGeneration] Creating drag cubes for part 'rotor.02s'
[LOG 14:12:46.312] PartLoader: Compiling Part 'SquadExpansion/Serenity/Parts/Robotics/rotor_03/rotor_03'
[LOG 14:12:46.318] PartLoader: Part 'SquadExpansion/Serenity/Parts/Robotics/rotor_03/rotor_03' has no database record. Creating.
[LOG 14:12:46.318] [DragCubeSystem]: Drag cubes not found or cannot be read for part Part. Generating New drag cubes.
[LOG 14:12:46.318] [KSPCF/DragCubeGeneration] Creating drag cubes for part 'rotor.03'
[LOG 14:12:46.325] PartLoader: Compiling Part 'SquadExpansion/Serenity/Parts/Robotics/rotor_03s/rotor_03s'
[LOG 14:12:46.331] PartLoader: Part 'SquadExpansion/Serenity/Parts/Robotics/rotor_03s/rotor_03s' has no database record. Creating.
[LOG 14:12:46.331] [DragCubeSystem]: Drag cubes not found or cannot be read for part Part. Generating New drag cubes.
[LOG 14:12:46.331] [KSPCF/DragCubeGeneration] Creating drag cubes for part 'rotor.03s'
[LOG 14:12:46.337] PartLoader: Compiling Part 'SquadExpansion/Serenity/Parts/Robotics/rotoServo_00/rotoServo_00'
[LOG 14:12:46.353] PartLoader: Part 'SquadExpansion/Serenity/Parts/Robotics/rotoServo_00/rotoServo_00' has no database record. Creating.
[LOG 14:12:46.353] [DragCubeSystem]: Drag cubes not found or cannot be read for part Part. Generating New drag cubes.
[LOG 14:12:46.353] [KSPCF/DragCubeGeneration] Creating drag cubes for part 'rotoServo.00'
[LOG 14:12:46.360] PartLoader: Compiling Part 'SquadExpansion/Serenity/Parts/Robotics/rotoServo_02/rotoServo_02'
[LOG 14:12:46.366] PartLoader: Part 'SquadExpansion/Serenity/Parts/Robotics/rotoServo_02/rotoServo_02' has no database record. Creating.
[LOG 14:12:46.366] [DragCubeSystem]: Drag cubes not found or cannot be read for part Part. Generating New drag cubes.
[LOG 14:12:46.366] [KSPCF/DragCubeGeneration] Creating drag cubes for part 'rotoServo.02'
[LOG 14:12:46.372] PartLoader: Compiling Part 'SquadExpansion/Serenity/Parts/Robotics/rotoServo_03/rotoServo_03'
[LOG 14:12:46.378] PartLoader: Part 'SquadExpansion/Serenity/Parts/Robotics/rotoServo_03/rotoServo_03' has no database record. Creating.
[LOG 14:12:46.378] [DragCubeSystem]: Drag cubes not found or cannot be read for part Part. Generating New drag cubes.
[LOG 14:12:46.378] [KSPCF/DragCubeGeneration] Creating drag cubes for part 'rotoServo.03'
[LOG 14:12:46.384] PartLoader: Compiling Part 'SquadExpansion/Serenity/Parts/Robotics/rotoServo_04/rotoServo_04'
[LOG 14:12:46.394] PartLoader: Part 'SquadExpansion/Serenity/Parts/Robotics/rotoServo_04/rotoServo_04' has no database record. Creating.
[LOG 14:12:46.394] [DragCubeSystem]: Drag cubes not found or cannot be read for part Part. Generating New drag cubes.
[LOG 14:12:46.394] [KSPCF/DragCubeGeneration] Creating drag cubes for part 'rotoServo.04'
[LOG 14:12:46.400] PartLoader: Compiling Part 'SquadExpansion/Serenity/Parts/Robotics/Controllers/KAL1000/controller1000'
[LOG 14:12:46.416] PartLoader: Part 'SquadExpansion/Serenity/Parts/Robotics/Controllers/KAL1000/controller1000' has no database record. Creating.
[LOG 14:12:46.416] [DragCubeSystem]: Drag cubes not found or cannot be read for part Part. Generating New drag cubes.
[LOG 14:12:46.416] [KSPCF/DragCubeGeneration] Creating drag cubes for part 'controller1000'
[LOG 14:12:46.422] PartLoader: Compiling Part 'SquadExpansion/Serenity/Parts/Science/RobotArmScanner/RobotArmScanner_S1/RobotArmScanner_S1'
[LOG 14:12:46.441] PartLoader: Part 'SquadExpansion/Serenity/Parts/Science/RobotArmScanner/RobotArmScanner_S1/RobotArmScanner_S1' has no database record. Creating.
[LOG 14:12:46.441] [DragCubeSystem]: Drag cubes not found or cannot be read for part Part. Generating New drag cubes.
[LOG 14:12:46.441] [KSPCF/DragCubeGeneration] Creating drag cubes for part 'RobotArmScanner.S1'
[LOG 14:12:46.472] PartLoader: Compiling Part 'SquadExpansion/Serenity/Parts/Science/RobotArmScanner/RobotArmScanner_S2/RobotArmScanner_S2'
[LOG 14:12:46.480] PartLoader: Part 'SquadExpansion/Serenity/Parts/Science/RobotArmScanner/RobotArmScanner_S2/RobotArmScanner_S2' has no database record. Creating.
[LOG 14:12:46.480] [DragCubeSystem]: Drag cubes not found or cannot be read for part Part. Generating New drag cubes.
[LOG 14:12:46.480] [KSPCF/DragCubeGeneration] Creating drag cubes for part 'RobotArmScanner.S2'
[LOG 14:12:46.513] PartLoader: Compiling Part 'SquadExpansion/Serenity/Parts/Science/RobotArmScanner/RobotArmScanner_S3/RobotArmScanner_S3'
[LOG 14:12:46.520] PartLoader: Part 'SquadExpansion/Serenity/Parts/Science/RobotArmScanner/RobotArmScanner_S3/RobotArmScanner_S3' has no database record. Creating.
[LOG 14:12:46.520] [DragCubeSystem]: Drag cubes not found or cannot be read for part Part. Generating New drag cubes.
[LOG 14:12:46.520] [KSPCF/DragCubeGeneration] Creating drag cubes for part 'RobotArmScanner.S3'
[LOG 14:12:46.544] PartLoader: Compiling Part 'SquadExpansion/Serenity/Parts/Structural/gripPads/lGripPad/lGripPad'
[LOG 14:12:46.552] PartLoader: Part 'SquadExpansion/Serenity/Parts/Structural/gripPads/lGripPad/lGripPad' has no database record. Creating.
[LOG 14:12:46.552] [DragCubeSystem]: Drag cubes not found or cannot be read for part Part. Generating New drag cubes.
[LOG 14:12:46.552] [KSPCF/DragCubeGeneration] Creating drag cubes for part 'lGripPad'
[LOG 14:12:46.567] PartLoader: Compiling Part 'SquadExpansion/Serenity/Parts/Structural/gripPads/lGripStrip/lGripStrip'
[LOG 14:12:46.570] PartLoader: Part 'SquadExpansion/Serenity/Parts/Structural/gripPads/lGripStrip/lGripStrip' has no database record. Creating.
[LOG 14:12:46.570] [DragCubeSystem]: Drag cubes not found or cannot be read for part Part. Generating New drag cubes.
[LOG 14:12:46.570] [KSPCF/DragCubeGeneration] Creating drag cubes for part 'lGripStrip'
[LOG 14:12:46.576] PartLoader: Compiling Part 'SquadExpansion/Serenity/Parts/Structural/gripPads/mGripPad/mGripPad'
[LOG 14:12:46.579] PartLoader: Part 'SquadExpansion/Serenity/Parts/Structural/gripPads/mGripPad/mGripPad' has no database record. Creating.
[LOG 14:12:46.579] [DragCubeSystem]: Drag cubes not found or cannot be read for part Part. Generating New drag cubes.
[LOG 14:12:46.579] [KSPCF/DragCubeGeneration] Creating drag cubes for part 'mGripPad'
[LOG 14:12:46.593] PartLoader: Compiling Part 'SquadExpansion/Serenity/Parts/Structural/gripPads/sGripPad/sGripPad'
[LOG 14:12:46.597] PartLoader: Part 'SquadExpansion/Serenity/Parts/Structural/gripPads/sGripPad/sGripPad' has no database record. Creating.
[LOG 14:12:46.597] [DragCubeSystem]: Drag cubes not found or cannot be read for part Part. Generating New drag cubes.
[LOG 14:12:46.597] [KSPCF/DragCubeGeneration] Creating drag cubes for part 'sGripPad'
[LOG 14:12:46.612] PartLoader: Compiling Part 'SquadExpansion/Serenity/Parts/Structural/gripPads/sGripStrip/sGripStrip'
[LOG 14:12:46.616] PartLoader: Part 'SquadExpansion/Serenity/Parts/Structural/gripPads/sGripStrip/sGripStrip' has no database record. Creating.
[LOG 14:12:46.616] [DragCubeSystem]: Drag cubes not found or cannot be read for part Part. Generating New drag cubes.
[LOG 14:12:46.616] [KSPCF/DragCubeGeneration] Creating drag cubes for part 'sGripStrip'
[LOG 14:12:46.623] PartLoader: Compiling Internal Prop 'Squad/Props/AltimeterThreeHands/prop/AltimeterThreeHands'
[LOG 14:12:46.628] PartLoader: Compiling Internal Prop 'Squad/Props/AtmosphereDepth/prop/AtmosphereDepth'
[LOG 14:12:46.630] PartLoader: Compiling Internal Prop 'Squad/Props/AxisIndicator/pitchConfig/AxisIndicatorPitch'
[LOG 14:12:46.632] PartLoader: Compiling Internal Prop 'Squad/Props/AxisIndicator/rollConfig/AxisIndicatorRoll'
[LOG 14:12:46.634] PartLoader: Compiling Internal Prop 'Squad/Props/AxisIndicator/yawConfig/AxisIndicatorYaw'
[LOG 14:12:46.635] PartLoader: Compiling Internal Prop 'Squad/Props/buttonsGeneric/circularButton/genericCircularButton'
[LOG 14:12:46.636] PartLoader: Compiling Internal Prop 'Squad/Props/buttonsGeneric/clusterButtons/genericClusterButtons'
[LOG 14:12:46.637] PartLoader: Compiling Internal Prop 'Squad/Props/buttonsGeneric/clusterButtons2/genericClusterButtons2'
[LOG 14:12:46.637] PartLoader: Compiling Internal Prop 'Squad/Props/buttonsGeneric/clusterKnob/genericClusterKnobs'
[LOG 14:12:46.638] PartLoader: Compiling Internal Prop 'Squad/Props/buttonsGeneric/clusterKnob2/genericClusterKnobs2'
[LOG 14:12:46.638] PartLoader: Compiling Internal Prop 'Squad/Props/buttonsGeneric/clusterMixed/genericClusterMixed'
[LOG 14:12:46.639] PartLoader: Compiling Internal Prop 'Squad/Props/buttonsGeneric/clusterSwitches01/genericClusterSwitches01'
[LOG 14:12:46.639] PartLoader: Compiling Internal Prop 'Squad/Props/buttonsGeneric/clusterSwitches02/genericClusterSwitches02'
[LOG 14:12:46.640] PartLoader: Compiling Internal Prop 'Squad/Props/buttonsGeneric/clusterSwitches03/genericClusterSwitches03'
[LOG 14:12:46.641] PartLoader: Compiling Internal Prop 'Squad/Props/buttonsGeneric/clusterSwitches04/genericClusterSwitches04'
[LOG 14:12:46.641] PartLoader: Compiling Internal Prop 'Squad/Props/buttonsGeneric/clusterSwitches05/genericClusterSwitches05'
[LOG 14:12:46.642] PartLoader: Compiling Internal Prop 'Squad/Props/buttonsGeneric/clusterSwitches06/genericClusterSwitches06'
[LOG 14:12:46.642] PartLoader: Compiling Internal Prop 'Squad/Props/buttonsGeneric/clusterSwitches07/genericClusterSwitches07'
[LOG 14:12:46.643] PartLoader: Compiling Internal Prop 'Squad/Props/buttonsGeneric/directionalKnob/genericDirectionalKnob'
[LOG 14:12:46.643] PartLoader: Compiling Internal Prop 'Squad/Props/buttonsGeneric/directionalKnob2/genericDirectionalKnob2'
[LOG 14:12:46.644] PartLoader: Compiling Internal Prop 'Squad/Props/buttonsGeneric/pullSwitch/genericPullSwitch'
[LOG 14:12:46.644] PartLoader: Compiling Internal Prop 'Squad/Props/buttonsGeneric/squareButton/genericSquareButton'
[LOG 14:12:46.644] PartLoader: Compiling Internal Prop 'Squad/Props/buttonsGeneric/standingSwitch/genericStandingSwitch'
[LOG 14:12:46.645] PartLoader: Compiling Internal Prop 'Squad/Props/buttonsGeneric/switch/genericSwitch'
[LOG 14:12:46.645] PartLoader: Compiling Internal Prop 'Squad/Props/buttonsGeneric/switchWithGuards/genericSwitchWithGuards'
[LOG 14:12:46.646] PartLoader: Compiling Internal Prop 'Squad/Props/ButtonSquare/prop/ButtonSquare'
[LOG 14:12:46.648] PartLoader: Compiling Internal Prop 'Squad/Props/circularButton/prop/circularButton'
[LOG 14:12:46.649] PartLoader: Compiling Internal Prop 'Squad/Props/Compass/prop/Compass'
[LOG 14:12:46.650] PartLoader: Compiling Internal Prop 'Squad/Props/directionalKnob/prop/directionalKnob'
[LOG 14:12:46.650] PartLoader: Compiling Internal Prop 'Squad/Props/directionalKnob2/prop/directionalKnob2'
[LOG 14:12:46.651] PartLoader: Compiling Internal Prop 'Squad/Props/IndicatorPanel/prop/IndicatorPanel'
[LOG 14:12:46.653] PartLoader: Compiling Internal Prop 'Squad/Props/IVANavBall/prop/NavBall'
[LOG 14:12:46.656] PartLoader: Compiling Internal Prop 'Squad/Props/IVANavBallNoBase/prop/NavBallNoBase'
[LOG 14:12:46.658] PartLoader: Compiling Internal Prop 'Squad/Props/ledPanelSpeed/prop/ledPanelSpeed'
[LOG 14:12:46.660] PartLoader: Compiling Internal Prop 'Squad/Props/Monitor/DockingMode/MonitorDockingMode'
[LOG 14:12:46.660] PartLoader: Compiling Internal Prop 'Squad/Props/NavBall/prop/NavBall'
[LOG 14:12:46.661] PartLoader: Compiling Internal Prop 'Squad/Props/PropsGeneric/Button_DockingMode/Button_DockingMode'
[LOG 14:12:46.661] PartLoader: Compiling Internal Prop 'Squad/Props/PropsGeneric/CargoBagA/CargoBagA'
[LOG 14:12:46.662] PartLoader: Compiling Internal Prop 'Squad/Props/PropsGeneric/CargoBagB/CargoBagB'
[LOG 14:12:46.662] PartLoader: Compiling Internal Prop 'Squad/Props/PropsGeneric/CargoBagC/CargoBagC'
[LOG 14:12:46.663] PartLoader: Compiling Internal Prop 'Squad/Props/PropsGeneric/Hatch_Plane/Hatch_Plane'
[LOG 14:12:46.664] PartLoader: Compiling Internal Prop 'Squad/Props/PropsGeneric/Hatch_Plane_Curve90/Hatch_Plane_Curve90'
[LOG 14:12:46.665] PartLoader: Compiling Internal Prop 'Squad/Props/PropsGeneric/Hatch_Plane_Frame/Hatch_Plane_Frame'
[LOG 14:12:46.665] PartLoader: Compiling Internal Prop 'Squad/Props/PropsGeneric/Seat_Passenger/Seat_Passenger'
[LOG 14:12:46.666] PartLoader: Compiling Internal Prop 'Squad/Props/PropsGeneric/Seat_Pilot/Seat_Pilot'
[LOG 14:12:46.666] PartLoader: Compiling Internal Prop 'Squad/Props/PropsGeneric/Seat_Pilot_Helmet/Seat_Pilot_Helmet'
[LOG 14:12:46.667] PartLoader: Compiling Internal Prop 'Squad/Props/PropsGeneric/SideStick/SideStick'
[LOG 14:12:46.667] PartLoader: Compiling Internal Prop 'Squad/Props/pullSwitch/prop/pullSwitch'
[LOG 14:12:46.668] PartLoader: Compiling Internal Prop 'Squad/Props/radarAltitude/prop/RadarAltimeter'
[LOG 14:12:46.670] PartLoader: Compiling Internal Prop 'Squad/Props/squareButton/prop/squareButton'
[LOG 14:12:46.670] PartLoader: Compiling Internal Prop 'Squad/Props/standingSwitch/prop/standingSwitch'
[LOG 14:12:46.671] PartLoader: Compiling Internal Prop 'Squad/Props/switch/prop/switch'
[LOG 14:12:46.671] PartLoader: Compiling Internal Prop 'Squad/Props/switchGuard/prop/switchGuard'
[LOG 14:12:46.672] PartLoader: Compiling Internal Prop 'Squad/Props/switchWithGuards/prop/switchWithGuards'
[LOG 14:12:46.672] PartLoader: Compiling Internal Prop 'Squad/Props/throttle/prop/throttle'
[LOG 14:12:46.674] PartLoader: Compiling Internal Prop 'Squad/Props/VSI/prop/VSI'
[LOG 14:12:46.675] PartLoader: Compiling Internal Space 'Squad/Spaces/crewCabinInternals/internal/crewCabinInternals'
[LOG 14:12:46.684] PartLoader: Compiling Internal Space 'Squad/Spaces/cupolaInternal/internal/cupolaInternal'
[LOG 14:12:46.697] PartLoader: Compiling Internal Space 'Squad/Spaces/GenericSpace1/internal/GenericSpace1'
[LOG 14:12:46.698] PartLoader: Compiling Internal Space 'Squad/Spaces/GenericSpace3/internal/GenericSpace3'
[LOG 14:12:46.700] PartLoader: Compiling Internal Space 'Squad/Spaces/landerCabinInternals/internal/landerCabinInternals'
[LOG 14:12:46.702] PartLoader: Compiling Internal Space 'Squad/Spaces/landerCabinSmallInternal/internal/landerCabinSmallInternal'
[LOG 14:12:46.706] PartLoader: Compiling Internal Space 'Squad/Spaces/LargeCrewedLabInternals/internal/Mobile_Processing_Lab_Int'
[LOG 14:12:46.708] PartLoader: Compiling Internal Space 'Squad/Spaces/Mk1-3/internal/Mk1-3'
[LOG 14:12:46.716] PartLoader: Compiling Internal Space 'Squad/Spaces/mk1CabinInternal/internal/mk1CabinInternal'
[LOG 14:12:46.721] PartLoader: Compiling Internal Space 'Squad/Spaces/mk1CockpitInternal/internal/mk1CockpitInternal'
[LOG 14:12:46.729] PartLoader: Compiling Internal Space 'Squad/Spaces/mk1InlineInternal/internal/mk1InlineInternal'
[LOG 14:12:46.734] PartLoader: Compiling Internal Space 'Squad/Spaces/mk1PodCockpit/internal/mk1PodCockpit'
[LOG 14:12:46.737] PartLoader: Compiling Internal Space 'Squad/Spaces/mk1pod_IVA/mk1pod_Internal/mk1pod_IVA'
[LOG 14:12:46.743] PartLoader: Compiling Internal Space 'Squad/Spaces/mk2CockpitStandardInternal/internal/mk2CockpitStandardInternals'
[LOG 14:12:46.752] PartLoader: Compiling Internal Space 'Squad/Spaces/Mk2CrewCabinInternal/internal_MK2_CrewCab/MK2_CrewCab_Int'
[LOG 14:12:46.757] PartLoader: Compiling Internal Space 'Squad/Spaces/mk2InlineInternal/internal/mk2InlineInternal'
[LOG 14:12:46.767] PartLoader: Compiling Internal Space 'Squad/Spaces/mk2LanderCanInternal/internal/mk2LanderCanInternal'
[LOG 14:12:46.774] PartLoader: Compiling Internal Space 'Squad/Spaces/MK3CockpitInternal/internal_MK3/MK3_Cockpit_Int'
[LOG 14:12:46.787] PartLoader: Compiling Internal Space 'Squad/Spaces/MK3_CrewCab_Int/internal_MK3_CrewCab/MK3_CrewCab_Int'
[LOG 14:12:46.789] InternalSeat: Cannot find portraitCamera of name 'Camera_Left003'
[LOG 14:12:46.796] PartLoader: Compiling Internal Space 'Squad/Spaces/Placeholder/internal/Placeholder'
[LOG 14:12:46.805] PartLoader: Compiling Internal Space 'Squad/Spaces/PodCockpit/internal/PodCockpit'
[LOG 14:12:46.812] PartLoader: Compiling Internal Space 'SquadExpansion/MakingHistory/Spaces/KVPods/Airlock_Internal/Airlock_IVA'
[LOG 14:12:46.813] PartLoader: Compiling Internal Space 'SquadExpansion/MakingHistory/Spaces/KVPods/KV1_Internal/KV1_IVA'
[LOG 14:12:46.817] PartLoader: Compiling Internal Space 'SquadExpansion/MakingHistory/Spaces/KVPods/KV2_Internal/KV2_IVA'
[LOG 14:12:46.822] PartLoader: Compiling Internal Space 'SquadExpansion/MakingHistory/Spaces/KVPods/KV3_Internal/KV3_IVA'
[LOG 14:12:46.828] PartLoader: Compiling Internal Space 'SquadExpansion/MakingHistory/Spaces/MEM/MEM_IVA/MEM_IVA'
[LOG 14:12:46.836] PartLoader: Compiling Internal Space 'SquadExpansion/MakingHistory/Spaces/Mk2Pod/Mk2Pod_Internal/MK2POD_IVA'
[LOG 14:12:46.914] Assets:
[LOG 14:12:46.914] anim_missionsapp_idle.anim
[LOG 14:12:46.914] anim_missionsapp_idle_warning.anim
[LOG 14:12:46.914] anim_missionsapp_warning.anim
[LOG 14:12:46.914] anim_missionssapp.anim
[LOG 14:12:46.914] animcontroller_missionsappmaster.controller
[LOG 14:12:46.914] app_bg.tif
[LOG 14:12:46.914] app_bottom_gray.tif
[LOG 14:12:46.914] app_divider_pulldown_body.tif
[LOG 14:12:46.914] app_divider_pulldown_footer.tif
[LOG 14:12:46.914] app_divider_pulldown_header.tif
[LOG 14:12:46.914] app_divider_pulldown_header_over.tif
[LOG 14:12:46.914] app_header_gray.tif
[LOG 14:12:46.914] app_missions_icon_active.tif
[LOG 14:12:46.915] app_missions_icon_complete.tif
[LOG 14:12:46.915] app_missions_icon_failed.tif
[LOG 14:12:46.915] app_missions_icon_inactive.tif
[LOG 14:12:46.915] spritesheet_missionsapp.tif
[LOG 14:12:46.915] spritesheet_missionsappwarning.tif
[LOG 14:12:46.915] missionbriefingdialog.prefab
[LOG 14:12:46.915] missionbriefingtag.prefab
[LOG 14:12:46.915] awardwidget.prefab
[LOG 14:12:46.915] missionenddialog.prefab
[LOG 14:12:46.915] missionitemwidget.prefab
[LOG 14:12:46.915] missionplaybutton.prefab
[LOG 14:12:46.915] missionplaydialog.prefab
[LOG 14:12:46.915] missionsteamitemwidget.prefab
[LOG 14:12:46.915] missionvalidationdialog.prefab
[LOG 14:12:46.915] validationentry.prefab
[LOG 14:12:46.915] comettoken.fbx
[LOG 14:12:46.915] comettoken.jpg
[LOG 14:12:46.915] placementegizmo_comet.mat
[LOG 14:12:46.915] placementegizmo_comet_tail.mat
[LOG 14:12:46.915] femalevintagepreview.prefab
[LOG 14:12:46.915] malevintagepreview.prefab
[LOG 14:12:46.915] checkpointentrywidget.prefab
[LOG 14:12:46.915] crewmanagementdialog.prefab
[LOG 14:12:46.915] listitem_vesseltitle.prefab
[LOG 14:12:46.915] missionbrowser.prefab
[LOG 14:12:46.915] missioncheckpointbrowser.prefab
[LOG 14:12:46.915] missioncrewlistitem.prefab
[LOG 14:12:46.916] missionentrywidget.prefab
[LOG 14:12:46.916] missiontemplateentrywidget.prefab
[LOG 14:12:46.916] partcategorizerbutton.prefab
[LOG 14:12:46.916] partselectorbrowser.prefab
[LOG 14:12:46.916] partselectorentry.prefab
[LOG 14:12:46.916] gaputil_vesselframe.prefab
[LOG 14:12:46.916] meguiconnector.prefab
[LOG 14:12:46.916] meguinode.prefab
[LOG 14:12:46.916] meguinodecategorybutton.prefab
[LOG 14:12:46.916] meguinodeicon.prefab
[LOG 14:12:46.916] meguinodeicongroup.prefab
[LOG 14:12:46.916] meguiscrollviewitem.prefab
[LOG 14:12:46.916] meiconloaderbasicnode.prefab
[LOG 14:12:46.916] meiconloadergap.prefab
[LOG 14:12:46.916] meiconloadernodecategorizer.prefab
[LOG 14:12:46.916] menodecanvas.prefab
[LOG 14:12:46.916] missioneditorscreen.prefab
[LOG 14:12:46.916] nodelisttooltip.prefab
[LOG 14:12:46.916] nodelisttooltipextinfolistspacer.prefab
[LOG 14:12:46.916] orbitgizmo.prefab
[LOG 14:12:46.916] biomeshighlight.shader
[LOG 14:12:46.916] projector-surfacegizmo.shader
[LOG 14:12:46.916] scaledplanetbiomeshighlight.shader
[LOG 14:12:46.916] sprites-alwaysover.shader
[LOG 14:12:46.916] ui-unlit-infinite.shader
[LOG 14:12:46.916] ui-unlit-solid.shader
[LOG 14:12:46.916] assetgraph_connectionpoint_inputmark.png
[LOG 14:12:46.916] assetgraph_inputbg.png
[LOG 14:12:46.916] boldly.png
[LOG 14:12:46.917] carpool.png
[LOG 14:12:46.917] frugal.png
[LOG 14:12:46.917] homesick.png
[LOG 14:12:46.917] keys.png
[LOG 14:12:46.917] saint.png
[LOG 14:12:46.917] sinner.png
[LOG 14:12:46.917] thespot.png
[LOG 14:12:46.917] timekeeper.png
[LOG 14:12:46.917] helmetbronze.png
[LOG 14:12:46.917] helmetgold.png
[LOG 14:12:46.917] helmetsilver.png
[LOG 14:12:46.917] action-part-resource-drain.png
[LOG 14:12:46.917] change-part-resource-levels.png
[LOG 14:12:46.917] create-asteroid.png
[LOG 14:12:46.917] create-kerbal.png
[LOG 14:12:46.917] create-vessel.png
[LOG 14:12:46.917] crew-assignment.png
[LOG 14:12:46.917] dialog-message.png
[LOG 14:12:46.917] display-message.png
[LOG 14:12:46.917] fail-part.png
[LOG 14:12:46.917] fly-through.png
[LOG 14:12:46.917] funds-recovery.png
[LOG 14:12:46.917] generic-node.png
[LOG 14:12:46.917] go-to.png
[LOG 14:12:46.917] kerbal-boarded.png
[LOG 14:12:46.917] kerbal-recovery.png
[LOG 14:12:46.917] kerbal-rescue.png
[LOG 14:12:46.917] launch-site.png
[LOG 14:12:46.917] leave-soi.png
[LOG 14:12:46.918] orbit.png
[LOG 14:12:46.918] part-explode.png
[LOG 14:12:46.918] plant-flag.png
[LOG 14:12:46.918] reach-soi.png
[LOG 14:12:46.918] repair-part.png
[LOG 14:12:46.918] resource-amount.png
[LOG 14:12:46.918] resource-recovery.png
[LOG 14:12:46.918] science-experiment.png
[LOG 14:12:46.918] score.png
[LOG 14:12:46.918] take-tourist.png
[LOG 14:12:46.918] test-altitude.png
[LOG 14:12:46.918] test-eva.png
[LOG 14:12:46.918] test-grapple.png
[LOG 14:12:46.918] time-of-flight.png
[LOG 14:12:46.918] time-of-mission.png
[LOG 14:12:46.918] time-since-node.png
[LOG 14:12:46.918] vessel-crashed.png
[LOG 14:12:46.918] vessel-crew-count.png
[LOG 14:12:46.918] vessel-explode.png
[LOG 14:12:46.918] vessel-flying.png
[LOG 14:12:46.918] vessel-landed.png
[LOG 14:12:46.918] vessel-mass.png
[LOG 14:12:46.918] vessel-splashed.png
[LOG 14:12:46.918] vessel-stage-activated.png
[LOG 14:12:46.918] vessel-stage.png
[LOG 14:12:46.918] arrange-graph.png
[LOG 14:12:46.918] builderbuttons_briefing.png
[LOG 14:12:46.918] builderbuttons_reset.png
[LOG 14:12:46.919] builderbuttons_trackingstation.png
[LOG 14:12:46.919] frame-graph.png
[LOG 14:12:46.919] lock.png
[LOG 14:12:46.919] maximize.png
[LOG 14:12:46.919] minimize.png
[LOG 14:12:46.919] pin.png
[LOG 14:12:46.919] pin_down.png
[LOG 14:12:46.919] redo.png
[LOG 14:12:46.919] reset.png
[LOG 14:12:46.919] tracking-station.png
[LOG 14:12:46.919] undo.png
[LOG 14:12:46.919] visible-in-gap.png
[LOG 14:12:46.919] location.png
[LOG 14:12:46.919] logic.png
[LOG 14:12:46.919] science.png
[LOG 14:12:46.919] utility.png
[LOG 14:12:46.919] vessel.png
[LOG 14:12:46.919] eye.png
[LOG 14:12:46.919] iconmb.png
[LOG 14:12:46.919] me_btn_generic_normal.tif
[LOG 14:12:46.919] me_button_generic_normal.tif
[LOG 14:12:46.919] nodecat_bg.png
[LOG 14:12:46.919] nodecat_divider.tif
[LOG 14:12:46.919] nodecat_divider_bottom.tif
[LOG 14:12:46.919] pholderwarningicon.png
[LOG 14:12:46.919] reseticon.png
[LOG 14:12:46.919] validityindicator.controller
[LOG 14:12:46.919] validtyinidicatorpulse.anim
[LOG 14:12:46.919] broadorbittoggle button.png
[LOG 14:12:46.919] maneuvertoggle button.png
[LOG 14:12:46.919] orbitalgizmoicons.png
[LOG 14:12:46.920] reset orbit button.png
[LOG 14:12:46.920] nodelabel.prefab
[LOG 14:12:46.920] kerbaleva_female_exp.prefab
[LOG 14:12:46.920] kerbaleva_rd_exp.prefab
[LOG 14:12:46.920] missioneditorevabody.mat
[LOG 14:12:46.920] missioneditorevabodyalternate.mat
[LOG 14:12:46.920] missioneditorevabodybrown.mat
[LOG 14:12:46.920] missioneditorevaeyeballs.mat
[LOG 14:12:46.920] missioneditorevaeyes.mat
[LOG 14:12:46.920] missioneditorevahead.mat
[LOG 14:12:46.920] missioneditorevahelmet.mat
[LOG 14:12:46.920] missioneditorevahelmetred.mat
[LOG 14:12:46.920] missioneditorevajetpack.mat
[LOG 14:12:46.920] missioneditorevalight.mat
[LOG 14:12:46.920] kbevafemalevintage.prefab
[LOG 14:12:46.920] kbevavintage.prefab
[LOG 14:12:46.920] evalight.fbx
[LOG 14:12:46.920] kbeva@new.fbx
[LOG 14:12:46.920] kbeva@newfem.fbx
[LOG 14:12:46.920] mevahelmetlight.fbx
[LOG 14:12:46.920] evajetpackscondary.dds
[LOG 14:12:46.920] evajetpacksecondary_n.dds
[LOG 14:12:46.920] evalight.png
[LOG 14:12:46.920] kerbalmainnrm.dds
[LOG 14:12:46.920] me_suit_difuse_blue.dds
[LOG 14:12:46.920] me_suit_difuse_low_polybrown.dds
[LOG 14:12:46.920] me_suit_difuse_orange.dds
[LOG 14:12:46.920] kerbalfemalevintage.prefab
[LOG 14:12:46.920] kerbalmalevintage.prefab
[LOG 14:12:46.921] evahelmet.mat
[LOG 14:12:46.921] evatexture.mat
[LOG 14:12:46.921] kerbalgirl_06_basecolor.mat
[LOG 14:12:46.921] kerbalhead.mat
[LOG 14:12:46.921] lambert6.mat
[LOG 14:12:46.921] mat_eyeballs.mat
[LOG 14:12:46.921] mat_eyes01.mat
[LOG 14:12:46.921] material #4.mat
[LOG 14:12:46.921] mesh_female_kerbalastronaut01_kerbalgirl_export_15_lambert20.mat
[LOG 14:12:46.921] mesh_female_kerbalastronaut01_kerbalgirl_export_15_lambert21.mat
[LOG 14:12:46.921] kbfemale_iva_mecanim.fbx
[LOG 14:12:46.921] kbiva_mecanim.fbx
[LOG 14:12:46.921] kerbalicon_eva_female_vintage.tif
[LOG 14:12:46.921] kerbalicon_eva_vintage.tif
[LOG 14:12:46.921] kerbalicon_suit_female_vintage.tif
[LOG 14:12:46.921] kerbalicon_suit_orange_female_vintage.tif
[LOG 14:12:46.921] kerbalicon_suit_orange_vintage.tif
[LOG 14:12:46.921] kerbalicon_suit_vintage.tif
[LOG 14:12:46.921] gap_celestialbody_camerasetup.prefab
[LOG 14:12:46.921] gap_celestialbody_collisionsphere.prefab
[LOG 14:12:46.921] gap_celestialbody_surfacegizmo_area.prefab
[LOG 14:12:46.921] gap_celestialbody_surfacegizmo_basic.prefab
[LOG 14:12:46.921] gap_celestialbody_surfacegizmo_icon.prefab
[LOG 14:12:46.921] gap_celestialbody_surfacegizmo_vessel.prefab
[LOG 14:12:46.921] gap_celestialbody_surfacegizmo_volume.prefab
[LOG 14:12:46.921] gap_proceduralasteroid.prefab
[LOG 14:12:46.921] gap_proceduralcomet.prefab
[LOG 14:12:46.921] gapbuttonprefab.prefab
[LOG 14:12:46.922] gapkerbal_femaleveteran.prefab
[LOG 14:12:46.922] gapkerbal_femaleveteran_vintage.prefab
[LOG 14:12:46.922] gapkerbal_male_slimsuit.prefab
[LOG 14:12:46.922] gapkerbal_maleveteran.prefab
[LOG 14:12:46.922] gapkerbal_maleveteran_vintage.prefab
[LOG 14:12:46.922] gapscrollablesidebarbutton.prefab
[LOG 14:12:46.922] gapsidebarbutton.prefab
[LOG 14:12:46.922] gaptoggleprefab.prefab
[LOG 14:12:46.922] gaputil_biselector.prefab
[LOG 14:12:46.922] gaputil_celestialbody.prefab
[LOG 14:12:46.922] vesseldisplay_camerasetup.prefab
[LOG 14:12:46.922] desert_airfield.prefab
[LOG 14:12:46.922] desert_groundobjects.prefab
[LOG 14:12:46.922] desert_launch_site.prefab
[LOG 14:12:46.922] larkes.prefab
[LOG 14:12:46.922] floor bottom.mat
[LOG 14:12:46.922] floor top.mat
[LOG 14:12:46.922] legs.mat
[LOG 14:12:46.922] ramp.mat
[LOG 14:12:46.922] stairs grid lights pivot.mat
[LOG 14:12:46.922] supports 1.mat
[LOG 14:12:46.922] supports 2.mat
[LOG 14:12:46.922] tunnels.mat
[LOG 14:12:46.922] floor bottom.dds
[LOG 14:12:46.922] floor top.dds
[LOG 14:12:46.922] floor top_normal.dds
[LOG 14:12:46.922] legs.dds
[LOG 14:12:46.922] ramp.dds
[LOG 14:12:46.922] stairs grid lights pivot.dds
[LOG 14:12:46.922] supports 1.dds
[LOG 14:12:46.923] supports 2.dds
[LOG 14:12:46.923] tunnels.dds
[LOG 14:12:46.923] diffuse.mat
[LOG 14:12:46.923] floor bottom_base_color.mat
[LOG 14:12:46.923] floor top_base_color.mat
[LOG 14:12:46.923] legs_base_color.mat
[LOG 14:12:46.923] ramp_base_color.mat
[LOG 14:12:46.923] stairs grid lights pivot_base_colormodpsd.mat
[LOG 14:12:46.923] stairs_grid_lights_pivot_base_color.mat
[LOG 14:12:46.923] supports 1_base_color.mat
[LOG 14:12:46.923] supports 2_base_color.mat
[LOG 14:12:46.923] tunnels_base_color.mat
[LOG 14:12:46.923] mobilelaunchpad_19.fbx
[LOG 14:12:46.923] pontoons.fbx
[LOG 14:12:46.923] pontoons_diffuse.dds
[LOG 14:12:46.923] ramp_normal.png
[LOG 14:12:46.923] 1001_base_color.mat
[LOG 14:12:46.923] desert groundtransition.mat
[LOG 14:12:46.923] desert groundtransition_highquality.mat
[LOG 14:12:46.923] desert groundtransition_lowquality.mat
[LOG 14:12:46.923] desert groundtransition_mediumquality.mat
[LOG 14:12:46.923] desert groundtransition_ultraquality.mat
[LOG 14:12:46.923] desert runway sand.mat
[LOG 14:12:46.923] desert runway stone.mat
[LOG 14:12:46.923] mobilelaunchpad.prefab
[LOG 14:12:46.923] woomerang_groundobjects.prefab
[LOG 14:12:46.923] woomerang_launch_site.prefab
[LOG 14:12:46.924] Scenes:
[LOG 14:12:46.924] kspMissionEditor.unity
[LOG 14:12:55.697] Assets:
[LOG 14:12:55.697] appanim_missionsapp.prefab
[LOG 14:12:55.697] cascading_body_missionheader.prefab
[LOG 14:12:55.697] cascading_body_missioninfo.prefab
[LOG 14:12:55.697] cascading_body_missionobjective.prefab
[LOG 14:12:55.697] cascading_body_missionsvesselheader.prefab
[LOG 14:12:55.697] cascading_body_missionsvesselitem.prefab
[LOG 14:12:55.697] cascading_body_settingsbutton.prefab
[LOG 14:12:55.697] cascading_body_settingstoggle.prefab
[LOG 14:12:55.697] missionsapp.prefab
[LOG 14:12:55.697] axislimitline.prefab
[LOG 14:12:55.697] controlleraction.prefab
[LOG 14:12:55.697] controlleraxis.prefab
[LOG 14:12:55.697] controllerwindow.prefab
[LOG 14:12:55.697] curvepanelpoint.prefab
[LOG 14:12:55.697] curvepanelpointaction.prefab
[LOG 14:12:55.697] axis_align_ends.png
[LOG 14:12:55.697] axis_clamp_values.png
[LOG 14:12:55.697] axis_copy.png
[LOG 14:12:55.697] axis_flip_horizontal.png
[LOG 14:12:55.697] axis_flip_vertical.png
[LOG 14:12:55.697] axis_move_down-trackrow.png
[LOG 14:12:55.697] axis_move_down.png
[LOG 14:12:55.697] axis_move_up-trackrow.png
[LOG 14:12:55.697] axis_move_up.png
[LOG 14:12:55.697] axis_paste.png
[LOG 14:12:55.698] axis_preset_flat.png
[LOG 14:12:55.698] axis_preset_sawtooth.png
[LOG 14:12:55.698] axis_preset_sine.png
[LOG 14:12:55.698] axis_preset_square.png
[LOG 14:12:55.698] axis_preset_triangle.png
[LOG 14:12:55.698] axis_select_all.png
[LOG 14:12:55.698] background_squared_inset.png
[LOG 14:12:55.698] close.png
[LOG 14:12:55.698] direction_forward.png
[LOG 14:12:55.698] direction_reverse.png
[LOG 14:12:55.698] edit.png
[LOG 14:12:55.698] fieldlimitline.png
[LOG 14:12:55.698] keyframe_add.png
[LOG 14:12:55.698] keyframe_clamp_value.png
[LOG 14:12:55.698] keyframe_delete.png
[LOG 14:12:55.698] keyframe_linear.png
[LOG 14:12:55.698] keyframe_smooth.png
[LOG 14:12:55.698] keyframe_step_backward.png
[LOG 14:12:55.698] keyframe_step_forward.png
[LOG 14:12:55.698] line.png
[LOG 14:12:55.698] line_dashed.png
[LOG 14:12:55.698] loop_pingpong.png
[LOG 14:12:55.698] loop_playonce.png
[LOG 14:12:55.698] loop_repeat.png
[LOG 14:12:55.698] node.png
[LOG 14:12:55.698] node_circle.png
[LOG 14:12:55.698] node_square.png
[LOG 14:12:55.698] pause.png
[LOG 14:12:55.698] play.png
[LOG 14:12:55.699] pointer.png
[LOG 14:12:55.699] remove-axis.png
[LOG 14:12:55.699] remove_key.png
[LOG 14:12:55.699] resize_icon.png
[LOG 14:12:55.699] sequence_resize_button_states.png
[LOG 14:12:55.699] sequence_resize_maintain.png
[LOG 14:12:55.699] sequence_resize_scale.png
[LOG 14:12:55.699] sequence_speed.png
[LOG 14:12:55.699] tracking_editor_button_states.png
[LOG 14:12:55.699] femalefuturepreview.prefab
[LOG 14:12:55.699] malefuturepreview.prefab
[LOG 14:12:55.699] kbfemale@controlpanel_a.fbx
[LOG 14:12:55.699] kbfemale@controlpanel_b.fbx
[LOG 14:12:55.699] kbfemale@controlpanel_c.fbx
[LOG 14:12:55.699] kbfemale@rocksample.fbx
[LOG 14:12:55.699] hammerfemale.fbx
[LOG 14:12:55.699] hammermale.fbx
[LOG 14:12:55.699] kbeva@controlpanel_a.fbx
[LOG 14:12:55.699] kbeva@controlpanel_b.fbx
[LOG 14:12:55.699] kbeva@controlpanel_c.fbx
[LOG 14:12:55.699] kbeva@rocksample.fbx
[LOG 14:12:55.699] kerbaleva_female_future.prefab
[LOG 14:12:55.699] kerbaleva_rd_future.prefab
[LOG 14:12:55.699] futureevabody.mat
[LOG 14:12:55.699] futureevabodyalternate.mat
[LOG 14:12:55.699] futureevajetpack.mat
[LOG 14:12:55.699] futureevalight.mat
[LOG 14:12:55.699] futurehelmet.mat
[LOG 14:12:55.699] kbevafemalefuture.prefab
[LOG 14:12:55.699] kbevafuture.prefab
[LOG 14:12:55.699] kbeva@new.fbx
[LOG 14:12:55.699] kbeva@newfem.fbx
[LOG 14:12:55.699] mevahelmetlight.fbx
[LOG 14:12:55.699] serenityfemaleeva.fbx
[LOG 14:12:55.699] serenityflares.fbx
[LOG 14:12:55.699] serenitymaleeva.fbx
[LOG 14:12:55.699] evajetpacknrm.dds
[LOG 14:12:55.699] futuresuit_diffuse_orange.dds
[LOG 14:12:55.699] futuresuit_diffuse_whiteblue.dds
[LOG 14:12:55.699] futuresuit_diffuse_whiteorange.dds
[LOG 14:12:55.699] futuresuit_emissive.dds
[LOG 14:12:55.699] futuresuit_evalight.png
[LOG 14:12:55.699] futuresuitmainnrm.dds
[LOG 14:12:55.699] ksp_ig_jetpack_diffuse.jpg
[LOG 14:12:55.700] kerbalfemalefuture.prefab
[LOG 14:12:55.700] kerbalmalefuture.prefab
[LOG 14:12:55.700] futuresuit_diffuse.mat
[LOG 14:12:55.700] serenityfemaleiva.fbx
[LOG 14:12:55.700] serenitymaleiva.fbx
[LOG 14:12:55.700] kerbalicon_eva_female_future.tif
[LOG 14:12:55.700] kerbalicon_eva_future.tif
[LOG 14:12:55.700] kerbalicon_suit_female_future.tif
[LOG 14:12:55.700] kerbalicon_suit_future.tif
[LOG 14:12:55.700] kerbalicon_suit_orange_female_future.tif
[LOG 14:12:55.700] kerbalicon_suit_orange_future.tif
[LOG 14:12:55.700] bottom_emissor.mat
[LOG 14:12:55.700] burst_emissor.mat
[LOG 14:12:55.700] burstprojectiles_emissor.mat
[LOG 14:12:55.700] constantburst_emissor.mat
[LOG 14:12:55.700] snowflakes_emissor.mat
[LOG 14:12:55.700] vapor_emissor.mat
[LOG 14:12:55.700] base_0.mat
[LOG 14:12:55.700] base_1.mat
[LOG 14:12:55.700] base_2.mat
[LOG 14:12:55.700] base_3_1.mat
[LOG 14:12:55.700] base_3_2.mat
[LOG 14:12:55.700] vapor.mat
[LOG 14:12:55.700] burst.png
[LOG 14:12:55.700] cloud2.png
[LOG 14:12:55.700] v1.png
[LOG 14:12:55.700] v2.png
[LOG 14:12:55.700] v3.png
[LOG 14:12:55.700] v5.png
[LOG 14:12:55.701] gapkerbal_female_future.prefab
[LOG 14:12:55.701] gapkerbal_male_future.prefab
[LOG 14:12:55.701] hammerfemale.prefab
[LOG 14:12:55.701] hammermale.prefab
[LOG 14:12:55.701] bopgravelpile.prefab
[LOG 14:12:55.701] bopgravelpile.fbx
[LOG 14:12:55.701] bop_gravel pile_d.mat
[LOG 14:12:55.701] lambert1.mat
[LOG 14:12:55.701] bop_gravel pile_d.png
[LOG 14:12:55.701] bop_gravel pile_d.tga
[LOG 14:12:55.701] bop_gravel pile_n.png
[LOG 14:12:55.701] bop_gravel pile_s.png
[LOG 14:12:55.701] drescrater.prefab
[LOG 14:12:55.701] dresmeteorite.prefab
[LOG 14:12:55.701] drescrater.fbx
[LOG 14:12:55.701] dresmeteorite.fbx
[LOG 14:12:55.701] dres_crater_d.mat
[LOG 14:12:55.701] dres_meteorite_d.mat
[LOG 14:12:55.701] lambert1.mat
[LOG 14:12:55.701] dres_crater_d.tga
[LOG 14:12:55.701] dres_crater_n.png
[LOG 14:12:55.701] dres_meteorite_d.tga
[LOG 14:12:55.701] dres_meteorite_n.png
[LOG 14:12:55.701] dunablueberries.prefab
[LOG 14:12:55.701] dunadune.prefab
[LOG 14:12:55.701] dunameteorite.prefab
[LOG 14:12:55.701] dunastone.prefab
[LOG 14:12:55.702] dunaasteroid.fbx
[LOG 14:12:55.702] dunablueberries.fbx
[LOG 14:12:55.702] dunadune.fbx
[LOG 14:12:55.702] dunastone.fbx
[LOG 14:12:55.702] duna_asteroid_d.mat
[LOG 14:12:55.702] duna_dune_d.mat
[LOG 14:12:55.702] duna_stone_d.mat
[LOG 14:12:55.702] dune_blueberries_d.mat
[LOG 14:12:55.702] lambert1.mat
[LOG 14:12:55.702] duna_asteroid_d.tga
[LOG 14:12:55.702] duna_asteroid_n.png
[LOG 14:12:55.702] duna_dune_d.tga
[LOG 14:12:55.702] duna_dune_n.tga
[LOG 14:12:55.702] duna_stone_d.tga
[LOG 14:12:55.702] duna_stone_n.png
[LOG 14:12:55.702] dune_blueberries_d.tga
[LOG 14:12:55.702] dune_blueberries_n.png
[LOG 14:12:55.702] eelooberg.prefab
[LOG 14:12:55.702] eeloobrownboulder.prefab
[LOG 14:12:55.702] eelooicechunk.prefab
[LOG 14:12:55.702] eelooberg.fbx
[LOG 14:12:55.702] eelooboulder.fbx
[LOG 14:12:55.702] eelooicechunk.fbx
[LOG 14:12:55.702] eeloo_alien_glacier_d.mat
[LOG 14:12:55.702] eeloo_brown_ boulder_d.mat
[LOG 14:12:55.702] eeloo_ice chunk_d.mat
[LOG 14:12:55.702] lambert1.mat
[LOG 14:12:55.703] eeloo_alien_glacier_d.tga
[LOG 14:12:55.703] eeloo_alien_glacier_e.tga
[LOG 14:12:55.703] eeloo_alien_glacier_n.png
[LOG 14:12:55.703] eeloo_brown_ boulder_d.tga
[LOG 14:12:55.703] eeloo_brown_ boulder_n.png
[LOG 14:12:55.703] eeloo_ice chunk_d.tga
[LOG 14:12:55.703] eeloo_ice chunk_e.tga
[LOG 14:12:55.703] eeloo_ice chunk_n.png
[LOG 14:12:55.703] eeloo_ice chunk_s.tga
[LOG 14:12:55.703] evebasaltformation.prefab
[LOG 14:12:55.703] evepancakedome.prefab
[LOG 14:12:55.703] evevolcanicrock.prefab
[LOG 14:12:55.703] evebasaltformation.fbx
[LOG 14:12:55.703] evepancakeformation.fbx
[LOG 14:12:55.703] evevolcanicrock.fbx
[LOG 14:12:55.703] eve basalt formation_d.mat
[LOG 14:12:55.703] eve pancake formation_d.mat
[LOG 14:12:55.703] eve volcanic rock_d.mat
[LOG 14:12:55.703] lambert1.mat
[LOG 14:12:55.703] eve basalt formation_d.tga
[LOG 14:12:55.703] eve basalt formation_n.tga
[LOG 14:12:55.703] eve pancake formation_d.tga
[LOG 14:12:55.703] eve pancake formation_e.png
[LOG 14:12:55.703] eve pancake formation_n.png
[LOG 14:12:55.703] eve volcanic rock_d.tga
[LOG 14:12:55.703] eve volcanic rock_n.png
[LOG 14:12:55.703] gillyridgeline.fbx
[LOG 14:12:55.703] gilly ridegeline_d.mat
[LOG 14:12:55.703] lambert1.mat
[LOG 14:12:55.704] gillyridgeline.prefab
[LOG 14:12:55.704] gilly ridegeline_d.tga
[LOG 14:12:55.704] gilly ridegeline_n.png
[LOG 14:12:55.704] dunaejecta.prefab
[LOG 14:12:55.704] ikedunaejecta.fbx
[LOG 14:12:55.704] ike_duna_ejecta_mat.mat
[LOG 14:12:55.704] ike duna ejecta_d.tga
[LOG 14:12:55.704] ike duna ejecta_n.png
[LOG 14:12:55.704] kerbinbaobabtree.fbx
[LOG 14:12:55.704] kerbinquartz.fbx
[LOG 14:12:55.704] baobaptree.mat
[LOG 14:12:55.704] kerbin_baobab_tree_d.mat
[LOG 14:12:55.704] kerbin_boabob_tree_d.mat
[LOG 14:12:55.704] kerbin_giant_quartz_d.mat
[LOG 14:12:55.704] lambert1.mat
[LOG 14:12:55.704] lambert2.mat
[LOG 14:12:55.704] kerbinbaobabtree.prefab
[LOG 14:12:55.704] kerbinquartz.prefab
[LOG 14:12:55.704] kerbin_baobab_tree_alpha.png
[LOG 14:12:55.704] kerbin_baobab_tree_d.tga
[LOG 14:12:55.704] kerbin_baobab_tree_n.png
[LOG 14:12:55.704] kerbin_giant_quartz_d.tga
[LOG 14:12:55.704] kerbin_giant_quartz_e.tga
[LOG 14:12:55.704] kerbin_giant_quartz_n.tga
[LOG 14:12:55.704] kerbin_giant_quartz_s.tga
[LOG 14:12:55.704] laytheboulder.fbx
[LOG 14:12:55.704] laythegeyser.fbx
[LOG 14:12:55.704] laythestone.fbx
[LOG 14:12:55.704] lambert1.mat
[LOG 14:12:55.705] laythe_boulder_d.mat
[LOG 14:12:55.705] laythe_geyser_d.mat
[LOG 14:12:55.705] laythe_stone_d.mat
[LOG 14:12:55.705] laytheboulder.prefab
[LOG 14:12:55.705] laythegeyser.prefab
[LOG 14:12:55.705] laythestone.prefab
[LOG 14:12:55.705] laythe_boulder_d.tga
[LOG 14:12:55.705] laythe_boulder_n.png
[LOG 14:12:55.705] laythe_geyser_d.tga
[LOG 14:12:55.705] laythe_geyser_n.png
[LOG 14:12:55.705] laythe_stone_d.tga
[LOG 14:12:55.705] laythe_stone_n.png
[LOG 14:12:55.705] greensandstone.fbx
[LOG 14:12:55.705] lambert1.mat
[LOG 14:12:55.705] minmus_green_sandstone_d.mat
[LOG 14:12:55.705] minmus_olivine_formation_d.mat
[LOG 14:12:55.705] minmusolivineformation.fbx
[LOG 14:12:55.705] minmus_greensandstone.prefab
[LOG 14:12:55.705] minmus_olivineformation.prefab
[LOG 14:12:55.705] minmus_green_sandstone_d.tga
[LOG 14:12:55.705] minmus_green_sandstone_n.png
[LOG 14:12:55.705] minmus_olivine_formation_d.tga
[LOG 14:12:55.705] minmus_olivine_formation_n.png
[LOG 14:12:55.705] lambert1.mat
[LOG 14:12:55.705] moho wrinkleridge_d.mat
[LOG 14:12:55.705] moho_stone_d.mat
[LOG 14:12:55.705] mohostone.fbx
[LOG 14:12:55.705] mohowrinkleridge.fbx
[LOG 14:12:55.706] mohostone.prefab
[LOG 14:12:55.706] mohowrinkleridge.prefab
[LOG 14:12:55.706] moho wrinkleridge_d.tga
[LOG 14:12:55.706] moho wrinkleridge_e.png
[LOG 14:12:55.706] moho wrinkleridge_n.png
[LOG 14:12:55.706] moho_stone_d.tga
[LOG 14:12:55.706] moho_stone_n.png
[LOG 14:12:55.706] lambert1.mat
[LOG 14:12:55.706] mun_crater_d.mat
[LOG 14:12:55.706] mun_large_crater_d.mat
[LOG 14:12:55.706] mun_stone_d.mat
[LOG 14:12:55.706] muncrater.fbx
[LOG 14:12:55.706] munlargecrater.fbx
[LOG 14:12:55.706] munstone.fbx
[LOG 14:12:55.706] muncrater.prefab
[LOG 14:12:55.706] munlargecrater.prefab
[LOG 14:12:55.706] munstone.prefab
[LOG 14:12:55.706] mun_crater_d.tga
[LOG 14:12:55.706] mun_crater_n.png
[LOG 14:12:55.706] mun_large_crater_d.tga
[LOG 14:12:55.706] mun_large_crater_n.png
[LOG 14:12:55.706] mun_stone_d.tga
[LOG 14:12:55.706] mun_stone_n.png
[LOG 14:12:55.706] lambert1.mat
[LOG 14:12:55.706] pol_yellowstone_d.mat
[LOG 14:12:55.706] polyellowstone.fbx
[LOG 14:12:55.706] pol_yellowstones.prefab
[LOG 14:12:55.706] pol_yellowstone_d.png
[LOG 14:12:55.706] pol_yellowstone_n.png
[LOG 14:12:55.706] lambert1.mat
[LOG 14:12:55.707] tylo_checkerboard_d.mat
[LOG 14:12:55.707] tylo_dark boulder_d.mat
[LOG 14:12:55.707] tylo_light_d.mat
[LOG 14:12:55.707] tyloboulder.fbx
[LOG 14:12:55.707] tylocheckerboard.fbx
[LOG 14:12:55.707] tylolightstone.fbx
[LOG 14:12:55.707] tylo_ checkerboard_n.png
[LOG 14:12:55.707] tylo_checkerboard_d.png
[LOG 14:12:55.707] tylo_dark boulder_d.tga
[LOG 14:12:55.707] tylo_dark boulder_n.png
[LOG 14:12:55.707] tylo_light_d.tga
[LOG 14:12:55.707] tylo_light_n.png
[LOG 14:12:55.707] tylocheckerboard.prefab
[LOG 14:12:55.707] tylodarkboulder.prefab
[LOG 14:12:55.707] tylolightstone.prefab
[LOG 14:12:55.707] cryovolcano_d.mat
[LOG 14:12:55.707] lambert1.mat
[LOG 14:12:55.707] vallicechunk_d.mat
[LOG 14:12:55.707] vallstone_d.mat
[LOG 14:12:55.707] vall_cryovolcano.fbx
[LOG 14:12:55.707] vall_icechunk.fbx
[LOG 14:12:55.707] vall_stone.fbx
[LOG 14:12:55.707] cryovolcano_d.tga
[LOG 14:12:55.707] cryovolcano_e.png
[LOG 14:12:55.707] cryovolcano_n.jpg
[LOG 14:12:55.707] cryovolcano_s.jpg
[LOG 14:12:55.707] vallicechunk_d.jpg
[LOG 14:12:55.707] vallicechunk_e.jpg
[LOG 14:12:55.707] vallicechunk_n.jpg
[LOG 14:12:55.708] vallicechunk_s.jpg
[LOG 14:12:55.708] vallstone_d.jpg
[LOG 14:12:55.708] vallstone_e.jpg
[LOG 14:12:55.708] vallstone_n.jpg
[LOG 14:12:55.708] vallstone_s.jpg
[LOG 14:12:55.708] vallcryovolcano.prefab
[LOG 14:12:55.708] vallicechunk.prefab
[LOG 14:12:55.708] vallstone.prefab
[LOG 14:12:55.708] vfx_spark.mat
[LOG 14:12:55.708] vfx_welding_flare.mat
[LOG 14:12:55.708] cometdustmaterial.mat
[LOG 14:12:55.708] cometgeysermat.mat
[LOG 14:12:55.718] GetTypesOfModulesImplementingInterface2: Found 69 types with IPartModuleAdjuster interface in 17 assemblies.
[LOG 14:12:55.728] GetSubclassesOfParentClass: Found 0 types with ModuleActiveRadiator parent in 17 assemblies.
[LOG 14:12:55.737] GetSubclassesOfParentClass: Found 0 types with ModuleAlternator parent in 17 assemblies.
[LOG 14:12:55.745] GetSubclassesOfParentClass: Found 1 types with ModuleControlSurface parent in 17 assemblies.
[LOG 14:12:55.753] GetSubclassesOfParentClass: Found 0 types with ModuleDataTransmitter parent in 17 assemblies.
[LOG 14:12:55.762] GetSubclassesOfParentClass: Found 0 types with ModuleDeployableSolarPanel parent in 17 assemblies.
[LOG 14:12:55.770] GetSubclassesOfParentClass: Found 1 types with ModuleEngines parent in 17 assemblies.
[LOG 14:12:55.778] GetSubclassesOfParentClass: Found 0 types with ModuleGenerator parent in 17 assemblies.
[LOG 14:12:55.786] GetSubclassesOfParentClass: Found 0 types with ModuleGimbal parent in 17 assemblies.
[LOG 14:12:55.794] GetSubclassesOfParentClass: Found 2 types with ModuleLiftingSurface parent in 17 assemblies.
[LOG 14:12:55.802] GetSubclassesOfParentClass: Found 0 types with ModuleLight parent in 17 assemblies.
[LOG 14:12:55.809] GetSubclassesOfParentClass: Found 0 types with ModuleReactionWheel parent in 17 assemblies.
[LOG 14:12:55.817] GetSubclassesOfParentClass: Found 0 types with ModuleSAS parent in 17 assemblies.
[LOG 14:12:55.825] GetSubclassesOfParentClass: Found 0 types with ModuleWheelBrakes parent in 17 assemblies.
[LOG 14:12:55.834] GetSubclassesOfParentClass: Found 1 types with ModuleWheelMotor parent in 17 assemblies.
[LOG 14:12:55.834] GetSubclassesOfParentClass: Using cached results for ModuleActiveRadiator
[LOG 14:12:55.842] GetSubclassesOfParentClass: Found 0 types with ModuleAnchoredDecoupler parent in 17 assemblies.
[LOG 14:12:55.850] GetSubclassesOfParentClass: Found 0 types with ModuleCargoBay parent in 17 assemblies.
[LOG 14:12:55.850] GetSubclassesOfParentClass: Using cached results for ModuleControlSurface
[LOG 14:12:55.850] GetSubclassesOfParentClass: Using cached results for ModuleDataTransmitter
[LOG 14:12:55.858] GetSubclassesOfParentClass: Found 0 types with ModuleDecouple parent in 17 assemblies.
[LOG 14:12:55.866] GetSubclassesOfParentClass: Found 4 types with ModuleDeployablePart parent in 17 assemblies.
[LOG 14:12:55.874] GetSubclassesOfParentClass: Found 0 types with ModuleDockingNode parent in 17 assemblies.
[LOG 14:12:55.874] GetSubclassesOfParentClass: Using cached results for ModuleEngines
[LOG 14:12:55.883] GetSubclassesOfParentClass: Found 0 types with CModuleFuelLine parent in 17 assemblies.
[LOG 14:12:55.891] GetSubclassesOfParentClass: Found 0 types with ModuleGPS parent in 17 assemblies.
[LOG 14:12:55.899] GetSubclassesOfParentClass: Found 0 types with ModuleGrappleNode parent in 17 assemblies.
[LOG 14:12:55.899] GetSubclassesOfParentClass: Using cached results for ModuleGrappleNode
[LOG 14:12:55.907] GetSubclassesOfParentClass: Found 0 types with ModuleKerbNetAccess parent in 17 assemblies.
[LOG 14:12:55.907] GetSubclassesOfParentClass: Using cached results for ModuleLight
[LOG 14:12:55.907] GetSubclassesOfParentClass: Using cached results for ModuleLight
[LOG 14:12:55.915] GetSubclassesOfParentClass: Found 0 types with ModuleProbeControlPoint parent in 17 assemblies.
[LOG 14:12:55.923] GetSubclassesOfParentClass: Found 1 types with ModuleRCS parent in 17 assemblies.
[LOG 14:12:55.923] GetSubclassesOfParentClass: Using cached results for ModuleRCS
[LOG 14:12:55.923] GetSubclassesOfParentClass: Using cached results for ModuleReactionWheel
[LOG 14:12:55.924] GetSubclassesOfParentClass: Using cached results for ModuleReactionWheel
[LOG 14:12:55.932] GetSubclassesOfParentClass: Found 0 types with ModuleResourceIntake parent in 17 assemblies.
[LOG 14:12:55.940] GetSubclassesOfParentClass: Found 0 types with ModuleScienceExperiment parent in 17 assemblies.
[LOG 14:12:55.948] GetSubclassesOfParentClass: Found 0 types with ModuleToggleCrossfeed parent in 17 assemblies.
[LOG 14:12:55.956] GetSubclassesOfParentClass: Found 0 types with ModuleWheelDeployment parent in 17 assemblies.
[LOG 14:12:55.975] ExpansionsLoader: Expansions loaded in 9.063s
[LOG 14:12:55.975] Loading Systems: Elapsed time is 27.64186s
[LOG 14:12:59.345] [AddonLoader]: Instantiating addon 'Injector' from assembly 'Kopernicus'
[LOG 14:12:59.347] [Kopernicus] Running Kopernicus 1.12.1-248 on KSP 1.12.5
[LOG 14:12:59.534] [Kopernicus] Default logger initialized as Kopernicus
[LOG 14:12:59.566] [Kopernicus] ShaderLoader: Loading asset bundle at path D:/KSP-RSS-Dev/KSP_x64_Data/../GameData/Kopernicus/Shaders\kopernicusshaders-windows.unity3d
[LOG 14:12:59.569] [Kopernicus] ShaderLoader: adding Kopernicus/Rings
[LOG 14:12:59.794] [OD] Adding for sphere Ceres map named RSS-Textures/PluginData/CeresColor.dds
[LOG 14:12:59.800] [OD] Adding for sphere Ceres map named RSS-Textures/PluginData/CeresHeight.dds
[WRN 14:12:59.856] DontDestroyOnLoad only works for root GameObjects or components on root GameObjects.
[LOG 14:12:59.942] [OD] Adding for sphere Kerbin map named RSS-Textures/PluginData/EarthHeight.dds
[LOG 14:12:59.994] [OD] Adding for sphere Kerbin map named RSS-Textures/PluginData/EarthSurface.dds
[LOG 14:13:01.114] [OD] Adding for sphere Moon map named RSS-Textures/MoonColor.dds
[LOG 14:13:01.115] [OD] Adding for sphere Moon map named RSS-Textures/PluginData/MoonHeight.dds
[LOG 14:13:01.169] [OD] Adding for sphere Callisto map named RSS-Textures/PluginData/CallistoHeight.dds
[LOG 14:13:01.169] [OD] Adding for sphere Callisto map named RSS-Textures/PluginData/CallistoColor.dds
[LOG 14:13:01.218] [OD] Adding for sphere Europa map named RSS-Textures/PluginData/EuropaHeight.dds
[LOG 14:13:01.219] [OD] Adding for sphere Europa map named RSS-Textures/PluginData/EuropaColor.dds
[LOG 14:13:01.277] [OD] Adding for sphere Ganymede map named RSS-Textures/PluginData/GanymedeHeight.dds
[LOG 14:13:01.278] [OD] Adding for sphere Ganymede map named RSS-Textures/PluginData/GanymedeColor.dds
[LOG 14:13:01.324] [OD] Adding for sphere Io map named RSS-Textures/PluginData/IoHeight.dds
[LOG 14:13:01.325] [OD] Adding for sphere Io map named RSS-Textures/PluginData/IoColor.dds
[LOG 14:13:01.349] [Kopernicus] New Jool detected, shaders stripped!
[LOG 14:13:01.461] [OD] Adding for sphere Deimos map named RSS-Textures/PluginData/DeimosColor.dds
[LOG 14:13:01.462] [OD] Adding for sphere Deimos map named RSS-Textures/PluginData/DeimosHeight.dds
[LOG 14:13:01.515] [OD] Adding for sphere Mars map named RSS-Textures/PluginData/MarsHeight.dds
[LOG 14:13:01.516] [OD] Adding for sphere Mars map named RSS-Textures/PluginData/MarsColor.dds
[LOG 14:13:01.568] [OD] Adding for sphere Phobos map named RSS-Textures/PluginData/PhobosColor.dds
[LOG 14:13:01.568] [OD] Adding for sphere Phobos map named RSS-Textures/PluginData/PhobosHeight.dds
[LOG 14:13:01.627] [OD] Adding for sphere Mercury map named RSS-Textures/PluginData/MercuryColor.dds
[LOG 14:13:01.627] [OD] Adding for sphere Mercury map named RSS-Textures/PluginData/MercuryHeight.dds
[LOG 14:13:01.658] [Kopernicus] New Jool detected, shaders stripped!
[LOG 14:13:01.739] [OD] Adding for sphere Triton map named RSS-Textures/PluginData/TritonColor.dds
[LOG 14:13:01.819] [OD] Adding for sphere Charon map named RSS-Textures/PluginData/CharonColor.dds
[LOG 14:13:01.819] [OD] Adding for sphere Charon map named RSS-Textures/PluginData/CharonHeight.dds
[LOG 14:13:01.870] [OD] Adding for sphere Pluto map named RSS-Textures/PluginData/PlutoColor.dds
[LOG 14:13:01.870] [OD] Adding for sphere Pluto map named RSS-Textures/PluginData/PlutoHeight.dds
[LOG 14:13:01.926] [OD] Adding for sphere Dione map named RSS-Textures/PluginData/DioneColor.dds
[LOG 14:13:01.980] [OD] Adding for sphere Enceladus map named RSS-Textures/PluginData/EnceladusColor.dds
[LOG 14:13:02.056] [OD] Adding for sphere Iapetus map named RSS-Textures/PluginData/IapetusColor.dds
[LOG 14:13:02.151] [OD] Adding for sphere Mimas map named RSS-Textures/PluginData/MimasColor.dds
[LOG 14:13:02.226] [OD] Adding for sphere Rhea map named RSS-Textures/PluginData/RheaColor.dds
[LOG 14:13:02.251] [Kopernicus] New Jool detected, shaders stripped!
[LOG 14:13:02.335] [OD] Adding for sphere Tethys map named RSS-Textures/PluginData/TethysColor.dds
[LOG 14:13:02.391] [OD] Adding for sphere Titan map named RSS-Textures/PluginData/TitanHeight.dds
[LOG 14:13:02.392] [OD] Adding for sphere Titan map named RSS-Textures/PluginData/TitanColor.dds
[LOG 14:13:02.466] [OD] Adding for sphere Ariel map named RSS-Textures/PluginData/ArielColor.dds
[LOG 14:13:02.466] [OD] Adding for sphere Ariel map named RSS-Textures/PluginData/ArielHeight.dds
[LOG 14:13:02.545] [OD] Adding for sphere Miranda map named RSS-Textures/PluginData/MirandaColor.dds
[LOG 14:13:02.546] [OD] Adding for sphere Miranda map named RSS-Textures/PluginData/MirandaHeight.dds
[LOG 14:13:02.619] [OD] Adding for sphere Oberon map named RSS-Textures/PluginData/OberonColor.dds
[LOG 14:13:02.619] [OD] Adding for sphere Oberon map named RSS-Textures/PluginData/OberonHeight.dds
[LOG 14:13:02.670] [OD] Adding for sphere Titania map named RSS-Textures/PluginData/TitaniaColor.dds
[LOG 14:13:02.670] [OD] Adding for sphere Titania map named RSS-Textures/PluginData/TitaniaHeight.dds
[LOG 14:13:02.725] [OD] Adding for sphere Umbriel map named RSS-Textures/PluginData/UmbrielColor.dds
[LOG 14:13:02.725] [OD] Adding for sphere Umbriel map named RSS-Textures/PluginData/UmbrielHeight.dds
[LOG 14:13:02.749] [Kopernicus] New Jool detected, shaders stripped!
[LOG 14:13:02.827] [OD] Adding for sphere Venus map named RSS-Textures/PluginData/VenusHeight.dds
[LOG 14:13:02.828] [OD] Adding for sphere Venus map named RSS-Textures/PluginData/VenusColor.dds
[LOG 14:13:02.934] [OD] Adding for sphere Vesta map named RSS-Textures/PluginData/VestaColor.dds
[LOG 14:13:02.935] [OD] Adding for sphere Vesta map named RSS-Textures/PluginData/VestaHeight.dds
[LOG 14:13:02.991] [AddonLoader]: Instantiating addon 'ToolbarButton' from assembly 'Kopernicus'
[LOG 14:13:02.991] [AddonLoader]: Instantiating addon 'ShadowMan' from assembly 'Kopernicus'
[LOG 14:13:02.991] [AddonLoader]: Instantiating addon 'RenderTypeFixer' from assembly 'Kopernicus'
[LOG 14:13:02.992] [AddonLoader]: Instantiating addon 'AtmosphereFixer' from assembly 'Kopernicus'
[LOG 14:13:02.992] [AddonLoader]: Instantiating addon 'SinkingBugFix' from assembly 'Kopernicus'
[LOG 14:13:02.993] [AddonLoader]: Instantiating addon 'KSPCFFastLoaderPSystemSetup' from assembly 'KSPCommunityFixes'
[LOG 14:13:02.994] [AddonLoader]: Instantiating addon 'TimeWarpFixer' from assembly 'RealSolarSystem'
[LOG 14:13:03.313] [Agent]: Found 19 agent mentality types
[LOG 14:13:03.315] [AgentList]: 31 agents parsed and loaded.
[LOG 14:13:03.349] [UIMasterController]: HideUI
[LOG 14:13:03.459] [Kopernicus]: Loaded large map: D:/KSP-RSS-Dev/KSP_x64_Data/../GameData/RSS-Textures/PluginData/EarthHeight.dds
[LOG 14:13:03.460] [OD] ---> Map RSS-Textures/PluginData/EarthHeight.dds enabling self. Path = RSS-Textures/PluginData/EarthHeight.dds
[WRN 14:13:03.487] DontDestroyOnLoad only works for root GameObjects or components on root GameObjects.
[LOG 14:13:03.534] [OD] --> ScaledSpaceDemand.LoadTextures loading Mercury
[LOG 14:13:03.535] [OD] --> ScaledSpaceDemand.LoadTextures loading Miranda
[LOG 14:13:03.537] [OD] --> ScaledSpaceDemand.LoadTextures loading Ariel
[LOG 14:13:03.537] [OD] --> ScaledSpaceDemand.LoadTextures loading Uranus
[LOG 14:13:03.538] [OD] Loaded texture RSS-Textures/PluginData/MercuryColor.dds
[LOG 14:13:03.538] [OD] --> ScaledSpaceDemand.LoadTextures loading Umbriel
[LOG 14:13:03.538] [OD] --> ScaledSpaceDemand.LoadTextures loading Titania
[LOG 14:13:03.539] [OD] --> ScaledSpaceDemand.LoadTextures loading Oberon
[LOG 14:13:03.554] [OD] Loaded texture RSS-Textures/PluginData/MirandaColor.dds
[LOG 14:13:03.554] [OD] Loaded texture RSS-Textures/PluginData/Mercury_NRM.dds
[LOG 14:13:03.554] [OD] Loaded texture RSS-Textures/PluginData/Flat_NRM.dds
[LOG 14:13:03.555] [OD] Loaded texture RSS-Textures/PluginData/Miranda_NRM.dds
[LOG 14:13:03.555] [OD] Loaded texture RSS-Textures/PluginData/Titania_NRM.dds
[LOG 14:13:03.555] [OD] Loaded texture RSS-Textures/PluginData/Umbriel_NRM.dds
[LOG 14:13:03.555] [OD] Loaded texture RSS-Textures/PluginData/UmbrielColor.dds
[LOG 14:13:03.555] [OD] Loaded texture RSS-Textures/PluginData/TitaniaColor.dds
[LOG 14:13:03.555] [OD] Loaded texture RSS-Textures/PluginData/Ariel_NRM.dds
[LOG 14:13:03.555] [OD] Loaded texture RSS-Textures/PluginData/ArielColor.dds
[LOG 14:13:03.556] [OD] Loaded texture RSS-Textures/PluginData/UranusColor.dds
[LOG 14:13:03.559] [OD] Loaded texture RSS-Textures/PluginData/Oberon_NRM.dds
[LOG 14:13:03.559] [OD] Loaded texture RSS-Textures/PluginData/OberonColor.dds
[LOG 14:13:03.566] [Kopernicus]: Post-Spawn
[LOG 14:13:03.568] Found max distance 7285326303016.2
[LOG 14:13:03.589] PSystemSetup: Cannot add Stock launchsite named '#autoLOC_8006102' - Launchsite is not setup.
[LOG 14:13:03.732] [OD] Loading Kerbin
[LOG 14:13:03.734] [OD] ---> Map RSS-Textures/PluginData/EarthSurface.dds enabling self. Path = RSS-Textures/PluginData/EarthSurface.dds
[ERR 14:13:07.434] [LaunchSite]: unable to find LaunchSite Transform :Crater_Launch_Site

[LOG 14:13:07.434] PSystemSetup: Cannot add Stock launchsite named '#autoLOC_6006117' - Launchsite is not setup.
[ERR 14:13:07.436] [LaunchSite]: unable to find LaunchSite Transform :MahiMahi_Launch_Site

[LOG 14:13:07.436] PSystemSetup: Cannot add Stock launchsite named '#autoLOC_6006118' - Launchsite is not setup.
[ERR 14:13:07.438] [LaunchSite]: unable to find LaunchSite Transform :Cove_Launch_Site

[LOG 14:13:07.438] PSystemSetup: Cannot add Stock launchsite named '#autoLOC_6006119' - Launchsite is not setup.
[ERR 14:13:07.439] [LaunchSite]: unable to find LaunchSite Transform :GlacierLake_Launch_Site

[LOG 14:13:07.439] PSystemSetup: Cannot add Stock launchsite named '#autoLOC_6006120' - Launchsite is not setup.
[LOG 14:13:07.449] [UIMasterController]: HideUI
[LOG 14:13:07.456] [HighLogic]: =========================== Scene Change : From LOADING to MAINMENU =====================
[LOG 14:13:08.012] [AddonLoader]: Instantiating addon 'ContractDefs' from assembly 'KSP'
[LOG 14:13:08.039] [AddonLoader]: Instantiating addon 'DebugMenuScreen' from assembly 'KSPTextureLoader'
[LOG 14:13:08.041] [AddonLoader]: Instantiating addon 'ToolbarButton' from assembly 'Kopernicus'
[LOG 14:13:08.041] [AddonLoader]: Instantiating addon 'MissingTexturesPopupLauncher' from assembly 'Kopernicus'
[LOG 14:13:08.041] [AddonLoader]: Instantiating addon 'ShadowMan' from assembly 'Kopernicus'
[LOG 14:13:08.041] [AddonLoader]: Instantiating addon 'RenderTypeFixer' from assembly 'Kopernicus'
[LOG 14:13:08.041] [AddonLoader]: Instantiating addon 'AtmosphereFixer' from assembly 'Kopernicus'
[LOG 14:13:08.042] [AddonLoader]: Instantiating addon 'MainMenuFixer' from assembly 'Kopernicus'
[LOG 14:13:08.047] [AddonLoader]: Instantiating addon 'RuntimeUtility' from assembly 'Kopernicus'
[LOG 14:13:08.057] [AddonLoader]: Instantiating addon 'SinkingBugFix' from assembly 'Kopernicus'
[LOG 14:13:08.057] [AddonLoader]: Instantiating addon 'StarLightSwitcher' from assembly 'Kopernicus'
[LOG 14:13:08.059] [AddonLoader]: Instantiating addon 'KSPCFFastLoaderReport' from assembly 'KSPCommunityFixes'
[LOG 14:13:08.059] [AddonLoader]: Instantiating addon 'TimeWarpFixer' from assembly 'RealSolarSystem'
[LOG 14:13:08.080] [UIMasterController]: ShowUI
[LOG 14:13:08.348] [GameParameters]: Loaded custom parameter class CommNetParams.
[LOG 14:13:08.348] [GameParameters]: Loaded custom parameter class MissionParamsGeneral.
[LOG 14:13:08.348] [GameParameters]: Loaded custom parameter class MissionParamsFacilities.
[LOG 14:13:08.348] [GameParameters]: Loaded custom parameter class MissionParamsExtras.
[LOG 14:13:08.349] [GameParameters]: Loaded custom parameter class AdvancedParams.
[LOG 14:13:08.373] [ReflectionUtil]: Found 40 types with UpgradeModule attribute in 17 assemblies.
[LOG 14:13:08.434] [OD] --> OnDemandStorage.EnableBody loading Kerbin
[WRN 14:13:08.451] DontDestroyOnLoad only works for root GameObjects or components on root GameObjects.
[LOG 14:13:08.455] [KSPCF:FastLoader] Intel(R) Core(TM) i7-4790K CPU @ 4.00GHz | 32687 MB | NVIDIA GeForce GTX 1060 6GB (6029 MB)
Total loading time to main menu : 43.514s
- Configs and assemblies loaded in 5.321s
- Configs reload done in 1.281s
- Configs translated in 0.018s
- 2899 assets loaded in 3.737s :
  - 86 audio assets (79.689 MiB) in 0.555s, 143.517 MiB/s
  - 2185 texture assets (1.304 GiB) in 2.533s, 527.458 MiB/s
  - 626 model assets (64.41 MiB) in 0.647s, 99.573 MiB/s
- Asset bundles loaded in 0.494s
- GameDatabase (configs, resources, traits, upgrades...) loaded in 0.087s
- Built-in parts copied in 0.022s
- Part and internal configs extracted in 0.001s
- 483 parts and 1927 modules compiled in 7.802s
  - 4.0 modules/part, 16.153 ms/part, 4.049 ms/module
  - PartIcon compilation : 1.086s
- 27 internal spaces and 56 props compiled in 0.221s
- 2 DLC (Making History, Breaking Ground) loaded in 9.108s
- Planetary system loaded in 9.417s
[LOG 14:13:08.455] Texture queries : 1713, slow path : 1 (0.06 %)
[LOG 14:13:08.460] [ModuleManager] Total loading Time = 38.540s
[LOG 14:13:08.514] [ScenarioTypes]: List Created 24 scenario types loaded from 17 loaded assemblies.
[WRN 14:13:08.522] File 'D:/KSP-RSS-Dev/KSP_x64_Data/../Missions/MissionScoreInfo.cfg' does not exist
[LOG 14:13:08.525] [ApplicationLauncher] Awake False
[LOG 14:13:08.526] [ApplicationLauncher] SpawnSimpleLayout: VerticalTopDown
[LOG 14:13:08.539] [UiApp] Awake: 
[LOG 14:13:08.540] [ApplicationLauncher] OnSceneLoadedGUIReady: scene MAINMENU ShouldBeVisible() True ShouldBeOnTop() True iIsPositionedAtTop True
[LOG 14:13:08.544] [Kopernicus]: StarLightSwitcher: Set active star => Sun
[LOG 14:13:08.574] [UIApp] Adding  to Application Launcher
[LOG 14:13:08.577] [ApplicationLauncher] SetHidden: 
[LOG 14:13:08.583] [MessageSystem] OnAppInitialized
[LOG 14:13:08.583] [MessageSystem] Reposition 0.0402784 24809
[LOG 14:13:08.608] [ShadowMan][Debug] Kopernicus.ShadowMan setup done
[LOG 14:13:18.080] [OD] Unloading Kerbin
[LOG 14:13:18.082] [OD] <--- Map RSS-Textures/PluginData/EarthHeight.dds disabling self. Path = RSS-Textures/PluginData/EarthHeight.dds
[LOG 14:13:18.084] [OD] <--- Map RSS-Textures/PluginData/EarthSurface.dds disabling self. Path = RSS-Textures/PluginData/EarthSurface.dds
[LOG 14:15:32.951] [SceneLoadSpeedBoost] Save loaded from disk in 1ms
[LOG 14:15:32.962] [ExperienceSystem]: Found 0 trait types
[LOG 14:15:32.971] [ExperienceSystem]: Found 20 effect types
[LOG 14:15:34.007] [KSPUpgradePipeline]: ClaudeRSS (1.12.5) is up to date.
[LOG 14:15:34.022] [ScenarioTypes]: List Created 24 scenario types loaded from 17 loaded assemblies.
[LOG 14:15:34.044] Game State Saved to saves/ClaudeRSS/persistent
[LOG 14:15:34.053] [MessageSystem] Load Messages
[LOG 14:15:34.061] [UIMasterController]: HideUI
[LOG 14:15:34.063] [HighLogic]: =========================== Scene Change : From MAINMENU to SPACECENTER =====================
[LOG 14:15:34.408] [AddonLoader]: Instantiating addon 'CustomConfigsManager' from assembly 'ModuleManager'
[LOG 14:15:34.411] [AddonLoader]: Instantiating addon 'ToolbarButton' from assembly 'Kopernicus'
[LOG 14:15:34.411] [AddonLoader]: Instantiating addon 'ShadowMan' from assembly 'Kopernicus'
[LOG 14:15:34.412] [AddonLoader]: Instantiating addon 'RenderTypeFixer' from assembly 'Kopernicus'
[LOG 14:15:34.412] [AddonLoader]: Instantiating addon 'AtmosphereFixer' from assembly 'Kopernicus'
[LOG 14:15:34.412] [AddonLoader]: Instantiating addon 'SinkingBugFix' from assembly 'Kopernicus'
[LOG 14:15:34.413] [AddonLoader]: Instantiating addon 'RSSCommNetSettings' from assembly 'RealSolarSystem'
[LOG 14:15:34.414] [AddonLoader]: Instantiating addon 'TimeWarpFixer' from assembly 'RealSolarSystem'
[LOG 14:15:34.414] [AddonLoader]: Instantiating addon 'RSSWatchDog' from assembly 'RealSolarSystem'
[LOG 14:15:34.457] [Kopernicus]: Loaded large map: D:/KSP-RSS-Dev/KSP_x64_Data/../GameData/RSS-Textures/PluginData/EarthHeight.dds
[LOG 14:15:34.458] [OD] ---> Map RSS-Textures/PluginData/EarthHeight.dds enabling self. Path = RSS-Textures/PluginData/EarthHeight.dds
[LOG 14:15:34.479] [OD] Loading Kerbin
[LOG 14:15:34.480] [OD] ---> Map RSS-Textures/PluginData/EarthSurface.dds enabling self. Path = RSS-Textures/PluginData/EarthSurface.dds
[LOG 14:15:36.078] [UIMasterController]: ShowUI
[LOG 14:15:36.376] [SceneLoadSpeedBoost] Save loaded from disk in 3ms
[LOG 14:15:36.404] GetSubclassesOfParentClass: Found 7 types with AlarmTypeBase parent in 17 assemblies.
[LOG 14:15:36.413] Loading Depletion Nodes
[LOG 14:15:36.413] DepNodeCount:  0
[LOG 14:15:36.413] Loading Biome Nodes
[LOG 14:15:36.413] BiomeNodeCount:  0
[LOG 14:15:36.413] Loading Planet Nodes
[LOG 14:15:36.414] PlanetNodeCount:  0
[LOG 14:15:36.428] [ScenarioDestructibles]: Loading... 0 objects registered
[LOG 14:15:36.464] [RealSolarSystem] Checking for custom CommNet settings...
[LOG 14:15:36.465] [RealSolarSystem] Updating the CommNet settings...
[LOG 14:15:36.505] [Kopernicus] Using Kopernicus Discoverable Object Spawner.
[LOG 14:15:36.512] [ShadowMan][Info] Running in unified camera mode
[LOG 14:15:36.513] [ShadowMan][Debug] Adding TweakShadowCascades: (0.002, 0.015, 0.035) to Camera Camera 00
[LOG 14:15:36.513] [ShadowMan][Debug] Default split: (0.050, 0.152, 0.264)
[LOG 14:15:36.519] [ShadowMan][Debug] ShaderReplacer instance created
[LOG 14:15:36.520] [ShadowMan][Debug] Setting shadowmap resolution to: 8192 on SunLight
[LOG 14:15:36.523] [ShadowMan][Debug] Found rings for Saturn
[LOG 14:15:36.527] [ShadowMan][Debug] Kopernicus.ShadowMan setup done
[LOG 14:15:36.539] [RealSolarSystem] Setting TimeWarp rates...
[LOG 14:15:36.553] [OD] <--- ScaledSpaceDemand.UnloadTextures unloading Mercury
[LOG 14:15:36.553] [OD] Unloading RSS-Textures/PluginData/MercuryColor.dds
[LOG 14:15:36.553] [OD] Unloading RSS-Textures/PluginData/Mercury_NRM.dds
[LOG 14:15:36.553] [OD] <--- ScaledSpaceDemand.UnloadTextures unloading Uranus
[LOG 14:15:36.554] [OD] Unloading RSS-Textures/PluginData/UranusColor.dds
[LOG 14:15:36.554] [OD] Unloading RSS-Textures/PluginData/Flat_NRM.dds
[LOG 14:15:36.554] [OD] <--- ScaledSpaceDemand.UnloadTextures unloading Miranda
[LOG 14:15:36.554] [OD] Unloading RSS-Textures/PluginData/MirandaColor.dds
[LOG 14:15:36.554] [OD] Unloading RSS-Textures/PluginData/Miranda_NRM.dds
[LOG 14:15:36.554] [OD] <--- ScaledSpaceDemand.UnloadTextures unloading Ariel
[LOG 14:15:36.554] [OD] Unloading RSS-Textures/PluginData/ArielColor.dds
[LOG 14:15:36.554] [OD] Unloading RSS-Textures/PluginData/Ariel_NRM.dds
[LOG 14:15:36.554] [OD] <--- ScaledSpaceDemand.UnloadTextures unloading Umbriel
[LOG 14:15:36.554] [OD] Unloading RSS-Textures/PluginData/UmbrielColor.dds
[LOG 14:15:36.554] [OD] Unloading RSS-Textures/PluginData/Umbriel_NRM.dds
[LOG 14:15:36.554] [OD] <--- ScaledSpaceDemand.UnloadTextures unloading Titania
[LOG 14:15:36.554] [OD] Unloading RSS-Textures/PluginData/TitaniaColor.dds
[LOG 14:15:36.554] [OD] Unloading RSS-Textures/PluginData/Titania_NRM.dds
[LOG 14:15:36.554] [OD] <--- ScaledSpaceDemand.UnloadTextures unloading Oberon
[LOG 14:15:36.554] [OD] Unloading RSS-Textures/PluginData/OberonColor.dds
[LOG 14:15:36.554] [OD] Unloading RSS-Textures/PluginData/Oberon_NRM.dds
[LOG 14:15:36.574] [UiApp] Awake: KSPedia
[LOG 14:15:36.574] [UiApp] Awake: Missions App
[LOG 14:15:36.574] [UiApp] Awake: AlarmClock
[LOG 14:15:36.575] [GenericAppFrame] Reposition 0 76452
[LOG 14:15:36.576] [ApplicationLauncher] OnSceneLoadedGUIReady: scene SPACECENTER ShouldBeVisible() True ShouldBeOnTop() False iIsPositionedAtTop True
[LOG 14:15:36.576] [ApplicationLauncher] SpawnSimpleLayout: HorizontalRightLeft
[LOG 14:15:36.579] [ApplicationLauncher] SetVisible: 
[LOG 14:15:36.580] ScaleModList: listSize 41 maxListSize 1148
[LOG 14:15:36.581] ScaleModList: listSize 41 maxListSize 1139
[LOG 14:15:36.581] [Kopernicus]: StarLightSwitcher: Set active star => Sun
[LOG 14:15:36.629] [UIApp] OnDestroy: Contracts
[LOG 14:15:36.638] [MessageSystem] Reposition 0.02 76453
[LOG 14:15:36.638] [GenericAppFrame] Reposition 0.02 76453
[LOG 14:15:36.639] [GenericAppFrame] Reposition 0.02 76453
[LOG 14:15:36.994] [UIApp] Adding AlarmClock to Application Launcher
[LOG 14:15:36.995] ScaleModList: listSize 41 maxListSize 1098
[LOG 14:15:36.996] [UIApp] Adding Missions App to Application Launcher
[LOG 14:15:36.996] ScaleModList: listSize 41 maxListSize 1057
[LOG 14:15:37.026] [GenericAppFrame] Reposition 0.1637939 76459
[LOG 14:15:37.030] [MissionsApp] OnAppStarted(): id: -390694
[LOG 14:15:37.030] MissionsApp does not execute in this game mode, destroying this instance
[LOG 14:15:37.030] [UIApp] OnDestroy: Missions App
[LOG 14:15:37.032] ScaleModList: listSize 41 maxListSize 1057
[LOG 14:15:37.043] [UIApp] Adding KSPedia to Application Launcher
[LOG 14:15:37.043] ScaleModList: listSize 41 maxListSize 1057
[LOG 14:15:37.226] Game Paused!
[LOG 14:15:37.228] [UIMasterController]: ShowUI
[LOG 14:15:39.189] [KSPUpgradePipeline]: ClaudeRSS (1.12.5) is up to date.
[LOG 14:15:39.223] [ScenarioTypes]: List Created 24 scenario types loaded from 17 loaded assemblies.
[LOG 14:15:39.223] [MessageSystem] Load Messages
[LOG 14:15:39.227] [UIMasterController]: HideUI
[LOG 14:15:39.237] [HighLogic]: =========================== Scene Change : From SPACECENTER to FLIGHT =====================
[LOG 14:15:39.239] Game Unpaused!
[LOG 14:15:39.246] [Kopernicus] Delaying ResetAndWait of body Charon until scene switch is complete
[LOG 14:15:39.246] [Kopernicus] Delaying ResetAndWait of body Pluto until scene switch is complete
[LOG 14:15:39.246] [Kopernicus] Delaying ResetAndWait of body Triton until scene switch is complete
[LOG 14:15:39.246] [Kopernicus] Delaying ResetAndWait of body Neptune until scene switch is complete
[LOG 14:15:39.246] [Kopernicus] Delaying ResetAndWait of body Neptune until scene switch is complete
[LOG 14:15:39.246] [Kopernicus] Delaying ResetAndWait of body Oberon until scene switch is complete
[LOG 14:15:39.246] [Kopernicus] Delaying ResetAndWait of body Titania until scene switch is complete
[LOG 14:15:39.246] [Kopernicus] Delaying ResetAndWait of body Umbriel until scene switch is complete
[LOG 14:15:39.246] [Kopernicus] Delaying ResetAndWait of body Ariel until scene switch is complete
[LOG 14:15:39.246] [Kopernicus] Delaying ResetAndWait of body Miranda until scene switch is complete
[LOG 14:15:39.246] [Kopernicus] Delaying ResetAndWait of body Uranus until scene switch is complete
[LOG 14:15:39.246] [Kopernicus] Delaying ResetAndWait of body Uranus until scene switch is complete
[LOG 14:15:39.246] [Kopernicus] Delaying ResetAndWait of body Iapetus until scene switch is complete
[LOG 14:15:39.247] [Kopernicus] Delaying ResetAndWait of body Titan until scene switch is complete
[LOG 14:15:39.247] [Kopernicus] Delaying ResetAndWait of body Rhea until scene switch is complete
[LOG 14:15:39.247] [Kopernicus] Delaying ResetAndWait of body Dione until scene switch is complete
[LOG 14:15:39.247] [Kopernicus] Delaying ResetAndWait of body Tethys until scene switch is complete
[LOG 14:15:39.247] [Kopernicus] Delaying ResetAndWait of body Enceladus until scene switch is complete
[LOG 14:15:39.247] [Kopernicus] Delaying ResetAndWait of body Mimas until scene switch is complete
[LOG 14:15:39.247] [Kopernicus] Delaying ResetAndWait of body Saturn until scene switch is complete
[LOG 14:15:39.247] [Kopernicus] Delaying ResetAndWait of body Saturn until scene switch is complete
[LOG 14:15:39.247] [Kopernicus] Delaying ResetAndWait of body Callisto until scene switch is complete
[LOG 14:15:39.247] [Kopernicus] Delaying ResetAndWait of body Ganymede until scene switch is complete
[LOG 14:15:39.247] [Kopernicus] Delaying ResetAndWait of body Europa until scene switch is complete
[LOG 14:15:39.247] [Kopernicus] Delaying ResetAndWait of body Io until scene switch is complete
[LOG 14:15:39.247] [Kopernicus] Delaying ResetAndWait of body Jupiter until scene switch is complete
[LOG 14:15:39.247] [Kopernicus] Delaying ResetAndWait of body Jupiter until scene switch is complete
[LOG 14:15:39.247] [Kopernicus] Delaying ResetAndWait of body Ceres until scene switch is complete
[LOG 14:15:39.247] [Kopernicus] Delaying ResetAndWait of body Vesta until scene switch is complete
[LOG 14:15:39.247] [Kopernicus] Delaying ResetAndWait of body Deimos until scene switch is complete
[LOG 14:15:39.247] [Kopernicus] Delaying ResetAndWait of body Phobos until scene switch is complete
[LOG 14:15:39.247] [Kopernicus] Delaying ResetAndWait of body Mars until scene switch is complete
[LOG 14:15:39.247] [Kopernicus] Delaying ResetAndWait of body Moon until scene switch is complete
[LOG 14:15:39.247] [Kopernicus] Delaying ResetAndWait of body Venus until scene switch is complete
[LOG 14:15:39.248] [Kopernicus] Delaying ResetAndWait of body Mercury until scene switch is complete
[LOG 14:15:39.542] ScaleModList: listSize 41 maxListSize 1057
[LOG 14:15:39.543] [UIApp] OnDestroy: AlarmClock
[LOG 14:15:39.543] ScaleModList: listSize 41 maxListSize 1057
[LOG 14:15:39.543] [UIApp] OnDestroy: KSPedia
[LOG 14:15:39.543] ScaleModList: listSize 41 maxListSize 1057
[LOG 14:15:39.549] [KSPCF:MemoryLeaks] Removed a onPlanetariumTargetChange callback owned by a destroyed Assembly-CSharp:CommNetVessel instance
[LOG 14:15:39.563] [KSPCF:MemoryLeaks] Leaving scene "SpaceCenter", cleaned 5 memory leaks in 0.018s. GameEvents callbacks : 692. Allocated memory : 684.527 MiB (managed heap), 2.222 GiB (unmanaged)
[LOG 14:15:39.575] UICanvasPrefabSpawner FlightUI spawning Flight
[LOG 14:15:39.616] UICanvasPrefabSpawner FlightUI spawning VesselLabels
[LOG 14:15:39.617] [UiApp] Awake: ResourceDisplay
[LOG 14:15:39.730] [AddonLoader]: Instantiating addon 'AeroGUI' from assembly 'KSP'
[LOG 14:15:39.753] [AddonLoader]: Instantiating addon 'ToolbarButton' from assembly 'Kopernicus'
[LOG 14:15:39.754] [AddonLoader]: Instantiating addon 'ShadowMan' from assembly 'Kopernicus'
[LOG 14:15:39.754] [AddonLoader]: Instantiating addon 'RenderTypeFixer' from assembly 'Kopernicus'
[LOG 14:15:39.754] [AddonLoader]: Instantiating addon 'AtmosphereFixer' from assembly 'Kopernicus'
[LOG 14:15:39.754] [AddonLoader]: Instantiating addon 'SinkingBugFix' from assembly 'Kopernicus'
[LOG 14:15:39.757] [AddonLoader]: Instantiating addon 'RealSolarSystemEditor' from assembly 'RealSolarSystem'
[LOG 14:15:39.758] [AddonLoader]: Instantiating addon 'RSSRunwayFix' from assembly 'RealSolarSystem'
[LOG 14:15:39.759] [AddonLoader]: Instantiating addon 'TimeWarpFixer' from assembly 'RealSolarSystem'
[LOG 14:15:39.759] [AddonLoader]: Instantiating addon 'VesselGroundPositionEnhancer' from assembly 'RealSolarSystem'
[LOG 14:15:39.759] [AddonLoader]: Instantiating addon 'RSSWatchDog' from assembly 'RealSolarSystem'
[LOG 14:15:39.760] [AddonLoader]: Instantiating addon 'TerrainPrecisionFixDiagMod' from assembly 'TerrainPrecisionFixDiagMod'
[LOG 14:15:39.762] [PlanetariumCamera]: Focus: Earth
[LOG 14:15:39.763] [UIMasterController]: HideUI
[LOG 14:15:40.152] [UIMasterController]: HideUI
[LOG 14:15:40.153] ------------------- initializing flight mode... ------------------
[LOG 14:15:40.154] GetSubclassesOfParentClass: Using cached results for AlarmTypeBase
[LOG 14:15:40.155] Loading Depletion Nodes
[LOG 14:15:40.155] DepNodeCount:  0
[LOG 14:15:40.155] Loading Biome Nodes
[LOG 14:15:40.155] BiomeNodeCount:  0
[LOG 14:15:40.155] Loading Planet Nodes
[LOG 14:15:40.155] PlanetNodeCount:  0
[LOG 14:15:40.158] [ScenarioDestructibles]: Loading... 0 objects registered
[LOG 14:15:40.172] Target vessel index: 2  vessel count: 3
[LOG 14:15:40.174] [FLIGHT GLOBALS]: Switching To Vessel Capsule ---------------------- 
[LOG 14:15:40.175] setting new dominant body: Moon
FlightGlobals.mainBody: Moon
[LOG 14:15:40.177] Reference Frame: Rotating
[LOG 14:15:40.197] [Capsule]: landed - waiting for ground contact to resume physics...
[LOG 14:15:40.208] [Kopernicus]: Loaded large map: D:/KSP-RSS-Dev/KSP_x64_Data/../GameData/RSS-Textures/PluginData/MoonHeight.dds
[LOG 14:15:40.209] [OD] ---> Map RSS-Textures/PluginData/MoonHeight.dds enabling self. Path = RSS-Textures/PluginData/MoonHeight.dds
[LOG 14:15:40.222] Camera Mode: AUTO
[LOG 14:15:40.267] [OD] Loading Moon
[LOG 14:15:40.268] [OD] ---> Map RSS-Textures/MoonColor.dds enabling self. Path = RSS-Textures/MoonColor.dds
[LOG 14:15:41.210] all systems started
[LOG 14:15:41.309] [ModularFlightIntegrator] MFI Start
[LOG 14:15:41.311] [ModularFlightIntegrator] Start. VesselModule on vessel : 
  ModularFlightIntegrator
  AxisGroupsModule
  CometVessel
  SuspensionLoadBalancer
  CommNetVessel

[LOG 14:15:41.326] [Kopernicus] Using Kopernicus Discoverable Object Spawner.
[LOG 14:15:41.355] [ShadowMan][Info] Running in unified camera mode
[LOG 14:15:41.355] [ShadowMan][Debug] Adding TweakShadowCascades: (0.002, 0.015, 0.035) to Camera Camera 00
[LOG 14:15:41.355] [ShadowMan][Debug] Default split: (0.050, 0.152, 0.264)
[LOG 14:15:41.355] [ShadowMan][Debug] Setting shadowmap resolution to: 8192 on SunLight
[LOG 14:15:41.358] [ShadowMan][Debug] Found rings for Saturn
[LOG 14:15:41.360] [ShadowMan][Debug] Kopernicus.ShadowMan setup done
[LOG 14:15:41.411] [RealSolarSystem] Setting TimeWarp rates...
[LOG 14:15:41.429] [PlanetariumCamera]: Focus: Moon
[LOG 14:15:41.429] [PlanetariumCamera]: Focus: Earth
[LOG 14:15:41.526] [UiApp] Awake: CurrencyWidgetsApp
[LOG 14:15:41.526] [UiApp] Awake: ResourceDisplay
[LOG 14:15:41.527] [UiApp] Awake: KSPedia
[LOG 14:15:41.527] [UiApp] Awake: Missions App
[LOG 14:15:41.527] [UiApp] Awake: DeltaVApp
[LOG 14:15:41.527] [UiApp] Awake: ActionGroupsApp
[LOG 14:15:41.527] [UiApp] Awake: Construction
[LOG 14:15:41.527] [UiApp] Awake: Cargo
[LOG 14:15:41.527] [UiApp] Awake: AlarmClock
[LOG 14:15:41.527] [UiApp] Awake: ManeuverTool
[LOG 14:15:41.527] [ApplicationLauncher] OnSceneLoadedGUIReady: scene FLIGHT ShouldBeVisible() True ShouldBeOnTop() True iIsPositionedAtTop False
[LOG 14:15:41.527] [ApplicationLauncher] SpawnSimpleLayout: VerticalTopDown
[LOG 14:15:41.531] [KnowledgeBase] OnAppLauncherReady 76871
[LOG 14:15:41.539] [Kopernicus]: StarLightSwitcher: Set active star => Sun
[LOG 14:15:41.556] [UIApp] OnDestroy: Contracts
[LOG 14:15:41.576] [FlightIntegrator]: Reloaded drag cube for zeroed cube root part fuelTankSmallFlat (Capsule) on vessel Capsule
[LOG 14:15:41.592] [MessageSystem] Reposition 0.02 76872
[LOG 14:15:41.592] [GenericAppFrame] Reposition 0.02 76872
[LOG 14:15:41.592] [GenericAppFrame] Reposition 0.02 76872
[LOG 14:15:41.720] [PlanetariumCamera]: Focus: Capsule
[LOG 14:15:41.741] [UIApp] Adding ResourceDisplay to Application Launcher
[LOG 14:15:41.742] [UIApp] Adding ResourceDisplay to Application Launcher
[LOG 14:15:41.752] [ResourceDisplay] OnAppStarted(): id: -408608
[LOG 14:15:41.752] [GenericAppFrame] Reposition 0.1333362 76876
[LOG 14:15:41.753] [ResourceDisplay] OnAppStarted(): id: 264390
[LOG 14:15:41.753] ResourceDisplay already exist, destroying this instance
[LOG 14:15:41.753] [UIApp] OnDestroy: ResourceDisplay
[LOG 14:15:41.767] [UIApp] Adding AlarmClock to Application Launcher
[LOG 14:15:41.768] [UIApp] Adding ActionGroupsApp to Application Launcher
[LOG 14:15:41.770] [UIApp] Adding Missions App to Application Launcher
[LOG 14:15:41.771] CURRENCY WIDGET False False False
[LOG 14:15:41.772] [UIApp] OnDestroy: CurrencyWidgetsApp
[LOG 14:15:41.793] [GenericAppFrame] Reposition 0.1615648 76878
[LOG 14:15:41.795] [ActionGroupsApp] OnAppStarted(): id: -408632
[LOG 14:15:41.796] [GenericAppFrame] Reposition 0.1615648 76878
[LOG 14:15:41.797] [UIApp] Adding DeltaVApp to Application Launcher
[LOG 14:15:41.798] [MissionsApp] OnAppStarted(): id: -408620
[LOG 14:15:41.798] MissionsApp does not execute in this game mode, destroying this instance
[LOG 14:15:41.798] [UIApp] OnDestroy: Missions App
[LOG 14:15:41.809] [GenericAppFrame] Reposition 0.1897801 76879
[LOG 14:15:41.818] [UIApp] Adding Cargo to Application Launcher
[LOG 14:15:41.819] [UIApp] Adding Construction to Application Launcher
[LOG 14:15:41.820] [UIApp] Adding KSPedia to Application Launcher
[WRN 14:15:41.827] HighlightingSystem : Framebuffer depth data is not available and can't be used to occlude highlighting. Highlighting occluders enabled.
[LOG 14:15:41.840] [UIApp] Adding ManeuverTool to Application Launcher
[LOG 14:15:41.842] [ApplicationLauncher] SetHidden: 
[LOG 14:15:41.856] [GenericAppFrame] Reposition 0.2333386 76882
[LOG 14:15:41.866] [ManeuverTool]: Found 1 transfer types
[LOG 14:15:41.919] Flight State Captured
[LOG 14:15:41.923] Saving Achievements Tree...
[LOG 14:15:41.923] Saving Achievements Tree...
[LOG 14:15:41.924] Saving Achievements Tree...
[LOG 14:15:41.925] [MessageSystem] Save Messages
[LOG 14:15:41.941] Game State Saved as persistent
[LOG 14:15:42.062] [Kopernicus] AtmosphereFixer => Patched AtmosphereFromGround for Uranus
[LOG 14:15:42.062] [Kopernicus] AtmosphereFixer => Patched AtmosphereFromGround for Titan
[LOG 14:15:42.062] [Kopernicus] AtmosphereFixer => Patched AtmosphereFromGround for Saturn
[LOG 14:15:42.062] [Kopernicus] AtmosphereFixer => Patched AtmosphereFromGround for Jupiter
[LOG 14:15:42.063] [Kopernicus] AtmosphereFixer => Patched AtmosphereFromGround for Mars
[LOG 14:15:42.063] [Kopernicus] AtmosphereFixer => Patched AtmosphereFromGround for Earth
[LOG 14:15:42.063] [Kopernicus] AtmosphereFixer => Patched AtmosphereFromGround for Venus
[LOG 14:15:42.347] Unpacking Capsule
[LOG 14:15:42.359] [UIMasterController]: ShowUI
[LOG 14:15:42.546] [RealSolarSystem] Watchdog: Setting camera Camera 00 far clip to 1875000 so camera now has 1875000
