[LOG 17:44:49.512] ******* Log Initiated for Kerbal Space Program - 1.12.5.3190 (WindowsPlayer x64) fr-fr *******
Kerbal Space Program - 1.12.5.3190 (WindowsPlayer x64) fr-fr


OS: Windows 10  (10.0.0) 64bit
CPU: Intel(R) Core(TM) Ultra 7 155H (22)
RAM: 32265
GPU: Intel(R) Arc(TM) Pro Graphics (18391MB)
SM: 50 (Direct3D 11.0 [level 11.1])
RT Formats: ARGB32, Depth, ARGBHalf, Shadowmap, RGB565, ARGB4444, ARGB1555, Default, ARGB2101010, DefaultHDR, ARGB64, ARGBFloat, RGFloat, RGHalf, RFloat, RHalf, R8, ARGBInt, RGInt, RInt, BGRA32, RGB111110Float, RG32, RGBAUShort, RG16, BGRA10101010_XR, BGR101010_XR, R16


Log started: Thu, Sep 24, 2026 17:44:49


[LOG 17:44:49.530] ActionCanvas MASK: 3458764513820540928
[LOG 17:44:49.531] AppCanvas MASK: 3458764513820540928
[LOG 17:44:49.532] MainCanvas MASK: 3458764513820540928
[LOG 17:44:56.642] Load(Assembly): /ModuleManager.4.2.3
[LOG 17:44:56.642] AssemblyLoader: Loading assembly at C:\Users\lhervier\Perso\ksp-dev\GameData\ModuleManager.4.2.3.dll
[LOG 17:44:56.660] AssemblyLoader: KSPAssembly 'ModuleManager' V2.5.0
[LOG 17:44:56.660] Load(Assembly): 000_Harmony/0Harmony
[LOG 17:44:56.660] AssemblyLoader: Loading assembly at C:\Users\lhervier\Perso\ksp-dev\GameData\000_Harmony\0Harmony.dll
[LOG 17:44:56.665] Load(Assembly): 000_Harmony/HarmonyInstallChecker
[LOG 17:44:56.665] AssemblyLoader: Loading assembly at C:\Users\lhervier\Perso\ksp-dev\GameData\000_Harmony\HarmonyInstallChecker.dll
[LOG 17:44:56.665] AssemblyLoader: KSPAssembly 'HarmonyKSP' V1.0.0
[LOG 17:44:56.665] Load(Assembly): KSPCommunityFixes/Plugins/0_MultipleModuleInPartAPI
[LOG 17:44:56.666] AssemblyLoader: Loading assembly at C:\Users\lhervier\Perso\ksp-dev\GameData\KSPCommunityFixes\Plugins\0_MultipleModuleInPartAPI.dll
[LOG 17:44:56.666] AssemblyLoader: KSPAssembly 'MultipleModulePartAPI' V1.0.0
[LOG 17:44:56.666] Load(Assembly): KSPCommunityFixes/Plugins/KSPCommunityFixes
[LOG 17:44:56.666] AssemblyLoader: Loading assembly at C:\Users\lhervier\Perso\ksp-dev\GameData\KSPCommunityFixes\Plugins\KSPCommunityFixes.dll
[LOG 17:44:56.674] AssemblyLoader: KSPAssembly 'KSPCommunityFixes' V1.41.1
[LOG 17:44:56.674] AssemblyLoader: KSPAssemblyDependency 'HarmonyKSP' V1.0.0
[LOG 17:44:56.674] AssemblyLoader: KSPAssemblyDependency 'ModuleManager' V1.0.0
[LOG 17:44:56.674] AssemblyLoader: KSPAssemblyDependency 'MultipleModulePartAPI' V1.0.0
[LOG 17:44:56.674] Load(Assembly): Squad/Plugins/KSPSteamCtrlr
[LOG 17:44:56.675] AssemblyLoader: Loading assembly at C:\Users\lhervier\Perso\ksp-dev\GameData\Squad\Plugins\KSPSteamCtrlr.dll
[LOG 17:44:56.676] Load(Assembly): TerrainPrecisionFixDiagMod/TerrainPrecisionFixDiagMod
[LOG 17:44:56.676] AssemblyLoader: Loading assembly at C:\Users\lhervier\Perso\ksp-dev\GameData\TerrainPrecisionFixDiagMod\TerrainPrecisionFixDiagMod.dll
[LOG 17:44:56.678] AssemblyLoader: Loading assemblies
[LOG 17:44:56.742] VesselModules: Found VesselModule of type AxisGroupsModule with order 999
[LOG 17:44:56.772] VesselModules: Found VesselModule of type CometVessel with order 999
[LOG 17:44:56.774] VesselModules: Found VesselModule of type SuspensionLoadBalancer with order 999
[LOG 17:44:56.775] VesselModules: Found VesselModule of type FlightIntegrator with order 0
[LOG 17:44:56.777] VesselModules: Found VesselModule of type CommNetVessel with order 999
[LOG 17:44:56.780] VesselModules: Found 5 VesselModule types
[LOG 17:44:56.786] 
************************************************************************

Environment Info
Win32NT 7FFFFFFFFFFFFFFF  Args: KSP_x64.exe 

Mod DLLs found:
Stock assembly: Assembly-CSharp v0.0.0.0
ModuleManager v4.2.3.0
0Harmony v2.2.1.0
HarmonyInstallChecker v2.2.1.0
0_MultipleModuleInPartAPI v1.0.0.0 / v1.0.0+7969fdc50bf4e350193abe5ba2e89533b12ca02f
KSPCommunityFixes v1.41.0.0 / v1.41.1+7969fdc50bf4e350193abe5ba2e89533b12ca02f / v1.41.1.0
Stock assembly: KSPSteamCtrlr v0.0.1.35
TerrainPrecisionFixDiagMod v1.0.9762.27666

Folders and files in GameData:
000_Harmony
KSPCommunityFixes
Stock folder: Squad

Stock folder: SquadExpansion

TerrainPrecisionFixDiagMod
ModuleManager.4.2.3.dll
ModuleManager.ConfigCache
ModuleManager.ConfigSHA
ModuleManager.Physics
ModuleManager.TechTree

************************************************************************

[LOG 17:44:56.798] [AddonLoader]: Instantiating addon 'ModuleManager' from assembly 'ModuleManager'
[LOG 17:44:56.807] [ModuleManager] Adding post patch to the loading screen 4
[LOG 17:44:56.808] [ModuleManager] Patching started on a new thread, all output will be directed to C:\Users\lhervier\Perso\ksp-dev\Logs\ModuleManager\ModuleManager.log
[LOG 17:44:56.811] [AddonLoader]: Instantiating addon 'HarmonyInstallChecker' from assembly 'HarmonyKSP'
[LOG 17:44:56.812] [AddonLoader]: Instantiating addon 'KSPCommunityFixes' from assembly 'KSPCommunityFixes'
[LOG 17:44:56.813] [AddonLoader]: Instantiating addon 'NoIVA' from assembly 'KSPCommunityFixes'
[LOG 17:44:56.814] [AddonLoader]: Instantiating addon 'ConfigNodePerf' from assembly 'KSPCommunityFixes'
[LOG 17:44:56.973] [AddonLoader]: Instantiating addon 'KSPCFFastLoader' from assembly 'KSPCommunityFixes'
[LOG 17:44:56.974] [KSPCF] Injecting FastLoader...
[LOG 17:44:56.995] [KSPCommunityFixes] Patch GameDatabasePerf applied.
[LOG 17:44:57.065] [AddonLoader]: Instantiating addon 'ReflectionTypeLoadExceptionHandler' from assembly 'KSPCommunityFixes'
[LOG 17:44:57.068] [AddonLoader]: Instantiating addon 'KSPSteamController' from assembly 'KSPSteamCtrlr'
[LOG 17:44:58.117] [KSPCF] Taking over stock loader. An exception will follow, this is intended.
[EXC 17:44:58.120] Exception: Terminating stock loader coroutine, this is intended and not an error
	KSPCommunityFixes.Performance.KSPCFFastLoader.GameDatabase_SetupMainLoaders_Prefix () (at <62bb7f5420994f409a34377c091e8538>:0)
	(wrapper dynamic-method) GameDatabase.GameDatabase.SetupMainLoaders_Patch1(GameDatabase)
	GameDatabase+<LoadObjects>d__90.MoveNext () (at <4b449f2841f84227adfaad3149c8fdba>:0)
	UnityEngine.SetupCoroutine.InvokeMoveNext (System.Collections.IEnumerator enumerator, System.IntPtr returnValueAddress) (at <12e76cd50cc64cf19e759e981cb725af>:0)
	UnityEngine.DebugLogHandler:LogException(Exception, Object)
	ModuleManager.UnityLogHandle.InterceptLogHandler:LogException(Exception, Object)
	UnityEngine.MonoBehaviour:StartCoroutine(IEnumerator)
	<CreateDatabase>d__71:MoveNext()
	UnityEngine.MonoBehaviour:StartCoroutine(IEnumerator)
	GameDatabase:StartLoad()
	<LoadSystems>d__11:MoveNext()
	UnityEngine.MonoBehaviour:StartCoroutine(IEnumerator)
	LoadingScreen:Start()
[LOG 17:44:58.265] Preloading Asset Bundle Definitions
[LOG 17:44:58.511] Load Audio: Squad/Alarms/Sounds/Chirps
[LOG 17:44:58.528] Load Audio: Squad/Alarms/Sounds/Classic
[LOG 17:44:58.528] Load Audio: Squad/Alarms/Sounds/ClockTower
[LOG 17:44:58.528] Load Audio: Squad/Alarms/Sounds/ComputerGlass1
[LOG 17:44:58.528] Load Audio: Squad/Alarms/Sounds/ComputerGlass2
[LOG 17:44:58.529] Load Audio: Squad/Alarms/Sounds/ComputerShort
[LOG 17:44:58.529] Load Audio: Squad/Alarms/Sounds/ComputerTriad
[LOG 17:44:58.529] Load Audio: Squad/Alarms/Sounds/DoorBell
[LOG 17:44:58.529] Load Audio: Squad/Alarms/Sounds/Glass
[LOG 17:44:58.529] Load Audio: Squad/Alarms/Sounds/Klaxon
[LOG 17:44:58.529] Load Audio: Squad/Alarms/Sounds/Mobile
[LOG 17:44:58.530] Load Audio: Squad/Alarms/Sounds/Morning
[LOG 17:44:58.530] Load Audio: Squad/Alarms/Sounds/OldClock
[LOG 17:44:58.530] Load Audio: Squad/Alarms/Sounds/OldHorn
[LOG 17:44:58.530] Load Audio: Squad/Alarms/Sounds/Ripple
[LOG 17:44:58.530] Load Audio: Squad/Sounds/editorLoop01
[LOG 17:44:58.530] Load Audio: Squad/Sounds/elev_loop
[LOG 17:44:58.530] Load Audio: Squad/Sounds/elev_start
[LOG 17:44:58.530] Load Audio: Squad/Sounds/elev_stop
[LOG 17:44:58.531] Load Audio: Squad/Sounds/fireworks_explosion_2
[LOG 17:44:58.531] Load Audio: Squad/Sounds/fireworks_explosion_3
[LOG 17:44:58.531] Load Audio: Squad/Sounds/fireworks_explosion_4
[LOG 17:44:58.531] Load Audio: Squad/Sounds/fireworks_launch_boom
[LOG 17:44:58.531] Load Audio: Squad/Sounds/fireworks_only_crackle_crackle_1
[LOG 17:44:58.531] Load Audio: Squad/Sounds/fireworks_only_crackle_dragon_1
[LOG 17:44:58.844] Load Audio: Squad/Sounds/fireworks_only_crackle_palm_1
[LOG 17:44:58.844] Load Audio: Squad/Sounds/fireworks_whistle
[LOG 17:44:58.844] Load Audio: Squad/Sounds/ksp1_banana_V2_01
[LOG 17:44:58.844] Load Audio: Squad/Sounds/ksp1_banana_V2_04
[LOG 17:44:58.845] Load Audio: Squad/Sounds/ksp1_banana_V2_05
[LOG 17:44:58.845] Load Audio: Squad/Sounds/ksp1_golf_swing_normal
[LOG 17:44:58.845] Load Audio: Squad/Sounds/ksp1_ground_anchor_v2_1
[LOG 17:44:58.845] Load Audio: Squad/Sounds/ksp1_strunts_disconnect_v3_pitched2
[LOG 17:44:58.845] Load Audio: Squad/Sounds/repairKit_repair1
[LOG 17:44:58.845] Load Audio: Squad/Sounds/repairKit_repair2
[LOG 17:44:58.845] Load Audio: Squad/Sounds/sound_ambience_nature
[LOG 17:44:58.845] Load Audio: Squad/Sounds/sound_click_flick
[LOG 17:44:58.845] Load Audio: Squad/Sounds/sound_click_latch
[LOG 17:44:58.845] Load Audio: Squad/Sounds/sound_click_sharp
[LOG 17:44:58.845] Load Audio: Squad/Sounds/sound_click_tick
[LOG 17:44:58.845] Load Audio: Squad/Sounds/sound_click_tock
[LOG 17:44:58.846] Load Audio: Squad/Sounds/sound_decoupler_fire
[LOG 17:44:58.846] Load Audio: Squad/Sounds/sound_delete_bin
[LOG 17:44:58.846] Load Audio: Squad/Sounds/sound_explosion_debris1
[LOG 17:44:58.846] Load Audio: Squad/Sounds/sound_explosion_debris2
[LOG 17:44:58.846] Load Audio: Squad/Sounds/sound_explosion_large
[LOG 17:44:58.846] Load Audio: Squad/Sounds/sound_rocket_mini
[LOG 17:44:58.847] Load Audio: Squad/Sounds/sound_rocket_spurts
[LOG 17:44:58.847] Load Audio: Squad/Sounds/sound_servomotor
[LOG 17:44:58.847] Load Audio: Squad/Sounds/sound_tab_extend
[LOG 17:44:58.892] Load Audio: Squad/Sounds/sound_tab_retreat
[LOG 17:44:58.894] Load Audio: SquadExpansion/Serenity/Sounds/robo_arm_large_end
[LOG 17:44:58.894] Load Audio: SquadExpansion/Serenity/Sounds/robo_arm_large_motor_00
[LOG 17:44:58.894] Load Audio: SquadExpansion/Serenity/Sounds/robo_arm_large_scan
[LOG 17:44:58.894] Load Audio: SquadExpansion/Serenity/Sounds/robo_arm_large_start
[LOG 17:44:58.894] Load Audio: SquadExpansion/Serenity/Sounds/robo_arm_medium_end
[LOG 17:44:58.894] Load Audio: SquadExpansion/Serenity/Sounds/robo_arm_medium_motor_00
[LOG 17:44:58.894] Load Audio: SquadExpansion/Serenity/Sounds/robo_arm_medium_scan
[LOG 17:44:58.894] Load Audio: SquadExpansion/Serenity/Sounds/robo_arm_medium_start
[LOG 17:44:58.894] Load Audio: SquadExpansion/Serenity/Sounds/robo_arm_small_end
[LOG 17:44:58.894] Load Audio: SquadExpansion/Serenity/Sounds/robo_arm_small_motor_00
[LOG 17:44:58.894] Load Audio: SquadExpansion/Serenity/Sounds/robo_arm_small_scan
[LOG 17:44:58.894] Load Audio: SquadExpansion/Serenity/Sounds/robo_arm_small_start
[LOG 17:44:58.896] Load Audio: SquadExpansion/Serenity/Sounds/sfx_cryoVolcano_burst
[LOG 17:44:58.896] Load Audio: SquadExpansion/Serenity/Sounds/sfx_cryoVolcano_idle
[LOG 17:44:58.896] Load Audio: SquadExpansion/Serenity/Sounds/sfx_deployable_booster_antena_end
[LOG 17:44:58.896] Load Audio: SquadExpansion/Serenity/Sounds/sfx_deployable_booster_antena_start
[LOG 17:44:58.896] Load Audio: SquadExpansion/Serenity/Sounds/sfx_deployable_central_station_end
[LOG 17:44:58.896] Load Audio: SquadExpansion/Serenity/Sounds/sfx_deployable_central_station_loop
[LOG 17:44:58.896] Load Audio: SquadExpansion/Serenity/Sounds/sfx_deployable_central_station_start
[LOG 17:44:58.896] Load Audio: SquadExpansion/Serenity/Sounds/sfx_deployable_detector_end
[LOG 17:44:58.897] Load Audio: SquadExpansion/Serenity/Sounds/sfx_deployable_detector_start
[LOG 17:44:58.897] Load Audio: SquadExpansion/Serenity/Sounds/sfx_deployable_GoObEd_end
[LOG 17:44:58.898] Load Audio: SquadExpansion/Serenity/Sounds/sfx_deployable_GoObEd_loop
[LOG 17:44:58.898] Load Audio: SquadExpansion/Serenity/Sounds/sfx_deployable_GoObEd_start
[LOG 17:44:58.928] Load Audio: SquadExpansion/Serenity/Sounds/sfx_deployable_rtg_end
[LOG 17:44:58.928] Load Audio: SquadExpansion/Serenity/Sounds/sfx_deployable_rtg_start
[LOG 17:44:58.928] Load Audio: SquadExpansion/Serenity/Sounds/sfx_deployable_seismometer_end
[LOG 17:44:58.929] Load Audio: SquadExpansion/Serenity/Sounds/sfx_deployable_seismometer_start
[LOG 17:44:58.929] Load Audio: SquadExpansion/Serenity/Sounds/sfx_deployable_solar_panel_end
[LOG 17:44:58.929] Load Audio: SquadExpansion/Serenity/Sounds/sfx_deployable_solar_panel_start
[LOG 17:44:58.929] Load Audio: SquadExpansion/Serenity/Sounds/sfx_deployable_weather_station_end
[LOG 17:44:58.929] Load Audio: SquadExpansion/Serenity/Sounds/sfx_deployable_weather_station_loop
[LOG 17:44:58.929] Load Audio: SquadExpansion/Serenity/Sounds/sfx_deployable_weather_station_start
[LOG 17:44:58.929] Load Audio: SquadExpansion/Serenity/Sounds/sfx_geyser_burst
[LOG 17:44:58.930] Load Audio: SquadExpansion/Serenity/Sounds/sfx_geyser_idle
[LOG 17:44:58.987] Load DDS texture: KSPCommunityFixes/MMPatches/StockTweaks/Icons/Clamp-O-Tron
[LOG 17:44:58.990] Load TRUECOLOR texture: KSPCommunityFixes/MMPatches/StockTweaks/Icons/Clamp-O-Tron_scaled
[LOG 17:44:58.995] Load DDS texture: KSPCommunityFixes/MMPatches/StockTweaks/Icons/FreeFallParachutes
[LOG 17:44:58.995] Load TRUECOLOR texture: KSPCommunityFixes/MMPatches/StockTweaks/Icons/FreeFallParachutes_scaled
[LOG 17:44:59.002] Load DDS texture: KSPCommunityFixes/MMPatches/StockTweaks/Icons/LightYearTireCompany
[LOG 17:44:59.003] Load TRUECOLOR texture: KSPCommunityFixes/MMPatches/StockTweaks/Icons/LightYearTireCompany_scaled
[LOG 17:44:59.010] Load DDS texture: KSPCommunityFixes/MMPatches/StockTweaks/Icons/StratusCorporation
[LOG 17:44:59.011] Load TRUECOLOR texture: KSPCommunityFixes/MMPatches/StockTweaks/Icons/StratusCorporation_scaled
[LOG 17:44:59.020] Load DDS texture: Squad/Agencies/C7AerospaceDivision
[LOG 17:44:59.020] Load TRUECOLOR texture: Squad/Agencies/C7AerospaceDivision_scaled
[LOG 17:44:59.026] Load DDS texture: Squad/Agencies/DinkelsteinKermansConstructionEmporium
[LOG 17:44:59.027] Load TRUECOLOR texture: Squad/Agencies/DinkelsteinKermansConstructionEmporium_scaled
[LOG 17:44:59.033] Load DDS texture: Squad/Agencies/ExperimentalEngineering
[LOG 17:44:59.034] Load TRUECOLOR texture: Squad/Agencies/ExperimentalEngineering_scaled
[LOG 17:44:59.041] Load DDS texture: Squad/Agencies/FlooydResearchLab
[LOG 17:44:59.042] Load TRUECOLOR texture: Squad/Agencies/FlooydResearchLab_scaled
[LOG 17:44:59.048] Load DDS texture: Squad/Agencies/GoliathNationalProducts
[LOG 17:44:59.049] Load TRUECOLOR texture: Squad/Agencies/GoliathNationalProducts_scaled
[LOG 17:44:59.055] Load DDS texture: Squad/Agencies/IntegratedIntegrals
[LOG 17:44:59.055] Load TRUECOLOR texture: Squad/Agencies/IntegratedIntegrals_scaled
[LOG 17:44:59.061] Load DDS texture: Squad/Agencies/IonicSymphonicProtonicElectronics
[LOG 17:44:59.062] Load TRUECOLOR texture: Squad/Agencies/IonicSymphonicProtonicElectronics_scaled
[LOG 17:44:59.069] Load DDS texture: Squad/Agencies/JebsJunkyard
[LOG 17:44:59.069] Load TRUECOLOR texture: Squad/Agencies/JebsJunkyard_scaled
[LOG 17:44:59.078] Load DDS texture: Squad/Agencies/KerbalMotion
[LOG 17:44:59.078] Load TRUECOLOR texture: Squad/Agencies/KerbalMotion_scaled
[LOG 17:44:59.085] Load DDS texture: Squad/Agencies/KerbinWorldFirstRecordKeepingSociety
[LOG 17:44:59.085] Load TRUECOLOR texture: Squad/Agencies/KerbinWorldFirstRecordKeepingSociety_scaled
[LOG 17:44:59.092] Load DDS texture: Squad/Agencies/Kerbodyne
[LOG 17:44:59.093] Load TRUECOLOR texture: Squad/Agencies/Kerbodyne_scaled
[LOG 17:44:59.099] Load DDS texture: Squad/Agencies/Kerlington
[LOG 17:44:59.099] Load TRUECOLOR texture: Squad/Agencies/Kerlington_scaled
[LOG 17:44:59.105] Load DDS texture: Squad/Agencies/MaxoConstructionToys
[LOG 17:44:59.105] Load TRUECOLOR texture: Squad/Agencies/MaxoConstructionToys_scaled
[LOG 17:44:59.114] Load DDS texture: Squad/Agencies/MovingPartsExpertsGroup
[LOG 17:44:59.116] Load TRUECOLOR texture: Squad/Agencies/MovingPartsExpertsGroup_scaled
[LOG 17:44:59.122] Load DDS texture: Squad/Agencies/OMBDemolition
[LOG 17:44:59.124] Load TRUECOLOR texture: Squad/Agencies/OMBDemolition_scaled
[LOG 17:44:59.131] Load DDS texture: Squad/Agencies/PeriapsisCo
[LOG 17:44:59.133] Load TRUECOLOR texture: Squad/Agencies/PeriapsisCo_scaled
[LOG 17:44:59.138] Load DDS texture: Squad/Agencies/Probodobodyne
[LOG 17:44:59.139] Load TRUECOLOR texture: Squad/Agencies/Probodobodyne_scaled
[LOG 17:44:59.145] Load DDS texture: Squad/Agencies/R&D
[LOG 17:44:59.148] Load TRUECOLOR texture: Squad/Agencies/R&D_scaled
[LOG 17:44:59.154] Load DDS texture: Squad/Agencies/ReactionSystemsLtd
[LOG 17:44:59.155] Load TRUECOLOR texture: Squad/Agencies/ReactionSystemsLtd_scaled
[LOG 17:44:59.164] Load DDS texture: Squad/Agencies/Rockomax
[LOG 17:44:59.164] Load TRUECOLOR texture: Squad/Agencies/Rockomax_scaled
[LOG 17:44:59.170] Load DDS texture: Squad/Agencies/Rokea
[LOG 17:44:59.170] Load TRUECOLOR texture: Squad/Agencies/Rokea_scaled
[LOG 17:44:59.177] Load DDS texture: Squad/Agencies/SeansCannery
[LOG 17:44:59.177] Load TRUECOLOR texture: Squad/Agencies/SeansCannery_scaled
[LOG 17:44:59.184] Load DDS texture: Squad/Agencies/SteadlerEngineeringCorps
[LOG 17:44:59.184] Load TRUECOLOR texture: Squad/Agencies/SteadlerEngineeringCorps_scaled
[LOG 17:44:59.190] Load DDS texture: Squad/Agencies/StrutCo
[LOG 17:44:59.191] Load TRUECOLOR texture: Squad/Agencies/StrutCo_scaled
[LOG 17:44:59.199] Load DDS texture: Squad/Agencies/Vac-Co
[LOG 17:44:59.200] Load TRUECOLOR texture: Squad/Agencies/Vac-Co_scaled
[LOG 17:44:59.209] Load DDS texture: Squad/Agencies/WinterOwl
[LOG 17:44:59.210] Load TRUECOLOR texture: Squad/Agencies/WinterOwl_scaled
[LOG 17:44:59.216] Load DDS texture: Squad/Agencies/ZaltonicElectronics
[LOG 17:44:59.217] Load TRUECOLOR texture: Squad/Agencies/ZaltonicElectronics_scaled
[LOG 17:44:59.223] Load Cached PNG Texture: Squad/Alarms/Icons/ap
[LOG 17:44:59.230] Load Cached PNG Texture: Squad/Alarms/Icons/default
[LOG 17:44:59.235] Load Cached PNG Texture: Squad/Alarms/Icons/maneuver
[LOG 17:44:59.242] Load Cached PNG Texture: Squad/Alarms/Icons/pe
[LOG 17:44:59.247] Load Cached PNG Texture: Squad/Alarms/Icons/raw
[LOG 17:44:59.254] Load Cached PNG Texture: Squad/Alarms/Icons/soi
[LOG 17:44:59.260] Load Cached PNG Texture: Squad/Alarms/Icons/xfer
[LOG 17:44:59.271] Load DDS texture: Squad/Contracts/Icons/balloon
[LOG 17:44:59.279] Load DDS texture: Squad/Contracts/Icons/custom
[LOG 17:44:59.285] Load DDS texture: Squad/Contracts/Icons/default
[LOG 17:44:59.290] Load DDS texture: Squad/Contracts/Icons/dish
[LOG 17:44:59.297] Load DDS texture: Squad/Contracts/Icons/eva
[LOG 17:44:59.306] Load DDS texture: Squad/Contracts/Icons/gravity
[LOG 17:44:59.313] Load Cached PNG Texture: Squad/Contracts/Icons/ksc
[LOG 17:44:59.320] Load DDS texture: Squad/Contracts/Icons/launchsite
[LOG 17:44:59.328] Load DDS texture: Squad/Contracts/Icons/marker
[LOG 17:44:59.334] Load DDS texture: Squad/Contracts/Icons/pressure
[LOG 17:44:59.343] Load DDS texture: Squad/Contracts/Icons/report
[LOG 17:44:59.351] Load DDS texture: Squad/Contracts/Icons/runway
[LOG 17:44:59.357] Load DDS texture: Squad/Contracts/Icons/sample
[LOG 17:44:59.362] Load DDS texture: Squad/Contracts/Icons/seismic
[LOG 17:44:59.369] Load DDS texture: Squad/Contracts/Icons/thermometer
[LOG 17:44:59.376] Load DDS texture: Squad/Contracts/Icons/vessel
[LOG 17:44:59.382] Load Cached PNG Texture: Squad/Flags/09
[LOG 17:44:59.389] Load Cached PNG Texture: Squad/Flags/blorbs
[LOG 17:44:59.395] Load Cached PNG Texture: Squad/Flags/bullseye
[LOG 17:44:59.402] Load Cached PNG Texture: Squad/Flags/capsule
[LOG 17:44:59.410] Load Cached PNG Texture: Squad/Flags/circles
[LOG 17:44:59.418] Load Cached PNG Texture: Squad/Flags/default
[LOG 17:44:59.426] Load Cached PNG Texture: Squad/Flags/hexagon
[LOG 17:44:59.433] Load Cached PNG Texture: Squad/Flags/hexagonCircles
[LOG 17:44:59.439] Load Cached PNG Texture: Squad/Flags/kerbal1
[LOG 17:44:59.447] Load Cached PNG Texture: Squad/Flags/kerbal2
[LOG 17:44:59.453] Load Cached PNG Texture: Squad/Flags/kerbin
[LOG 17:44:59.460] Load Cached PNG Texture: Squad/Flags/kerbinmunflag
[LOG 17:44:59.466] Load Cached PNG Texture: Squad/Flags/line
[LOG 17:44:59.473] Load Cached PNG Texture: Squad/Flags/minimalistic
[LOG 17:44:59.479] Load Cached PNG Texture: Squad/Flags/orbit
[LOG 17:44:59.487] Load Cached PNG Texture: Squad/Flags/orbs
[LOG 17:44:59.494] Load Cached PNG Texture: Squad/Flags/retro
[LOG 17:44:59.500] Load Cached PNG Texture: Squad/Flags/rings
[LOG 17:44:59.507] Load Cached PNG Texture: Squad/Flags/rocketScience
[LOG 17:44:59.513] Load Cached PNG Texture: Squad/Flags/satellite
[LOG 17:44:59.522] Load Cached PNG Texture: Squad/Flags/Sentinel_Flag
[LOG 17:44:59.527] Load Cached PNG Texture: Squad/Flags/spheres
[LOG 17:44:59.533] Load Cached PNG Texture: Squad/Flags/squadLogo
[LOG 17:44:59.539] Load Cached PNG Texture: Squad/Flags/squadLogo2
[LOG 17:44:59.546] Load Cached PNG Texture: Squad/Flags/stripes
[LOG 17:44:59.552] Load Cached PNG Texture: Squad/Flags/trees
[LOG 17:44:59.559] Load Cached PNG Texture: Squad/Flags/trippy
[LOG 17:44:59.565] Load Cached PNG Texture: Squad/FlagsAgency/esa_dark_blue
[LOG 17:44:59.572] Load Cached PNG Texture: Squad/FlagsAgency/NASA
[LOG 17:44:59.577] Load Cached PNG Texture: Squad/FlagsAgency/uk_space_agency
[LOG 17:44:59.583] Load Cached PNG Texture: Squad/FlagsOrganization/B612_Foundation_flag
[LOG 17:44:59.589] Load Cached PNG Texture: Squad/FlagsOrganization/electron
[LOG 17:44:59.595] Load Cached PNG Texture: Squad/FlagsOrganization/ESA_Arianespace
[LOG 17:44:59.602] Load Cached PNG Texture: Squad/FlagsOrganization/rocketlab
[LOG 17:44:59.607] Load DDS texture: Squad/FX/DiamondBlue
[LOG 17:44:59.614] Load DDS texture: Squad/FX/FlameBlueOrange
[LOG 17:44:59.619] Load DDS texture: Squad/FX/FlamePurple
[LOG 17:44:59.624] Load DDS texture: Squad/FX/FlameRed
[LOG 17:44:59.631] Load DDS texture: Squad/FX/FlameRedOrange
[LOG 17:44:59.636] Load DDS texture: Squad/FX/Monoprop
[LOG 17:44:59.641] Load DDS texture: Squad/FX/plasma2
[LOG 17:44:59.649] Load DDS texture: Squad/FX/rocketplume2
[LOG 17:44:59.655] Load DDS texture: Squad/FX/shockDiamond2
[LOG 17:44:59.660] Load DDS texture: Squad/FX/smokepuff1
[LOG 17:44:59.668] Load DDS texture: Squad/Interiors/Administration/AdminBuilding_Lvl1
[LOG 17:44:59.676] Load DDS texture: Squad/Interiors/Administration/AdminBuilding_Lvl2
[LOG 17:44:59.695] Load DDS texture: Squad/Interiors/Administration/AdminBuilding_Lvl3
[LOG 17:44:59.704] Load DDS texture: Squad/MenuProps/MunOrBust
[LOG 17:44:59.711] Load Cached PNG Texture: Squad/Missions/Banners/Fail/default
[LOG 17:44:59.712] Load PNG texture: Squad/Missions/Banners/Menu/default
[WRN 17:44:59.716] Texture isn't eligible for DXT compression, width and height must be multiples of 4
[LOG 17:44:59.719] Load Cached PNG Texture: Squad/Missions/Banners/Success/default
[LOG 17:44:59.719] Load PNG texture: Squad/Missions/ESA-BepiColombo/Banners/Fail/ESA_MB_Fail_01
[WRN 17:44:59.723] Texture isn't eligible for DXT compression, width and height must be multiples of 4
[LOG 17:44:59.723] Load PNG texture: Squad/Missions/ESA-BepiColombo/Banners/Menu/ESA_MB_Select_01
[WRN 17:44:59.727] Texture isn't eligible for DXT compression, width and height must be multiples of 4
[LOG 17:44:59.727] Load PNG texture: Squad/Missions/ESA-BepiColombo/Banners/Success/ESA_MB_Success_01
[WRN 17:44:59.731] Texture isn't eligible for DXT compression, width and height must be multiples of 4
[LOG 17:44:59.731] Load PNG texture: Squad/Missions/ESA-BepiColombo-Short/Banners/Fail/ESA_MB_Fail_01
[WRN 17:44:59.735] Texture isn't eligible for DXT compression, width and height must be multiples of 4
[LOG 17:44:59.736] Load PNG texture: Squad/Missions/ESA-BepiColombo-Short/Banners/Menu/ESA_MB_Select_01
[WRN 17:44:59.740] Texture isn't eligible for DXT compression, width and height must be multiples of 4
[LOG 17:44:59.740] Load PNG texture: Squad/Missions/ESA-BepiColombo-Short/Banners/Success/ESA_MB_Success_01
[WRN 17:44:59.744] Texture isn't eligible for DXT compression, width and height must be multiples of 4
[LOG 17:44:59.744] Load PNG texture: Squad/Missions/ESA-Rosetta/Banners/Fail/ESA_MB_Fail_02
[WRN 17:44:59.749] Texture isn't eligible for DXT compression, width and height must be multiples of 4
[LOG 17:44:59.749] Load PNG texture: Squad/Missions/ESA-Rosetta/Banners/Menu/ESA_MB_Select_02
[WRN 17:44:59.751] Texture isn't eligible for DXT compression, width and height must be multiples of 4
[LOG 17:44:59.751] Load PNG texture: Squad/Missions/ESA-Rosetta/Banners/Success/ESA_MB_Success_02
[WRN 17:44:59.755] Texture isn't eligible for DXT compression, width and height must be multiples of 4
[LOG 17:44:59.755] Load Cached PNG Texture: Squad/PartList/SimpleIcons/ablator
[LOG 17:44:59.755] Load Cached PNG Texture: Squad/PartList/SimpleIcons/active_radiator
[LOG 17:44:59.755] Load Cached PNG Texture: Squad/PartList/SimpleIcons/asteroid_drill
[LOG 17:44:59.755] Load Cached PNG Texture: Squad/PartList/SimpleIcons/cargo_part
[LOG 17:44:59.757] Load Cached PNG Texture: Squad/PartList/SimpleIcons/comet_drill
[LOG 17:44:59.763] Load Cached PNG Texture: Squad/PartList/SimpleIcons/core_heat
[LOG 17:44:59.770] Load Cached PNG Texture: Squad/PartList/SimpleIcons/cs_main
[LOG 17:44:59.775] Load Cached PNG Texture: Squad/PartList/SimpleIcons/cs_mk2
[LOG 17:44:59.781] Load Cached PNG Texture: Squad/PartList/SimpleIcons/cs_mk3
[LOG 17:44:59.787] Load Cached PNG Texture: Squad/PartList/SimpleIcons/cs_size0
[LOG 17:44:59.793] Load Cached PNG Texture: Squad/PartList/SimpleIcons/cs_size1
[LOG 17:44:59.797] Load Cached PNG Texture: Squad/PartList/SimpleIcons/cs_size1p5
[LOG 17:44:59.802] Load Cached PNG Texture: Squad/PartList/SimpleIcons/cs_size2
[LOG 17:44:59.808] Load Cached PNG Texture: Squad/PartList/SimpleIcons/cs_size3
[LOG 17:44:59.814] Load Cached PNG Texture: Squad/PartList/SimpleIcons/cs_size4
[LOG 17:44:59.820] Load Cached PNG Texture: Squad/PartList/SimpleIcons/cs_surface
[LOG 17:44:59.825] Load Cached PNG Texture: Squad/PartList/SimpleIcons/custom_built_fairing
[LOG 17:44:59.832] Load Cached PNG Texture: Squad/PartList/SimpleIcons/deployable_antenna
[LOG 17:44:59.838] Load Cached PNG Texture: Squad/PartList/SimpleIcons/deployable_comms_part
[LOG 17:44:59.844] Load Cached PNG Texture: Squad/PartList/SimpleIcons/deployable_ground_part
[LOG 17:44:59.850] Load Cached PNG Texture: Squad/PartList/SimpleIcons/deployable_part
[LOG 17:44:59.856] Load Cached PNG Texture: Squad/PartList/SimpleIcons/deployable_radiator
[LOG 17:44:59.862] Load Cached PNG Texture: Squad/PartList/SimpleIcons/deployed_science_control_unit
[LOG 17:44:59.867] Load Cached PNG Texture: Squad/PartList/SimpleIcons/deployed_science_experiment
[LOG 17:44:59.873] Load Cached PNG Texture: Squad/PartList/SimpleIcons/deployed_science_part
[LOG 17:44:59.878] Load Cached PNG Texture: Squad/PartList/SimpleIcons/enviro_sensor
[LOG 17:44:59.884] Load Cached PNG Texture: Squad/PartList/SimpleIcons/experience_management
[LOG 17:44:59.890] Load Cached PNG Texture: Squad/PartList/SimpleIcons/fuels_monopropellant
[LOG 17:44:59.896] Load Cached PNG Texture: Squad/PartList/SimpleIcons/fuels_ore
[LOG 17:44:59.901] Load Cached PNG Texture: Squad/PartList/SimpleIcons/fuels_oxidizer
[LOG 17:44:59.907] Load Cached PNG Texture: Squad/PartList/SimpleIcons/fuels_solidfuel
[LOG 17:44:59.913] Load Cached PNG Texture: Squad/PartList/SimpleIcons/fuels_xenongas
[LOG 17:44:59.919] Load Cached PNG Texture: Squad/PartList/SimpleIcons/inventory_part
[LOG 17:44:59.925] Load Cached PNG Texture: Squad/PartList/SimpleIcons/kerbnet_access
[LOG 17:44:59.931] Load Cached PNG Texture: Squad/PartList/SimpleIcons/number1
[LOG 17:44:59.936] Load Cached PNG Texture: Squad/PartList/SimpleIcons/number2
[LOG 17:44:59.943] Load Cached PNG Texture: Squad/PartList/SimpleIcons/number3
[LOG 17:44:59.948] Load Cached PNG Texture: Squad/PartList/SimpleIcons/number4
[LOG 17:44:59.955] Load Cached PNG Texture: Squad/PartList/SimpleIcons/number5
[LOG 17:44:59.960] Load Cached PNG Texture: Squad/PartList/SimpleIcons/number6
[LOG 17:44:59.967] Load Cached PNG Texture: Squad/PartList/SimpleIcons/number7
[LOG 17:44:59.973] Load Cached PNG Texture: Squad/PartList/SimpleIcons/number8
[LOG 17:44:59.978] Load Cached PNG Texture: Squad/PartList/SimpleIcons/number9
[LOG 17:44:59.983] Load Cached PNG Texture: Squad/PartList/SimpleIcons/probe_control_unit
[LOG 17:44:59.991] Load Cached PNG Texture: Squad/PartList/SimpleIcons/R&D_node_icon_advaerodynamics
[LOG 17:44:59.997] Load Cached PNG Texture: Squad/PartList/SimpleIcons/R&D_node_icon_advancedmotors
[LOG 17:45:00.004] Load Cached PNG Texture: Squad/PartList/SimpleIcons/R&D_node_icon_advconstruction
[LOG 17:45:00.012] Load Cached PNG Texture: Squad/PartList/SimpleIcons/R&D_node_icon_advelectrics
[LOG 17:45:00.021] Load Cached PNG Texture: Squad/PartList/SimpleIcons/R&D_node_icon_advexploration
[LOG 17:45:00.031] Load Cached PNG Texture: Squad/PartList/SimpleIcons/R&D_node_icon_advflightcontrol
[LOG 17:45:00.040] Load Cached PNG Texture: Squad/PartList/SimpleIcons/R&D_node_icon_advlanding
[LOG 17:45:00.045] Load Cached PNG Texture: Squad/PartList/SimpleIcons/R&D_node_icon_advmetalworks
[LOG 17:45:00.052] Load Cached PNG Texture: Squad/PartList/SimpleIcons/R&D_node_icon_advrocketry
[LOG 17:45:00.059] Load Cached PNG Texture: Squad/PartList/SimpleIcons/R&D_node_icon_advsciencetech
[LOG 17:45:00.066] Load Cached PNG Texture: Squad/PartList/SimpleIcons/R&D_node_icon_advunmanned
[LOG 17:45:00.074] Load Cached PNG Texture: Squad/PartList/SimpleIcons/R&D_node_icon_aerodynamicsystems
[LOG 17:45:00.080] Load Cached PNG Texture: Squad/PartList/SimpleIcons/R&D_node_icon_aerospacetech
[LOG 17:45:00.087] Load Cached PNG Texture: Squad/PartList/SimpleIcons/R&D_node_icon_automation
[LOG 17:45:00.092] Load Cached PNG Texture: Squad/PartList/SimpleIcons/R&D_node_icon_basicprobes
[LOG 17:45:00.097] Load Cached PNG Texture: Squad/PartList/SimpleIcons/R&D_node_icon_basicrocketry
[LOG 17:45:00.104] Load Cached PNG Texture: Squad/PartList/SimpleIcons/R&D_node_icon_composites
[LOG 17:45:00.111] Load Cached PNG Texture: Squad/PartList/SimpleIcons/R&D_node_icon_electrics
[LOG 17:45:00.116] Load Cached PNG Texture: Squad/PartList/SimpleIcons/R&D_node_icon_electronics
[LOG 17:45:00.122] Load Cached PNG Texture: Squad/PartList/SimpleIcons/R&D_node_icon_evatech
[LOG 17:45:00.127] Load Cached PNG Texture: Squad/PartList/SimpleIcons/R&D_node_icon_experimentalaerodynamics
[LOG 17:45:00.134] Load Cached PNG Texture: Squad/PartList/SimpleIcons/R&D_node_icon_experimentalelectrics
[LOG 17:45:00.140] Load Cached PNG Texture: Squad/PartList/SimpleIcons/R&D_node_icon_experimentalmotors
[LOG 17:45:00.146] Load Cached PNG Texture: Squad/PartList/SimpleIcons/R&D_node_icon_experimentalrocketry
[LOG 17:45:00.151] Load Cached PNG Texture: Squad/PartList/SimpleIcons/R&D_node_icon_experimentalscience
[LOG 17:45:00.157] Load Cached PNG Texture: Squad/PartList/SimpleIcons/R&D_node_icon_fieldscience
[LOG 17:45:00.162] Load Cached PNG Texture: Squad/PartList/SimpleIcons/R&D_node_icon_flightcontrol
[LOG 17:45:00.167] Load Cached PNG Texture: Squad/PartList/SimpleIcons/R&D_node_icon_fuelsystems
[LOG 17:45:00.173] Load Cached PNG Texture: Squad/PartList/SimpleIcons/R&D_node_icon_generalconstruction
[LOG 17:45:00.180] Load Cached PNG Texture: Squad/PartList/SimpleIcons/R&D_node_icon_generalrocketry
[LOG 17:45:00.185] Load Cached PNG Texture: Squad/PartList/SimpleIcons/R&D_node_icon_generic
[LOG 17:45:00.189] Load Cached PNG Texture: Squad/PartList/SimpleIcons/R&D_node_icon_heavierrocketry
[LOG 17:45:00.195] Load Cached PNG Texture: Squad/PartList/SimpleIcons/R&D_node_icon_heavyaerodynamics
[LOG 17:45:00.201] Load Cached PNG Texture: Squad/PartList/SimpleIcons/R&D_node_icon_heavyrocketry
[LOG 17:45:00.208] Load Cached PNG Texture: Squad/PartList/SimpleIcons/R&D_node_icon_highaltitudeflight
[LOG 17:45:00.213] Load Cached PNG Texture: Squad/PartList/SimpleIcons/R&D_node_icon_highaltitudepropulsion
[LOG 17:45:00.219] Load Cached PNG Texture: Squad/PartList/SimpleIcons/R&D_node_icon_hypersonicflight
[LOG 17:45:00.224] Load Cached PNG Texture: Squad/PartList/SimpleIcons/R&D_node_icon_ionpropulsion
[LOG 17:45:00.230] Load Cached PNG Texture: Squad/PartList/SimpleIcons/R&D_node_icon_landing
[LOG 17:45:00.235] Load Cached PNG Texture: Squad/PartList/SimpleIcons/R&D_node_icon_largecontrol
[LOG 17:45:00.242] Load Cached PNG Texture: Squad/PartList/SimpleIcons/R&D_node_icon_largeelectrics
[LOG 17:45:00.248] Load Cached PNG Texture: Squad/PartList/SimpleIcons/R&D_node_icon_largeprobes
[LOG 17:45:00.254] Load Cached PNG Texture: Squad/PartList/SimpleIcons/R&D_node_icon_metamaterials
[LOG 17:45:00.259] Load Cached PNG Texture: Squad/PartList/SimpleIcons/R&D_node_icon_nanolathing
[LOG 17:45:00.265] Load Cached PNG Texture: Squad/PartList/SimpleIcons/R&D_node_icon_nuclearpropulsion
[LOG 17:45:00.270] Load Cached PNG Texture: Squad/PartList/SimpleIcons/R&D_node_icon_precisionengineering
[LOG 17:45:00.278] Load Cached PNG Texture: Squad/PartList/SimpleIcons/R&D_node_icon_robotics
[LOG 17:45:00.285] Load Cached PNG Texture: Squad/PartList/SimpleIcons/R&D_node_icon_sciencetech
[LOG 17:45:00.290] Load Cached PNG Texture: Squad/PartList/SimpleIcons/R&D_node_icon_specializedconstruction
[LOG 17:45:00.296] Load Cached PNG Texture: Squad/PartList/SimpleIcons/R&D_node_icon_specializedcontrol
[LOG 17:45:00.302] Load Cached PNG Texture: Squad/PartList/SimpleIcons/R&D_node_icon_specializedelectrics
[LOG 17:45:00.307] Load Cached PNG Texture: Squad/PartList/SimpleIcons/R&D_node_icon_stability
[LOG 17:45:00.313] Load Cached PNG Texture: Squad/PartList/SimpleIcons/R&D_node_icon_start
[LOG 17:45:00.319] Load Cached PNG Texture: Squad/PartList/SimpleIcons/R&D_node_icon_supersonicflight
[LOG 17:45:00.325] Load Cached PNG Texture: Squad/PartList/SimpleIcons/R&D_node_icon_survivability
[LOG 17:45:00.331] Load Cached PNG Texture: Squad/PartList/SimpleIcons/R&D_node_icon_unmannedtech
[LOG 17:45:00.336] Load Cached PNG Texture: Squad/PartList/SimpleIcons/R&D_node_icon_veryheavyrocketry
[LOG 17:45:00.342] Load Cached PNG Texture: Squad/PartList/SimpleIcons/rcsfx
[LOG 17:45:00.349] Load Cached PNG Texture: Squad/PartList/SimpleIcons/RDicon_aerospaceTech2
[LOG 17:45:00.354] Load Cached PNG Texture: Squad/PartList/SimpleIcons/RDicon_commandmodules
[LOG 17:45:00.361] Load Cached PNG Texture: Squad/PartList/SimpleIcons/RDicon_fuelSystems-advanced
[LOG 17:45:00.366] Load Cached PNG Texture: Squad/PartList/SimpleIcons/RDicon_fuelSystems-highPerformance
[LOG 17:45:00.372] Load Cached PNG Texture: Squad/PartList/SimpleIcons/RDicon_largeVolumeContainment
[LOG 17:45:00.378] Load Cached PNG Texture: Squad/PartList/SimpleIcons/RDicon_miniaturization
[LOG 17:45:00.385] Load Cached PNG Texture: Squad/PartList/SimpleIcons/RDicon_propulsion-precision
[LOG 17:45:00.390] Load Cached PNG Texture: Squad/PartList/SimpleIcons/RDicon_propulsionSystems
[LOG 17:45:00.397] Load Cached PNG Texture: Squad/PartList/SimpleIcons/RDicon_telescope
[LOG 17:45:00.402] Load Cached PNG Texture: Squad/PartList/SimpleIcons/robotic_controller
[LOG 17:45:00.407] Load Cached PNG Texture: Squad/PartList/SimpleIcons/robotic_rotation_servo
[LOG 17:45:00.414] Load Cached PNG Texture: Squad/PartList/SimpleIcons/robotic_servo_hinge
[LOG 17:45:00.420] Load Cached PNG Texture: Squad/PartList/SimpleIcons/robotic_servo_piston
[LOG 17:45:00.425] Load Cached PNG Texture: Squad/PartList/SimpleIcons/robotic_servo_rotor
[LOG 17:45:00.431] Load Cached PNG Texture: Squad/PartList/SimpleIcons/scanner_arm
[LOG 17:45:00.438] Load Cached PNG Texture: Squad/PartList/SimpleIcons/variant
[LOG 17:45:00.445] Load Cached PNG Texture: Squad/Parts/@thumbs/adapterSmallMiniShort_icon0
[LOG 17:45:00.452] Load Cached PNG Texture: Squad/Parts/@thumbs/adapterSmallMiniShort_icon1
[LOG 17:45:00.460] Load Cached PNG Texture: Squad/Parts/@thumbs/adapterSmallMiniTall_icon0
[LOG 17:45:00.466] Load Cached PNG Texture: Squad/Parts/@thumbs/adapterSmallMiniTall_icon1
[LOG 17:45:00.474] Load Cached PNG Texture: Squad/Parts/@thumbs/AdvancedCanard_icon
[LOG 17:45:00.481] Load Cached PNG Texture: Squad/Parts/@thumbs/advSasModule_icon
[LOG 17:45:00.487] Load Cached PNG Texture: Squad/Parts/@thumbs/airbrake1_icon
[LOG 17:45:00.495] Load Cached PNG Texture: Squad/Parts/@thumbs/airScoop_icon
[LOG 17:45:00.502] Load Cached PNG Texture: Squad/Parts/@thumbs/avionicsNoseCone_icon
[LOG 17:45:00.507] Load Cached PNG Texture: Squad/Parts/@thumbs/basicFin_icon
[LOG 17:45:00.514] Load Cached PNG Texture: Squad/Parts/@thumbs/batteryBankMini_icon
[LOG 17:45:00.520] Load Cached PNG Texture: Squad/Parts/@thumbs/batteryBank_icon
[LOG 17:45:00.527] Load Cached PNG Texture: Squad/Parts/@thumbs/batteryPack_icon
[LOG 17:45:00.538] Load Cached PNG Texture: Squad/Parts/@thumbs/cargoContainer_icon
[LOG 17:45:00.548] Load Cached PNG Texture: Squad/Parts/@thumbs/CircularIntake_icon
[LOG 17:45:00.559] Load Cached PNG Texture: Squad/Parts/@thumbs/commDish_icon
[LOG 17:45:00.566] Load Cached PNG Texture: Squad/Parts/@thumbs/Decoupler.0_icon0
[LOG 17:45:00.606] Load Cached PNG Texture: Squad/Parts/@thumbs/Decoupler.0_icon1
[LOG 17:45:00.624] Load Cached PNG Texture: Squad/Parts/@thumbs/Decoupler.1_icon0
[LOG 17:45:00.632] Load Cached PNG Texture: Squad/Parts/@thumbs/Decoupler.1_icon1
[LOG 17:45:00.640] Load Cached PNG Texture: Squad/Parts/@thumbs/dockingPort1_icon
[LOG 17:45:00.647] Load Cached PNG Texture: Squad/Parts/@thumbs/dockingPort2_icon
[LOG 17:45:00.654] Load Cached PNG Texture: Squad/Parts/@thumbs/dockingPort3_icon
[LOG 17:45:00.661] Load Cached PNG Texture: Squad/Parts/@thumbs/domeLight1_icon0
[LOG 17:45:00.667] Load Cached PNG Texture: Squad/Parts/@thumbs/domeLight1_icon1
[LOG 17:45:00.678] Load Cached PNG Texture: Squad/Parts/@thumbs/elevon2_icon
[LOG 17:45:00.689] Load Cached PNG Texture: Squad/Parts/@thumbs/elevon3_icon
[LOG 17:45:00.697] Load Cached PNG Texture: Squad/Parts/@thumbs/elevon5_icon
[LOG 17:45:00.704] Load Cached PNG Texture: Squad/Parts/@thumbs/evaChute_icon
[LOG 17:45:00.712] Load Cached PNG Texture: Squad/Parts/@thumbs/evaCylinder_icon
[LOG 17:45:00.719] Load Cached PNG Texture: Squad/Parts/@thumbs/evaJetpack_icon
[LOG 17:45:00.725] Load Cached PNG Texture: Squad/Parts/@thumbs/evaRepairKit_icon
[LOG 17:45:00.732] Load Cached PNG Texture: Squad/Parts/@thumbs/evaScienceKit_icon
[LOG 17:45:00.739] Load Cached PNG Texture: Squad/Parts/@thumbs/externalTankCapsule_icon0
[LOG 17:45:00.746] Load Cached PNG Texture: Squad/Parts/@thumbs/externalTankCapsule_icon1
[LOG 17:45:00.752] Load Cached PNG Texture: Squad/Parts/@thumbs/externalTankRound_icon0
[LOG 17:45:00.759] Load Cached PNG Texture: Squad/Parts/@thumbs/externalTankRound_icon1
[LOG 17:45:00.765] Load Cached PNG Texture: Squad/Parts/@thumbs/externalTankToroid_icon0
[LOG 17:45:00.772] Load Cached PNG Texture: Squad/Parts/@thumbs/externalTankToroid_icon1
[LOG 17:45:00.779] Load Cached PNG Texture: Squad/Parts/@thumbs/fireworksLauncherBig_icon
[LOG 17:45:00.785] Load Cached PNG Texture: Squad/Parts/@thumbs/fireworksLauncherSmall_icon
[LOG 17:45:00.793] Load Cached PNG Texture: Squad/Parts/@thumbs/foldingRadMed_icon
[LOG 17:45:00.799] Load Cached PNG Texture: Squad/Parts/@thumbs/foldingRadSmall_icon
[LOG 17:45:00.806] Load Cached PNG Texture: Squad/Parts/@thumbs/FuelCellArray_icon
[LOG 17:45:00.813] Load Cached PNG Texture: Squad/Parts/@thumbs/FuelCell_icon
[LOG 17:45:00.820] Load Cached PNG Texture: Squad/Parts/@thumbs/fuelTank.long_icon0
[LOG 17:45:00.827] Load Cached PNG Texture: Squad/Parts/@thumbs/fuelTankSmallFlat_icon0
[LOG 17:45:00.834] Load Cached PNG Texture: Squad/Parts/@thumbs/fuelTankSmallFlat_icon1
[LOG 17:45:00.841] Load Cached PNG Texture: Squad/Parts/@thumbs/fuelTankSmallFlat_icon2
[LOG 17:45:00.847] Load Cached PNG Texture: Squad/Parts/@thumbs/fuelTankSmallFlat_icon3
[LOG 17:45:00.855] Load Cached PNG Texture: Squad/Parts/@thumbs/fuelTankSmall_icon0
[LOG 17:45:00.862] Load Cached PNG Texture: Squad/Parts/@thumbs/fuelTankSmall_icon1
[LOG 17:45:00.868] Load Cached PNG Texture: Squad/Parts/@thumbs/fuelTankSmall_icon2
[LOG 17:45:00.875] Load Cached PNG Texture: Squad/Parts/@thumbs/fuelTankSmall_icon3
[LOG 17:45:00.882] Load Cached PNG Texture: Squad/Parts/@thumbs/GearFixed_icon
[LOG 17:45:00.895] Load Cached PNG Texture: Squad/Parts/@thumbs/GearFree_icon
[LOG 17:45:00.903] Load Cached PNG Texture: Squad/Parts/@thumbs/GearSmall_icon
[LOG 17:45:00.914] Load Cached PNG Texture: Squad/Parts/@thumbs/GooExperiment_icon
[LOG 17:45:00.921] Load Cached PNG Texture: Squad/Parts/@thumbs/groundAnchor_icon
[LOG 17:45:00.927] Load Cached PNG Texture: Squad/Parts/@thumbs/groundLight1_icon
[LOG 17:45:00.934] Load Cached PNG Texture: Squad/Parts/@thumbs/groundLight2_icon
[LOG 17:45:00.942] Load Cached PNG Texture: Squad/Parts/@thumbs/HeatShield0_icon
[LOG 17:45:00.949] Load Cached PNG Texture: Squad/Parts/@thumbs/HeatShield1_icon
[LOG 17:45:00.956] Load Cached PNG Texture: Squad/Parts/@thumbs/HECS2.ProbeCore_icon
[LOG 17:45:00.965] Load Cached PNG Texture: Squad/Parts/@thumbs/HighGainAntenna5.v2_icon
[LOG 17:45:01.050] Load Cached PNG Texture: Squad/Parts/@thumbs/HighGainAntenna5_icon
[LOG 17:45:01.066] Load Cached PNG Texture: Squad/Parts/@thumbs/HighGainAntenna_icon
[LOG 17:45:01.074] Load Cached PNG Texture: Squad/Parts/@thumbs/IntakeRadialLong_icon
[LOG 17:45:01.080] Load Cached PNG Texture: Squad/Parts/@thumbs/ionEngine_icon
[LOG 17:45:01.087] Load Cached PNG Texture: Squad/Parts/@thumbs/ksp.r.largeBatteryPack_icon
[LOG 17:45:01.095] Load Cached PNG Texture: Squad/Parts/@thumbs/ladder1_icon
[LOG 17:45:01.101] Load Cached PNG Texture: Squad/Parts/@thumbs/landingLeg1-2_icon
[LOG 17:45:01.109] Load Cached PNG Texture: Squad/Parts/@thumbs/landingLeg1_icon
[LOG 17:45:01.116] Load Cached PNG Texture: Squad/Parts/@thumbs/LgRadialSolarPanel_icon
[LOG 17:45:01.123] Load Cached PNG Texture: Squad/Parts/@thumbs/linearRcs_icon
[LOG 17:45:01.130] Load Cached PNG Texture: Squad/Parts/@thumbs/liquidEngine3.v2_icon0
[LOG 17:45:01.136] Load Cached PNG Texture: Squad/Parts/@thumbs/liquidEngine3.v2_icon1
[LOG 17:45:01.143] Load Cached PNG Texture: Squad/Parts/@thumbs/liquidEngine3.v2_icon2
[LOG 17:45:01.150] Load Cached PNG Texture: Squad/Parts/@thumbs/liquidEngineMini.v2_icon0
[LOG 17:45:01.157] Load Cached PNG Texture: Squad/Parts/@thumbs/liquidEngineMini.v2_icon1
[LOG 17:45:01.164] Load Cached PNG Texture: Squad/Parts/@thumbs/liquidEngineMini.v2_icon2
[LOG 17:45:01.171] Load Cached PNG Texture: Squad/Parts/@thumbs/longAntenna_icon
[LOG 17:45:01.186] Load Cached PNG Texture: Squad/Parts/@thumbs/Magnetometer_icon
[LOG 17:45:01.195] Load Cached PNG Texture: Squad/Parts/@thumbs/mediumDishAntenna_icon
[LOG 17:45:01.204] Load Cached PNG Texture: Squad/Parts/@thumbs/microEngine.v2_icon0
[LOG 17:45:01.209] Load Cached PNG Texture: Squad/Parts/@thumbs/microEngine.v2_icon1
[LOG 17:45:01.216] Load Cached PNG Texture: Squad/Parts/@thumbs/MiniDrill_icon
[LOG 17:45:01.222] Load Cached PNG Texture: Squad/Parts/@thumbs/miniFuelTank_icon
[LOG 17:45:01.228] Load Cached PNG Texture: Squad/Parts/@thumbs/miniFuselage_icon
[LOG 17:45:01.234] Load Cached PNG Texture: Squad/Parts/@thumbs/miniIntake_icon
[LOG 17:45:01.244] Load Cached PNG Texture: Squad/Parts/@thumbs/miniJetEngine_icon
[LOG 17:45:01.249] Load Cached PNG Texture: Squad/Parts/@thumbs/miniLandingLeg_icon
[LOG 17:45:01.255] Load Cached PNG Texture: Squad/Parts/@thumbs/Mite_icon
[LOG 17:45:01.261] Load Cached PNG Texture: Squad/Parts/@thumbs/mk1pod.v2_icon0
[LOG 17:45:01.272] Load Cached PNG Texture: Squad/Parts/@thumbs/mk2DroneCore_icon
[LOG 17:45:01.280] Load Cached PNG Texture: Squad/Parts/@thumbs/mk2LanderCabin.v2_icon0
[LOG 17:45:01.286] Load Cached PNG Texture: Squad/Parts/@thumbs/mk2LanderCabin.v2_icon1
[LOG 17:45:01.293] Load Cached PNG Texture: Squad/Parts/@thumbs/MpoProbe_icon
[LOG 17:45:01.300] Load Cached PNG Texture: Squad/Parts/@thumbs/navLight1_icon0
[LOG 17:45:01.306] Load Cached PNG Texture: Squad/Parts/@thumbs/navLight1_icon1
[LOG 17:45:01.312] Load Cached PNG Texture: Squad/Parts/@thumbs/noseCone_icon0
[LOG 17:45:01.331] Load Cached PNG Texture: Squad/Parts/@thumbs/noseCone_icon1
[LOG 17:45:01.340] Load Cached PNG Texture: Squad/Parts/@thumbs/noseCone_icon2
[LOG 17:45:01.346] Load Cached PNG Texture: Squad/Parts/@thumbs/omsEngine_icon
[LOG 17:45:01.353] Load Cached PNG Texture: Squad/Parts/@thumbs/OrbitalScanner_icon
[LOG 17:45:01.362] Load Cached PNG Texture: Squad/Parts/@thumbs/parachuteDrogue_icon
[LOG 17:45:01.375] Load Cached PNG Texture: Squad/Parts/@thumbs/parachuteLarge_icon
[LOG 17:45:01.382] Load Cached PNG Texture: Squad/Parts/@thumbs/parachuteRadial_icon
[LOG 17:45:01.397] Load Cached PNG Texture: Squad/Parts/@thumbs/parachuteSingle_icon
[LOG 17:45:01.403] Load Cached PNG Texture: Squad/Parts/@thumbs/probeCoreCube_icon
[LOG 17:45:01.409] Load Cached PNG Texture: Squad/Parts/@thumbs/probeCoreHex.v2_icon
[LOG 17:45:01.416] Load Cached PNG Texture: Squad/Parts/@thumbs/probeCoreOcto.v2_icon
[LOG 17:45:01.423] Load Cached PNG Texture: Squad/Parts/@thumbs/probeCoreOcto2.v2_icon
[LOG 17:45:01.430] Load Cached PNG Texture: Squad/Parts/@thumbs/probeCoreSphere.v2_icon
[LOG 17:45:01.435] Load Cached PNG Texture: Squad/Parts/@thumbs/probeStackSmall_icon
[LOG 17:45:01.442] Load Cached PNG Texture: Squad/Parts/@thumbs/R8winglet_icon
[LOG 17:45:01.449] Load Cached PNG Texture: Squad/Parts/@thumbs/radialDecoupler1-2_icon
[LOG 17:45:01.455] Load Cached PNG Texture: Squad/Parts/@thumbs/radialDecoupler2_icon
[LOG 17:45:01.461] Load Cached PNG Texture: Squad/Parts/@thumbs/radialDecoupler_icon
[LOG 17:45:01.468] Load Cached PNG Texture: Squad/Parts/@thumbs/radialDrogue_icon
[LOG 17:45:01.474] Load Cached PNG Texture: Squad/Parts/@thumbs/radialEngineMini.v2_icon0
[LOG 17:45:01.480] Load Cached PNG Texture: Squad/Parts/@thumbs/radialEngineMini.v2_icon1
[LOG 17:45:01.487] Load Cached PNG Texture: Squad/Parts/@thumbs/radialLiquidEngine1-2_icon
[LOG 17:45:01.495] Load Cached PNG Texture: Squad/Parts/@thumbs/RadialOreTank_icon
[LOG 17:45:01.502] Load Cached PNG Texture: Squad/Parts/@thumbs/radialRCSTank_icon
[LOG 17:45:01.508] Load Cached PNG Texture: Squad/Parts/@thumbs/radPanelEdge_icon
[LOG 17:45:01.515] Load Cached PNG Texture: Squad/Parts/@thumbs/radPanelLg_icon
[LOG 17:45:01.520] Load Cached PNG Texture: Squad/Parts/@thumbs/radPanelSm_icon
[LOG 17:45:01.527] Load Cached PNG Texture: Squad/Parts/@thumbs/RCSblock.01.small_icon0
[LOG 17:45:01.533] Load Cached PNG Texture: Squad/Parts/@thumbs/RCSblock.01.small_icon1
[LOG 17:45:01.540] Load Cached PNG Texture: Squad/Parts/@thumbs/RCSblock.01.small_icon2
[LOG 17:45:01.547] Load Cached PNG Texture: Squad/Parts/@thumbs/RCSblock.01.small_icon3
[LOG 17:45:01.554] Load Cached PNG Texture: Squad/Parts/@thumbs/RCSblock.01.small_icon4
[LOG 17:45:01.568] Load Cached PNG Texture: Squad/Parts/@thumbs/RCSBlock.v2_icon
[LOG 17:45:01.575] Load Cached PNG Texture: Squad/Parts/@thumbs/RCSBlock.v2_icon0
[LOG 17:45:01.581] Load Cached PNG Texture: Squad/Parts/@thumbs/RCSBlock.v2_icon1
[LOG 17:45:01.589] Load Cached PNG Texture: Squad/Parts/@thumbs/RCSBlock.v2_icon2
[LOG 17:45:01.595] Load Cached PNG Texture: Squad/Parts/@thumbs/RCSBlock.v2_icon3
[LOG 17:45:01.601] Load Cached PNG Texture: Squad/Parts/@thumbs/RCSBlock.v2_icon4
[LOG 17:45:01.608] Load Cached PNG Texture: Squad/Parts/@thumbs/RCSFuelTank_icon
[LOG 17:45:01.614] Load Cached PNG Texture: Squad/Parts/@thumbs/RCSLinearSmall_icon
[LOG 17:45:01.621] Load Cached PNG Texture: Squad/Parts/@thumbs/rcsTankMini_icon
[LOG 17:45:01.629] Load Cached PNG Texture: Squad/Parts/@thumbs/RelayAntenna5_icon
[LOG 17:45:01.637] Load Cached PNG Texture: Squad/Parts/@thumbs/ReleaseValve_icon
[LOG 17:45:01.643] Load Cached PNG Texture: Squad/Parts/@thumbs/roverBody.v2_icon0
[LOG 17:45:01.649] Load Cached PNG Texture: Squad/Parts/@thumbs/roverBody.v2_icon1
[LOG 17:45:01.656] Load Cached PNG Texture: Squad/Parts/@thumbs/roverBody.v2_icon2
[LOG 17:45:01.677] Load Cached PNG Texture: Squad/Parts/@thumbs/roverWheel1_icon
[LOG 17:45:01.688] Load Cached PNG Texture: Squad/Parts/@thumbs/roverWheel2_icon
[LOG 17:45:01.695] Load Cached PNG Texture: Squad/Parts/@thumbs/rtg_icon
[LOG 17:45:01.702] Load Cached PNG Texture: Squad/Parts/@thumbs/sasModule_icon
[LOG 17:45:01.709] Load Cached PNG Texture: Squad/Parts/@thumbs/science.module_icon
[LOG 17:45:01.715] Load Cached PNG Texture: Squad/Parts/@thumbs/ScienceBox_icon
[LOG 17:45:01.721] Load Cached PNG Texture: Squad/Parts/@thumbs/seatExternalCmd_icon
[LOG 17:45:01.729] Load Cached PNG Texture: Squad/Parts/@thumbs/sensorAccelerometer_icon
[LOG 17:45:01.735] Load Cached PNG Texture: Squad/Parts/@thumbs/sensorAtmosphere_icon
[LOG 17:45:01.741] Load Cached PNG Texture: Squad/Parts/@thumbs/sensorBarometer_icon
[LOG 17:45:01.748] Load Cached PNG Texture: Squad/Parts/@thumbs/sensorGravimeter_icon
[LOG 17:45:01.754] Load Cached PNG Texture: Squad/Parts/@thumbs/sensorThermometer_icon
[LOG 17:45:01.761] Load Cached PNG Texture: Squad/Parts/@thumbs/Separator.0_icon0
[LOG 17:45:01.796] Load Cached PNG Texture: Squad/Parts/@thumbs/Separator.0_icon1
[LOG 17:45:01.806] Load Cached PNG Texture: Squad/Parts/@thumbs/Separator.1_icon0
[LOG 17:45:01.817] Load Cached PNG Texture: Squad/Parts/@thumbs/Separator.1_icon1
[LOG 17:45:01.823] Load Cached PNG Texture: Squad/Parts/@thumbs/sepMotor1_icon
[LOG 17:45:01.829] Load Cached PNG Texture: Squad/Parts/@thumbs/ServiceBay.125.v2_icon
[LOG 17:45:01.841] Load Cached PNG Texture: Squad/Parts/@thumbs/shockConeIntake_icon
[LOG 17:45:01.850] Load Cached PNG Texture: Squad/Parts/@thumbs/Shrimp_icon
[LOG 17:45:01.860] Load Cached PNG Texture: Squad/Parts/@thumbs/smallCargoContainer_icon
[LOG 17:45:01.868] Load Cached PNG Texture: Squad/Parts/@thumbs/smallClaw_icon0
[LOG 17:45:01.878] Load Cached PNG Texture: Squad/Parts/@thumbs/smallClaw_icon1
[LOG 17:45:01.888] Load Cached PNG Texture: Squad/Parts/@thumbs/smallCtrlSrf_icon
[LOG 17:45:01.895] Load Cached PNG Texture: Squad/Parts/@thumbs/SmallGearBay_icon
[LOG 17:45:01.909] Load Cached PNG Texture: Squad/Parts/@thumbs/smallHardpoint_icon
[LOG 17:45:01.915] Load Cached PNG Texture: Squad/Parts/@thumbs/smallRadialEngine.v2_icon0
[LOG 17:45:01.921] Load Cached PNG Texture: Squad/Parts/@thumbs/smallRadialEngine.v2_icon1
[LOG 17:45:01.931] Load Cached PNG Texture: Squad/Parts/@thumbs/solarPanelOX10C_icon
[LOG 17:45:01.938] Load Cached PNG Texture: Squad/Parts/@thumbs/solarPanelOX10L_icon
[LOG 17:45:01.944] Load Cached PNG Texture: Squad/Parts/@thumbs/solarPanels1_icon
[LOG 17:45:01.949] Load Cached PNG Texture: Squad/Parts/@thumbs/solarPanels2_icon
[LOG 17:45:01.957] Load Cached PNG Texture: Squad/Parts/@thumbs/solarPanels3_icon
[LOG 17:45:01.963] Load Cached PNG Texture: Squad/Parts/@thumbs/solarPanels4_icon
[LOG 17:45:01.969] Load Cached PNG Texture: Squad/Parts/@thumbs/solarPanels5_icon
[LOG 17:45:01.975] Load Cached PNG Texture: Squad/Parts/@thumbs/solarPanelSP10C_icon
[LOG 17:45:01.980] Load Cached PNG Texture: Squad/Parts/@thumbs/solarPanelSP10L_icon
[LOG 17:45:01.987] Load Cached PNG Texture: Squad/Parts/@thumbs/spotLight1_icon
[LOG 17:45:01.993] Load Cached PNG Texture: Squad/Parts/@thumbs/spotLight2_icon
[LOG 17:45:01.999] Load Cached PNG Texture: Squad/Parts/@thumbs/spotLight3_icon0
[LOG 17:45:02.013] Load Cached PNG Texture: Squad/Parts/@thumbs/spotLight3_icon1
[LOG 17:45:02.020] Load Cached PNG Texture: Squad/Parts/@thumbs/stackPoint1_icon
[LOG 17:45:02.027] Load Cached PNG Texture: Squad/Parts/@thumbs/StandardCtrlSrf_icon
[LOG 17:45:02.033] Load Cached PNG Texture: Squad/Parts/@thumbs/standardNoseCone_icon
[LOG 17:45:02.041] Load Cached PNG Texture: Squad/Parts/@thumbs/stripLight1_icon0
[LOG 17:45:02.047] Load Cached PNG Texture: Squad/Parts/@thumbs/stripLight1_icon1
[LOG 17:45:02.055] Load Cached PNG Texture: Squad/Parts/@thumbs/structuralIBeam1_icon
[LOG 17:45:02.063] Load Cached PNG Texture: Squad/Parts/@thumbs/structuralIBeam3_icon
[LOG 17:45:02.068] Load Cached PNG Texture: Squad/Parts/@thumbs/structuralMiniNode_icon
[LOG 17:45:02.103] Load Cached PNG Texture: Squad/Parts/@thumbs/structuralPanel1_icon
[LOG 17:45:02.112] Load Cached PNG Texture: Squad/Parts/@thumbs/structuralPanel2_icon
[LOG 17:45:02.119] Load Cached PNG Texture: Squad/Parts/@thumbs/structuralWing4_icon
[LOG 17:45:02.125] Load Cached PNG Texture: Squad/Parts/@thumbs/strutCube_icon
[LOG 17:45:02.132] Load Cached PNG Texture: Squad/Parts/@thumbs/strutOcto_icon
[LOG 17:45:02.137] Load Cached PNG Texture: Squad/Parts/@thumbs/SurfaceScanner_icon
[LOG 17:45:02.144] Load Cached PNG Texture: Squad/Parts/@thumbs/SurfAntenna_icon
[LOG 17:45:02.152] Load Cached PNG Texture: Squad/Parts/@thumbs/telescopicLadderBay_icon
[LOG 17:45:02.160] Load Cached PNG Texture: Squad/Parts/@thumbs/telescopicLadder_icon
[LOG 17:45:02.167] Load Cached PNG Texture: Squad/Parts/@thumbs/toroidalAerospike_icon
[LOG 17:45:02.173] Load Cached PNG Texture: Squad/Parts/@thumbs/trussAdapter_icon
[LOG 17:45:02.180] Load Cached PNG Texture: Squad/Parts/@thumbs/trussPiece1x_icon
[LOG 17:45:02.186] Load Cached PNG Texture: Squad/Parts/@thumbs/trussPiece3x_icon
[LOG 17:45:02.194] Load Cached PNG Texture: Squad/Parts/@thumbs/vernierEngine_icon
[LOG 17:45:02.199] Load Cached PNG Texture: Squad/Parts/@thumbs/wheelMed_icon
[LOG 17:45:02.205] Load Cached PNG Texture: Squad/Parts/@thumbs/wingConnector4_icon
[LOG 17:45:02.212] Load Cached PNG Texture: Squad/Parts/@thumbs/wingConnector5_icon
[LOG 17:45:02.219] Load Cached PNG Texture: Squad/Parts/@thumbs/winglet3_icon
[LOG 17:45:02.227] Load Cached PNG Texture: Squad/Parts/@thumbs/winglet_icon
[LOG 17:45:02.233] Load Cached PNG Texture: Squad/Parts/@thumbs/wingShuttleElevon1_icon
[LOG 17:45:02.239] Load Cached PNG Texture: Squad/Parts/@thumbs/xenonTankLarge_icon
[LOG 17:45:02.246] Load Cached PNG Texture: Squad/Parts/@thumbs/xenonTankRadial_icon
[LOG 17:45:02.253] Load Cached PNG Texture: Squad/Parts/@thumbs/xenonTank_icon
[LOG 17:45:02.258] Load DDS texture: Squad/Parts/Aero/aerodynamicNoseCone/Rockomax_Adapters_diffuse
[LOG 17:45:02.259] Load DDS texture: Squad/Parts/Aero/aerodynamicNoseCone/Rockomax_Adapters_normal
[LOG 17:45:02.265] Load DDS texture: Squad/Parts/Aero/airbrake/airbrake
[LOG 17:45:02.270] Load DDS texture: Squad/Parts/Aero/airIntakeRadialXM-G50/RadialIntake
[LOG 17:45:02.279] Load DDS texture: Squad/Parts/Aero/airlinerWings/AirlinerWings
[LOG 17:45:02.287] Load DDS texture: Squad/Parts/Aero/airplaneFins/AirplaneFins
[LOG 17:45:02.293] Load DDS texture: Squad/Parts/Aero/basicFin/BasicFin
[LOG 17:45:02.300] Load DDS texture: Squad/Parts/Aero/circularIntake/CircluarIntakes
[LOG 17:45:02.305] Load DDS texture: Squad/Parts/Aero/circularIntake/CircluarIntakes_Heat
[LOG 17:45:02.312] Load DDS texture: Squad/Parts/Aero/cones/Assets/Cones
[LOG 17:45:02.319] Load DDS texture: Squad/Parts/Aero/cones/Assets/ConesDiffuse
[LOG 17:45:02.325] Load DDS texture: Squad/Parts/Aero/cones/Assets/ConesDiffuse_Orange
[LOG 17:45:02.333] Load DDS texture: Squad/Parts/Aero/cones/Assets/ConesDiffuse_White
[LOG 17:45:02.339] Load DDS texture: Squad/Parts/Aero/cones/Assets/ConesHeat
[LOG 17:45:02.346] Load DDS texture: Squad/Parts/Aero/cones/Assets/ConesHeat_Orange
[LOG 17:45:02.353] Load DDS texture: Squad/Parts/Aero/cones/Assets/ConesHeat_White
[LOG 17:45:02.359] Load DDS texture: Squad/Parts/Aero/cones/Assets/Cones_Heat
[LOG 17:45:02.369] Load Cached PNG Texture: Squad/Parts/Aero/cones/Assets/rocketNoseCones_O
[LOG 17:45:02.377] Load Cached PNG Texture: Squad/Parts/Aero/cones/Assets/rocketNoseCones_O_Normal
[LOG 17:45:02.388] Load DDS texture: Squad/Parts/Aero/cones/Assets/rocketNoseCones_W
[LOG 17:45:02.395] Load DDS texture: Squad/Parts/Aero/cones/Assets/Rockomax_Adapters_diffuse
[LOG 17:45:02.395] Load DDS texture: Squad/Parts/Aero/cones/Assets/Rockomax_Adapters_normal
[LOG 17:45:02.399] Load DDS texture: Squad/Parts/Aero/fairings/AutoTruss
[LOG 17:45:02.405] Load DDS texture: Squad/Parts/Aero/fairings/FairingBase
[LOG 17:45:02.413] Load DDS texture: Squad/Parts/Aero/fairings/FairingBaseNormals
[LOG 17:45:02.420] Load DDS texture: Squad/Parts/Aero/fairings/FairingBaseNormals_bw
[LOG 17:45:02.427] Load DDS texture: Squad/Parts/Aero/fairings/FairingBaseNormals_goldSilver
[LOG 17:45:02.434] Load DDS texture: Squad/Parts/Aero/fairings/FairingBaseNormals_orange
[LOG 17:45:02.440] Load Cached PNG Texture: Squad/Parts/Aero/fairings/FairingBase_black
[LOG 17:45:02.448] Load DDS texture: Squad/Parts/Aero/fairings/FairingBase_bw
[LOG 17:45:02.455] Load DDS texture: Squad/Parts/Aero/fairings/FairingBase_goldDiffuse
[LOG 17:45:02.460] Load DDS texture: Squad/Parts/Aero/fairings/FairingBase_goldSpecular
[LOG 17:45:02.467] Load DDS texture: Squad/Parts/Aero/fairings/FairingBase_orange
[LOG 17:45:02.472] Load DDS texture: Squad/Parts/Aero/fairings/FairingBase_silverDiffuse
[LOG 17:45:02.479] Load DDS texture: Squad/Parts/Aero/fairings/FairingBase_silverSpecular
[LOG 17:45:02.484] Load DDS texture: Squad/Parts/Aero/fairings/fairingsCap
[LOG 17:45:02.491] Load DDS texture: Squad/Parts/Aero/fairings/FairingsMat_silverSpecular
[LOG 17:45:02.498] Load DDS texture: Squad/Parts/Aero/fairings/fairings_diff
[LOG 17:45:02.506] Load DDS texture: Squad/Parts/Aero/fairings/fairings_diff_grey
[LOG 17:45:02.512] Load DDS texture: Squad/Parts/Aero/fairings/fairings_diff_orange
[LOG 17:45:02.519] Load DDS texture: Squad/Parts/Aero/fairings/fairings_grey_normals
[LOG 17:45:02.527] Load DDS texture: Squad/Parts/Aero/fairings/fairings_normals
[LOG 17:45:02.533] Load DDS texture: Squad/Parts/Aero/fairings/fairings_normals_silver
[LOG 17:45:02.541] Load DDS texture: Squad/Parts/Aero/fairings/fairings_orange_normals
[LOG 17:45:02.547] Load DDS texture: Squad/Parts/Aero/fairings/fairings_silverDiffuse
[LOG 17:45:02.554] Load DDS texture: Squad/Parts/Aero/HeatShield/Fairing
[LOG 17:45:02.561] Load DDS texture: Squad/Parts/Aero/HeatShield/heatshield
[LOG 17:45:02.567] Load DDS texture: Squad/Parts/Aero/InflatableHeatShield/HeatShield
[LOG 17:45:02.577] Load DDS texture: Squad/Parts/Aero/InflatableHeatShield/HeatShieldFairing
[LOG 17:45:02.583] Load DDS texture: Squad/Parts/Aero/InflatableHeatShield/HeatShield_NRM
[LOG 17:45:02.590] Load DDS texture: Squad/Parts/Aero/intakeRadialLong/Radial_long
[LOG 17:45:02.596] Load DDS texture: Squad/Parts/Aero/miniIntake/SmallIntake
[LOG 17:45:02.602] Load DDS texture: Squad/Parts/Aero/ramAirIntake/RampIntake
[LOG 17:45:02.609] Load DDS texture: Squad/Parts/Aero/ramAirIntake/RampIntake_Heat
[LOG 17:45:02.617] Load DDS texture: Squad/Parts/Aero/shuttleWings/ShuttleWings
[LOG 17:45:02.626] Load DDS texture: Squad/Parts/Aero/wingletAV-R8/model000
[LOG 17:45:02.633] Load DDS texture: Squad/Parts/Aero/wingletAV-R8/model001
[LOG 17:45:02.639] Load DDS texture: Squad/Parts/Aero/wingletAV-T1/model000
[LOG 17:45:02.645] Load DDS texture: Squad/Parts/Aero/wingletAV-T1/model001
[LOG 17:45:02.651] Load DDS texture: Squad/Parts/Aero/wingletDeltaDeluxe/model000
[LOG 17:45:02.657] Load DDS texture: Squad/Parts/Aero/wings/Wings
[LOG 17:45:02.665] Load DDS texture: Squad/Parts/Cargo/CargoContainers/cargoContainer_diff
[LOG 17:45:02.671] Load DDS texture: Squad/Parts/Cargo/CargoContainers/smallCargoContainer_diffuse
[LOG 17:45:02.678] Load DDS texture: Squad/Parts/Cargo/CargoContainers/smallCargoContainer_nrm
[LOG 17:45:02.684] Load DDS texture: Squad/Parts/Cargo/CargoContainers/smallCargoContainer_specular
[LOG 17:45:02.691] Load DDS texture: Squad/Parts/Cargo/Cylinder/EVAcylinder_diffuse
[LOG 17:45:02.703] Load DDS texture: Squad/Parts/Cargo/Cylinder/EVAcylinder_nrm
[LOG 17:45:02.709] Load DDS texture: Squad/Parts/Cargo/GroundAnchor/groundAnchor_diffuse
[LOG 17:45:02.715] Load DDS texture: Squad/Parts/Cargo/GroundAnchor/groundAnchor_nrm
[LOG 17:45:02.721] Load DDS texture: Squad/Parts/Cargo/Jetpack/EVAjetpack
[LOG 17:45:02.729] Load DDS texture: Squad/Parts/Cargo/Jetpack/EVAjetpackEmmisive
[LOG 17:45:02.735] Load DDS texture: Squad/Parts/Cargo/Jetpack/EVAjetpackNRM
[LOG 17:45:02.745] Load DDS texture: Squad/Parts/Cargo/Parachute/backpack_Diff
[LOG 17:45:02.757] Load DDS texture: Squad/Parts/Cargo/Parachute/backpack_NM
[LOG 17:45:02.764] Load DDS texture: Squad/Parts/Cargo/RepairKit/RepairKit_Diffuse
[LOG 17:45:02.773] Load DDS texture: Squad/Parts/Cargo/RepairKit/RepairKit_Normal
[LOG 17:45:02.780] Load DDS texture: Squad/Parts/Cargo/ScienceKit/ExperimentKit_Material_Diffuse
[LOG 17:45:02.788] Load DDS texture: Squad/Parts/Cargo/ScienceKit/ExperimentKit_Material_Emissive
[LOG 17:45:02.795] Load DDS texture: Squad/Parts/Cargo/ScienceKit/ExperimentKit_Material_Normal
[LOG 17:45:02.805] Load DDS texture: Squad/Parts/Cargo/StorageUnits/Assets/Cargo_Material_Diffuse
[LOG 17:45:02.815] Load DDS texture: Squad/Parts/Cargo/StorageUnits/Assets/Cargo_Material_Normal
[LOG 17:45:02.825] Load DDS texture: Squad/Parts/Command/advancedSasModuleLarge/model000
[LOG 17:45:02.840] Load DDS texture: Squad/Parts/Command/advancedSasModuleLarge/model001
[LOG 17:45:02.846] Load DDS texture: Squad/Parts/Command/cupola/cupola_Emissive
[LOG 17:45:02.854] Load DDS texture: Squad/Parts/Command/cupola/ksp_l_cupola_diff
[LOG 17:45:02.860] Load DDS texture: Squad/Parts/Command/cupola/ksp_l_cupola_normal
[LOG 17:45:02.868] Load DDS texture: Squad/Parts/Command/cupola/window
[LOG 17:45:02.874] Load DDS texture: Squad/Parts/Command/externalCommandSeat/model000
[LOG 17:45:02.881] Load DDS texture: Squad/Parts/Command/hitchhikerStorageContainer/cabin
[LOG 17:45:02.891] Load DDS texture: Squad/Parts/Command/hitchhikerStorageContainer/cabin_Illum
[LOG 17:45:02.898] Load DDS texture: Squad/Parts/Command/hitchhikerStorageContainer/cabin_n
[LOG 17:45:02.899] Load DDS texture: Squad/Parts/Command/hitchhikerStorageContainer/window
[LOG 17:45:02.906] Load DDS texture: Squad/Parts/Command/inlineAdvancedStabilizer/model000
[LOG 17:45:02.920] Load DDS texture: Squad/Parts/Command/inlineAdvancedStabilizer/model001
[LOG 17:45:02.926] Load DDS texture: Squad/Parts/Command/inlineReactionWheel/model000
[LOG 17:45:02.932] Load DDS texture: Squad/Parts/Command/inlineReactionWheel/model001
[LOG 17:45:02.938] Load DDS texture: Squad/Parts/Command/inlineReactionWheel/model002
[LOG 17:45:02.944] Load DDS texture: Squad/Parts/Command/Mk1-2Pod/mk 1-2 external shell Variant-Hatch
[LOG 17:45:02.951] Load DDS texture: Squad/Parts/Command/Mk1-3Pod/M1-3 Pod
[LOG 17:45:02.968] Load DDS texture: Squad/Parts/Command/Mk1-3Pod/M1-3 Pod_GLOW
[LOG 17:45:02.974] Load DDS texture: Squad/Parts/Command/mk1Cockpits/GLOW
[LOG 17:45:02.980] Load DDS texture: Squad/Parts/Command/mk1Cockpits/Mk1Cockpit
[LOG 17:45:02.988] Load DDS texture: Squad/Parts/Command/mk1LanderCan/ksp_s_landerCan_diff
[LOG 17:45:03.001] Load DDS texture: Squad/Parts/Command/mk1LanderCan/ksp_s_landerCan_normal
[LOG 17:45:03.012] Load DDS texture: Squad/Parts/Command/mk1LanderCan/ksp_s_landerCan_psd_illum
[LOG 17:45:03.018] Load DDS texture: Squad/Parts/Command/mk1pod/outer shell
[LOG 17:45:03.025] Load DDS texture: Squad/Parts/Command/mk1pod_v2/Mk1_v2
[LOG 17:45:03.031] Load DDS texture: Squad/Parts/Command/mk1pod_v2/Mk1_v2_GLOW
[LOG 17:45:03.038] Load DDS texture: Squad/Parts/Command/mk1pod_v2/Mk1_v2_GW
[LOG 17:45:03.046] Load DDS texture: Squad/Parts/Command/mk1pod_v2/Mk1_v2_N
[LOG 17:45:03.053] Load DDS texture: Squad/Parts/Command/mk1pod_v2/Mk1_v2_W
[LOG 17:45:03.061] Load DDS texture: Squad/Parts/Command/mk1pod_v2/Mk1_v2_W_N
[LOG 17:45:03.068] Load DDS texture: Squad/Parts/Command/mk2CockpitInline/Cockpit_inline_A
[LOG 17:45:03.074] Load DDS texture: Squad/Parts/Command/mk2CockpitInline/Cockpit_inline_Emissive
[LOG 17:45:03.083] Load DDS texture: Squad/Parts/Command/mk2CockpitInline/Cockpit_inline_normal
[LOG 17:45:03.089] Load DDS texture: Squad/Parts/Command/mk2CockpitStandard/Cockpit
[LOG 17:45:03.100] Load DDS texture: Squad/Parts/Command/mk2CockpitStandard/Cockpit_Lum
[LOG 17:45:03.107] Load DDS texture: Squad/Parts/Command/mk2CockpitStandard/Cockpit_NRM
[LOG 17:45:03.114] Load DDS texture: Squad/Parts/Command/mk2DroneCore/mk2Dronecore
[LOG 17:45:03.121] Load DDS texture: Squad/Parts/Command/mk2LanderCan/Illum
[LOG 17:45:03.127] Load DDS texture: Squad/Parts/Command/mk2LanderCan/ladder
[LOG 17:45:03.133] Load DDS texture: Squad/Parts/Command/mk2LanderCan/outershell
[LOG 17:45:03.147] Load DDS texture: Squad/Parts/Command/mk2LanderCan/outershell_n
[LOG 17:45:03.148] Load DDS texture: Squad/Parts/Command/mk2LanderCan/window
[LOG 17:45:03.158] Load DDS texture: Squad/Parts/Command/mk2LanderCan_v2/Mk2Can
[LOG 17:45:03.170] Load DDS texture: Squad/Parts/Command/mk2LanderCan_v2/Mk2Can_glow
[LOG 17:45:03.177] Load DDS texture: Squad/Parts/Command/mk3CockpitShuttle/Mk3CockpitShuttle
[LOG 17:45:03.193] Load DDS texture: Squad/Parts/Command/mk3CockpitShuttle/Mk3CockpitShuttle_LUM
[LOG 17:45:03.200] Load DDS texture: Squad/Parts/Command/MpoProbe/MpoProbe_diffuse
[LOG 17:45:03.208] Load DDS texture: Squad/Parts/Command/MpoProbe/MpoProbe_nrm
[LOG 17:45:03.218] Load DDS texture: Squad/Parts/Command/MpoProbe/MpoProbe_specular
[LOG 17:45:03.225] Load DDS texture: Squad/Parts/Command/MtmStage/mtmStage_diffuse
[LOG 17:45:03.232] Load DDS texture: Squad/Parts/Command/MtmStage/mtmStage_nrm
[LOG 17:45:03.240] Load DDS texture: Squad/Parts/Command/MtmStage/mtmStage_specular
[LOG 17:45:03.247] Load DDS texture: Squad/Parts/Command/probeCoreCube/QBE_New_diffuse
[LOG 17:45:03.257] Load Cached PNG Texture: Squad/Parts/Command/probeCoreCube/QBE_New_NRM
[LOG 17:45:03.265] Load DDS texture: Squad/Parts/Command/probeCoreCube/QBE_New_specular
[LOG 17:45:03.273] Load DDS texture: Squad/Parts/Command/probeCoreHex/ksp_m_hexProbe_diff
[LOG 17:45:03.288] Load DDS texture: Squad/Parts/Command/probeCoreHex/ksp_m_hexProbe_normal
[LOG 17:45:03.294] Load DDS texture: Squad/Parts/Command/probeCoreHex_v2/hecsDiffuse
[LOG 17:45:03.305] Load DDS texture: Squad/Parts/Command/probeCoreHex_v2/hecsNormal
[LOG 17:45:03.313] Load DDS texture: Squad/Parts/Command/probeCoreOcto2_v2/octoDiffuse
[LOG 17:45:03.317] Load DDS texture: Squad/Parts/Command/probeCoreOcto2_v2/octoNormal
[LOG 17:45:03.318] Load DDS texture: Squad/Parts/Command/probeCoreOcto2_v2/octoSpecular
[LOG 17:45:03.324] Load DDS texture: Squad/Parts/Command/probeCoreOcto_v2/octoDiffuse
[LOG 17:45:03.331] Load DDS texture: Squad/Parts/Command/probeCoreOcto_v2/octoNormal
[LOG 17:45:03.337] Load DDS texture: Squad/Parts/Command/probeCoreOcto_v2/octoSpecular
[LOG 17:45:03.344] Load DDS texture: Squad/Parts/Command/probeRoverBody/model000
[LOG 17:45:03.359] Load DDS texture: Squad/Parts/Command/probeRoverBody/model001
[LOG 17:45:03.365] Load DDS texture: Squad/Parts/Command/probeRoverBody_v2/probeRoverBody_v2_gold_diffuse
[LOG 17:45:03.374] Load Cached PNG Texture: Squad/Parts/Command/probeRoverBody_v2/probeRoverBody_v2_gold_NRM
[LOG 17:45:03.380] Load DDS texture: Squad/Parts/Command/probeRoverBody_v2/probeRoverBody_v2_gold_specular
[LOG 17:45:03.389] Load DDS texture: Squad/Parts/Command/probeRoverBody_v2/probeRoverBody_v2_silver_diffuse
[LOG 17:45:03.396] Load Cached PNG Texture: Squad/Parts/Command/probeRoverBody_v2/probeRoverBody_v2_silver_NRM
[LOG 17:45:03.403] Load DDS texture: Squad/Parts/Command/probeRoverBody_v2/probeRoverBody_v2_silver_specular
[LOG 17:45:03.405] Load DDS texture: Squad/Parts/Command/probeRoverBody_v2/QBE_New_diffuse
[LOG 17:45:03.406] Load DDS texture: Squad/Parts/Command/probeRoverBody_v2/QBE_New_NRM
[LOG 17:45:03.408] Load DDS texture: Squad/Parts/Command/probeRoverBody_v2/QBE_New_specular
[LOG 17:45:03.414] Load DDS texture: Squad/Parts/Command/probeStackLarge/model000
[LOG 17:45:03.420] Load DDS texture: Squad/Parts/Command/probeStackLarge/model001
[LOG 17:45:03.427] Load DDS texture: Squad/Parts/Command/probeStackSmall/model000
[LOG 17:45:03.434] Load DDS texture: Squad/Parts/Command/probeStackSmall/model001
[LOG 17:45:03.441] Load DDS texture: Squad/Parts/Command/probeStackSphere_v2/probeStackSphere_diffuse
[LOG 17:45:03.448] Load DDS texture: Squad/Parts/Command/probeStackSphere_v2/probeStackSphere_normal
[LOG 17:45:03.454] Load DDS texture: Squad/Parts/Command/probeStackSphere_v2/probeStackSphere_specular
[LOG 17:45:03.463] Load Cached PNG Texture: Squad/Parts/CompoundParts/@thumbs/fuelLine_icon0
[LOG 17:45:03.469] Load Cached PNG Texture: Squad/Parts/CompoundParts/@thumbs/fuelLine_icon1
[LOG 17:45:03.478] Load Cached PNG Texture: Squad/Parts/CompoundParts/@thumbs/strutConnector_icon0
[LOG 17:45:03.484] Load Cached PNG Texture: Squad/Parts/CompoundParts/@thumbs/strutConnector_icon1
[LOG 17:45:03.490] Load DDS texture: Squad/Parts/CompoundParts/FuelLine/FTX-2 External Fuel Duct
[LOG 17:45:03.496] Load DDS texture: Squad/Parts/CompoundParts/FuelLine/FTX-2 External Fuel Duct_ESA
[LOG 17:45:03.503] Load DDS texture: Squad/Parts/CompoundParts/strutConnector/EAS-4 Strut Connector
[LOG 17:45:03.508] Load DDS texture: Squad/Parts/CompoundParts/strutConnector/EAS-4 Strut Connector_white
[LOG 17:45:03.514] Load DDS texture: Squad/Parts/Coupling/Assets/Decouplers
[LOG 17:45:03.523] Load DDS texture: Squad/Parts/Coupling/Assets/Decouplers_N
[LOG 17:45:03.532] Load DDS texture: Squad/Parts/Coupling/Assets/Decouplers_whiteYellow
[LOG 17:45:03.540] Load DDS texture: Squad/Parts/Coupling/Assets/Decouplers_whiteYellow_N
[LOG 17:45:03.547] Load DDS texture: Squad/Parts/Electrical/10CSolarPanels/assets/circularSolarPanel_diffuse
[LOG 17:45:03.554] Load DDS texture: Squad/Parts/Electrical/10CSolarPanels/assets/circularSolarPanel_nrm
[LOG 17:45:03.560] Load DDS texture: Squad/Parts/Electrical/10LSolarPanels/assets/retractableSolarPanel_diffuse
[LOG 17:45:03.567] Load DDS texture: Squad/Parts/Electrical/10LSolarPanels/assets/retractableSolarPanel_nrm
[LOG 17:45:03.574] Load DDS texture: Squad/Parts/Electrical/1x6ShroudSolarPanels/model000
[LOG 17:45:03.582] Load DDS texture: Squad/Parts/Electrical/1x6ShroudSolarPanels/model001
[LOG 17:45:03.587] Load DDS texture: Squad/Parts/Electrical/1x6ShroudSolarPanels/model002
[LOG 17:45:03.592] Load DDS texture: Squad/Parts/Electrical/1x6SolarPanels/model000
[LOG 17:45:03.599] Load DDS texture: Squad/Parts/Electrical/1x6SolarPanels/model001
[LOG 17:45:03.605] Load DDS texture: Squad/Parts/Electrical/1x6SolarPanels/model002
[LOG 17:45:03.611] Load DDS texture: Squad/Parts/Electrical/3x2ShroudSolarPanels/model000
[LOG 17:45:03.617] Load DDS texture: Squad/Parts/Electrical/3x2ShroudSolarPanels/model001
[LOG 17:45:03.628] Load DDS texture: Squad/Parts/Electrical/3x2ShroudSolarPanels/model002
[LOG 17:45:03.634] Load DDS texture: Squad/Parts/Electrical/3x2SolarPanels/model000
[LOG 17:45:03.641] Load DDS texture: Squad/Parts/Electrical/3x2SolarPanels/model001
[LOG 17:45:03.651] Load DDS texture: Squad/Parts/Electrical/3x2SolarPanels/model002
[LOG 17:45:03.657] Load DDS texture: Squad/Parts/Electrical/gigantorXlSolarArray/panel
[LOG 17:45:03.663] Load DDS texture: Squad/Parts/Electrical/radialFlatSolarPanel/model000
[LOG 17:45:03.668] Load DDS texture: Squad/Parts/Electrical/RTG/model000
[LOG 17:45:03.674] Load DDS texture: Squad/Parts/Electrical/z-100Battery/model000
[LOG 17:45:03.681] Load DDS texture: Squad/Parts/Electrical/z-1kBattery/model000
[LOG 17:45:03.686] Load DDS texture: Squad/Parts/Electrical/z-1kBattery/model001
[LOG 17:45:03.692] Load DDS texture: Squad/Parts/Electrical/z-200Battery/ksp_m_batteryPack_diff
[LOG 17:45:03.699] Load DDS texture: Squad/Parts/Electrical/z-400Battery/model000
[LOG 17:45:03.706] Load DDS texture: Squad/Parts/Electrical/z-4kBattery/ksp_l_batteryPack_diff
[LOG 17:45:03.726] Load DDS texture: Squad/Parts/Electrical/z-4kBattery/ksp_l_batteryPack_normal
[LOG 17:45:03.733] Load DDS texture: Squad/Parts/Engine/ionEngine/model000
[LOG 17:45:03.738] Load DDS texture: Squad/Parts/Engine/jetEngines/Jet Engines
[LOG 17:45:03.745] Load DDS texture: Squad/Parts/Engine/jetEngines/Jet_Heat
[LOG 17:45:03.752] Load DDS texture: Squad/Parts/Engine/liquidEngine24-77/engine
[LOG 17:45:03.757] Load DDS texture: Squad/Parts/Engine/liquidEngine24-77_v2/Twitch
[LOG 17:45:03.764] Load DDS texture: Squad/Parts/Engine/liquidEngine24-77_v2/Twitch_G
[LOG 17:45:03.770] Load DDS texture: Squad/Parts/Engine/liquidEngine24-77_v2/Twitch_GLOW
[LOG 17:45:03.777] Load DDS texture: Squad/Parts/Engine/liquidEngine48-7S/ksp_m_liquidEngine_diff
[LOG 17:45:03.783] Load DDS texture: Squad/Parts/Engine/liquidEngine48-7S_v2/Spark
[LOG 17:45:03.788] Load DDS texture: Squad/Parts/Engine/liquidEngine48-7S_v2/Spark_Glow
[LOG 17:45:03.794] Load DDS texture: Squad/Parts/Engine/liquidEngineAerospike/Aerospike
[LOG 17:45:03.799] Load DDS texture: Squad/Parts/Engine/liquidEngineAerospike/Aerospike_Heat
[LOG 17:45:03.805] Load DDS texture: Squad/Parts/Engine/liquidEngineLV-1_v2/Assets/Ant_and_Spider_diffuse
[LOG 17:45:03.812] Load DDS texture: Squad/Parts/Engine/liquidEngineLV-1_v2/Assets/Ant_and_Spider_emissive
[LOG 17:45:03.818] Load DDS texture: Squad/Parts/Engine/liquidEngineLV-1_v2/Assets/Ant_and_Spider_normal
[LOG 17:45:03.824] Load DDS texture: Squad/Parts/Engine/liquidEngineLV-1_v2/Assets/Ant_and_Spider_specular
[LOG 17:45:03.831] Load DDS texture: Squad/Parts/Engine/liquidEngineLV-909_v2/Terrier
[LOG 17:45:03.935] Load DDS texture: Squad/Parts/Engine/liquidEngineLV-909_v2/TerrierFairing
[LOG 17:45:03.951] Load DDS texture: Squad/Parts/Engine/liquidEngineLV-909_v2/Terrier_glow
[LOG 17:45:03.958] Load DDS texture: Squad/Parts/Engine/liquidEngineLV-N/model000
[LOG 17:45:03.965] Load DDS texture: Squad/Parts/Engine/liquidEngineLV-N/model001
[LOG 17:45:03.971] Load DDS texture: Squad/Parts/Engine/liquidEngineLV-N/model002
[LOG 17:45:03.978] Load DDS texture: Squad/Parts/Engine/liquidEngineLV-N/model003
[LOG 17:45:03.985] Load DDS texture: Squad/Parts/Engine/liquidEngineLV-T30/model000
[LOG 17:45:04.000] Load DDS texture: Squad/Parts/Engine/liquidEngineLV-T30/model001
[LOG 17:45:04.005] Load DDS texture: Squad/Parts/Engine/liquidEngineLV-T30/model002
[LOG 17:45:04.017] Load DDS texture: Squad/Parts/Engine/liquidEngineLV-T30_v2/Engine_Emissive
[LOG 17:45:04.029] Load DDS texture: Squad/Parts/Engine/liquidEngineLV-T30_v2/Engine_Normal
[LOG 17:45:04.036] Load DDS texture: Squad/Parts/Engine/liquidEngineLV-T30_v2/Fairing
[LOG 17:45:04.045] Load DDS texture: Squad/Parts/Engine/liquidEngineLV-T30_v2/Reliant_v2-shroud_Diffuse
[LOG 17:45:04.055] Load DDS texture: Squad/Parts/Engine/liquidEngineLV-T30_v2/Reliant_v2_Diffuse
[LOG 17:45:04.062] Load DDS texture: Squad/Parts/Engine/liquidEngineLV-T45/model000
[LOG 17:45:04.069] Load DDS texture: Squad/Parts/Engine/liquidEngineLV-T45/model001
[LOG 17:45:04.075] Load DDS texture: Squad/Parts/Engine/liquidEngineLV-T45/model002
[LOG 17:45:04.090] Load DDS texture: Squad/Parts/Engine/liquidEngineLV-T45/model003
[LOG 17:45:04.099] Load DDS texture: Squad/Parts/Engine/liquidEngineLV-T45_v2/Engine_Emissive
[LOG 17:45:04.105] Load DDS texture: Squad/Parts/Engine/liquidEngineLV-T45_v2/Fairing
[LOG 17:45:04.115] Load DDS texture: Squad/Parts/Engine/liquidEngineLV-T45_v2/Swivel_v2_Diffuse
[LOG 17:45:04.125] Load DDS texture: Squad/Parts/Engine/liquidEngineLV-T45_v2/Swivel_v2_Normal
[LOG 17:45:04.137] Load DDS texture: Squad/Parts/Engine/liquidEngineMainsail_v2/mainsail_diffuse
[LOG 17:45:04.145] Load DDS texture: Squad/Parts/Engine/liquidEngineMainsail_v2/mainsail_emissive
[LOG 17:45:04.152] Load DDS texture: Squad/Parts/Engine/liquidEngineMainsail_v2/mainsail_nrm
[LOG 17:45:04.161] Load DDS texture: Squad/Parts/Engine/liquidEngineMainsail_v2/mainsail_specular
[LOG 17:45:04.169] Load DDS texture: Squad/Parts/Engine/liquidEngineMainsail_v2/Shroud
[LOG 17:45:04.178] Load DDS texture: Squad/Parts/Engine/liquidEngineMk55/Thud
[LOG 17:45:04.184] Load DDS texture: Squad/Parts/Engine/liquidEngineMk55/Thud_Heat
[LOG 17:45:04.189] Load DDS texture: Squad/Parts/Engine/liquidEnginePoodle_v2/poodle
[LOG 17:45:04.196] Load DDS texture: Squad/Parts/Engine/liquidEnginePoodle_v2/PoodleShroud
[LOG 17:45:04.203] Load DDS texture: Squad/Parts/Engine/liquidEnginePoodle_v2/poodle_Glow
[LOG 17:45:04.209] Load DDS texture: Squad/Parts/Engine/liquidEnginePoodle_v2/Poodle_SingleBell_Poodle_Diffuse
[LOG 17:45:04.217] Load DDS texture: Squad/Parts/Engine/liquidEnginePoodle_v2/Poodle_SingleBell_Poodle_Emissive
[LOG 17:45:04.224] Load DDS texture: Squad/Parts/Engine/liquidEnginePoodle_v2/Poodle_SingleBell_Poodle_Normal
[LOG 17:45:04.231] Load DDS texture: Squad/Parts/Engine/liquidEngineSkipper_v2/Shroud
[LOG 17:45:04.239] Load DDS texture: Squad/Parts/Engine/liquidEngineSkipper_v2/skipper_v2_diffuse
[LOG 17:45:04.252] Load DDS texture: Squad/Parts/Engine/liquidEngineSkipper_v2/skipper_v2_emissive
[LOG 17:45:04.261] Load DDS texture: Squad/Parts/Engine/liquidEngineSkipper_v2/skipper_v2_normal
[LOG 17:45:04.269] Load DDS texture: Squad/Parts/Engine/liquidEngineSSME/SSME
[LOG 17:45:04.275] Load DDS texture: Squad/Parts/Engine/liquidEngineSSME/SSME_GLOW
[LOG 17:45:04.286] Load DDS texture: Squad/Parts/Engine/liquidEngineSSME/SSME_NRM
[LOG 17:45:04.293] Load DDS texture: Squad/Parts/Engine/MassiveSRB/solid_booster_cm
[LOG 17:45:04.300] Load DDS texture: Squad/Parts/Engine/MassiveSRB/solid_booster_cm_esa
[LOG 17:45:04.307] Load DDS texture: Squad/Parts/Engine/MassiveSRB/solid_booster_em
[LOG 17:45:04.313] Load DDS texture: Squad/Parts/Engine/MassiveSRB/solid_booster_nm
[LOG 17:45:04.320] Load DDS texture: Squad/Parts/Engine/miniJet/SmallJet
[LOG 17:45:04.328] Load DDS texture: Squad/Parts/Engine/OMSEngine/Puff_diffuse
[LOG 17:45:04.333] Load DDS texture: Squad/Parts/Engine/OMSEngine/Puff_emissive
[LOG 17:45:04.339] Load DDS texture: Squad/Parts/Engine/OMSEngine/Puff_normal
[LOG 17:45:04.347] Load DDS texture: Squad/Parts/Engine/OMSEngine/Puff_specular
[LOG 17:45:04.353] Load DDS texture: Squad/Parts/Engine/rapierEngine/rapierDiffuse
[LOG 17:45:04.358] Load DDS texture: Squad/Parts/Engine/rapierEngine/rapieremit
[LOG 17:45:04.365] Load DDS texture: Squad/Parts/Engine/Size1_SRBs/SRB_O
[LOG 17:45:04.372] Load DDS texture: Squad/Parts/Engine/Size1_SRBs/SRB_W
[LOG 17:45:04.380] Load DDS texture: Squad/Parts/Engine/Size1_SRBs/SRB_Y
[LOG 17:45:04.385] Load DDS texture: Squad/Parts/Engine/Size2LFB/Size2LFBEmissive
[LOG 17:45:04.392] Load DDS texture: Squad/Parts/Engine/Size2LFB/twin_nozzle_booster_cm
[LOG 17:45:04.400] Load DDS texture: Squad/Parts/Engine/Size2LFB/twin_nozzle_booster_nm
[LOG 17:45:04.406] Load DDS texture: Squad/Parts/Engine/Size2LFB_v2/Size2LFBEmissive
[LOG 17:45:04.412] Load DDS texture: Squad/Parts/Engine/Size2LFB_v2/twin_nozzle_booster_cm
[LOG 17:45:04.419] Load DDS texture: Squad/Parts/Engine/Size2LFB_v2/twin_nozzle_booster_nm
[LOG 17:45:04.426] Load DDS texture: Squad/Parts/Engine/Size3AdvancedEngine/decoupler_and_adaptor_cm
[LOG 17:45:04.434] Load DDS texture: Squad/Parts/Engine/Size3AdvancedEngine/Size3AdvancedEngineDiffuse
[LOG 17:45:04.440] Load DDS texture: Squad/Parts/Engine/Size3AdvancedEngine/Size3AdvancedEngineEmissive
[LOG 17:45:04.446] Load DDS texture: Squad/Parts/Engine/Size3AdvancedEngine/Size3AdvancedEngineNormal
[LOG 17:45:04.460] Load DDS texture: Squad/Parts/Engine/Size3EngineCluster/ClusterEngineEmit
[LOG 17:45:04.466] Load DDS texture: Squad/Parts/Engine/Size3EngineCluster/four_nozzle_engine_cm
[LOG 17:45:04.473] Load DDS texture: Squad/Parts/Engine/Size3EngineCluster/four_nozzle_engine_nm
[LOG 17:45:04.480] Load DDS texture: Squad/Parts/Engine/solidBoosterBACC/model000
[LOG 17:45:04.486] Load DDS texture: Squad/Parts/Engine/solidBoosterBACC/model001
[LOG 17:45:04.494] Load DDS texture: Squad/Parts/Engine/solidBoosterBACC/model002
[LOG 17:45:04.500] Load DDS texture: Squad/Parts/Engine/solidBoosterRT-5/RT5
[LOG 17:45:04.524] Load DDS texture: Squad/Parts/Engine/solidBoosterS2-17/solidBoosterS2-17_diffuse
[LOG 17:45:04.551] Load DDS texture: Squad/Parts/Engine/solidBoosterS2-17/solidBoosterS2-17_emissive
[LOG 17:45:04.565] Load DDS texture: Squad/Parts/Engine/solidBoosterS2-17/solidBoosterS2-17_normal
[LOG 17:45:04.611] Load DDS texture: Squad/Parts/Engine/solidBoosterS2-33/solidBoosterS2-33_diffuse
[LOG 17:45:04.652] Load DDS texture: Squad/Parts/Engine/solidBoosterS2-33/solidBoosterS2-33_emissive
[LOG 17:45:04.700] Load DDS texture: Squad/Parts/Engine/solidBoosterS2-33/solidBoosterS2-33_normal
[LOG 17:45:04.727] Load DDS texture: Squad/Parts/Engine/solidBoosterSep/model000
[LOG 17:45:04.727] Load DDS texture: Squad/Parts/Engine/solidBoosterSep/motor
[LOG 17:45:04.731] Load DDS texture: Squad/Parts/Engine/SolidBoostersF/Assets/SolidBoosterF3S0_diffuse
[LOG 17:45:04.738] Load DDS texture: Squad/Parts/Engine/SolidBoostersF/Assets/SolidBoosterF3S0_emissive
[LOG 17:45:04.744] Load DDS texture: Squad/Parts/Engine/SolidBoostersF/Assets/SolidBoosterF3S0_normal
[LOG 17:45:04.751] Load DDS texture: Squad/Parts/FuelTank/adapterTanks/Mk3Adapters
[LOG 17:45:04.758] Load DDS texture: Squad/Parts/FuelTank/drainTankFTE-1/fuelValve_diffuse
[LOG 17:45:04.765] Load DDS texture: Squad/Parts/FuelTank/drainTankFTE-1/fuelValve_nrm
[LOG 17:45:04.771] Load DDS texture: Squad/Parts/FuelTank/FoilTanks/RadialTanks
[LOG 17:45:04.778] Load DDS texture: Squad/Parts/FuelTank/FoilTanks/RadialTanksGold_specular
[LOG 17:45:04.784] Load DDS texture: Squad/Parts/FuelTank/FoilTanks/RadialTanksSilver_specular
[LOG 17:45:04.791] Load DDS texture: Squad/Parts/FuelTank/FoilTanks/RadialTanks_N
[LOG 17:45:04.799] Load DDS texture: Squad/Parts/FuelTank/FoilTanks/RadialTanks_silver
[LOG 17:45:04.805] Load DDS texture: Squad/Parts/FuelTank/fuelTankOscarB/model000
[LOG 17:45:04.811] Load DDS texture: Squad/Parts/FuelTank/fuelTankOscarB/model001
[LOG 17:45:04.817] Load DDS texture: Squad/Parts/FuelTank/fuelTankOscarB/tank
[LOG 17:45:04.823] Load DDS texture: Squad/Parts/FuelTank/fuelTankOscarB/tank_n
[LOG 17:45:04.829] Load DDS texture: Squad/Parts/FuelTank/miniFuselage/Fuselage
[LOG 17:45:04.835] Load DDS texture: Squad/Parts/FuelTank/mk2Adapters/mk2adapters1m
[LOG 17:45:04.842] Load DDS texture: Squad/Parts/FuelTank/mk2FuselageLong/mk2Fuselage
[LOG 17:45:04.849] Load DDS texture: Squad/Parts/FuelTank/mk2FuselageShort/mk2FuselageShort
[LOG 17:45:04.855] Load DDS texture: Squad/Parts/FuelTank/mk3Fuselage/Mk3Fuselage
[LOG 17:45:04.862] Load DDS texture: Squad/Parts/FuelTank/mk3Fuselage/Mk3Fuselage_LUM
[LOG 17:45:04.870] Load DDS texture: Squad/Parts/FuelTank/RCSFuelTankR1/RCSFuelTankR1_01
[LOG 17:45:04.876] Load DDS texture: Squad/Parts/FuelTank/RCSFuelTankR1/RCSFuelTankR1_02
[LOG 17:45:04.882] Load DDS texture: Squad/Parts/FuelTank/RCSFuelTankR1/RCSFuelTankR1_N
[LOG 17:45:04.889] Load DDS texture: Squad/Parts/FuelTank/RCSFuelTankR10/ksp_m_rcsTank_diff
[LOG 17:45:04.907] Load DDS texture: Squad/Parts/FuelTank/RCSFuelTankR10/ksp_m_rcsTank_normal
[LOG 17:45:04.913] Load DDS texture: Squad/Parts/FuelTank/RCSFuelTankR25/FL-R25 RCS Fuel Tank_D
[LOG 17:45:04.922] Load DDS texture: Squad/Parts/FuelTank/RCSFuelTankR25/FL-R25 RCS Fuel Tank_N
[LOG 17:45:04.926] Load DDS texture: Squad/Parts/FuelTank/RCSTankRadial/model000
[LOG 17:45:04.933] Load DDS texture: Squad/Parts/FuelTank/RCStankRadialLong/ksp_r_rcsCylTank_diff
[LOG 17:45:04.941] Load DDS texture: Squad/Parts/FuelTank/RockomaxTanks/Assets/rockomax_16 [AlbedoM] BW
[LOG 17:45:04.949] Load DDS texture: Squad/Parts/FuelTank/RockomaxTanks/Assets/rockomax_16 [AlbedoM] ESA
[LOG 17:45:04.959] Load DDS texture: Squad/Parts/FuelTank/RockomaxTanks/Assets/rockomax_16 [AlbedoM] O
[LOG 17:45:04.970] Load DDS texture: Squad/Parts/FuelTank/RockomaxTanks/Assets/rockomax_16 [Normal] BW
[LOG 17:45:04.980] Load DDS texture: Squad/Parts/FuelTank/RockomaxTanks/Assets/rockomax_16 [Normal]ESA
[LOG 17:45:04.990] Load DDS texture: Squad/Parts/FuelTank/RockomaxTanks/Assets/rockomax_16 [Normal]O
[LOG 17:45:04.998] Load DDS texture: Squad/Parts/FuelTank/RockomaxTanks/Assets/rockomax_32 [AlbedoM] ESA
[LOG 17:45:05.006] Load DDS texture: Squad/Parts/FuelTank/RockomaxTanks/Assets/rockomax_32 [Normal]ESA
[LOG 17:45:05.014] Load DDS texture: Squad/Parts/FuelTank/Size1_Tanks/125Tanks_BW
[LOG 17:45:05.021] Load DDS texture: Squad/Parts/FuelTank/Size1_Tanks/125Tanks_D
[LOG 17:45:05.029] Load DDS texture: Squad/Parts/FuelTank/Size1_Tanks/125Tanks_N
[LOG 17:45:05.037] Load DDS texture: Squad/Parts/FuelTank/Size1_Tanks/125Tanks_O
[LOG 17:45:05.045] Load DDS texture: Squad/Parts/FuelTank/Size1_Tanks/125Tanks_W
[LOG 17:45:05.052] Load DDS texture: Squad/Parts/FuelTank/Size3Tanks/fueltTanks_cm
[LOG 17:45:05.059] Load Cached PNG Texture: Squad/Parts/FuelTank/Size3Tanks/Size3Tanks
[LOG 17:45:05.066] Load Cached PNG Texture: Squad/Parts/FuelTank/Size3Tanks/Size3Tanks_Norm
[LOG 17:45:05.073] Load Cached PNG Texture: Squad/Parts/FuelTank/Size3Tanks/Size3Tanks_Orange
[LOG 17:45:05.080] Load Cached PNG Texture: Squad/Parts/FuelTank/Size3Tanks/Size3Tanks_Orange_Norm
[LOG 17:45:05.087] Load DDS texture: Squad/Parts/FuelTank/xenonTank/model000
[LOG 17:45:05.093] Load DDS texture: Squad/Parts/FuelTank/xenonTank/model001
[LOG 17:45:05.101] Load DDS texture: Squad/Parts/FuelTank/xenonTankLarge/tank
[LOG 17:45:05.107] Load DDS texture: Squad/Parts/FuelTank/xenonTankRadial/ksp_r_xenonTank_diff
[LOG 17:45:05.114] Load DDS texture: Squad/Parts/Misc/AsteroidDay/CamSat
[LOG 17:45:05.128] Load DDS texture: Squad/Parts/Misc/AsteroidDay/CamSat_glow
[LOG 17:45:05.136] Load DDS texture: Squad/Parts/Misc/AsteroidDay/CamSat_N_NRM
[LOG 17:45:05.143] Load DDS texture: Squad/Parts/Misc/AsteroidDay/default
[LOG 17:45:05.147] Load DDS texture: Squad/Parts/Misc/AsteroidDay/hecsDiffuse
[LOG 17:45:05.154] Load DDS texture: Squad/Parts/Misc/AsteroidDay/hecsNormal
[LOG 17:45:05.160] Load DDS texture: Squad/Parts/Misc/AsteroidDay/hecsSpecular
[LOG 17:45:05.166] Load DDS texture: Squad/Parts/Misc/AsteroidDay/JumboHexProbe
[LOG 17:45:05.174] Load DDS texture: Squad/Parts/Misc/AsteroidDay/JumboHexProbe_NORM_NRM
[LOG 17:45:05.179] Load DDS texture: Squad/Parts/Resources/FuelCell/FCLamp
[LOG 17:45:05.185] Load DDS texture: Squad/Parts/Resources/FuelCell/FuelCellRack
[LOG 17:45:05.190] Load DDS texture: Squad/Parts/Resources/FuelCell/fuellcell
[LOG 17:45:05.195] Load DDS texture: Squad/Parts/Resources/ISRU/Processor_Large
[LOG 17:45:05.202] Load DDS texture: Squad/Parts/Resources/LargeTank/ksp_l_resourceContainer_diff
[LOG 17:45:05.209] Load DDS texture: Squad/Parts/Resources/LargeTank/ksp_l_resourceContainer_norm
[LOG 17:45:05.215] Load DDS texture: Squad/Parts/Resources/MiniDrill/DustParticle
[LOG 17:45:05.221] Load DDS texture: Squad/Parts/Resources/MiniDrill/ksp_r_rockProbe_diff
[LOG 17:45:05.228] Load DDS texture: Squad/Parts/Resources/MiniDrill/RockParticle
[LOG 17:45:05.234] Load DDS texture: Squad/Parts/Resources/MiniISRU/ksp_s_processorSmall_diff
[LOG 17:45:05.240] Load DDS texture: Squad/Parts/Resources/OrbitalScanner/detector
[LOG 17:45:05.246] Load DDS texture: Squad/Parts/Resources/RadialDrill/DustParticle
[LOG 17:45:05.252] Load DDS texture: Squad/Parts/Resources/RadialDrill/RockParticle
[LOG 17:45:05.260] Load DDS texture: Squad/Parts/Resources/RadialDrill/TriBitDrill
[LOG 17:45:05.265] Load DDS texture: Squad/Parts/Resources/RadialTank/ksp_r_resourceContainer_psd_2
[LOG 17:45:05.271] Load DDS texture: Squad/Parts/Resources/SmallTank/ksp_s_resourceContainer_diff
[LOG 17:45:05.277] Load DDS texture: Squad/Parts/Resources/SmallTank/ksp_s_resourceContainer_normal
[LOG 17:45:05.285] Load DDS texture: Squad/Parts/Resources/SurfaceScanner/ksp_r_samplerAir_diff
[LOG 17:45:05.292] Load DDS texture: Squad/Parts/Resources/SurveyScanner/dish
[LOG 17:45:05.297] Load DDS texture: Squad/Parts/Resources/SurveyScanner/dish_n
[LOG 17:45:05.303] Load DDS texture: Squad/Parts/Science/AtmosphereSensor/ksp_r_hydroscoop_diff
[LOG 17:45:05.310] Load DDS texture: Squad/Parts/Science/GooExperiment/GooExperiment
[LOG 17:45:05.316] Load DDS texture: Squad/Parts/Science/LargeCrewedLab/Large_Crewed_Lab
[LOG 17:45:05.325] Load DDS texture: Squad/Parts/Science/LargeCrewedLab/Large_Crewed_Lab_glow
[LOG 17:45:05.326] Load DDS texture: Squad/Parts/Science/LargeCrewedLab/window
[LOG 17:45:05.333] Load DDS texture: Squad/Parts/Science/Magnetometer/Magnetometer_diffuse
[LOG 17:45:05.340] Load DDS texture: Squad/Parts/Science/Magnetometer/Magnetometer_nrm
[LOG 17:45:05.346] Load DDS texture: Squad/Parts/Science/MaterialBay/science_module_small
[LOG 17:45:05.352] Load DDS texture: Squad/Parts/Science/MaterialBay/science_module_small_emit
[LOG 17:45:05.358] Load DDS texture: Squad/Parts/Science/MaterialBay/science_module_small_nrm
[LOG 17:45:05.365] Load DDS texture: Squad/Parts/Science/MaterialBay/wires
[LOG 17:45:05.371] Load DDS texture: Squad/Parts/Science/ScienceBox/Container
[LOG 17:45:05.376] Load DDS texture: Squad/Parts/Science/sensorAccelerometer/model000
[LOG 17:45:05.382] Load DDS texture: Squad/Parts/Science/sensorBarometer/model000
[LOG 17:45:05.387] Load DDS texture: Squad/Parts/Science/sensorGravimeter/model000
[LOG 17:45:05.393] Load DDS texture: Squad/Parts/Science/sensorThermometer/model000
[LOG 17:45:05.401] Load DDS texture: Squad/Parts/Structural/FLAdapters/Assets/FLA-Adapters_diffuse
[LOG 17:45:05.408] Load DDS texture: Squad/Parts/Structural/FLAdapters/Assets/FLA-Adapters_diffuse_O
[LOG 17:45:05.415] Load DDS texture: Squad/Parts/Structural/FLAdapters/Assets/FLA-Adapters_normal
[LOG 17:45:05.421] Load DDS texture: Squad/Parts/Structural/FLAdapters/Assets/FLA-Adapters_normal_O
[LOG 17:45:05.429] Load DDS texture: Squad/Parts/Structural/mk1Parts/Mk1Structural
[LOG 17:45:05.435] Load DDS texture: Squad/Parts/Structural/mk1Parts/Mk1StructuralHeat
[LOG 17:45:05.442] Load Cached PNG Texture: Squad/Parts/Structural/mk1Parts/@thumbs/MK1Fuselage_icon
[LOG 17:45:05.450] Load DDS texture: Squad/Parts/Structural/Size3To2Adapter_v2/Size2to3_BW_Diffuse
[LOG 17:45:05.458] Load DDS texture: Squad/Parts/Structural/Size3To2Adapter_v2/Size2to3_DUMMY_NRM
[LOG 17:45:05.466] Load DDS texture: Squad/Parts/Structural/Size3To2Adapter_v2/Size2to3_O_Diffuse
[LOG 17:45:05.475] Load DDS texture: Squad/Parts/Structural/Size3To2Adapter_v2/Size2to3_W_Diffuse
[LOG 17:45:05.485] Load DDS texture: Squad/Parts/Structural/Size3To2Adapter_v2/Size2to3_W_NRM
[LOG 17:45:05.493] Load DDS texture: Squad/Parts/Structural/stackAdapters/Assets/stackAdapters_diffuse
[LOG 17:45:05.501] Load DDS texture: Squad/Parts/Structural/stackAdapters/Assets/stackAdapters_diffuse_Dark
[LOG 17:45:05.507] Load DDS texture: Squad/Parts/Structural/stackAdapters/Assets/stackAdapters_diffuse_Orange
[LOG 17:45:05.513] Load DDS texture: Squad/Parts/Structural/stackAdapters/Assets/stackAdapters_normal
[LOG 17:45:05.520] Load DDS texture: Squad/Parts/Structural/stackAdapters/Assets/stackAdapters_normal_Orange
[LOG 17:45:05.526] Load DDS texture: Squad/Parts/Structural/stationHub/model000
[LOG 17:45:05.535] Load DDS texture: Squad/Parts/Structural/stationHub/model001
[LOG 17:45:05.541] Load DDS texture: Squad/Parts/Structural/structuralIBeam200/model000
[LOG 17:45:05.547] Load DDS texture: Squad/Parts/Structural/structuralIBeam200Pocket/model000
[LOG 17:45:05.552] Load DDS texture: Squad/Parts/Structural/structuralIBeam650/model000
[LOG 17:45:05.559] Load DDS texture: Squad/Parts/Structural/structuralMicronode/model000
[LOG 17:45:05.563] Load DDS texture: Squad/Parts/Structural/structuralPanel1x1/model000
[LOG 17:45:05.579] Load DDS texture: Squad/Parts/Structural/structuralPanel1x1/model001
[LOG 17:45:05.587] Load DDS texture: Squad/Parts/Structural/structuralPanel2x2/model000
[LOG 17:45:05.601] Load DDS texture: Squad/Parts/Structural/structuralPanel2x2/model001
[LOG 17:45:05.608] Load DDS texture: Squad/Parts/Structural/structuralPylons/Pylons
[LOG 17:45:05.613] Load DDS texture: Squad/Parts/Structural/strutCubicOcto/cubestrut
[LOG 17:45:05.619] Load DDS texture: Squad/Parts/Structural/strutOcto/model000
[LOG 17:45:05.624] Load DDS texture: Squad/Parts/Structural/trussGirderAdapter/model000
[LOG 17:45:05.629] Load DDS texture: Squad/Parts/Structural/trussGirderAdapter/model001
[LOG 17:45:05.635] Load DDS texture: Squad/Parts/Structural/trussGirderL/model000
[LOG 17:45:05.642] Load DDS texture: Squad/Parts/Structural/trussGirderXL/model000
[LOG 17:45:05.648] Load DDS texture: Squad/Parts/Thermal/FoldingRadiators/radiator
[LOG 17:45:05.654] Load DDS texture: Squad/Parts/Thermal/FoldingRadiators/radiator_N_NRM
[LOG 17:45:05.661] Load DDS texture: Squad/Parts/Thermal/RadiatorPanels/radPanel
[LOG 17:45:05.668] Load DDS texture: Squad/Parts/Thermal/RadiatorPanels/radPanel_N_NRM
[LOG 17:45:05.674] Load DDS texture: Squad/Parts/Utility/commDish88-88/comm_dish_array
[LOG 17:45:05.682] Load DDS texture: Squad/Parts/Utility/commDish88-88/comm_dish_v2_diff
[LOG 17:45:05.687] Load DDS texture: Squad/Parts/Utility/commDish88-88/model000
[LOG 17:45:05.694] Load DDS texture: Squad/Parts/Utility/commsAntennaDTS-M1/mediumDishAntenna
[LOG 17:45:05.701] Load DDS texture: Squad/Parts/Utility/commsAntennaDTS-M1/mediumDishAntenna_Emit
[LOG 17:45:05.706] Load DDS texture: Squad/Parts/Utility/commsDish16/model000
[LOG 17:45:05.712] Load DDS texture: Squad/Parts/Utility/decouplerRadialHDM/model000
[LOG 17:45:05.719] Load DDS texture: Squad/Parts/Utility/decouplerRadialTT-38K/model000
[LOG 17:45:05.728] Load DDS texture: Squad/Parts/Utility/decouplerRadialTT-38K/model001
[LOG 17:45:05.734] Load DDS texture: Squad/Parts/Utility/decouplerRadialTT-70/model000
[LOG 17:45:05.740] Load DDS texture: Squad/Parts/Utility/DirectAntennas/MiniAntenna
[LOG 17:45:05.745] Load DDS texture: Squad/Parts/Utility/dockingPort/Arrow Pointer
[LOG 17:45:05.754] Load DDS texture: Squad/Parts/Utility/dockingPort/DockingPorts_Clampotron_Diffuse
[LOG 17:45:05.762] Load DDS texture: Squad/Parts/Utility/dockingPort/DockingPorts_Clampotron_Emissive
[LOG 17:45:05.770] Load DDS texture: Squad/Parts/Utility/dockingPort/DockingPorts_Clampotron_Normal
[LOG 17:45:05.777] Load DDS texture: Squad/Parts/Utility/dockingPortInline/Arrow Pointer
[LOG 17:45:05.782] Load DDS texture: Squad/Parts/Utility/dockingPortInline/ClampotronLinear_ClampotronLinear_Diffuse
[LOG 17:45:05.790] Load DDS texture: Squad/Parts/Utility/dockingPortInline/ClampotronLinear_ClampotronLinear_Emissive
[LOG 17:45:05.797] Load DDS texture: Squad/Parts/Utility/dockingPortInline/ClampotronLinear_ClampotronLinear_Normal
[LOG 17:45:05.807] Load DDS texture: Squad/Parts/Utility/dockingPortInline/DockingPorts_Clampotron_Diffuse
[LOG 17:45:05.816] Load DDS texture: Squad/Parts/Utility/dockingPortInline/DockingPorts_Clampotron_Emissive
[LOG 17:45:05.824] Load DDS texture: Squad/Parts/Utility/dockingPortInline/DockingPorts_Clampotron_Normal
[LOG 17:45:05.829] Load DDS texture: Squad/Parts/Utility/dockingPortJr/Arrow Pointer
[LOG 17:45:05.833] Load DDS texture: Squad/Parts/Utility/dockingPortJr/DockingPorts_ClampotronJR_Diffuse
[LOG 17:45:05.840] Load DDS texture: Squad/Parts/Utility/dockingPortJr/DockingPorts_ClampotronJR_Normal
[LOG 17:45:05.846] Load DDS texture: Squad/Parts/Utility/dockingPortJr/model000
[LOG 17:45:05.847] Load DDS texture: Squad/Parts/Utility/dockingPortShielded/Arrow Pointer
[LOG 17:45:05.855] Load DDS texture: Squad/Parts/Utility/dockingPortShielded/Clamp-O-Tron Shielded Docking Port_ClampotronShielded_Diffuse
[LOG 17:45:05.866] Load DDS texture: Squad/Parts/Utility/dockingPortShielded/Clamp-O-Tron Shielded Docking Port_ClampotronShielded_Normal
[LOG 17:45:05.875] Load DDS texture: Squad/Parts/Utility/dockingPortShielded/DockingPorts_Clampotron_Diffuse
[LOG 17:45:05.883] Load DDS texture: Squad/Parts/Utility/dockingPortShielded/DockingPorts_Clampotron_Emissive
[LOG 17:45:05.892] Load DDS texture: Squad/Parts/Utility/dockingPortShielded/DockingPorts_Clampotron_Normal
[LOG 17:45:05.896] Load DDS texture: Squad/Parts/Utility/dockingPortSr/Arrow Pointer
[LOG 17:45:05.904] Load DDS texture: Squad/Parts/Utility/dockingPortSr/ClampotronSr_ClampotronSr_Diffuse
[LOG 17:45:05.912] Load DDS texture: Squad/Parts/Utility/dockingPortSr/ClampotronSr_ClampotronSr_Diffuse_gray
[LOG 17:45:05.920] Load DDS texture: Squad/Parts/Utility/dockingPortSr/ClampotronSr_ClampotronSr_Emissive
[LOG 17:45:05.930] Load DDS texture: Squad/Parts/Utility/dockingPortSr/ClampotronSr_ClampotronSr_Normal
[LOG 17:45:05.940] Load Cached PNG Texture: Squad/Parts/Utility/Fireworks/Assets/fireworks_launcher_big 1
[LOG 17:45:05.952] Load Cached PNG Texture: Squad/Parts/Utility/Fireworks/Assets/fireworks_launcher_big
[LOG 17:45:05.958] Load Cached PNG Texture: Squad/Parts/Utility/flags/backgroundTextures/dark_background
[LOG 17:45:05.965] Load Cached PNG Texture: Squad/Parts/Utility/flags/backgroundTextures/orange_background
[LOG 17:45:05.971] Load Cached PNG Texture: Squad/Parts/Utility/flags/backgroundTextures/white_background
[LOG 17:45:05.978] Load DDS texture: Squad/Parts/Utility/GrapplingDevice/grabberDiffuse
[LOG 17:45:05.984] Load DDS texture: Squad/Parts/Utility/GrapplingDevice/grabberDiffuse_dark
[LOG 17:45:05.991] Load DDS texture: Squad/Parts/Utility/GrapplingDevice/grabberNRM
[LOG 17:45:05.993] Load DDS texture: Squad/Parts/Utility/GrapplingDevice/window
[LOG 17:45:06.000] Load DDS texture: Squad/Parts/Utility/ladderRadial/model000
[LOG 17:45:06.006] Load DDS texture: Squad/Parts/Utility/ladderTelescopic/model000
[LOG 17:45:06.013] Load DDS texture: Squad/Parts/Utility/ladderTelescopic/model001
[LOG 17:45:06.020] Load DDS texture: Squad/Parts/Utility/ladderTelescopic/model002
[LOG 17:45:06.027] Load DDS texture: Squad/Parts/Utility/ladderTelescopicBay/model000
[LOG 17:45:06.034] Load DDS texture: Squad/Parts/Utility/ladderTelescopicBay/model001
[LOG 17:45:06.041] Load DDS texture: Squad/Parts/Utility/landingLegLT-1/ksp_r_landingStrut_diff
[LOG 17:45:06.048] Load DDS texture: Squad/Parts/Utility/landingLegLT-2/landingLeg
[LOG 17:45:06.053] Load DDS texture: Squad/Parts/Utility/landingLegLT-5/leg
[LOG 17:45:06.059] Load DDS texture: Squad/Parts/Utility/landingLegLT-5/model000
[LOG 17:45:06.064] Load DDS texture: Squad/Parts/Utility/launchClamp1/model000
[LOG 17:45:06.071] Load DDS texture: Squad/Parts/Utility/launchClamp1/model001
[LOG 17:45:06.077] Load DDS texture: Squad/Parts/Utility/launchEscapeSystem/LES_Diffuse
[LOG 17:45:06.084] Load DDS texture: Squad/Parts/Utility/Lights/Assets/Lights_Attacheable_Lights_Diffuse
[LOG 17:45:06.091] Load DDS texture: Squad/Parts/Utility/Lights/Assets/Lights_Attacheable_Lights_Diffuse_white
[LOG 17:45:06.096] Load DDS texture: Squad/Parts/Utility/Lights/Assets/Lights_Attacheable_Lights_Emissive
[LOG 17:45:06.103] Load DDS texture: Squad/Parts/Utility/Lights/Assets/Lights_Attacheable_Lights_Normal
[LOG 17:45:06.112] Load DDS texture: Squad/Parts/Utility/Lights/Assets/Lights_Rectangle_Light_Diffuse
[LOG 17:45:06.123] Load DDS texture: Squad/Parts/Utility/Lights/Assets/Lights_Rectangle_Light_Diffuse_white
[LOG 17:45:06.132] Load DDS texture: Squad/Parts/Utility/Lights/Assets/Lights_Rectangle_Light_Emissive
[LOG 17:45:06.142] Load DDS texture: Squad/Parts/Utility/Lights/Assets/Lights_Rectangle_Light_Normal
[LOG 17:45:06.149] Load DDS texture: Squad/Parts/Utility/Lights/Assets/Lights_Worklights_Diffuse
[LOG 17:45:06.156] Load DDS texture: Squad/Parts/Utility/Lights/Assets/Lights_Worklights_Emissive
[LOG 17:45:06.163] Load DDS texture: Squad/Parts/Utility/Lights/Assets/Lights_Worklights_Normal
[LOG 17:45:06.169] Load DDS texture: Squad/Parts/Utility/Lights/Assets/Spotlight_Attacheable_Lights_Diffuse
[LOG 17:45:06.175] Load DDS texture: Squad/Parts/Utility/Lights/Assets/Spotlight_Attacheable_Lights_Diffuse_white
[LOG 17:45:06.182] Load DDS texture: Squad/Parts/Utility/Lights/Assets/Spotlight_Attacheable_Lights_Emissive
[LOG 17:45:06.189] Load DDS texture: Squad/Parts/Utility/Lights/Assets/Spotlight_Attacheable_Lights_Normal
[LOG 17:45:06.194] Load DDS texture: Squad/Parts/Utility/linearVernorRCS/Assets/linear_vernor_diffuse
[LOG 17:45:06.199] Load DDS texture: Squad/Parts/Utility/linearVernorRCS/Assets/linear_vernor_emissive
[LOG 17:45:06.204] Load DDS texture: Squad/Parts/Utility/linearVernorRCS/Assets/linear_vernor_normalDummy
[LOG 17:45:06.210] Load DDS texture: Squad/Parts/Utility/linearVernorRCS/Assets/linear_vernor_specular
[LOG 17:45:06.218] Load DDS texture: Squad/Parts/Utility/mk2CargoBay/mk2CargoBay
[LOG 17:45:06.224] Load DDS texture: Squad/Parts/Utility/mk2CrewCabin/mk2CrewCabin
[LOG 17:45:06.230] Load DDS texture: Squad/Parts/Utility/mk2CrewCabin/mk2CrewCabin_LUM
[LOG 17:45:06.231] Load DDS texture: Squad/Parts/Utility/mk2DockingPort/Arrow Pointer
[LOG 17:45:06.238] Load DDS texture: Squad/Parts/Utility/mk2DockingPort/Mk2Clampotron_Caps_Diffuse
[LOG 17:45:06.244] Load DDS texture: Squad/Parts/Utility/mk2DockingPort/Mk2Clampotron_Caps_Emmisive
[LOG 17:45:06.250] Load DDS texture: Squad/Parts/Utility/mk2DockingPort/Mk2Clampotron_Caps_Normal
[LOG 17:45:06.259] Load DDS texture: Squad/Parts/Utility/mk2DockingPort/Mk2Clampotron_Mk2Clampotron_Diffuse
[LOG 17:45:06.267] Load DDS texture: Squad/Parts/Utility/mk2DockingPort/Mk2Clampotron_Mk2Clampotron_Emissive
[LOG 17:45:06.274] Load DDS texture: Squad/Parts/Utility/mk2DockingPort/Mk2Clampotron_Mk2Clampotron_Normal
[LOG 17:45:06.282] Load DDS texture: Squad/Parts/Utility/mk2DockingPort/mk2DockingPort
[LOG 17:45:06.289] Load DDS texture: Squad/Parts/Utility/mk3CargoBay/Mk3CargoBay
[LOG 17:45:06.295] Load DDS texture: Squad/Parts/Utility/parachuteMk1/model000
[LOG 17:45:06.301] Load DDS texture: Squad/Parts/Utility/parachuteMk1/model001
[LOG 17:45:06.306] Load DDS texture: Squad/Parts/Utility/parachuteMk12-R/model000
[LOG 17:45:06.313] Load DDS texture: Squad/Parts/Utility/parachuteMk12-R/model001
[LOG 17:45:06.319] Load DDS texture: Squad/Parts/Utility/parachuteMk16-XL/model000
[LOG 17:45:06.325] Load DDS texture: Squad/Parts/Utility/parachuteMk16-XL/model001
[LOG 17:45:06.331] Load DDS texture: Squad/Parts/Utility/parachuteMk2-R/model000
[LOG 17:45:06.338] Load DDS texture: Squad/Parts/Utility/parachuteMk2-R/model001
[LOG 17:45:06.344] Load DDS texture: Squad/Parts/Utility/parachuteMk25/model000
[LOG 17:45:06.349] Load DDS texture: Squad/Parts/Utility/parachuteMk25/model001
[LOG 17:45:06.364] Load DDS texture: Squad/Parts/Utility/radialAttachmentPoint/model000
[LOG 17:45:06.371] Load DDS texture: Squad/Parts/Utility/radialAttachmentPoint/model001
[LOG 17:45:06.376] Load DDS texture: Squad/Parts/Utility/rcsBlockRV-105_v2/rcsBlock_diffuse
[LOG 17:45:06.377] Load DDS texture: Squad/Parts/Utility/rcsBlockRV-105_v2/rcsThrusterBlock_normal
[LOG 17:45:06.384] Load DDS texture: Squad/Parts/Utility/rcsBlockRV-105_v2/rcsThruster_emissive
[LOG 17:45:06.391] Load DDS texture: Squad/Parts/Utility/rcsBlockRV-105_v2/rcsThruster_specular
[LOG 17:45:06.397] Load DDS texture: Squad/Parts/Utility/rcsBlockRV-105_v2/RCS_Block_Diffuse
[LOG 17:45:06.403] Load DDS texture: Squad/Parts/Utility/rcsBlockRV-105_v2/RCS_Block_Emissive
[LOG 17:45:06.414] Load DDS texture: Squad/Parts/Utility/rcsBlockRV-105_v2/RCS_Block_Normal
[LOG 17:45:06.421] Load DDS texture: Squad/Parts/Utility/rcsBlockRV-105_v2/RCS_Block_Specular
[LOG 17:45:06.426] Load DDS texture: Squad/Parts/Utility/rcsSmallLinear/Assets/RCS_Linear_Base_Diffuse
[LOG 17:45:06.433] Load DDS texture: Squad/Parts/Utility/rcsSmallLinear/Assets/RCS_Linear_Diffuse
[LOG 17:45:06.439] Load DDS texture: Squad/Parts/Utility/rcsSmallLinear/Assets/RCS_Linear_Emissive
[LOG 17:45:06.445] Load DDS texture: Squad/Parts/Utility/rcsSmallLinear/Assets/RCS_Linear_Normal
[LOG 17:45:06.451] Load DDS texture: Squad/Parts/Utility/rcsSmallLinear/Assets/RCS_Linear_Specular
[LOG 17:45:06.458] Load DDS texture: Squad/Parts/Utility/RelayAntennas/DishAntenna
[LOG 17:45:06.464] Load DDS texture: Squad/Parts/Utility/RelayAntennas/MiniAntenna
[LOG 17:45:06.471] Load DDS texture: Squad/Parts/Utility/rockomaxAdapters/Assets/Rockomax_Adapters_diffuse
[LOG 17:45:06.478] Load DDS texture: Squad/Parts/Utility/rockomaxAdapters/Assets/Rockomax_Adapters_diffuse_O
[LOG 17:45:06.485] Load DDS texture: Squad/Parts/Utility/rockomaxAdapters/Assets/Rockomax_Adapters_diffuse_W
[LOG 17:45:06.492] Load DDS texture: Squad/Parts/Utility/rockomaxAdapters/Assets/Rockomax_Adapters_normal
[LOG 17:45:06.498] Load DDS texture: Squad/Parts/Utility/rockomaxAdapters/Assets/Rockomax_Adapters_normal_O
[LOG 17:45:06.505] Load DDS texture: Squad/Parts/Utility/ServiceBay/ServiceBay
[LOG 17:45:06.511] Load Cached PNG Texture: Squad/Parts/Utility/ServiceBay_v2/Assets/Scratch
[LOG 17:45:06.519] Load Cached PNG Texture: Squad/Parts/Utility/ServiceBay_v2/Assets/ServiceBay_bump
[LOG 17:45:06.530] Load Cached PNG Texture: Squad/Parts/Utility/ServiceBay_v2/Assets/ServiceBay_v2
[LOG 17:45:06.537] Load DDS texture: Squad/Parts/Utility/smallClaw/grabberSmallDiffuse
[LOG 17:45:06.545] Load DDS texture: Squad/Parts/Utility/smallClaw/grabberSmallDiffuseDark
[LOG 17:45:06.552] Load DDS texture: Squad/Parts/Utility/smallClaw/grabberSmallNRM
[LOG 17:45:06.552] Load DDS texture: Squad/Parts/Utility/smallClaw/window
[LOG 17:45:06.557] Load DDS texture: Squad/Parts/Utility/spotLightMk1/light1
[LOG 17:45:06.564] Load DDS texture: Squad/Parts/Utility/spotLightMk1/light1_em
[LOG 17:45:06.570] Load DDS texture: Squad/Parts/Utility/spotLightMk1_v2/spotLightMk1_Diffuse
[LOG 17:45:06.578] Load DDS texture: Squad/Parts/Utility/spotLightMk1_v2/spotLightMk1_Diffuse_white
[LOG 17:45:06.583] Load DDS texture: Squad/Parts/Utility/spotLightMk1_v2/spotLightMk1_Emissive
[LOG 17:45:06.592] Load DDS texture: Squad/Parts/Utility/spotLightMk1_v2/spotLightMk1_Normal
[LOG 17:45:06.598] Load DDS texture: Squad/Parts/Utility/spotLightMk2/light2
[LOG 17:45:06.604] Load DDS texture: Squad/Parts/Utility/spotLightMk2/light2_em
[LOG 17:45:06.610] Load DDS texture: Squad/Parts/Utility/spotLightMk2_v2/spotLightMk2_Diffuse
[LOG 17:45:06.618] Load DDS texture: Squad/Parts/Utility/spotLightMk2_v2/spotLightMk2_Diffuse_white
[LOG 17:45:06.624] Load DDS texture: Squad/Parts/Utility/spotLightMk2_v2/spotLightMk2_Emissive
[LOG 17:45:06.631] Load DDS texture: Squad/Parts/Utility/spotLightMk2_v2/spotLightMk2_Normal
[LOG 17:45:06.637] Load DDS texture: Squad/Parts/Utility/stackCouplers/Assets/stackCouplersDiffuse
[LOG 17:45:06.645] Load DDS texture: Squad/Parts/Utility/stackCouplers/Assets/stackCouplersDiffuse_Dark
[LOG 17:45:06.652] Load DDS texture: Squad/Parts/Utility/stackCouplers/Assets/stackCouplersDiffuse_Orange
[LOG 17:45:06.658] Load DDS texture: Squad/Parts/Utility/stackCouplers/Assets/stackCouplers_NRM
[LOG 17:45:06.665] Load DDS texture: Squad/Parts/Utility/stackCouplers/Assets/stackCouplers_Orange_NRM
[LOG 17:45:06.672] Load DDS texture: Squad/Parts/Wheel/LandingGear/Flare
[LOG 17:45:06.679] Load DDS texture: Squad/Parts/Wheel/LandingGear/LandingGear
[LOG 17:45:06.688] Load DDS texture: Squad/Parts/Wheel/LandingGear/LandingGear_Emissive
[LOG 17:45:06.694] Load DDS texture: Squad/Parts/Wheel/roverWheelM1/model000
[LOG 17:45:06.699] Load DDS texture: Squad/Parts/Wheel/roverWheelM1/roverwheel1
[LOG 17:45:06.705] Load DDS texture: Squad/Parts/Wheel/roverWheelS2/model000
[LOG 17:45:06.712] Load DDS texture: Squad/Parts/Wheel/roverWheelS2/model001
[LOG 17:45:06.718] Load DDS texture: Squad/Parts/Wheel/roverWheelS2/roverwheel2
[LOG 17:45:06.752] Load DDS texture: Squad/Parts/Wheel/roverWheelS2/roverwheel2_n
[LOG 17:45:06.760] Load DDS texture: Squad/Parts/Wheel/roverWheelTR-2L/ksp_r_medWheel_diff
[LOG 17:45:06.767] Load DDS texture: Squad/Parts/Wheel/roverWheelTR-2L/ksp_r_medWheel_normal
[LOG 17:45:06.774] Load DDS texture: Squad/Parts/Wheel/roverWheelTR-2L/ksp_r_medWheel_wheel_diff
[LOG 17:45:06.781] Load DDS texture: Squad/Parts/Wheel/roverWheelTR-2L/ksp_r_medWheel_wheel_normal
[LOG 17:45:06.787] Load DDS texture: Squad/Parts/Wheel/roverWheelXL3/mount
[LOG 17:45:06.794] Load DDS texture: Squad/Parts/Wheel/roverWheelXL3/mount_n
[LOG 17:45:06.799] Load DDS texture: Squad/Parts/Wheel/roverWheelXL3/wheel
[LOG 17:45:06.813] Load DDS texture: Squad/Parts/Wheel/roverWheelXL3/wheel_n
[LOG 17:45:06.824] Load DDS texture: Squad/Props/AltimeterThreeHands/model000
[LOG 17:45:06.830] Load DDS texture: Squad/Props/AltimeterThreeHands/model001
[LOG 17:45:06.836] Load DDS texture: Squad/Props/AtmosphereDepth/model000
[LOG 17:45:06.841] Load DDS texture: Squad/Props/AtmosphereDepth/model001
[LOG 17:45:06.846] Load DDS texture: Squad/Props/AxisIndicator/model000
[LOG 17:45:06.851] Load DDS texture: Squad/Props/buttonsGeneric/ButtonsAndSwitches
[LOG 17:45:06.858] Load DDS texture: Squad/Props/ButtonSquare/model000
[LOG 17:45:06.863] Load DDS texture: Squad/Props/circularButton/model000
[LOG 17:45:06.870] Load DDS texture: Squad/Props/Compass/model000
[LOG 17:45:06.878] Load DDS texture: Squad/Props/directionalKnob/model000
[LOG 17:45:06.884] Load DDS texture: Squad/Props/directionalKnob2/model000
[LOG 17:45:06.889] Load DDS texture: Squad/Props/IndicatorPanel/model000
[LOG 17:45:06.895] Load DDS texture: Squad/Props/IndicatorPanel/model001
[LOG 17:45:06.901] Load DDS texture: Squad/Props/IVANavBall/Arrows8dir
[LOG 17:45:06.907] Load DDS texture: Squad/Props/IVANavBall/IVANavBall
[LOG 17:45:06.915] Load DDS texture: Squad/Props/IVANavBall/IVANavBall_Glow
[LOG 17:45:06.920] Load DDS texture: Squad/Props/IVANavBall/ManeuverNode_vectors
[LOG 17:45:06.925] Load DDS texture: Squad/Props/IVANavBall/navball2
[LOG 17:45:06.932] Load DDS texture: Squad/Props/IVANavBall/navBall_DV_IVA
[LOG 17:45:06.937] Load DDS texture: Squad/Props/IVANavBall/navBall_vectors_IVA
[LOG 17:45:06.944] Load Cached PNG Texture: Squad/Props/IVANavBallNoBase/Arrows8dir
[LOG 17:45:06.949] Load Cached PNG Texture: Squad/Props/IVANavBallNoBase/IVANavBall
[LOG 17:45:06.955] Load Cached PNG Texture: Squad/Props/IVANavBallNoBase/ManeuverNode_vectors
[LOG 17:45:06.960] Load Cached PNG Texture: Squad/Props/IVANavBallNoBase/navball2
[LOG 17:45:06.966] Load Cached PNG Texture: Squad/Props/IVANavBallNoBase/navBall_DV_IVA
[LOG 17:45:06.972] Load Cached PNG Texture: Squad/Props/IVANavBallNoBase/navBall_vectors_IVA
[LOG 17:45:06.979] Load DDS texture: Squad/Props/ledPanelSpeed/circularButton
[LOG 17:45:06.984] Load DDS texture: Squad/Props/ledPanelSpeed/ledPanel
[LOG 17:45:06.989] Load DDS texture: Squad/Props/Monitor/Emissives
[LOG 17:45:06.995] Load DDS texture: Squad/Props/Monitor/Emissives_glow
[LOG 17:45:07.000] Load DDS texture: Squad/Props/Monitor/Monitor
[LOG 17:45:07.005] Load DDS texture: Squad/Props/NavBall/GaugeGee
[LOG 17:45:07.011] Load DDS texture: Squad/Props/NavBall/GaugeThrottle
[LOG 17:45:07.018] Load DDS texture: Squad/Props/NavBall/model000
[LOG 17:45:07.023] Load DDS texture: Squad/Props/NavBall/model001
[LOG 17:45:07.028] Load DDS texture: Squad/Props/NavBall/model002
[LOG 17:45:07.034] Load DDS texture: Squad/Props/NavBall/model003
[LOG 17:45:07.041] Load DDS texture: Squad/Props/PropsGeneric/propsGeneric
[LOG 17:45:07.047] Load DDS texture: Squad/Props/pullSwitch/model000
[LOG 17:45:07.054] Load DDS texture: Squad/Props/pullSwitch/model001
[LOG 17:45:07.060] Load DDS texture: Squad/Props/radarAltitude/model000
[LOG 17:45:07.065] Load DDS texture: Squad/Props/squareButton/model000
[LOG 17:45:07.071] Load DDS texture: Squad/Props/standingSwitch/model000
[LOG 17:45:07.077] Load DDS texture: Squad/Props/standingSwitch/model001
[LOG 17:45:07.082] Load DDS texture: Squad/Props/switch/model000
[LOG 17:45:07.089] Load DDS texture: Squad/Props/switchGuard/model000
[LOG 17:45:07.094] Load DDS texture: Squad/Props/switchWithGuards/model000
[LOG 17:45:07.101] Load DDS texture: Squad/Props/switchWithGuards/model001
[LOG 17:45:07.107] Load DDS texture: Squad/Props/switchWithGuards/model002
[LOG 17:45:07.113] Load DDS texture: Squad/Props/throttle/model000
[LOG 17:45:07.119] Load DDS texture: Squad/Props/throttle/model001
[LOG 17:45:07.125] Load DDS texture: Squad/Props/VSI/model000
[LOG 17:45:07.127] Load DDS texture: Squad/Spaces/crewCabinInternals/model000
[LOG 17:45:07.135] Load DDS texture: Squad/Spaces/crewCabinInternals/model001
[LOG 17:45:07.141] Load DDS texture: Squad/Spaces/crewCabinInternals/model002
[LOG 17:45:07.149] Load DDS texture: Squad/Spaces/crewCabinInternals/model003
[LOG 17:45:07.150] Load DDS texture: Squad/Spaces/crewCabinInternals/model004
[LOG 17:45:07.155] Load DDS texture: Squad/Spaces/crewCabinInternals/model005
[LOG 17:45:07.164] Load DDS texture: Squad/Spaces/cupolaInternal/ksp_l_cupola_internal_diff
[LOG 17:45:07.173] Load DDS texture: Squad/Spaces/cupolaInternal/ksp_l_cupola_internal_normal
[LOG 17:45:07.181] Load DDS texture: Squad/Spaces/cupolaInternal/ksp_l_cupola_internal_windows_alpha
[LOG 17:45:07.187] Load DDS texture: Squad/Spaces/cupolaInternal/pilot Seat
[LOG 17:45:07.195] Load DDS texture: Squad/Spaces/GenericSpace1/model000
[LOG 17:45:07.201] Load DDS texture: Squad/Spaces/GenericSpace1/model001
[LOG 17:45:07.208] Load DDS texture: Squad/Spaces/GenericSpace1/model002
[LOG 17:45:07.215] Load DDS texture: Squad/Spaces/GenericSpace1/model003
[LOG 17:45:07.222] Load DDS texture: Squad/Spaces/GenericSpace1/model004
[LOG 17:45:07.229] Load DDS texture: Squad/Spaces/GenericSpace1/model005
[LOG 17:45:07.236] Load DDS texture: Squad/Spaces/GenericSpace3/model000
[LOG 17:45:07.245] Load DDS texture: Squad/Spaces/GenericSpace3/model001
[LOG 17:45:07.252] Load DDS texture: Squad/Spaces/GenericSpace3/model002
[LOG 17:45:07.259] Load DDS texture: Squad/Spaces/GenericSpace3/model003
[LOG 17:45:07.265] Load DDS texture: Squad/Spaces/GenericSpace3/model004
[LOG 17:45:07.272] Load DDS texture: Squad/Spaces/GenericSpace3/model005
[LOG 17:45:07.279] Load DDS texture: Squad/Spaces/GenericSpace3/model006
[LOG 17:45:07.285] Load DDS texture: Squad/Spaces/GenericSpace3/model007
[LOG 17:45:07.292] Load DDS texture: Squad/Spaces/landerCabinInternals/model000
[LOG 17:45:07.299] Load DDS texture: Squad/Spaces/landerCabinInternals/model001
[LOG 17:45:07.306] Load DDS texture: Squad/Spaces/landerCabinInternals/model002
[LOG 17:45:07.314] Load DDS texture: Squad/Spaces/landerCabinInternals/model003
[LOG 17:45:07.322] Load DDS texture: Squad/Spaces/landerCabinInternals/model004
[LOG 17:45:07.332] Load DDS texture: Squad/Spaces/landerCabinInternals/model005
[LOG 17:45:07.338] Load DDS texture: Squad/Spaces/landerCabinInternals/model006
[LOG 17:45:07.340] Load DDS texture: Squad/Spaces/landerCabinInternals/model007
[LOG 17:45:07.348] Load DDS texture: Squad/Spaces/landerCabinSmallInternal/ksp_s_landerCan_internal_diff
[LOG 17:45:07.359] Load DDS texture: Squad/Spaces/landerCabinSmallInternal/ksp_s_landerCan_internal_normal
[LOG 17:45:07.365] Load DDS texture: Squad/Spaces/landerCabinSmallInternal/ksp_s_landerCan_internal_window_alpha
[LOG 17:45:07.372] Load DDS texture: Squad/Spaces/landerCabinSmallInternal/pilot Seat
[LOG 17:45:07.380] Load DDS texture: Squad/Spaces/LargeCrewedLabInternals/Glass
[LOG 17:45:07.388] Load DDS texture: Squad/Spaces/LargeCrewedLabInternals/MPL_Int
[LOG 17:45:07.395] Load DDS texture: Squad/Spaces/LargeCrewedLabInternals/MPL_Int_n_NRM
[LOG 17:45:07.402] Load DDS texture: Squad/Spaces/Mk1-3/Mk1_3_IvaProps_Diffuse
[LOG 17:45:07.412] Load DDS texture: Squad/Spaces/Mk1-3/Mk1_3_IvaProps_Normal
[LOG 17:45:07.421] Load DDS texture: Squad/Spaces/Mk1-3/Mk1_3_IvaShell_Diffuse
[LOG 17:45:07.429] Load DDS texture: Squad/Spaces/Mk1-3/Mk1_3_IvaShell_Emissive
[LOG 17:45:07.439] Load DDS texture: Squad/Spaces/Mk1-3/Mk1_3_IvaShell_Normal
[LOG 17:45:07.445] Load DDS texture: Squad/Spaces/Mk1-3/pilot Seat
[LOG 17:45:07.453] Load DDS texture: Squad/Spaces/mk1CabinInternal/Cabin_Lightmap
[LOG 17:45:07.460] Load DDS texture: Squad/Spaces/mk1CabinInternal/CockpitGeneric
[LOG 17:45:07.471] Load DDS texture: Squad/Spaces/mk1CabinInternal/CockpitGeneric_NRM
[LOG 17:45:07.472] Load DDS texture: Squad/Spaces/mk1CockpitInternal/CockpitGeneric
[LOG 17:45:07.473] Load DDS texture: Squad/Spaces/mk1CockpitInternal/CockpitGeneric_NRM
[LOG 17:45:07.480] Load DDS texture: Squad/Spaces/mk1CockpitInternal/IVAMAP
[LOG 17:45:07.486] Load DDS texture: Squad/Spaces/mk1CockpitInternal/Windows
[LOG 17:45:07.492] Load DDS texture: Squad/Spaces/mk1InlineInternal/Canopy
[LOG 17:45:07.494] Load DDS texture: Squad/Spaces/mk1InlineInternal/CockpitGeneric
[LOG 17:45:07.495] Load DDS texture: Squad/Spaces/mk1InlineInternal/CockpitGeneric_NRM
[LOG 17:45:07.502] Load DDS texture: Squad/Spaces/mk1InlineInternal/Mk1Inline_Lightmap
[LOG 17:45:07.507] Load DDS texture: Squad/Spaces/mk1PodCockpit/model000
[LOG 17:45:07.513] Load DDS texture: Squad/Spaces/mk1PodCockpit/model001
[LOG 17:45:07.521] Load DDS texture: Squad/Spaces/mk1PodCockpit/model002
[LOG 17:45:07.528] Load DDS texture: Squad/Spaces/mk1PodCockpit/model003
[LOG 17:45:07.534] Load DDS texture: Squad/Spaces/mk1PodCockpit/model004
[LOG 17:45:07.544] Load DDS texture: Squad/Spaces/mk1PodCockpit/model005
[LOG 17:45:07.552] Load DDS texture: Squad/Spaces/mk1PodCockpit/model006
[LOG 17:45:07.553] Load DDS texture: Squad/Spaces/mk1PodCockpit/model007
[LOG 17:45:07.562] Load DDS texture: Squad/Spaces/mk1pod_IVA/mk1pod_iva_props_diffuse
[LOG 17:45:07.568] Load DDS texture: Squad/Spaces/mk1pod_IVA/mk1pod_iva_props_emissive
[LOG 17:45:07.578] Load DDS texture: Squad/Spaces/mk1pod_IVA/mk1pod_iva_props_normal
[LOG 17:45:07.588] Load DDS texture: Squad/Spaces/mk1pod_IVA/mk1pod_iva_shell_diffuse
[LOG 17:45:07.598] Load DDS texture: Squad/Spaces/mk1pod_IVA/mk1pod_iva_shell_normal
[LOG 17:45:07.606] Load MBM texture: Squad/Spaces/mk1pod_IVA/pilot Seat
[LOG 17:45:07.646] Load DDS texture: Squad/Spaces/mk2CockpitStandardInternal/CargoBagA
[LOG 17:45:07.646] Load DDS texture: Squad/Spaces/mk2CockpitStandardInternal/Mk2StandardIVA
[LOG 17:45:07.646] Load DDS texture: Squad/Spaces/mk2CockpitStandardInternal/Pilotseat
[LOG 17:45:07.646] Load DDS texture: Squad/Spaces/mk2CockpitStandardInternal/Windows
[LOG 17:45:07.646] Load DDS texture: Squad/Spaces/Mk2CrewCabinInternal/CargoBagA
[LOG 17:45:07.648] Load DDS texture: Squad/Spaces/Mk2CrewCabinInternal/Glass
[LOG 17:45:07.655] Load DDS texture: Squad/Spaces/Mk2CrewCabinInternal/Mk2StandardIVA
[LOG 17:45:07.661] Load DDS texture: Squad/Spaces/Mk2CrewCabinInternal/Pilotseat
[LOG 17:45:07.668] Load DDS texture: Squad/Spaces/mk2InlineInternal/CockpitGeneric
[LOG 17:45:07.674] Load DDS texture: Squad/Spaces/mk2InlineInternal/CockpitGeneric_NRM
[LOG 17:45:07.681] Load DDS texture: Squad/Spaces/mk2InlineInternal/Mk2InlineLightmap
[LOG 17:45:07.688] Load DDS texture: Squad/Spaces/mk2InlineInternal/propsGeneric
[LOG 17:45:07.696] Load DDS texture: Squad/Spaces/mk2LanderCanInternal/mk2LanderCan_props_diffuse
[LOG 17:45:07.707] Load DDS texture: Squad/Spaces/mk2LanderCanInternal/mk2LanderCan_props_normal
[LOG 17:45:07.718] Load DDS texture: Squad/Spaces/mk2LanderCanInternal/mk2LanderCan_shell_diffuse
[LOG 17:45:07.728] Load DDS texture: Squad/Spaces/mk2LanderCanInternal/mk2LanderCan_shell_normal
[LOG 17:45:07.736] Load MBM texture: Squad/Spaces/mk2LanderCanInternal/pilot Seat
[LOG 17:45:07.768] Load DDS texture: Squad/Spaces/MK3CockpitInternal/Glass
[LOG 17:45:07.769] Load DDS texture: Squad/Spaces/MK3CockpitInternal/Mk2StandardIVA
[LOG 17:45:07.769] Load DDS texture: Squad/Spaces/MK3_CrewCab_Int/Glass
[LOG 17:45:07.769] Load DDS texture: Squad/Spaces/MK3_CrewCab_Int/GlassMK3CC
[LOG 17:45:07.769] Load DDS texture: Squad/Spaces/MK3_CrewCab_Int/Mk2StandardIVA
[LOG 17:45:07.776] Load DDS texture: Squad/Spaces/MK3_CrewCab_Int/MK3_CrewCab_Int
[LOG 17:45:07.783] Load DDS texture: Squad/Spaces/MK3_CrewCab_Int/MK3_CrewCab_Int_n
[LOG 17:45:07.788] Load DDS texture: Squad/Spaces/MK3_CrewCab_Int/Pilotseat
[LOG 17:45:07.793] Load DDS texture: Squad/Spaces/Placeholder/PlaceholderIVA
[LOG 17:45:07.799] Load DDS texture: Squad/Spaces/PodCockpit/model000
[LOG 17:45:07.805] Load DDS texture: Squad/Spaces/PodCockpit/model001
[LOG 17:45:07.811] Load DDS texture: Squad/Spaces/PodCockpit/model002
[LOG 17:45:07.818] Load DDS texture: Squad/Spaces/PodCockpit/model003
[LOG 17:45:07.826] Load DDS texture: Squad/Spaces/PodCockpit/model004
[LOG 17:45:07.832] Load DDS texture: Squad/Spaces/PodCockpit/model005
[LOG 17:45:07.839] Load DDS texture: Squad/Spaces/PodCockpit/model006
[LOG 17:45:07.845] Load DDS texture: Squad/Spaces/PodCockpit/model007
[LOG 17:45:07.852] Load DDS texture: Squad/Spaces/sharedAssets/CockpitGeneric
[LOG 17:45:07.858] Load DDS texture: Squad/Spaces/sharedAssets/CockpitGeneric_NRM
[LOG 17:45:07.864] Load Cached PNG Texture: Squad/Strategies/Icons/AggressiveNegotiations
[LOG 17:45:07.869] Load Cached PNG Texture: Squad/Strategies/Icons/AppreciationCampaign
[LOG 17:45:07.874] Load Cached PNG Texture: Squad/Strategies/Icons/BailOutGrant
[LOG 17:45:07.881] Load Cached PNG Texture: Squad/Strategies/Icons/FundraisingCampaign
[LOG 17:45:07.886] Load Cached PNG Texture: Squad/Strategies/Icons/LeadershipInitiative
[LOG 17:45:07.891] Load Cached PNG Texture: Squad/Strategies/Icons/OpenSourceTechProgram
[LOG 17:45:07.896] Load Cached PNG Texture: Squad/Strategies/Icons/OutsourcedResearch
[LOG 17:45:07.900] Load Cached PNG Texture: Squad/Strategies/Icons/PatentsLicensing
[LOG 17:45:07.905] Load Cached PNG Texture: Squad/Strategies/Icons/RecoveryTransponderFitting
[LOG 17:45:07.910] Load Cached PNG Texture: Squad/Strategies/Icons/ResearchRightsSellOut
[LOG 17:45:07.915] Load Cached PNG Texture: Squad/Strategies/Icons/UnpaidResearchProgram
[LOG 17:45:07.920] Load Cached PNG Texture: Squad/Tutorials/ChuteColors
[LOG 17:45:07.925] Load DDS texture: Squad/Tutorials/EditorCoM
[LOG 17:45:07.930] Load Cached PNG Texture: Squad/Tutorials/EditorSnap
[LOG 17:45:07.935] Load Cached PNG Texture: Squad/Tutorials/EditorSnap4x
[LOG 17:45:07.940] Load Cached PNG Texture: Squad/Tutorials/EditorSymm
[LOG 17:45:07.945] Load Cached PNG Texture: Squad/Tutorials/StagingStack
[LOG 17:45:07.946] Load PNG texture: Squad/Tutorials/YPRDiagram
[WRN 17:45:07.946] Texture isn't eligible for DXT compression, width and height must be multiples of 4
[LOG 17:45:07.952] Load Cached PNG Texture: SquadExpansion/MakingHistory/Banners/Fail/default
[LOG 17:45:07.957] Load Cached PNG Texture: SquadExpansion/MakingHistory/Banners/Fail/fail01
[LOG 17:45:07.962] Load Cached PNG Texture: SquadExpansion/MakingHistory/Banners/Fail/fail02
[LOG 17:45:07.963] Load PNG texture: SquadExpansion/MakingHistory/Banners/Menu/default
[WRN 17:45:07.965] Texture isn't eligible for DXT compression, width and height must be multiples of 4
[LOG 17:45:07.965] Load PNG texture: SquadExpansion/MakingHistory/Banners/Menu/MBanner_01
[WRN 17:45:07.968] Texture isn't eligible for DXT compression, width and height must be multiples of 4
[LOG 17:45:07.968] Load PNG texture: SquadExpansion/MakingHistory/Banners/Menu/MBanner_02
[WRN 17:45:07.972] Texture isn't eligible for DXT compression, width and height must be multiples of 4
[LOG 17:45:07.972] Load PNG texture: SquadExpansion/MakingHistory/Banners/Menu/MBanner_03
[WRN 17:45:07.975] Texture isn't eligible for DXT compression, width and height must be multiples of 4
[LOG 17:45:07.975] Load Cached PNG Texture: SquadExpansion/MakingHistory/Banners/Success/default
[LOG 17:45:07.977] Load Cached PNG Texture: SquadExpansion/MakingHistory/Banners/Success/success01
[LOG 17:45:07.982] Load Cached PNG Texture: SquadExpansion/MakingHistory/Banners/Success/success02
[LOG 17:45:07.989] Load Cached PNG Texture: SquadExpansion/MakingHistory/Missions/Acapello 13/Banners/Fail/fail01
[LOG 17:45:07.990] Load PNG texture: SquadExpansion/MakingHistory/Missions/Acapello 13/Banners/Menu/Mun
[WRN 17:45:07.992] Texture isn't eligible for DXT compression, width and height must be multiples of 4
[LOG 17:45:07.995] Load Cached PNG Texture: SquadExpansion/MakingHistory/Missions/Acapello 13/Banners/Success/success01
[LOG 17:45:08.000] Load Cached PNG Texture: SquadExpansion/MakingHistory/Missions/Acapello 15/Banners/Fail/default
[LOG 17:45:08.005] Load Cached PNG Texture: SquadExpansion/MakingHistory/Missions/Acapello 15/Banners/Fail/fail02
[LOG 17:45:08.006] Load PNG texture: SquadExpansion/MakingHistory/Missions/Acapello 15/Banners/Menu/default
[WRN 17:45:08.008] Texture isn't eligible for DXT compression, width and height must be multiples of 4
[LOG 17:45:08.012] Load Cached PNG Texture: SquadExpansion/MakingHistory/Missions/Acapello 15/Banners/Success/default
[LOG 17:45:08.017] Load Cached PNG Texture: SquadExpansion/MakingHistory/Missions/Blue Mun/Banners/Fail/fail01
[LOG 17:45:08.018] Load PNG texture: SquadExpansion/MakingHistory/Missions/Blue Mun/Banners/Menu/default
[WRN 17:45:08.021] Texture isn't eligible for DXT compression, width and height must be multiples of 4
[LOG 17:45:08.024] Load Cached PNG Texture: SquadExpansion/MakingHistory/Missions/Blue Mun/Banners/Success/success02
[LOG 17:45:08.029] Load Cached PNG Texture: SquadExpansion/MakingHistory/Missions/Dawn of the Space Age/Banners/Fail/default
[LOG 17:45:08.030] Load PNG texture: SquadExpansion/MakingHistory/Missions/Dawn of the Space Age/Banners/Menu/default
[WRN 17:45:08.032] Texture isn't eligible for DXT compression, width and height must be multiples of 4
[LOG 17:45:08.036] Load Cached PNG Texture: SquadExpansion/MakingHistory/Missions/Dawn of the Space Age/Banners/Success/default
[LOG 17:45:08.041] Load Cached PNG Texture: SquadExpansion/MakingHistory/Missions/Meet Me in Zero G/Banners/Fail/default
[LOG 17:45:08.046] Load Cached PNG Texture: SquadExpansion/MakingHistory/Missions/Meet Me in Zero G/Banners/Fail/fail01
[LOG 17:45:08.046] Load PNG texture: SquadExpansion/MakingHistory/Missions/Meet Me in Zero G/Banners/Menu/default
[WRN 17:45:08.048] Texture isn't eligible for DXT compression, width and height must be multiples of 4
[LOG 17:45:08.052] Load Cached PNG Texture: SquadExpansion/MakingHistory/Missions/Meet Me in Zero G/Banners/Success/default
[LOG 17:45:08.059] Load Cached PNG Texture: SquadExpansion/MakingHistory/Missions/Meet Me in Zero G/Banners/Success/success02
[LOG 17:45:08.063] Load Cached PNG Texture: SquadExpansion/MakingHistory/Missions/Munar 1/Banners/Fail/default
[LOG 17:45:08.069] Load Cached PNG Texture: SquadExpansion/MakingHistory/Missions/Munar 1/Banners/Fail/fail02
[LOG 17:45:08.070] Load PNG texture: SquadExpansion/MakingHistory/Missions/Munar 1/Banners/Menu/default
[WRN 17:45:08.072] Texture isn't eligible for DXT compression, width and height must be multiples of 4
[LOG 17:45:08.075] Load Cached PNG Texture: SquadExpansion/MakingHistory/Missions/Munar 1/Banners/Success/default
[LOG 17:45:08.081] Load Cached PNG Texture: SquadExpansion/MakingHistory/Missions/Munar 1/Banners/Success/success01
[LOG 17:45:08.086] Load Cached PNG Texture: SquadExpansion/MakingHistory/Missions/Sally-Hut 1/Banners/Fail/default
[LOG 17:45:08.092] Load Cached PNG Texture: SquadExpansion/MakingHistory/Missions/Sally-Hut 1/Banners/Fail/fail01
[LOG 17:45:08.097] Load Cached PNG Texture: SquadExpansion/MakingHistory/Missions/Sally-Hut 1/Banners/Menu/bannerSatellite
[LOG 17:45:08.103] Load Cached PNG Texture: SquadExpansion/MakingHistory/Missions/Sally-Hut 1/Banners/Success/default
[LOG 17:45:08.109] Load Cached PNG Texture: SquadExpansion/MakingHistory/Missions/Sally-Hut 1/Banners/Success/success02
[LOG 17:45:08.114] Load Cached PNG Texture: SquadExpansion/MakingHistory/Missions/To the Mun Via Minmus/Banners/Fail/fail02
[LOG 17:45:08.115] Load PNG texture: SquadExpansion/MakingHistory/Missions/To the Mun Via Minmus/Banners/Menu/MissionBannerKerbin
[WRN 17:45:08.117] Texture isn't eligible for DXT compression, width and height must be multiples of 4
[LOG 17:45:08.120] Load Cached PNG Texture: SquadExpansion/MakingHistory/Missions/To the Mun Via Minmus/Banners/Success/success01
[LOG 17:45:08.127] Load Cached PNG Texture: SquadExpansion/MakingHistory/Missions/Trouble in the Void/Banners/Fail/fail01
[LOG 17:45:08.128] Load PNG texture: SquadExpansion/MakingHistory/Missions/Trouble in the Void/Banners/Menu/default
[WRN 17:45:08.130] Texture isn't eligible for DXT compression, width and height must be multiples of 4
[LOG 17:45:08.133] Load Cached PNG Texture: SquadExpansion/MakingHistory/Missions/Trouble in the Void/Banners/Success/success02
[LOG 17:45:08.138] Load Cached PNG Texture: SquadExpansion/MakingHistory/Missions/Ziggy Kerman and the Spiders from Duna/Banners/Fail/fail02
[LOG 17:45:08.143] Load Cached PNG Texture: SquadExpansion/MakingHistory/Missions/Ziggy Kerman and the Spiders from Duna/Banners/Menu/bannerSatellite
[LOG 17:45:08.148] Load Cached PNG Texture: SquadExpansion/MakingHistory/Missions/Ziggy Kerman and the Spiders from Duna/Banners/Success/success01
[LOG 17:45:08.154] Load Cached PNG Texture: SquadExpansion/MakingHistory/Parts/@thumbs/Decoupler.1p5_icon0
[LOG 17:45:08.161] Load Cached PNG Texture: SquadExpansion/MakingHistory/Parts/@thumbs/Decoupler.1p5_icon1
[LOG 17:45:08.182] Load Cached PNG Texture: SquadExpansion/MakingHistory/Parts/@thumbs/EquiTriangle0_icon0
[LOG 17:45:08.189] Load Cached PNG Texture: SquadExpansion/MakingHistory/Parts/@thumbs/EquiTriangle0_icon1
[LOG 17:45:08.196] Load Cached PNG Texture: SquadExpansion/MakingHistory/Parts/@thumbs/EquiTriangle0_icon2
[LOG 17:45:08.210] Load Cached PNG Texture: SquadExpansion/MakingHistory/Parts/@thumbs/EquiTriangle0_icon3
[LOG 17:45:08.223] Load Cached PNG Texture: SquadExpansion/MakingHistory/Parts/@thumbs/EquiTriangle1p5_icon0
[LOG 17:45:08.230] Load Cached PNG Texture: SquadExpansion/MakingHistory/Parts/@thumbs/EquiTriangle1p5_icon1
[LOG 17:45:08.236] Load Cached PNG Texture: SquadExpansion/MakingHistory/Parts/@thumbs/EquiTriangle1p5_icon2
[LOG 17:45:08.242] Load Cached PNG Texture: SquadExpansion/MakingHistory/Parts/@thumbs/EquiTriangle1p5_icon3
[LOG 17:45:08.249] Load Cached PNG Texture: SquadExpansion/MakingHistory/Parts/@thumbs/EquiTriangle1_icon0
[LOG 17:45:08.257] Load Cached PNG Texture: SquadExpansion/MakingHistory/Parts/@thumbs/EquiTriangle1_icon1
[LOG 17:45:08.264] Load Cached PNG Texture: SquadExpansion/MakingHistory/Parts/@thumbs/EquiTriangle1_icon2
[LOG 17:45:08.284] Load Cached PNG Texture: SquadExpansion/MakingHistory/Parts/@thumbs/EquiTriangle1_icon3
[LOG 17:45:08.292] Load Cached PNG Texture: SquadExpansion/MakingHistory/Parts/@thumbs/EquiTriangle2_icon0
[LOG 17:45:08.302] Load Cached PNG Texture: SquadExpansion/MakingHistory/Parts/@thumbs/EquiTriangle2_icon1
[LOG 17:45:08.309] Load Cached PNG Texture: SquadExpansion/MakingHistory/Parts/@thumbs/EquiTriangle2_icon2
[LOG 17:45:08.317] Load Cached PNG Texture: SquadExpansion/MakingHistory/Parts/@thumbs/EquiTriangle2_icon3
[LOG 17:45:08.326] Load Cached PNG Texture: SquadExpansion/MakingHistory/Parts/@thumbs/HeatShield1p5_icon
[LOG 17:45:08.333] Load Cached PNG Texture: SquadExpansion/MakingHistory/Parts/@thumbs/InflatableAirlock_icon
[LOG 17:45:08.342] Load Cached PNG Texture: SquadExpansion/MakingHistory/Parts/@thumbs/LiquidEngineRV-1_icon
[LOG 17:45:08.349] Load Cached PNG Texture: SquadExpansion/MakingHistory/Parts/@thumbs/monopropMiniSphere_icon
[LOG 17:45:08.355] Load Cached PNG Texture: SquadExpansion/MakingHistory/Parts/@thumbs/Panel0_icon0
[LOG 17:45:08.361] Load Cached PNG Texture: SquadExpansion/MakingHistory/Parts/@thumbs/Panel0_icon1
[LOG 17:45:08.368] Load Cached PNG Texture: SquadExpansion/MakingHistory/Parts/@thumbs/Panel0_icon2
[LOG 17:45:08.375] Load Cached PNG Texture: SquadExpansion/MakingHistory/Parts/@thumbs/Panel0_icon3
[LOG 17:45:08.382] Load Cached PNG Texture: SquadExpansion/MakingHistory/Parts/@thumbs/Panel1p5_icon0
[LOG 17:45:08.393] Load Cached PNG Texture: SquadExpansion/MakingHistory/Parts/@thumbs/Panel1p5_icon1
[LOG 17:45:08.400] Load Cached PNG Texture: SquadExpansion/MakingHistory/Parts/@thumbs/Panel1p5_icon2
[LOG 17:45:08.407] Load Cached PNG Texture: SquadExpansion/MakingHistory/Parts/@thumbs/Panel1p5_icon3
[LOG 17:45:08.413] Load Cached PNG Texture: SquadExpansion/MakingHistory/Parts/@thumbs/Panel1_icon0
[LOG 17:45:08.420] Load Cached PNG Texture: SquadExpansion/MakingHistory/Parts/@thumbs/Panel1_icon1
[LOG 17:45:08.426] Load Cached PNG Texture: SquadExpansion/MakingHistory/Parts/@thumbs/Panel1_icon2
[LOG 17:45:08.432] Load Cached PNG Texture: SquadExpansion/MakingHistory/Parts/@thumbs/Panel1_icon3
[LOG 17:45:08.439] Load Cached PNG Texture: SquadExpansion/MakingHistory/Parts/@thumbs/roverWheelM1-F_icon0
[LOG 17:45:08.447] Load Cached PNG Texture: SquadExpansion/MakingHistory/Parts/@thumbs/roverWheelM1-F_icon1
[LOG 17:45:08.453] Load Cached PNG Texture: SquadExpansion/MakingHistory/Parts/@thumbs/Separator.1p5_icon0
[LOG 17:45:08.462] Load Cached PNG Texture: SquadExpansion/MakingHistory/Parts/@thumbs/Separator.1p5_icon1
[LOG 17:45:08.469] Load Cached PNG Texture: SquadExpansion/MakingHistory/Parts/@thumbs/Size1p5.Strut.Decoupler_icon0
[LOG 17:45:08.475] Load Cached PNG Texture: SquadExpansion/MakingHistory/Parts/@thumbs/Size1p5.Strut.Decoupler_icon1
[LOG 17:45:08.481] Load Cached PNG Texture: SquadExpansion/MakingHistory/Parts/@thumbs/Size1to0ServiceModule_icon
[LOG 17:45:08.488] Load Cached PNG Texture: SquadExpansion/MakingHistory/Parts/@thumbs/Triangle0_icon0
[LOG 17:45:08.496] Load Cached PNG Texture: SquadExpansion/MakingHistory/Parts/@thumbs/Triangle0_icon1
[LOG 17:45:08.503] Load Cached PNG Texture: SquadExpansion/MakingHistory/Parts/@thumbs/Triangle0_icon2
[LOG 17:45:08.512] Load Cached PNG Texture: SquadExpansion/MakingHistory/Parts/@thumbs/Triangle0_icon3
[LOG 17:45:08.522] Load Cached PNG Texture: SquadExpansion/MakingHistory/Parts/@thumbs/Triangle1p5_icon0
[LOG 17:45:08.529] Load Cached PNG Texture: SquadExpansion/MakingHistory/Parts/@thumbs/Triangle1p5_icon1
[LOG 17:45:08.535] Load Cached PNG Texture: SquadExpansion/MakingHistory/Parts/@thumbs/Triangle1p5_icon2
[LOG 17:45:08.541] Load Cached PNG Texture: SquadExpansion/MakingHistory/Parts/@thumbs/Triangle1p5_icon3
[LOG 17:45:08.548] Load Cached PNG Texture: SquadExpansion/MakingHistory/Parts/@thumbs/Triangle1_icon0
[LOG 17:45:08.556] Load Cached PNG Texture: SquadExpansion/MakingHistory/Parts/@thumbs/Triangle1_icon1
[LOG 17:45:08.563] Load Cached PNG Texture: SquadExpansion/MakingHistory/Parts/@thumbs/Triangle1_icon2
[LOG 17:45:08.569] Load Cached PNG Texture: SquadExpansion/MakingHistory/Parts/@thumbs/Triangle1_icon3
[LOG 17:45:08.578] Load Cached PNG Texture: SquadExpansion/MakingHistory/Parts/@thumbs/Triangle2_icon0
[LOG 17:45:08.594] Load Cached PNG Texture: SquadExpansion/MakingHistory/Parts/@thumbs/Triangle2_icon1
[LOG 17:45:08.600] Load Cached PNG Texture: SquadExpansion/MakingHistory/Parts/@thumbs/Triangle2_icon2
[LOG 17:45:08.608] Load Cached PNG Texture: SquadExpansion/MakingHistory/Parts/@thumbs/Triangle2_icon3
[LOG 17:45:08.615] Load Cached PNG Texture: SquadExpansion/MakingHistory/Parts/@thumbs/Tube1_icon0
[LOG 17:45:08.622] Load Cached PNG Texture: SquadExpansion/MakingHistory/Parts/@thumbs/Tube1_icon1
[LOG 17:45:08.632] Load Cached PNG Texture: SquadExpansion/MakingHistory/Parts/@thumbs/Tube1_icon2
[LOG 17:45:08.639] Load Cached PNG Texture: SquadExpansion/MakingHistory/Parts/@thumbs/Tube1_icon3
[LOG 17:45:08.645] Load Cached PNG Texture: SquadExpansion/MakingHistory/Parts/@thumbs/Tube1_icon4
[LOG 17:45:08.654] Load Cached PNG Texture: SquadExpansion/MakingHistory/Parts/Aero/protectiveRocketNoseMk5A/s1p5_cone
[LOG 17:45:08.661] Load Cached PNG Texture: SquadExpansion/MakingHistory/Parts/Aero/protectiveRocketNoseMk5A/s1p5_cone_Orange
[LOG 17:45:08.667] Load DDS texture: SquadExpansion/MakingHistory/Parts/Coupling/Assets/airlock
[LOG 17:45:08.674] Load DDS texture: SquadExpansion/MakingHistory/Parts/Coupling/Assets/airlock_N
[LOG 17:45:08.680] Load DDS texture: SquadExpansion/MakingHistory/Parts/Coupling/Assets/EnginePlate
[LOG 17:45:08.685] Load DDS texture: SquadExpansion/MakingHistory/Parts/Coupling/Assets/Size1_5_Decoupler_grey
[LOG 17:45:08.691] Load DDS texture: SquadExpansion/MakingHistory/Parts/Coupling/Assets/Size1_5_Decoupler_orange
[LOG 17:45:08.697] Load DDS texture: SquadExpansion/MakingHistory/Parts/Engine/Assets/KE-1
[LOG 17:45:08.704] Load DDS texture: SquadExpansion/MakingHistory/Parts/Engine/Assets/KE-1_BASE
[LOG 17:45:08.711] Load DDS texture: SquadExpansion/MakingHistory/Parts/Engine/Assets/LV-T87
[LOG 17:45:08.718] Load DDS texture: SquadExpansion/MakingHistory/Parts/Engine/Assets/LV-T91
[LOG 17:45:08.725] Load DDS texture: SquadExpansion/MakingHistory/Parts/Engine/Assets/RE-I2
[LOG 17:45:08.732] Load DDS texture: SquadExpansion/MakingHistory/Parts/Engine/Assets/RE-J10
[LOG 17:45:08.739] Load DDS texture: SquadExpansion/MakingHistory/Parts/Engine/Assets/RE-J10_N
[LOG 17:45:08.747] Load DDS texture: SquadExpansion/MakingHistory/Parts/Engine/Assets/RK-7
[LOG 17:45:08.754] Load DDS texture: SquadExpansion/MakingHistory/Parts/Engine/Assets/RK-7_N
[LOG 17:45:08.761] Load DDS texture: SquadExpansion/MakingHistory/Parts/Engine/solidBoosterTHK/SolidBoosterS2-17_emissive
[LOG 17:45:08.771] Load DDS texture: SquadExpansion/MakingHistory/Parts/Engine/solidBoosterTHK/solidBoosterTHK_diffuse
[LOG 17:45:08.779] Load DDS texture: SquadExpansion/MakingHistory/Parts/FuelTank/Assets/Size1p5_02
[LOG 17:45:08.788] Load DDS texture: SquadExpansion/MakingHistory/Parts/FuelTank/Assets/Size1p5_02_ALT01
[LOG 17:45:08.795] Load DDS texture: SquadExpansion/MakingHistory/Parts/FuelTank/Assets/Size1p5_02_ALT02
[LOG 17:45:08.802] Load DDS texture: SquadExpansion/MakingHistory/Parts/FuelTank/Assets/Size1p5_02_ALT02_normal
[LOG 17:45:08.810] Load DDS texture: SquadExpansion/MakingHistory/Parts/FuelTank/Assets/Size1p5_mono
[LOG 17:45:08.817] Load DDS texture: SquadExpansion/MakingHistory/Parts/FuelTank/Assets/Size1p5_mono_2
[LOG 17:45:08.823] Load DDS texture: SquadExpansion/MakingHistory/Parts/FuelTank/Assets/Size1p5_mono_N
[LOG 17:45:08.831] Load DDS texture: SquadExpansion/MakingHistory/Parts/FuelTank/Assets/Size1_5_TankAdapters
[LOG 17:45:08.836] Load DDS texture: SquadExpansion/MakingHistory/Parts/FuelTank/Assets/Size1_5_TankAdapters_ALT01
[LOG 17:45:08.843] Load DDS texture: SquadExpansion/MakingHistory/Parts/FuelTank/Assets/Size1_5_TankAdapters_ALT02
[LOG 17:45:08.850] Load DDS texture: SquadExpansion/MakingHistory/Parts/FuelTank/Assets/Size1_5_TankAdapters_ALT02nm
[LOG 17:45:08.856] Load DDS texture: SquadExpansion/MakingHistory/Parts/FuelTank/Assets/Size1_5_TankAdapters_N
[LOG 17:45:08.862] Load DDS texture: SquadExpansion/MakingHistory/Parts/FuelTank/Assets/Size1_5_Tanks
[LOG 17:45:08.869] Load DDS texture: SquadExpansion/MakingHistory/Parts/FuelTank/Assets/Size1_5_Tanks_ALT02
[LOG 17:45:08.876] Load DDS texture: SquadExpansion/MakingHistory/Parts/FuelTank/Assets/Size1_5_Tanks_ALT02_nm
[LOG 17:45:08.882] Load DDS texture: SquadExpansion/MakingHistory/Parts/FuelTank/Assets/Size1_5_Tanks_grey
[LOG 17:45:08.890] Load DDS texture: SquadExpansion/MakingHistory/Parts/FuelTank/Assets/Size4_Tanks
[LOG 17:45:08.899] Load DDS texture: SquadExpansion/MakingHistory/Parts/FuelTank/Assets/Size4_Tanks_N
[LOG 17:45:08.908] Load DDS texture: SquadExpansion/MakingHistory/Parts/Ground/Assets/RoverWheel
[LOG 17:45:08.914] Load DDS texture: SquadExpansion/MakingHistory/Parts/Ground/Assets/RoverWheelG
[LOG 17:45:08.920] Load DDS texture: SquadExpansion/MakingHistory/Parts/Payload/Assets/Size1to0ServiceBay
[LOG 17:45:08.927] Load DDS texture: SquadExpansion/MakingHistory/Parts/Payload/Assets/Size1to0ServiceBay_n
[LOG 17:45:08.935] Load DDS texture: SquadExpansion/MakingHistory/Parts/Payload/Assets/SM18_diffuse
[LOG 17:45:08.947] Load Cached PNG Texture: SquadExpansion/MakingHistory/Parts/Payload/Assets/SM18_NRM
[LOG 17:45:08.956] Load DDS texture: SquadExpansion/MakingHistory/Parts/Payload/Assets/SM18_specular
[LOG 17:45:08.964] Load DDS texture: SquadExpansion/MakingHistory/Parts/Payload/Assets/SM25_diffuse
[LOG 17:45:08.972] Load DDS texture: SquadExpansion/MakingHistory/Parts/Payload/Assets/SM25_normals
[LOG 17:45:08.980] Load DDS texture: SquadExpansion/MakingHistory/Parts/Pods/Assets/KV1
[LOG 17:45:08.989] Load DDS texture: SquadExpansion/MakingHistory/Parts/Pods/Assets/KV1_GLOW
[LOG 17:45:08.995] Load DDS texture: SquadExpansion/MakingHistory/Parts/Pods/Assets/KV2
[LOG 17:45:09.001] Load DDS texture: SquadExpansion/MakingHistory/Parts/Pods/Assets/KV3
[LOG 17:45:09.008] Load DDS texture: SquadExpansion/MakingHistory/Parts/Pods/Assets/Mk2Pod
[LOG 17:45:09.014] Load DDS texture: SquadExpansion/MakingHistory/Parts/Pods/Assets/Mk2Pod_GLOW
[LOG 17:45:09.021] Load DDS texture: SquadExpansion/MakingHistory/Parts/Pods/Assets/Mk2Pod_n
[LOG 17:45:09.028] Load DDS texture: SquadExpansion/MakingHistory/Parts/Pods/Assets/Size1_5_Lander
[LOG 17:45:09.036] Load DDS texture: SquadExpansion/MakingHistory/Parts/Pods/Assets/Size1_5_Lander_GLOW
[LOG 17:45:09.042] Load DDS texture: SquadExpansion/MakingHistory/Parts/SharedAssets/Shrouds
[LOG 17:45:09.049] Load DDS texture: SquadExpansion/MakingHistory/Parts/SharedAssets/Shrouds_N
[LOG 17:45:09.057] Load DDS texture: SquadExpansion/MakingHistory/Parts/Structural/Assets/NormalMap
[LOG 17:45:09.064] Load DDS texture: SquadExpansion/MakingHistory/Parts/Structural/Assets/Panels
[LOG 17:45:09.071] Load DDS texture: SquadExpansion/MakingHistory/Parts/Structural/Assets/Panels_Dark_D
[LOG 17:45:09.080] Load DDS texture: SquadExpansion/MakingHistory/Parts/Structural/Assets/Panels_Gold_D
[LOG 17:45:09.089] Load Cached PNG Texture: SquadExpansion/MakingHistory/Parts/Structural/Assets/Panels_Gold_NRM
[LOG 17:45:09.096] Load DDS texture: SquadExpansion/MakingHistory/Parts/Structural/Assets/Panels_Gold_S
[LOG 17:45:09.103] Load DDS texture: SquadExpansion/MakingHistory/Parts/Structural/Assets/Panels_Silver_D
[LOG 17:45:09.111] Load DDS texture: SquadExpansion/MakingHistory/Parts/Structural/Assets/Panels_Silver_S
[LOG 17:45:09.117] Load Cached PNG Texture: SquadExpansion/MakingHistory/Ships/@thumbs/VAB/Acapello
[LOG 17:45:09.123] Load Cached PNG Texture: SquadExpansion/MakingHistory/Ships/@thumbs/VAB/Beta Centaurus
[LOG 17:45:09.130] Load Cached PNG Texture: SquadExpansion/MakingHistory/Ships/@thumbs/VAB/Goliath II HLV
[LOG 17:45:09.135] Load Cached PNG Texture: SquadExpansion/MakingHistory/Ships/@thumbs/VAB/Muna 1
[LOG 17:45:09.143] Load Cached PNG Texture: SquadExpansion/MakingHistory/Ships/@thumbs/VAB/Sally-Hut 1
[LOG 17:45:09.150] Load Cached PNG Texture: SquadExpansion/MakingHistory/Ships/@thumbs/VAB/SWM-94 Communications Satellite
[LOG 17:45:09.157] Load Cached PNG Texture: SquadExpansion/MakingHistory/Ships/@thumbs/VAB/Valshkod 2
[LOG 17:45:09.163] Load DDS texture: SquadExpansion/MakingHistory/Spaces/KVPods/airlock
[LOG 17:45:09.169] Load DDS texture: SquadExpansion/MakingHistory/Spaces/KVPods/airlock_N
[LOG 17:45:09.177] Load DDS texture: SquadExpansion/MakingHistory/Spaces/KVPods/KV1_Props_Diffuse
[LOG 17:45:09.186] Load DDS texture: SquadExpansion/MakingHistory/Spaces/KVPods/KV1_Props_Normal
[LOG 17:45:09.194] Load DDS texture: SquadExpansion/MakingHistory/Spaces/KVPods/KV1_Shell_Diffuse
[LOG 17:45:09.205] Load DDS texture: SquadExpansion/MakingHistory/Spaces/KVPods/KV1_Shell_Emissive
[LOG 17:45:09.213] Load DDS texture: SquadExpansion/MakingHistory/Spaces/KVPods/KV1_Shell_Normal
[LOG 17:45:09.222] Load DDS texture: SquadExpansion/MakingHistory/Spaces/KVPods/KV1_Vzor_Diffuse
[LOG 17:45:09.231] Load DDS texture: SquadExpansion/MakingHistory/Spaces/KVPods/KV2_Props_Diffuse
[LOG 17:45:09.241] Load DDS texture: SquadExpansion/MakingHistory/Spaces/KVPods/KV2_Props_Emissive
[LOG 17:45:09.251] Load DDS texture: SquadExpansion/MakingHistory/Spaces/KVPods/KV2_Props_Normal
[LOG 17:45:09.259] Load DDS texture: SquadExpansion/MakingHistory/Spaces/KVPods/KV2_Shell_Diffuse
[LOG 17:45:09.270] Load DDS texture: SquadExpansion/MakingHistory/Spaces/KVPods/KV2_Shell_Normal
[LOG 17:45:09.282] Load DDS texture: SquadExpansion/MakingHistory/Spaces/KVPods/KV3_Props_Diffuse
[LOG 17:45:09.290] Load DDS texture: SquadExpansion/MakingHistory/Spaces/KVPods/KV3_Props_Normal
[LOG 17:45:09.299] Load DDS texture: SquadExpansion/MakingHistory/Spaces/KVPods/KV3_Shell_Diffuse
[LOG 17:45:09.309] Load DDS texture: SquadExpansion/MakingHistory/Spaces/KVPods/KV3_Shell_Normal
[LOG 17:45:09.326] Load DDS texture: SquadExpansion/MakingHistory/Spaces/KVPods/motor
[LOG 17:45:09.332] Load DDS texture: SquadExpansion/MakingHistory/Spaces/KVPods/pilot Seat
[LOG 17:45:09.339] Load DDS texture: SquadExpansion/MakingHistory/Spaces/MEM/PANELS_AO
[LOG 17:45:09.348] Load DDS texture: SquadExpansion/MakingHistory/Spaces/MEM/PANELS_EMISSIVE
[LOG 17:45:09.356] Load DDS texture: SquadExpansion/MakingHistory/Spaces/MEM/PANELS_NORMAL
[LOG 17:45:09.364] Load DDS texture: SquadExpansion/MakingHistory/Spaces/MEM/pilot Seat
[LOG 17:45:09.371] Load DDS texture: SquadExpansion/MakingHistory/Spaces/MEM/propsGeneric
[LOG 17:45:09.378] Load DDS texture: SquadExpansion/MakingHistory/Spaces/MEM/PROPS_AO
[LOG 17:45:09.386] Load DDS texture: SquadExpansion/MakingHistory/Spaces/MEM/PROPS_EMISSIVE
[LOG 17:45:09.394] Load DDS texture: SquadExpansion/MakingHistory/Spaces/MEM/PROPS_NORMAL
[LOG 17:45:09.403] Load DDS texture: SquadExpansion/MakingHistory/Spaces/Mk2Pod/DIfuse_controlboard
[LOG 17:45:09.412] Load DDS texture: SquadExpansion/MakingHistory/Spaces/Mk2Pod/Normal_controlbard
[LOG 17:45:09.422] Load DDS texture: SquadExpansion/MakingHistory/Spaces/Mk2Pod/Outershell_Base_Color
[LOG 17:45:09.433] Load DDS texture: SquadExpansion/MakingHistory/Spaces/Mk2Pod/Outershell_Normal
[LOG 17:45:09.442] Load DDS texture: SquadExpansion/MakingHistory/Spaces/Mk2Pod/pilot Seat
[LOG 17:45:09.451] Load Cached PNG Texture: SquadExpansion/Serenity/Parts/@thumbs/controller1000_icon
[LOG 17:45:09.457] Load Cached PNG Texture: SquadExpansion/Serenity/Parts/@thumbs/DeployedCentralStation_icon
[LOG 17:45:09.465] Load Cached PNG Texture: SquadExpansion/Serenity/Parts/@thumbs/DeployedGoExOb_icon
[LOG 17:45:09.472] Load Cached PNG Texture: SquadExpansion/Serenity/Parts/@thumbs/DeployedIONExp_icon
[LOG 17:45:09.493] Load Cached PNG Texture: SquadExpansion/Serenity/Parts/@thumbs/DeployedRTG_icon
[LOG 17:45:09.501] Load Cached PNG Texture: SquadExpansion/Serenity/Parts/@thumbs/DeployedSatDish_icon
[LOG 17:45:09.508] Load Cached PNG Texture: SquadExpansion/Serenity/Parts/@thumbs/DeployedSeismicSensor_icon
[LOG 17:45:09.527] Load Cached PNG Texture: SquadExpansion/Serenity/Parts/@thumbs/DeployedSolarPanel_icon
[LOG 17:45:09.535] Load Cached PNG Texture: SquadExpansion/Serenity/Parts/@thumbs/DeployedWeatherStn_icon
[LOG 17:45:09.542] Load Cached PNG Texture: SquadExpansion/Serenity/Parts/@thumbs/FanShroud.01_icon0
[LOG 17:45:09.549] Load Cached PNG Texture: SquadExpansion/Serenity/Parts/@thumbs/FanShroud.01_icon1
[LOG 17:45:09.555] Load Cached PNG Texture: SquadExpansion/Serenity/Parts/@thumbs/FanShroud.02_icon0
[LOG 17:45:09.560] Load Cached PNG Texture: SquadExpansion/Serenity/Parts/@thumbs/FanShroud.02_icon1
[LOG 17:45:09.566] Load Cached PNG Texture: SquadExpansion/Serenity/Parts/@thumbs/hinge.01.s_icon0
[LOG 17:45:09.572] Load Cached PNG Texture: SquadExpansion/Serenity/Parts/@thumbs/hinge.01.s_icon1
[LOG 17:45:09.579] Load Cached PNG Texture: SquadExpansion/Serenity/Parts/@thumbs/hinge.01_icon0
[LOG 17:45:09.586] Load Cached PNG Texture: SquadExpansion/Serenity/Parts/@thumbs/hinge.01_icon1
[LOG 17:45:09.592] Load Cached PNG Texture: SquadExpansion/Serenity/Parts/@thumbs/hinge.03.s_icon0
[LOG 17:45:09.599] Load Cached PNG Texture: SquadExpansion/Serenity/Parts/@thumbs/hinge.03.s_icon1
[LOG 17:45:09.605] Load Cached PNG Texture: SquadExpansion/Serenity/Parts/@thumbs/hinge.03_icon0
[LOG 17:45:09.610] Load Cached PNG Texture: SquadExpansion/Serenity/Parts/@thumbs/hinge.03_icon1
[LOG 17:45:09.618] Load Cached PNG Texture: SquadExpansion/Serenity/Parts/@thumbs/largeFanBlade_icon0
[LOG 17:45:09.624] Load Cached PNG Texture: SquadExpansion/Serenity/Parts/@thumbs/largeFanBlade_icon1
[LOG 17:45:09.632] Load Cached PNG Texture: SquadExpansion/Serenity/Parts/@thumbs/largePropeller_icon0
[LOG 17:45:09.643] Load Cached PNG Texture: SquadExpansion/Serenity/Parts/@thumbs/largePropeller_icon1
[LOG 17:45:09.650] Load Cached PNG Texture: SquadExpansion/Serenity/Parts/@thumbs/lGripPad_icon0
[LOG 17:45:09.657] Load Cached PNG Texture: SquadExpansion/Serenity/Parts/@thumbs/lGripPad_icon1
[LOG 17:45:09.664] Load Cached PNG Texture: SquadExpansion/Serenity/Parts/@thumbs/lGripStrip_icon
[LOG 17:45:09.671] Load Cached PNG Texture: SquadExpansion/Serenity/Parts/@thumbs/mediumFanBlade_icon0
[LOG 17:45:09.677] Load Cached PNG Texture: SquadExpansion/Serenity/Parts/@thumbs/mediumFanBlade_icon1
[LOG 17:45:09.684] Load Cached PNG Texture: SquadExpansion/Serenity/Parts/@thumbs/mediumPropeller_icon0
[LOG 17:45:09.693] Load Cached PNG Texture: SquadExpansion/Serenity/Parts/@thumbs/mediumPropeller_icon1
[LOG 17:45:09.700] Load Cached PNG Texture: SquadExpansion/Serenity/Parts/@thumbs/mGripPad_icon0
[LOG 17:45:09.706] Load Cached PNG Texture: SquadExpansion/Serenity/Parts/@thumbs/mGripPad_icon1
[LOG 17:45:09.711] Load Cached PNG Texture: SquadExpansion/Serenity/Parts/@thumbs/noseconeTiny_icon
[LOG 17:45:09.718] Load Cached PNG Texture: SquadExpansion/Serenity/Parts/@thumbs/noseconeVS_icon
[LOG 17:45:09.725] Load Cached PNG Texture: SquadExpansion/Serenity/Parts/@thumbs/piston.01_icon0
[LOG 17:45:09.731] Load Cached PNG Texture: SquadExpansion/Serenity/Parts/@thumbs/piston.01_icon1
[LOG 17:45:09.736] Load Cached PNG Texture: SquadExpansion/Serenity/Parts/@thumbs/piston.02_icon0
[LOG 17:45:09.742] Load Cached PNG Texture: SquadExpansion/Serenity/Parts/@thumbs/piston.02_icon1
[LOG 17:45:09.748] Load Cached PNG Texture: SquadExpansion/Serenity/Parts/@thumbs/piston.03_icon0
[LOG 17:45:09.753] Load Cached PNG Texture: SquadExpansion/Serenity/Parts/@thumbs/piston.03_icon1
[LOG 17:45:09.760] Load Cached PNG Texture: SquadExpansion/Serenity/Parts/@thumbs/piston.04_icon0
[LOG 17:45:09.765] Load Cached PNG Texture: SquadExpansion/Serenity/Parts/@thumbs/piston.04_icon1
[LOG 17:45:09.772] Load Cached PNG Texture: SquadExpansion/Serenity/Parts/@thumbs/RobotArmScanner.S1_icon
[LOG 17:45:09.785] Load Cached PNG Texture: SquadExpansion/Serenity/Parts/@thumbs/RobotArmScanner.S2_icon
[LOG 17:45:09.793] Load Cached PNG Texture: SquadExpansion/Serenity/Parts/@thumbs/RobotArmScanner.S3_icon
[LOG 17:45:09.804] Load Cached PNG Texture: SquadExpansion/Serenity/Parts/@thumbs/rotor.01s_icon0
[LOG 17:45:09.813] Load Cached PNG Texture: SquadExpansion/Serenity/Parts/@thumbs/rotor.01s_icon1
[LOG 17:45:09.844] Load Cached PNG Texture: SquadExpansion/Serenity/Parts/@thumbs/rotor.01_icon0
[LOG 17:45:09.876] Load Cached PNG Texture: SquadExpansion/Serenity/Parts/@thumbs/rotor.01_icon1
[LOG 17:45:09.896] Load Cached PNG Texture: SquadExpansion/Serenity/Parts/@thumbs/rotor.02s_icon0
[LOG 17:45:09.917] Load Cached PNG Texture: SquadExpansion/Serenity/Parts/@thumbs/rotor.02s_icon1
[LOG 17:45:09.939] Load Cached PNG Texture: SquadExpansion/Serenity/Parts/@thumbs/rotor.02_icon0
[LOG 17:45:09.960] Load Cached PNG Texture: SquadExpansion/Serenity/Parts/@thumbs/rotor.02_icon1
[LOG 17:45:09.969] Load Cached PNG Texture: SquadExpansion/Serenity/Parts/@thumbs/RotorEngine.02_icon
[LOG 17:45:09.974] Load Cached PNG Texture: SquadExpansion/Serenity/Parts/@thumbs/rotoServo.00_icon0
[LOG 17:45:09.981] Load Cached PNG Texture: SquadExpansion/Serenity/Parts/@thumbs/rotoServo.00_icon1
[LOG 17:45:09.986] Load Cached PNG Texture: SquadExpansion/Serenity/Parts/@thumbs/rotoServo.02_icon0
[LOG 17:45:09.993] Load Cached PNG Texture: SquadExpansion/Serenity/Parts/@thumbs/rotoServo.02_icon1
[LOG 17:45:09.998] Load Cached PNG Texture: SquadExpansion/Serenity/Parts/@thumbs/rotoServo.03_icon0
[LOG 17:45:10.003] Load Cached PNG Texture: SquadExpansion/Serenity/Parts/@thumbs/rotoServo.03_icon1
[LOG 17:45:10.010] Load Cached PNG Texture: SquadExpansion/Serenity/Parts/@thumbs/sGripPad_icon0
[LOG 17:45:10.016] Load Cached PNG Texture: SquadExpansion/Serenity/Parts/@thumbs/sGripPad_icon1
[LOG 17:45:10.022] Load Cached PNG Texture: SquadExpansion/Serenity/Parts/@thumbs/sGripStrip_icon
[LOG 17:45:10.029] Load Cached PNG Texture: SquadExpansion/Serenity/Parts/@thumbs/smallFanBlade_icon0
[LOG 17:45:10.035] Load Cached PNG Texture: SquadExpansion/Serenity/Parts/@thumbs/smallFanBlade_icon1
[LOG 17:45:10.041] Load Cached PNG Texture: SquadExpansion/Serenity/Parts/@thumbs/smallHeliBlade_icon0
[LOG 17:45:10.055] Load Cached PNG Texture: SquadExpansion/Serenity/Parts/@thumbs/smallHeliBlade_icon1
[LOG 17:45:10.063] Load Cached PNG Texture: SquadExpansion/Serenity/Parts/@thumbs/smallPropeller_icon0
[LOG 17:45:10.069] Load Cached PNG Texture: SquadExpansion/Serenity/Parts/@thumbs/smallPropeller_icon1
[LOG 17:45:10.074] Load DDS texture: SquadExpansion/Serenity/Parts/Aero/Assets/copterBlades_diffuse
[LOG 17:45:10.080] Load DDS texture: SquadExpansion/Serenity/Parts/Aero/Assets/shroudsDiffuse_color
[LOG 17:45:10.086] Load DDS texture: SquadExpansion/Serenity/Parts/Aero/Assets/shroudsDiffuse_plain
[LOG 17:45:10.092] Load Cached PNG Texture: SquadExpansion/Serenity/Parts/DeployedScience/MockupTexture
[LOG 17:45:10.098] Load DDS texture: SquadExpansion/Serenity/Parts/DeployedScience/Assets/centralStation_diffuse
[LOG 17:45:10.123] Load DDS texture: SquadExpansion/Serenity/Parts/DeployedScience/Assets/centralStation_emissive
[LOG 17:45:10.143] Load DDS texture: SquadExpansion/Serenity/Parts/DeployedScience/Assets/GenericParts_diffuse
[LOG 17:45:10.143] Load DDS texture: SquadExpansion/Serenity/Parts/DeployedScience/Assets/GenericParts_emissive
[LOG 17:45:10.150] Load DDS texture: SquadExpansion/Serenity/Parts/DeployedScience/Assets/GenericParts_normal
[LOG 17:45:10.159] Load DDS texture: SquadExpansion/Serenity/Parts/DeployedScience/Assets/goex_diffuse
[LOG 17:45:10.165] Load DDS texture: SquadExpansion/Serenity/Parts/DeployedScience/Assets/goex_specMapped
[LOG 17:45:10.173] Load DDS texture: SquadExpansion/Serenity/Parts/DeployedScience/Assets/Grid
[LOG 17:45:10.182] Load DDS texture: SquadExpansion/Serenity/Parts/DeployedScience/Assets/IonExperiment_diffuse
[LOG 17:45:10.189] Load DDS texture: SquadExpansion/Serenity/Parts/DeployedScience/Assets/RTGCask_diffuse
[LOG 17:45:10.195] Load DDS texture: SquadExpansion/Serenity/Parts/DeployedScience/Assets/satDish_diffuse
[LOG 17:45:10.201] Load Cached PNG Texture: SquadExpansion/Serenity/Parts/DeployedScience/Assets/Scratch
[LOG 17:45:10.207] Load DDS texture: SquadExpansion/Serenity/Parts/DeployedScience/Assets/Screen2
[LOG 17:45:10.213] Load DDS texture: SquadExpansion/Serenity/Parts/DeployedScience/Assets/Screen3
[LOG 17:45:10.218] Load DDS texture: SquadExpansion/Serenity/Parts/DeployedScience/Assets/ScreenReadout
[LOG 17:45:10.224] Load DDS texture: SquadExpansion/Serenity/Parts/DeployedScience/Assets/seismicSensor_diffuse
[LOG 17:45:10.231] Load DDS texture: SquadExpansion/Serenity/Parts/DeployedScience/Assets/seismicSensor_nrm
[LOG 17:45:10.236] Load DDS texture: SquadExpansion/Serenity/Parts/DeployedScience/Assets/seismicSensor_specularMapped
[LOG 17:45:10.242] Load DDS texture: SquadExpansion/Serenity/Parts/DeployedScience/Assets/SolarGraph
[LOG 17:45:10.249] Load DDS texture: SquadExpansion/Serenity/Parts/DeployedScience/Assets/solarPanel_diffuse
[LOG 17:45:10.255] Load DDS texture: SquadExpansion/Serenity/Parts/DeployedScience/Assets/Waveleght3
[LOG 17:45:10.262] Load DDS texture: SquadExpansion/Serenity/Parts/DeployedScience/Assets/Wavelenght
[LOG 17:45:10.268] Load DDS texture: SquadExpansion/Serenity/Parts/DeployedScience/Assets/Wavelenght2
[LOG 17:45:10.273] Load DDS texture: SquadExpansion/Serenity/Parts/DeployedScience/Assets/wavelenght4
[LOG 17:45:10.278] Load DDS texture: SquadExpansion/Serenity/Parts/DeployedScience/Assets/wavelenght5
[LOG 17:45:10.305] Load DDS texture: SquadExpansion/Serenity/Parts/DeployedScience/Assets/WeatherStation [Normal]
[LOG 17:45:10.327] Load DDS texture: SquadExpansion/Serenity/Parts/DeployedScience/Assets/Weather_Station_diffuse
[LOG 17:45:10.332] Load DDS texture: SquadExpansion/Serenity/Parts/DeployedScience/Assets/Weather_Station_normal
[LOG 17:45:10.338] Load DDS texture: SquadExpansion/Serenity/Parts/Propellers/Assets/blade_diffuse
[LOG 17:45:10.348] Load DDS texture: SquadExpansion/Serenity/Parts/Propellers/Assets/copterBlades_diffuse
[LOG 17:45:10.359] Load DDS texture: SquadExpansion/Serenity/Parts/Propellers/Assets/fan_diffuse
[LOG 17:45:10.366] Load DDS texture: SquadExpansion/Serenity/Parts/Robotics/Assets/hinges-03-s_diffuse_Color
[LOG 17:45:10.373] Load DDS texture: SquadExpansion/Serenity/Parts/Robotics/Assets/hinges-03_diffuse_color
[LOG 17:45:10.380] Load DDS texture: SquadExpansion/Serenity/Parts/Robotics/Assets/hinges-03_diffuse_plain
[LOG 17:45:10.385] Load DDS texture: SquadExpansion/Serenity/Parts/Robotics/Assets/hinges_diffuse
[LOG 17:45:10.391] Load DDS texture: SquadExpansion/Serenity/Parts/Robotics/Assets/Hinge_diffuse_G-00_Color
[LOG 17:45:10.397] Load DDS texture: SquadExpansion/Serenity/Parts/Robotics/Assets/Hinge_diffuse_G-11_Color
[LOG 17:45:10.404] Load DDS texture: SquadExpansion/Serenity/Parts/Robotics/Assets/Hinge_diffuse_G-11_plain
[LOG 17:45:10.409] Load DDS texture: SquadExpansion/Serenity/Parts/Robotics/Assets/Hinge_normal
[LOG 17:45:10.512] Load DDS texture: SquadExpansion/Serenity/Parts/Robotics/Assets/RotorEngine_02_diffuse
[LOG 17:45:10.527] Load DDS texture: SquadExpansion/Serenity/Parts/Robotics/Assets/RotorEngine_03_diffuse
[LOG 17:45:10.534] Load DDS texture: SquadExpansion/Serenity/Parts/Robotics/Assets/RotorEngine_03_normal
[LOG 17:45:10.542] Load DDS texture: SquadExpansion/Serenity/Parts/Robotics/Assets/Rotor_01_diffuse_color
[LOG 17:45:10.548] Load DDS texture: SquadExpansion/Serenity/Parts/Robotics/Assets/Rotor_01_diffuse_plain
[LOG 17:45:10.555] Load DDS texture: SquadExpansion/Serenity/Parts/Robotics/Assets/Rotor_01_normal
[LOG 17:45:10.561] Load DDS texture: SquadExpansion/Serenity/Parts/Robotics/Assets/Rotor_01_specular_D
[LOG 17:45:10.566] Load DDS texture: SquadExpansion/Serenity/Parts/Robotics/Assets/Rotor_02_diffuse_color
[LOG 17:45:10.572] Load DDS texture: SquadExpansion/Serenity/Parts/Robotics/Assets/Rotor_03_diffuse_color
[LOG 17:45:10.579] Load DDS texture: SquadExpansion/Serenity/Parts/Robotics/Assets/Rotor_03_diffuse_plain
[LOG 17:45:10.585] Load DDS texture: SquadExpansion/Serenity/Parts/Robotics/Assets/Rotor_03_normal
[LOG 17:45:10.592] Load DDS texture: SquadExpansion/Serenity/Parts/Robotics/Assets/rotoServos_diffuse_color
[LOG 17:45:10.600] Load DDS texture: SquadExpansion/Serenity/Parts/Robotics/Assets/rotoServos_diffuse_plain
[LOG 17:45:10.607] Load DDS texture: SquadExpansion/Serenity/Parts/Robotics/Assets/rotoServos_nrm
[LOG 17:45:10.613] Load DDS texture: SquadExpansion/Serenity/Parts/Robotics/Controllers/roboController_diffuse
[LOG 17:45:10.618] Load DDS texture: SquadExpansion/Serenity/Parts/Robotics/Controllers/roboController_emissive
[LOG 17:45:10.624] Load Cached PNG Texture: SquadExpansion/Serenity/Parts/Science/RobotArmScanner/Assets/DrillBits
[LOG 17:45:10.630] Load DDS texture: SquadExpansion/Serenity/Parts/Science/RobotArmScanner/Assets/DustParticle
[WRN 17:45:10.631] Duplicate PNG texture 'SquadExpansion/Serenity/Parts/Science/RobotArmScanner/Assets/DustParticle' with extension 'png' won't be loaded
[LOG 17:45:10.638] Load DDS texture: SquadExpansion/Serenity/Parts/Science/RobotArmScanner/Assets/GenericParts_diffuse
[LOG 17:45:10.646] Load DDS texture: SquadExpansion/Serenity/Parts/Science/RobotArmScanner/Assets/GenericParts_normal
[LOG 17:45:10.655] Load DDS texture: SquadExpansion/Serenity/Parts/Science/RobotArmScanner/Assets/ROCArm3_diffuse
[LOG 17:45:10.664] Load DDS texture: SquadExpansion/Serenity/Parts/Science/RobotArmScanner/Assets/ROCArm3_normal
[LOG 17:45:10.674] Load DDS texture: SquadExpansion/Serenity/Parts/Science/RobotArmScanner/Assets/ROCArm_2_diffuse
[LOG 17:45:10.681] Load DDS texture: SquadExpansion/Serenity/Parts/Science/RobotArmScanner/Assets/ROCArm_2_normal
[LOG 17:45:10.689] Load Cached PNG Texture: SquadExpansion/Serenity/Parts/Science/RobotArmScanner/Assets/Scratch
[LOG 17:45:10.695] Load DDS texture: SquadExpansion/Serenity/Parts/Science/RobotArmScanner/Assets/SmallArm_diffuse
[LOG 17:45:10.701] Load DDS texture: SquadExpansion/Serenity/Parts/Science/RobotArmScanner/Assets/SmallArm_normal
[LOG 17:45:10.708] Load DDS texture: SquadExpansion/Serenity/Parts/Structural/gripPads/Assets/gripPads_diffuse
[LOG 17:45:10.714] Load DDS texture: SquadExpansion/Serenity/Parts/Structural/gripPads/Assets/gripPads_nrm
[LOG 17:45:10.721] Load Cached PNG Texture: SquadExpansion/Serenity/Ships/@thumbs/SPH/Arrow-E
[LOG 17:45:10.726] Load Cached PNG Texture: SquadExpansion/Serenity/Ships/@thumbs/SPH/Butterfly Rover
[LOG 17:45:10.731] Load Cached PNG Texture: SquadExpansion/Serenity/Ships/@thumbs/SPH/Jeb_s Quadtaxi
[LOG 17:45:10.739] Load Cached PNG Texture: SquadExpansion/Serenity/Ships/@thumbs/SPH/Kerbodyne Rotodyne
[LOG 17:45:10.745] Load Cached PNG Texture: SquadExpansion/Serenity/Ships/@thumbs/SPH/Seahawk
[LOG 17:45:10.754] Load Cached PNG Texture: SquadExpansion/Serenity/Ships/@thumbs/SPH/Val-Thopter
[LOG 17:45:10.762] Load MU model: Squad/FX/afterburner_flame
[LOG 17:45:10.768] Load MU model: Squad/FX/afterburner_shock
[LOG 17:45:10.772] Load MU model: Squad/FX/diamondBlue
[LOG 17:45:10.777] Load MU model: Squad/FX/exhaustFlames_blue
[LOG 17:45:10.861] Load MU model: Squad/FX/hydroLOXFlame
[LOG 17:45:10.862] Load MU model: Squad/FX/IonPlume
[LOG 17:45:10.862] Load MU model: Squad/FX/ks1_Exhaust
[LOG 17:45:10.862] Load MU model: Squad/FX/ks25_Exhaust
[LOG 17:45:10.862] Load MU model: Squad/FX/ksX_Exhaust
[LOG 17:45:10.862] Load MU model: Squad/FX/LES_Thruster
[LOG 17:45:10.862] Load MU model: Squad/FX/Monoprop_big
[LOG 17:45:10.863] Load MU model: Squad/FX/Monoprop_medium
[LOG 17:45:10.863] Load MU model: Squad/FX/Monoprop_small
[LOG 17:45:10.863] Load MU model: Squad/FX/shockExhaust_blue
[LOG 17:45:10.863] Load MU model: Squad/FX/shockExhaust_blue_small
[LOG 17:45:10.863] Load MU model: Squad/FX/shockExhaust_red_small
[LOG 17:45:10.864] Load MU model: Squad/FX/SRB_Large
[LOG 17:45:10.864] Load MU model: Squad/FX/SRB_LargeSparks
[LOG 17:45:10.864] Load MU model: Squad/Parts/Aero/aerodynamicNoseCone/aerodynamicNoseCone
[LOG 17:45:10.866] Load MU model: Squad/Parts/Aero/airbrake/Airbrake
[LOG 17:45:10.870] Load MU model: Squad/Parts/Aero/airIntakeRadialXM-G50/RadialIntake
[LOG 17:45:10.875] Load MU model: Squad/Parts/Aero/airlinerWings/ControlSurface
[LOG 17:45:10.879] Load MU model: Squad/Parts/Aero/airlinerWings/MainWing
[LOG 17:45:10.884] Load MU model: Squad/Parts/Aero/airlinerWings/TailFin
[LOG 17:45:10.890] Load MU model: Squad/Parts/Aero/airplaneFins/AdvCanard
[LOG 17:45:10.895] Load MU model: Squad/Parts/Aero/airplaneFins/Canard
[LOG 17:45:10.899] Load MU model: Squad/Parts/Aero/airplaneFins/Swept
[LOG 17:45:10.904] Load MU model: Squad/Parts/Aero/airplaneFins/TailFin
[LOG 17:45:10.910] Load MU model: Squad/Parts/Aero/basicFin/basicFin
[LOG 17:45:10.915] Load MU model: Squad/Parts/Aero/circularIntake/CircularIntake
[LOG 17:45:10.919] Load MU model: Squad/Parts/Aero/circularIntake/ConeIntake
[LOG 17:45:10.924] Load MU model: Squad/Parts/Aero/cones/Assets/AvioCone
[LOG 17:45:10.929] Load MU model: Squad/Parts/Aero/cones/Assets/ConeA
[LOG 17:45:10.934] Load MU model: Squad/Parts/Aero/cones/Assets/ConeB
[LOG 17:45:10.939] Load MU model: Squad/Parts/Aero/cones/Assets/NCS
[LOG 17:45:10.944] Load MU model: Squad/Parts/Aero/cones/Assets/orangeNoseCone
[LOG 17:45:10.949] Load MU model: Squad/Parts/Aero/cones/Assets/rocketNoseCone
[LOG 17:45:10.954] Load MU model: Squad/Parts/Aero/cones/Assets/rocketNoseCone_v2
[LOG 17:45:10.960] Load MU model: Squad/Parts/Aero/cones/Assets/rocketNoseCone_v3
[LOG 17:45:10.965] Load MU model: Squad/Parts/Aero/cones/Assets/TailA
[LOG 17:45:10.970] Load MU model: Squad/Parts/Aero/cones/Assets/TailB
[LOG 17:45:10.975] Load MU model: Squad/Parts/Aero/cones/Assets/TinyCone
[LOG 17:45:10.980] Load MU model: Squad/Parts/Aero/fairings/AutoTruss
[LOG 17:45:10.985] Load MU model: Squad/Parts/Aero/fairings/fairingSize1
[LOG 17:45:10.990] Load MU model: Squad/Parts/Aero/fairings/fairingSize2
[LOG 17:45:10.995] Load MU model: Squad/Parts/Aero/fairings/fairingSize3
[LOG 17:45:10.999] Load MU model: Squad/Parts/Aero/HeatShield/HeatShield0
[LOG 17:45:11.005] Load MU model: Squad/Parts/Aero/HeatShield/HeatShield1
[LOG 17:45:11.011] Load MU model: Squad/Parts/Aero/HeatShield/HeatShield2
[LOG 17:45:11.015] Load MU model: Squad/Parts/Aero/HeatShield/HeatShield3
[LOG 17:45:11.020] Load MU model: Squad/Parts/Aero/InflatableHeatShield/HeatShield
[LOG 17:45:11.025] Load MU model: Squad/Parts/Aero/intakeRadialLong/IntakeRadial
[LOG 17:45:11.030] Load MU model: Squad/Parts/Aero/miniIntake/SmallIntake
[LOG 17:45:11.037] Load MU model: Squad/Parts/Aero/ramAirIntake/RampIntake
[LOG 17:45:11.042] Load MU model: Squad/Parts/Aero/shuttleWings/ShuttleDeltaWing
[LOG 17:45:11.046] Load MU model: Squad/Parts/Aero/shuttleWings/ShuttleElevonA
[LOG 17:45:11.051] Load MU model: Squad/Parts/Aero/shuttleWings/ShuttleElevonB
[LOG 17:45:11.056] Load MU model: Squad/Parts/Aero/shuttleWings/ShuttleRudder
[LOG 17:45:11.061] Load MU model: Squad/Parts/Aero/shuttleWings/ShuttleStrake
[LOG 17:45:11.065] Load MU model: Squad/Parts/Aero/wingletAV-R8/model
[LOG 17:45:11.071] Load MU model: Squad/Parts/Aero/wingletAV-T1/model
[LOG 17:45:11.076] Load MU model: Squad/Parts/Aero/wingletDeltaDeluxe/model
[LOG 17:45:11.082] Load MU model: Squad/Parts/Aero/wings/connector1
[LOG 17:45:11.086] Load MU model: Squad/Parts/Aero/wings/connector2
[LOG 17:45:11.091] Load MU model: Squad/Parts/Aero/wings/connector3
[LOG 17:45:11.096] Load MU model: Squad/Parts/Aero/wings/connector4
[LOG 17:45:11.101] Load MU model: Squad/Parts/Aero/wings/connector5
[LOG 17:45:11.106] Load MU model: Squad/Parts/Aero/wings/delta
[LOG 17:45:11.112] Load MU model: Squad/Parts/Aero/wings/delta_small
[LOG 17:45:11.118] Load MU model: Squad/Parts/Aero/wings/elevon1
[LOG 17:45:11.123] Load MU model: Squad/Parts/Aero/wings/elevon2
[LOG 17:45:11.127] Load MU model: Squad/Parts/Aero/wings/elevon3
[LOG 17:45:11.132] Load MU model: Squad/Parts/Aero/wings/elevon4
[LOG 17:45:11.137] Load MU model: Squad/Parts/Aero/wings/elevon5
[LOG 17:45:11.142] Load MU model: Squad/Parts/Aero/wings/strake
[LOG 17:45:11.149] Load MU model: Squad/Parts/Aero/wings/structural1
[LOG 17:45:11.154] Load MU model: Squad/Parts/Aero/wings/structural2
[LOG 17:45:11.160] Load MU model: Squad/Parts/Aero/wings/structural3
[LOG 17:45:11.164] Load MU model: Squad/Parts/Aero/wings/structural4
[LOG 17:45:11.169] Load MU model: Squad/Parts/Aero/wings/swept1
[LOG 17:45:11.174] Load MU model: Squad/Parts/Aero/wings/swept2
[LOG 17:45:11.179] Load MU model: Squad/Parts/Cargo/CargoContainers/cargoContainer
[LOG 17:45:11.185] Load MU model: Squad/Parts/Cargo/CargoContainers/smallCargoContainer
[LOG 17:45:11.191] Load MU model: Squad/Parts/Cargo/Cylinder/EVAcylinder
[LOG 17:45:11.197] Load MU model: Squad/Parts/Cargo/GroundAnchor/groundAnchor
[LOG 17:45:11.210] Load MU model: Squad/Parts/Cargo/Jetpack/Jetpack
[LOG 17:45:11.215] Load MU model: Squad/Parts/Cargo/Parachute/Parachute
[LOG 17:45:11.220] Load MU model: Squad/Parts/Cargo/RepairKit/RepairKit
[LOG 17:45:11.234] Load MU model: Squad/Parts/Cargo/ScienceKit/ExperimentKit
[LOG 17:45:11.235] Load MU model: Squad/Parts/Cargo/StorageUnits/Assets/CargoStorageUnit
[LOG 17:45:11.236] Load MU model: Squad/Parts/Cargo/StorageUnits/Assets/ConformalStorageUnit
[LOG 17:45:11.242] Load MU model: Squad/Parts/Command/advancedSasModuleLarge/model
[LOG 17:45:11.247] Load MU model: Squad/Parts/Command/cupola/model
[LOG 17:45:11.252] Load MU model: Squad/Parts/Command/externalCommandSeat/model
[LOG 17:45:11.257] Load MU model: Squad/Parts/Command/hitchhikerStorageContainer/model
[LOG 17:45:11.263] Load MU model: Squad/Parts/Command/inlineAdvancedStabilizer/model
[LOG 17:45:11.267] Load MU model: Squad/Parts/Command/inlineReactionWheel/model
[LOG 17:45:11.273] Load MU model: Squad/Parts/Command/Mk1-3Pod/Mk1-3
[LOG 17:45:11.278] Load MU model: Squad/Parts/Command/mk1Cockpits/Cabin
[LOG 17:45:11.283] Load MU model: Squad/Parts/Command/mk1Cockpits/CockpitInline
[LOG 17:45:11.287] Load MU model: Squad/Parts/Command/mk1Cockpits/CockpitStandard
[LOG 17:45:11.301] Load MU model: Squad/Parts/Command/mk1LanderCan/model
[LOG 17:45:11.302] Load MU model: Squad/Parts/Command/mk1pod_v2/Mk1Pod_v2
[LOG 17:45:11.303] Load MU model: Squad/Parts/Command/mk2CockpitInline/model
[LOG 17:45:11.308] Load MU model: Squad/Parts/Command/mk2CockpitStandard/model
[LOG 17:45:11.313] Load MU model: Squad/Parts/Command/mk2DroneCore/model
[LOG 17:45:11.319] Load MU model: Squad/Parts/Command/mk2LanderCan/model
[LOG 17:45:11.324] Load MU model: Squad/Parts/Command/mk2LanderCan_v2/mk2LanderCan
[LOG 17:45:11.329] Load MU model: Squad/Parts/Command/mk3CockpitShuttle/model
[LOG 17:45:11.335] Load MU model: Squad/Parts/Command/MpoProbe/MpoProbe
[LOG 17:45:11.340] Load MU model: Squad/Parts/Command/MtmStage/MTM_Stage
[LOG 17:45:11.345] Load MU model: Squad/Parts/Command/probeCoreCube/probeCoreCube
[LOG 17:45:11.350] Load MU model: Squad/Parts/Command/probeCoreHex/model
[LOG 17:45:11.354] Load MU model: Squad/Parts/Command/probeCoreHex_v2/model
[LOG 17:45:11.361] Load MU model: Squad/Parts/Command/probeCoreOcto2_v2/probeCoreOcto2_v2
[LOG 17:45:11.365] Load MU model: Squad/Parts/Command/probeCoreOcto_v2/probeCoreOcto_v2
[LOG 17:45:11.371] Load MU model: Squad/Parts/Command/probeRoverBody/model
[LOG 17:45:11.376] Load MU model: Squad/Parts/Command/probeRoverBody_v2/probeRoverBody_v2
[LOG 17:45:11.380] Load MU model: Squad/Parts/Command/probeStackLarge/model
[LOG 17:45:11.385] Load MU model: Squad/Parts/Command/probeStackSmall/model
[LOG 17:45:11.391] Load MU model: Squad/Parts/Command/probeStackSphere_v2/probeStackSphere_v2
[LOG 17:45:11.395] Load MU model: Squad/Parts/CompoundParts/FuelLine/model
[LOG 17:45:11.399] Load MU model: Squad/Parts/CompoundParts/strutConnector/model
[LOG 17:45:11.405] Load MU model: Squad/Parts/Coupling/Assets/Decoupler_0
[LOG 17:45:11.410] Load MU model: Squad/Parts/Coupling/Assets/Decoupler_1
[LOG 17:45:11.415] Load MU model: Squad/Parts/Coupling/Assets/Decoupler_1p5
[LOG 17:45:11.420] Load MU model: Squad/Parts/Coupling/Assets/Decoupler_2
[LOG 17:45:11.425] Load MU model: Squad/Parts/Coupling/Assets/Decoupler_3
[LOG 17:45:11.430] Load MU model: Squad/Parts/Coupling/Assets/Decoupler_4
[LOG 17:45:11.434] Load MU model: Squad/Parts/Coupling/Assets/Separator_0
[LOG 17:45:11.439] Load MU model: Squad/Parts/Coupling/Assets/Separator_1
[LOG 17:45:11.445] Load MU model: Squad/Parts/Coupling/Assets/Separator_1p5
[LOG 17:45:11.450] Load MU model: Squad/Parts/Coupling/Assets/Separator_2
[LOG 17:45:11.454] Load MU model: Squad/Parts/Coupling/Assets/Separator_3
[LOG 17:45:11.460] Load MU model: Squad/Parts/Coupling/Assets/Separator_4
[LOG 17:45:11.465] Load MU model: Squad/Parts/Electrical/10CSolarPanels/assets/OX-10C
[LOG 17:45:11.470] Load MU model: Squad/Parts/Electrical/10CSolarPanels/assets/SP-10C
[LOG 17:45:11.475] Load MU model: Squad/Parts/Electrical/10LSolarPanels/assets/OX-10L
[LOG 17:45:11.482] Load MU model: Squad/Parts/Electrical/10LSolarPanels/assets/SP-10L
[LOG 17:45:11.487] Load MU model: Squad/Parts/Electrical/1x6ShroudSolarPanels/model
[LOG 17:45:11.492] Load MU model: Squad/Parts/Electrical/1x6SolarPanels/model
[LOG 17:45:11.498] Load MU model: Squad/Parts/Electrical/3x2ShroudSolarPanels/model
[LOG 17:45:11.502] Load MU model: Squad/Parts/Electrical/3x2SolarPanels/model
[LOG 17:45:11.508] Load MU model: Squad/Parts/Electrical/gigantorXlSolarArray/model
[LOG 17:45:11.513] Load MU model: Squad/Parts/Electrical/radialFlatSolarPanel/model
[LOG 17:45:11.519] Load MU model: Squad/Parts/Electrical/RTG/model
[LOG 17:45:11.524] Load MU model: Squad/Parts/Electrical/z-100Battery/model
[LOG 17:45:11.528] Load MU model: Squad/Parts/Electrical/z-1kBattery/model
[LOG 17:45:11.533] Load MU model: Squad/Parts/Electrical/z-200Battery/model
[LOG 17:45:11.540] Load MU model: Squad/Parts/Electrical/z-400Battery/model
[LOG 17:45:11.544] Load MU model: Squad/Parts/Electrical/z-4kBattery/model
[LOG 17:45:11.548] Load MU model: Squad/Parts/Engine/ionEngine/model
[LOG 17:45:11.554] Load MU model: Squad/Parts/Engine/jetEngines/turbineInside
[LOG 17:45:11.562] Load MU model: Squad/Parts/Engine/jetEngines/turboFanSize1
[LOG 17:45:11.567] Load MU model: Squad/Parts/Engine/jetEngines/turboFanSize2
[LOG 17:45:11.573] Load MU model: Squad/Parts/Engine/jetEngines/turboJet
[LOG 17:45:11.578] Load MU model: Squad/Parts/Engine/jetEngines/turboRamJet
[LOG 17:45:11.583] Load MU model: Squad/Parts/Engine/liquidEngine24-77/model
[LOG 17:45:11.590] Load MU model: Squad/Parts/Engine/liquidEngine24-77_v2/Twitch_v2
[LOG 17:45:11.595] Load MU model: Squad/Parts/Engine/liquidEngine48-7S_v2/SparkV2
[LOG 17:45:11.601] Load MU model: Squad/Parts/Engine/liquidEngineAerospike/AeroSpike
[LOG 17:45:11.605] Load MU model: Squad/Parts/Engine/liquidEngineLV-1_v2/Assets/Ant
[LOG 17:45:11.611] Load MU model: Squad/Parts/Engine/liquidEngineLV-1_v2/Assets/Spider
[LOG 17:45:11.708] Load MU model: Squad/Parts/Engine/liquidEngineLV-909_v2/TerrierV2
[LOG 17:45:11.722] Load MU model: Squad/Parts/Engine/liquidEngineLV-N/model
[LOG 17:45:11.727] Load MU model: Squad/Parts/Engine/liquidEngineLV-T30/model
[LOG 17:45:11.733] Load MU model: Squad/Parts/Engine/liquidEngineLV-T30_v2/Reliant_v2
[LOG 17:45:11.738] Load MU model: Squad/Parts/Engine/liquidEngineLV-T45/model
[LOG 17:45:11.743] Load MU model: Squad/Parts/Engine/liquidEngineLV-T45_v2/Swivel_v2
[LOG 17:45:11.749] Load MU model: Squad/Parts/Engine/liquidEngineMainsail_v2/liquidEngineMainsail_v2
[LOG 17:45:11.754] Load MU model: Squad/Parts/Engine/liquidEngineMk55/Thud
[LOG 17:45:11.760] Load MU model: Squad/Parts/Engine/liquidEnginePoodle_v2/LqdEnginePoodle_v2
[LOG 17:45:11.765] Load MU model: Squad/Parts/Engine/liquidEngineSkipper_v2/skipper_v2
[LOG 17:45:11.769] Load MU model: Squad/Parts/Engine/liquidEngineSSME/SSME
[LOG 17:45:11.775] Load MU model: Squad/Parts/Engine/MassiveSRB/MassiveSRB
[LOG 17:45:11.780] Load MU model: Squad/Parts/Engine/miniJet/SmallJet
[LOG 17:45:11.785] Load MU model: Squad/Parts/Engine/OMSEngine/Puff_v2
[LOG 17:45:11.790] Load MU model: Squad/Parts/Engine/rapierEngine/rapier
[LOG 17:45:11.795] Load MU model: Squad/Parts/Engine/Size1_SRBs/SRB10
[LOG 17:45:11.801] Load MU model: Squad/Parts/Engine/Size1_SRBs/SRB5
[LOG 17:45:11.806] Load MU model: Squad/Parts/Engine/Size2LFB/Size2LFB
[LOG 17:45:11.812] Load MU model: Squad/Parts/Engine/Size2LFB_v2/Size2LFB_v2
[LOG 17:45:11.817] Load MU model: Squad/Parts/Engine/Size3AdvancedEngine/Size3AdvancedEngine
[LOG 17:45:11.823] Load MU model: Squad/Parts/Engine/Size3EngineCluster/Size3EngineCluster
[LOG 17:45:11.829] Load MU model: Squad/Parts/Engine/solidBoosterBACC/model
[LOG 17:45:11.834] Load MU model: Squad/Parts/Engine/solidBoosterS2-17/solidBoosterS2-17
[LOG 17:45:11.839] Load MU model: Squad/Parts/Engine/solidBoosterS2-33/solidBoosterS2-33
[LOG 17:45:11.844] Load MU model: Squad/Parts/Engine/solidBoosterSep/model
[LOG 17:45:11.849] Load MU model: Squad/Parts/Engine/SolidBoostersF/Assets/SolidBoosterF3S0
[LOG 17:45:11.854] Load MU model: Squad/Parts/Engine/SolidBoostersF/Assets/SolidBoosterFM1
[LOG 17:45:11.860] Load MU model: Squad/Parts/FuelTank/adapterTanks/Mk3-Mk2
[LOG 17:45:11.865] Load MU model: Squad/Parts/FuelTank/adapterTanks/Mk3-Size2
[LOG 17:45:11.870] Load MU model: Squad/Parts/FuelTank/adapterTanks/Mk3-Size2Slant
[LOG 17:45:11.874] Load MU model: Squad/Parts/FuelTank/adapterTanks/ShuttleAdapter
[LOG 17:45:11.879] Load MU model: Squad/Parts/FuelTank/adapterTanks/Size2-Mk2
[LOG 17:45:11.884] Load MU model: Squad/Parts/FuelTank/adapterTanks/Size2-Size1
[LOG 17:45:11.889] Load MU model: Squad/Parts/FuelTank/adapterTanks/Size2-Size1Slant
[LOG 17:45:11.894] Load MU model: Squad/Parts/FuelTank/adapterTanks/Size3-Mk3
[LOG 17:45:11.900] Load MU model: Squad/Parts/FuelTank/drainTankFTE-1/fuelValve
[LOG 17:45:11.904] Load MU model: Squad/Parts/FuelTank/FoilTanks/RadialTank_Capsule
[LOG 17:45:11.909] Load MU model: Squad/Parts/FuelTank/FoilTanks/RadialTank_Round
[LOG 17:45:11.914] Load MU model: Squad/Parts/FuelTank/FoilTanks/ToroidTank
[LOG 17:45:11.919] Load MU model: Squad/Parts/FuelTank/fuelTankOscarB/model
[LOG 17:45:11.924] Load MU model: Squad/Parts/FuelTank/miniFuselage/Fuselage
[LOG 17:45:11.930] Load MU model: Squad/Parts/FuelTank/mk2Adapters/bicoupler
[LOG 17:45:11.935] Load MU model: Squad/Parts/FuelTank/mk2Adapters/long
[LOG 17:45:11.940] Load MU model: Squad/Parts/FuelTank/mk2Adapters/standard
[LOG 17:45:11.945] Load MU model: Squad/Parts/FuelTank/mk2FuselageLong/FuselageLongLFO
[LOG 17:45:11.950] Load MU model: Squad/Parts/FuelTank/mk2FuselageLong/FuselageLongLiquid
[LOG 17:45:11.955] Load MU model: Squad/Parts/FuelTank/mk2FuselageShort/FuselageShortLFO
[LOG 17:45:11.960] Load MU model: Squad/Parts/FuelTank/mk2FuselageShort/FuselageShortLiquid
[LOG 17:45:11.966] Load MU model: Squad/Parts/FuelTank/mk2FuselageShort/FuselageShortMono
[LOG 17:45:11.971] Load MU model: Squad/Parts/FuelTank/mk3Fuselage/CREW
[LOG 17:45:11.976] Load MU model: Squad/Parts/FuelTank/mk3Fuselage/LFO_100
[LOG 17:45:11.981] Load MU model: Squad/Parts/FuelTank/mk3Fuselage/LFO_25
[LOG 17:45:11.986] Load MU model: Squad/Parts/FuelTank/mk3Fuselage/LFO_50
[LOG 17:45:11.991] Load MU model: Squad/Parts/FuelTank/mk3Fuselage/LF_100
[LOG 17:45:11.996] Load MU model: Squad/Parts/FuelTank/mk3Fuselage/LF_25
[LOG 17:45:12.001] Load MU model: Squad/Parts/FuelTank/mk3Fuselage/LF_50
[LOG 17:45:12.006] Load MU model: Squad/Parts/FuelTank/mk3Fuselage/MONO
[LOG 17:45:12.011] Load MU model: Squad/Parts/FuelTank/RCSFuelTankR1/RCSFuelTankR1_01
[LOG 17:45:12.017] Load MU model: Squad/Parts/FuelTank/RCSFuelTankR10/model
[LOG 17:45:12.022] Load MU model: Squad/Parts/FuelTank/RCSFuelTankR25/RCSFuelTankR25
[LOG 17:45:12.027] Load MU model: Squad/Parts/FuelTank/RCSTankRadial/model
[LOG 17:45:12.032] Load MU model: Squad/Parts/FuelTank/RCStankRadialLong/model
[LOG 17:45:12.037] Load MU model: Squad/Parts/FuelTank/RockomaxTanks/Assets/Rockomax16
[LOG 17:45:12.043] Load MU model: Squad/Parts/FuelTank/RockomaxTanks/Assets/Rockomax32
[LOG 17:45:12.049] Load MU model: Squad/Parts/FuelTank/RockomaxTanks/Assets/Rockomax64
[LOG 17:45:12.054] Load MU model: Squad/Parts/FuelTank/RockomaxTanks/Assets/Rockomax8
[LOG 17:45:12.060] Load MU model: Squad/Parts/FuelTank/Size1_Tanks/Size1Tank_01
[LOG 17:45:12.065] Load MU model: Squad/Parts/FuelTank/Size1_Tanks/Size1Tank_02
[LOG 17:45:12.069] Load MU model: Squad/Parts/FuelTank/Size1_Tanks/Size1Tank_03
[LOG 17:45:12.075] Load MU model: Squad/Parts/FuelTank/Size1_Tanks/Size1Tank_04
[LOG 17:45:12.080] Load MU model: Squad/Parts/FuelTank/Size3Tanks/Size3LargeTank
[LOG 17:45:12.085] Load MU model: Squad/Parts/FuelTank/Size3Tanks/Size3MediumTank
[LOG 17:45:12.090] Load MU model: Squad/Parts/FuelTank/Size3Tanks/Size3SmallTank
[LOG 17:45:12.095] Load MU model: Squad/Parts/FuelTank/xenonTank/model
[LOG 17:45:12.100] Load MU model: Squad/Parts/FuelTank/xenonTankLarge/model
[LOG 17:45:12.105] Load MU model: Squad/Parts/FuelTank/xenonTankRadial/model
[LOG 17:45:12.111] Load MU model: Squad/Parts/Misc/AsteroidDay/CamSat
[LOG 17:45:12.115] Load MU model: Squad/Parts/Misc/AsteroidDay/HECS2
[LOG 17:45:12.121] Load MU model: Squad/Parts/Misc/AsteroidDay/HighGainAntenna
[LOG 17:45:12.126] Load MU model: Squad/Parts/Misc/AsteroidDay/LgRadialSolar
[LOG 17:45:12.131] Load MU model: Squad/Parts/Misc/PotatoComet/Cube
[LOG 17:45:12.132] Load MU model: Squad/Parts/Misc/PotatoRoid/Cube
[LOG 17:45:12.136] Load MU model: Squad/Parts/Resources/FuelCell/FuelCell
[LOG 17:45:12.142] Load MU model: Squad/Parts/Resources/FuelCell/FuelCellArray
[LOG 17:45:12.147] Load MU model: Squad/Parts/Resources/ISRU/ISRU
[LOG 17:45:12.152] Load MU model: Squad/Parts/Resources/LargeTank/LargeTank
[LOG 17:45:12.158] Load MU model: Squad/Parts/Resources/MiniDrill/MiniDrill
[LOG 17:45:12.162] Load MU model: Squad/Parts/Resources/MiniISRU/MiniISRU
[LOG 17:45:12.168] Load MU model: Squad/Parts/Resources/OrbitalScanner/OrbitalScanner
[LOG 17:45:12.174] Load MU model: Squad/Parts/Resources/RadialDrill/TriBitDrill
[LOG 17:45:12.178] Load MU model: Squad/Parts/Resources/RadialTank/RadialOreTank
[LOG 17:45:12.184] Load MU model: Squad/Parts/Resources/SmallTank/SmallTank
[LOG 17:45:12.188] Load MU model: Squad/Parts/Resources/SurfaceScanner/SurfaceScanner
[LOG 17:45:12.193] Load MU model: Squad/Parts/Resources/SurveyScanner/SurveyScanner
[LOG 17:45:12.198] Load MU model: Squad/Parts/Science/AtmosphereSensor/model
[LOG 17:45:12.203] Load MU model: Squad/Parts/Science/GooExperiment/GooExperiment
[LOG 17:45:12.209] Load MU model: Squad/Parts/Science/LargeCrewedLab/large_crewed_lab
[LOG 17:45:12.214] Load MU model: Squad/Parts/Science/Magnetometer/Magnetometer
[LOG 17:45:12.219] Load MU model: Squad/Parts/Science/MaterialBay/science_module_small
[LOG 17:45:12.225] Load MU model: Squad/Parts/Science/ScienceBox/ScienceBox
[LOG 17:45:12.229] Load MU model: Squad/Parts/Science/sensorAccelerometer/model
[LOG 17:45:12.235] Load MU model: Squad/Parts/Science/sensorBarometer/model
[LOG 17:45:12.239] Load MU model: Squad/Parts/Science/sensorGravimeter/model
[LOG 17:45:12.244] Load MU model: Squad/Parts/Science/sensorThermometer/model
[LOG 17:45:12.249] Load MU model: Squad/Parts/Structural/FLAdapters/Assets/adapterSmallMiniShort_v2
[LOG 17:45:12.253] Load MU model: Squad/Parts/Structural/FLAdapters/Assets/adapterSmallMiniTall_v2
[LOG 17:45:12.260] Load MU model: Squad/Parts/Structural/mk1Parts/Fuselage
[LOG 17:45:12.265] Load MU model: Squad/Parts/Structural/mk1Parts/IntakeFuselage
[LOG 17:45:12.269] Load MU model: Squad/Parts/Structural/mk1Parts/Nacelle1
[LOG 17:45:12.274] Load MU model: Squad/Parts/Structural/mk1Parts/Nacelle2
[LOG 17:45:12.279] Load MU model: Squad/Parts/Structural/mk1Parts/Structural
[LOG 17:45:12.285] Load MU model: Squad/Parts/Structural/mk1Parts/StructuralHollow
[LOG 17:45:12.290] Load MU model: Squad/Parts/Structural/Size3To2Adapter_v2/Size2to3_v2
[LOG 17:45:12.296] Load MU model: Squad/Parts/Structural/stackAdapters/Assets/adapterLargeSmallBi
[LOG 17:45:12.300] Load MU model: Squad/Parts/Structural/stackAdapters/Assets/adapterLargeSmallQuad
[LOG 17:45:12.306] Load MU model: Squad/Parts/Structural/stackAdapters/Assets/adapterLargeSmallTri
[LOG 17:45:12.310] Load MU model: Squad/Parts/Structural/stationHub/model
[LOG 17:45:12.315] Load MU model: Squad/Parts/Structural/structuralIBeam200/model
[LOG 17:45:12.320] Load MU model: Squad/Parts/Structural/structuralIBeam200Pocket/model
[LOG 17:45:12.324] Load MU model: Squad/Parts/Structural/structuralIBeam650/model
[LOG 17:45:12.330] Load MU model: Squad/Parts/Structural/structuralMicronode/model
[LOG 17:45:12.335] Load MU model: Squad/Parts/Structural/structuralPanel1x1/model
[LOG 17:45:12.341] Load MU model: Squad/Parts/Structural/structuralPanel2x2/model
[LOG 17:45:12.345] Load MU model: Squad/Parts/Structural/structuralPylons/PylonBig
[LOG 17:45:12.349] Load MU model: Squad/Parts/Structural/structuralPylons/PylonSmall
[LOG 17:45:12.354] Load MU model: Squad/Parts/Structural/strutCubicOcto/model
[LOG 17:45:12.360] Load MU model: Squad/Parts/Structural/strutOcto/model
[LOG 17:45:12.365] Load MU model: Squad/Parts/Structural/trussGirderAdapter/model
[LOG 17:45:12.370] Load MU model: Squad/Parts/Structural/trussGirderL/model
[LOG 17:45:12.375] Load MU model: Squad/Parts/Structural/trussGirderXL/model
[LOG 17:45:12.380] Load MU model: Squad/Parts/Thermal/FoldingRadiators/foldingRadLarge
[LOG 17:45:12.385] Load MU model: Squad/Parts/Thermal/FoldingRadiators/foldingRadMed
[LOG 17:45:12.390] Load MU model: Squad/Parts/Thermal/FoldingRadiators/foldingRadSmall
[LOG 17:45:12.396] Load MU model: Squad/Parts/Thermal/RadiatorPanels/radPanelEdge
[LOG 17:45:12.403] Load MU model: Squad/Parts/Thermal/RadiatorPanels/radPanelLg
[LOG 17:45:12.409] Load MU model: Squad/Parts/Thermal/RadiatorPanels/radPanelSm
[LOG 17:45:12.415] Load MU model: Squad/Parts/Utility/commDish88-88/model
[LOG 17:45:12.419] Load MU model: Squad/Parts/Utility/commsAntennaDTS-M1/mediumDishAntenna
[LOG 17:45:12.424] Load MU model: Squad/Parts/Utility/commsDish16/model
[LOG 17:45:12.430] Load MU model: Squad/Parts/Utility/decouplerRadialHDM/model
[LOG 17:45:12.435] Load MU model: Squad/Parts/Utility/decouplerRadialTT-38K/model
[LOG 17:45:12.440] Load MU model: Squad/Parts/Utility/decouplerRadialTT-70/model
[LOG 17:45:12.445] Load MU model: Squad/Parts/Utility/DirectAntennas/HGAntenna
[LOG 17:45:12.450] Load MU model: Squad/Parts/Utility/DirectAntennas/HGAntenna_v2
[LOG 17:45:12.455] Load MU model: Squad/Parts/Utility/DirectAntennas/SurfAntenna
[LOG 17:45:12.461] Load MU model: Squad/Parts/Utility/dockingPort/dockingPort
[LOG 17:45:12.466] Load MU model: Squad/Parts/Utility/dockingPortInline/dockingPortInline
[LOG 17:45:12.472] Load MU model: Squad/Parts/Utility/dockingPortJr/dockingPortJr
[LOG 17:45:12.477] Load MU model: Squad/Parts/Utility/dockingPortShielded/dockingPortShielded
[LOG 17:45:12.482] Load MU model: Squad/Parts/Utility/dockingPortSr/dockingPortSr
[LOG 17:45:12.488] Load MU model: Squad/Parts/Utility/Fireworks/Assets/fireworksLauncherBig
[LOG 17:45:12.494] Load MU model: Squad/Parts/Utility/Fireworks/Assets/fireworksLauncherSmall
[LOG 17:45:12.499] Load MU model: Squad/Parts/Utility/flags/flagFlat/flagFlatMeshes
[LOG 17:45:12.504] Load MU model: Squad/Parts/Utility/flags/flagSize0/flagSize0Meshes
[LOG 17:45:12.509] Load MU model: Squad/Parts/Utility/flags/flagSize1/flagSize1Meshes
[LOG 17:45:12.516] Load MU model: Squad/Parts/Utility/flags/flagSize2/flagSize2Meshes
[LOG 17:45:12.523] Load MU model: Squad/Parts/Utility/flags/flagSize3/flagSize3Meshes
[LOG 17:45:12.528] Load MU model: Squad/Parts/Utility/GrapplingDevice/GrapplingArm
[LOG 17:45:12.534] Load MU model: Squad/Parts/Utility/ladderRadial/model
[LOG 17:45:12.539] Load MU model: Squad/Parts/Utility/ladderTelescopic/model
[LOG 17:45:12.544] Load MU model: Squad/Parts/Utility/ladderTelescopicBay/model
[LOG 17:45:12.549] Load MU model: Squad/Parts/Utility/landingLegLT-1/model
[LOG 17:45:12.555] Load MU model: Squad/Parts/Utility/landingLegLT-2/model
[LOG 17:45:12.560] Load MU model: Squad/Parts/Utility/landingLegLT-5/model
[WRN 17:45:12.561] WheelCollider requires an attached Rigidbody to function.
[WRN 17:45:12.561] WheelCollider requires an attached Rigidbody to function.
[LOG 17:45:12.566] Load MU model: Squad/Parts/Utility/launchClamp1/model
[LOG 17:45:12.573] Load MU model: Squad/Parts/Utility/launchEscapeSystem/LaunchEscapeSystem
[LOG 17:45:12.577] Load MU model: Squad/Parts/Utility/Lights/Assets/light_02
[LOG 17:45:12.582] Load MU model: Squad/Parts/Utility/Lights/Assets/light_03
[LOG 17:45:12.588] Load MU model: Squad/Parts/Utility/Lights/Assets/light_04
[LOG 17:45:12.594] Load MU model: Squad/Parts/Utility/Lights/Assets/light_07
[LOG 17:45:12.600] Load MU model: Squad/Parts/Utility/Lights/Assets/light_08
[LOG 17:45:12.605] Load MU model: Squad/Parts/Utility/Lights/Assets/light_12
[LOG 17:45:12.610] Load MU model: Squad/Parts/Utility/linearVernorRCS/Assets/linearRCS
[LOG 17:45:12.614] Load MU model: Squad/Parts/Utility/linearVernorRCS/Assets/vernorEngine
[LOG 17:45:12.619] Load MU model: Squad/Parts/Utility/mk2CargoBay/BayLarge
[LOG 17:45:12.624] Load MU model: Squad/Parts/Utility/mk2CargoBay/BaySmall
[LOG 17:45:12.629] Load MU model: Squad/Parts/Utility/mk2CrewCabin/model
[LOG 17:45:12.634] Load MU model: Squad/Parts/Utility/mk2DockingPort/mk2Dockingport
[LOG 17:45:12.639] Load MU model: Squad/Parts/Utility/mk3CargoBay/long
[LOG 17:45:12.644] Load MU model: Squad/Parts/Utility/mk3CargoBay/medium
[LOG 17:45:12.649] Load MU model: Squad/Parts/Utility/mk3CargoBay/ramp
[LOG 17:45:12.654] Load MU model: Squad/Parts/Utility/mk3CargoBay/short
[LOG 17:45:12.660] Load MU model: Squad/Parts/Utility/parachuteMk1/model
[LOG 17:45:12.665] Load MU model: Squad/Parts/Utility/parachuteMk12-R/model
[LOG 17:45:12.671] Load MU model: Squad/Parts/Utility/parachuteMk16-XL/model
[LOG 17:45:12.675] Load MU model: Squad/Parts/Utility/parachuteMk2-R/model
[LOG 17:45:12.680] Load MU model: Squad/Parts/Utility/parachuteMk25/model
[LOG 17:45:12.686] Load MU model: Squad/Parts/Utility/radialAttachmentPoint/model
[LOG 17:45:12.691] Load MU model: Squad/Parts/Utility/rcsBlockRV-105_v2/rcsBlock105
[LOG 17:45:12.696] Load MU model: Squad/Parts/Utility/rcsSmallLinear/Assets/RCSLinearSmall
[LOG 17:45:12.702] Load MU model: Squad/Parts/Utility/RelayAntennas/HGAntenna
[LOG 17:45:12.708] Load MU model: Squad/Parts/Utility/RelayAntennas/RA-100
[LOG 17:45:12.713] Load MU model: Squad/Parts/Utility/RelayAntennas/RA-5
[LOG 17:45:12.718] Load MU model: Squad/Parts/Utility/RelayAntennas/RA-50
[LOG 17:45:12.724] Load MU model: Squad/Parts/Utility/rockomaxAdapters/Assets/brandAdapter
[LOG 17:45:12.729] Load MU model: Squad/Parts/Utility/rockomaxAdapters/Assets/brandAdapter02
[LOG 17:45:12.735] Load MU model: Squad/Parts/Utility/ServiceBay_v2/Assets/ServiceBay_125_v2
[LOG 17:45:12.740] Load MU model: Squad/Parts/Utility/ServiceBay_v2/Assets/ServiceBay_250_v2
[LOG 17:45:12.745] Load MU model: Squad/Parts/Utility/smallClaw/smallClaw
[LOG 17:45:12.750] Load MU model: Squad/Parts/Utility/spotLightMk1/model
[LOG 17:45:12.754] Load MU model: Squad/Parts/Utility/spotLightMk1_v2/model
[LOG 17:45:12.759] Load MU model: Squad/Parts/Utility/spotLightMk2/model
[LOG 17:45:12.764] Load MU model: Squad/Parts/Utility/spotLightMk2_v2/model
[LOG 17:45:12.770] Load MU model: Squad/Parts/Utility/stackCouplers/Assets/stackBiCoupler_v2
[LOG 17:45:12.775] Load MU model: Squad/Parts/Utility/stackCouplers/Assets/stackQuadCoupler
[LOG 17:45:12.780] Load MU model: Squad/Parts/Utility/stackCouplers/Assets/stackTriCoupler_v2
[LOG 17:45:12.785] Load MU model: Squad/Parts/Wheel/LandingGear/GearExtraLarge
[WRN 17:45:12.786] WheelCollider requires an attached Rigidbody to function.
[WRN 17:45:12.786] WheelCollider requires an attached Rigidbody to function.
[LOG 17:45:12.790] Load MU model: Squad/Parts/Wheel/LandingGear/GearFixed
[WRN 17:45:12.791] WheelCollider requires an attached Rigidbody to function.
[WRN 17:45:12.791] WheelCollider requires an attached Rigidbody to function.
[LOG 17:45:12.796] Load MU model: Squad/Parts/Wheel/LandingGear/GearFree
[WRN 17:45:12.796] WheelCollider requires an attached Rigidbody to function.
[WRN 17:45:12.796] WheelCollider requires an attached Rigidbody to function.
[LOG 17:45:12.801] Load MU model: Squad/Parts/Wheel/LandingGear/GearLarge
[WRN 17:45:12.801] WheelCollider requires an attached Rigidbody to function.
[WRN 17:45:12.801] WheelCollider requires an attached Rigidbody to function.
[LOG 17:45:12.807] Load MU model: Squad/Parts/Wheel/LandingGear/GearMedium
[WRN 17:45:12.807] WheelCollider requires an attached Rigidbody to function.
[WRN 17:45:12.807] WheelCollider requires an attached Rigidbody to function.
[LOG 17:45:12.813] Load MU model: Squad/Parts/Wheel/LandingGear/GearSmall
[WRN 17:45:12.813] WheelCollider requires an attached Rigidbody to function.
[WRN 17:45:12.813] WheelCollider requires an attached Rigidbody to function.
[LOG 17:45:12.817] Load MU model: Squad/Parts/Wheel/roverWheelM1/model
[WRN 17:45:12.817] WheelCollider requires an attached Rigidbody to function.
[WRN 17:45:12.818] WheelCollider requires an attached Rigidbody to function.
[LOG 17:45:12.823] Load MU model: Squad/Parts/Wheel/roverWheelS2/model
[WRN 17:45:12.823] WheelCollider requires an attached Rigidbody to function.
[WRN 17:45:12.823] WheelCollider requires an attached Rigidbody to function.
[LOG 17:45:12.828] Load MU model: Squad/Parts/Wheel/roverWheelTR-2L/model
[WRN 17:45:12.829] WheelCollider requires an attached Rigidbody to function.
[WRN 17:45:12.829] WheelCollider requires an attached Rigidbody to function.
[LOG 17:45:12.833] Load MU model: Squad/Parts/Wheel/roverWheelXL3/model
[WRN 17:45:12.834] WheelCollider requires an attached Rigidbody to function.
[WRN 17:45:12.834] WheelCollider requires an attached Rigidbody to function.
[LOG 17:45:12.839] Load MU model: Squad/Props/AltimeterThreeHands/model
[LOG 17:45:12.845] Load MU model: Squad/Props/AtmosphereDepth/model
[LOG 17:45:12.850] Load MU model: Squad/Props/AxisIndicator/model
[LOG 17:45:12.855] Load MU model: Squad/Props/buttonsGeneric/circularButton
[LOG 17:45:12.860] Load MU model: Squad/Props/buttonsGeneric/clusterButtons
[LOG 17:45:12.865] Load MU model: Squad/Props/buttonsGeneric/clusterButtons2
[LOG 17:45:12.870] Load MU model: Squad/Props/buttonsGeneric/clusterKnob
[LOG 17:45:12.875] Load MU model: Squad/Props/buttonsGeneric/clusterKnob2
[LOG 17:45:12.881] Load MU model: Squad/Props/buttonsGeneric/clusterMixed
[LOG 17:45:12.886] Load MU model: Squad/Props/buttonsGeneric/clusterSwitches01
[LOG 17:45:12.892] Load MU model: Squad/Props/buttonsGeneric/clusterSwitches02
[LOG 17:45:12.898] Load MU model: Squad/Props/buttonsGeneric/clusterSwitches03
[LOG 17:45:12.903] Load MU model: Squad/Props/buttonsGeneric/clusterSwitches04
[LOG 17:45:12.907] Load MU model: Squad/Props/buttonsGeneric/clusterSwitches05
[LOG 17:45:12.912] Load MU model: Squad/Props/buttonsGeneric/clusterSwitches06
[LOG 17:45:12.918] Load MU model: Squad/Props/buttonsGeneric/clusterSwitches07
[LOG 17:45:12.923] Load MU model: Squad/Props/buttonsGeneric/directionalKnob
[LOG 17:45:12.927] Load MU model: Squad/Props/buttonsGeneric/directionalKnob2
[LOG 17:45:12.932] Load MU model: Squad/Props/buttonsGeneric/pullSwitch
[LOG 17:45:12.937] Load MU model: Squad/Props/buttonsGeneric/squareButton
[LOG 17:45:12.942] Load MU model: Squad/Props/buttonsGeneric/standingSwitch
[LOG 17:45:12.947] Load MU model: Squad/Props/buttonsGeneric/switch
[LOG 17:45:12.953] Load MU model: Squad/Props/buttonsGeneric/switchWithGuards
[LOG 17:45:12.957] Load MU model: Squad/Props/ButtonSquare/model
[LOG 17:45:12.962] Load MU model: Squad/Props/circularButton/model
[LOG 17:45:12.967] Load MU model: Squad/Props/Compass/model
[LOG 17:45:12.971] Load MU model: Squad/Props/directionalKnob/model
[LOG 17:45:12.977] Load MU model: Squad/Props/directionalKnob2/model
[LOG 17:45:12.981] Load MU model: Squad/Props/IndicatorPanel/model
[LOG 17:45:12.986] Load MU model: Squad/Props/IVANavBall/model
[LOG 17:45:12.991] Load MU model: Squad/Props/IVANavBallNoBase/model
[LOG 17:45:12.996] Load MU model: Squad/Props/ledPanelSpeed/model
[LOG 17:45:13.001] Load MU model: Squad/Props/Monitor/MonitorDockingMode
[LOG 17:45:13.005] Load MU model: Squad/Props/NavBall/model
[LOG 17:45:13.011] Load MU model: Squad/Props/PropsGeneric/Button_DockingMode
[LOG 17:45:13.015] Load MU model: Squad/Props/PropsGeneric/CargoBagA
[LOG 17:45:13.021] Load MU model: Squad/Props/PropsGeneric/CargoBagB
[LOG 17:45:13.026] Load MU model: Squad/Props/PropsGeneric/CargoBagC
[LOG 17:45:13.030] Load MU model: Squad/Props/PropsGeneric/Hatch_Plane
[LOG 17:45:13.035] Load MU model: Squad/Props/PropsGeneric/Hatch_Plane_Curve90
[LOG 17:45:13.041] Load MU model: Squad/Props/PropsGeneric/Hatch_Plane_Frame
[LOG 17:45:13.046] Load MU model: Squad/Props/PropsGeneric/Seat_Passenger
[LOG 17:45:13.050] Load MU model: Squad/Props/PropsGeneric/Seat_Pilot
[LOG 17:45:13.055] Load MU model: Squad/Props/PropsGeneric/Seat_Pilot_Helmet
[LOG 17:45:13.061] Load MU model: Squad/Props/PropsGeneric/SideStick
[LOG 17:45:13.065] Load MU model: Squad/Props/pullSwitch/model
[LOG 17:45:13.069] Load MU model: Squad/Props/radarAltitude/model
[LOG 17:45:13.074] Load MU model: Squad/Props/squareButton/model
[LOG 17:45:13.079] Load MU model: Squad/Props/standingSwitch/model
[LOG 17:45:13.083] Load MU model: Squad/Props/switch/model
[LOG 17:45:13.088] Load MU model: Squad/Props/switchGuard/model
[LOG 17:45:13.094] Load MU model: Squad/Props/switchWithGuards/model
[LOG 17:45:13.099] Load MU model: Squad/Props/throttle/model
[LOG 17:45:13.104] Load MU model: Squad/Props/VSI/model
[LOG 17:45:13.111] Load MU model: Squad/Spaces/crewCabinInternals/model
[LOG 17:45:13.116] Load MU model: Squad/Spaces/cupolaInternal/model
[LOG 17:45:13.121] Load MU model: Squad/Spaces/GenericSpace1/model
[LOG 17:45:13.128] Load MU model: Squad/Spaces/GenericSpace3/model
[LOG 17:45:13.133] Load MU model: Squad/Spaces/landerCabinInternals/model
[LOG 17:45:13.139] Load MU model: Squad/Spaces/landerCabinSmallInternal/model
[LOG 17:45:13.143] Load MU model: Squad/Spaces/LargeCrewedLabInternals/Large_Crewed_lab_Int
[LOG 17:45:13.150] Load MU model: Squad/Spaces/Mk1-3/model
[LOG 17:45:13.156] Load MU model: Squad/Spaces/mk1CabinInternal/mk1cabin
[LOG 17:45:13.162] Load MU model: Squad/Spaces/mk1CockpitInternal/Mk1StandardIVA
[LOG 17:45:13.169] Load MU model: Squad/Spaces/mk1InlineInternal/Mk1InlineIVA
[LOG 17:45:13.172] Load MU model: Squad/Spaces/mk1PodCockpit/model
[LOG 17:45:13.187] Load MU model: Squad/Spaces/mk1pod_IVA/mk1pod_IVA
[LOG 17:45:13.192] Load MU model: Squad/Spaces/mk2CockpitStandardInternal/model
[LOG 17:45:13.199] Load MU model: Squad/Spaces/Mk2CrewCabinInternal/MK2_CrewCab_Int
[LOG 17:45:13.204] Load MU model: Squad/Spaces/mk2InlineInternal/mk2InlineIVA
[LOG 17:45:13.210] Load MU model: Squad/Spaces/mk2LanderCanInternal/mk2LanderCanInternal
[LOG 17:45:13.215] Load MU model: Squad/Spaces/MK3CockpitInternal/MK3_Cockpit_Int
[LOG 17:45:13.222] Load MU model: Squad/Spaces/MK3_CrewCab_Int/MK3_CrewCab_Int
[LOG 17:45:13.226] Load MU model: Squad/Spaces/OverlayMasks/CupolaMask
[LOG 17:45:13.232] Load MU model: Squad/Spaces/OverlayMasks/HitchhikerBorder
[LOG 17:45:13.237] Load MU model: Squad/Spaces/OverlayMasks/HitchhikerMask
[LOG 17:45:13.244] Load MU model: Squad/Spaces/OverlayMasks/LargeLabBorder
[LOG 17:45:13.249] Load MU model: Squad/Spaces/OverlayMasks/LargeLabMask
[LOG 17:45:13.253] Load MU model: Squad/Spaces/OverlayMasks/Mk1CabinBorder
[LOG 17:45:13.259] Load MU model: Squad/Spaces/OverlayMasks/Mk1CabinMask
[LOG 17:45:13.264] Load MU model: Squad/Spaces/OverlayMasks/Mk1InlineMask
[LOG 17:45:13.269] Load MU model: Squad/Spaces/OverlayMasks/Mk1InlineMask2
[LOG 17:45:13.274] Load MU model: Squad/Spaces/OverlayMasks/Mk1StandardBorder2
[LOG 17:45:13.280] Load MU model: Squad/Spaces/OverlayMasks/Mk1StandardBorder3
[LOG 17:45:13.285] Load MU model: Squad/Spaces/OverlayMasks/Mk1StandardMask
[LOG 17:45:13.290] Load MU model: Squad/Spaces/OverlayMasks/Mk1StandardMask2
[LOG 17:45:13.295] Load MU model: Squad/Spaces/OverlayMasks/Mk1StandardMask3
[LOG 17:45:13.301] Load MU model: Squad/Spaces/OverlayMasks/Mk2CabinBorder
[LOG 17:45:13.306] Load MU model: Squad/Spaces/OverlayMasks/Mk2CabinMask
[LOG 17:45:13.310] Load MU model: Squad/Spaces/OverlayMasks/Mk2InlineBorder
[LOG 17:45:13.315] Load MU model: Squad/Spaces/OverlayMasks/Mk2InlineMask
[LOG 17:45:13.321] Load MU model: Squad/Spaces/OverlayMasks/Mk2StandardBorder
[LOG 17:45:13.325] Load MU model: Squad/Spaces/OverlayMasks/Mk2StandardMask
[LOG 17:45:13.330] Load MU model: Squad/Spaces/OverlayMasks/Mk3CabinBorder
[LOG 17:45:13.335] Load MU model: Squad/Spaces/OverlayMasks/Mk3CabinMask
[LOG 17:45:13.341] Load MU model: Squad/Spaces/OverlayMasks/Mk3CabinMask2
[LOG 17:45:13.345] Load MU model: Squad/Spaces/OverlayMasks/Mk3ShuttleBorder
[LOG 17:45:13.350] Load MU model: Squad/Spaces/OverlayMasks/Mk3ShuttleMask
[LOG 17:45:13.355] Load MU model: Squad/Spaces/OverlayMasks/Size1LanderBorder
[LOG 17:45:13.360] Load MU model: Squad/Spaces/OverlayMasks/Size1LanderMask
[LOG 17:45:13.364] Load MU model: Squad/Spaces/OverlayMasks/Size1PodBorder
[LOG 17:45:13.369] Load MU model: Squad/Spaces/OverlayMasks/Size1PodMask
[LOG 17:45:13.375] Load MU model: Squad/Spaces/OverlayMasks/Size2LanderBorder
[LOG 17:45:13.380] Load MU model: Squad/Spaces/OverlayMasks/Size2LanderMask
[LOG 17:45:13.385] Load MU model: Squad/Spaces/OverlayMasks/Size2PodBorder
[LOG 17:45:13.390] Load MU model: Squad/Spaces/OverlayMasks/Size2PodMask
[LOG 17:45:13.394] Load MU model: Squad/Spaces/Placeholder/PlaceholderIVA
[LOG 17:45:13.399] Load MU model: Squad/Spaces/PodCockpit/model
[LOG 17:45:13.404] Load MU model: SquadExpansion/MakingHistory/Parts/Aero/protectiveRocketNoseMk5A/Size_1_5_Cone
[LOG 17:45:13.411] Load MU model: SquadExpansion/MakingHistory/Parts/Coupling/Assets/EnginePlate
[LOG 17:45:13.420] Load MU model: SquadExpansion/MakingHistory/Parts/Coupling/Assets/InflatableAirlock
[LOG 17:45:13.427] Load MU model: SquadExpansion/MakingHistory/Parts/Coupling/Assets/Size1_5_Decoupler
[LOG 17:45:13.433] Load MU model: SquadExpansion/MakingHistory/Parts/Engine/Assets/KE-1
[LOG 17:45:13.438] Load MU model: SquadExpansion/MakingHistory/Parts/Engine/Assets/LV-T87
[LOG 17:45:13.444] Load MU model: SquadExpansion/MakingHistory/Parts/Engine/Assets/LV-T91
[LOG 17:45:13.450] Load MU model: SquadExpansion/MakingHistory/Parts/Engine/Assets/RE-I2
[LOG 17:45:13.455] Load MU model: SquadExpansion/MakingHistory/Parts/Engine/Assets/RE-J10
[LOG 17:45:13.461] Load MU model: SquadExpansion/MakingHistory/Parts/Engine/Assets/RK-7
[LOG 17:45:13.466] Load MU model: SquadExpansion/MakingHistory/Parts/Engine/Assets/RV-1
[LOG 17:45:13.471] Load MU model: SquadExpansion/MakingHistory/Parts/Engine/solidBoosterTHK/solidBoosterTHK
[LOG 17:45:13.476] Load MU model: SquadExpansion/MakingHistory/Parts/FuelTank/Assets/MiniMonoTank
[LOG 17:45:13.481] Load MU model: SquadExpansion/MakingHistory/Parts/FuelTank/Assets/Size1_5_Size0_Adapter_01
[LOG 17:45:13.487] Load MU model: SquadExpansion/MakingHistory/Parts/FuelTank/Assets/Size1_5_Size1_Adapter_01
[LOG 17:45:13.493] Load MU model: SquadExpansion/MakingHistory/Parts/FuelTank/Assets/Size1_5_Size1_Adapter_02
[LOG 17:45:13.497] Load MU model: SquadExpansion/MakingHistory/Parts/FuelTank/Assets/Size1_5_Size2_Adapter_01
[LOG 17:45:13.502] Load MU model: SquadExpansion/MakingHistory/Parts/FuelTank/Assets/Size1_5_Tank_01
[LOG 17:45:13.507] Load MU model: SquadExpansion/MakingHistory/Parts/FuelTank/Assets/Size1_5_Tank_02
[LOG 17:45:13.512] Load MU model: SquadExpansion/MakingHistory/Parts/FuelTank/Assets/Size1_5_Tank_03
[LOG 17:45:13.517] Load MU model: SquadExpansion/MakingHistory/Parts/FuelTank/Assets/Size1_5_Tank_04
[LOG 17:45:13.522] Load MU model: SquadExpansion/MakingHistory/Parts/FuelTank/Assets/Size1_5_Tank_05
[LOG 17:45:13.528] Load MU model: SquadExpansion/MakingHistory/Parts/FuelTank/Assets/Size3_Size4_Adapter_01
[LOG 17:45:13.532] Load MU model: SquadExpansion/MakingHistory/Parts/FuelTank/Assets/Size4_EngineAdapter_01
[LOG 17:45:13.537] Load MU model: SquadExpansion/MakingHistory/Parts/FuelTank/Assets/Size4_Tank_01
[LOG 17:45:13.543] Load MU model: SquadExpansion/MakingHistory/Parts/FuelTank/Assets/Size4_Tank_02
[LOG 17:45:13.548] Load MU model: SquadExpansion/MakingHistory/Parts/FuelTank/Assets/Size4_Tank_03
[LOG 17:45:13.554] Load MU model: SquadExpansion/MakingHistory/Parts/FuelTank/Assets/Size4_Tank_04
[LOG 17:45:13.560] Load MU model: SquadExpansion/MakingHistory/Parts/FuelTank/Assets/Size_1p5_Monoprop
[LOG 17:45:13.565] Load MU model: SquadExpansion/MakingHistory/Parts/Ground/Assets/RoverWheel
[WRN 17:45:13.565] WheelCollider requires an attached Rigidbody to function.
[WRN 17:45:13.565] WheelCollider requires an attached Rigidbody to function.
[LOG 17:45:13.569] Load MU model: SquadExpansion/MakingHistory/Parts/Payload/Assets/ServiceModule18
[LOG 17:45:13.574] Load MU model: SquadExpansion/MakingHistory/Parts/Payload/Assets/ServiceModule25
[LOG 17:45:13.579] Load MU model: SquadExpansion/MakingHistory/Parts/Payload/Assets/Size1to0ServiceModule
[LOG 17:45:13.584] Load MU model: SquadExpansion/MakingHistory/Parts/Pods/Assets/Mk2Pod
[LOG 17:45:13.589] Load MU model: SquadExpansion/MakingHistory/Parts/Pods/Assets/RoundPod
[LOG 17:45:13.596] Load MU model: SquadExpansion/MakingHistory/Parts/Pods/Assets/Size1_5_Lander
[LOG 17:45:13.601] Load MU model: SquadExpansion/MakingHistory/Parts/SharedAssets/Shroud1p5x0
[LOG 17:45:13.605] Load MU model: SquadExpansion/MakingHistory/Parts/SharedAssets/Shroud1p5x1
[LOG 17:45:13.611] Load MU model: SquadExpansion/MakingHistory/Parts/SharedAssets/Shroud1p5x2
[LOG 17:45:13.618] Load MU model: SquadExpansion/MakingHistory/Parts/SharedAssets/Shroud1p5x3
[LOG 17:45:13.623] Load MU model: SquadExpansion/MakingHistory/Parts/SharedAssets/Shroud1p5x4
[LOG 17:45:13.628] Load MU model: SquadExpansion/MakingHistory/Parts/SharedAssets/Shroud1x0
[LOG 17:45:13.633] Load MU model: SquadExpansion/MakingHistory/Parts/SharedAssets/Shroud1x1
[LOG 17:45:13.639] Load MU model: SquadExpansion/MakingHistory/Parts/SharedAssets/Shroud1x2
[LOG 17:45:13.644] Load MU model: SquadExpansion/MakingHistory/Parts/SharedAssets/Shroud1x3
[LOG 17:45:13.649] Load MU model: SquadExpansion/MakingHistory/Parts/SharedAssets/Shroud1x4
[LOG 17:45:13.653] Load MU model: SquadExpansion/MakingHistory/Parts/SharedAssets/Shroud2x0
[LOG 17:45:13.660] Load MU model: SquadExpansion/MakingHistory/Parts/SharedAssets/Shroud2x1
[LOG 17:45:13.665] Load MU model: SquadExpansion/MakingHistory/Parts/SharedAssets/Shroud2x2
[LOG 17:45:13.671] Load MU model: SquadExpansion/MakingHistory/Parts/SharedAssets/Shroud2x3
[LOG 17:45:13.676] Load MU model: SquadExpansion/MakingHistory/Parts/SharedAssets/Shroud2x4
[LOG 17:45:13.681] Load MU model: SquadExpansion/MakingHistory/Parts/SharedAssets/Shroud3x0
[LOG 17:45:13.686] Load MU model: SquadExpansion/MakingHistory/Parts/SharedAssets/Shroud3x1
[LOG 17:45:13.690] Load MU model: SquadExpansion/MakingHistory/Parts/SharedAssets/Shroud3x2
[LOG 17:45:13.696] Load MU model: SquadExpansion/MakingHistory/Parts/SharedAssets/Shroud3x3
[LOG 17:45:13.702] Load MU model: SquadExpansion/MakingHistory/Parts/SharedAssets/Shroud3x4
[LOG 17:45:13.706] Load MU model: SquadExpansion/MakingHistory/Parts/SharedAssets/Shroud4x0
[LOG 17:45:13.711] Load MU model: SquadExpansion/MakingHistory/Parts/SharedAssets/Shroud4x1
[LOG 17:45:13.716] Load MU model: SquadExpansion/MakingHistory/Parts/SharedAssets/Shroud4x2
[LOG 17:45:13.721] Load MU model: SquadExpansion/MakingHistory/Parts/SharedAssets/Shroud4x3
[LOG 17:45:13.726] Load MU model: SquadExpansion/MakingHistory/Parts/SharedAssets/Shroud4x4
[LOG 17:45:13.732] Load MU model: SquadExpansion/MakingHistory/Parts/SharedAssets/ShroudCollider0
[LOG 17:45:13.737] Load MU model: SquadExpansion/MakingHistory/Parts/SharedAssets/ShroudCollider1
[LOG 17:45:13.742] Load MU model: SquadExpansion/MakingHistory/Parts/SharedAssets/ShroudCollider1p5
[LOG 17:45:13.746] Load MU model: SquadExpansion/MakingHistory/Parts/SharedAssets/ShroudCollider2
[LOG 17:45:13.753] Load MU model: SquadExpansion/MakingHistory/Parts/SharedAssets/ShroudCollider3
[LOG 17:45:13.756] Load MU model: SquadExpansion/MakingHistory/Parts/SharedAssets/ShroudCollider4
[LOG 17:45:13.761] Load MU model: SquadExpansion/MakingHistory/Parts/Structural/Assets/EquiTriangle0
[LOG 17:45:13.768] Load MU model: SquadExpansion/MakingHistory/Parts/Structural/Assets/EquiTriangle1
[LOG 17:45:13.772] Load MU model: SquadExpansion/MakingHistory/Parts/Structural/Assets/EquiTriangle1p5
[LOG 17:45:13.777] Load MU model: SquadExpansion/MakingHistory/Parts/Structural/Assets/EquiTriangle2
[LOG 17:45:13.782] Load MU model: SquadExpansion/MakingHistory/Parts/Structural/Assets/Panel0
[LOG 17:45:13.787] Load MU model: SquadExpansion/MakingHistory/Parts/Structural/Assets/Panel1
[LOG 17:45:13.792] Load MU model: SquadExpansion/MakingHistory/Parts/Structural/Assets/Panel1p5
[LOG 17:45:13.796] Load MU model: SquadExpansion/MakingHistory/Parts/Structural/Assets/Panel2
[LOG 17:45:13.802] Load MU model: SquadExpansion/MakingHistory/Parts/Structural/Assets/Triangle0
[LOG 17:45:13.807] Load MU model: SquadExpansion/MakingHistory/Parts/Structural/Assets/Triangle1
[LOG 17:45:13.812] Load MU model: SquadExpansion/MakingHistory/Parts/Structural/Assets/Triangle1p5
[LOG 17:45:13.816] Load MU model: SquadExpansion/MakingHistory/Parts/Structural/Assets/Triangle2
[LOG 17:45:13.821] Load MU model: SquadExpansion/MakingHistory/Parts/Utility/flags/flagSize1p5/flagSize1p5Meshes
[LOG 17:45:13.826] Load MU model: SquadExpansion/MakingHistory/Parts/Utility/flags/flagSize4/flagSize4Meshes
[LOG 17:45:13.832] Load MU model: SquadExpansion/MakingHistory/Spaces/KVPods/Airlock_IVA
[LOG 17:45:13.838] Load MU model: SquadExpansion/MakingHistory/Spaces/KVPods/KV1_IVA
[LOG 17:45:13.844] Load MU model: SquadExpansion/MakingHistory/Spaces/KVPods/KV2_IVA
[LOG 17:45:13.850] Load MU model: SquadExpansion/MakingHistory/Spaces/KVPods/KV3_IVA
[LOG 17:45:13.855] Load MU model: SquadExpansion/MakingHistory/Spaces/MEM/MEM_IVA
[LOG 17:45:13.861] Load MU model: SquadExpansion/MakingHistory/Spaces/Mk2Pod/MK2POD_IVA
[LOG 17:45:13.866] Load MU model: SquadExpansion/Serenity/Parts/Aero/Assets/FanShroud_01
[LOG 17:45:13.871] Load MU model: SquadExpansion/Serenity/Parts/Aero/Assets/FanShroud_02
[LOG 17:45:13.878] Load MU model: SquadExpansion/Serenity/Parts/Aero/Assets/FanShroud_03
[LOG 17:45:13.883] Load MU model: SquadExpansion/Serenity/Parts/Aero/Assets/noseconeTiny
[LOG 17:45:13.888] Load MU model: SquadExpansion/Serenity/Parts/Aero/Assets/noseconeVS
[LOG 17:45:13.893] Load MU model: SquadExpansion/Serenity/Parts/DeployedScience/Assets/CentralStation
[LOG 17:45:13.899] Load MU model: SquadExpansion/Serenity/Parts/DeployedScience/Assets/GoExOb
[LOG 17:45:13.905] Load MU model: SquadExpansion/Serenity/Parts/DeployedScience/Assets/IonExperiment
[LOG 17:45:13.911] Load MU model: SquadExpansion/Serenity/Parts/DeployedScience/Assets/RTGCask
[LOG 17:45:13.917] Load MU model: SquadExpansion/Serenity/Parts/DeployedScience/Assets/satDish
[LOG 17:45:13.924] Load MU model: SquadExpansion/Serenity/Parts/DeployedScience/Assets/seismicSensor
[LOG 17:45:13.928] Load MU model: SquadExpansion/Serenity/Parts/DeployedScience/Assets/solarPanel
[LOG 17:45:13.934] Load MU model: SquadExpansion/Serenity/Parts/DeployedScience/Assets/WeatherStation
[LOG 17:45:13.940] Load MU model: SquadExpansion/Serenity/Parts/Propellers/Assets/largeFanBlade
[LOG 17:45:13.945] Load MU model: SquadExpansion/Serenity/Parts/Propellers/Assets/largeHeliBlade
[LOG 17:45:13.951] Load MU model: SquadExpansion/Serenity/Parts/Propellers/Assets/largePropeller
[LOG 17:45:13.955] Load MU model: SquadExpansion/Serenity/Parts/Propellers/Assets/mediumFanBlade
[LOG 17:45:13.961] Load MU model: SquadExpansion/Serenity/Parts/Propellers/Assets/mediumHeliBlade
[LOG 17:45:13.965] Load MU model: SquadExpansion/Serenity/Parts/Propellers/Assets/mediumPropeller
[LOG 17:45:13.970] Load MU model: SquadExpansion/Serenity/Parts/Propellers/Assets/smallFanBlade
[LOG 17:45:13.977] Load MU model: SquadExpansion/Serenity/Parts/Propellers/Assets/smallHeliBlade
[LOG 17:45:13.983] Load MU model: SquadExpansion/Serenity/Parts/Propellers/Assets/smallPropeller
[LOG 17:45:13.988] Load MU model: SquadExpansion/Serenity/Parts/Robotics/Assets/hinge_01
[LOG 17:45:13.993] Load MU model: SquadExpansion/Serenity/Parts/Robotics/Assets/hinge_01_s
[LOG 17:45:13.999] Load MU model: SquadExpansion/Serenity/Parts/Robotics/Assets/hinge_03
[LOG 17:45:14.004] Load MU model: SquadExpansion/Serenity/Parts/Robotics/Assets/hinge_03_s
[LOG 17:45:14.009] Load MU model: SquadExpansion/Serenity/Parts/Robotics/Assets/hinge_04
[LOG 17:45:14.014] Load MU model: SquadExpansion/Serenity/Parts/Robotics/Assets/piston_01
[LOG 17:45:14.020] Load MU model: SquadExpansion/Serenity/Parts/Robotics/Assets/piston_02
[LOG 17:45:14.024] Load MU model: SquadExpansion/Serenity/Parts/Robotics/Assets/piston_03
[LOG 17:45:14.029] Load MU model: SquadExpansion/Serenity/Parts/Robotics/Assets/piston_04
[LOG 17:45:14.034] Load MU model: SquadExpansion/Serenity/Parts/Robotics/Assets/RotorEngine_02
[LOG 17:45:14.040] Load MU model: SquadExpansion/Serenity/Parts/Robotics/Assets/RotorEngine_03
[LOG 17:45:14.045] Load MU model: SquadExpansion/Serenity/Parts/Robotics/Assets/rotor_01
[LOG 17:45:14.069] Load MU model: SquadExpansion/Serenity/Parts/Robotics/Assets/rotor_01s
[LOG 17:45:14.075] Load MU model: SquadExpansion/Serenity/Parts/Robotics/Assets/rotor_02
[LOG 17:45:14.080] Load MU model: SquadExpansion/Serenity/Parts/Robotics/Assets/rotor_02s
[LOG 17:45:14.086] Load MU model: SquadExpansion/Serenity/Parts/Robotics/Assets/rotor_03
[LOG 17:45:14.092] Load MU model: SquadExpansion/Serenity/Parts/Robotics/Assets/rotor_03s
[LOG 17:45:14.096] Load MU model: SquadExpansion/Serenity/Parts/Robotics/Assets/RotoServo_00
[LOG 17:45:14.101] Load MU model: SquadExpansion/Serenity/Parts/Robotics/Assets/RotoServo_02
[LOG 17:45:14.108] Load MU model: SquadExpansion/Serenity/Parts/Robotics/Assets/RotoServo_03
[LOG 17:45:14.113] Load MU model: SquadExpansion/Serenity/Parts/Robotics/Assets/RotoServo_04
[LOG 17:45:14.117] Load MU model: SquadExpansion/Serenity/Parts/Robotics/Controllers/controller1000
[LOG 17:45:14.123] Load MU model: SquadExpansion/Serenity/Parts/Science/RobotArmScanner/Assets/ROCArm_01
[LOG 17:45:14.129] Load MU model: SquadExpansion/Serenity/Parts/Science/RobotArmScanner/Assets/ROCArm_02
[LOG 17:45:14.134] Load MU model: SquadExpansion/Serenity/Parts/Science/RobotArmScanner/Assets/ROCArm_03
[LOG 17:45:14.140] Load MU model: SquadExpansion/Serenity/Parts/Structural/gripPads/Assets/lGripPad
[LOG 17:45:14.145] Load MU model: SquadExpansion/Serenity/Parts/Structural/gripPads/Assets/lGripStrip
[LOG 17:45:14.151] Load MU model: SquadExpansion/Serenity/Parts/Structural/gripPads/Assets/mGripPad
[LOG 17:45:14.155] Load MU model: SquadExpansion/Serenity/Parts/Structural/gripPads/Assets/sGripPad
[LOG 17:45:14.161] Load MU model: SquadExpansion/Serenity/Parts/Structural/gripPads/Assets/sGripStrip
[LOG 17:45:14.162] Loading Asset Bundle Definitions
[LOG 17:45:14.163] AssetLoader: Loading bundle definitions
[LOG 17:45:14.260] AssetLoader: Loaded bundle 'squadcore'
[LOG 17:45:14.260] AssetLoader: Loaded bundle 'squadcorefx'
[LOG 17:45:14.261] AssetLoader: Loaded mod bundle 'kspedia'
[LOG 17:45:14.261] AssetLoader: Loaded mod bundle 'kspedia_actionsets'
[LOG 17:45:14.261] AssetLoader: Loaded mod bundle 'kspedia_aircraft'
[LOG 17:45:14.261] AssetLoader: Loaded mod bundle 'kspedia_aircraftbasics'
[LOG 17:45:14.261] AssetLoader: Loaded mod bundle 'kspedia_aircraftbasicsbalance'
[LOG 17:45:14.261] AssetLoader: Loaded mod bundle 'kspedia_aircraftbasicsbalance2'
[LOG 17:45:14.262] AssetLoader: Loaded mod bundle 'kspedia_aircraftbasicscol'
[LOG 17:45:14.262] AssetLoader: Loaded mod bundle 'kspedia_aircraftbasicscontrol'
[LOG 17:45:14.262] AssetLoader: Loaded mod bundle 'kspedia_aircraftbasicscontrolsurfaces'
[LOG 17:45:14.262] AssetLoader: Loaded mod bundle 'kspedia_aircraftbasicsdrag'
[LOG 17:45:14.262] AssetLoader: Loaded mod bundle 'kspedia_aircraftbasicsengines'
[LOG 17:45:14.262] AssetLoader: Loaded mod bundle 'kspedia_aircraftbasicsforces'
[LOG 17:45:14.263] AssetLoader: Loaded mod bundle 'kspedia_aircraftbasicsintakes'
[LOG 17:45:14.263] AssetLoader: Loaded mod bundle 'kspedia_aircraftbasicslandinggear'
[LOG 17:45:14.263] AssetLoader: Loaded mod bundle 'kspedia_aircraftbasicslift'
[LOG 17:45:14.263] AssetLoader: Loaded mod bundle 'kspedia_axisgroups'
[LOG 17:45:14.263] AssetLoader: Loaded mod bundle 'kspedia_career'
[LOG 17:45:14.264] AssetLoader: Loaded mod bundle 'kspedia_careerbasicscontracts'
[LOG 17:45:14.264] AssetLoader: Loaded mod bundle 'kspedia_careerbasicscrew'
[LOG 17:45:14.264] AssetLoader: Loaded mod bundle 'kspedia_careerbasicscurrencies'
[LOG 17:45:14.264] AssetLoader: Loaded mod bundle 'kspedia_careerbasicsexperience'
[LOG 17:45:14.264] AssetLoader: Loaded mod bundle 'kspedia_careerbasicsfacilities'
[LOG 17:45:14.265] AssetLoader: Loaded mod bundle 'kspedia_careerbasicsstrategies'
[LOG 17:45:14.265] AssetLoader: Loaded mod bundle 'kspedia_careerbasicstechnology'
[LOG 17:45:14.265] AssetLoader: Loaded mod bundle 'kspedia_careerui-ac'
[LOG 17:45:14.265] AssetLoader: Loaded mod bundle 'kspedia_careerui-admin'
[LOG 17:45:14.265] AssetLoader: Loaded mod bundle 'kspedia_careerui-ksc'
[LOG 17:45:14.265] AssetLoader: Loaded mod bundle 'kspedia_careerui-mc'
[LOG 17:45:14.266] AssetLoader: Loaded mod bundle 'kspedia_careerui-sciencearchives'
[LOG 17:45:14.266] AssetLoader: Loaded mod bundle 'kspedia_careerui-techtree'
[LOG 17:45:14.266] AssetLoader: Loaded mod bundle 'kspedia_careerui-ts'
[LOG 17:45:14.266] AssetLoader: Loaded mod bundle 'kspedia_careerui'
[LOG 17:45:14.266] AssetLoader: Loaded mod bundle 'kspedia_cargoapp'
[LOG 17:45:14.266] AssetLoader: Loaded mod bundle 'kspedia_cargomode'
[LOG 17:45:14.267] AssetLoader: Loaded mod bundle 'kspedia_cargosystem-placeableparts'
[LOG 17:45:14.267] AssetLoader: Loaded mod bundle 'kspedia_cargosystem'
[LOG 17:45:14.267] AssetLoader: Loaded mod bundle 'kspedia_chute'
[LOG 17:45:14.267] AssetLoader: Loaded mod bundle 'kspedia_commnet'
[LOG 17:45:14.267] AssetLoader: Loaded mod bundle 'kspedia_commnetbasics'
[LOG 17:45:14.267] AssetLoader: Loaded mod bundle 'kspedia_commnetbuildingeffectivenetworks'
[LOG 17:45:14.268] AssetLoader: Loaded mod bundle 'kspedia_commnetcalculatingrange'
[LOG 17:45:14.268] AssetLoader: Loaded mod bundle 'kspedia_commnetcontrollevels'
[LOG 17:45:14.268] AssetLoader: Loaded mod bundle 'kspedia_commnetcontrollinks'
[LOG 17:45:14.268] AssetLoader: Loaded mod bundle 'kspedia_commnetcontrolpoints'
[LOG 17:45:14.268] AssetLoader: Loaded mod bundle 'kspedia_commnetgui'
[LOG 17:45:14.268] AssetLoader: Loaded mod bundle 'kspedia_commnetgui01'
[LOG 17:45:14.268] AssetLoader: Loaded mod bundle 'kspedia_commnetgui02'
[LOG 17:45:14.269] AssetLoader: Loaded mod bundle 'kspedia_commnetrange'
[LOG 17:45:14.269] AssetLoader: Loaded mod bundle 'kspedia_commnetrelays'
[LOG 17:45:14.269] AssetLoader: Loaded mod bundle 'kspedia_commnetsciencetransmission'
[LOG 17:45:14.269] AssetLoader: Loaded mod bundle 'kspedia_commnetsignalstrength'
[LOG 17:45:14.269] AssetLoader: Loaded mod bundle 'kspedia_commnettransmission'
[LOG 17:45:14.270] AssetLoader: Loaded mod bundle 'kspedia_constructionui-actiongroups'
[LOG 17:45:14.270] AssetLoader: Loaded mod bundle 'kspedia_constructionui-applauncher'
[LOG 17:45:14.270] AssetLoader: Loaded mod bundle 'kspedia_constructionui-crew'
[LOG 17:45:14.270] AssetLoader: Loaded mod bundle 'kspedia_constructionui-engineersreport'
[LOG 17:45:14.270] AssetLoader: Loaded mod bundle 'kspedia_constructionui-gizmos'
[LOG 17:45:14.271] AssetLoader: Loaded mod bundle 'kspedia_constructionui-infos'
[LOG 17:45:14.271] AssetLoader: Loaded mod bundle 'kspedia_constructionui-partdetails'
[LOG 17:45:14.271] AssetLoader: Loaded mod bundle 'kspedia_constructionui-parts'
[LOG 17:45:14.271] AssetLoader: Loaded mod bundle 'kspedia_constructionui-symmetry'
[LOG 17:45:14.271] AssetLoader: Loaded mod bundle 'kspedia_constructionui-vesseldetails'
[LOG 17:45:14.271] AssetLoader: Loaded mod bundle 'kspedia_constructionui'
[LOG 17:45:14.272] AssetLoader: Loaded mod bundle 'kspedia_controls-dockingmode'
[LOG 17:45:14.272] AssetLoader: Loaded mod bundle 'kspedia_controls-editor'
[LOG 17:45:14.272] AssetLoader: Loaded mod bundle 'kspedia_controls-editorgizmos'
[LOG 17:45:14.272] AssetLoader: Loaded mod bundle 'kspedia_controls-eva'
[LOG 17:45:14.273] AssetLoader: Loaded mod bundle 'kspedia_controls-flight'
[LOG 17:45:14.273] AssetLoader: Loaded mod bundle 'kspedia_controls-flightactivities'
[LOG 17:45:14.273] AssetLoader: Loaded mod bundle 'kspedia_controls-flightdirections'
[LOG 17:45:14.273] AssetLoader: Loaded mod bundle 'kspedia_controls-general'
[LOG 17:45:14.273] AssetLoader: Loaded mod bundle 'kspedia_controls-mapandtime'
[LOG 17:45:14.273] AssetLoader: Loaded mod bundle 'kspedia_controls-mouseconstruction'
[LOG 17:45:14.274] AssetLoader: Loaded mod bundle 'kspedia_controls-mouseflight'
[LOG 17:45:14.274] AssetLoader: Loaded mod bundle 'kspedia_controls-rcs'
[LOG 17:45:14.274] AssetLoader: Loaded mod bundle 'kspedia_controls'
[LOG 17:45:14.274] AssetLoader: Loaded mod bundle 'kspedia_eastereggs'
[LOG 17:45:14.274] AssetLoader: Loaded mod bundle 'kspedia_evaconstructionmode'
[LOG 17:45:14.275] AssetLoader: Loaded mod bundle 'kspedia_facilities-ac'
[LOG 17:45:14.275] AssetLoader: Loaded mod bundle 'kspedia_facilities-admin'
[LOG 17:45:14.275] AssetLoader: Loaded mod bundle 'kspedia_facilities-context'
[LOG 17:45:14.275] AssetLoader: Loaded mod bundle 'kspedia_facilities-ksc'
[LOG 17:45:14.275] AssetLoader: Loaded mod bundle 'kspedia_facilities-launchpad'
[LOG 17:45:14.276] AssetLoader: Loaded mod bundle 'kspedia_facilities-mc'
[LOG 17:45:14.276] AssetLoader: Loaded mod bundle 'kspedia_facilities-randd'
[LOG 17:45:14.276] AssetLoader: Loaded mod bundle 'kspedia_facilities-runway'
[LOG 17:45:14.276] AssetLoader: Loaded mod bundle 'kspedia_facilities-sph'
[LOG 17:45:14.276] AssetLoader: Loaded mod bundle 'kspedia_facilities-ts'
[LOG 17:45:14.276] AssetLoader: Loaded mod bundle 'kspedia_facilities-vab'
[LOG 17:45:14.278] AssetLoader: Loaded mod bundle 'kspedia_flightui-altimeter'
[LOG 17:45:14.278] AssetLoader: Loaded mod bundle 'kspedia_flightui-applauncher'
[LOG 17:45:14.278] AssetLoader: Loaded mod bundle 'kspedia_flightui-evaactivities'
[LOG 17:45:14.278] AssetLoader: Loaded mod bundle 'kspedia_flightui-maneuvermodeeditor'
[LOG 17:45:14.278] AssetLoader: Loaded mod bundle 'kspedia_flightui-maneuvermodeeditorcont'
[LOG 17:45:14.279] AssetLoader: Loaded mod bundle 'kspedia_flightui-maneuvermodeorbit'
[LOG 17:45:14.279] AssetLoader: Loaded mod bundle 'kspedia_flightui-maneuvertoolinfo'
[LOG 17:45:14.279] AssetLoader: Loaded mod bundle 'kspedia_flightui-maneuvertoolmain'
[LOG 17:45:14.279] AssetLoader: Loaded mod bundle 'kspedia_flightui-modecontrol'
[LOG 17:45:14.280] AssetLoader: Loaded mod bundle 'kspedia_flightui-navball'
[LOG 17:45:14.280] AssetLoader: Loaded mod bundle 'kspedia_flightui-partrepairs'
[LOG 17:45:14.280] AssetLoader: Loaded mod bundle 'kspedia_flightui-portraits'
[LOG 17:45:14.280] AssetLoader: Loaded mod bundle 'kspedia_flightui-staging'
[LOG 17:45:14.280] AssetLoader: Loaded mod bundle 'kspedia_flightui-timeandaction'
[LOG 17:45:14.281] AssetLoader: Loaded mod bundle 'kspedia_flightui'
[LOG 17:45:14.281] AssetLoader: Loaded mod bundle 'kspedia_heat'
[LOG 17:45:14.281] AssetLoader: Loaded mod bundle 'kspedia_heatactiveradiators'
[LOG 17:45:14.281] AssetLoader: Loaded mod bundle 'kspedia_heatengines'
[LOG 17:45:14.281] AssetLoader: Loaded mod bundle 'kspedia_heatflow'
[LOG 17:45:14.282] AssetLoader: Loaded mod bundle 'kspedia_heatpart'
[LOG 17:45:14.282] AssetLoader: Loaded mod bundle 'kspedia_heatpassiveradiators'
[LOG 17:45:14.282] AssetLoader: Loaded mod bundle 'kspedia_heatshields'
[LOG 17:45:14.282] AssetLoader: Loaded mod bundle 'kspedia_kerbnet'
[LOG 17:45:14.282] AssetLoader: Loaded mod bundle 'kspedia_kerbnetinterface'
[LOG 17:45:14.283] AssetLoader: Loaded mod bundle 'kspedia_kerbnetmodes'
[LOG 17:45:14.283] AssetLoader: Loaded mod bundle 'kspedia_kerbnetwaypoints'
[LOG 17:45:14.283] AssetLoader: Loaded mod bundle 'kspedia_locations'
[LOG 17:45:14.283] AssetLoader: Loaded mod bundle 'kspedia_manual'
[LOG 17:45:14.283] AssetLoader: Loaded mod bundle 'kspedia_mapui-alarmclockcreation'
[LOG 17:45:14.284] AssetLoader: Loaded mod bundle 'kspedia_mapui-alarmclockmain'
[LOG 17:45:14.284] AssetLoader: Loaded mod bundle 'kspedia_mapui-burnindicator'
[LOG 17:45:14.284] AssetLoader: Loaded mod bundle 'kspedia_mapui-dvtoolsflight'
[LOG 17:45:14.284] AssetLoader: Loaded mod bundle 'kspedia_mapui-dvtoolsvab'
[LOG 17:45:14.284] AssetLoader: Loaded mod bundle 'kspedia_mapui-mannodes'
[LOG 17:45:14.284] AssetLoader: Loaded mod bundle 'kspedia_mapui-orbitnodes'
[LOG 17:45:14.285] AssetLoader: Loaded mod bundle 'kspedia_mapui-orbitnodes2'
[LOG 17:45:14.285] AssetLoader: Loaded mod bundle 'kspedia_mapui'
[LOG 17:45:14.285] AssetLoader: Loaded mod bundle 'kspedia_orbitalbasics-atmosphere'
[LOG 17:45:14.285] AssetLoader: Loaded mod bundle 'kspedia_orbitalbasics-gettingbackdown'
[LOG 17:45:14.285] AssetLoader: Loaded mod bundle 'kspedia_orbitalbasics-gettingupthere'
[LOG 17:45:14.285] AssetLoader: Loaded mod bundle 'kspedia_orbitalbasics-gravityturn'
[LOG 17:45:14.285] AssetLoader: Loaded mod bundle 'kspedia_orbitalbasics-orbits'
[LOG 17:45:14.285] AssetLoader: Loaded mod bundle 'kspedia_orbitalbasics-stayingupthere'
[LOG 17:45:14.286] AssetLoader: Loaded mod bundle 'kspedia_orbitalbasics'
[LOG 17:45:14.286] AssetLoader: Loaded mod bundle 'kspedia_orbitaldefinitions-appe'
[LOG 17:45:14.286] AssetLoader: Loaded mod bundle 'kspedia_orbitaldefinitions-dirandinc'
[LOG 17:45:14.286] AssetLoader: Loaded mod bundle 'kspedia_orbitaldefinitions-directions'
[LOG 17:45:14.286] AssetLoader: Loaded mod bundle 'kspedia_orbitaldefinitions-eccentricity'
[LOG 17:45:14.286] AssetLoader: Loaded mod bundle 'kspedia_orbitaldefinitions'
[LOG 17:45:14.287] AssetLoader: Loaded mod bundle 'kspedia_orbitalmaneuvers-adjustinginclination'
[LOG 17:45:14.287] AssetLoader: Loaded mod bundle 'kspedia_orbitalmaneuvers-deltav'
[LOG 17:45:14.288] AssetLoader: Loaded mod bundle 'kspedia_orbitalmaneuvers-efficiency'
[LOG 17:45:14.288] AssetLoader: Loaded mod bundle 'kspedia_orbitalmaneuvers-hohmanntransfer'
[LOG 17:45:14.288] AssetLoader: Loaded mod bundle 'kspedia_orbitalmaneuvers-hohmanntransfer2'
[LOG 17:45:14.288] AssetLoader: Loaded mod bundle 'kspedia_orbitalmaneuvers-orbittypes'
[LOG 17:45:14.288] AssetLoader: Loaded mod bundle 'kspedia_orbitalmaneuvers-radandantirad'
[LOG 17:45:14.288] AssetLoader: Loaded mod bundle 'kspedia_orbitalmaneuvers-shapingup'
[LOG 17:45:14.289] AssetLoader: Loaded mod bundle 'kspedia_orbitalmaneuvers'
[LOG 17:45:14.289] AssetLoader: Loaded mod bundle 'kspedia_planets-dres'
[LOG 17:45:14.289] AssetLoader: Loaded mod bundle 'kspedia_planets-duna'
[LOG 17:45:14.289] AssetLoader: Loaded mod bundle 'kspedia_planets-eeloo'
[LOG 17:45:14.289] AssetLoader: Loaded mod bundle 'kspedia_planets-eve'
[LOG 17:45:14.289] AssetLoader: Loaded mod bundle 'kspedia_planets-jool'
[LOG 17:45:14.290] AssetLoader: Loaded mod bundle 'kspedia_planets-kerbin'
[LOG 17:45:14.290] AssetLoader: Loaded mod bundle 'kspedia_planets-moho'
[LOG 17:45:14.290] AssetLoader: Loaded mod bundle 'kspedia_planets-sun'
[LOG 17:45:14.290] AssetLoader: Loaded mod bundle 'kspedia_planets-system'
[LOG 17:45:14.290] AssetLoader: Loaded mod bundle 'kspedia_resources-asteroidmining'
[LOG 17:45:14.290] AssetLoader: Loaded mod bundle 'kspedia_resources-conversionmanagement'
[LOG 17:45:14.291] AssetLoader: Loaded mod bundle 'kspedia_resources-drilling'
[LOG 17:45:14.291] AssetLoader: Loaded mod bundle 'kspedia_resources-findingit'
[LOG 17:45:14.291] AssetLoader: Loaded mod bundle 'kspedia_resources-findingit2'
[LOG 17:45:14.291] AssetLoader: Loaded mod bundle 'kspedia_resources-storageandconversion'
[LOG 17:45:14.291] AssetLoader: Loaded mod bundle 'kspedia_resources'
[LOG 17:45:14.291] AssetLoader: Loaded mod bundle 'kspedia_rocketry'
[LOG 17:45:14.292] AssetLoader: Loaded mod bundle 'kspedia_rocketryadvanced-fairings'
[LOG 17:45:14.292] AssetLoader: Loaded mod bundle 'kspedia_rocketryadvanced-girders'
[LOG 17:45:14.292] AssetLoader: Loaded mod bundle 'kspedia_rocketryadvanced'
[LOG 17:45:14.292] AssetLoader: Loaded mod bundle 'kspedia_rocketrybasics'
[LOG 17:45:14.292] AssetLoader: Loaded mod bundle 'kspedia_rocketrybasicsaero'
[LOG 17:45:14.292] AssetLoader: Loaded mod bundle 'kspedia_rocketrybasicscentered'
[LOG 17:45:14.293] AssetLoader: Loaded mod bundle 'kspedia_rocketrybasicschutes'
[LOG 17:45:14.293] AssetLoader: Loaded mod bundle 'kspedia_rocketrybasicscontrol'
[LOG 17:45:14.293] AssetLoader: Loaded mod bundle 'kspedia_rocketrybasicsecrecharging'
[LOG 17:45:14.293] AssetLoader: Loaded mod bundle 'kspedia_rocketrybasicsengines'
[LOG 17:45:14.293] AssetLoader: Loaded mod bundle 'kspedia_rocketrybasicsforces'
[LOG 17:45:14.293] AssetLoader: Loaded mod bundle 'kspedia_rocketrybasicshatchesandladders'
[LOG 17:45:14.294] AssetLoader: Loaded mod bundle 'kspedia_rocketrybasicshibernation'
[LOG 17:45:14.294] AssetLoader: Loaded mod bundle 'kspedia_rocketrybasicsresources'
[LOG 17:45:14.294] AssetLoader: Loaded mod bundle 'kspedia_rocketrybasicsservicecontainers'
[LOG 17:45:14.294] AssetLoader: Loaded mod bundle 'kspedia_rocketrybasicsstability'
[LOG 17:45:14.294] AssetLoader: Loaded mod bundle 'kspedia_rocketrybasicsstabilityassist'
[LOG 17:45:14.295] AssetLoader: Loaded mod bundle 'kspedia_rocketrybasicsstaging'
[LOG 17:45:14.295] AssetLoader: Loaded mod bundle 'kspedia_rocketrybasicssymmetry'
[LOG 17:45:14.295] AssetLoader: Loaded mod bundle 'kspedia_science'
[LOG 17:45:14.295] AssetLoader: Loaded mod bundle 'kspedia_sciencedata'
[LOG 17:45:14.295] AssetLoader: Loaded mod bundle 'kspedia_scienceexperiments'
[LOG 17:45:14.295] AssetLoader: Loaded mod bundle 'kspedia_sciencelab'
[LOG 17:45:14.295] AssetLoader: Loaded mod bundle 'kspedia_sciencetransmitted'
[LOG 17:45:14.295] AssetLoader: Loaded mod bundle 'kspedia_spacetravel'
[LOG 17:45:14.295] AssetLoader: Loaded mod bundle 'kspedia_variantswitcher'
[LOG 17:45:14.296] AssetLoader: Loaded mod bundle 'kspfonts'
[LOG 17:45:14.430] AssetLoader: Loaded bundle 'squadcore'
[LOG 17:45:14.430] AssetLoader: Loaded bundle 'squadcorefx'
[LOG 17:45:14.431] AssetLoader: Loaded mod bundle 'kspedia_builder'
[LOG 17:45:14.431] AssetLoader: Loaded mod bundle 'kspedia_buildertoolbar'
[LOG 17:45:14.431] AssetLoader: Loaded mod bundle 'kspedia_canvas'
[LOG 17:45:14.431] AssetLoader: Loaded mod bundle 'kspedia_exportingvalidation'
[LOG 17:45:14.432] AssetLoader: Loaded mod bundle 'kspedia_flight'
[LOG 17:45:14.432] AssetLoader: Loaded mod bundle 'kspedia_flightapp'
[LOG 17:45:14.432] AssetLoader: Loaded mod bundle 'kspedia_gap'
[LOG 17:45:14.432] AssetLoader: Loaded mod bundle 'kspedia_gaptools'
[LOG 17:45:14.432] AssetLoader: Loaded mod bundle 'kspedia_makinghistory'
[LOG 17:45:14.433] AssetLoader: Loaded mod bundle 'kspedia_missionbriefing'
[LOG 17:45:14.433] AssetLoader: Loaded mod bundle 'kspedia_nodedocking'
[LOG 17:45:14.433] AssetLoader: Loaded mod bundle 'kspedia_nodesconnectors'
[LOG 17:45:14.433] AssetLoader: Loaded mod bundle 'kspedia_sap'
[LOG 17:45:14.434] AssetLoader: Loaded mod bundle 'kspedia_sidebar'
[LOG 17:45:14.434] AssetLoader: Loaded mod bundle 'kspedia_testingcheckpoints'
[LOG 17:45:14.434] AssetLoader: Loaded bundle 'makinghistory'
[LOG 17:45:14.434] AssetLoader: Loaded mod bundle 'kspedia_bladecyclic-collective-behaviour'
[LOG 17:45:14.434] AssetLoader: Loaded mod bundle 'kspedia_bladecyclic-collective-controls'
[LOG 17:45:14.435] AssetLoader: Loaded mod bundle 'kspedia_deployedscience-experiments'
[LOG 17:45:14.435] AssetLoader: Loaded mod bundle 'kspedia_deployedscience'
[LOG 17:45:14.435] AssetLoader: Loaded mod bundle 'kspedia_grippads'
[LOG 17:45:14.435] AssetLoader: Loaded mod bundle 'kspedia_layindtracks'
[LOG 17:45:14.436] AssetLoader: Loaded mod bundle 'kspedia_propellers'
[LOG 17:45:14.436] AssetLoader: Loaded mod bundle 'kspedia_propellersaerodynamics'
[LOG 17:45:14.436] AssetLoader: Loaded mod bundle 'kspedia_roboticcontroller'
[LOG 17:45:14.437] AssetLoader: Loaded mod bundle 'kspedia_roboticparts'
[LOG 17:45:14.437] AssetLoader: Loaded mod bundle 'kspedia_surface features-overview'
[LOG 17:45:14.437] AssetLoader: Loaded mod bundle 'kspedia_surface features-roverarmdetails'
[LOG 17:45:14.437] AssetLoader: Loaded mod bundle 'kspedia_trackeditor'
[LOG 17:45:14.438] AssetLoader: Loaded mod bundle 'kspedia_trackeditortoolbar'
[LOG 17:45:14.438] AssetLoader: Loaded mod bundle 'serenity'
[LOG 17:45:14.439] AssetLoader: Finished loading. 226 bundle definitions loaded.
[LOG 17:45:14.439] Compiling Configs:
[LOG 17:45:14.439] Config(PHYSICSGLOBALS) /Physics/PHYSICSGLOBALS
[LOG 17:45:14.440] Config(KSP_COMMUNITY_FIXES) KSPCommunityFixes/Settings/KSP_COMMUNITY_FIXES
[LOG 17:45:14.440] Config(Localization) KSPCommunityFixes/Localization/en-us/Localization
[LOG 17:45:14.440] Config(Localization) KSPCommunityFixes/Localization/fr-fr/Localization
[LOG 17:45:14.440] Config(Localization) KSPCommunityFixes/Localization/ru/Localization
[LOG 17:45:14.440] Config(Localization) KSPCommunityFixes/Localization/zh-cn/Localization
[LOG 17:45:14.440] Config(@PART[*]:HAS[@MODULE[ModuleDockingNodeFixed]]:NEEDS[FixDockingNodes]:FINAL) KSPCommunityFixes/MMPatches/ModSupport/FixDockingNodes/@PART[*]:HAS[@MODULE[ModuleDockingNodeFixed]]:NEEDS[FixDockingNodes]:FINAL
[LOG 17:45:14.440] Config(@PART[*]:HAS[@MODULE[Refunding]]:LAST[999_KSP-Recall]) KSPCommunityFixes/MMPatches/ModSupport/KSPRecall/@PART[*]:HAS[@MODULE[Refunding]]:LAST[999_KSP-Recall]
[LOG 17:45:14.440] Config(@PART[*]:HAS[#hasRefundingOnRecovery[?rue]]:LAST[999_KSP-Recall]) KSPCommunityFixes/MMPatches/ModSupport/KSPRecall/@PART[*]:HAS[#hasRefundingOnRecovery[?rue]]:LAST[999_KSP-Recall]
[LOG 17:45:14.440] Config(@PART[*]:HAS[#hasRefundingOnRecovery]:LAST[999_KSP-Recall]) KSPCommunityFixes/MMPatches/ModSupport/KSPRecall/@PART[*]:HAS[#hasRefundingOnRecovery]:LAST[999_KSP-Recall]
[LOG 17:45:14.440] Config(@KSP-Recall:LAST[999_KSP-Recall]) KSPCommunityFixes/MMPatches/ModSupport/KSPRecall/@KSP-Recall:LAST[999_KSP-Recall]
[LOG 17:45:14.440] Config(@KSP-Recall:HAS[#hasRefundingOnRecovery[?rue]]:LAST[999_KSP-Recall]) KSPCommunityFixes/MMPatches/ModSupport/KSPRecall/@KSP-Recall:HAS[#hasRefundingOnRecovery[?rue]]:LAST[999_KSP-Recall]
[LOG 17:45:14.440] Config(@KSP-Recall:HAS[#hasRefundingOnRecovery]:LAST[999_KSP-Recall]) KSPCommunityFixes/MMPatches/ModSupport/KSPRecall/@KSP-Recall:HAS[#hasRefundingOnRecovery]:LAST[999_KSP-Recall]
[LOG 17:45:14.440] Config(@KSP_COMMUNITY_FIXES:NEEDS[AttachedOnEditor]) KSPCommunityFixes/MMPatches/ModSupport/KSPRecall/@KSP_COMMUNITY_FIXES:NEEDS[AttachedOnEditor]
[LOG 17:45:14.440] Config(@KSP_COMMUNITY_FIXES:NEEDS[UniversalStorage2]) KSPCommunityFixes/MMPatches/ModSupport/UniversalStorage/@KSP_COMMUNITY_FIXES:NEEDS[UniversalStorage2]
[LOG 17:45:14.440] Config(@PART[telescopicLadderBay]:FIRST) KSPCommunityFixes/MMPatches/StockTweaks/LadderToggleableLight/@PART[telescopicLadderBay]:FIRST
[LOG 17:45:14.440] Config(@PART[telescopicLadderBay]:HAS[#LadderToggleableLight[?rue]]:FIRST) KSPCommunityFixes/MMPatches/StockTweaks/LadderToggleableLight/@PART[telescopicLadderBay]:HAS[#LadderToggleableLight[?rue]]:FIRST
[LOG 17:45:14.440] Config(@PART[telescopicLadderBay]:HAS[#LadderToggleableLight]:FIRST) KSPCommunityFixes/MMPatches/StockTweaks/LadderToggleableLight/@PART[telescopicLadderBay]:HAS[#LadderToggleableLight]:FIRST
[LOG 17:45:14.440] Config(@PART[GearSmall]:FIRST) KSPCommunityFixes/MMPatches/StockTweaks/LandingGearLights/@PART[GearSmall]:FIRST
[LOG 17:45:14.440] Config(@PART[SmallGearBay]:FIRST) KSPCommunityFixes/MMPatches/StockTweaks/LandingGearLights/@PART[SmallGearBay]:FIRST
[LOG 17:45:14.440] Config(@PART[sasModule]:FOR[KSPCommunityFixes]) KSPCommunityFixes/MMPatches/StockTweaks/ManufacturerFixes/@PART[sasModule]:FOR[KSPCommunityFixes]
[LOG 17:45:14.440] Config(@PART[xenonTankRadial]:FOR[KSPCommunityFixes]) KSPCommunityFixes/MMPatches/StockTweaks/ManufacturerFixes/@PART[xenonTankRadial]:FOR[KSPCommunityFixes]
[LOG 17:45:14.440] Config(@PART[winglet|fireworksLauncherSmall|fireworksLauncherBig]:FOR[KSPCommunityFixes]) KSPCommunityFixes/MMPatches/StockTweaks/ManufacturerFixes/@PART[winglet|fireworksLauncherSmall|fireworksLauncherBig]:FOR[KSPCommunityFixes]
[LOG 17:45:14.440] Config(@PART[solidBooster_sm_v2|solidBooster_v2]:FOR[KSPCommunityFixes]) KSPCommunityFixes/MMPatches/StockTweaks/ManufacturerFixes/@PART[solidBooster_sm_v2|solidBooster_v2]:FOR[KSPCommunityFixes]
[LOG 17:45:14.440] Config(@PART[ServiceBay_125_v2|ServiceBay_250_v2]:FOR[KSPCommunityFixes]) KSPCommunityFixes/MMPatches/StockTweaks/ManufacturerFixes/@PART[ServiceBay_125_v2|ServiceBay_250_v2]:FOR[KSPCommunityFixes]
[LOG 17:45:14.440] Config(@PART[externalTankCapsule]:FOR[KSPCommunityFixes]) KSPCommunityFixes/MMPatches/StockTweaks/ManufacturerFixes/@PART[externalTankCapsule]:FOR[KSPCommunityFixes]
[LOG 17:45:14.440] Config(@PART[RCSFuelTank|rcsTankMini|RCSTank1-2]:FOR[KSPCommunityFixes]) KSPCommunityFixes/MMPatches/StockTweaks/ManufacturerFixes/@PART[RCSFuelTank|rcsTankMini|RCSTank1-2]:FOR[KSPCommunityFixes]
[LOG 17:45:14.440] Config(@PART[landerCabinSmall]:FOR[KSPCommunityFixes]) KSPCommunityFixes/MMPatches/StockTweaks/ManufacturerFixes/@PART[landerCabinSmall]:FOR[KSPCommunityFixes]
[LOG 17:45:14.440] Config(@PART[dockingPortLateral]:FOR[KSPCommunityFixes]) KSPCommunityFixes/MMPatches/StockTweaks/ManufacturerFixes/@PART[dockingPortLateral]:FOR[KSPCommunityFixes]
[LOG 17:45:14.440] Config(@PART[EnginePlate4]:FOR[KSPCommunityFixes]:NEEDS[SquadExpansion/MakingHistory]) KSPCommunityFixes/MMPatches/StockTweaks/ManufacturerFixes/@PART[EnginePlate4]:FOR[KSPCommunityFixes]:NEEDS[SquadExpansion/MakingHistory]
[LOG 17:45:14.441] Config(@PART[Mk2Pod]:FOR[KSPCommunityFixes]:NEEDS[SquadExpansion/MakingHistory]) KSPCommunityFixes/MMPatches/StockTweaks/ManufacturerFixes/@PART[Mk2Pod]:FOR[KSPCommunityFixes]:NEEDS[SquadExpansion/MakingHistory]
[LOG 17:45:14.441] Config(@PART[evaChute|parachuteSingle|parachuteRadial|radialDrogue|parachuteLarge|parachuteDrogue]:FOR[KSPCommunityFixes]) KSPCommunityFixes/MMPatches/StockTweaks/ManufacturerFixes/@PART[evaChute|parachuteSingle|parachuteRadial|radialDrogue|parachuteLarge|parachuteDrogue]:FOR[KSPCommunityFixes]
[LOG 17:45:14.441] Config(@PART[stackPoint1|dockingPort1|dockingPort2|dockingPort3|dockingPortLarge]:FOR[KSPCommunityFixes]) KSPCommunityFixes/MMPatches/StockTweaks/ManufacturerFixes/@PART[stackPoint1|dockingPort1|dockingPort2|dockingPort3|dockingPortLarge]:FOR[KSPCommunityFixes]
[LOG 17:45:14.441] Config(AGENT) KSPCommunityFixes/MMPatches/StockTweaks/ManufacturerFixes/Clamp-O-Tron
[LOG 17:45:14.441] Config(AGENT) KSPCommunityFixes/MMPatches/StockTweaks/ManufacturerFixes/FreeFall Parachutes
[LOG 17:45:14.441] Config(AGENT) KSPCommunityFixes/MMPatches/StockTweaks/ManufacturerFixes/LightYear Tire Company
[LOG 17:45:14.441] Config(AGENT) KSPCommunityFixes/MMPatches/StockTweaks/ManufacturerFixes/Stratus Corporation
[LOG 17:45:14.441] Config(Localization) KSPCommunityFixes/MMPatches/StockTweaks/ManufacturerFixes/Localization
[LOG 17:45:14.441] Config(AGENT) Squad/Agencies/Agents/C7 Aerospace Division
[LOG 17:45:14.441] Config(AGENT) Squad/Agencies/Agents/Dinkelstein Kerman's Construction Emporium
[LOG 17:45:14.441] Config(AGENT) Squad/Agencies/Agents/Experimental Engineering Group
[LOG 17:45:14.441] Config(AGENT) Squad/Agencies/Agents/FLOOYD Dynamics Research Labs
[LOG 17:45:14.441] Config(AGENT) Squad/Agencies/Agents/Goliath National Products
[LOG 17:45:14.441] Config(AGENT) Squad/Agencies/Agents/Integrated Integrals
[LOG 17:45:14.441] Config(AGENT) Squad/Agencies/Agents/Ionic Symphonic Protonic Electronics
[LOG 17:45:14.441] Config(AGENT) Squad/Agencies/Agents/Jebediah Kerman's Junkyard and Spacecraft Parts Co
[LOG 17:45:14.441] Config(AGENT) Squad/Agencies/Agents/Kerbal Motion LLC
[LOG 17:45:14.441] Config(AGENT) Squad/Agencies/Agents/Kerbin World-Firsts Record-Keeping Society
[LOG 17:45:14.441] Config(AGENT) Squad/Agencies/Agents/Kerbodyne
[LOG 17:45:14.441] Config(AGENT) Squad/Agencies/Agents/Kerlington Model Rockets and Paper Products Inc
[LOG 17:45:14.441] Config(AGENT) Squad/Agencies/Agents/Maxo Construction Toys
[LOG 17:45:14.441] Config(AGENT) Squad/Agencies/Agents/Moving Parts Experts Group
[LOG 17:45:14.441] Config(AGENT) Squad/Agencies/Agents/O.M.B. Demolition Enterprises
[LOG 17:45:14.441] Config(AGENT) Squad/Agencies/Agents/Periapsis Rocket Supplies Co
[LOG 17:45:14.441] Config(AGENT) Squad/Agencies/Agents/Probodobodyne Inc
[LOG 17:45:14.441] Config(AGENT) Squad/Agencies/Agents/Research & Development Department
[LOG 17:45:14.441] Config(AGENT) Squad/Agencies/Agents/Reaction Systems Ltd
[LOG 17:45:14.441] Config(AGENT) Squad/Agencies/Agents/Rockomax Conglomerate
[LOG 17:45:14.441] Config(AGENT) Squad/Agencies/Agents/Rokea Inc
[LOG 17:45:14.441] Config(AGENT) Squad/Agencies/Agents/Sean's Cannery
[LOG 17:45:14.441] Config(AGENT) Squad/Agencies/Agents/STEADLER Engineering Corps
[LOG 17:45:14.441] Config(AGENT) Squad/Agencies/Agents/StrutCo
[LOG 17:45:14.441] Config(AGENT) Squad/Agencies/Agents/Vac-Co Advanced Suction Systems
[LOG 17:45:14.441] Config(AGENT) Squad/Agencies/Agents/WinterOwl Aircraft Emporium
[LOG 17:45:14.441] Config(AGENT) Squad/Agencies/Agents/Zaltonic Electronics
[LOG 17:45:14.441] Config(CONTRACT_CONSTRUCTION_PARTS) Squad/Contracts/constructionContractParts/CONTRACT_CONSTRUCTION_PARTS
[LOG 17:45:14.441] Config(Contracts) Squad/Contracts/Contracts/Contracts
[LOG 17:45:14.441] Config(CONTRACTCRAFT) Squad/Contracts/PrebuiltCraft/prebuiltData/CONTRACTCRAFT
[LOG 17:45:14.441] Config(CONTRACTCRAFT) Squad/Contracts/PrebuiltCraft/OrbitalConstructionContract/orbitalConstructionContractCraft/CONTRACTCRAFT
[LOG 17:45:14.441] Config(CONTRACTCRAFT) Squad/Contracts/PrebuiltCraft/RepairContract/repairContractCraft/CONTRACTCRAFT
[LOG 17:45:14.441] Config(CONTRACTCRAFT) Squad/Contracts/PrebuiltCraft/RoverContract/roverContractCraft/CONTRACTCRAFT
[LOG 17:45:14.442] Config(KEYBOARD_LAYOUT) Squad/Controls/Azerty/#autoLOC_6001233
[LOG 17:45:14.442] Config(PITCH_DOWN) Squad/Controls/Azerty/PITCH_DOWN
[LOG 17:45:14.442] Config(PITCH_UP) Squad/Controls/Azerty/PITCH_UP
[LOG 17:45:14.442] Config(YAW_LEFT) Squad/Controls/Azerty/YAW_LEFT
[LOG 17:45:14.442] Config(YAW_RIGHT) Squad/Controls/Azerty/YAW_RIGHT
[LOG 17:45:14.442] Config(ROLL_LEFT) Squad/Controls/Azerty/ROLL_LEFT
[LOG 17:45:14.442] Config(ROLL_RIGHT) Squad/Controls/Azerty/ROLL_RIGHT
[LOG 17:45:14.442] Config(THROTTLE_UP) Squad/Controls/Azerty/THROTTLE_UP
[LOG 17:45:14.442] Config(THROTTLE_DOWN) Squad/Controls/Azerty/THROTTLE_DOWN
[LOG 17:45:14.442] Config(SAS_HOLD) Squad/Controls/Azerty/SAS_HOLD
[LOG 17:45:14.442] Config(SAS_TOGGLE) Squad/Controls/Azerty/SAS_TOGGLE
[LOG 17:45:14.442] Config(LAUNCH_STAGES) Squad/Controls/Azerty/LAUNCH_STAGES
[LOG 17:45:14.442] Config(Docking_toggleRotLin) Squad/Controls/Azerty/Docking_toggleRotLin
[LOG 17:45:14.442] Config(CAMERA_MODE) Squad/Controls/Azerty/CAMERA_MODE
[LOG 17:45:14.442] Config(CAMERA_NEXT) Squad/Controls/Azerty/CAMERA_NEXT
[LOG 17:45:14.442] Config(PAUSE) Squad/Controls/Azerty/PAUSE
[LOG 17:45:14.442] Config(PRECISION_CTRL) Squad/Controls/Azerty/PRECISION_CTRL
[LOG 17:45:14.442] Config(ZOOM_IN) Squad/Controls/Azerty/ZOOM_IN
[LOG 17:45:14.442] Config(ZOOM_OUT) Squad/Controls/Azerty/ZOOM_OUT
[LOG 17:45:14.442] Config(SCROLL_VIEW_UP) Squad/Controls/Azerty/SCROLL_VIEW_UP
[LOG 17:45:14.442] Config(SCROLL_VIEW_DOWN) Squad/Controls/Azerty/SCROLL_VIEW_DOWN
[LOG 17:45:14.442] Config(SCROLL_ICONS_UP) Squad/Controls/Azerty/SCROLL_ICONS_UP
[LOG 17:45:14.442] Config(SCROLL_ICONS_DOWN) Squad/Controls/Azerty/SCROLL_ICONS_DOWN
[LOG 17:45:14.442] Config(CAMERA_ORBIT_UP) Squad/Controls/Azerty/CAMERA_ORBIT_UP
[LOG 17:45:14.442] Config(CAMERA_ORBIT_DOWN) Squad/Controls/Azerty/CAMERA_ORBIT_DOWN
[LOG 17:45:14.442] Config(CAMERA_ORBIT_LEFT) Squad/Controls/Azerty/CAMERA_ORBIT_LEFT
[LOG 17:45:14.442] Config(CAMERA_ORBIT_RIGHT) Squad/Controls/Azerty/CAMERA_ORBIT_RIGHT
[LOG 17:45:14.442] Config(CAMERA_RESET) Squad/Controls/Azerty/CAMERA_RESET
[LOG 17:45:14.442] Config(CAMERA_MOUSE_TOGGLE) Squad/Controls/Azerty/CAMERA_MOUSE_TOGGLE
[LOG 17:45:14.442] Config(TIME_WARP_INCREASE) Squad/Controls/Azerty/TIME_WARP_INCREASE
[LOG 17:45:14.442] Config(TIME_WARP_DECREASE) Squad/Controls/Azerty/TIME_WARP_DECREASE
[LOG 17:45:14.442] Config(TIME_WARP_STOP) Squad/Controls/Azerty/TIME_WARP_STOP
[LOG 17:45:14.442] Config(MAP_VIEW_TOGGLE) Squad/Controls/Azerty/MAP_VIEW_TOGGLE
[LOG 17:45:14.442] Config(NAVBALL_TOGGLE) Squad/Controls/Azerty/NAVBALL_TOGGLE
[LOG 17:45:14.442] Config(UIMODE_STAGING) Squad/Controls/Azerty/UIMODE_STAGING
[LOG 17:45:14.442] Config(UIMODE_DOCKING) Squad/Controls/Azerty/UIMODE_DOCKING
[LOG 17:45:14.442] Config(TRANSLATE_DOWN) Squad/Controls/Azerty/TRANSLATE_DOWN
[LOG 17:45:14.442] Config(TRANSLATE_UP) Squad/Controls/Azerty/TRANSLATE_UP
[LOG 17:45:14.442] Config(TRANSLATE_LEFT) Squad/Controls/Azerty/TRANSLATE_LEFT
[LOG 17:45:14.442] Config(TRANSLATE_RIGHT) Squad/Controls/Azerty/TRANSLATE_RIGHT
[LOG 17:45:14.442] Config(TRANSLATE_FWD) Squad/Controls/Azerty/TRANSLATE_FWD
[LOG 17:45:14.442] Config(TRANSLATE_BACK) Squad/Controls/Azerty/TRANSLATE_BACK
[LOG 17:45:14.442] Config(RCS_TOGGLE) Squad/Controls/Azerty/RCS_TOGGLE
[LOG 17:45:14.442] Config(FOCUS_NEXT_VESSEL) Squad/Controls/Azerty/FOCUS_NEXT_VESSEL
[LOG 17:45:14.443] Config(FOCUS_PREV_VESSEL) Squad/Controls/Azerty/FOCUS_PREV_VESSEL
[LOG 17:45:14.443] Config(TOGGLE_UI) Squad/Controls/Azerty/TOGGLE_UI
[LOG 17:45:14.443] Config(TOGGLE_STATUS_SCREEN) Squad/Controls/Azerty/TOGGLE_STATUS_SCREEN
[LOG 17:45:14.443] Config(TAKE_SCREENSHOT) Squad/Controls/Azerty/TAKE_SCREENSHOT
[LOG 17:45:14.443] Config(TOGGLE_LABELS) Squad/Controls/Azerty/TOGGLE_LABELS
[LOG 17:45:14.443] Config(TOGGLE_TEMP_GAUGES) Squad/Controls/Azerty/TOGGLE_TEMP_GAUGES
[LOG 17:45:14.443] Config(TOGGLE_TEMP_OVERLAY) Squad/Controls/Azerty/TOGGLE_TEMP_OVERLAY
[LOG 17:45:14.443] Config(TOGGLE_FLIGHT_FORCES) Squad/Controls/Azerty/TOGGLE_FLIGHT_FORCES
[LOG 17:45:14.443] Config(QUICKSAVE) Squad/Controls/Azerty/QUICKSAVE
[LOG 17:45:14.443] Config(QUICKLOAD) Squad/Controls/Azerty/QUICKLOAD
[LOG 17:45:14.443] Config(THROTTLE_CUTOFF) Squad/Controls/Azerty/THROTTLE_CUTOFF
[LOG 17:45:14.443] Config(THROTTLE_FULL) Squad/Controls/Azerty/THROTTLE_FULL
[LOG 17:45:14.443] Config(LANDING_GEAR) Squad/Controls/Azerty/LANDING_GEAR
[LOG 17:45:14.443] Config(HEADLIGHT_TOGGLE) Squad/Controls/Azerty/HEADLIGHT_TOGGLE
[LOG 17:45:14.443] Config(BRAKES) Squad/Controls/Azerty/BRAKES
[LOG 17:45:14.443] Config(TOGGLE_SPACENAV_FLIGHT_CONTROL) Squad/Controls/Azerty/TOGGLE_SPACENAV_FLIGHT_CONTROL
[LOG 17:45:14.443] Config(TOGGLE_SPACENAV_ROLL_LOCK) Squad/Controls/Azerty/TOGGLE_SPACENAV_ROLL_LOCK
[LOG 17:45:14.443] Config(WHEEL_STEER_LEFT) Squad/Controls/Azerty/WHEEL_STEER_LEFT
[LOG 17:45:14.443] Config(WHEEL_STEER_RIGHT) Squad/Controls/Azerty/WHEEL_STEER_RIGHT
[LOG 17:45:14.443] Config(WHEEL_THROTTLE_DOWN) Squad/Controls/Azerty/WHEEL_THROTTLE_DOWN
[LOG 17:45:14.443] Config(WHEEL_THROTTLE_UP) Squad/Controls/Azerty/WHEEL_THROTTLE_UP
[LOG 17:45:14.443] Config(EVA_forward) Squad/Controls/Azerty/EVA_forward
[LOG 17:45:14.443] Config(EVA_back) Squad/Controls/Azerty/EVA_back
[LOG 17:45:14.443] Config(EVA_left) Squad/Controls/Azerty/EVA_left
[LOG 17:45:14.443] Config(EVA_right) Squad/Controls/Azerty/EVA_right
[LOG 17:45:14.443] Config(EVA_yaw_left) Squad/Controls/Azerty/EVA_yaw_left
[LOG 17:45:14.443] Config(EVA_yaw_right) Squad/Controls/Azerty/EVA_yaw_right
[LOG 17:45:14.443] Config(EVA_Pack_forward) Squad/Controls/Azerty/EVA_Pack_forward
[LOG 17:45:14.443] Config(EVA_Pack_back) Squad/Controls/Azerty/EVA_Pack_back
[LOG 17:45:14.443] Config(EVA_Pack_left) Squad/Controls/Azerty/EVA_Pack_left
[LOG 17:45:14.443] Config(EVA_Pack_right) Squad/Controls/Azerty/EVA_Pack_right
[LOG 17:45:14.443] Config(EVA_Pack_up) Squad/Controls/Azerty/EVA_Pack_up
[LOG 17:45:14.443] Config(EVA_Pack_down) Squad/Controls/Azerty/EVA_Pack_down
[LOG 17:45:14.443] Config(EVA_Jump) Squad/Controls/Azerty/EVA_Jump
[LOG 17:45:14.443] Config(EVA_Run) Squad/Controls/Azerty/EVA_Run
[LOG 17:45:14.443] Config(EVA_ToggleMovementMode) Squad/Controls/Azerty/EVA_ToggleMovementMode
[LOG 17:45:14.443] Config(EVA_TogglePack) Squad/Controls/Azerty/EVA_TogglePack
[LOG 17:45:14.443] Config(EVA_Use) Squad/Controls/Azerty/EVA_Use
[LOG 17:45:14.443] Config(EVA_Board) Squad/Controls/Azerty/EVA_Board
[LOG 17:45:14.443] Config(EVA_Orient) Squad/Controls/Azerty/EVA_Orient
[LOG 17:45:14.443] Config(EVA_Lights) Squad/Controls/Azerty/EVA_Lights
[LOG 17:45:14.443] Config(EVA_ChuteDeploy) Squad/Controls/Azerty/EVA_ChuteDeploy
[LOG 17:45:14.443] Config(Editor_pitchUp) Squad/Controls/Azerty/Editor_pitchUp
[LOG 17:45:14.443] Config(Editor_pitchDown) Squad/Controls/Azerty/Editor_pitchDown
[LOG 17:45:14.443] Config(Editor_yawLeft) Squad/Controls/Azerty/Editor_yawLeft
[LOG 17:45:14.443] Config(Editor_yawRight) Squad/Controls/Azerty/Editor_yawRight
[LOG 17:45:14.443] Config(Editor_rollLeft) Squad/Controls/Azerty/Editor_rollLeft
[LOG 17:45:14.444] Config(Editor_rollRight) Squad/Controls/Azerty/Editor_rollRight
[LOG 17:45:14.444] Config(Editor_resetRotation) Squad/Controls/Azerty/Editor_resetRotation
[LOG 17:45:14.444] Config(Editor_modePlace) Squad/Controls/Azerty/Editor_modePlace
[LOG 17:45:14.444] Config(Editor_modeOffset) Squad/Controls/Azerty/Editor_modeOffset
[LOG 17:45:14.444] Config(Editor_modeRotate) Squad/Controls/Azerty/Editor_modeRotate
[LOG 17:45:14.444] Config(Editor_modeRoot) Squad/Controls/Azerty/Editor_modeRoot
[LOG 17:45:14.444] Config(Editor_coordSystem) Squad/Controls/Azerty/Editor_coordSystem
[LOG 17:45:14.444] Config(Editor_toggleSymMethod) Squad/Controls/Azerty/Editor_toggleSymMethod
[LOG 17:45:14.444] Config(Editor_toggleSymMode) Squad/Controls/Azerty/Editor_toggleSymMode
[LOG 17:45:14.444] Config(Editor_toggleAngleSnap) Squad/Controls/Azerty/Editor_toggleAngleSnap
[LOG 17:45:14.444] Config(Editor_fineTweak) Squad/Controls/Azerty/Editor_fineTweak
[LOG 17:45:14.444] Config(Editor_partSearch) Squad/Controls/Azerty/Editor_partSearch
[LOG 17:45:14.444] Config(Editor_zoomScrollModifier) Squad/Controls/Azerty/Editor_zoomScrollModifier
[LOG 17:45:14.444] Config(MODIFIER_KEY) Squad/Controls/Azerty/MODIFIER_KEY
[LOG 17:45:14.444] Config(AbortActionGroup) Squad/Controls/Azerty/AbortActionGroup
[LOG 17:45:14.444] Config(CustomActionGroup1) Squad/Controls/Azerty/CustomActionGroup1
[LOG 17:45:14.444] Config(CustomActionGroup2) Squad/Controls/Azerty/CustomActionGroup2
[LOG 17:45:14.444] Config(CustomActionGroup3) Squad/Controls/Azerty/CustomActionGroup3
[LOG 17:45:14.444] Config(CustomActionGroup4) Squad/Controls/Azerty/CustomActionGroup4
[LOG 17:45:14.444] Config(CustomActionGroup5) Squad/Controls/Azerty/CustomActionGroup5
[LOG 17:45:14.444] Config(CustomActionGroup6) Squad/Controls/Azerty/CustomActionGroup6
[LOG 17:45:14.444] Config(CustomActionGroup7) Squad/Controls/Azerty/CustomActionGroup7
[LOG 17:45:14.444] Config(CustomActionGroup8) Squad/Controls/Azerty/CustomActionGroup8
[LOG 17:45:14.444] Config(CustomActionGroup9) Squad/Controls/Azerty/CustomActionGroup9
[LOG 17:45:14.444] Config(CustomActionGroup10) Squad/Controls/Azerty/CustomActionGroup10
[LOG 17:45:14.444] Config(KEY_MAP) Squad/Controls/Azerty/KEY_MAP
[LOG 17:45:14.444] Config(KEYBOARD_LAYOUT) Squad/Controls/Dvorak/#autoLOC_6001234
[LOG 17:45:14.444] Config(PITCH_DOWN) Squad/Controls/Dvorak/PITCH_DOWN
[LOG 17:45:14.444] Config(PITCH_UP) Squad/Controls/Dvorak/PITCH_UP
[LOG 17:45:14.444] Config(YAW_LEFT) Squad/Controls/Dvorak/YAW_LEFT
[LOG 17:45:14.444] Config(YAW_RIGHT) Squad/Controls/Dvorak/YAW_RIGHT
[LOG 17:45:14.444] Config(ROLL_LEFT) Squad/Controls/Dvorak/ROLL_LEFT
[LOG 17:45:14.444] Config(ROLL_RIGHT) Squad/Controls/Dvorak/ROLL_RIGHT
[LOG 17:45:14.444] Config(THROTTLE_UP) Squad/Controls/Dvorak/THROTTLE_UP
[LOG 17:45:14.444] Config(THROTTLE_DOWN) Squad/Controls/Dvorak/THROTTLE_DOWN
[LOG 17:45:14.444] Config(SAS_HOLD) Squad/Controls/Dvorak/SAS_HOLD
[LOG 17:45:14.444] Config(SAS_TOGGLE) Squad/Controls/Dvorak/SAS_TOGGLE
[LOG 17:45:14.444] Config(LAUNCH_STAGES) Squad/Controls/Dvorak/LAUNCH_STAGES
[LOG 17:45:14.444] Config(Docking_toggleRotLin) Squad/Controls/Dvorak/Docking_toggleRotLin
[LOG 17:45:14.444] Config(CAMERA_MODE) Squad/Controls/Dvorak/CAMERA_MODE
[LOG 17:45:14.444] Config(CAMERA_NEXT) Squad/Controls/Dvorak/CAMERA_NEXT
[LOG 17:45:14.444] Config(PAUSE) Squad/Controls/Dvorak/PAUSE
[LOG 17:45:14.444] Config(PRECISION_CTRL) Squad/Controls/Dvorak/PRECISION_CTRL
[LOG 17:45:14.444] Config(ZOOM_IN) Squad/Controls/Dvorak/ZOOM_IN
[LOG 17:45:14.444] Config(ZOOM_OUT) Squad/Controls/Dvorak/ZOOM_OUT
[LOG 17:45:14.444] Config(SCROLL_VIEW_UP) Squad/Controls/Dvorak/SCROLL_VIEW_UP
[LOG 17:45:14.445] Config(SCROLL_VIEW_DOWN) Squad/Controls/Dvorak/SCROLL_VIEW_DOWN
[LOG 17:45:14.445] Config(SCROLL_ICONS_UP) Squad/Controls/Dvorak/SCROLL_ICONS_UP
[LOG 17:45:14.445] Config(SCROLL_ICONS_DOWN) Squad/Controls/Dvorak/SCROLL_ICONS_DOWN
[LOG 17:45:14.445] Config(CAMERA_ORBIT_UP) Squad/Controls/Dvorak/CAMERA_ORBIT_UP
[LOG 17:45:14.445] Config(CAMERA_ORBIT_DOWN) Squad/Controls/Dvorak/CAMERA_ORBIT_DOWN
[LOG 17:45:14.445] Config(CAMERA_ORBIT_LEFT) Squad/Controls/Dvorak/CAMERA_ORBIT_LEFT
[LOG 17:45:14.445] Config(CAMERA_ORBIT_RIGHT) Squad/Controls/Dvorak/CAMERA_ORBIT_RIGHT
[LOG 17:45:14.445] Config(CAMERA_RESET) Squad/Controls/Dvorak/CAMERA_RESET
[LOG 17:45:14.445] Config(CAMERA_MOUSE_TOGGLE) Squad/Controls/Dvorak/CAMERA_MOUSE_TOGGLE
[LOG 17:45:14.445] Config(TIME_WARP_INCREASE) Squad/Controls/Dvorak/TIME_WARP_INCREASE
[LOG 17:45:14.445] Config(TIME_WARP_DECREASE) Squad/Controls/Dvorak/TIME_WARP_DECREASE
[LOG 17:45:14.445] Config(TIME_WARP_STOP) Squad/Controls/Dvorak/TIME_WARP_STOP
[LOG 17:45:14.445] Config(MAP_VIEW_TOGGLE) Squad/Controls/Dvorak/MAP_VIEW_TOGGLE
[LOG 17:45:14.445] Config(NAVBALL_TOGGLE) Squad/Controls/Dvorak/NAVBALL_TOGGLE
[LOG 17:45:14.445] Config(UIMODE_STAGING) Squad/Controls/Dvorak/UIMODE_STAGING
[LOG 17:45:14.445] Config(UIMODE_DOCKING) Squad/Controls/Dvorak/UIMODE_DOCKING
[LOG 17:45:14.445] Config(TRANSLATE_DOWN) Squad/Controls/Dvorak/TRANSLATE_DOWN
[LOG 17:45:14.445] Config(TRANSLATE_UP) Squad/Controls/Dvorak/TRANSLATE_UP
[LOG 17:45:14.445] Config(TRANSLATE_LEFT) Squad/Controls/Dvorak/TRANSLATE_LEFT
[LOG 17:45:14.445] Config(TRANSLATE_RIGHT) Squad/Controls/Dvorak/TRANSLATE_RIGHT
[LOG 17:45:14.445] Config(TRANSLATE_FWD) Squad/Controls/Dvorak/TRANSLATE_FWD
[LOG 17:45:14.445] Config(TRANSLATE_BACK) Squad/Controls/Dvorak/TRANSLATE_BACK
[LOG 17:45:14.445] Config(RCS_TOGGLE) Squad/Controls/Dvorak/RCS_TOGGLE
[LOG 17:45:14.445] Config(FOCUS_NEXT_VESSEL) Squad/Controls/Dvorak/FOCUS_NEXT_VESSEL
[LOG 17:45:14.445] Config(FOCUS_PREV_VESSEL) Squad/Controls/Dvorak/FOCUS_PREV_VESSEL
[LOG 17:45:14.445] Config(TOGGLE_UI) Squad/Controls/Dvorak/TOGGLE_UI
[LOG 17:45:14.445] Config(TOGGLE_STATUS_SCREEN) Squad/Controls/Dvorak/TOGGLE_STATUS_SCREEN
[LOG 17:45:14.445] Config(TAKE_SCREENSHOT) Squad/Controls/Dvorak/TAKE_SCREENSHOT
[LOG 17:45:14.445] Config(TOGGLE_LABELS) Squad/Controls/Dvorak/TOGGLE_LABELS
[LOG 17:45:14.445] Config(TOGGLE_TEMP_GAUGES) Squad/Controls/Dvorak/TOGGLE_TEMP_GAUGES
[LOG 17:45:14.445] Config(TOGGLE_TEMP_OVERLAY) Squad/Controls/Dvorak/TOGGLE_TEMP_OVERLAY
[LOG 17:45:14.445] Config(TOGGLE_FLIGHT_FORCES) Squad/Controls/Dvorak/TOGGLE_FLIGHT_FORCES
[LOG 17:45:14.445] Config(QUICKSAVE) Squad/Controls/Dvorak/QUICKSAVE
[LOG 17:45:14.445] Config(QUICKLOAD) Squad/Controls/Dvorak/QUICKLOAD
[LOG 17:45:14.445] Config(THROTTLE_CUTOFF) Squad/Controls/Dvorak/THROTTLE_CUTOFF
[LOG 17:45:14.445] Config(THROTTLE_FULL) Squad/Controls/Dvorak/THROTTLE_FULL
[LOG 17:45:14.445] Config(LANDING_GEAR) Squad/Controls/Dvorak/LANDING_GEAR
[LOG 17:45:14.445] Config(HEADLIGHT_TOGGLE) Squad/Controls/Dvorak/HEADLIGHT_TOGGLE
[LOG 17:45:14.445] Config(BRAKES) Squad/Controls/Dvorak/BRAKES
[LOG 17:45:14.445] Config(TOGGLE_SPACENAV_FLIGHT_CONTROL) Squad/Controls/Dvorak/TOGGLE_SPACENAV_FLIGHT_CONTROL
[LOG 17:45:14.445] Config(TOGGLE_SPACENAV_ROLL_LOCK) Squad/Controls/Dvorak/TOGGLE_SPACENAV_ROLL_LOCK
[LOG 17:45:14.445] Config(WHEEL_STEER_LEFT) Squad/Controls/Dvorak/WHEEL_STEER_LEFT
[LOG 17:45:14.445] Config(WHEEL_STEER_RIGHT) Squad/Controls/Dvorak/WHEEL_STEER_RIGHT
[LOG 17:45:14.445] Config(WHEEL_THROTTLE_DOWN) Squad/Controls/Dvorak/WHEEL_THROTTLE_DOWN
[LOG 17:45:14.445] Config(WHEEL_THROTTLE_UP) Squad/Controls/Dvorak/WHEEL_THROTTLE_UP
[LOG 17:45:14.445] Config(EVA_forward) Squad/Controls/Dvorak/EVA_forward
[LOG 17:45:14.445] Config(EVA_back) Squad/Controls/Dvorak/EVA_back
[LOG 17:45:14.445] Config(EVA_left) Squad/Controls/Dvorak/EVA_left
[LOG 17:45:14.445] Config(EVA_right) Squad/Controls/Dvorak/EVA_right
[LOG 17:45:14.445] Config(EVA_yaw_left) Squad/Controls/Dvorak/EVA_yaw_left
[LOG 17:45:14.445] Config(EVA_yaw_right) Squad/Controls/Dvorak/EVA_yaw_right
[LOG 17:45:14.445] Config(EVA_Pack_forward) Squad/Controls/Dvorak/EVA_Pack_forward
[LOG 17:45:14.445] Config(EVA_Pack_back) Squad/Controls/Dvorak/EVA_Pack_back
[LOG 17:45:14.445] Config(EVA_Pack_left) Squad/Controls/Dvorak/EVA_Pack_left
[LOG 17:45:14.445] Config(EVA_Pack_right) Squad/Controls/Dvorak/EVA_Pack_right
[LOG 17:45:14.445] Config(EVA_Pack_up) Squad/Controls/Dvorak/EVA_Pack_up
[LOG 17:45:14.445] Config(EVA_Pack_down) Squad/Controls/Dvorak/EVA_Pack_down
[LOG 17:45:14.445] Config(EVA_Jump) Squad/Controls/Dvorak/EVA_Jump
[LOG 17:45:14.445] Config(EVA_Run) Squad/Controls/Dvorak/EVA_Run
[LOG 17:45:14.445] Config(EVA_ToggleMovementMode) Squad/Controls/Dvorak/EVA_ToggleMovementMode
[LOG 17:45:14.445] Config(EVA_TogglePack) Squad/Controls/Dvorak/EVA_TogglePack
[LOG 17:45:14.445] Config(EVA_Use) Squad/Controls/Dvorak/EVA_Use
[LOG 17:45:14.445] Config(EVA_Board) Squad/Controls/Dvorak/EVA_Board
[LOG 17:45:14.445] Config(EVA_Orient) Squad/Controls/Dvorak/EVA_Orient
[LOG 17:45:14.445] Config(EVA_Lights) Squad/Controls/Dvorak/EVA_Lights
[LOG 17:45:14.445] Config(EVA_ChuteDeploy) Squad/Controls/Dvorak/EVA_ChuteDeploy
[LOG 17:45:14.445] Config(Editor_pitchUp) Squad/Controls/Dvorak/Editor_pitchUp
[LOG 17:45:14.445] Config(Editor_pitchDown) Squad/Controls/Dvorak/Editor_pitchDown
[LOG 17:45:14.445] Config(Editor_yawLeft) Squad/Controls/Dvorak/Editor_yawLeft
[LOG 17:45:14.446] Config(Editor_yawRight) Squad/Controls/Dvorak/Editor_yawRight
[LOG 17:45:14.446] Config(Editor_rollLeft) Squad/Controls/Dvorak/Editor_rollLeft
[LOG 17:45:14.446] Config(Editor_rollRight) Squad/Controls/Dvorak/Editor_rollRight
[LOG 17:45:14.446] Config(Editor_resetRotation) Squad/Controls/Dvorak/Editor_resetRotation
[LOG 17:45:14.446] Config(Editor_modePlace) Squad/Controls/Dvorak/Editor_modePlace
[LOG 17:45:14.446] Config(Editor_modeOffset) Squad/Controls/Dvorak/Editor_modeOffset
[LOG 17:45:14.446] Config(Editor_modeRotate) Squad/Controls/Dvorak/Editor_modeRotate
[LOG 17:45:14.446] Config(Editor_modeRoot) Squad/Controls/Dvorak/Editor_modeRoot
[LOG 17:45:14.446] Config(Editor_coordSystem) Squad/Controls/Dvorak/Editor_coordSystem
[LOG 17:45:14.446] Config(Editor_toggleSymMethod) Squad/Controls/Dvorak/Editor_toggleSymMethod
[LOG 17:45:14.446] Config(Editor_toggleSymMode) Squad/Controls/Dvorak/Editor_toggleSymMode
[LOG 17:45:14.446] Config(Editor_toggleAngleSnap) Squad/Controls/Dvorak/Editor_toggleAngleSnap
[LOG 17:45:14.446] Config(Editor_fineTweak) Squad/Controls/Dvorak/Editor_fineTweak
[LOG 17:45:14.446] Config(Editor_partSearch) Squad/Controls/Dvorak/Editor_partSearch
[LOG 17:45:14.446] Config(Editor_zoomScrollModifier) Squad/Controls/Dvorak/Editor_zoomScrollModifier
[LOG 17:45:14.446] Config(MODIFIER_KEY) Squad/Controls/Dvorak/MODIFIER_KEY
[LOG 17:45:14.446] Config(AbortActionGroup) Squad/Controls/Dvorak/AbortActionGroup
[LOG 17:45:14.446] Config(CustomActionGroup1) Squad/Controls/Dvorak/CustomActionGroup1
[LOG 17:45:14.446] Config(CustomActionGroup2) Squad/Controls/Dvorak/CustomActionGroup2
[LOG 17:45:14.446] Config(CustomActionGroup3) Squad/Controls/Dvorak/CustomActionGroup3
[LOG 17:45:14.446] Config(CustomActionGroup4) Squad/Controls/Dvorak/CustomActionGroup4
[LOG 17:45:14.446] Config(CustomActionGroup5) Squad/Controls/Dvorak/CustomActionGroup5
[LOG 17:45:14.446] Config(CustomActionGroup6) Squad/Controls/Dvorak/CustomActionGroup6
[LOG 17:45:14.446] Config(CustomActionGroup7) Squad/Controls/Dvorak/CustomActionGroup7
[LOG 17:45:14.446] Config(CustomActionGroup8) Squad/Controls/Dvorak/CustomActionGroup8
[LOG 17:45:14.446] Config(CustomActionGroup9) Squad/Controls/Dvorak/CustomActionGroup9
[LOG 17:45:14.446] Config(CustomActionGroup10) Squad/Controls/Dvorak/CustomActionGroup10
[LOG 17:45:14.446] Config(KEY_MAP) Squad/Controls/Dvorak/KEY_MAP
[LOG 17:45:14.446] Config(KEYBOARD_LAYOUT) Squad/Controls/Qwerty/#autoLOC_6001227
[LOG 17:45:14.446] Config(PITCH_DOWN) Squad/Controls/Qwerty/PITCH_DOWN
[LOG 17:45:14.446] Config(PITCH_UP) Squad/Controls/Qwerty/PITCH_UP
[LOG 17:45:14.446] Config(YAW_LEFT) Squad/Controls/Qwerty/YAW_LEFT
[LOG 17:45:14.446] Config(YAW_RIGHT) Squad/Controls/Qwerty/YAW_RIGHT
[LOG 17:45:14.446] Config(ROLL_LEFT) Squad/Controls/Qwerty/ROLL_LEFT
[LOG 17:45:14.446] Config(ROLL_RIGHT) Squad/Controls/Qwerty/ROLL_RIGHT
[LOG 17:45:14.446] Config(THROTTLE_UP) Squad/Controls/Qwerty/THROTTLE_UP
[LOG 17:45:14.446] Config(THROTTLE_DOWN) Squad/Controls/Qwerty/THROTTLE_DOWN
[LOG 17:45:14.446] Config(SAS_HOLD) Squad/Controls/Qwerty/SAS_HOLD
[LOG 17:45:14.446] Config(SAS_TOGGLE) Squad/Controls/Qwerty/SAS_TOGGLE
[LOG 17:45:14.446] Config(LAUNCH_STAGES) Squad/Controls/Qwerty/LAUNCH_STAGES
[LOG 17:45:14.446] Config(Docking_toggleRotLin) Squad/Controls/Qwerty/Docking_toggleRotLin
[LOG 17:45:14.447] Config(CAMERA_MODE) Squad/Controls/Qwerty/CAMERA_MODE
[LOG 17:45:14.447] Config(CAMERA_NEXT) Squad/Controls/Qwerty/CAMERA_NEXT
[LOG 17:45:14.447] Config(PAUSE) Squad/Controls/Qwerty/PAUSE
[LOG 17:45:14.447] Config(PRECISION_CTRL) Squad/Controls/Qwerty/PRECISION_CTRL
[LOG 17:45:14.447] Config(ZOOM_IN) Squad/Controls/Qwerty/ZOOM_IN
[LOG 17:45:14.447] Config(ZOOM_OUT) Squad/Controls/Qwerty/ZOOM_OUT
[LOG 17:45:14.447] Config(SCROLL_VIEW_UP) Squad/Controls/Qwerty/SCROLL_VIEW_UP
[LOG 17:45:14.447] Config(SCROLL_VIEW_DOWN) Squad/Controls/Qwerty/SCROLL_VIEW_DOWN
[LOG 17:45:14.447] Config(SCROLL_ICONS_UP) Squad/Controls/Qwerty/SCROLL_ICONS_UP
[LOG 17:45:14.447] Config(SCROLL_ICONS_DOWN) Squad/Controls/Qwerty/SCROLL_ICONS_DOWN
[LOG 17:45:14.447] Config(CAMERA_ORBIT_UP) Squad/Controls/Qwerty/CAMERA_ORBIT_UP
[LOG 17:45:14.447] Config(CAMERA_ORBIT_DOWN) Squad/Controls/Qwerty/CAMERA_ORBIT_DOWN
[LOG 17:45:14.447] Config(CAMERA_ORBIT_LEFT) Squad/Controls/Qwerty/CAMERA_ORBIT_LEFT
[LOG 17:45:14.447] Config(CAMERA_ORBIT_RIGHT) Squad/Controls/Qwerty/CAMERA_ORBIT_RIGHT
[LOG 17:45:14.447] Config(CAMERA_RESET) Squad/Controls/Qwerty/CAMERA_RESET
[LOG 17:45:14.447] Config(CAMERA_MOUSE_TOGGLE) Squad/Controls/Qwerty/CAMERA_MOUSE_TOGGLE
[LOG 17:45:14.447] Config(TIME_WARP_INCREASE) Squad/Controls/Qwerty/TIME_WARP_INCREASE
[LOG 17:45:14.447] Config(TIME_WARP_DECREASE) Squad/Controls/Qwerty/TIME_WARP_DECREASE
[LOG 17:45:14.447] Config(TIME_WARP_STOP) Squad/Controls/Qwerty/TIME_WARP_STOP
[LOG 17:45:14.447] Config(MAP_VIEW_TOGGLE) Squad/Controls/Qwerty/MAP_VIEW_TOGGLE
[LOG 17:45:14.447] Config(NAVBALL_TOGGLE) Squad/Controls/Qwerty/NAVBALL_TOGGLE
[LOG 17:45:14.447] Config(UIMODE_STAGING) Squad/Controls/Qwerty/UIMODE_STAGING
[LOG 17:45:14.447] Config(UIMODE_DOCKING) Squad/Controls/Qwerty/UIMODE_DOCKING
[LOG 17:45:14.447] Config(TRANSLATE_DOWN) Squad/Controls/Qwerty/TRANSLATE_DOWN
[LOG 17:45:14.447] Config(TRANSLATE_UP) Squad/Controls/Qwerty/TRANSLATE_UP
[LOG 17:45:14.447] Config(TRANSLATE_LEFT) Squad/Controls/Qwerty/TRANSLATE_LEFT
[LOG 17:45:14.447] Config(TRANSLATE_RIGHT) Squad/Controls/Qwerty/TRANSLATE_RIGHT
[LOG 17:45:14.447] Config(TRANSLATE_FWD) Squad/Controls/Qwerty/TRANSLATE_FWD
[LOG 17:45:14.447] Config(TRANSLATE_BACK) Squad/Controls/Qwerty/TRANSLATE_BACK
[LOG 17:45:14.447] Config(RCS_TOGGLE) Squad/Controls/Qwerty/RCS_TOGGLE
[LOG 17:45:14.447] Config(FOCUS_NEXT_VESSEL) Squad/Controls/Qwerty/FOCUS_NEXT_VESSEL
[LOG 17:45:14.447] Config(FOCUS_PREV_VESSEL) Squad/Controls/Qwerty/FOCUS_PREV_VESSEL
[LOG 17:45:14.447] Config(TOGGLE_UI) Squad/Controls/Qwerty/TOGGLE_UI
[LOG 17:45:14.447] Config(TOGGLE_STATUS_SCREEN) Squad/Controls/Qwerty/TOGGLE_STATUS_SCREEN
[LOG 17:45:14.447] Config(TAKE_SCREENSHOT) Squad/Controls/Qwerty/TAKE_SCREENSHOT
[LOG 17:45:14.447] Config(TOGGLE_LABELS) Squad/Controls/Qwerty/TOGGLE_LABELS
[LOG 17:45:14.447] Config(TOGGLE_TEMP_GAUGES) Squad/Controls/Qwerty/TOGGLE_TEMP_GAUGES
[LOG 17:45:14.447] Config(TOGGLE_TEMP_OVERLAY) Squad/Controls/Qwerty/TOGGLE_TEMP_OVERLAY
[LOG 17:45:14.447] Config(TOGGLE_FLIGHT_FORCES) Squad/Controls/Qwerty/TOGGLE_FLIGHT_FORCES
[LOG 17:45:14.447] Config(QUICKSAVE) Squad/Controls/Qwerty/QUICKSAVE
[LOG 17:45:14.447] Config(QUICKLOAD) Squad/Controls/Qwerty/QUICKLOAD
[LOG 17:45:14.447] Config(THROTTLE_CUTOFF) Squad/Controls/Qwerty/THROTTLE_CUTOFF
[LOG 17:45:14.447] Config(THROTTLE_FULL) Squad/Controls/Qwerty/THROTTLE_FULL
[LOG 17:45:14.447] Config(LANDING_GEAR) Squad/Controls/Qwerty/LANDING_GEAR
[LOG 17:45:14.447] Config(HEADLIGHT_TOGGLE) Squad/Controls/Qwerty/HEADLIGHT_TOGGLE
[LOG 17:45:14.448] Config(BRAKES) Squad/Controls/Qwerty/BRAKES
[LOG 17:45:14.448] Config(TOGGLE_SPACENAV_FLIGHT_CONTROL) Squad/Controls/Qwerty/TOGGLE_SPACENAV_FLIGHT_CONTROL
[LOG 17:45:14.448] Config(TOGGLE_SPACENAV_ROLL_LOCK) Squad/Controls/Qwerty/TOGGLE_SPACENAV_ROLL_LOCK
[LOG 17:45:14.448] Config(WHEEL_STEER_LEFT) Squad/Controls/Qwerty/WHEEL_STEER_LEFT
[LOG 17:45:14.448] Config(WHEEL_STEER_RIGHT) Squad/Controls/Qwerty/WHEEL_STEER_RIGHT
[LOG 17:45:14.448] Config(WHEEL_THROTTLE_DOWN) Squad/Controls/Qwerty/WHEEL_THROTTLE_DOWN
[LOG 17:45:14.448] Config(WHEEL_THROTTLE_UP) Squad/Controls/Qwerty/WHEEL_THROTTLE_UP
[LOG 17:45:14.448] Config(EVA_forward) Squad/Controls/Qwerty/EVA_forward
[LOG 17:45:14.448] Config(EVA_back) Squad/Controls/Qwerty/EVA_back
[LOG 17:45:14.448] Config(EVA_left) Squad/Controls/Qwerty/EVA_left
[LOG 17:45:14.448] Config(EVA_right) Squad/Controls/Qwerty/EVA_right
[LOG 17:45:14.448] Config(EVA_yaw_left) Squad/Controls/Qwerty/EVA_yaw_left
[LOG 17:45:14.448] Config(EVA_yaw_right) Squad/Controls/Qwerty/EVA_yaw_right
[LOG 17:45:14.448] Config(EVA_Pack_forward) Squad/Controls/Qwerty/EVA_Pack_forward
[LOG 17:45:14.448] Config(EVA_Pack_back) Squad/Controls/Qwerty/EVA_Pack_back
[LOG 17:45:14.448] Config(EVA_Pack_left) Squad/Controls/Qwerty/EVA_Pack_left
[LOG 17:45:14.448] Config(EVA_Pack_right) Squad/Controls/Qwerty/EVA_Pack_right
[LOG 17:45:14.448] Config(EVA_Pack_up) Squad/Controls/Qwerty/EVA_Pack_up
[LOG 17:45:14.448] Config(EVA_Pack_down) Squad/Controls/Qwerty/EVA_Pack_down
[LOG 17:45:14.448] Config(EVA_Jump) Squad/Controls/Qwerty/EVA_Jump
[LOG 17:45:14.448] Config(EVA_Run) Squad/Controls/Qwerty/EVA_Run
[LOG 17:45:14.448] Config(EVA_ToggleMovementMode) Squad/Controls/Qwerty/EVA_ToggleMovementMode
[LOG 17:45:14.448] Config(EVA_TogglePack) Squad/Controls/Qwerty/EVA_TogglePack
[LOG 17:45:14.448] Config(EVA_Use) Squad/Controls/Qwerty/EVA_Use
[LOG 17:45:14.448] Config(EVA_Board) Squad/Controls/Qwerty/EVA_Board
[LOG 17:45:14.448] Config(EVA_Orient) Squad/Controls/Qwerty/EVA_Orient
[LOG 17:45:14.448] Config(EVA_Lights) Squad/Controls/Qwerty/EVA_Lights
[LOG 17:45:14.448] Config(EVA_ChuteDeploy) Squad/Controls/Qwerty/EVA_ChuteDeploy
[LOG 17:45:14.448] Config(Editor_pitchUp) Squad/Controls/Qwerty/Editor_pitchUp
[LOG 17:45:14.448] Config(Editor_pitchDown) Squad/Controls/Qwerty/Editor_pitchDown
[LOG 17:45:14.448] Config(Editor_yawLeft) Squad/Controls/Qwerty/Editor_yawLeft
[LOG 17:45:14.448] Config(Editor_yawRight) Squad/Controls/Qwerty/Editor_yawRight
[LOG 17:45:14.448] Config(Editor_rollLeft) Squad/Controls/Qwerty/Editor_rollLeft
[LOG 17:45:14.448] Config(Editor_rollRight) Squad/Controls/Qwerty/Editor_rollRight
[LOG 17:45:14.448] Config(Editor_resetRotation) Squad/Controls/Qwerty/Editor_resetRotation
[LOG 17:45:14.448] Config(Editor_modePlace) Squad/Controls/Qwerty/Editor_modePlace
[LOG 17:45:14.448] Config(Editor_modeOffset) Squad/Controls/Qwerty/Editor_modeOffset
[LOG 17:45:14.448] Config(Editor_modeRotate) Squad/Controls/Qwerty/Editor_modeRotate
[LOG 17:45:14.448] Config(Editor_modeRoot) Squad/Controls/Qwerty/Editor_modeRoot
[LOG 17:45:14.448] Config(Editor_coordSystem) Squad/Controls/Qwerty/Editor_coordSystem
[LOG 17:45:14.448] Config(Editor_toggleSymMethod) Squad/Controls/Qwerty/Editor_toggleSymMethod
[LOG 17:45:14.448] Config(Editor_toggleSymMode) Squad/Controls/Qwerty/Editor_toggleSymMode
[LOG 17:45:14.449] Config(Editor_toggleAngleSnap) Squad/Controls/Qwerty/Editor_toggleAngleSnap
[LOG 17:45:14.449] Config(Editor_fineTweak) Squad/Controls/Qwerty/Editor_fineTweak
[LOG 17:45:14.449] Config(Editor_partSearch) Squad/Controls/Qwerty/Editor_partSearch
[LOG 17:45:14.449] Config(Editor_zoomScrollModifier) Squad/Controls/Qwerty/Editor_zoomScrollModifier
[LOG 17:45:14.449] Config(MODIFIER_KEY) Squad/Controls/Qwerty/MODIFIER_KEY
[LOG 17:45:14.449] Config(AbortActionGroup) Squad/Controls/Qwerty/AbortActionGroup
[LOG 17:45:14.449] Config(CustomActionGroup1) Squad/Controls/Qwerty/CustomActionGroup1
[LOG 17:45:14.449] Config(CustomActionGroup2) Squad/Controls/Qwerty/CustomActionGroup2
[LOG 17:45:14.449] Config(CustomActionGroup3) Squad/Controls/Qwerty/CustomActionGroup3
[LOG 17:45:14.449] Config(CustomActionGroup4) Squad/Controls/Qwerty/CustomActionGroup4
[LOG 17:45:14.449] Config(CustomActionGroup5) Squad/Controls/Qwerty/CustomActionGroup5
[LOG 17:45:14.449] Config(CustomActionGroup6) Squad/Controls/Qwerty/CustomActionGroup6
[LOG 17:45:14.449] Config(CustomActionGroup7) Squad/Controls/Qwerty/CustomActionGroup7
[LOG 17:45:14.449] Config(CustomActionGroup8) Squad/Controls/Qwerty/CustomActionGroup8
[LOG 17:45:14.449] Config(CustomActionGroup9) Squad/Controls/Qwerty/CustomActionGroup9
[LOG 17:45:14.449] Config(CustomActionGroup10) Squad/Controls/Qwerty/CustomActionGroup10
[LOG 17:45:14.449] Config(KEY_MAP) Squad/Controls/Qwerty/KEY_MAP
[LOG 17:45:14.449] Config(KEYBOARD_LAYOUT) Squad/Controls/Qwerty_en-GB/#autoLOC_6001228
[LOG 17:45:14.449] Config(KEY_MAP) Squad/Controls/Qwerty_en-GB/KEY_MAP
[LOG 17:45:14.449] Config(KEYBOARD_LAYOUT) Squad/Controls/Qwerty_es-LA/#autoLOC_6001229
[LOG 17:45:14.449] Config(CAMERA_MOUSE_TOGGLE) Squad/Controls/Qwerty_es-LA/CAMERA_MOUSE_TOGGLE
[LOG 17:45:14.449] Config(TIME_WARP_STOP) Squad/Controls/Qwerty_es-LA/TIME_WARP_STOP
[LOG 17:45:14.449] Config(FOCUS_NEXT_VESSEL) Squad/Controls/Qwerty_es-LA/FOCUS_NEXT_VESSEL
[LOG 17:45:14.449] Config(FOCUS_PREV_VESSEL) Squad/Controls/Qwerty_es-LA/FOCUS_PREV_VESSEL
[LOG 17:45:14.449] Config(CAMERA_RESET) Squad/Controls/Qwerty_es-LA/CAMERA_RESET
[LOG 17:45:14.449] Config(Editor_partSearch) Squad/Controls/Qwerty_es-LA/Editor_partSearch
[LOG 17:45:14.449] Config(KEY_MAP) Squad/Controls/Qwerty_es-LA/KEY_MAP
[LOG 17:45:14.449] Config(KEYBOARD_LAYOUT) Squad/Controls/Qwerty_it-IT/#autoLOC_6001230
[LOG 17:45:14.449] Config(FOCUS_NEXT_VESSEL) Squad/Controls/Qwerty_it-IT/FOCUS_NEXT_VESSEL
[LOG 17:45:14.449] Config(FOCUS_PREV_VESSEL) Squad/Controls/Qwerty_it-IT/FOCUS_PREV_VESSEL
[LOG 17:45:14.449] Config(CAMERA_MOUSE_TOGGLE) Squad/Controls/Qwerty_it-IT/CAMERA_MOUSE_TOGGLE
[LOG 17:45:14.449] Config(TIME_WARP_STOP) Squad/Controls/Qwerty_it-IT/TIME_WARP_STOP
[LOG 17:45:14.449] Config(CAMERA_RESET) Squad/Controls/Qwerty_it-IT/CAMERA_RESET
[LOG 17:45:14.449] Config(Editor_partSearch) Squad/Controls/Qwerty_it-IT/Editor_partSearch
[LOG 17:45:14.449] Config(KEY_MAP) Squad/Controls/Qwerty_it-IT/KEY_MAP
[LOG 17:45:14.449] Config(KEYBOARD_LAYOUT) Squad/Controls/Qwerty_ja-JP/#autoLOC_6001231
[LOG 17:45:14.449] Config(FOCUS_NEXT_VESSEL) Squad/Controls/Qwerty_ja-JP/FOCUS_NEXT_VESSEL
[LOG 17:45:14.449] Config(FOCUS_PREV_VESSEL) Squad/Controls/Qwerty_ja-JP/FOCUS_PREV_VESSEL
[LOG 17:45:14.449] Config(PRECISION_CTRL) Squad/Controls/Qwerty_ja-JP/PRECISION_CTRL
[LOG 17:45:14.449] Config(CAMERA_MOUSE_TOGGLE) Squad/Controls/Qwerty_ja-JP/CAMERA_MOUSE_TOGGLE
[LOG 17:45:14.449] Config(Editor_partSearch) Squad/Controls/Qwerty_ja-JP/Editor_partSearch
[LOG 17:45:14.449] Config(CAMERA_RESET) Squad/Controls/Qwerty_ja-JP/CAMERA_RESET
[LOG 17:45:14.449] Config(KEY_MAP) Squad/Controls/Qwerty_ja-JP/KEY_MAP
[LOG 17:45:14.449] Config(KEYBOARD_LAYOUT) Squad/Controls/Qwerty_pt-PT/#autoLOC_6001230
[LOG 17:45:14.449] Config(FOCUS_NEXT_VESSEL) Squad/Controls/Qwerty_pt-PT/FOCUS_NEXT_VESSEL
[LOG 17:45:14.449] Config(FOCUS_PREV_VESSEL) Squad/Controls/Qwerty_pt-PT/FOCUS_PREV_VESSEL
[LOG 17:45:14.449] Config(CAMERA_MOUSE_TOGGLE) Squad/Controls/Qwerty_pt-PT/CAMERA_MOUSE_TOGGLE
[LOG 17:45:14.449] Config(TIME_WARP_STOP) Squad/Controls/Qwerty_pt-PT/TIME_WARP_STOP
[LOG 17:45:14.450] Config(CAMERA_RESET) Squad/Controls/Qwerty_pt-PT/CAMERA_RESET
[LOG 17:45:14.450] Config(Editor_partSearch) Squad/Controls/Qwerty_pt-PT/Editor_partSearch
[LOG 17:45:14.450] Config(KEY_MAP) Squad/Controls/Qwerty_pt-PT/KEY_MAP
[LOG 17:45:14.450] Config(KEYBOARD_LAYOUT) Squad/Controls/Qwertz/#autoLOC_6001232
[LOG 17:45:14.450] Config(PITCH_DOWN) Squad/Controls/Qwertz/PITCH_DOWN
[LOG 17:45:14.450] Config(PITCH_UP) Squad/Controls/Qwertz/PITCH_UP
[LOG 17:45:14.450] Config(YAW_LEFT) Squad/Controls/Qwertz/YAW_LEFT
[LOG 17:45:14.450] Config(YAW_RIGHT) Squad/Controls/Qwertz/YAW_RIGHT
[LOG 17:45:14.450] Config(ROLL_LEFT) Squad/Controls/Qwertz/ROLL_LEFT
[LOG 17:45:14.450] Config(ROLL_RIGHT) Squad/Controls/Qwertz/ROLL_RIGHT
[LOG 17:45:14.450] Config(THROTTLE_UP) Squad/Controls/Qwertz/THROTTLE_UP
[LOG 17:45:14.450] Config(THROTTLE_DOWN) Squad/Controls/Qwertz/THROTTLE_DOWN
[LOG 17:45:14.450] Config(SAS_HOLD) Squad/Controls/Qwertz/SAS_HOLD
[LOG 17:45:14.450] Config(SAS_TOGGLE) Squad/Controls/Qwertz/SAS_TOGGLE
[LOG 17:45:14.450] Config(LAUNCH_STAGES) Squad/Controls/Qwertz/LAUNCH_STAGES
[LOG 17:45:14.450] Config(Docking_toggleRotLin) Squad/Controls/Qwertz/Docking_toggleRotLin
[LOG 17:45:14.450] Config(CAMERA_MODE) Squad/Controls/Qwertz/CAMERA_MODE
[LOG 17:45:14.450] Config(CAMERA_NEXT) Squad/Controls/Qwertz/CAMERA_NEXT
[LOG 17:45:14.450] Config(PAUSE) Squad/Controls/Qwertz/PAUSE
[LOG 17:45:14.450] Config(PRECISION_CTRL) Squad/Controls/Qwertz/PRECISION_CTRL
[LOG 17:45:14.450] Config(ZOOM_IN) Squad/Controls/Qwertz/ZOOM_IN
[LOG 17:45:14.450] Config(ZOOM_OUT) Squad/Controls/Qwertz/ZOOM_OUT
[LOG 17:45:14.450] Config(SCROLL_VIEW_UP) Squad/Controls/Qwertz/SCROLL_VIEW_UP
[LOG 17:45:14.450] Config(SCROLL_VIEW_DOWN) Squad/Controls/Qwertz/SCROLL_VIEW_DOWN
[LOG 17:45:14.450] Config(SCROLL_ICONS_UP) Squad/Controls/Qwertz/SCROLL_ICONS_UP
[LOG 17:45:14.450] Config(SCROLL_ICONS_DOWN) Squad/Controls/Qwertz/SCROLL_ICONS_DOWN
[LOG 17:45:14.450] Config(CAMERA_ORBIT_UP) Squad/Controls/Qwertz/CAMERA_ORBIT_UP
[LOG 17:45:14.450] Config(CAMERA_ORBIT_DOWN) Squad/Controls/Qwertz/CAMERA_ORBIT_DOWN
[LOG 17:45:14.450] Config(CAMERA_ORBIT_LEFT) Squad/Controls/Qwertz/CAMERA_ORBIT_LEFT
[LOG 17:45:14.450] Config(CAMERA_ORBIT_RIGHT) Squad/Controls/Qwertz/CAMERA_ORBIT_RIGHT
[LOG 17:45:14.450] Config(CAMERA_RESET) Squad/Controls/Qwertz/CAMERA_RESET
[LOG 17:45:14.450] Config(CAMERA_MOUSE_TOGGLE) Squad/Controls/Qwertz/CAMERA_MOUSE_TOGGLE
[LOG 17:45:14.450] Config(TIME_WARP_INCREASE) Squad/Controls/Qwertz/TIME_WARP_INCREASE
[LOG 17:45:14.450] Config(TIME_WARP_DECREASE) Squad/Controls/Qwertz/TIME_WARP_DECREASE
[LOG 17:45:14.450] Config(TIME_WARP_STOP) Squad/Controls/Qwertz/TIME_WARP_STOP
[LOG 17:45:14.450] Config(MAP_VIEW_TOGGLE) Squad/Controls/Qwertz/MAP_VIEW_TOGGLE
[LOG 17:45:14.450] Config(NAVBALL_TOGGLE) Squad/Controls/Qwertz/NAVBALL_TOGGLE
[LOG 17:45:14.450] Config(UIMODE_STAGING) Squad/Controls/Qwertz/UIMODE_STAGING
[LOG 17:45:14.450] Config(UIMODE_DOCKING) Squad/Controls/Qwertz/UIMODE_DOCKING
[LOG 17:45:14.450] Config(TRANSLATE_DOWN) Squad/Controls/Qwertz/TRANSLATE_DOWN
[LOG 17:45:14.450] Config(TRANSLATE_UP) Squad/Controls/Qwertz/TRANSLATE_UP
[LOG 17:45:14.450] Config(TRANSLATE_LEFT) Squad/Controls/Qwertz/TRANSLATE_LEFT
[LOG 17:45:14.450] Config(TRANSLATE_RIGHT) Squad/Controls/Qwertz/TRANSLATE_RIGHT
[LOG 17:45:14.450] Config(TRANSLATE_FWD) Squad/Controls/Qwertz/TRANSLATE_FWD
[LOG 17:45:14.450] Config(TRANSLATE_BACK) Squad/Controls/Qwertz/TRANSLATE_BACK
[LOG 17:45:14.450] Config(RCS_TOGGLE) Squad/Controls/Qwertz/RCS_TOGGLE
[LOG 17:45:14.450] Config(FOCUS_NEXT_VESSEL) Squad/Controls/Qwertz/FOCUS_NEXT_VESSEL
[LOG 17:45:14.450] Config(FOCUS_PREV_VESSEL) Squad/Controls/Qwertz/FOCUS_PREV_VESSEL
[LOG 17:45:14.451] Config(TOGGLE_UI) Squad/Controls/Qwertz/TOGGLE_UI
[LOG 17:45:14.451] Config(TOGGLE_STATUS_SCREEN) Squad/Controls/Qwertz/TOGGLE_STATUS_SCREEN
[LOG 17:45:14.451] Config(TAKE_SCREENSHOT) Squad/Controls/Qwertz/TAKE_SCREENSHOT
[LOG 17:45:14.451] Config(TOGGLE_LABELS) Squad/Controls/Qwertz/TOGGLE_LABELS
[LOG 17:45:14.451] Config(TOGGLE_TEMP_GAUGES) Squad/Controls/Qwertz/TOGGLE_TEMP_GAUGES
[LOG 17:45:14.451] Config(TOGGLE_TEMP_OVERLAY) Squad/Controls/Qwertz/TOGGLE_TEMP_OVERLAY
[LOG 17:45:14.451] Config(TOGGLE_FLIGHT_FORCES) Squad/Controls/Qwertz/TOGGLE_FLIGHT_FORCES
[LOG 17:45:14.451] Config(QUICKSAVE) Squad/Controls/Qwertz/QUICKSAVE
[LOG 17:45:14.451] Config(QUICKLOAD) Squad/Controls/Qwertz/QUICKLOAD
[LOG 17:45:14.451] Config(THROTTLE_CUTOFF) Squad/Controls/Qwertz/THROTTLE_CUTOFF
[LOG 17:45:14.451] Config(THROTTLE_FULL) Squad/Controls/Qwertz/THROTTLE_FULL
[LOG 17:45:14.451] Config(LANDING_GEAR) Squad/Controls/Qwertz/LANDING_GEAR
[LOG 17:45:14.451] Config(HEADLIGHT_TOGGLE) Squad/Controls/Qwertz/HEADLIGHT_TOGGLE
[LOG 17:45:14.451] Config(BRAKES) Squad/Controls/Qwertz/BRAKES
[LOG 17:45:14.451] Config(TOGGLE_SPACENAV_FLIGHT_CONTROL) Squad/Controls/Qwertz/TOGGLE_SPACENAV_FLIGHT_CONTROL
[LOG 17:45:14.451] Config(TOGGLE_SPACENAV_ROLL_LOCK) Squad/Controls/Qwertz/TOGGLE_SPACENAV_ROLL_LOCK
[LOG 17:45:14.451] Config(WHEEL_STEER_LEFT) Squad/Controls/Qwertz/WHEEL_STEER_LEFT
[LOG 17:45:14.451] Config(WHEEL_STEER_RIGHT) Squad/Controls/Qwertz/WHEEL_STEER_RIGHT
[LOG 17:45:14.451] Config(WHEEL_THROTTLE_DOWN) Squad/Controls/Qwertz/WHEEL_THROTTLE_DOWN
[LOG 17:45:14.451] Config(WHEEL_THROTTLE_UP) Squad/Controls/Qwertz/WHEEL_THROTTLE_UP
[LOG 17:45:14.451] Config(EVA_forward) Squad/Controls/Qwertz/EVA_forward
[LOG 17:45:14.451] Config(EVA_back) Squad/Controls/Qwertz/EVA_back
[LOG 17:45:14.451] Config(EVA_left) Squad/Controls/Qwertz/EVA_left
[LOG 17:45:14.451] Config(EVA_right) Squad/Controls/Qwertz/EVA_right
[LOG 17:45:14.451] Config(EVA_yaw_left) Squad/Controls/Qwertz/EVA_yaw_left
[LOG 17:45:14.451] Config(EVA_yaw_right) Squad/Controls/Qwertz/EVA_yaw_right
[LOG 17:45:14.451] Config(EVA_Pack_forward) Squad/Controls/Qwertz/EVA_Pack_forward
[LOG 17:45:14.451] Config(EVA_Pack_back) Squad/Controls/Qwertz/EVA_Pack_back
[LOG 17:45:14.451] Config(EVA_Pack_left) Squad/Controls/Qwertz/EVA_Pack_left
[LOG 17:45:14.451] Config(EVA_Pack_right) Squad/Controls/Qwertz/EVA_Pack_right
[LOG 17:45:14.451] Config(EVA_Pack_up) Squad/Controls/Qwertz/EVA_Pack_up
[LOG 17:45:14.451] Config(EVA_Pack_down) Squad/Controls/Qwertz/EVA_Pack_down
[LOG 17:45:14.451] Config(EVA_Jump) Squad/Controls/Qwertz/EVA_Jump
[LOG 17:45:14.451] Config(EVA_Run) Squad/Controls/Qwertz/EVA_Run
[LOG 17:45:14.451] Config(EVA_ToggleMovementMode) Squad/Controls/Qwertz/EVA_ToggleMovementMode
[LOG 17:45:14.451] Config(EVA_TogglePack) Squad/Controls/Qwertz/EVA_TogglePack
[LOG 17:45:14.451] Config(EVA_Use) Squad/Controls/Qwertz/EVA_Use
[LOG 17:45:14.451] Config(EVA_Board) Squad/Controls/Qwertz/EVA_Board
[LOG 17:45:14.451] Config(EVA_Orient) Squad/Controls/Qwertz/EVA_Orient
[LOG 17:45:14.451] Config(EVA_Lights) Squad/Controls/Qwertz/EVA_Lights
[LOG 17:45:14.451] Config(Editor_pitchUp) Squad/Controls/Qwertz/Editor_pitchUp
[LOG 17:45:14.451] Config(Editor_pitchDown) Squad/Controls/Qwertz/Editor_pitchDown
[LOG 17:45:14.451] Config(Editor_yawLeft) Squad/Controls/Qwertz/Editor_yawLeft
[LOG 17:45:14.451] Config(Editor_yawRight) Squad/Controls/Qwertz/Editor_yawRight
[LOG 17:45:14.451] Config(Editor_rollLeft) Squad/Controls/Qwertz/Editor_rollLeft
[LOG 17:45:14.451] Config(Editor_rollRight) Squad/Controls/Qwertz/Editor_rollRight
[LOG 17:45:14.452] Config(Editor_resetRotation) Squad/Controls/Qwertz/Editor_resetRotation
[LOG 17:45:14.452] Config(Editor_modePlace) Squad/Controls/Qwertz/Editor_modePlace
[LOG 17:45:14.452] Config(Editor_modeOffset) Squad/Controls/Qwertz/Editor_modeOffset
[LOG 17:45:14.452] Config(Editor_modeRotate) Squad/Controls/Qwertz/Editor_modeRotate
[LOG 17:45:14.452] Config(Editor_modeRoot) Squad/Controls/Qwertz/Editor_modeRoot
[LOG 17:45:14.452] Config(Editor_coordSystem) Squad/Controls/Qwertz/Editor_coordSystem
[LOG 17:45:14.452] Config(Editor_toggleSymMethod) Squad/Controls/Qwertz/Editor_toggleSymMethod
[LOG 17:45:14.452] Config(Editor_toggleSymMode) Squad/Controls/Qwertz/Editor_toggleSymMode
[LOG 17:45:14.452] Config(Editor_toggleAngleSnap) Squad/Controls/Qwertz/Editor_toggleAngleSnap
[LOG 17:45:14.452] Config(Editor_fineTweak) Squad/Controls/Qwertz/Editor_fineTweak
[LOG 17:45:14.452] Config(Editor_partSearch) Squad/Controls/Qwertz/Editor_partSearch
[LOG 17:45:14.452] Config(Editor_zoomScrollModifier) Squad/Controls/Qwertz/Editor_zoomScrollModifier
[LOG 17:45:14.452] Config(MODIFIER_KEY) Squad/Controls/Qwertz/MODIFIER_KEY
[LOG 17:45:14.452] Config(AbortActionGroup) Squad/Controls/Qwertz/AbortActionGroup
[LOG 17:45:14.452] Config(CustomActionGroup1) Squad/Controls/Qwertz/CustomActionGroup1
[LOG 17:45:14.452] Config(CustomActionGroup2) Squad/Controls/Qwertz/CustomActionGroup2
[LOG 17:45:14.452] Config(CustomActionGroup3) Squad/Controls/Qwertz/CustomActionGroup3
[LOG 17:45:14.452] Config(CustomActionGroup4) Squad/Controls/Qwertz/CustomActionGroup4
[LOG 17:45:14.452] Config(CustomActionGroup5) Squad/Controls/Qwertz/CustomActionGroup5
[LOG 17:45:14.452] Config(CustomActionGroup6) Squad/Controls/Qwertz/CustomActionGroup6
[LOG 17:45:14.452] Config(CustomActionGroup7) Squad/Controls/Qwertz/CustomActionGroup7
[LOG 17:45:14.452] Config(CustomActionGroup8) Squad/Controls/Qwertz/CustomActionGroup8
[LOG 17:45:14.452] Config(CustomActionGroup9) Squad/Controls/Qwertz/CustomActionGroup9
[LOG 17:45:14.452] Config(CustomActionGroup10) Squad/Controls/Qwertz/CustomActionGroup10
[LOG 17:45:14.452] Config(KEY_MAP) Squad/Controls/Qwertz/KEY_MAP
[LOG 17:45:14.452] Config(EXPERIENCE_TRAIT) Squad/Experience/Traits/Pilot
[LOG 17:45:14.452] Config(EXPERIENCE_TRAIT) Squad/Experience/Traits/Engineer
[LOG 17:45:14.452] Config(EXPERIENCE_TRAIT) Squad/Experience/Traits/Scientist
[LOG 17:45:14.452] Config(EXPERIENCE_TRAIT) Squad/Experience/Traits/Tourist
[LOG 17:45:14.452] Config(Localization) Squad/Localization/dictionary/Localization
[LOG 17:45:14.452] Config(MISSIONPACK) Squad/Missions/MissionPacks/squad_ESA
[LOG 17:45:14.452] Config(VARIANTTHEME) Squad/Parts/VariantThemes/White
[LOG 17:45:14.452] Config(VARIANTTHEME) Squad/Parts/VariantThemes/BlackAndWhite
[LOG 17:45:14.452] Config(VARIANTTHEME) Squad/Parts/VariantThemes/GrayAndOrange
[LOG 17:45:14.452] Config(VARIANTTHEME) Squad/Parts/VariantThemes/Dark
[LOG 17:45:14.452] Config(VARIANTTHEME) Squad/Parts/VariantThemes/Gray
[LOG 17:45:14.452] Config(VARIANTTHEME) Squad/Parts/VariantThemes/Orange
[LOG 17:45:14.452] Config(VARIANTTHEME) Squad/Parts/VariantThemes/Gold
[LOG 17:45:14.453] Config(VARIANTTHEME) Squad/Parts/VariantThemes/Bare
[LOG 17:45:14.453] Config(VARIANTTHEME) Squad/Parts/VariantThemes/Shroud
[LOG 17:45:14.453] Config(VARIANTTHEME) Squad/Parts/VariantThemes/GrayAndWhite
[LOG 17:45:14.453] Config(VARIANTTHEME) Squad/Parts/VariantThemes/YellowAndWhite
[LOG 17:45:14.453] Config(VARIANTTHEME) Squad/Parts/VariantThemes/Silver
[LOG 17:45:14.453] Config(VARIANTTHEME) Squad/Parts/VariantThemes/Gray with Stripes
[LOG 17:45:14.453] Config(PART) Squad/Parts/Aero/aerodynamicNoseCone/aerodynamicNoseCone/noseCone
[LOG 17:45:14.453] Config(PART) Squad/Parts/Aero/airbrake/Airbrake/airbrake1
[LOG 17:45:14.453] Config(PART) Squad/Parts/Aero/airIntakeRadialXM-G50/airIntakeRadialXM-G50/airScoop
[LOG 17:45:14.453] Config(PART) Squad/Parts/Aero/airlinerWings/ControlSurface/airlinerCtrlSrf
[LOG 17:45:14.453] Config(PART) Squad/Parts/Aero/airlinerWings/MainWing/airlinerMainWing
[LOG 17:45:14.453] Config(PART) Squad/Parts/Aero/airlinerWings/TailFin/airlinerTailFin
[LOG 17:45:14.453] Config(PART) Squad/Parts/Aero/airplaneFins/advancedCanard/AdvancedCanard
[LOG 17:45:14.453] Config(PART) Squad/Parts/Aero/airplaneFins/standardCanard/CanardController
[LOG 17:45:14.453] Config(PART) Squad/Parts/Aero/airplaneFins/sweptWing/sweptWing
[LOG 17:45:14.453] Config(PART) Squad/Parts/Aero/airplaneFins/tailfin/tailfin
[LOG 17:45:14.453] Config(PART) Squad/Parts/Aero/basicFin/basicFin/basicFin
[LOG 17:45:14.453] Config(PART) Squad/Parts/Aero/circularIntake/circularIntake/CircularIntake
[LOG 17:45:14.453] Config(PART) Squad/Parts/Aero/circularIntake/intakeShockCone/shockConeIntake
[LOG 17:45:14.453] Config(PART) Squad/Parts/Aero/cones/avionicsNoseCone/avionicsNoseCone
[LOG 17:45:14.453] Config(PART) Squad/Parts/Aero/cones/ConeA/pointyNoseConeA
[LOG 17:45:14.453] Config(PART) Squad/Parts/Aero/cones/ConeB/pointyNoseConeB
[LOG 17:45:14.453] Config(PART) Squad/Parts/Aero/cones/noseConeAdapter/noseConeAdapter
[LOG 17:45:14.453] Config(PART) Squad/Parts/Aero/cones/protectiveRocketNoseMk7_v2/rocketNoseCone_v2
[LOG 17:45:14.453] Config(PART) Squad/Parts/Aero/cones/protectiveRocketNoseMk7_v3/rocketNoseCone_v3
[LOG 17:45:14.453] Config(PART) Squad/Parts/Aero/cones/rocketNoseCone_size3/rocketNoseConeSize3
[LOG 17:45:14.453] Config(PART) Squad/Parts/Aero/cones/smallNoseCone/standardNoseCone
[LOG 17:45:14.453] Config(PART) Squad/Parts/Aero/cones/tailConnectorA/airplaneTail
[LOG 17:45:14.453] Config(PART) Squad/Parts/Aero/cones/tailConnectorB/airplaneTailB
[LOG 17:45:14.453] Config(PART) Squad/Parts/Aero/fairings/fairingSize1/fairingSize1
[LOG 17:45:14.453] Config(PART) Squad/Parts/Aero/fairings/fairingSize2/fairingSize2
[LOG 17:45:14.453] Config(PART) Squad/Parts/Aero/fairings/fairingSize3/fairingSize3
[LOG 17:45:14.453] Config(PART) Squad/Parts/Aero/HeatShield/HeatShield0/HeatShield0
[LOG 17:45:14.453] Config(PART) Squad/Parts/Aero/HeatShield/HeatShield1/HeatShield1
[LOG 17:45:14.453] Config(PART) Squad/Parts/Aero/HeatShield/HeatShield2/HeatShield2
[LOG 17:45:14.453] Config(PART) Squad/Parts/Aero/HeatShield/HeatShield3/HeatShield3
[LOG 17:45:14.453] Config(PART) Squad/Parts/Aero/InflatableHeatShield/HeatShield/InflatableHeatShield
[LOG 17:45:14.453] Config(PART) Squad/Parts/Aero/intakeRadialLong/intakeRadialLong/IntakeRadialLong
[LOG 17:45:14.453] Config(PART) Squad/Parts/Aero/miniIntake/SmallIntake/miniIntake
[LOG 17:45:14.453] Config(PART) Squad/Parts/Aero/ramAirIntake/ramAirIntake/ramAirIntake
[LOG 17:45:14.453] Config(PART) Squad/Parts/Aero/shuttleWings/delta/wingShuttleDelta
[LOG 17:45:14.454] Config(PART) Squad/Parts/Aero/shuttleWings/elevon1/wingShuttleElevon1
[LOG 17:45:14.454] Config(PART) Squad/Parts/Aero/shuttleWings/elevon2/wingShuttleElevon2
[LOG 17:45:14.454] Config(PART) Squad/Parts/Aero/shuttleWings/rudder/wingShuttleRudder
[LOG 17:45:14.454] Config(PART) Squad/Parts/Aero/shuttleWings/strake/wingShuttleStrake
[LOG 17:45:14.454] Config(PART) Squad/Parts/Aero/wingletAV-R8/wingletAV-R8/R8winglet
[LOG 17:45:14.454] Config(PART) Squad/Parts/Aero/wingletAV-T1/wingletAV-T1/winglet
[LOG 17:45:14.454] Config(PART) Squad/Parts/Aero/wingletDeltaDeluxe/wingletDeltaDeluxe/winglet3
[LOG 17:45:14.454] Config(PART) Squad/Parts/Aero/wings/connector1/wingConnector
[LOG 17:45:14.454] Config(PART) Squad/Parts/Aero/wings/connector2/wingConnector2
[LOG 17:45:14.454] Config(PART) Squad/Parts/Aero/wings/connector3/wingConnector3
[LOG 17:45:14.454] Config(PART) Squad/Parts/Aero/wings/connector4/wingConnector4
[LOG 17:45:14.454] Config(PART) Squad/Parts/Aero/wings/connector5/wingConnector5
[LOG 17:45:14.454] Config(PART) Squad/Parts/Aero/wings/delta/deltaWing
[LOG 17:45:14.454] Config(PART) Squad/Parts/Aero/wings/delta_small/delta_small
[LOG 17:45:14.454] Config(PART) Squad/Parts/Aero/wings/elevon1/StandardCtrlSrf
[LOG 17:45:14.454] Config(PART) Squad/Parts/Aero/wings/elevon2/elevon2
[LOG 17:45:14.454] Config(PART) Squad/Parts/Aero/wings/elevon3/elevon3
[LOG 17:45:14.454] Config(PART) Squad/Parts/Aero/wings/elevon4/smallCtrlSrf
[LOG 17:45:14.454] Config(PART) Squad/Parts/Aero/wings/elevon5/elevon5
[LOG 17:45:14.454] Config(PART) Squad/Parts/Aero/wings/strake/wingStrake
[LOG 17:45:14.454] Config(PART) Squad/Parts/Aero/wings/structural1/structuralWing
[LOG 17:45:14.454] Config(PART) Squad/Parts/Aero/wings/structural2/structuralWing2
[LOG 17:45:14.454] Config(PART) Squad/Parts/Aero/wings/structural3/structuralWing3
[LOG 17:45:14.454] Config(PART) Squad/Parts/Aero/wings/structural4/structuralWing4
[LOG 17:45:14.454] Config(PART) Squad/Parts/Aero/wings/swept1/sweptWing1
[LOG 17:45:14.454] Config(PART) Squad/Parts/Aero/wings/swept2/sweptWing2
[LOG 17:45:14.454] Config(PART) Squad/Parts/Cargo/CargoContainers/cargoContainer/cargoContainer
[LOG 17:45:14.454] Config(PART) Squad/Parts/Cargo/CargoContainers/smallCargoContainer/smallCargoContainer
[LOG 17:45:14.454] Config(PART) Squad/Parts/Cargo/Cylinder/Cylinder/evaCylinder
[LOG 17:45:14.454] Config(PART) Squad/Parts/Cargo/GroundAnchor/groundAnchor/groundAnchor
[LOG 17:45:14.454] Config(PART) Squad/Parts/Cargo/Jetpack/Jetpack/evaJetpack
[LOG 17:45:14.454] Config(PART) Squad/Parts/Cargo/Parachute/Parachute/evaChute
[LOG 17:45:14.454] Config(PART) Squad/Parts/Cargo/RepairKit/RepairKit/evaRepairKit
[LOG 17:45:14.454] Config(PART) Squad/Parts/Cargo/ScienceKit/evaScienceKit/evaScienceKit
[LOG 17:45:14.454] Config(PART) Squad/Parts/Cargo/StorageUnits/CargoStorageUnit/CargoStorageUnit
[LOG 17:45:14.454] Config(PART) Squad/Parts/Cargo/StorageUnits/ConformalStorageUnit/ConformalStorageUnit
[LOG 17:45:14.454] Config(PART) Squad/Parts/Command/advancedSasModuleLarge/advSasModuleLarge/asasmodule1-2
[LOG 17:45:14.454] Config(PART) Squad/Parts/Command/cupola/cupola/cupola
[LOG 17:45:14.454] Config(PART) Squad/Parts/Command/externalCommandSeat/externalCommandSeat/seatExternalCmd
[LOG 17:45:14.454] Config(PART) Squad/Parts/Command/hitchhikerStorageContainer/hitchikerStorageContainer/crewCabin
[LOG 17:45:14.455] Config(PART) Squad/Parts/Command/inlineAdvancedStabilizer/inlineAdvancedStabilizer/advSasModule
[LOG 17:45:14.455] Config(PART) Squad/Parts/Command/inlineReactionWheel/inlineReactionWheel/sasModule
[LOG 17:45:14.455] Config(PART) Squad/Parts/Command/Mk1-3Pod/mk1-3/mk1-3pod
[LOG 17:45:14.455] Config(PART) Squad/Parts/Command/mk1Cockpits/mk1Cockpit/Mark1Cockpit
[LOG 17:45:14.455] Config(PART) Squad/Parts/Command/mk1Cockpits/mk1CrewCabin/MK1CrewCabin
[LOG 17:45:14.455] Config(PART) Squad/Parts/Command/mk1Cockpits/mk1InlineCockpit/Mark2Cockpit
[LOG 17:45:14.455] Config(PART) Squad/Parts/Command/mk1LanderCan/mk1LanderCan/landerCabinSmall
[LOG 17:45:14.455] Config(PART) Squad/Parts/Command/mk1pod_v2/mk1Pod_v2/mk1pod_v2
[LOG 17:45:14.455] Config(PART) Squad/Parts/Command/mk2CockpitInline/mk2CockpitInline/mk2Cockpit_Inline
[LOG 17:45:14.455] Config(PART) Squad/Parts/Command/mk2CockpitStandard/mk2CockpitStandard/mk2Cockpit_Standard
[LOG 17:45:14.455] Config(PART) Squad/Parts/Command/mk2DroneCore/mk2Dronecore/mk2DroneCore
[LOG 17:45:14.455] Config(PART) Squad/Parts/Command/mk2LanderCan/mk2LanderCan/mk2LanderCabin
[LOG 17:45:14.455] Config(PART) Squad/Parts/Command/mk2LanderCan_v2/mk2LanderCan_v2/mk2LanderCabin_v2
[LOG 17:45:14.455] Config(PART) Squad/Parts/Command/mk3CockpitShuttle/mk3CockpitShuttle/mk3Cockpit_Shuttle
[LOG 17:45:14.455] Config(PART) Squad/Parts/Command/MpoProbe/MpoProbe/MpoProbe
[LOG 17:45:14.455] Config(PART) Squad/Parts/Command/MtmStage/MTM_Stage/MtmStage
[LOG 17:45:14.455] Config(PART) Squad/Parts/Command/probeCoreCube/probeCoreCube/probeCoreCube
[LOG 17:45:14.455] Config(PART) Squad/Parts/Command/probeCoreHex/probeCoreHex/probeCoreHex
[LOG 17:45:14.455] Config(PART) Squad/Parts/Command/probeCoreHex_v2/probeCoreHex_v2/probeCoreHex_v2
[LOG 17:45:14.455] Config(PART) Squad/Parts/Command/probeCoreOcto2_v2/probeCoreOcto2_v2/probeCoreOcto2_v2
[LOG 17:45:14.455] Config(PART) Squad/Parts/Command/probeCoreOcto_v2/probeCoreOcto_v2/probeCoreOcto_v2
[LOG 17:45:14.455] Config(PART) Squad/Parts/Command/probeRoverBody/probeRoverBody/roverBody
[LOG 17:45:14.455] Config(PART) Squad/Parts/Command/probeRoverBody_v2/probeRoverBody_v2/roverBody_v2
[LOG 17:45:14.455] Config(PART) Squad/Parts/Command/probeStackLarge/probeStackLarge/probeStackLarge
[LOG 17:45:14.455] Config(PART) Squad/Parts/Command/probeStackSmall/probeStackSmall/probeStackSmall
[LOG 17:45:14.455] Config(PART) Squad/Parts/Command/probeStackSphere_v2/probeStackSphere_v2/probeCoreSphere_v2
[LOG 17:45:14.455] Config(PART) Squad/Parts/CompoundParts/FuelLine/fuelLine/fuelLine
[LOG 17:45:14.455] Config(PART) Squad/Parts/CompoundParts/strutConnector/strutConnector/strutConnector
[LOG 17:45:14.455] Config(PART) Squad/Parts/Coupling/Decoupler_0/Decoupler_0
[LOG 17:45:14.455] Config(PART) Squad/Parts/Coupling/Decoupler_1/Decoupler_1
[LOG 17:45:14.455] Config(PART) Squad/Parts/Coupling/Decoupler_2/Decoupler_2
[LOG 17:45:14.455] Config(PART) Squad/Parts/Coupling/Decoupler_3/Decoupler_3
[LOG 17:45:14.455] Config(PART) Squad/Parts/Coupling/Separator_0/Separator_0
[LOG 17:45:14.455] Config(PART) Squad/Parts/Coupling/Separator_1/Separator_1
[LOG 17:45:14.455] Config(PART) Squad/Parts/Coupling/Separator_2/Separator_2
[LOG 17:45:14.455] Config(PART) Squad/Parts/Coupling/Separator_3/Separator_3
[LOG 17:45:14.455] Config(PART) Squad/Parts/Electrical/10CSolarPanels/OX-10C/solarPanelOX10C
[LOG 17:45:14.456] Config(PART) Squad/Parts/Electrical/10CSolarPanels/SP-10C/solarPanelSP10C
[LOG 17:45:14.456] Config(PART) Squad/Parts/Electrical/10LSolarPanels/OX-10L/solarPanelOX10L
[LOG 17:45:14.456] Config(PART) Squad/Parts/Electrical/10LSolarPanels/SP-10L/solarPanelSP10L
[LOG 17:45:14.456] Config(PART) Squad/Parts/Electrical/1x6ShroudSolarPanels/1x6ShroudSolarPanels/solarPanels2
[LOG 17:45:14.456] Config(PART) Squad/Parts/Electrical/1x6SolarPanels/1x6SolarPanels/solarPanels4
[LOG 17:45:14.456] Config(PART) Squad/Parts/Electrical/3x2ShroudSolarPanels/3x2ShroudSolarPanels/solarPanels1
[LOG 17:45:14.456] Config(PART) Squad/Parts/Electrical/3x2SolarPanels/3x2SolarPanels/solarPanels3
[LOG 17:45:14.456] Config(PART) Squad/Parts/Electrical/gigantorXlSolarArray/gigantorXlSolarArray/largeSolarPanel
[LOG 17:45:14.456] Config(PART) Squad/Parts/Electrical/radialFlatSolarPanel/radialFlatSolarPanel/solarPanels5
[LOG 17:45:14.456] Config(PART) Squad/Parts/Electrical/RTG/RTG/rtg
[LOG 17:45:14.456] Config(PART) Squad/Parts/Electrical/z-100Battery/z-100Battery/batteryPack
[LOG 17:45:14.456] Config(PART) Squad/Parts/Electrical/z-1kBattery/z-1kBattery/batteryBank
[LOG 17:45:14.456] Config(PART) Squad/Parts/Electrical/z-200Battery/z-200Battery/batteryBankMini
[LOG 17:45:14.456] Config(PART) Squad/Parts/Electrical/z-400Battery/z-400Battery/ksp_r_largeBatteryPack
[LOG 17:45:14.456] Config(PART) Squad/Parts/Electrical/z-4kBattery/z-4kBattery/batteryBankLarge
[LOG 17:45:14.456] Config(PART) Squad/Parts/Engine/ionEngine/ionEngine/ionEngine
[LOG 17:45:14.456] Config(PART) Squad/Parts/Engine/jetEngines/jetEngineAfterburning/turboJet
[LOG 17:45:14.456] Config(PART) Squad/Parts/Engine/jetEngines/jetEngineBasic/JetEngine
[LOG 17:45:14.456] Config(PART) Squad/Parts/Engine/jetEngines/jetEngineBig/turboFanSize2
[LOG 17:45:14.457] Config(PART) Squad/Parts/Engine/jetEngines/jetEngineTurbo/turboFanEngine
[LOG 17:45:14.457] Config(PART) Squad/Parts/Engine/liquidEngine24-77/liquidEngine24-77/smallRadialEngine
[LOG 17:45:14.457] Config(PART) Squad/Parts/Engine/liquidEngine24-77_v2/liquidEngine24-77_v2/smallRadialEngine_v2
[LOG 17:45:14.457] Config(PART) Squad/Parts/Engine/liquidEngine48-7S_v2/liquidEngine48-7S_v2/liquidEngineMini_v2
[LOG 17:45:14.457] Config(PART) Squad/Parts/Engine/liquidEngineAerospike/liquidEngineAerospike/toroidalAerospike
[LOG 17:45:14.457] Config(PART) Squad/Parts/Engine/liquidEngineLV-1_v2/liquidEngineLV-1R _v2/radialEngineMini_v2
[LOG 17:45:14.457] Config(PART) Squad/Parts/Engine/liquidEngineLV-1_v2/liquidEngineLV-1_v2/microEngine_v2
[LOG 17:45:14.457] Config(PART) Squad/Parts/Engine/liquidEngineLV-909_v2/liquidEngineLV-909_v2/liquidEngine3_v2
[LOG 17:45:14.457] Config(PART) Squad/Parts/Engine/liquidEngineLV-N/liquidEngineLV-N/nuclearEngine
[LOG 17:45:14.457] Config(PART) Squad/Parts/Engine/liquidEngineLV-T30/liquidEngineLV-T30/liquidEngine
[LOG 17:45:14.457] Config(PART) Squad/Parts/Engine/liquidEngineLV-T30_v2/liquidEngineLV-T30_v2/liquidEngine_v2
[LOG 17:45:14.457] Config(PART) Squad/Parts/Engine/liquidEngineLV-T45/liquidEngineLV-T45/liquidEngine2
[LOG 17:45:14.457] Config(PART) Squad/Parts/Engine/liquidEngineLV-T45_v2/liquidEngineLV-T45_v2/liquidEngine2_v2
[LOG 17:45:14.457] Config(PART) Squad/Parts/Engine/liquidEngineMainsail_v2/liquidEngineMainsail_v2/liquidEngineMainsail_v2
[LOG 17:45:14.457] Config(PART) Squad/Parts/Engine/liquidEngineMk55/liquidEngineMk55/radialLiquidEngine1-2
[LOG 17:45:14.457] Config(PART) Squad/Parts/Engine/liquidEnginePoodle_v2/liquidEnginePoodle_v2/liquidEngine2-2_v2
[LOG 17:45:14.457] Config(PART) Squad/Parts/Engine/liquidEngineSkipper_v2/skipperLiquidEngine_v2/engineLargeSkipper_v2
[LOG 17:45:14.457] Config(PART) Squad/Parts/Engine/liquidEngineSSME/SSME/SSME
[LOG 17:45:14.457] Config(PART) Squad/Parts/Engine/MassiveSRB/part/MassiveBooster
[LOG 17:45:14.457] Config(PART) Squad/Parts/Engine/miniJet/SmallJetEngine/miniJetEngine
[LOG 17:45:14.457] Config(PART) Squad/Parts/Engine/OMSEngine/omsEngine/omsEngine
[LOG 17:45:14.457] Config(PART) Squad/Parts/Engine/rapierEngine/rapierEngine/RAPIER
[LOG 17:45:14.457] Config(PART) Squad/Parts/Engine/Size1_SRBs/solidBoosterRT-10_v2/solidBooster_v2
[LOG 17:45:14.457] Config(PART) Squad/Parts/Engine/Size1_SRBs/solidBoosterRT-5_v2/solidBooster_sm_v2
[LOG 17:45:14.457] Config(PART) Squad/Parts/Engine/Size2LFB/part/Size2LFB
[LOG 17:45:14.457] Config(PART) Squad/Parts/Engine/Size2LFB_v2/part/Size2LFB_v2
[LOG 17:45:14.457] Config(PART) Squad/Parts/Engine/Size3AdvancedEngine/part/Size3AdvancedEngine
[LOG 17:45:14.457] Config(PART) Squad/Parts/Engine/Size3EngineCluster/part/Size3EngineCluster
[LOG 17:45:14.457] Config(PART) Squad/Parts/Engine/solidBoosterBACC/solidBoosterBACC/solidBooster1-1
[LOG 17:45:14.457] Config(PART) Squad/Parts/Engine/solidBoosterS2-17/solidBoosterS2-17/Thoroughbred
[LOG 17:45:14.457] Config(PART) Squad/Parts/Engine/solidBoosterS2-33/solidBoosterS2-33/Clydesdale
[LOG 17:45:14.457] Config(PART) Squad/Parts/Engine/solidBoosterSep/solidBoosterSep/sepMotor1
[LOG 17:45:14.457] Config(PART) Squad/Parts/Engine/SolidBoostersF/SolidBoosterF3S0/Shrimp
[LOG 17:45:14.457] Config(PART) Squad/Parts/Engine/SolidBoostersF/SolidBoosterFM1/Mite
[LOG 17:45:14.458] Config(PART) Squad/Parts/FuelTank/adapterTanks/Mk3-Mk2/adapterMk3-Mk2
[LOG 17:45:14.458] Config(PART) Squad/Parts/FuelTank/adapterTanks/Mk3-ShuttleAdapter/adapterEngines
[LOG 17:45:14.458] Config(PART) Squad/Parts/FuelTank/adapterTanks/Mk3-Size2/adapterMk3-Size2
[LOG 17:45:14.458] Config(PART) Squad/Parts/FuelTank/adapterTanks/Mk3-Size2Slant/adapterMk3-Size2Slant
[LOG 17:45:14.458] Config(PART) Squad/Parts/FuelTank/adapterTanks/Size2-Mk2/adapterSize2-Mk2
[LOG 17:45:14.458] Config(PART) Squad/Parts/FuelTank/adapterTanks/Size2-Size1/adapterSize2-Size1
[LOG 17:45:14.458] Config(PART) Squad/Parts/FuelTank/adapterTanks/Size2-Size1Slant/adapterSize2-Size1Slant
[LOG 17:45:14.458] Config(PART) Squad/Parts/FuelTank/adapterTanks/Size3-Mk3/adapterSize3-Mk3
[LOG 17:45:14.458] Config(PART) Squad/Parts/FuelTank/drainTankFTE-1/ReleaseValve/ReleaseValve
[LOG 17:45:14.458] Config(PART) Squad/Parts/FuelTank/FoilTanks/RadialTank_Capsule/externalTankCapsule
[LOG 17:45:14.458] Config(PART) Squad/Parts/FuelTank/FoilTanks/RadialTank_Round/externalTankRound
[LOG 17:45:14.458] Config(PART) Squad/Parts/FuelTank/FoilTanks/ToroidTank/externalTankToroid
[LOG 17:45:14.458] Config(PART) Squad/Parts/FuelTank/fuelTankOscarB/fuelTankOscarB/miniFuelTank
[LOG 17:45:14.458] Config(PART) Squad/Parts/FuelTank/miniFuselage/miniFuselage/miniFuselage
[LOG 17:45:14.458] Config(PART) Squad/Parts/FuelTank/mk2Adapters/bicoupler/mk2_1m_Bicoupler
[LOG 17:45:14.458] Config(PART) Squad/Parts/FuelTank/mk2Adapters/long/mk2_1m_AdapterLong
[LOG 17:45:14.458] Config(PART) Squad/Parts/FuelTank/mk2Adapters/standard/mk2SpacePlaneAdapter
[LOG 17:45:14.458] Config(PART) Squad/Parts/FuelTank/mk2FuselageLong/LFO_long/mk2FuselageLongLFO
[LOG 17:45:14.458] Config(PART) Squad/Parts/FuelTank/mk2FuselageLong/L_long/mk2Fuselage
[LOG 17:45:14.458] Config(PART) Squad/Parts/FuelTank/mk2FuselageShort/LFO_short/mk2FuselageShortLFO
[LOG 17:45:14.458] Config(PART) Squad/Parts/FuelTank/mk2FuselageShort/L_short/mk2FuselageShortLiquid
[LOG 17:45:14.458] Config(PART) Squad/Parts/FuelTank/mk2FuselageShort/Mono_short/mk2FuselageShortMono
[LOG 17:45:14.458] Config(PART) Squad/Parts/FuelTank/mk3Fuselage/CREW/mk3CrewCabin
[LOG 17:45:14.458] Config(PART) Squad/Parts/FuelTank/mk3Fuselage/LFO_100/mk3FuselageLFO_100
[LOG 17:45:14.458] Config(PART) Squad/Parts/FuelTank/mk3Fuselage/LFO_25/mk3FuselageLFO_25
[LOG 17:45:14.458] Config(PART) Squad/Parts/FuelTank/mk3Fuselage/LFO_50/mk3FuselageLFO_50
[LOG 17:45:14.458] Config(PART) Squad/Parts/FuelTank/mk3Fuselage/LF_100/mk3FuselageLF_100
[LOG 17:45:14.458] Config(PART) Squad/Parts/FuelTank/mk3Fuselage/LF_25/mk3FuselageLF_25
[LOG 17:45:14.458] Config(PART) Squad/Parts/FuelTank/mk3Fuselage/LF_50/mk3FuselageLF_50
[LOG 17:45:14.458] Config(PART) Squad/Parts/FuelTank/mk3Fuselage/MONO/mk3FuselageMONO
[LOG 17:45:14.458] Config(PART) Squad/Parts/FuelTank/RCSFuelTankR1/RCSFuelTankR1/RCSTank1-2
[LOG 17:45:14.458] Config(PART) Squad/Parts/FuelTank/RCSFuelTankR10/RCSFuelTankR10/rcsTankMini
[LOG 17:45:14.458] Config(PART) Squad/Parts/FuelTank/RCSFuelTankR25/RCSFuelTankR25/RCSFuelTank
[LOG 17:45:14.458] Config(PART) Squad/Parts/FuelTank/RCSTankRadial/radialRCSTank/radialRCSTank
[LOG 17:45:14.458] Config(PART) Squad/Parts/FuelTank/RCStankRadialLong/RCSTankRadialLong/rcsTankRadialLong
[LOG 17:45:14.458] Config(PART) Squad/Parts/FuelTank/RockomaxTanks/Rockomax16/Rockomax16_BW
[LOG 17:45:14.458] Config(PART) Squad/Parts/FuelTank/RockomaxTanks/Rockomax32/Rockomax32_BW
[LOG 17:45:14.458] Config(PART) Squad/Parts/FuelTank/RockomaxTanks/Rockomax64/Rockomax64_BW
[LOG 17:45:14.458] Config(PART) Squad/Parts/FuelTank/RockomaxTanks/Rockomax8/Rockomax8BW
[LOG 17:45:14.458] Config(PART) Squad/Parts/FuelTank/Size1_Tanks/fuelTankT100/fuelTankSmallFlat
[LOG 17:45:14.458] Config(PART) Squad/Parts/FuelTank/Size1_Tanks/fuelTankT200/fuelTankSmall
[LOG 17:45:14.458] Config(PART) Squad/Parts/FuelTank/Size1_Tanks/fuelTankT400/fuelTank
[LOG 17:45:14.458] Config(PART) Squad/Parts/FuelTank/Size1_Tanks/fuelTankT800/fuelTank_long
[LOG 17:45:14.459] Config(PART) Squad/Parts/FuelTank/Size3Tanks/large/Size3LargeTank
[LOG 17:45:14.459] Config(PART) Squad/Parts/FuelTank/Size3Tanks/medium/Size3MediumTank
[LOG 17:45:14.459] Config(PART) Squad/Parts/FuelTank/Size3Tanks/small/Size3SmallTank
[LOG 17:45:14.459] Config(PART) Squad/Parts/FuelTank/xenonTank/xenonTank/xenonTank
[LOG 17:45:14.459] Config(PART) Squad/Parts/FuelTank/xenonTankLarge/xenonTankLarge/xenonTankLarge
[LOG 17:45:14.459] Config(PART) Squad/Parts/FuelTank/xenonTankRadial/xenonTankRadial/xenonTankRadial
[LOG 17:45:14.459] Config(PART) Squad/Parts/Misc/AsteroidDay/CamSat/InfraredTelescope
[LOG 17:45:14.459] Config(PART) Squad/Parts/Misc/AsteroidDay/HECS2/HECS2_ProbeCore
[LOG 17:45:14.459] Config(PART) Squad/Parts/Misc/AsteroidDay/HighGainAntenna/HighGainAntenna
[LOG 17:45:14.459] Config(PART) Squad/Parts/Misc/AsteroidDay/LgRadialSolar/LgRadialSolarPanel
[LOG 17:45:14.459] Config(PART) Squad/Parts/Misc/PotatoComet/part/PotatoComet
[LOG 17:45:14.459] Config(PART) Squad/Parts/Misc/PotatoRoid/part/PotatoRoid
[LOG 17:45:14.459] Config(PART) Squad/Parts/Prebuilt/flag/flag
[LOG 17:45:14.459] Config(PART) Squad/Parts/Prebuilt/kerbalEVA/kerbalEVA
[LOG 17:45:14.459] Config(PART) Squad/Parts/Prebuilt/kerbalEVAfemale/kerbalEVAfemale
[LOG 17:45:14.459] Config(PART) Squad/Parts/Prebuilt/kerbalEVASlimSuit/kerbalEVASlimSuit
[LOG 17:45:14.459] Config(PART) Squad/Parts/Prebuilt/kerbalEVASlimSuitFemale/kerbalEVASlimSuitFemale
[LOG 17:45:14.459] Config(PART) Squad/Parts/Resources/FuelCell/FuelCell/FuelCell
[LOG 17:45:14.459] Config(PART) Squad/Parts/Resources/FuelCell/FuelCellArray/FuelCellArray
[LOG 17:45:14.459] Config(PART) Squad/Parts/Resources/ISRU/ISRU/ISRU
[LOG 17:45:14.459] Config(PART) Squad/Parts/Resources/LargeTank/LargeTank/LargeTank
[LOG 17:45:14.459] Config(PART) Squad/Parts/Resources/MiniDrill/MiniDrill/MiniDrill
[LOG 17:45:14.459] Config(PART) Squad/Parts/Resources/MiniISRU/MiniISRU/MiniISRU
[LOG 17:45:14.459] Config(PART) Squad/Parts/Resources/OrbitalScanner/OrbitalScanner/OrbitalScanner
[LOG 17:45:14.459] Config(PART) Squad/Parts/Resources/RadialDrill/RadialDrill/RadialDrill
[LOG 17:45:14.459] Config(PART) Squad/Parts/Resources/RadialTank/RadialTank/RadialOreTank
[LOG 17:45:14.459] Config(PART) Squad/Parts/Resources/SmallTank/SmallTank/SmallTank
[LOG 17:45:14.459] Config(PART) Squad/Parts/Resources/SurfaceScanner/SurfaceScanner/SurfaceScanner
[LOG 17:45:14.459] Config(PART) Squad/Parts/Resources/SurveyScanner/SurveyScanner/SurveyScanner
[LOG 17:45:14.459] Config(PART) Squad/Parts/Science/AtmosphereSensor/sensorAtmosphere/sensorAtmosphere
[LOG 17:45:14.459] Config(PART) Squad/Parts/Science/GooExperiment/gooExperiment/GooExperiment
[LOG 17:45:14.459] Config(PART) Squad/Parts/Science/LargeCrewedLab/largeCrewedLab/Large_Crewed_Lab
[LOG 17:45:14.459] Config(PART) Squad/Parts/Science/Magnetometer/Magnetometer/Magnetometer
[LOG 17:45:14.459] Config(PART) Squad/Parts/Science/MaterialBay/materialBay/science_module
[LOG 17:45:14.459] Config(PART) Squad/Parts/Science/ScienceBox/ScienceBox/ScienceBox
[LOG 17:45:14.459] Config(PART) Squad/Parts/Science/sensorAccelerometer/sensorAccelerometer/sensorAccelerometer
[LOG 17:45:14.459] Config(PART) Squad/Parts/Science/sensorBarometer/sensorBarometer/sensorBarometer
[LOG 17:45:14.459] Config(PART) Squad/Parts/Science/sensorGravimeter/sensorGravimeter/sensorGravimeter
[LOG 17:45:14.459] Config(PART) Squad/Parts/Science/sensorThermometer/sensorThermometer/sensorThermometer
[LOG 17:45:14.459] Config(PART) Squad/Parts/Structural/FLAdapters/adapterSmallMiniShort/adapterSmallMiniShort
[LOG 17:45:14.459] Config(PART) Squad/Parts/Structural/FLAdapters/adapterSmallMiniTall/adapterSmallMiniTall
[LOG 17:45:14.460] Config(PART) Squad/Parts/Structural/mk1Parts/engineBodyRadial/radialEngineBody
[LOG 17:45:14.460] Config(PART) Squad/Parts/Structural/mk1Parts/engineNacelle/nacelleBody
[LOG 17:45:14.460] Config(PART) Squad/Parts/Structural/mk1Parts/mk1Fuselage/MK1Fuselage
[LOG 17:45:14.460] Config(PART) Squad/Parts/Structural/mk1Parts/mk1FuselageIntake/MK1IntakeFuselage
[LOG 17:45:14.460] Config(PART) Squad/Parts/Structural/mk1Parts/mk1Structural/Mk1FuselageStructural
[LOG 17:45:14.460] Config(PART) Squad/Parts/Structural/Size3To2Adapter_v2/Size2to3_v2/Size3To2Adapter_v2
[LOG 17:45:14.460] Config(PART) Squad/Parts/Structural/stackAdapters/adapterLargeSmallBi/adapterLargeSmallBi
[LOG 17:45:14.460] Config(PART) Squad/Parts/Structural/stackAdapters/adapterLargeSmallQuad/adapterLargeSmallQuad
[LOG 17:45:14.460] Config(PART) Squad/Parts/Structural/stackAdapters/adapterLargeSmallTri/adapterLargeSmallTri
[LOG 17:45:14.460] Config(PART) Squad/Parts/Structural/stationHub/stationHub/stationHub
[LOG 17:45:14.460] Config(PART) Squad/Parts/Structural/structuralIBeam200/structuralIBeam200/structuralIBeam2
[LOG 17:45:14.460] Config(PART) Squad/Parts/Structural/structuralIBeam200Pocket/structuralIBeam200Pocket/structuralIBeam3
[LOG 17:45:14.460] Config(PART) Squad/Parts/Structural/structuralIBeam650/structuralIBeam650/structuralIBeam1
[LOG 17:45:14.460] Config(PART) Squad/Parts/Structural/structuralMicronode/structuralMicronode/structuralMiniNode
[LOG 17:45:14.460] Config(PART) Squad/Parts/Structural/structuralPanel1x1/structuralPanel1x1/structuralPanel1
[LOG 17:45:14.460] Config(PART) Squad/Parts/Structural/structuralPanel2x2/structuralPanel2x2/structuralPanel2
[LOG 17:45:14.460] Config(PART) Squad/Parts/Structural/structuralPylons/smallHardpoint/smallHardpoint
[LOG 17:45:14.460] Config(PART) Squad/Parts/Structural/structuralPylons/structuralPylon/structuralPylon
[LOG 17:45:14.460] Config(PART) Squad/Parts/Structural/strutCubicOcto/strutCubicOcto/strutCube
[LOG 17:45:14.460] Config(PART) Squad/Parts/Structural/strutOcto/strutOcto/strutOcto
[LOG 17:45:14.460] Config(PART) Squad/Parts/Structural/trussGirderAdapter/trussGirderAdapter/trussAdapter
[LOG 17:45:14.460] Config(PART) Squad/Parts/Structural/trussGirderL/trussGirderL/trussPiece1x
[LOG 17:45:14.460] Config(PART) Squad/Parts/Structural/trussGirderXL/trussGirderXL/trussPiece3x
[LOG 17:45:14.460] Config(PART) Squad/Parts/Thermal/FoldingRadiators/foldingRadLarge/foldingRadLarge
[LOG 17:45:14.460] Config(PART) Squad/Parts/Thermal/FoldingRadiators/foldingRadMed/foldingRadMed
[LOG 17:45:14.460] Config(PART) Squad/Parts/Thermal/FoldingRadiators/foldingRadSmall/foldingRadSmall
[LOG 17:45:14.460] Config(PART) Squad/Parts/Thermal/RadiatorPanels/radPanelEdge/radPanelEdge
[LOG 17:45:14.460] Config(PART) Squad/Parts/Thermal/RadiatorPanels/radPanelLg/radPanelLg
[LOG 17:45:14.460] Config(PART) Squad/Parts/Thermal/RadiatorPanels/radPanelSm/radPanelSm
[LOG 17:45:14.460] Config(PART) Squad/Parts/Utility/commDish88-88/commDish88-88/commDish
[LOG 17:45:14.460] Config(PART) Squad/Parts/Utility/commsAntennaDTS-M1/commsAntennaDTS-M1/mediumDishAntenna
[LOG 17:45:14.460] Config(PART) Squad/Parts/Utility/commsDish16/commsAntenna16/longAntenna
[LOG 17:45:14.460] Config(PART) Squad/Parts/Utility/decouplerRadialHDM/decouplerRadialHDM/radialDecoupler1-2
[LOG 17:45:14.460] Config(PART) Squad/Parts/Utility/decouplerRadialTT-38K/decouplerRadialTT-38K/radialDecoupler
[LOG 17:45:14.460] Config(PART) Squad/Parts/Utility/decouplerRadialTT-70/decouplerRadialTT-70/radialDecoupler2
[LOG 17:45:14.460] Config(PART) Squad/Parts/Utility/DirectAntennas/C16S/SurfAntenna
[LOG 17:45:14.460] Config(PART) Squad/Parts/Utility/DirectAntennas/HG-5/HighGainAntenna5
[LOG 17:45:14.460] Config(PART) Squad/Parts/Utility/DirectAntennas/HG-5_v2/HighGainAntenna5_v2
[LOG 17:45:14.460] Config(PART) Squad/Parts/Utility/dockingPort/dockingPort/dockingPort2
[LOG 17:45:14.460] Config(PART) Squad/Parts/Utility/dockingPortInline/dockingPortInline/dockingPortLateral
[LOG 17:45:14.461] Config(PART) Squad/Parts/Utility/dockingPortJr/dockingPortJr/dockingPort3
[LOG 17:45:14.461] Config(PART) Squad/Parts/Utility/dockingPortShielded/dockingPortShielded/dockingPort1
[LOG 17:45:14.461] Config(PART) Squad/Parts/Utility/dockingPortSr/dockingPortSr/dockingPortLarge
[LOG 17:45:14.461] Config(PART) Squad/Parts/Utility/Fireworks/fireworksLauncherBig/fireworksLauncherBig
[LOG 17:45:14.461] Config(PART) Squad/Parts/Utility/Fireworks/fireworksLauncherSmall/fireworksLauncherSmall
[LOG 17:45:14.461] Config(PART) Squad/Parts/Utility/flags/flagFlat/flagFlat/flagPartFlat
[LOG 17:45:14.461] Config(PART) Squad/Parts/Utility/flags/flagSize0/flagSize0/flagPartSize0
[LOG 17:45:14.461] Config(PART) Squad/Parts/Utility/flags/flagSize1/flagSize1/flagPartSize1
[LOG 17:45:14.461] Config(PART) Squad/Parts/Utility/flags/flagSize2/flagSize2/flagPartSize2
[LOG 17:45:14.461] Config(PART) Squad/Parts/Utility/flags/flagSize3/flagSize3/flagPartSize3
[LOG 17:45:14.461] Config(PART) Squad/Parts/Utility/GrapplingDevice/part/GrapplingDevice
[LOG 17:45:14.461] Config(PART) Squad/Parts/Utility/ladderRadial/ladderRadial/ladder1
[LOG 17:45:14.461] Config(PART) Squad/Parts/Utility/ladderTelescopic/ladderTelescopic/telescopicLadder
[LOG 17:45:14.461] Config(PART) Squad/Parts/Utility/ladderTelescopicBay/ladderTelescopicBay/telescopicLadderBay
[LOG 17:45:14.461] Config(PART) Squad/Parts/Utility/landingLegLT-1/landingLegLT-1/landingLeg1
[LOG 17:45:14.461] Config(PART) Squad/Parts/Utility/landingLegLT-2/landingLegLT-2/landingLeg1-2
[LOG 17:45:14.461] Config(PART) Squad/Parts/Utility/landingLegLT-5/landingLegLT-5/miniLandingLeg
[LOG 17:45:14.461] Config(PART) Squad/Parts/Utility/launchClamp1/launchClamp1/launchClamp1
[LOG 17:45:14.461] Config(PART) Squad/Parts/Utility/launchEscapeSystem/part/LaunchEscapeSystem
[LOG 17:45:14.461] Config(PART) Squad/Parts/Utility/Lights/domeLight1/domeLight1
[LOG 17:45:14.461] Config(PART) Squad/Parts/Utility/Lights/groundLight1/groundLight1
[LOG 17:45:14.461] Config(PART) Squad/Parts/Utility/Lights/groundLight2/groundLight2
[LOG 17:45:14.461] Config(PART) Squad/Parts/Utility/Lights/navLight1/navLight1
[LOG 17:45:14.461] Config(PART) Squad/Parts/Utility/Lights/spotLight1/spotLight3
[LOG 17:45:14.461] Config(PART) Squad/Parts/Utility/Lights/stripLight1/stripLight1
[LOG 17:45:14.461] Config(PART) Squad/Parts/Utility/linearVernorRCS/linearRCS/linearRcs
[LOG 17:45:14.461] Config(PART) Squad/Parts/Utility/linearVernorRCS/vernorEngine/vernierEngine
[LOG 17:45:14.461] Config(PART) Squad/Parts/Utility/mk2CargoBay/BayL/mk2CargoBayL
[LOG 17:45:14.461] Config(PART) Squad/Parts/Utility/mk2CargoBay/BayS/mk2CargoBayS
[LOG 17:45:14.461] Config(PART) Squad/Parts/Utility/mk2CrewCabin/mk2CrewCabin/mk2CrewCabin
[LOG 17:45:14.461] Config(PART) Squad/Parts/Utility/mk2DockingPort/mk2DockingPort/mk2DockingPort
[LOG 17:45:14.461] Config(PART) Squad/Parts/Utility/mk3CargoBay/long/mk3CargoBayL
[LOG 17:45:14.461] Config(PART) Squad/Parts/Utility/mk3CargoBay/medium/mk3CargoBayM
[LOG 17:45:14.461] Config(PART) Squad/Parts/Utility/mk3CargoBay/ramp/mk3CargoRamp
[LOG 17:45:14.461] Config(PART) Squad/Parts/Utility/mk3CargoBay/short/mk3CargoBayS
[LOG 17:45:14.461] Config(PART) Squad/Parts/Utility/parachuteMk1/parachuteMk1/parachuteSingle
[LOG 17:45:14.461] Config(PART) Squad/Parts/Utility/parachuteMk12-R/parachuteMk12-R/radialDrogue
[LOG 17:45:14.461] Config(PART) Squad/Parts/Utility/parachuteMk16-XL/parachuteMk16-XL/parachuteLarge
[LOG 17:45:14.461] Config(PART) Squad/Parts/Utility/parachuteMk2-R/parachuteMk2-R/parachuteRadial
[LOG 17:45:14.461] Config(PART) Squad/Parts/Utility/parachuteMk25/parachuteMk25/parachuteDrogue
[LOG 17:45:14.461] Config(PART) Squad/Parts/Utility/radialAttachmentPoint/radialAttachmentPoint/stackPoint1
[LOG 17:45:14.461] Config(PART) Squad/Parts/Utility/rcsBlockRV-105_v2/rcsBlockRV-105/RCSBlock_v2
[LOG 17:45:14.461] Config(PART) Squad/Parts/Utility/rcsBlockRV-105_v2/RCSblock_01_small/RCSblock_01_small
[LOG 17:45:14.461] Config(PART) Squad/Parts/Utility/rcsSmallLinear/RCSLinearSmall/RCSLinearSmall
[LOG 17:45:14.461] Config(PART) Squad/Parts/Utility/RelayAntennas/RA-100/RelayAntenna100
[LOG 17:45:14.461] Config(PART) Squad/Parts/Utility/RelayAntennas/RA-5/RelayAntenna5
[LOG 17:45:14.461] Config(PART) Squad/Parts/Utility/RelayAntennas/RA-50/RelayAntenna50
[LOG 17:45:14.461] Config(PART) Squad/Parts/Utility/rockomaxAdapters/largeAdapter/largeAdapter
[LOG 17:45:14.461] Config(PART) Squad/Parts/Utility/rockomaxAdapters/largeAdapterShort/largeAdapter2
[LOG 17:45:14.461] Config(PART) Squad/Parts/Utility/ServiceBay_v2/ServiceBay_125_v2/ServiceBay_125_v2
[LOG 17:45:14.461] Config(PART) Squad/Parts/Utility/ServiceBay_v2/ServiceBay_250_v2/ServiceBay_250_v2
[LOG 17:45:14.461] Config(PART) Squad/Parts/Utility/smallClaw/smallClaw/smallClaw
[LOG 17:45:14.461] Config(PART) Squad/Parts/Utility/spotLightMk1/spotLightMk1/spotLight1
[LOG 17:45:14.461] Config(PART) Squad/Parts/Utility/spotLightMk1_v2/spotLightMk1_v2/spotLight1_v2
[LOG 17:45:14.461] Config(PART) Squad/Parts/Utility/spotLightMk2/spotLightMk2/spotLight2
[LOG 17:45:14.461] Config(PART) Squad/Parts/Utility/spotLightMk2_v2/spotLightMk2_v2/spotLight2_v2
[LOG 17:45:14.461] Config(PART) Squad/Parts/Utility/stackCouplers/stackBiCoupler_v2/stackBiCoupler_v2
[LOG 17:45:14.461] Config(PART) Squad/Parts/Utility/stackCouplers/stackQuadCoupler/stackQuadCoupler
[LOG 17:45:14.461] Config(PART) Squad/Parts/Utility/stackCouplers/stackTriCoupler_v2/stackTriCoupler_v2
[LOG 17:45:14.461] Config(PART) Squad/Parts/Wheel/LandingGear/GearExtraLarge/GearLarge
[LOG 17:45:14.461] Config(PART) Squad/Parts/Wheel/LandingGear/GearFixed/GearFixed
[LOG 17:45:14.461] Config(PART) Squad/Parts/Wheel/LandingGear/GearFree/GearFree
[LOG 17:45:14.462] Config(PART) Squad/Parts/Wheel/LandingGear/GearLarge/GearMedium
[LOG 17:45:14.462] Config(PART) Squad/Parts/Wheel/LandingGear/GearMedium/GearSmall
[LOG 17:45:14.462] Config(PART) Squad/Parts/Wheel/LandingGear/GearSmall/SmallGearBay
[LOG 17:45:14.462] Config(PART) Squad/Parts/Wheel/roverWheelM1/roverWheelM1/roverWheel1
[LOG 17:45:14.462] Config(PART) Squad/Parts/Wheel/roverWheelS2/roverWheelS2/roverWheel2
[LOG 17:45:14.462] Config(PART) Squad/Parts/Wheel/roverWheelTR-2L/roverWheelTR-2L/wheelMed
[LOG 17:45:14.462] Config(PART) Squad/Parts/Wheel/roverWheelXL3/roverWheelXL3/roverWheel3
[LOG 17:45:14.462] Config(PROP) Squad/Props/AltimeterThreeHands/prop/AltimeterThreeHands
[LOG 17:45:14.462] Config(PROP) Squad/Props/AtmosphereDepth/prop/AtmosphereDepth
[LOG 17:45:14.462] Config(PROP) Squad/Props/AxisIndicator/pitchConfig/AxisIndicatorPitch
[LOG 17:45:14.462] Config(PROP) Squad/Props/AxisIndicator/rollConfig/AxisIndicatorRoll
[LOG 17:45:14.462] Config(PROP) Squad/Props/AxisIndicator/yawConfig/AxisIndicatorYaw
[LOG 17:45:14.462] Config(PROP) Squad/Props/buttonsGeneric/circularButton/genericCircularButton
[LOG 17:45:14.462] Config(PROP) Squad/Props/buttonsGeneric/clusterButtons/genericClusterButtons
[LOG 17:45:14.462] Config(PROP) Squad/Props/buttonsGeneric/clusterButtons2/genericClusterButtons2
[LOG 17:45:14.462] Config(PROP) Squad/Props/buttonsGeneric/clusterKnob/genericClusterKnobs
[LOG 17:45:14.462] Config(PROP) Squad/Props/buttonsGeneric/clusterKnob2/genericClusterKnobs2
[LOG 17:45:14.462] Config(PROP) Squad/Props/buttonsGeneric/clusterMixed/genericClusterMixed
[LOG 17:45:14.462] Config(PROP) Squad/Props/buttonsGeneric/clusterSwitches01/genericClusterSwitches01
[LOG 17:45:14.462] Config(PROP) Squad/Props/buttonsGeneric/clusterSwitches02/genericClusterSwitches02
[LOG 17:45:14.462] Config(PROP) Squad/Props/buttonsGeneric/clusterSwitches03/genericClusterSwitches03
[LOG 17:45:14.462] Config(PROP) Squad/Props/buttonsGeneric/clusterSwitches04/genericClusterSwitches04
[LOG 17:45:14.462] Config(PROP) Squad/Props/buttonsGeneric/clusterSwitches05/genericClusterSwitches05
[LOG 17:45:14.462] Config(PROP) Squad/Props/buttonsGeneric/clusterSwitches06/genericClusterSwitches06
[LOG 17:45:14.462] Config(PROP) Squad/Props/buttonsGeneric/clusterSwitches07/genericClusterSwitches07
[LOG 17:45:14.462] Config(PROP) Squad/Props/buttonsGeneric/directionalKnob/genericDirectionalKnob
[LOG 17:45:14.462] Config(PROP) Squad/Props/buttonsGeneric/directionalKnob2/genericDirectionalKnob2
[LOG 17:45:14.462] Config(PROP) Squad/Props/buttonsGeneric/pullSwitch/genericPullSwitch
[LOG 17:45:14.462] Config(PROP) Squad/Props/buttonsGeneric/squareButton/genericSquareButton
[LOG 17:45:14.462] Config(PROP) Squad/Props/buttonsGeneric/standingSwitch/genericStandingSwitch
[LOG 17:45:14.462] Config(PROP) Squad/Props/buttonsGeneric/switch/genericSwitch
[LOG 17:45:14.462] Config(PROP) Squad/Props/buttonsGeneric/switchWithGuards/genericSwitchWithGuards
[LOG 17:45:14.462] Config(PROP) Squad/Props/ButtonSquare/prop/ButtonSquare
[LOG 17:45:14.462] Config(PROP) Squad/Props/circularButton/prop/circularButton
[LOG 17:45:14.462] Config(PROP) Squad/Props/Compass/prop/Compass
[LOG 17:45:14.462] Config(PROP) Squad/Props/directionalKnob/prop/directionalKnob
[LOG 17:45:14.462] Config(PROP) Squad/Props/directionalKnob2/prop/directionalKnob2
[LOG 17:45:14.462] Config(PROP) Squad/Props/IndicatorPanel/prop/IndicatorPanel
[LOG 17:45:14.462] Config(PROP) Squad/Props/IVANavBall/prop/NavBall
[LOG 17:45:14.462] Config(PROP) Squad/Props/IVANavBallNoBase/prop/NavBallNoBase
[LOG 17:45:14.462] Config(PROP) Squad/Props/ledPanelSpeed/prop/ledPanelSpeed
[LOG 17:45:14.462] Config(PROP) Squad/Props/Monitor/DockingMode/MonitorDockingMode
[LOG 17:45:14.462] Config(PROP) Squad/Props/NavBall/prop/NavBall
[LOG 17:45:14.463] Config(PROP) Squad/Props/PropsGeneric/Button_DockingMode/Button_DockingMode
[LOG 17:45:14.463] Config(PROP) Squad/Props/PropsGeneric/CargoBagA/CargoBagA
[LOG 17:45:14.463] Config(PROP) Squad/Props/PropsGeneric/CargoBagB/CargoBagB
[LOG 17:45:14.463] Config(PROP) Squad/Props/PropsGeneric/CargoBagC/CargoBagC
[LOG 17:45:14.463] Config(PROP) Squad/Props/PropsGeneric/Hatch_Plane/Hatch_Plane
[LOG 17:45:14.463] Config(PROP) Squad/Props/PropsGeneric/Hatch_Plane_Curve90/Hatch_Plane_Curve90
[LOG 17:45:14.463] Config(PROP) Squad/Props/PropsGeneric/Hatch_Plane_Frame/Hatch_Plane_Frame
[LOG 17:45:14.463] Config(PROP) Squad/Props/PropsGeneric/Seat_Passenger/Seat_Passenger
[LOG 17:45:14.463] Config(PROP) Squad/Props/PropsGeneric/Seat_Pilot/Seat_Pilot
[LOG 17:45:14.463] Config(PROP) Squad/Props/PropsGeneric/Seat_Pilot_Helmet/Seat_Pilot_Helmet
[LOG 17:45:14.463] Config(PROP) Squad/Props/PropsGeneric/SideStick/SideStick
[LOG 17:45:14.463] Config(PROP) Squad/Props/pullSwitch/prop/pullSwitch
[LOG 17:45:14.463] Config(PROP) Squad/Props/radarAltitude/prop/RadarAltimeter
[LOG 17:45:14.463] Config(PROP) Squad/Props/squareButton/prop/squareButton
[LOG 17:45:14.463] Config(PROP) Squad/Props/standingSwitch/prop/standingSwitch
[LOG 17:45:14.463] Config(PROP) Squad/Props/switch/prop/switch
[LOG 17:45:14.463] Config(PROP) Squad/Props/switchGuard/prop/switchGuard
[LOG 17:45:14.463] Config(PROP) Squad/Props/switchWithGuards/prop/switchWithGuards
[LOG 17:45:14.463] Config(PROP) Squad/Props/throttle/prop/throttle
[LOG 17:45:14.463] Config(PROP) Squad/Props/VSI/prop/VSI
[LOG 17:45:14.463] Config(SPACEOBJECTS_LIMITS) Squad/Resources/CometDefs/SPACEOBJECTS_LIMITS
[LOG 17:45:14.463] Config(COMET_MANAGER) Squad/Resources/CometDefs/COMET_MANAGER
[LOG 17:45:14.463] Config(COMET_ORBIT_TYPE) Squad/Resources/CometDefs/short
[LOG 17:45:14.463] Config(COMET_ORBIT_TYPE) Squad/Resources/CometDefs/intermediate
[LOG 17:45:14.463] Config(COMET_ORBIT_TYPE) Squad/Resources/CometDefs/long
[LOG 17:45:14.463] Config(COMET_ORBIT_TYPE) Squad/Resources/CometDefs/interstellar
[LOG 17:45:14.463] Config(FIREWORKFX_DEFINITION) Squad/Resources/FireworkFXDefinitions/classicTrail
[LOG 17:45:14.463] Config(FIREWORKFX_DEFINITION) Squad/Resources/FireworkFXDefinitions/whirlyTrail
[LOG 17:45:14.463] Config(FIREWORKFX_DEFINITION) Squad/Resources/FireworkFXDefinitions/strobeTrail
[LOG 17:45:14.463] Config(FIREWORKFX_DEFINITION) Squad/Resources/FireworkFXDefinitions/bareTrail
[LOG 17:45:14.463] Config(FIREWORKFX_DEFINITION) Squad/Resources/FireworkFXDefinitions/classicBurst
[LOG 17:45:14.463] Config(FIREWORKFX_DEFINITION) Squad/Resources/FireworkFXDefinitions/chrysBurst
[LOG 17:45:14.463] Config(FIREWORKFX_DEFINITION) Squad/Resources/FireworkFXDefinitions/palmBurst
[LOG 17:45:14.463] Config(FIREWORKFX_DEFINITION) Squad/Resources/FireworkFXDefinitions/ringBurst
[LOG 17:45:14.463] Config(FIREWORKFX_DEFINITION) Squad/Resources/FireworkFXDefinitions/crosetteBurst
[LOG 17:45:14.463] Config(FIREWORKFX_DEFINITION) Squad/Resources/FireworkFXDefinitions/willowBurst
[LOG 17:45:14.464] Config(FIREWORKFX_DEFINITION) Squad/Resources/FireworkFXDefinitions/crackeBurst
[LOG 17:45:14.464] Config(FIREWORKFX_DEFINITION) Squad/Resources/FireworkFXDefinitions/palmCrackleBurst
[LOG 17:45:14.464] Config(FIREWORKFX_DEFINITION) Squad/Resources/FireworkFXDefinitions/dragonBurst
[LOG 17:45:14.464] Config(GLOBAL_RESOURCE) Squad/Resources/Ore/GLOBAL_RESOURCE
[LOG 17:45:14.464] Config(PLANETARY_RESOURCE) Squad/Resources/Ore/PLANETARY_RESOURCE
[LOG 17:45:14.464] Config(PLANETARY_RESOURCE) Squad/Resources/Ore/PLANETARY_RESOURCE
[LOG 17:45:14.464] Config(RESOURCE_OVERLAY_CONFIGURATION_SOLID) Squad/Resources/Overlay/RESOURCE_OVERLAY_CONFIGURATION_SOLID
[LOG 17:45:14.464] Config(RESOURCE_OVERLAY_CONFIGURATION_LINES) Squad/Resources/Overlay/RESOURCE_OVERLAY_CONFIGURATION_LINES
[LOG 17:45:14.464] Config(RESOURCE_OVERLAY_CONFIGURATION_DOTS) Squad/Resources/Overlay/RESOURCE_OVERLAY_CONFIGURATION_DOTS
[LOG 17:45:14.464] Config(RESOURCE_CONFIGURATION) Squad/Resources/ResourceDefaults/RESOURCE_CONFIGURATION
[LOG 17:45:14.464] Config(RESOURCE_DEFINITION) Squad/Resources/ResourcesGeneric/LiquidFuel
[LOG 17:45:14.464] Config(RESOURCE_DEFINITION) Squad/Resources/ResourcesGeneric/Oxidizer
[LOG 17:45:14.464] Config(RESOURCE_DEFINITION) Squad/Resources/ResourcesGeneric/SolidFuel
[LOG 17:45:14.464] Config(RESOURCE_DEFINITION) Squad/Resources/ResourcesGeneric/MonoPropellant
[LOG 17:45:14.464] Config(RESOURCE_DEFINITION) Squad/Resources/ResourcesGeneric/XenonGas
[LOG 17:45:14.464] Config(RESOURCE_DEFINITION) Squad/Resources/ResourcesGeneric/ElectricCharge
[LOG 17:45:14.464] Config(RESOURCE_DEFINITION) Squad/Resources/ResourcesGeneric/IntakeAir
[LOG 17:45:14.464] Config(RESOURCE_DEFINITION) Squad/Resources/ResourcesGeneric/EVA Propellant
[LOG 17:45:14.464] Config(RESOURCE_DEFINITION) Squad/Resources/ResourcesGeneric/Ore
[LOG 17:45:14.464] Config(RESOURCE_DEFINITION) Squad/Resources/ResourcesGeneric/Ablator
[LOG 17:45:14.464] Config(EXPERIMENT_DEFINITION) Squad/Resources/ScienceDefs/EXPERIMENT_DEFINITION
[LOG 17:45:14.464] Config(EXPERIMENT_DEFINITION) Squad/Resources/ScienceDefs/EXPERIMENT_DEFINITION
[LOG 17:45:14.464] Config(EXPERIMENT_DEFINITION) Squad/Resources/ScienceDefs/EXPERIMENT_DEFINITION
[LOG 17:45:14.464] Config(EXPERIMENT_DEFINITION) Squad/Resources/ScienceDefs/EXPERIMENT_DEFINITION
[LOG 17:45:14.464] Config(EXPERIMENT_DEFINITION) Squad/Resources/ScienceDefs/EXPERIMENT_DEFINITION
[LOG 17:45:14.464] Config(EXPERIMENT_DEFINITION) Squad/Resources/ScienceDefs/EXPERIMENT_DEFINITION
[LOG 17:45:14.464] Config(EXPERIMENT_DEFINITION) Squad/Resources/ScienceDefs/EXPERIMENT_DEFINITION
[LOG 17:45:14.464] Config(EXPERIMENT_DEFINITION) Squad/Resources/ScienceDefs/EXPERIMENT_DEFINITION
[LOG 17:45:14.464] Config(EXPERIMENT_DEFINITION) Squad/Resources/ScienceDefs/EXPERIMENT_DEFINITION
[LOG 17:45:14.464] Config(EXPERIMENT_DEFINITION) Squad/Resources/ScienceDefs/EXPERIMENT_DEFINITION
[LOG 17:45:14.464] Config(EXPERIMENT_DEFINITION) Squad/Resources/ScienceDefs/EXPERIMENT_DEFINITION
[LOG 17:45:14.464] Config(EXPERIMENT_DEFINITION) Squad/Resources/ScienceDefs/EXPERIMENT_DEFINITION
[LOG 17:45:14.464] Config(EXPERIMENT_DEFINITION) Squad/Resources/ScienceDefs/EXPERIMENT_DEFINITION
[LOG 17:45:14.464] Config(EXPERIMENT_DEFINITION) Squad/Resources/ScienceDefs/EXPERIMENT_DEFINITION
[LOG 17:45:14.464] Config(EXPERIMENT_DEFINITION) Squad/Resources/ScienceDefs/EXPERIMENT_DEFINITION
[LOG 17:45:14.464] Config(EXPERIMENT_DEFINITION) Squad/Resources/ScienceDefs/EXPERIMENT_DEFINITION
[LOG 17:45:14.464] Config(EXPERIMENT_DEFINITION) Squad/Resources/ScienceDefs/EXPERIMENT_DEFINITION
[LOG 17:45:14.464] Config(EXPERIMENT_DEFINITION) Squad/Resources/ScienceDefs/EXPERIMENT_DEFINITION
[LOG 17:45:14.464] Config(STORY_DEF) Squad/Resources/StoryDefs/STORY_DEF
[LOG 17:45:14.464] Config(TechTree) Squad/Resources/TechTree/TechTree
[LOG 17:45:14.465] Config(INTERNAL) Squad/Spaces/crewCabinInternals/internal/crewCabinInternals
[LOG 17:45:14.465] Config(INTERNAL) Squad/Spaces/cupolaInternal/internal/cupolaInternal
[LOG 17:45:14.465] Config(INTERNAL) Squad/Spaces/GenericSpace1/internal/GenericSpace1
[LOG 17:45:14.465] Config(INTERNAL) Squad/Spaces/GenericSpace3/internal/GenericSpace3
[LOG 17:45:14.465] Config(INTERNAL) Squad/Spaces/landerCabinInternals/internal/landerCabinInternals
[LOG 17:45:14.465] Config(INTERNAL) Squad/Spaces/landerCabinSmallInternal/internal/landerCabinSmallInternal
[LOG 17:45:14.465] Config(INTERNAL) Squad/Spaces/LargeCrewedLabInternals/internal/Mobile_Processing_Lab_Int
[LOG 17:45:14.465] Config(INTERNAL) Squad/Spaces/Mk1-3/internal/Mk1-3
[LOG 17:45:14.465] Config(INTERNAL) Squad/Spaces/mk1CabinInternal/internal/mk1CabinInternal
[LOG 17:45:14.465] Config(INTERNAL) Squad/Spaces/mk1CockpitInternal/internal/mk1CockpitInternal
[LOG 17:45:14.465] Config(INTERNAL) Squad/Spaces/mk1InlineInternal/internal/mk1InlineInternal
[LOG 17:45:14.465] Config(INTERNAL) Squad/Spaces/mk1PodCockpit/internal/mk1PodCockpit
[LOG 17:45:14.465] Config(INTERNAL) Squad/Spaces/mk1pod_IVA/mk1pod_Internal/mk1pod_IVA
[LOG 17:45:14.465] Config(INTERNAL) Squad/Spaces/mk2CockpitStandardInternal/internal/mk2CockpitStandardInternals
[LOG 17:45:14.465] Config(INTERNAL) Squad/Spaces/Mk2CrewCabinInternal/internal_MK2_CrewCab/MK2_CrewCab_Int
[LOG 17:45:14.465] Config(INTERNAL) Squad/Spaces/mk2InlineInternal/internal/mk2InlineInternal
[LOG 17:45:14.465] Config(INTERNAL) Squad/Spaces/mk2LanderCanInternal/internal/mk2LanderCanInternal
[LOG 17:45:14.465] Config(INTERNAL) Squad/Spaces/MK3CockpitInternal/internal_MK3/MK3_Cockpit_Int
[LOG 17:45:14.465] Config(INTERNAL) Squad/Spaces/MK3_CrewCab_Int/internal_MK3_CrewCab/MK3_CrewCab_Int
[LOG 17:45:14.465] Config(INTERNAL) Squad/Spaces/Placeholder/internal/Placeholder
[LOG 17:45:14.465] Config(INTERNAL) Squad/Spaces/PodCockpit/internal/PodCockpit
[LOG 17:45:14.465] Config(STRATEGY_DEPARTMENT) Squad/Strategies/Departments/Finances
[LOG 17:45:14.465] Config(STRATEGY_DEPARTMENT) Squad/Strategies/Departments/Science
[LOG 17:45:14.465] Config(STRATEGY_DEPARTMENT) Squad/Strategies/Departments/Public Relations
[LOG 17:45:14.465] Config(STRATEGY_DEPARTMENT) Squad/Strategies/Departments/Operations
[LOG 17:45:14.465] Config(STRATEGY) Squad/Strategies/Strategies/AppreciationCampaignCfg
[LOG 17:45:14.465] Config(STRATEGY) Squad/Strategies/Strategies/FundraisingCampaignCfg
[LOG 17:45:14.465] Config(STRATEGY) Squad/Strategies/Strategies/OpenSourceTechProgramCfg
[LOG 17:45:14.465] Config(STRATEGY) Squad/Strategies/Strategies/UnpaidResearchProgramCfg
[LOG 17:45:14.465] Config(STRATEGY) Squad/Strategies/Strategies/OutsourcedResearchCfg
[LOG 17:45:14.465] Config(STRATEGY) Squad/Strategies/Strategies/PatentsLicensingCfg
[LOG 17:45:14.465] Config(STRATEGY) Squad/Strategies/Strategies/AgressiveNegotiations
[LOG 17:45:14.465] Config(STRATEGY) Squad/Strategies/Strategies/RecoveryTransponders
[LOG 17:45:14.465] Config(STRATEGY) Squad/Strategies/Strategies/BailoutGrant
[LOG 17:45:14.465] Config(STRATEGY) Squad/Strategies/Strategies/researchIPsellout
[LOG 17:45:14.465] Config(STRATEGY) Squad/Strategies/Strategies/LeadershipInitiative
[LOG 17:45:14.465] Config(TUTORIAL) Squad/Tutorials/FlightSuborbital/FlightSuborbital
[LOG 17:45:14.465] Config(TUTORIAL) Squad/Tutorials/FromMun/FromMun
[LOG 17:45:14.465] Config(TUTORIAL) Squad/Tutorials/GoForOrbit/GoForOrbit
[LOG 17:45:14.466] Config(MISSIONPACK) SquadExpansion/MakingHistory/Missions/MissionPacks/squad_MakingHistory
[LOG 17:45:14.466] Config(MISSIONPACK) SquadExpansion/MakingHistory/Missions/MissionPacks/squad_MakingHistory_Other
[LOG 17:45:14.466] Config(MISSIONPACK) SquadExpansion/MakingHistory/Missions/MissionPacks/squad_MakingHistory_Tutorial
[LOG 17:45:14.466] Config(MEBASICNODE) SquadExpansion/MakingHistory/Nodes/AccuracyLogic/TestAccuracyLogic
[LOG 17:45:14.466] Config(MEBASICNODE) SquadExpansion/MakingHistory/Nodes/ActionChancePartResourceLevels/ActionPartResourceAmount
[LOG 17:45:14.466] Config(MEBASICNODE) SquadExpansion/MakingHistory/Nodes/ActionExplode/ActionVesselExplode
[LOG 17:45:14.466] Config(MEBASICNODE) SquadExpansion/MakingHistory/Nodes/ActionMissionScore/MissionScore
[LOG 17:45:14.466] Config(MEBASICNODE) SquadExpansion/MakingHistory/Nodes/ActionModifierFunds/ModifyFunds
[LOG 17:45:14.466] Config(MEBASICNODE) SquadExpansion/MakingHistory/Nodes/ActionModifierScore/MissionScore
[LOG 17:45:14.466] Config(MEBASICNODE) SquadExpansion/MakingHistory/Nodes/ActionPartExplode/ActionPartExplode
[LOG 17:45:14.466] Config(MEBASICNODE) SquadExpansion/MakingHistory/Nodes/ActionPartResourceDrain/ActionPartResourceDrain
[LOG 17:45:14.466] Config(MEBASICNODE) SquadExpansion/MakingHistory/Nodes/ActionVesselActionGroup/ActionVesselActionGroup
[LOG 17:45:14.466] Config(MEBASICNODE) SquadExpansion/MakingHistory/Nodes/ActionVesselStage/ActionVesselStage
[LOG 17:45:14.466] Config(MEBASICNODE) SquadExpansion/MakingHistory/Nodes/CreateAsteroid/CreateAsteroid
[LOG 17:45:14.466] Config(MEBASICNODE) SquadExpansion/MakingHistory/Nodes/CreateComet/CreateComet
[LOG 17:45:14.466] Config(MEBASICNODE) SquadExpansion/MakingHistory/Nodes/CreateFlag/CreateFlag
[LOG 17:45:14.466] Config(MEBASICNODE) SquadExpansion/MakingHistory/Nodes/CreateLaunchSite/CreateLaunchSite
[LOG 17:45:14.466] Config(MEBASICNODE) SquadExpansion/MakingHistory/Nodes/CreateVessel/CreateVessel
[LOG 17:45:14.466] Config(MEBASICNODE) SquadExpansion/MakingHistory/Nodes/CrewAssignment/TestCrewAssignment
[LOG 17:45:14.466] Config(MEBASICNODE) SquadExpansion/MakingHistory/Nodes/Destroyed/Crashed
[LOG 17:45:14.466] Config(MEBASICNODE) SquadExpansion/MakingHistory/Nodes/DialogMessage/DialogMessage
[LOG 17:45:14.466] Config(MEBASICNODE) SquadExpansion/MakingHistory/Nodes/Distance/Distance
[LOG 17:45:14.466] Config(MEBASICNODE) SquadExpansion/MakingHistory/Nodes/EmptyFalse/EmptyFalse
[LOG 17:45:14.466] Config(MEBASICNODE) SquadExpansion/MakingHistory/Nodes/EmptyTrue/EmptyTrue
[LOG 17:45:14.466] Config(MEBASICNODE) SquadExpansion/MakingHistory/Nodes/EscapeSOI/SOILeft
[LOG 17:45:14.466] Config(MEBASICNODE) SquadExpansion/MakingHistory/Nodes/EVA/EVA
[LOG 17:45:14.466] Config(MEBASICNODE) SquadExpansion/MakingHistory/Nodes/Flying/Flying
[LOG 17:45:14.466] Config(MEBASICNODE) SquadExpansion/MakingHistory/Nodes/FundsRecovery/FundsRecovery
[LOG 17:45:14.466] Config(MEBASICNODE) SquadExpansion/MakingHistory/Nodes/KerbalBoarded/TestKerbalBoarded
[LOG 17:45:14.466] Config(MEBASICNODE) SquadExpansion/MakingHistory/Nodes/KerbalKilled/EVA
[LOG 17:45:14.466] Config(MEBASICNODE) SquadExpansion/MakingHistory/Nodes/KerbalRecovery/KerbalRecovery
[LOG 17:45:14.466] Config(MEBASICNODE) SquadExpansion/MakingHistory/Nodes/KerbalRescue/KerbalRescue
[LOG 17:45:14.466] Config(MEBASICNODE) SquadExpansion/MakingHistory/Nodes/Landed/Landed
[LOG 17:45:14.466] Config(MEBASICNODE) SquadExpansion/MakingHistory/Nodes/Message/Message
[LOG 17:45:14.466] Config(MEBASICNODE) SquadExpansion/MakingHistory/Nodes/MissionFunds/MissionFunds
[LOG 17:45:14.466] Config(MEBASICNODE) SquadExpansion/MakingHistory/Nodes/MissionScore/MissionScore
[LOG 17:45:14.466] Config(MEBASICNODE) SquadExpansion/MakingHistory/Nodes/Orbit/Orbit
[LOG 17:45:14.466] Config(MEBASICNODE) SquadExpansion/MakingHistory/Nodes/OrbitParams/OrbitParams
[LOG 17:45:14.466] Config(MEBASICNODE) SquadExpansion/MakingHistory/Nodes/PartDocking/TestPartDocking
[LOG 17:45:14.466] Config(MEBASICNODE) SquadExpansion/MakingHistory/Nodes/PartFailure/PartFailure
[LOG 17:45:14.466] Config(MEBASICNODE) SquadExpansion/MakingHistory/Nodes/PartGrapple/TestGrapple
[LOG 17:45:14.466] Config(MEBASICNODE) SquadExpansion/MakingHistory/Nodes/PartRepair/PartRepair
[LOG 17:45:14.467] Config(MEBASICNODE) SquadExpansion/MakingHistory/Nodes/PlaceKerbal/CreateKerbal
[LOG 17:45:14.467] Config(MEBASICNODE) SquadExpansion/MakingHistory/Nodes/PlantFlag/PlantFlag
[LOG 17:45:14.467] Config(MEBASICNODE) SquadExpansion/MakingHistory/Nodes/ReachSOI/ReachSOI
[LOG 17:45:14.467] Config(MEBASICNODE) SquadExpansion/MakingHistory/Nodes/Resource/ResourceAmount
[LOG 17:45:14.467] Config(MEBASICNODE) SquadExpansion/MakingHistory/Nodes/ResourceRecovery/TestResourcesRecovery
[LOG 17:45:14.467] Config(MEBASICNODE) SquadExpansion/MakingHistory/Nodes/ScienceExperiment/ScienceExperiment
[LOG 17:45:14.467] Config(MEBASICNODE) SquadExpansion/MakingHistory/Nodes/SetCamera/SetCamera
[LOG 17:45:14.467] Config(MEBASICNODE) SquadExpansion/MakingHistory/Nodes/SplashDown/SplashDown
[LOG 17:45:14.467] Config(MEBASICNODE) SquadExpansion/MakingHistory/Nodes/StageActivated/TestVesselStageActivated
[LOG 17:45:14.467] Config(MEBASICNODE) SquadExpansion/MakingHistory/Nodes/TakeKerbal/TestTakeKerbal
[LOG 17:45:14.467] Config(MEBASICNODE) SquadExpansion/MakingHistory/Nodes/TestFlyThrough/TestFlyThrough
[LOG 17:45:14.467] Config(MEBASICNODE) SquadExpansion/MakingHistory/Nodes/TestGoTo/TestGoTo
[LOG 17:45:14.467] Config(MEBASICNODE) SquadExpansion/MakingHistory/Nodes/TimeMET/TimeMET
[LOG 17:45:14.467] Config(MEBASICNODE) SquadExpansion/MakingHistory/Nodes/TimeOfMission/TimeOfMission
[LOG 17:45:14.467] Config(MEBASICNODE) SquadExpansion/MakingHistory/Nodes/TimeSinceNode/TestTimeSinceNode
[LOG 17:45:14.467] Config(MEBASICNODE) SquadExpansion/MakingHistory/Nodes/VesselActiveCount/TestVesselActiveCount
[LOG 17:45:14.467] Config(MEBASICNODE) SquadExpansion/MakingHistory/Nodes/VesselAltitudeGoal/VesselAltitudeGoal
[LOG 17:45:14.467] Config(MEBASICNODE) SquadExpansion/MakingHistory/Nodes/VesselCrewCount/VeselCrewCount
[LOG 17:45:14.467] Config(MEBASICNODE) SquadExpansion/MakingHistory/Nodes/VesselMassLogic/VesselMass
[LOG 17:45:14.467] Config(MEBASICNODE) SquadExpansion/MakingHistory/Nodes/VesselPartCount/PartCount
[LOG 17:45:14.467] Config(MEBASICNODE) SquadExpansion/MakingHistory/Nodes/VesselRecovery/TestVesselRecovery
[LOG 17:45:14.467] Config(MEBASICNODE) SquadExpansion/MakingHistory/Nodes/VesselStage/TestVesselStage
[LOG 17:45:14.467] Config(MEBASICNODE) SquadExpansion/MakingHistory/Nodes/VesselVelocity/VesselVelocity
[LOG 17:45:14.467] Config(PART) SquadExpansion/MakingHistory/Parts/Aero/protectiveRocketNoseMk16/rocketNoseCone_size4/rocketNoseConeSize4
[LOG 17:45:14.467] Config(PART) SquadExpansion/MakingHistory/Parts/Aero/protectiveRocketNoseMk5A/Size_1_5_Cone/Size_1_5_Cone
[LOG 17:45:14.467] Config(PART) SquadExpansion/MakingHistory/Parts/Coupling/Decoupler_1p5/Decoupler_1p5
[LOG 17:45:14.467] Config(PART) SquadExpansion/MakingHistory/Parts/Coupling/Decoupler_4/Decoupler_4
[LOG 17:45:14.467] Config(PART) SquadExpansion/MakingHistory/Parts/Coupling/EnginePlate_1p5/EnginePlate1p5
[LOG 17:45:14.467] Config(PART) SquadExpansion/MakingHistory/Parts/Coupling/EnginePlate_2/EnginePlate2
[LOG 17:45:14.467] Config(PART) SquadExpansion/MakingHistory/Parts/Coupling/EnginePlate_3/EnginePlate3
[LOG 17:45:14.467] Config(PART) SquadExpansion/MakingHistory/Parts/Coupling/EnginePlate_4/EnginePlate4
[LOG 17:45:14.467] Config(PART) SquadExpansion/MakingHistory/Parts/Coupling/EnginePlate_5/EnginePlate5
[LOG 17:45:14.467] Config(PART) SquadExpansion/MakingHistory/Parts/Coupling/InflatableAirlock/InflatableAirlock
[LOG 17:45:14.467] Config(PART) SquadExpansion/MakingHistory/Parts/Coupling/Separator_1p5/Separator_1p5
[LOG 17:45:14.467] Config(PART) SquadExpansion/MakingHistory/Parts/Coupling/Separator_4/Separator_4
[LOG 17:45:14.467] Config(PART) SquadExpansion/MakingHistory/Parts/Coupling/Size1p5_Strut_Decoupler/Size1p5_Strut_Decoupler
[LOG 17:45:14.467] Config(PART) SquadExpansion/MakingHistory/Parts/Engine/LiquidEngineKE-1/LiquidEngineKE-1
[LOG 17:45:14.467] Config(PART) SquadExpansion/MakingHistory/Parts/Engine/LiquidEngineLV-T91/LiquidEngineLV-T91
[LOG 17:45:14.467] Config(PART) SquadExpansion/MakingHistory/Parts/Engine/LiquidEngineLV-TX87/LiquidEngineLV-TX87
[LOG 17:45:14.467] Config(PART) SquadExpansion/MakingHistory/Parts/Engine/LiquidEngineRE-I2/LiquidEngineRE-I2
[LOG 17:45:14.468] Config(PART) SquadExpansion/MakingHistory/Parts/Engine/LiquidEngineRE-J10/LiquidEngineRE-J10
[LOG 17:45:14.468] Config(PART) SquadExpansion/MakingHistory/Parts/Engine/LiquidEngineRK-7/LiquidEngineRK-7
[LOG 17:45:14.468] Config(PART) SquadExpansion/MakingHistory/Parts/Engine/LiquidEngineRV-1/LiquidEngineRV-1
[LOG 17:45:14.468] Config(PART) SquadExpansion/MakingHistory/Parts/Engine/solidBoosterTHK/solidBoosterTHK/Pollux
[LOG 17:45:14.468] Config(PART) SquadExpansion/MakingHistory/Parts/FuelTank/MonoPropMini/monopropMiniSphere
[LOG 17:45:14.468] Config(PART) SquadExpansion/MakingHistory/Parts/FuelTank/Size1p5_Monoprop/Size1p5_Monoprop
[LOG 17:45:14.468] Config(PART) SquadExpansion/MakingHistory/Parts/FuelTank/Size1p5_Size0_Adapter_01/Size1p5_Size0_Adapter_01
[LOG 17:45:14.468] Config(PART) SquadExpansion/MakingHistory/Parts/FuelTank/Size1p5_Size1_Adapter_01/Size1p5_Size1_Adapter_01
[LOG 17:45:14.468] Config(PART) SquadExpansion/MakingHistory/Parts/FuelTank/Size1p5_Size1_Adapter_02/Size1p5_Size1_Adapter_02
[LOG 17:45:14.468] Config(PART) SquadExpansion/MakingHistory/Parts/FuelTank/Size1p5_Size2_Adapter_01/Size1p5_Size2_Adapter_01
[LOG 17:45:14.468] Config(PART) SquadExpansion/MakingHistory/Parts/FuelTank/Size1p5_Tank_01/Size1p5_Tank_01
[LOG 17:45:14.468] Config(PART) SquadExpansion/MakingHistory/Parts/FuelTank/Size1p5_Tank_02/Size1p5_Tank_02
[LOG 17:45:14.468] Config(PART) SquadExpansion/MakingHistory/Parts/FuelTank/Size1p5_Tank_03/Size1p5_Tank_03
[LOG 17:45:14.468] Config(PART) SquadExpansion/MakingHistory/Parts/FuelTank/Size1p5_Tank_04/Size1p5_Tank_04
[LOG 17:45:14.468] Config(PART) SquadExpansion/MakingHistory/Parts/FuelTank/Size1p5_Tank_05/Size1p5_Tank_05
[LOG 17:45:14.468] Config(PART) SquadExpansion/MakingHistory/Parts/FuelTank/Size3_Size4_Adapter_01/Size3_Size4_Adapter_01
[LOG 17:45:14.468] Config(PART) SquadExpansion/MakingHistory/Parts/FuelTank/Size4_EngineAdapter_01/Size4_EngineAdapter_01
[LOG 17:45:14.468] Config(PART) SquadExpansion/MakingHistory/Parts/FuelTank/Size4_Tank_01/Size4_Tank_01
[LOG 17:45:14.468] Config(PART) SquadExpansion/MakingHistory/Parts/FuelTank/Size4_Tank_02/Size4_Tank_02
[LOG 17:45:14.468] Config(PART) SquadExpansion/MakingHistory/Parts/FuelTank/Size4_Tank_03/Size4_Tank_03
[LOG 17:45:14.468] Config(PART) SquadExpansion/MakingHistory/Parts/FuelTank/Size4_Tank_04/Size4_Tank_04
[LOG 17:45:14.468] Config(PART) SquadExpansion/MakingHistory/Parts/Ground/RoverWheel/roverWheelM1-F
[LOG 17:45:14.468] Config(PART) SquadExpansion/MakingHistory/Parts/Payload/fairingSize1p5/fairingSize1p5
[LOG 17:45:14.468] Config(PART) SquadExpansion/MakingHistory/Parts/Payload/fairingSize4/fairingSize4
[LOG 17:45:14.468] Config(PART) SquadExpansion/MakingHistory/Parts/Payload/Size1to0ServiceModule/Size1to0ServiceModule
[LOG 17:45:14.468] Config(PART) SquadExpansion/MakingHistory/Parts/Payload/SM18/ServiceModule18
[LOG 17:45:14.468] Config(PART) SquadExpansion/MakingHistory/Parts/Payload/SM25/ServiceModule25
[LOG 17:45:14.468] Config(PART) SquadExpansion/MakingHistory/Parts/Pods/KV1Pod/kv1Pod
[LOG 17:45:14.468] Config(PART) SquadExpansion/MakingHistory/Parts/Pods/KV2Pod/kv2Pod
[LOG 17:45:14.468] Config(PART) SquadExpansion/MakingHistory/Parts/Pods/KV3Pod/kv3Pod
[LOG 17:45:14.468] Config(PART) SquadExpansion/MakingHistory/Parts/Pods/Mk2Pod/Mk2Pod
[LOG 17:45:14.468] Config(PART) SquadExpansion/MakingHistory/Parts/Pods/Size1_5_Lander/MEMLander
[LOG 17:45:14.468] Config(PART) SquadExpansion/MakingHistory/Parts/Prebuilt/kerbalEVAfemaleVintage/kerbalEVAfemaleVintage
[LOG 17:45:14.468] Config(PART) SquadExpansion/MakingHistory/Parts/Prebuilt/kerbalEVAVintage/kerbalEVAVintage
[LOG 17:45:14.468] Config(PART) SquadExpansion/MakingHistory/Parts/Structural/EquiTriangle0/EquiTriangle0
[LOG 17:45:14.468] Config(PART) SquadExpansion/MakingHistory/Parts/Structural/EquiTriangle1/EquiTriangle1
[LOG 17:45:14.468] Config(PART) SquadExpansion/MakingHistory/Parts/Structural/EquiTriangle1p5/EquiTriangle1p5
[LOG 17:45:14.468] Config(PART) SquadExpansion/MakingHistory/Parts/Structural/EquiTriangle2/EquiTriangle2
[LOG 17:45:14.468] Config(PART) SquadExpansion/MakingHistory/Parts/Structural/Panel0/Panel0
[LOG 17:45:14.468] Config(PART) SquadExpansion/MakingHistory/Parts/Structural/Panel1/Panel1
[LOG 17:45:14.469] Config(PART) SquadExpansion/MakingHistory/Parts/Structural/Panel1p5/Panel1p5
[LOG 17:45:14.469] Config(PART) SquadExpansion/MakingHistory/Parts/Structural/Panel2/Panel2
[LOG 17:45:14.469] Config(PART) SquadExpansion/MakingHistory/Parts/Structural/Triangle0/Triangle0
[LOG 17:45:14.469] Config(PART) SquadExpansion/MakingHistory/Parts/Structural/Triangle1/Triangle1
[LOG 17:45:14.469] Config(PART) SquadExpansion/MakingHistory/Parts/Structural/Triangle1p5/Triangle1p5
[LOG 17:45:14.469] Config(PART) SquadExpansion/MakingHistory/Parts/Structural/Triangle2/Triangle2
[LOG 17:45:14.469] Config(PART) SquadExpansion/MakingHistory/Parts/Structural/Tube1/Tube1
[LOG 17:45:14.469] Config(PART) SquadExpansion/MakingHistory/Parts/Structural/Tube1p5/Tube1p5
[LOG 17:45:14.469] Config(PART) SquadExpansion/MakingHistory/Parts/Structural/Tube2/Tube2
[LOG 17:45:14.469] Config(PART) SquadExpansion/MakingHistory/Parts/Structural/Tube3/Tube3
[LOG 17:45:14.469] Config(PART) SquadExpansion/MakingHistory/Parts/Structural/Tube4/Tube4
[LOG 17:45:14.469] Config(PART) SquadExpansion/MakingHistory/Parts/Thermal/HeatShield1p5/HeatShield1p5
[LOG 17:45:14.469] Config(PART) SquadExpansion/MakingHistory/Parts/Utility/flags/flagSize1p5/flagSize1p5/flagPartSize1p5
[LOG 17:45:14.469] Config(PART) SquadExpansion/MakingHistory/Parts/Utility/flags/flagSize4/flagSize4/flagPartSize4
[LOG 17:45:14.469] Config(INTERNAL) SquadExpansion/MakingHistory/Spaces/KVPods/Airlock_Internal/Airlock_IVA
[LOG 17:45:14.469] Config(INTERNAL) SquadExpansion/MakingHistory/Spaces/KVPods/KV1_Internal/KV1_IVA
[LOG 17:45:14.469] Config(INTERNAL) SquadExpansion/MakingHistory/Spaces/KVPods/KV2_Internal/KV2_IVA
[LOG 17:45:14.469] Config(INTERNAL) SquadExpansion/MakingHistory/Spaces/KVPods/KV3_Internal/KV3_IVA
[LOG 17:45:14.469] Config(INTERNAL) SquadExpansion/MakingHistory/Spaces/MEM/MEM_IVA/MEM_IVA
[LOG 17:45:14.469] Config(INTERNAL) SquadExpansion/MakingHistory/Spaces/Mk2Pod/Mk2Pod_Internal/MK2POD_IVA
[LOG 17:45:14.469] Config(Contracts) SquadExpansion/Serenity/Contracts/contracts/Contracts
[LOG 17:45:14.469] Config(EXPERIENCE_TRAIT) SquadExpansion/Serenity/Experience/Traits/Engineer
[LOG 17:45:14.469] Config(EXPERIENCE_TRAIT) SquadExpansion/Serenity/Experience/Traits/Scientist
[LOG 17:45:14.469] Config(Localization) SquadExpansion/Serenity/Localization/dictionary/Localization
[LOG 17:45:14.469] Config(PART) SquadExpansion/Serenity/Parts/Aero/FanShroud_01/FanShroud_01
[LOG 17:45:14.469] Config(PART) SquadExpansion/Serenity/Parts/Aero/FanShroud_02/FanShroud_02
[LOG 17:45:14.469] Config(PART) SquadExpansion/Serenity/Parts/Aero/FanShroud_03/FanShroud_03
[LOG 17:45:14.469] Config(PART) SquadExpansion/Serenity/Parts/Aero/noseconeTiny/noseconeTiny
[LOG 17:45:14.469] Config(PART) SquadExpansion/Serenity/Parts/Aero/noseconeVS/noseconeVS
[LOG 17:45:14.469] Config(PART) SquadExpansion/Serenity/Parts/DeployedScience/centralStation/DeployedCentralStation
[LOG 17:45:14.469] Config(PART) SquadExpansion/Serenity/Parts/DeployedScience/gooObservation/DeployedGoExOb
[LOG 17:45:14.469] Config(PART) SquadExpansion/Serenity/Parts/DeployedScience/ionCollector/DeployedIONExp
[LOG 17:45:14.469] Config(PART) SquadExpansion/Serenity/Parts/DeployedScience/rtg/DeployedRTG
[LOG 17:45:14.469] Config(PART) SquadExpansion/Serenity/Parts/DeployedScience/satDish/DeployedSatDish
[LOG 17:45:14.469] Config(PART) SquadExpansion/Serenity/Parts/DeployedScience/seismicSensor/DeployedSeismicSensor
[LOG 17:45:14.469] Config(PART) SquadExpansion/Serenity/Parts/DeployedScience/solarPanel/DeployedSolarPanel
[LOG 17:45:14.469] Config(PART) SquadExpansion/Serenity/Parts/DeployedScience/weatherStation/DeployedWeatherStn
[LOG 17:45:14.469] Config(PART) SquadExpansion/Serenity/Parts/Prebuilt/kerbalEVA/kerbalEVA
[LOG 17:45:14.469] Config(PART) SquadExpansion/Serenity/Parts/Prebuilt/kerbalEVAfemale/kerbalEVAfemale
[LOG 17:45:14.469] Config(PART) SquadExpansion/Serenity/Parts/Prebuilt/kerbalEVAfemaleFuture/kerbalEVAfemaleFuture
[LOG 17:45:14.469] Config(PART) SquadExpansion/Serenity/Parts/Prebuilt/kerbalEVAfemaleVintage/kerbalEVAfemaleVintage
[LOG 17:45:14.469] Config(PART) SquadExpansion/Serenity/Parts/Prebuilt/kerbalEVAFuture/kerbalEVAFuture
[LOG 17:45:14.469] Config(PART) SquadExpansion/Serenity/Parts/Prebuilt/kerbalEVASlimSuit/kerbalEVASlimSuit
[LOG 17:45:14.469] Config(PART) SquadExpansion/Serenity/Parts/Prebuilt/kerbalEVASlimSuitFemale/kerbalEVASlimSuitFemale
[LOG 17:45:14.469] Config(PART) SquadExpansion/Serenity/Parts/Prebuilt/kerbalEVAVintage/kerbalEVAVintage
[LOG 17:45:14.469] Config(PART) SquadExpansion/Serenity/Parts/Propellers/largeFanBlade/largeFanBlade
[LOG 17:45:14.469] Config(PART) SquadExpansion/Serenity/Parts/Propellers/largeHeliBlade/largeHeliBlade
[LOG 17:45:14.469] Config(PART) SquadExpansion/Serenity/Parts/Propellers/largePropeller/largePropeller
[LOG 17:45:14.469] Config(PART) SquadExpansion/Serenity/Parts/Propellers/mediumFanBlade/mediumFanBlade
[LOG 17:45:14.469] Config(PART) SquadExpansion/Serenity/Parts/Propellers/mediumHeliBlade/mediumHeliBlade
[LOG 17:45:14.469] Config(PART) SquadExpansion/Serenity/Parts/Propellers/mediumPropeller/mediumPropeller
[LOG 17:45:14.469] Config(PART) SquadExpansion/Serenity/Parts/Propellers/smallFanBlade/smallFanBlade
[LOG 17:45:14.469] Config(PART) SquadExpansion/Serenity/Parts/Propellers/smallHeliBlade/smallHeliBlade
[LOG 17:45:14.469] Config(PART) SquadExpansion/Serenity/Parts/Propellers/smallPropeller/smallPropeller
[LOG 17:45:14.469] Config(PART) SquadExpansion/Serenity/Parts/Robotics/hinge_01/hinge_01
[LOG 17:45:14.469] Config(PART) SquadExpansion/Serenity/Parts/Robotics/hinge_01_s/hinge_01_s
[LOG 17:45:14.469] Config(PART) SquadExpansion/Serenity/Parts/Robotics/hinge_03/hinge_03
[LOG 17:45:14.469] Config(PART) SquadExpansion/Serenity/Parts/Robotics/hinge_03_s/hinge_03_s
[LOG 17:45:14.469] Config(PART) SquadExpansion/Serenity/Parts/Robotics/hinge_04/hinge_04
[LOG 17:45:14.469] Config(PART) SquadExpansion/Serenity/Parts/Robotics/piston_01/piston_01
[LOG 17:45:14.469] Config(PART) SquadExpansion/Serenity/Parts/Robotics/piston_02/piston_02
[LOG 17:45:14.471] Config(PART) SquadExpansion/Serenity/Parts/Robotics/piston_03/piston_03
[LOG 17:45:14.471] Config(PART) SquadExpansion/Serenity/Parts/Robotics/piston_04/piston_04
[LOG 17:45:14.471] Config(PART) SquadExpansion/Serenity/Parts/Robotics/RotorEngine_02/RotorEngine_02
[LOG 17:45:14.471] Config(PART) SquadExpansion/Serenity/Parts/Robotics/RotorEngine_03/RotorEngine_03
[LOG 17:45:14.471] Config(PART) SquadExpansion/Serenity/Parts/Robotics/rotor_01/rotor_01
[LOG 17:45:14.471] Config(PART) SquadExpansion/Serenity/Parts/Robotics/rotor_01s/rotor_01s
[LOG 17:45:14.471] Config(PART) SquadExpansion/Serenity/Parts/Robotics/rotor_02/rotor_02
[LOG 17:45:14.471] Config(PART) SquadExpansion/Serenity/Parts/Robotics/rotor_02s/rotor_02s
[LOG 17:45:14.471] Config(PART) SquadExpansion/Serenity/Parts/Robotics/rotor_03/rotor_03
[LOG 17:45:14.471] Config(PART) SquadExpansion/Serenity/Parts/Robotics/rotor_03s/rotor_03s
[LOG 17:45:14.471] Config(PART) SquadExpansion/Serenity/Parts/Robotics/rotoServo_00/rotoServo_00
[LOG 17:45:14.471] Config(PART) SquadExpansion/Serenity/Parts/Robotics/rotoServo_02/rotoServo_02
[LOG 17:45:14.471] Config(PART) SquadExpansion/Serenity/Parts/Robotics/rotoServo_03/rotoServo_03
[LOG 17:45:14.471] Config(PART) SquadExpansion/Serenity/Parts/Robotics/rotoServo_04/rotoServo_04
[LOG 17:45:14.471] Config(PART) SquadExpansion/Serenity/Parts/Robotics/Controllers/KAL1000/controller1000
[LOG 17:45:14.471] Config(PART) SquadExpansion/Serenity/Parts/Science/RobotArmScanner/RobotArmScanner_S1/RobotArmScanner_S1
[LOG 17:45:14.471] Config(PART) SquadExpansion/Serenity/Parts/Science/RobotArmScanner/RobotArmScanner_S2/RobotArmScanner_S2
[LOG 17:45:14.471] Config(PART) SquadExpansion/Serenity/Parts/Science/RobotArmScanner/RobotArmScanner_S3/RobotArmScanner_S3
[LOG 17:45:14.471] Config(PART) SquadExpansion/Serenity/Parts/Structural/gripPads/lGripPad/lGripPad
[LOG 17:45:14.471] Config(PART) SquadExpansion/Serenity/Parts/Structural/gripPads/lGripStrip/lGripStrip
[LOG 17:45:14.471] Config(PART) SquadExpansion/Serenity/Parts/Structural/gripPads/mGripPad/mGripPad
[LOG 17:45:14.471] Config(PART) SquadExpansion/Serenity/Parts/Structural/gripPads/sGripPad/sGripPad
[LOG 17:45:14.471] Config(PART) SquadExpansion/Serenity/Parts/Structural/gripPads/sGripStrip/sGripStrip
[LOG 17:45:14.471] Config(DEPLOYEDSCIENCE) SquadExpansion/Serenity/Resources/DeployedScience/DEPLOYEDSCIENCE
[LOG 17:45:14.471] Config(PHYSICMATERIAL_DEFINITION) SquadExpansion/Serenity/Resources/PhysicsMaterials/MediumGrip
[LOG 17:45:14.471] Config(PHYSICMATERIAL_DEFINITION) SquadExpansion/Serenity/Resources/PhysicsMaterials/HighGrip
[LOG 17:45:14.471] Config(PHYSICMATERIAL_DEFINITION) SquadExpansion/Serenity/Resources/PhysicsMaterials/ExtremeGrip
[LOG 17:45:14.471] Config(PHYSICMATERIAL_DEFINITION) SquadExpansion/Serenity/Resources/PhysicsMaterials/LowGrip
[LOG 17:45:14.471] Config(PHYSICMATERIAL_DEFINITION) SquadExpansion/Serenity/Resources/PhysicsMaterials/Default
[LOG 17:45:14.471] Config(ROC_DEFINITION) SquadExpansion/Serenity/Resources/rocsdef/ROC_DEFINITION
[LOG 17:45:14.471] Config(ROC_DEFINITION) SquadExpansion/Serenity/Resources/rocsdef/ROC_DEFINITION
[LOG 17:45:14.471] Config(ROC_DEFINITION) SquadExpansion/Serenity/Resources/rocsdef/ROC_DEFINITION
[LOG 17:45:14.471] Config(ROC_DEFINITION) SquadExpansion/Serenity/Resources/rocsdef/ROC_DEFINITION
[LOG 17:45:14.471] Config(ROC_DEFINITION) SquadExpansion/Serenity/Resources/rocsdef/ROC_DEFINITION
[LOG 17:45:14.471] Config(ROC_DEFINITION) SquadExpansion/Serenity/Resources/rocsdef/ROC_DEFINITION
[LOG 17:45:14.471] Config(ROC_DEFINITION) SquadExpansion/Serenity/Resources/rocsdef/ROC_DEFINITION
[LOG 17:45:14.471] Config(ROC_DEFINITION) SquadExpansion/Serenity/Resources/rocsdef/ROC_DEFINITION
[LOG 17:45:14.471] Config(ROC_DEFINITION) SquadExpansion/Serenity/Resources/rocsdef/ROC_DEFINITION
[LOG 17:45:14.471] Config(ROC_DEFINITION) SquadExpansion/Serenity/Resources/rocsdef/ROC_DEFINITION
[LOG 17:45:14.471] Config(ROC_DEFINITION) SquadExpansion/Serenity/Resources/rocsdef/ROC_DEFINITION
[LOG 17:45:14.471] Config(ROC_DEFINITION) SquadExpansion/Serenity/Resources/rocsdef/ROC_DEFINITION
[LOG 17:45:14.471] Config(ROC_DEFINITION) SquadExpansion/Serenity/Resources/rocsdef/ROC_DEFINITION
[LOG 17:45:14.471] Config(ROC_DEFINITION) SquadExpansion/Serenity/Resources/rocsdef/ROC_DEFINITION
[LOG 17:45:14.471] Config(ROC_DEFINITION) SquadExpansion/Serenity/Resources/rocsdef/ROC_DEFINITION
[LOG 17:45:14.472] Config(ROC_DEFINITION) SquadExpansion/Serenity/Resources/rocsdef/ROC_DEFINITION
[LOG 17:45:14.472] Config(ROC_DEFINITION) SquadExpansion/Serenity/Resources/rocsdef/ROC_DEFINITION
[LOG 17:45:14.472] Config(ROC_DEFINITION) SquadExpansion/Serenity/Resources/rocsdef/ROC_DEFINITION
[LOG 17:45:14.472] Config(ROC_DEFINITION) SquadExpansion/Serenity/Resources/rocsdef/ROC_DEFINITION
[LOG 17:45:14.472] Config(ROC_DEFINITION) SquadExpansion/Serenity/Resources/rocsdef/ROC_DEFINITION
[LOG 17:45:14.472] Config(ROC_DEFINITION) SquadExpansion/Serenity/Resources/rocsdef/ROC_DEFINITION
[LOG 17:45:14.472] Config(ROC_DEFINITION) SquadExpansion/Serenity/Resources/rocsdef/ROC_DEFINITION
[LOG 17:45:14.472] Config(ROC_DEFINITION) SquadExpansion/Serenity/Resources/rocsdef/ROC_DEFINITION
[LOG 17:45:14.472] Config(ROC_DEFINITION) SquadExpansion/Serenity/Resources/rocsdef/ROC_DEFINITION
[LOG 17:45:14.472] Config(ROC_DEFINITION) SquadExpansion/Serenity/Resources/rocsdef/ROC_DEFINITION
[LOG 17:45:14.472] Config(ROC_DEFINITION) SquadExpansion/Serenity/Resources/rocsdef/ROC_DEFINITION
[LOG 17:45:14.472] Config(ROC_DEFINITION) SquadExpansion/Serenity/Resources/rocsdef/ROC_DEFINITION
[LOG 17:45:14.472] Config(ROC_DEFINITION) SquadExpansion/Serenity/Resources/rocsdef/ROC_DEFINITION
[LOG 17:45:14.472] Config(ROC_DEFINITION) SquadExpansion/Serenity/Resources/rocsdef/ROC_DEFINITION
[LOG 17:45:14.472] Config(ROC_DEFINITION) SquadExpansion/Serenity/Resources/rocsdef/ROC_DEFINITION
[LOG 17:45:14.472] Config(ROC_DEFINITION) SquadExpansion/Serenity/Resources/rocsdef/ROC_DEFINITION
[LOG 17:45:14.472] Config(ROC_DEFINITION) SquadExpansion/Serenity/Resources/rocsdef/ROC_DEFINITION
[LOG 17:45:14.472] Config(ROC_DEFINITION) SquadExpansion/Serenity/Resources/rocsdef/ROC_DEFINITION
[LOG 17:45:14.472] Config(ROC_DEFINITION) SquadExpansion/Serenity/Resources/rocsdef/ROC_DEFINITION
[LOG 17:45:14.472] Config(EXPERIMENT_DEFINITION) SquadExpansion/Serenity/Resources/ScienceDefs/EXPERIMENT_DEFINITION
[LOG 17:45:14.472] Config(EXPERIMENT_DEFINITION) SquadExpansion/Serenity/Resources/ScienceDefs/EXPERIMENT_DEFINITION
[LOG 17:45:14.472] Config(EXPERIMENT_DEFINITION) SquadExpansion/Serenity/Resources/ScienceDefs/EXPERIMENT_DEFINITION
[LOG 17:45:14.472] Config(EXPERIMENT_DEFINITION) SquadExpansion/Serenity/Resources/ScienceDefs/EXPERIMENT_DEFINITION
[LOG 17:45:14.472] Config(EXPERIMENT_DEFINITION) SquadExpansion/Serenity/Resources/ScienceDefs/EXPERIMENT_DEFINITION
[LOG 17:45:14.472] Config(EXPERIMENT_DEFINITION) SquadExpansion/Serenity/Resources/ScienceDefs/EXPERIMENT_DEFINITION
[LOG 17:45:14.472] Config(EXPERIMENT_DEFINITION) SquadExpansion/Serenity/Resources/ScienceDefs/EXPERIMENT_DEFINITION
[LOG 17:45:14.472] Config(EXPERIMENT_DEFINITION) SquadExpansion/Serenity/Resources/ScienceDefs/EXPERIMENT_DEFINITION
[LOG 17:45:14.472] Config(EXPERIMENT_DEFINITION) SquadExpansion/Serenity/Resources/ScienceDefs/EXPERIMENT_DEFINITION
[LOG 17:45:14.472] Config(EXPERIMENT_DEFINITION) SquadExpansion/Serenity/Resources/ScienceDefs/EXPERIMENT_DEFINITION
[LOG 17:45:14.472] Config(EXPERIMENT_DEFINITION) SquadExpansion/Serenity/Resources/ScienceDefs/EXPERIMENT_DEFINITION
[LOG 17:45:14.472] Config(EXPERIMENT_DEFINITION) SquadExpansion/Serenity/Resources/ScienceDefs/EXPERIMENT_DEFINITION
[LOG 17:45:14.472] Config(EXPERIMENT_DEFINITION) SquadExpansion/Serenity/Resources/ScienceDefs/EXPERIMENT_DEFINITION
[LOG 17:45:14.472] Config(EXPERIMENT_DEFINITION) SquadExpansion/Serenity/Resources/ScienceDefs/EXPERIMENT_DEFINITION
[LOG 17:45:14.472] Config(EXPERIMENT_DEFINITION) SquadExpansion/Serenity/Resources/ScienceDefs/EXPERIMENT_DEFINITION
[LOG 17:45:14.472] Config(EXPERIMENT_DEFINITION) SquadExpansion/Serenity/Resources/ScienceDefs/EXPERIMENT_DEFINITION
[LOG 17:45:14.472] Config(EXPERIMENT_DEFINITION) SquadExpansion/Serenity/Resources/ScienceDefs/EXPERIMENT_DEFINITION
[LOG 17:45:14.472] Config(EXPERIMENT_DEFINITION) SquadExpansion/Serenity/Resources/ScienceDefs/EXPERIMENT_DEFINITION
[LOG 17:45:14.472] Config(EXPERIMENT_DEFINITION) SquadExpansion/Serenity/Resources/ScienceDefs/EXPERIMENT_DEFINITION
[LOG 17:45:14.472] Config(EXPERIMENT_DEFINITION) SquadExpansion/Serenity/Resources/ScienceDefs/EXPERIMENT_DEFINITION
[LOG 17:45:14.472] Config(EXPERIMENT_DEFINITION) SquadExpansion/Serenity/Resources/ScienceDefs/EXPERIMENT_DEFINITION
[LOG 17:45:14.472] Config(EXPERIMENT_DEFINITION) SquadExpansion/Serenity/Resources/ScienceDefs/EXPERIMENT_DEFINITION
[LOG 17:45:14.472] Config(EXPERIMENT_DEFINITION) SquadExpansion/Serenity/Resources/ScienceDefs/EXPERIMENT_DEFINITION
[LOG 17:45:14.472] Config(EXPERIMENT_DEFINITION) SquadExpansion/Serenity/Resources/ScienceDefs/EXPERIMENT_DEFINITION
[LOG 17:45:14.472] Config(EXPERIMENT_DEFINITION) SquadExpansion/Serenity/Resources/ScienceDefs/EXPERIMENT_DEFINITION
[LOG 17:45:14.473] Config(EXPERIMENT_DEFINITION) SquadExpansion/Serenity/Resources/ScienceDefs/EXPERIMENT_DEFINITION
[LOG 17:45:14.473] Config(EXPERIMENT_DEFINITION) SquadExpansion/Serenity/Resources/ScienceDefs/EXPERIMENT_DEFINITION
[LOG 17:45:14.473] Config(EXPERIMENT_DEFINITION) SquadExpansion/Serenity/Resources/ScienceDefs/EXPERIMENT_DEFINITION
[LOG 17:45:14.473] Config(EXPERIMENT_DEFINITION) SquadExpansion/Serenity/Resources/ScienceDefs/EXPERIMENT_DEFINITION
[LOG 17:45:14.473] Config(EXPERIMENT_DEFINITION) SquadExpansion/Serenity/Resources/ScienceDefs/EXPERIMENT_DEFINITION
[LOG 17:45:14.473] Config(EXPERIMENT_DEFINITION) SquadExpansion/Serenity/Resources/ScienceDefs/EXPERIMENT_DEFINITION
[LOG 17:45:14.473] Config(EXPERIMENT_DEFINITION) SquadExpansion/Serenity/Resources/ScienceDefs/EXPERIMENT_DEFINITION
[LOG 17:45:14.473] Config(EXPERIMENT_DEFINITION) SquadExpansion/Serenity/Resources/ScienceDefs/EXPERIMENT_DEFINITION
[LOG 17:45:14.473] Config(EXPERIMENT_DEFINITION) SquadExpansion/Serenity/Resources/ScienceDefs/EXPERIMENT_DEFINITION
[LOG 17:45:14.473] Config(EXPERIMENT_DEFINITION) SquadExpansion/Serenity/Resources/ScienceDefs/EXPERIMENT_DEFINITION
[LOG 17:45:14.473] Config(EXPERIMENT_DEFINITION) SquadExpansion/Serenity/Resources/ScienceDefs/EXPERIMENT_DEFINITION
[LOG 17:45:14.473] Config(EXPERIMENT_DEFINITION) SquadExpansion/Serenity/Resources/ScienceDefs/EXPERIMENT_DEFINITION
[LOG 17:45:14.473] Config(EXPERIMENT_DEFINITION) SquadExpansion/Serenity/Resources/ScienceDefs/EXPERIMENT_DEFINITION
[LOG 17:45:14.473] Config(STORY_DEF) SquadExpansion/Serenity/Resources/StoryDefs/STORY_DEF
[LOG 17:45:14.473] Compiling Configs Completed.
[LOG 17:45:14.475] Resource LiquidFuel added to database
[LOG 17:45:14.475] Resource Oxidizer added to database
[LOG 17:45:14.475] Resource SolidFuel added to database
[LOG 17:45:14.475] Resource MonoPropellant added to database
[LOG 17:45:14.475] Resource XenonGas added to database
[LOG 17:45:14.475] Resource ElectricCharge added to database
[LOG 17:45:14.475] Resource IntakeAir added to database
[LOG 17:45:14.475] Resource EVA Propellant added to database
[LOG 17:45:14.475] Resource Ore added to database
[LOG 17:45:14.476] Resource Ablator added to database
[LOG 17:45:14.477] Resource MediumGrip added to database
[LOG 17:45:14.477] Resource HighGrip added to database
[LOG 17:45:14.477] Resource ExtremeGrip added to database
[LOG 17:45:14.477] Resource LowGrip added to database
[LOG 17:45:14.477] Resource Default added to database
[LOG 17:45:14.477] CodeAssetLoader: Compiling all code assets
[LOG 17:45:14.481] ExperienceSystemConfig: Added Effect 'DeployedSciencePowerSkill' to Trait 'Ingénieur'
[LOG 17:45:14.481] ExperienceSystemConfig: Added Effect 'DeployedScienceExpSkill' to Trait 'Scientifique'
[LOG 17:45:14.488] ConfigNode[]
[LOG 17:45:14.488] GameDatabase: Assets loaded in 24.734s
[LOG 17:45:14.489] [ModuleManager] Waited 0.000s for patching to finish
[LOG 17:45:14.489] [ModuleManager] Applying patched game database
[LOG 17:45:14.491] [ModuleManager] Dumping ModuleManager log to main log
[LOG 17:45:14.491] [ModuleManager] 
#### BEGIN MODULEMANAGER LOG ####


[LOG 17:44:56.811] Log started at 2026-09-24 17:44:56.811
[LOG 17:44:58.511] Checking Cache
[LOG 17:44:58.820] SHA generated in 0.306s
[LOG 17:44:58.820]       SHA = 6B-9B-6D-1C-D1-46-6F-B9-D9-36-4B-33-7D-F2-93-02-C8-44-7F-27-E8-EA-BA-2C-05-4D-8B-8E-D1-0F-8D-D3
[LOG 17:44:58.838] Cache SHA = 2D-B5-0B-97-76-1A-7C-65-88-D5-AE-F5-0C-7C-01-55-2C-BE-73-9C-FF-D5-51-D1-BE-F4-FA-54-45-EE-F3-17
[LOG 17:44:58.838] useCache = False
[LOG 17:44:58.839] Pre patch init
[LOG 17:44:58.963] compiling list of loaded mods...
Mod DLLs found:
  Name                                    Assembly Version         Assembly File Version    KSPAssembly Version      SHA256

  Assembly-CSharp                         0.0.0.0                  0.0.0.0                  1.12                     d9e42483f25ee80a9c11d6c1c0a0d29b4ec78c1e08d76c971b71580c9cce51e4
  ModuleManager                           4.2.3.0                  4.2.3.0                  2.5                      95847827ab293b9e82a19b7efb97ffea3e98cc03b181862536ac8eb572e30d7d
  0Harmony                                2.2.1.0                  2.2.1.0                                           19ce60ac3280f72ec1751d36a40cb7e2fece2934df8345969dc7feb83bd633e4
  HarmonyInstallChecker                   2.2.1.0                  2.2.1.0                  1.0                      f11e659e91a52c21c5bda78e52b82a7bdc246bcab6a999733af3c69a11a9dc0e
  0_MultipleModuleInPartAPI               1.0.0.0                  1.0.0.0                  1.0                      df4a22fb0535de7fa154ca234b50dd7c2fc6be879e4a877d9bad1f87bafafcbf
  KSPCommunityFixes                       1.41.0.0                 1.41.1.0                 1.41                     e08ebbec7ab34f4f7ff56d6e900051bb0d259a4bc092881d7db3ca2f9f2e9a11
  KSPSteamCtrlr                           0.0.1.35                 0.0.1.35                                          1675fa4fcb61d014eb1babe7eed703e7f76a1008537ee57ca7cec65cd9ff94ac
  TerrainPrecisionFixDiagMod              1.0.9762.27666           1.0.9762.27666                                    ba97fd3121638549a429ae63d568a18511f33593f5e703793dd286e69741ca96
Non-DLL mods added (:FOR[xxx]):
Mods by directory (sub directories of GameData):
  000_Harmony
  Squad
  SquadExpansion
Mods added by assemblies:

[LOG 17:44:58.964] Loading Physics.cfg
[LOG 17:44:58.969] Extracting patches
[LOG 17:44:58.977] Deleting root node in file KSPCommunityFixes/MMPatches/ModSupport/FixDockingNodes node: @PART[*]:HAS[@MODULE[ModuleDockingNodeFixed]]:NEEDS[FixDockingNodes]:FINAL as it can't satisfy its NEEDS
[LOG 17:44:58.978] Deleting root node in file KSPCommunityFixes/MMPatches/ModSupport/KSPRecall node: @KSP_COMMUNITY_FIXES:NEEDS[AttachedOnEditor] as it can't satisfy its NEEDS
[LOG 17:44:58.978] Deleting root node in file KSPCommunityFixes/MMPatches/ModSupport/UniversalStorage node: @KSP_COMMUNITY_FIXES:NEEDS[UniversalStorage2] as it can't satisfy its NEEDS
[LOG 17:44:59.023] Applying patches
[LOG 17:44:59.024] :INSERT (initial) pass
[LOG 17:44:59.043] :FIRST pass
[LOG 17:44:59.046] Applying update KSPCommunityFixes/MMPatches/StockTweaks/LadderToggleableLight/@PART[telescopicLadderBay]:FIRST to Squad/Parts/Utility/ladderTelescopicBay/ladderTelescopicBay.cfg/PART[telescopicLadderBay]
[LOG 17:44:59.053] Applying update KSPCommunityFixes/MMPatches/StockTweaks/LadderToggleableLight/@PART[telescopicLadderBay]:HAS[#LadderToggleableLight[?rue]]:FIRST to Squad/Parts/Utility/ladderTelescopicBay/ladderTelescopicBay.cfg/PART[telescopicLadderBay]
[LOG 17:44:59.053] Applying update KSPCommunityFixes/MMPatches/StockTweaks/LadderToggleableLight/@PART[telescopicLadderBay]:HAS[#LadderToggleableLight]:FIRST to Squad/Parts/Utility/ladderTelescopicBay/ladderTelescopicBay.cfg/PART[telescopicLadderBay]
[LOG 17:44:59.054] Applying update KSPCommunityFixes/MMPatches/StockTweaks/LandingGearLights/@PART[GearSmall]:FIRST to Squad/Parts/Wheel/LandingGear/GearMedium.cfg/PART[GearSmall]
[LOG 17:44:59.055] Applying update KSPCommunityFixes/MMPatches/StockTweaks/LandingGearLights/@PART[SmallGearBay]:FIRST to Squad/Parts/Wheel/LandingGear/GearSmall.cfg/PART[SmallGearBay]
[LOG 17:44:59.055] :LEGACY (default) pass
[LOG 17:44:59.058] :BEFORE[0_MULTIPLEMODULEINPARTAPI] pass
[LOG 17:44:59.058] :FOR[0_MULTIPLEMODULEINPARTAPI] pass
[LOG 17:44:59.058] :AFTER[0_MULTIPLEMODULEINPARTAPI] pass
[LOG 17:44:59.058] :BEFORE[000_HARMONY] pass
[LOG 17:44:59.058] :FOR[000_HARMONY] pass
[LOG 17:44:59.058] :AFTER[000_HARMONY] pass
[LOG 17:44:59.058] :BEFORE[0HARMONY] pass
[LOG 17:44:59.058] :FOR[0HARMONY] pass
[LOG 17:44:59.058] :AFTER[0HARMONY] pass
[LOG 17:44:59.058] :BEFORE[ASSEMBLY-CSHARP] pass
[LOG 17:44:59.058] :FOR[ASSEMBLY-CSHARP] pass
[LOG 17:44:59.058] :AFTER[ASSEMBLY-CSHARP] pass
[LOG 17:44:59.058] :BEFORE[HARMONYINSTALLCHECKER] pass
[LOG 17:44:59.058] :FOR[HARMONYINSTALLCHECKER] pass
[LOG 17:44:59.058] :AFTER[HARMONYINSTALLCHECKER] pass
[LOG 17:44:59.058] :BEFORE[KSPCOMMUNITYFIXES] pass
[LOG 17:44:59.058] :FOR[KSPCOMMUNITYFIXES] pass
[LOG 17:44:59.058] Applying update KSPCommunityFixes/MMPatches/StockTweaks/ManufacturerFixes/@PART[sasModule]:FOR[KSPCommunityFixes] to Squad/Parts/Command/inlineReactionWheel/inlineReactionWheel.cfg/PART[sasModule]
[LOG 17:44:59.058] Applying update KSPCommunityFixes/MMPatches/StockTweaks/ManufacturerFixes/@PART[xenonTankRadial]:FOR[KSPCommunityFixes] to Squad/Parts/FuelTank/xenonTankRadial/xenonTankRadial.cfg/PART[xenonTankRadial]
[LOG 17:44:59.058] Applying update KSPCommunityFixes/MMPatches/StockTweaks/ManufacturerFixes/@PART[winglet|fireworksLauncherSmall|fireworksLauncherBig]:FOR[KSPCommunityFixes] to Squad/Parts/Aero/wingletAV-T1/wingletAV-T1.cfg/PART[winglet]
[LOG 17:44:59.059] Applying update KSPCommunityFixes/MMPatches/StockTweaks/ManufacturerFixes/@PART[winglet|fireworksLauncherSmall|fireworksLauncherBig]:FOR[KSPCommunityFixes] to Squad/Parts/Utility/Fireworks/fireworksLauncherBig.cfg/PART[fireworksLauncherBig]
[LOG 17:44:59.059] Applying update KSPCommunityFixes/MMPatches/StockTweaks/ManufacturerFixes/@PART[winglet|fireworksLauncherSmall|fireworksLauncherBig]:FOR[KSPCommunityFixes] to Squad/Parts/Utility/Fireworks/fireworksLauncherSmall.cfg/PART[fireworksLauncherSmall]
[LOG 17:44:59.060] Applying update KSPCommunityFixes/MMPatches/StockTweaks/ManufacturerFixes/@PART[solidBooster_sm_v2|solidBooster_v2]:FOR[KSPCommunityFixes] to Squad/Parts/Engine/Size1_SRBs/solidBoosterRT-10_v2.cfg/PART[solidBooster_v2]
[LOG 17:44:59.060] Applying update KSPCommunityFixes/MMPatches/StockTweaks/ManufacturerFixes/@PART[solidBooster_sm_v2|solidBooster_v2]:FOR[KSPCommunityFixes] to Squad/Parts/Engine/Size1_SRBs/solidBoosterRT-5_v2.cfg/PART[solidBooster_sm_v2]
[LOG 17:44:59.061] Applying update KSPCommunityFixes/MMPatches/StockTweaks/ManufacturerFixes/@PART[ServiceBay_125_v2|ServiceBay_250_v2]:FOR[KSPCommunityFixes] to Squad/Parts/Utility/ServiceBay_v2/ServiceBay_125_v2.cfg/PART[ServiceBay_125_v2]
[LOG 17:44:59.061] Applying update KSPCommunityFixes/MMPatches/StockTweaks/ManufacturerFixes/@PART[ServiceBay_125_v2|ServiceBay_250_v2]:FOR[KSPCommunityFixes] to Squad/Parts/Utility/ServiceBay_v2/ServiceBay_250_v2.cfg/PART[ServiceBay_250_v2]
[LOG 17:44:59.061] Applying update KSPCommunityFixes/MMPatches/StockTweaks/ManufacturerFixes/@PART[externalTankCapsule]:FOR[KSPCommunityFixes] to Squad/Parts/FuelTank/FoilTanks/RadialTank_Capsule.cfg/PART[externalTankCapsule]
[LOG 17:44:59.062] Applying update KSPCommunityFixes/MMPatches/StockTweaks/ManufacturerFixes/@PART[RCSFuelTank|rcsTankMini|RCSTank1-2]:FOR[KSPCommunityFixes] to Squad/Parts/FuelTank/RCSFuelTankR1/RCSFuelTankR1.cfg/PART[RCSTank1-2]
[LOG 17:44:59.062] Applying update KSPCommunityFixes/MMPatches/StockTweaks/ManufacturerFixes/@PART[RCSFuelTank|rcsTankMini|RCSTank1-2]:FOR[KSPCommunityFixes] to Squad/Parts/FuelTank/RCSFuelTankR10/RCSFuelTankR10.cfg/PART[rcsTankMini]
[LOG 17:44:59.062] Applying update KSPCommunityFixes/MMPatches/StockTweaks/ManufacturerFixes/@PART[RCSFuelTank|rcsTankMini|RCSTank1-2]:FOR[KSPCommunityFixes] to Squad/Parts/FuelTank/RCSFuelTankR25/RCSFuelTankR25.cfg/PART[RCSFuelTank]
[LOG 17:44:59.063] Applying update KSPCommunityFixes/MMPatches/StockTweaks/ManufacturerFixes/@PART[landerCabinSmall]:FOR[KSPCommunityFixes] to Squad/Parts/Command/mk1LanderCan/mk1LanderCan.cfg/PART[landerCabinSmall]
[LOG 17:44:59.064] Applying update KSPCommunityFixes/MMPatches/StockTweaks/ManufacturerFixes/@PART[dockingPortLateral]:FOR[KSPCommunityFixes] to Squad/Parts/Utility/dockingPortInline/dockingPortInline.cfg/PART[dockingPortLateral]
[LOG 17:44:59.064] Applying update KSPCommunityFixes/MMPatches/StockTweaks/ManufacturerFixes/@PART[EnginePlate4]:FOR[KSPCommunityFixes]:NEEDS[SquadExpansion/MakingHistory] to SquadExpansion/MakingHistory/Parts/Coupling/EnginePlate_4.cfg/PART[EnginePlate4]
[LOG 17:44:59.065] Applying update KSPCommunityFixes/MMPatches/StockTweaks/ManufacturerFixes/@PART[Mk2Pod]:FOR[KSPCommunityFixes]:NEEDS[SquadExpansion/MakingHistory] to SquadExpansion/MakingHistory/Parts/Pods/Mk2Pod.cfg/PART[Mk2Pod]
[LOG 17:44:59.065] Applying update KSPCommunityFixes/MMPatches/StockTweaks/ManufacturerFixes/@PART[evaChute|parachuteSingle|parachuteRadial|radialDrogue|parachuteLarge|parachuteDrogue]:FOR[KSPCommunityFixes] to Squad/Parts/Cargo/Parachute/Parachute.cfg/PART[evaChute]
[LOG 17:44:59.067] Applying update KSPCommunityFixes/MMPatches/StockTweaks/ManufacturerFixes/@PART[evaChute|parachuteSingle|parachuteRadial|radialDrogue|parachuteLarge|parachuteDrogue]:FOR[KSPCommunityFixes] to Squad/Parts/Utility/parachuteMk1/parachuteMk1.cfg/PART[parachuteSingle]
[LOG 17:44:59.067] Applying update KSPCommunityFixes/MMPatches/StockTweaks/ManufacturerFixes/@PART[evaChute|parachuteSingle|parachuteRadial|radialDrogue|parachuteLarge|parachuteDrogue]:FOR[KSPCommunityFixes] to Squad/Parts/Utility/parachuteMk12-R/parachuteMk12-R.cfg/PART[radialDrogue]
[LOG 17:44:59.067] Applying update KSPCommunityFixes/MMPatches/StockTweaks/ManufacturerFixes/@PART[evaChute|parachuteSingle|parachuteRadial|radialDrogue|parachuteLarge|parachuteDrogue]:FOR[KSPCommunityFixes] to Squad/Parts/Utility/parachuteMk16-XL/parachuteMk16-XL.cfg/PART[parachuteLarge]
[LOG 17:44:59.067] Applying update KSPCommunityFixes/MMPatches/StockTweaks/ManufacturerFixes/@PART[evaChute|parachuteSingle|parachuteRadial|radialDrogue|parachuteLarge|parachuteDrogue]:FOR[KSPCommunityFixes] to Squad/Parts/Utility/parachuteMk2-R/parachuteMk2-R.cfg/PART[parachuteRadial]
[LOG 17:44:59.067] Applying update KSPCommunityFixes/MMPatches/StockTweaks/ManufacturerFixes/@PART[evaChute|parachuteSingle|parachuteRadial|radialDrogue|parachuteLarge|parachuteDrogue]:FOR[KSPCommunityFixes] to Squad/Parts/Utility/parachuteMk25/parachuteMk25.cfg/PART[parachuteDrogue]
[LOG 17:44:59.070] Applying update KSPCommunityFixes/MMPatches/StockTweaks/ManufacturerFixes/@PART[stackPoint1|dockingPort1|dockingPort2|dockingPort3|dockingPortLarge]:FOR[KSPCommunityFixes] to Squad/Parts/Utility/dockingPort/dockingPort.cfg/PART[dockingPort2]
[LOG 17:44:59.070] Applying update KSPCommunityFixes/MMPatches/StockTweaks/ManufacturerFixes/@PART[stackPoint1|dockingPort1|dockingPort2|dockingPort3|dockingPortLarge]:FOR[KSPCommunityFixes] to Squad/Parts/Utility/dockingPortJr/dockingPortJr.cfg/PART[dockingPort3]
[LOG 17:44:59.070] Applying update KSPCommunityFixes/MMPatches/StockTweaks/ManufacturerFixes/@PART[stackPoint1|dockingPort1|dockingPort2|dockingPort3|dockingPortLarge]:FOR[KSPCommunityFixes] to Squad/Parts/Utility/dockingPortShielded/dockingPortShielded.cfg/PART[dockingPort1]
[LOG 17:44:59.070] Applying update KSPCommunityFixes/MMPatches/StockTweaks/ManufacturerFixes/@PART[stackPoint1|dockingPort1|dockingPort2|dockingPort3|dockingPortLarge]:FOR[KSPCommunityFixes] to Squad/Parts/Utility/dockingPortSr/dockingPortSr.cfg/PART[dockingPortLarge]
[LOG 17:44:59.070] Applying update KSPCommunityFixes/MMPatches/StockTweaks/ManufacturerFixes/@PART[stackPoint1|dockingPort1|dockingPort2|dockingPort3|dockingPortLarge]:FOR[KSPCommunityFixes] to Squad/Parts/Utility/radialAttachmentPoint/radialAttachmentPoint.cfg/PART[stackPoint1]
[LOG 17:44:59.073] :AFTER[KSPCOMMUNITYFIXES] pass
[LOG 17:44:59.073] :BEFORE[KSPSTEAMCTRLR] pass
[LOG 17:44:59.073] :FOR[KSPSTEAMCTRLR] pass
[LOG 17:44:59.073] :AFTER[KSPSTEAMCTRLR] pass
[LOG 17:44:59.073] :BEFORE[MODULEMANAGER] pass
[LOG 17:44:59.073] :FOR[MODULEMANAGER] pass
[LOG 17:44:59.073] :AFTER[MODULEMANAGER] pass
[LOG 17:44:59.073] :BEFORE[SQUAD] pass
[LOG 17:44:59.073] :FOR[SQUAD] pass
[LOG 17:44:59.073] :AFTER[SQUAD] pass
[LOG 17:44:59.073] :BEFORE[SQUADEXPANSION] pass
[LOG 17:44:59.073] :FOR[SQUADEXPANSION] pass
[LOG 17:44:59.073] :AFTER[SQUADEXPANSION] pass
[LOG 17:44:59.073] :BEFORE[TERRAINPRECISIONFIXDIAGMOD] pass
[LOG 17:44:59.073] :FOR[TERRAINPRECISIONFIXDIAGMOD] pass
[LOG 17:44:59.073] :AFTER[TERRAINPRECISIONFIXDIAGMOD] pass
[LOG 17:44:59.075] :LAST[999_KSP-RECALL] pass
[LOG 17:44:59.083] :FINAL pass
[LOG 17:44:59.083] Done patching
[LOG 17:44:59.084] Saving Cache
[LOG 17:44:59.118] Saving cache
[LOG 17:44:59.435] ModuleManager: 33 patches applied

[LOG 17:44:59.435] Ran in 0.924s
[LOG 17:44:59.448] Done!



#### END MODULEMANAGER LOG ####
[LOG 17:45:14.493] [ModuleManager] Running tests...
[LOG 17:45:14.493] [ModuleManager] tests complete.
[LOG 17:45:14.493] [ModuleManager] Reloading resources definitions
[LOG 17:45:14.493] Resource LiquidFuel added to database
[LOG 17:45:14.493] Resource Oxidizer added to database
[LOG 17:45:14.493] Resource SolidFuel added to database
[LOG 17:45:14.493] Resource MonoPropellant added to database
[LOG 17:45:14.493] Resource XenonGas added to database
[LOG 17:45:14.493] Resource ElectricCharge added to database
[LOG 17:45:14.493] Resource IntakeAir added to database
[LOG 17:45:14.494] Resource EVA Propellant added to database
[LOG 17:45:14.494] Resource Ore added to database
[LOG 17:45:14.494] Resource Ablator added to database
[LOG 17:45:14.494] [ModuleManager] Reloading Trait configs
[LOG 17:45:14.494] ExperienceSystemConfig: Added Effect 'DeployedSciencePowerSkill' to Trait 'Ingénieur'
[LOG 17:45:14.494] ExperienceSystemConfig: Added Effect 'DeployedScienceExpSkill' to Trait 'Scientifique'
[LOG 17:45:14.494] [ModuleManager] Reloading Part Upgrades
[LOG 17:45:14.494] [ModuleManager] Setting modded physics as the active one
[LOG 17:45:14.496] PhysicsGlobals: Loading database
[LOG 17:45:14.497] [ModuleManager] Running post patch callbacks
[LOG 17:45:14.504] [KSPCommunityFixes] Patch AutoStrutDrift applied.
[LOG 17:45:14.508] [KSPCommunityFixes] Patch EditorAnimatedPartsShipModified applied.
[LOG 17:45:14.513] [KSPCommunityFixes] Patch DragCubeLoadException applied.
[LOG 17:45:14.516] [KSPCommunityFixes] Patch DoubleCurvePreserveTangents applied.
[LOG 17:45:14.559] [KSPCommunityFixes] Patch DockingPortRotationDriftAndFixes applied.
[LOG 17:45:14.597] [KSPCommunityFixes] Patch DockingPortConserveMomentum applied.
[LOG 17:45:14.601] [KSPCommunityFixes] Patch DebugConsoleDontStealInput applied.
[LOG 17:45:14.605] [KSPCommunityFixes] Patch CorrectDragForFlags applied.
[LOG 17:45:14.606] [KSPCommunityFixes] Patch CometMiningNotRemovingMass applied.
[LOG 17:45:14.611] [KSPCommunityFixes] Patch ChutePhantomSymmetry applied.
[LOG 17:45:14.613] [KSPCommunityFixes] Patch CometSpawnerUniqueFlightId applied.
[LOG 17:45:14.614] [KSPCommunityFixes] Patch AsteroidSpawnerUniqueFlightId applied.
[LOG 17:45:14.615] [KSPCommunityFixes] Patch AsteroidInfiniteMining applied.
[LOG 17:45:14.635] [KSPCommunityFixes] Patch PersistentIConfigNode applied.
[LOG 17:45:14.635] [KSPCommunityFixes] Patch OnSymmetryFieldChanged not applied (not enabled in Settings.cfg)
[LOG 17:45:14.636] [KSPCommunityFixes] Patch ModUpgradePipeline not applied (not enabled in Settings.cfg)
[LOG 17:45:14.637] [KSPCommunityFixes] Patch KSPFieldEnumDesc not applied (not enabled in Settings.cfg)
[LOG 17:45:14.637] [KSPCommunityFixes] Patch EventProfilerMarkers not applied (not enabled in Settings.cfg)
[LOG 17:45:14.638] [KSPCommunityFixes] Patch DockingPortLockedEvents not applied (not enabled in Settings.cfg)
[LOG 17:45:14.639] [KSPCommunityFixes] Patch DepartmentHeadImage applied.
[LOG 17:45:14.648] [KSPCommunityFixes] Patch BaseFieldListUseFieldHost applied.
[LOG 17:45:14.668] [KSPCommunityFixes] Patch ResourceConverterPerf applied.
[LOG 17:45:14.674] [KSPCommunityFixes] Patch ProgressTrackingSpeedBoost applied.
[LOG 17:45:14.676] [KSPCommunityFixes] Patch PQSUpdateNoMemoryAlloc applied.
[LOG 17:45:14.676] [KSPCommunityFixes] Patch PQSOnlyStartOnce not applied (not enabled in Settings.cfg)
[LOG 17:45:14.688] [KSPCommunityFixes] Patch PQSCoroutineLeak applied.
[LOG 17:45:14.718] [KSPCommunityFixes] Patch PartSystemsFastUpdate applied.
[LOG 17:45:14.733] [KSPCommunityFixes] Patch PartParsingPerf applied.
[LOG 17:45:14.737] [KSPCommunityFixes] Patch EnginePlateAirstreamShieldedTopPart applied.
[LOG 17:45:14.742] [KSPCommunityFixes] Patch EVAConstructionMass applied.
[LOG 17:45:14.746] [KSPCommunityFixes] Patch EVAConstructionUninitializedInventory applied.
[LOG 17:45:14.750] [KSPCommunityFixes] Patch EVAKerbalRecovery applied.
[LOG 17:45:14.754] [KSPCommunityFixes] Patch TimeWarpOrbitShift applied.
[LOG 17:45:14.756] [KSPCommunityFixes] Patch TimeWarpBodyCollision applied.
[LOG 17:45:14.764] [KSPCommunityFixes] Patch ThumbnailSpotlight applied.
[LOG 17:45:14.767] [KSPCommunityFixes] Patch SymmetryReferenceOnDelete applied.
[LOG 17:45:14.768] [KSPCommunityFixes] Patch StrategyDuration not applied (not enabled in Settings.cfg)
[LOG 17:45:14.769] [KSPCommunityFixes] Patch StockAlarmDescPreserveLineBreak applied.
[LOG 17:45:14.788] [KSPCommunityFixes] Patch StickySplashedFixer applied.
[LOG 17:45:14.793] [KSPCommunityFixes] Patch ScatterDistribution applied.
[LOG 17:45:14.814] [KSPCommunityFixes] Patch RoboticsDrift applied.
[LOG 17:45:14.815] [KSPCommunityFixes] Patch RestoreMaxPhysicsDT applied.
[LOG 17:45:14.831] [KSPCommunityFixes] Patch RespawnDeadKerbals applied.
[LOG 17:45:14.835] [KSPCommunityFixes] Patch RescaledRoboticParts applied.
[LOG 17:45:14.839] [KSPCommunityFixes] Patch ReRootPreserveSurfaceAttach applied.
[LOG 17:45:14.858] [KSPCommunityFixes] Patch OptimizedModuleRaycasts applied.
[LOG 17:45:14.864] GetSubclassesOfParentClass: Found 1 types with ModuleInventoryPart parent in 8 assemblies.
[LOG 17:45:14.868] [KSPCommunityFixes] Patch RefundingOnRecovery applied.
[LOG 17:45:14.868] [KSPCommunityFixes] Patch PatchedConicEncounterFlickering applied.
[LOG 17:45:14.877] [KSPCommunityFixes] Patch PartListTooltipIconSpin applied.
[LOG 17:45:14.880] [KSPCommunityFixes] Patch PackedPartsRotation applied.
[LOG 17:45:14.888] [KSPCommunityFixes] Patch ModulePartVariantsNodePersistence applied.
[LOG 17:45:14.890] [KSPCommunityFixes] Patch ModuleAnimateGenericCrewModSpawnIVA applied.
[LOG 17:45:14.891] [KSPCommunityFixes] Patch ModuleActiveRadiatorNoParentException applied.
[LOG 17:45:14.894] [KSPCommunityFixes] Patch MapTargetBodyWithEncounter applied.
[LOG 17:45:14.897] [KSPCommunityFixes] Patch LostSoundAfterSceneSwitch applied.
[LOG 17:45:14.902] [KSPCommunityFixes] Patch LadderToggleableLight applied.
[LOG 17:45:14.913] [KSPCommunityFixes] Patch InventoryPartMass applied.
[LOG 17:45:14.918] [KSPCommunityFixes] Patch HarvesterECConsumption applied.
[LOG 17:45:14.919] [KSPCommunityFixes] Patch FixGetUnivseralTime applied.
[LOG 17:45:14.927] [KSPCommunityFixes] Patch ExtendedDeployableParts applied.
[LOG 17:45:14.929] [KSPCommunityFixes] Patch PropellantFlowDescription applied.
[LOG 17:45:14.946] [KSPCommunityFixes] Patch OptimisedVectorLines applied.
[LOG 17:45:14.952] [KSPCommunityFixes] Patch ModuleDockingNodeFindOtherNodesFaster applied.
[LOG 17:45:14.955] [KSPCommunityFixes] Patch ModuleColorChangerOptimization applied.
[LOG 17:45:14.959] [KSPCommunityFixes] Patch AutoSavedCraftNameAtLaunch applied.
[LOG 17:45:14.979] [KSPCommunityFixes] Patch PAWCollapsedInventories applied.
[LOG 17:45:14.983] [KSPCommunityFixes] Patch UIFloatEditNumericInput applied.
[LOG 17:45:15.010] [KSPCommunityFixes] Patch PAWStockGroups applied.
[LOG 17:45:15.021] [KSPCommunityFixes] Patch AltimeterHorizontalPosition applied.
[LOG 17:45:15.041] [KSPCommunityFixes] Patch SceneLoadSpeedBoost applied.
[LOG 17:45:15.069] [KSPCommunityFixes] Patch OnDemandPartBuoyancy applied.
[LOG 17:45:15.070] [KSPCommunityFixes] Patch ForceSyncSceneSwitch applied.
[LOG 17:45:15.071] [KSPCommunityFixes] Patch FewerSaves not applied (not enabled in Settings.cfg)
[LOG 17:45:15.071] [KSPCommunityFixes] Patch WheelInertiaLimit applied.
[LOG 17:45:15.072] [KSPCommunityFixes] Patch StockAlarmCustomFormatterDate isn't applicable to this KSP version.
[LOG 17:45:15.076] [KSPCommunityFixes] Patch ROCValidationOOR applied.
[LOG 17:45:15.079] [KSPCommunityFixes] Patch ZeroCostTechNodes applied.
[LOG 17:45:15.081] [KSPCommunityFixes] Patch ReactionWheelsPotentialTorque applied.
[LOG 17:45:15.084] [KSPCommunityFixes] Patch PAWGroupMemory applied.
[LOG 17:45:15.114] [KSPCommunityFixes] Patch PartStartStability applied.
[LOG 17:45:15.118] [KSPCommunityFixes] Patch PartBoundsIgnoreDisabledTransforms applied.
[LOG 17:45:15.159] [KSPCommunityFixes] Patch ModuleIndexingMismatch applied.
[LOG 17:45:15.163] [KSPCommunityFixes] Patch MapSOCorrectWrapping applied.
[LOG 17:45:15.163] [KSPCommunityFixes] Patch KerbalTooltipMaxSustainedG applied.
[LOG 17:45:15.165] [KSPCommunityFixes] Patch KerbalInventoryPersistence applied.
[LOG 17:45:15.165] [KSPCommunityFixes] Patch FlightSceneLoadKraken not applied (not enabled in Settings.cfg)
[LOG 17:45:15.168] [KSPCommunityFixes] Patch FIUpdateRadiation applied.
[LOG 17:45:15.169] [KSPCommunityFixes] Patch FastAndFixedEnumExtensions applied.
[LOG 17:45:15.198] [KSPCommunityFixes] Patch DeltaVHideWhenDisabled applied.
[LOG 17:45:15.201] [KSPCommunityFixes] Patch BlockMapViewPartClick applied.
[LOG 17:45:15.204] [KSPCommunityFixes] Patch PAWItemsOrder applied.
[LOG 17:45:15.248] [KSPCommunityFixes] Patch BetterEditorUndoRedo applied.
[LOG 17:45:15.262] [KSPCommunityFixes] Patch AutostrutActions applied.
[LOG 17:45:15.263] [KSPCommunityFixes] Patch DisableNewGameIntro not applied (not enabled in Settings.cfg)
[LOG 17:45:15.288] [KSPCommunityFixes] Patch MinorPerfTweaks applied.
[LOG 17:45:15.347] [KSPCommunityFixes] Patch MemoryLeaks applied.
[LOG 17:45:15.352] [KSPCommunityFixes] Patch LowerMinPhysicsDTPerFrame applied.
[LOG 17:45:15.355] [KSPCommunityFixes] Patch LocalizerPerf applied.
[LOG 17:45:15.357] [KSPCommunityFixes] Patch IMGUIOptimization applied.
[LOG 17:45:15.374] [KSPCommunityFixes] Patch FloatingOriginPerf applied.
[LOG 17:45:15.423] [KSPCommunityFixes] Patch FlightIntegratorPerf applied.
[LOG 17:45:15.426] [KSPCommunityFixes] Patch FasterPartFindTransform applied.
[LOG 17:45:15.437] [KSPCommunityFixes] Patch FasterEditorPartList applied.
[LOG 17:45:15.439] [KSPCommunityFixes] Patch ExpansionBundlePreload applied.
[LOG 17:45:15.449] [KSPCommunityFixes] Patch DragCubeGeneration applied.
[LOG 17:45:15.452] [KSPCommunityFixes] Patch DisableMapUpdateInFlight applied.
[LOG 17:45:15.453] [KSPCommunityFixes] Patch DisableHiddenPortraits applied.
[LOG 17:45:15.454] [KSPCommunityFixes] Patch DisableManeuverTool applied.
[LOG 17:45:15.478] [KSPCommunityFixes] Patch CraftBrowserOptimisations applied.
[LOG 17:45:15.480] [KSPCommunityFixes] Patch CommNetThrottling applied.
[LOG 17:45:15.486] [KSPCommunityFixes] Patch FairingMouseOverPersistence applied.
[LOG 17:45:15.503] [KSPCommunityFixes] Patch OptionalMakingHistoryDLCFeatures applied.
[LOG 17:45:15.522] [KSPCommunityFixes] Patch ResourceLockActions applied.
[LOG 17:45:15.527] [KSPCommunityFixes] Patch ShowContractFinishDates applied.
[LOG 17:45:15.535] [KSPCommunityFixes] Patch TargetParentBody applied.
[LOG 17:45:15.547] [KSPCommunityFixes] Patch ToolbarShowHide applied.
[LOG 17:45:15.549] [KSPCommunityFixes] Patch ContractProgressEnumCache applied.
[LOG 17:45:15.558] [KSPCommunityFixes] Patch ActiveRadiatorPerf applied.
[LOG 17:45:15.561] [KSPCommunityFixes] Patch CargoBayPerf applied.
[LOG 17:45:15.568] [KSPCommunityFixes] Patch CollisionEnhancerFastUpdate applied.
[LOG 17:45:15.571] [KSPCommunityFixes] Patch CollisionManagerFastUpdate applied.
[LOG 17:45:15.576] [KSPCommunityFixes] Patch AsteroidAndCometDrillCache applied.
[LOG 17:45:15.585] [KSPCommunityFixes] Patch TweakableWheelsAutostrut applied.
[LOG 17:45:15.608] [KSPCommunityFixes] Patch PatchSettings applied.
[LOG 17:45:15.648] [KSPCommunityFixes] Patch UpgradeBugs applied.
[LOG 17:45:15.648] [KSPCommunityFixes] Patch PartTooltipUpgradesApplyToSubstituteParts not applied (not enabled in Settings.cfg)
[LOG 17:45:15.714] [ModuleManager] Calling ConfigNodePerf.ModuleManagerPostLoad()
[LOG 17:45:15.715] [ModuleManager] Post patch ran in 1.225s
[LOG 17:45:15.733] PartLoader: Creating part database
[LOG 17:45:15.734] PartLoader: Compiling Part 'Squad/Parts/Aero/aerodynamicNoseCone/aerodynamicNoseCone/noseCone'
[LOG 17:45:15.751] EffectList: Created 15 effect types
[LOG 17:45:15.831] PartLoader: Part 'Squad/Parts/Aero/aerodynamicNoseCone/aerodynamicNoseCone/noseCone' has no database record. Creating.
[LOG 17:45:15.831] [DragCubeSystem]: Drag cubes not found or cannot be read for part Part. Generating New drag cubes.
[LOG 17:45:15.832] [KSPCF/DragCubeGeneration] Creating drag cubes for part 'noseCone'
[LOG 17:45:15.873] PartLoader: Compiling Part 'Squad/Parts/Aero/airbrake/Airbrake/airbrake1'
[LOG 17:45:15.915] PartLoader: Part 'Squad/Parts/Aero/airbrake/Airbrake/airbrake1' has no database record. Creating.
[LOG 17:45:15.915] [DragCubeSystem]: Drag cubes not found or cannot be read for part Part. Generating New drag cubes.
[LOG 17:45:15.915] [KSPCF/DragCubeGeneration] Creating drag cubes for part 'airbrake1'
[LOG 17:45:15.957] PartLoader: Compiling Part 'Squad/Parts/Aero/airIntakeRadialXM-G50/airIntakeRadialXM-G50/airScoop'
[LOG 17:45:15.968] PartLoader: Part 'Squad/Parts/Aero/airIntakeRadialXM-G50/airIntakeRadialXM-G50/airScoop' has no database record. Creating.
[LOG 17:45:15.968] [DragCubeSystem]: Drag cubes not found or cannot be read for part Part. Generating New drag cubes.
[LOG 17:45:15.968] [KSPCF/DragCubeGeneration] Creating drag cubes for part 'airScoop'
[LOG 17:45:15.979] PartLoader: Compiling Part 'Squad/Parts/Aero/airlinerWings/ControlSurface/airlinerCtrlSrf'
[LOG 17:45:15.984] PartLoader: Part 'Squad/Parts/Aero/airlinerWings/ControlSurface/airlinerCtrlSrf' has no database record. Creating.
[LOG 17:45:15.986] [DragCubeSystem]: Drag cubes not found or cannot be read for part Part. Generating New drag cubes.
[LOG 17:45:15.986] [KSPCF/DragCubeGeneration] Creating drag cubes for part 'airlinerCtrlSrf'
[LOG 17:45:16.019] PartLoader: Compiling Part 'Squad/Parts/Aero/airlinerWings/MainWing/airlinerMainWing'
[LOG 17:45:16.025] PartLoader: Part 'Squad/Parts/Aero/airlinerWings/MainWing/airlinerMainWing' has no database record. Creating.
[LOG 17:45:16.025] [DragCubeSystem]: Drag cubes not found or cannot be read for part Part. Generating New drag cubes.
[LOG 17:45:16.025] [KSPCF/DragCubeGeneration] Creating drag cubes for part 'airlinerMainWing'
[LOG 17:45:16.033] PartLoader: Compiling Part 'Squad/Parts/Aero/airlinerWings/TailFin/airlinerTailFin'
[LOG 17:45:16.038] PartLoader: Part 'Squad/Parts/Aero/airlinerWings/TailFin/airlinerTailFin' has no database record. Creating.
[LOG 17:45:16.038] [DragCubeSystem]: Drag cubes not found or cannot be read for part Part. Generating New drag cubes.
[LOG 17:45:16.038] [KSPCF/DragCubeGeneration] Creating drag cubes for part 'airlinerTailFin'
[LOG 17:45:16.064] PartLoader: Compiling Part 'Squad/Parts/Aero/airplaneFins/advancedCanard/AdvancedCanard'
[LOG 17:45:16.066] PartLoader: Part 'Squad/Parts/Aero/airplaneFins/advancedCanard/AdvancedCanard' has no database record. Creating.
[LOG 17:45:16.067] [DragCubeSystem]: Drag cubes not found or cannot be read for part Part. Generating New drag cubes.
[LOG 17:45:16.067] [KSPCF/DragCubeGeneration] Creating drag cubes for part 'AdvancedCanard'
[LOG 17:45:16.090] PartLoader: Compiling Part 'Squad/Parts/Aero/airplaneFins/standardCanard/CanardController'
[LOG 17:45:16.094] PartLoader: Part 'Squad/Parts/Aero/airplaneFins/standardCanard/CanardController' has no database record. Creating.
[LOG 17:45:16.094] [DragCubeSystem]: Drag cubes not found or cannot be read for part Part. Generating New drag cubes.
[LOG 17:45:16.094] [KSPCF/DragCubeGeneration] Creating drag cubes for part 'CanardController'
[LOG 17:45:16.125] PartLoader: Compiling Part 'Squad/Parts/Aero/airplaneFins/sweptWing/sweptWing'
[LOG 17:45:16.128] PartLoader: Part 'Squad/Parts/Aero/airplaneFins/sweptWing/sweptWing' has no database record. Creating.
[LOG 17:45:16.128] [DragCubeSystem]: Drag cubes not found or cannot be read for part Part. Generating New drag cubes.
[LOG 17:45:16.128] [KSPCF/DragCubeGeneration] Creating drag cubes for part 'sweptWing'
[LOG 17:45:16.134] PartLoader: Compiling Part 'Squad/Parts/Aero/airplaneFins/tailfin/tailfin'
[LOG 17:45:16.139] PartLoader: Part 'Squad/Parts/Aero/airplaneFins/tailfin/tailfin' has no database record. Creating.
[LOG 17:45:16.139] [DragCubeSystem]: Drag cubes not found or cannot be read for part Part. Generating New drag cubes.
[LOG 17:45:16.139] [KSPCF/DragCubeGeneration] Creating drag cubes for part 'tailfin'
[LOG 17:45:16.167] PartLoader: Compiling Part 'Squad/Parts/Aero/basicFin/basicFin/basicFin'
[LOG 17:45:16.169] PartLoader: Part 'Squad/Parts/Aero/basicFin/basicFin/basicFin' has no database record. Creating.
[LOG 17:45:16.169] [DragCubeSystem]: Drag cubes not found or cannot be read for part Part. Generating New drag cubes.
[LOG 17:45:16.169] [KSPCF/DragCubeGeneration] Creating drag cubes for part 'basicFin'
[LOG 17:45:16.175] PartLoader: Compiling Part 'Squad/Parts/Aero/circularIntake/circularIntake/CircularIntake'
[LOG 17:45:16.184] PartLoader: Part 'Squad/Parts/Aero/circularIntake/circularIntake/CircularIntake' has no database record. Creating.
[LOG 17:45:16.185] PartLoader: Compiling Part 'Squad/Parts/Aero/circularIntake/intakeShockCone/shockConeIntake'
[LOG 17:45:16.189] PartLoader: Part 'Squad/Parts/Aero/circularIntake/intakeShockCone/shockConeIntake' has no database record. Creating.
[LOG 17:45:16.189] PartLoader: Compiling Part 'Squad/Parts/Aero/cones/avionicsNoseCone/avionicsNoseCone'
[LOG 17:45:16.198] PartLoader: Part 'Squad/Parts/Aero/cones/avionicsNoseCone/avionicsNoseCone' has no database record. Creating.
[LOG 17:45:16.198] [DragCubeSystem]: Drag cubes not found or cannot be read for part Part. Generating New drag cubes.
[LOG 17:45:16.198] [KSPCF/DragCubeGeneration] Creating drag cubes for part 'avionicsNoseCone'
[LOG 17:45:16.211] PartLoader: Compiling Part 'Squad/Parts/Aero/cones/ConeA/pointyNoseConeA'
[LOG 17:45:16.215] PartLoader: Part 'Squad/Parts/Aero/cones/ConeA/pointyNoseConeA' has no database record. Creating.
[LOG 17:45:16.215] [DragCubeSystem]: Drag cubes not found or cannot be read for part Part. Generating New drag cubes.
[LOG 17:45:16.215] [KSPCF/DragCubeGeneration] Creating drag cubes for part 'pointyNoseConeA'
[LOG 17:45:16.223] PartLoader: Compiling Part 'Squad/Parts/Aero/cones/ConeB/pointyNoseConeB'
[LOG 17:45:16.226] PartLoader: Part 'Squad/Parts/Aero/cones/ConeB/pointyNoseConeB' has no database record. Creating.
[LOG 17:45:16.226] [DragCubeSystem]: Drag cubes not found or cannot be read for part Part. Generating New drag cubes.
[LOG 17:45:16.226] [KSPCF/DragCubeGeneration] Creating drag cubes for part 'pointyNoseConeB'
[LOG 17:45:16.234] PartLoader: Compiling Part 'Squad/Parts/Aero/cones/noseConeAdapter/noseConeAdapter'
[LOG 17:45:16.236] PartLoader: Part 'Squad/Parts/Aero/cones/noseConeAdapter/noseConeAdapter' has no database record. Creating.
[LOG 17:45:16.236] [DragCubeSystem]: Drag cubes not found or cannot be read for part Part. Generating New drag cubes.
[LOG 17:45:16.236] [KSPCF/DragCubeGeneration] Creating drag cubes for part 'noseConeAdapter'
[LOG 17:45:16.243] PartLoader: Compiling Part 'Squad/Parts/Aero/cones/protectiveRocketNoseMk7_v2/rocketNoseCone_v2'
[LOG 17:45:16.247] PartLoader: Part 'Squad/Parts/Aero/cones/protectiveRocketNoseMk7_v2/rocketNoseCone_v2' has no database record. Creating.
[LOG 17:45:16.247] [DragCubeSystem]: Drag cubes not found or cannot be read for part Part. Generating New drag cubes.
[LOG 17:45:16.247] [KSPCF/DragCubeGeneration] Creating drag cubes for part 'rocketNoseCone.v2'
[LOG 17:45:16.254] PartLoader: Compiling Part 'Squad/Parts/Aero/cones/protectiveRocketNoseMk7_v3/rocketNoseCone_v3'
[LOG 17:45:16.257] PartLoader: Part 'Squad/Parts/Aero/cones/protectiveRocketNoseMk7_v3/rocketNoseCone_v3' has no database record. Creating.
[LOG 17:45:16.257] [DragCubeSystem]: Drag cubes not found or cannot be read for part Part. Generating New drag cubes.
[LOG 17:45:16.257] [KSPCF/DragCubeGeneration] Creating drag cubes for part 'rocketNoseCone.v3'
[LOG 17:45:16.264] PartLoader: Compiling Part 'Squad/Parts/Aero/cones/rocketNoseCone_size3/rocketNoseConeSize3'
[LOG 17:45:16.266] PartLoader: Part 'Squad/Parts/Aero/cones/rocketNoseCone_size3/rocketNoseConeSize3' has no database record. Creating.
[LOG 17:45:16.266] [DragCubeSystem]: Drag cubes not found or cannot be read for part Part. Generating New drag cubes.
[LOG 17:45:16.266] [KSPCF/DragCubeGeneration] Creating drag cubes for part 'rocketNoseConeSize3'
[LOG 17:45:16.273] PartLoader: Compiling Part 'Squad/Parts/Aero/cones/smallNoseCone/standardNoseCone'
[LOG 17:45:16.275] PartLoader: Part 'Squad/Parts/Aero/cones/smallNoseCone/standardNoseCone' has no database record. Creating.
[LOG 17:45:16.275] [DragCubeSystem]: Drag cubes not found or cannot be read for part Part. Generating New drag cubes.
[LOG 17:45:16.275] [KSPCF/DragCubeGeneration] Creating drag cubes for part 'standardNoseCone'
[LOG 17:45:16.281] PartLoader: Compiling Part 'Squad/Parts/Aero/cones/tailConnectorA/airplaneTail'
[LOG 17:45:16.283] PartLoader: Part 'Squad/Parts/Aero/cones/tailConnectorA/airplaneTail' has no database record. Creating.
[LOG 17:45:16.283] [DragCubeSystem]: Drag cubes not found or cannot be read for part Part. Generating New drag cubes.
[LOG 17:45:16.283] [KSPCF/DragCubeGeneration] Creating drag cubes for part 'airplaneTail'
[LOG 17:45:16.289] PartLoader: Compiling Part 'Squad/Parts/Aero/cones/tailConnectorB/airplaneTailB'
[LOG 17:45:16.290] PartLoader: Part 'Squad/Parts/Aero/cones/tailConnectorB/airplaneTailB' has no database record. Creating.
[LOG 17:45:16.290] [DragCubeSystem]: Drag cubes not found or cannot be read for part Part. Generating New drag cubes.
[LOG 17:45:16.290] [KSPCF/DragCubeGeneration] Creating drag cubes for part 'airplaneTailB'
[LOG 17:45:16.296] PartLoader: Compiling Part 'Squad/Parts/Aero/fairings/fairingSize1/fairingSize1'
[LOG 17:45:16.333] PartLoader: Part 'Squad/Parts/Aero/fairings/fairingSize1/fairingSize1' has no database record. Creating.
[LOG 17:45:16.333] [DragCubeSystem]: Drag cubes not found or cannot be read for part Part. Generating New drag cubes.
[LOG 17:45:16.333] [KSPCF/DragCubeGeneration] Creating drag cubes for part 'fairingSize1'
[LOG 17:45:16.342] PartLoader: Compiling Part 'Squad/Parts/Aero/fairings/fairingSize2/fairingSize2'
[LOG 17:45:16.350] PartLoader: Part 'Squad/Parts/Aero/fairings/fairingSize2/fairingSize2' has no database record. Creating.
[LOG 17:45:16.350] [DragCubeSystem]: Drag cubes not found or cannot be read for part Part. Generating New drag cubes.
[LOG 17:45:16.350] [KSPCF/DragCubeGeneration] Creating drag cubes for part 'fairingSize2'
[LOG 17:45:16.356] PartLoader: Compiling Part 'Squad/Parts/Aero/fairings/fairingSize3/fairingSize3'
[LOG 17:45:16.364] PartLoader: Part 'Squad/Parts/Aero/fairings/fairingSize3/fairingSize3' has no database record. Creating.
[LOG 17:45:16.364] [DragCubeSystem]: Drag cubes not found or cannot be read for part Part. Generating New drag cubes.
[LOG 17:45:16.364] [KSPCF/DragCubeGeneration] Creating drag cubes for part 'fairingSize3'
[LOG 17:45:16.370] PartLoader: Compiling Part 'Squad/Parts/Aero/HeatShield/HeatShield0/HeatShield0'
[LOG 17:45:16.381] PartLoader: Part 'Squad/Parts/Aero/HeatShield/HeatShield0/HeatShield0' has no database record. Creating.
[LOG 17:45:16.381] [DragCubeSystem]: Drag cubes not found or cannot be read for part Part. Generating New drag cubes.
[LOG 17:45:16.381] [KSPCF/DragCubeGeneration] Creating drag cubes for part 'HeatShield0'
[LOG 17:45:16.389] PartLoader: Compiling Part 'Squad/Parts/Aero/HeatShield/HeatShield1/HeatShield1'
[LOG 17:45:16.398] PartLoader: Part 'Squad/Parts/Aero/HeatShield/HeatShield1/HeatShield1' has no database record. Creating.
[LOG 17:45:16.398] [DragCubeSystem]: Drag cubes not found or cannot be read for part Part. Generating New drag cubes.
[LOG 17:45:16.398] [KSPCF/DragCubeGeneration] Creating drag cubes for part 'HeatShield1'
[LOG 17:45:16.416] PartLoader: Compiling Part 'Squad/Parts/Aero/HeatShield/HeatShield2/HeatShield2'
[LOG 17:45:16.420] PartLoader: Part 'Squad/Parts/Aero/HeatShield/HeatShield2/HeatShield2' has no database record. Creating.
[LOG 17:45:16.420] [DragCubeSystem]: Drag cubes not found or cannot be read for part Part. Generating New drag cubes.
[LOG 17:45:16.420] [KSPCF/DragCubeGeneration] Creating drag cubes for part 'HeatShield2'
[LOG 17:45:16.438] PartLoader: Compiling Part 'Squad/Parts/Aero/HeatShield/HeatShield3/HeatShield3'
[LOG 17:45:16.442] PartLoader: Part 'Squad/Parts/Aero/HeatShield/HeatShield3/HeatShield3' has no database record. Creating.
[LOG 17:45:16.442] [DragCubeSystem]: Drag cubes not found or cannot be read for part Part. Generating New drag cubes.
[LOG 17:45:16.442] [KSPCF/DragCubeGeneration] Creating drag cubes for part 'HeatShield3'
[LOG 17:45:16.460] PartLoader: Compiling Part 'Squad/Parts/Aero/InflatableHeatShield/HeatShield/InflatableHeatShield'
[LOG 17:45:16.466] PartLoader: Part 'Squad/Parts/Aero/InflatableHeatShield/HeatShield/InflatableHeatShield' has no database record. Creating.
[LOG 17:45:16.466] [DragCubeSystem]: Drag cubes not found or cannot be read for part Part. Generating New drag cubes.
[LOG 17:45:16.466] [KSPCF/DragCubeGeneration] Creating drag cubes for part 'InflatableHeatShield'
[LOG 17:45:16.485] PartLoader: Compiling Part 'Squad/Parts/Aero/intakeRadialLong/intakeRadialLong/IntakeRadialLong'
[LOG 17:45:16.488] PartLoader: Part 'Squad/Parts/Aero/intakeRadialLong/intakeRadialLong/IntakeRadialLong' has no database record. Creating.
[LOG 17:45:16.488] [DragCubeSystem]: Drag cubes not found or cannot be read for part Part. Generating New drag cubes.
[LOG 17:45:16.488] [KSPCF/DragCubeGeneration] Creating drag cubes for part 'IntakeRadialLong'
[LOG 17:45:16.495] PartLoader: Compiling Part 'Squad/Parts/Aero/miniIntake/SmallIntake/miniIntake'
[LOG 17:45:16.498] PartLoader: Part 'Squad/Parts/Aero/miniIntake/SmallIntake/miniIntake' has no database record. Creating.
[LOG 17:45:16.499] PartLoader: Compiling Part 'Squad/Parts/Aero/ramAirIntake/ramAirIntake/ramAirIntake'
[LOG 17:45:16.501] PartLoader: Part 'Squad/Parts/Aero/ramAirIntake/ramAirIntake/ramAirIntake' has no database record. Creating.
[LOG 17:45:16.501] PartLoader: Compiling Part 'Squad/Parts/Aero/shuttleWings/delta/wingShuttleDelta'
[LOG 17:45:16.503] PartLoader: Part 'Squad/Parts/Aero/shuttleWings/delta/wingShuttleDelta' has no database record. Creating.
[LOG 17:45:16.503] [DragCubeSystem]: Drag cubes not found or cannot be read for part Part. Generating New drag cubes.
[LOG 17:45:16.503] [KSPCF/DragCubeGeneration] Creating drag cubes for part 'wingShuttleDelta'
[LOG 17:45:16.512] PartLoader: Compiling Part 'Squad/Parts/Aero/shuttleWings/elevon1/wingShuttleElevon1'
[LOG 17:45:16.515] PartLoader: Part 'Squad/Parts/Aero/shuttleWings/elevon1/wingShuttleElevon1' has no database record. Creating.
[LOG 17:45:16.516] [DragCubeSystem]: Drag cubes not found or cannot be read for part Part. Generating New drag cubes.
[LOG 17:45:16.516] [KSPCF/DragCubeGeneration] Creating drag cubes for part 'wingShuttleElevon1'
[LOG 17:45:16.542] PartLoader: Compiling Part 'Squad/Parts/Aero/shuttleWings/elevon2/wingShuttleElevon2'
[LOG 17:45:16.545] PartLoader: Part 'Squad/Parts/Aero/shuttleWings/elevon2/wingShuttleElevon2' has no database record. Creating.
[LOG 17:45:16.545] [DragCubeSystem]: Drag cubes not found or cannot be read for part Part. Generating New drag cubes.
[LOG 17:45:16.545] [KSPCF/DragCubeGeneration] Creating drag cubes for part 'wingShuttleElevon2'
[LOG 17:45:16.571] PartLoader: Compiling Part 'Squad/Parts/Aero/shuttleWings/rudder/wingShuttleRudder'
[LOG 17:45:16.574] PartLoader: Part 'Squad/Parts/Aero/shuttleWings/rudder/wingShuttleRudder' has no database record. Creating.
[LOG 17:45:16.574] [DragCubeSystem]: Drag cubes not found or cannot be read for part Part. Generating New drag cubes.
[LOG 17:45:16.574] [KSPCF/DragCubeGeneration] Creating drag cubes for part 'wingShuttleRudder'
[LOG 17:45:16.599] PartLoader: Compiling Part 'Squad/Parts/Aero/shuttleWings/strake/wingShuttleStrake'
[LOG 17:45:16.603] PartLoader: Part 'Squad/Parts/Aero/shuttleWings/strake/wingShuttleStrake' has no database record. Creating.
[LOG 17:45:16.603] [DragCubeSystem]: Drag cubes not found or cannot be read for part Part. Generating New drag cubes.
[LOG 17:45:16.603] [KSPCF/DragCubeGeneration] Creating drag cubes for part 'wingShuttleStrake'
[LOG 17:45:16.609] PartLoader: Compiling Part 'Squad/Parts/Aero/wingletAV-R8/wingletAV-R8/R8winglet'
[LOG 17:45:16.614] PartLoader: Part 'Squad/Parts/Aero/wingletAV-R8/wingletAV-R8/R8winglet' has no database record. Creating.
[LOG 17:45:16.614] [DragCubeSystem]: Drag cubes not found or cannot be read for part Part. Generating New drag cubes.
[LOG 17:45:16.614] [KSPCF/DragCubeGeneration] Creating drag cubes for part 'R8winglet'
[LOG 17:45:16.640] PartLoader: Compiling Part 'Squad/Parts/Aero/wingletAV-T1/wingletAV-T1/winglet'
[LOG 17:45:16.642] PartLoader: Part 'Squad/Parts/Aero/wingletAV-T1/wingletAV-T1/winglet' has no database record. Creating.
[LOG 17:45:16.643] [DragCubeSystem]: Drag cubes not found or cannot be read for part Part. Generating New drag cubes.
[LOG 17:45:16.643] [KSPCF/DragCubeGeneration] Creating drag cubes for part 'winglet'
[LOG 17:45:16.649] PartLoader: Compiling Part 'Squad/Parts/Aero/wingletDeltaDeluxe/wingletDeltaDeluxe/winglet3'
[LOG 17:45:16.653] PartLoader: Part 'Squad/Parts/Aero/wingletDeltaDeluxe/wingletDeltaDeluxe/winglet3' has no database record. Creating.
[LOG 17:45:16.653] [DragCubeSystem]: Drag cubes not found or cannot be read for part Part. Generating New drag cubes.
[LOG 17:45:16.653] [KSPCF/DragCubeGeneration] Creating drag cubes for part 'winglet3'
[LOG 17:45:16.678] PartLoader: Compiling Part 'Squad/Parts/Aero/wings/connector1/wingConnector'
[LOG 17:45:16.681] PartLoader: Part 'Squad/Parts/Aero/wings/connector1/wingConnector' has no database record. Creating.
[LOG 17:45:16.681] [DragCubeSystem]: Drag cubes not found or cannot be read for part Part. Generating New drag cubes.
[LOG 17:45:16.681] [KSPCF/DragCubeGeneration] Creating drag cubes for part 'wingConnector'
[LOG 17:45:16.686] PartLoader: Compiling Part 'Squad/Parts/Aero/wings/connector2/wingConnector2'
[LOG 17:45:16.689] PartLoader: Part 'Squad/Parts/Aero/wings/connector2/wingConnector2' has no database record. Creating.
[LOG 17:45:16.689] [DragCubeSystem]: Drag cubes not found or cannot be read for part Part. Generating New drag cubes.
[LOG 17:45:16.689] [KSPCF/DragCubeGeneration] Creating drag cubes for part 'wingConnector2'
[LOG 17:45:16.695] PartLoader: Compiling Part 'Squad/Parts/Aero/wings/connector3/wingConnector3'
[LOG 17:45:16.697] PartLoader: Part 'Squad/Parts/Aero/wings/connector3/wingConnector3' has no database record. Creating.
[LOG 17:45:16.697] [DragCubeSystem]: Drag cubes not found or cannot be read for part Part. Generating New drag cubes.
[LOG 17:45:16.697] [KSPCF/DragCubeGeneration] Creating drag cubes for part 'wingConnector3'
[LOG 17:45:16.703] PartLoader: Compiling Part 'Squad/Parts/Aero/wings/connector4/wingConnector4'
[LOG 17:45:16.706] PartLoader: Part 'Squad/Parts/Aero/wings/connector4/wingConnector4' has no database record. Creating.
[LOG 17:45:16.706] [DragCubeSystem]: Drag cubes not found or cannot be read for part Part. Generating New drag cubes.
[LOG 17:45:16.706] [KSPCF/DragCubeGeneration] Creating drag cubes for part 'wingConnector4'
[LOG 17:45:16.713] PartLoader: Compiling Part 'Squad/Parts/Aero/wings/connector5/wingConnector5'
[LOG 17:45:16.717] PartLoader: Part 'Squad/Parts/Aero/wings/connector5/wingConnector5' has no database record. Creating.
[LOG 17:45:16.717] [DragCubeSystem]: Drag cubes not found or cannot be read for part Part. Generating New drag cubes.
[LOG 17:45:16.717] [KSPCF/DragCubeGeneration] Creating drag cubes for part 'wingConnector5'
[LOG 17:45:16.722] PartLoader: Compiling Part 'Squad/Parts/Aero/wings/delta/deltaWing'
[LOG 17:45:16.725] PartLoader: Part 'Squad/Parts/Aero/wings/delta/deltaWing' has no database record. Creating.
[LOG 17:45:16.725] [DragCubeSystem]: Drag cubes not found or cannot be read for part Part. Generating New drag cubes.
[LOG 17:45:16.725] [KSPCF/DragCubeGeneration] Creating drag cubes for part 'deltaWing'
[LOG 17:45:16.730] PartLoader: Compiling Part 'Squad/Parts/Aero/wings/delta_small/delta_small'
[LOG 17:45:16.733] PartLoader: Part 'Squad/Parts/Aero/wings/delta_small/delta_small' has no database record. Creating.
[LOG 17:45:16.733] [DragCubeSystem]: Drag cubes not found or cannot be read for part Part. Generating New drag cubes.
[LOG 17:45:16.733] [KSPCF/DragCubeGeneration] Creating drag cubes for part 'delta.small'
[LOG 17:45:16.740] PartLoader: Compiling Part 'Squad/Parts/Aero/wings/elevon1/StandardCtrlSrf'
[LOG 17:45:16.743] PartLoader: Part 'Squad/Parts/Aero/wings/elevon1/StandardCtrlSrf' has no database record. Creating.
[LOG 17:45:16.743] [DragCubeSystem]: Drag cubes not found or cannot be read for part Part. Generating New drag cubes.
[LOG 17:45:16.743] [KSPCF/DragCubeGeneration] Creating drag cubes for part 'StandardCtrlSrf'
[LOG 17:45:16.765] PartLoader: Compiling Part 'Squad/Parts/Aero/wings/elevon2/elevon2'
[LOG 17:45:16.771] PartLoader: Part 'Squad/Parts/Aero/wings/elevon2/elevon2' has no database record. Creating.
[LOG 17:45:16.771] [DragCubeSystem]: Drag cubes not found or cannot be read for part Part. Generating New drag cubes.
[LOG 17:45:16.771] [KSPCF/DragCubeGeneration] Creating drag cubes for part 'elevon2'
[LOG 17:45:16.795] PartLoader: Compiling Part 'Squad/Parts/Aero/wings/elevon3/elevon3'
[LOG 17:45:16.800] PartLoader: Part 'Squad/Parts/Aero/wings/elevon3/elevon3' has no database record. Creating.
[LOG 17:45:16.800] [DragCubeSystem]: Drag cubes not found or cannot be read for part Part. Generating New drag cubes.
[LOG 17:45:16.800] [KSPCF/DragCubeGeneration] Creating drag cubes for part 'elevon3'
[LOG 17:45:16.824] PartLoader: Compiling Part 'Squad/Parts/Aero/wings/elevon4/smallCtrlSrf'
[LOG 17:45:16.827] PartLoader: Part 'Squad/Parts/Aero/wings/elevon4/smallCtrlSrf' has no database record. Creating.
[LOG 17:45:16.827] [DragCubeSystem]: Drag cubes not found or cannot be read for part Part. Generating New drag cubes.
[LOG 17:45:16.827] [KSPCF/DragCubeGeneration] Creating drag cubes for part 'smallCtrlSrf'
[LOG 17:45:16.851] PartLoader: Compiling Part 'Squad/Parts/Aero/wings/elevon5/elevon5'
[LOG 17:45:16.854] PartLoader: Part 'Squad/Parts/Aero/wings/elevon5/elevon5' has no database record. Creating.
[LOG 17:45:16.854] [DragCubeSystem]: Drag cubes not found or cannot be read for part Part. Generating New drag cubes.
[LOG 17:45:16.854] [KSPCF/DragCubeGeneration] Creating drag cubes for part 'elevon5'
[LOG 17:45:16.877] PartLoader: Compiling Part 'Squad/Parts/Aero/wings/strake/wingStrake'
[LOG 17:45:16.881] PartLoader: Part 'Squad/Parts/Aero/wings/strake/wingStrake' has no database record. Creating.
[LOG 17:45:16.881] [DragCubeSystem]: Drag cubes not found or cannot be read for part Part. Generating New drag cubes.
[LOG 17:45:16.881] [KSPCF/DragCubeGeneration] Creating drag cubes for part 'wingStrake'
[LOG 17:45:16.887] PartLoader: Compiling Part 'Squad/Parts/Aero/wings/structural1/structuralWing'
[LOG 17:45:16.890] PartLoader: Part 'Squad/Parts/Aero/wings/structural1/structuralWing' has no database record. Creating.
[LOG 17:45:16.890] [DragCubeSystem]: Drag cubes not found or cannot be read for part Part. Generating New drag cubes.
[LOG 17:45:16.890] [KSPCF/DragCubeGeneration] Creating drag cubes for part 'structuralWing'
[LOG 17:45:16.896] PartLoader: Compiling Part 'Squad/Parts/Aero/wings/structural2/structuralWing2'
[LOG 17:45:16.898] PartLoader: Part 'Squad/Parts/Aero/wings/structural2/structuralWing2' has no database record. Creating.
[LOG 17:45:16.898] [DragCubeSystem]: Drag cubes not found or cannot be read for part Part. Generating New drag cubes.
[LOG 17:45:16.898] [KSPCF/DragCubeGeneration] Creating drag cubes for part 'structuralWing2'
[LOG 17:45:16.904] PartLoader: Compiling Part 'Squad/Parts/Aero/wings/structural3/structuralWing3'
[LOG 17:45:16.908] PartLoader: Part 'Squad/Parts/Aero/wings/structural3/structuralWing3' has no database record. Creating.
[LOG 17:45:16.908] [DragCubeSystem]: Drag cubes not found or cannot be read for part Part. Generating New drag cubes.
[LOG 17:45:16.908] [KSPCF/DragCubeGeneration] Creating drag cubes for part 'structuralWing3'
[LOG 17:45:16.913] PartLoader: Compiling Part 'Squad/Parts/Aero/wings/structural4/structuralWing4'
[LOG 17:45:16.916] PartLoader: Part 'Squad/Parts/Aero/wings/structural4/structuralWing4' has no database record. Creating.
[LOG 17:45:16.916] [DragCubeSystem]: Drag cubes not found or cannot be read for part Part. Generating New drag cubes.
[LOG 17:45:16.916] [KSPCF/DragCubeGeneration] Creating drag cubes for part 'structuralWing4'
[LOG 17:45:16.921] PartLoader: Compiling Part 'Squad/Parts/Aero/wings/swept1/sweptWing1'
[LOG 17:45:16.923] PartLoader: Part 'Squad/Parts/Aero/wings/swept1/sweptWing1' has no database record. Creating.
[LOG 17:45:16.923] [DragCubeSystem]: Drag cubes not found or cannot be read for part Part. Generating New drag cubes.
[LOG 17:45:16.923] [KSPCF/DragCubeGeneration] Creating drag cubes for part 'sweptWing1'
[LOG 17:45:16.929] PartLoader: Compiling Part 'Squad/Parts/Aero/wings/swept2/sweptWing2'
[LOG 17:45:16.933] PartLoader: Part 'Squad/Parts/Aero/wings/swept2/sweptWing2' has no database record. Creating.
[LOG 17:45:16.933] [DragCubeSystem]: Drag cubes not found or cannot be read for part Part. Generating New drag cubes.
[LOG 17:45:16.933] [KSPCF/DragCubeGeneration] Creating drag cubes for part 'sweptWing2'
[LOG 17:45:16.938] PartLoader: Compiling Part 'Squad/Parts/Cargo/CargoContainers/cargoContainer/cargoContainer'
[WRN 17:45:16.940] [Part]: Cannot have ModuleCargoPart and ModuleInventoryPart on same Part [cargoContainer'. Removed ModuleCargoPart
[LOG 17:45:16.944] PartLoader: Part 'Squad/Parts/Cargo/CargoContainers/cargoContainer/cargoContainer' has no database record. Creating.
[LOG 17:45:16.944] [DragCubeSystem]: Drag cubes not found or cannot be read for part Part. Generating New drag cubes.
[LOG 17:45:16.944] [KSPCF/DragCubeGeneration] Creating drag cubes for part 'cargoContainer'
[LOG 17:45:16.951] PartLoader: Compiling Part 'Squad/Parts/Cargo/CargoContainers/smallCargoContainer/smallCargoContainer'
[WRN 17:45:16.952] [Part]: Cannot have ModuleCargoPart and ModuleInventoryPart on same Part [smallCargoContainer'. Removed ModuleCargoPart
[LOG 17:45:16.953] PartLoader: Part 'Squad/Parts/Cargo/CargoContainers/smallCargoContainer/smallCargoContainer' has no database record. Creating.
[LOG 17:45:16.953] [DragCubeSystem]: Drag cubes not found or cannot be read for part Part. Generating New drag cubes.
[LOG 17:45:16.953] [KSPCF/DragCubeGeneration] Creating drag cubes for part 'smallCargoContainer'
[LOG 17:45:16.957] PartLoader: Compiling Part 'Squad/Parts/Cargo/Cylinder/Cylinder/evaCylinder'
[LOG 17:45:16.959] PartLoader: Part 'Squad/Parts/Cargo/Cylinder/Cylinder/evaCylinder' has no database record. Creating.
[LOG 17:45:16.959] [DragCubeSystem]: Drag cubes not found or cannot be read for part Part. Generating New drag cubes.
[LOG 17:45:16.959] [KSPCF/DragCubeGeneration] Creating drag cubes for part 'evaCylinder'
[LOG 17:45:16.964] PartLoader: Compiling Part 'Squad/Parts/Cargo/GroundAnchor/groundAnchor/groundAnchor'
[LOG 17:45:16.985] PartLoader: Part 'Squad/Parts/Cargo/GroundAnchor/groundAnchor/groundAnchor' has no database record. Creating.
[LOG 17:45:16.985] [DragCubeSystem]: Drag cubes not found or cannot be read for part Part. Generating New drag cubes.
[LOG 17:45:16.985] [KSPCF/DragCubeGeneration] Creating drag cubes for part 'groundAnchor'
[LOG 17:45:17.000] PartLoader: Compiling Part 'Squad/Parts/Cargo/Jetpack/Jetpack/evaJetpack'
[LOG 17:45:17.002] PartLoader: Part 'Squad/Parts/Cargo/Jetpack/Jetpack/evaJetpack' has no database record. Creating.
[LOG 17:45:17.002] [DragCubeSystem]: Drag cubes not found or cannot be read for part Part. Generating New drag cubes.
[LOG 17:45:17.002] [KSPCF/DragCubeGeneration] Creating drag cubes for part 'evaJetpack'
[LOG 17:45:17.007] PartLoader: Compiling Part 'Squad/Parts/Cargo/Parachute/Parachute/evaChute'
[LOG 17:45:17.008] PartLoader: Part 'Squad/Parts/Cargo/Parachute/Parachute/evaChute' has no database record. Creating.
[LOG 17:45:17.008] [DragCubeSystem]: Drag cubes not found or cannot be read for part Part. Generating New drag cubes.
[LOG 17:45:17.008] [KSPCF/DragCubeGeneration] Creating drag cubes for part 'evaChute'
[LOG 17:45:17.013] PartLoader: Compiling Part 'Squad/Parts/Cargo/RepairKit/RepairKit/evaRepairKit'
[LOG 17:45:17.015] PartLoader: Part 'Squad/Parts/Cargo/RepairKit/RepairKit/evaRepairKit' has no database record. Creating.
[LOG 17:45:17.015] [DragCubeSystem]: Drag cubes not found or cannot be read for part Part. Generating New drag cubes.
[LOG 17:45:17.015] [KSPCF/DragCubeGeneration] Creating drag cubes for part 'evaRepairKit'
[LOG 17:45:17.020] PartLoader: Compiling Part 'Squad/Parts/Cargo/ScienceKit/evaScienceKit/evaScienceKit'
[LOG 17:45:17.021] PartLoader: Part 'Squad/Parts/Cargo/ScienceKit/evaScienceKit/evaScienceKit' has no database record. Creating.
[LOG 17:45:17.021] [DragCubeSystem]: Drag cubes not found or cannot be read for part Part. Generating New drag cubes.
[LOG 17:45:17.022] [KSPCF/DragCubeGeneration] Creating drag cubes for part 'evaScienceKit'
[LOG 17:45:17.025] PartLoader: Compiling Part 'Squad/Parts/Cargo/StorageUnits/CargoStorageUnit/CargoStorageUnit'
[WRN 17:45:17.026] [Part]: Cannot have ModuleCargoPart and ModuleInventoryPart on same Part [CargoStorageUnit'. Removed ModuleCargoPart
[LOG 17:45:17.028] PartLoader: Part 'Squad/Parts/Cargo/StorageUnits/CargoStorageUnit/CargoStorageUnit' has no database record. Creating.
[LOG 17:45:17.028] [DragCubeSystem]: Drag cubes not found or cannot be read for part Part. Generating New drag cubes.
[LOG 17:45:17.028] [KSPCF/DragCubeGeneration] Creating drag cubes for part 'CargoStorageUnit'
[LOG 17:45:17.034] PartLoader: Compiling Part 'Squad/Parts/Cargo/StorageUnits/ConformalStorageUnit/ConformalStorageUnit'
[WRN 17:45:17.038] [Part]: Cannot have ModuleCargoPart and ModuleInventoryPart on same Part [ConformalStorageUnit'. Removed ModuleCargoPart
[LOG 17:45:17.040] PartLoader: Part 'Squad/Parts/Cargo/StorageUnits/ConformalStorageUnit/ConformalStorageUnit' has no database record. Creating.
[LOG 17:45:17.040] [DragCubeSystem]: Drag cubes not found or cannot be read for part Part. Generating New drag cubes.
[LOG 17:45:17.040] [KSPCF/DragCubeGeneration] Creating drag cubes for part 'ConformalStorageUnit'
[LOG 17:45:17.045] PartLoader: Compiling Part 'Squad/Parts/Command/advancedSasModuleLarge/advSasModuleLarge/asasmodule1-2'
[LOG 17:45:17.049] PartLoader: Part 'Squad/Parts/Command/advancedSasModuleLarge/advSasModuleLarge/asasmodule1-2' has no database record. Creating.
[LOG 17:45:17.049] PartLoader: Compiling Part 'Squad/Parts/Command/cupola/cupola/cupola'
[LOG 17:45:17.067] PartLoader: Part 'Squad/Parts/Command/cupola/cupola/cupola' has no database record. Creating.
[LOG 17:45:17.067] [DragCubeSystem]: Drag cubes not found or cannot be read for part Part. Generating New drag cubes.
[LOG 17:45:17.067] [KSPCF/DragCubeGeneration] Creating drag cubes for part 'cupola'
[LOG 17:45:17.077] PartLoader: Compiling Part 'Squad/Parts/Command/externalCommandSeat/externalCommandSeat/seatExternalCmd'
[LOG 17:45:17.081] PartLoader: Part 'Squad/Parts/Command/externalCommandSeat/externalCommandSeat/seatExternalCmd' has no database record. Creating.
[LOG 17:45:17.081] [DragCubeSystem]: Drag cubes not found or cannot be read for part Part. Generating New drag cubes.
[LOG 17:45:17.081] [KSPCF/DragCubeGeneration] Creating drag cubes for part 'seatExternalCmd'
[LOG 17:45:17.087] PartLoader: Compiling Part 'Squad/Parts/Command/hitchhikerStorageContainer/hitchikerStorageContainer/crewCabin'
[LOG 17:45:17.095] PartLoader: Part 'Squad/Parts/Command/hitchhikerStorageContainer/hitchikerStorageContainer/crewCabin' has no database record. Creating.
[LOG 17:45:17.095] [DragCubeSystem]: Drag cubes not found or cannot be read for part Part. Generating New drag cubes.
[LOG 17:45:17.095] [KSPCF/DragCubeGeneration] Creating drag cubes for part 'crewCabin'
[LOG 17:45:17.101] PartLoader: Compiling Part 'Squad/Parts/Command/inlineAdvancedStabilizer/inlineAdvancedStabilizer/advSasModule'
[LOG 17:45:17.103] PartLoader: Part 'Squad/Parts/Command/inlineAdvancedStabilizer/inlineAdvancedStabilizer/advSasModule' has no database record. Creating.
[LOG 17:45:17.103] [DragCubeSystem]: Drag cubes not found or cannot be read for part Part. Generating New drag cubes.
[LOG 17:45:17.103] [KSPCF/DragCubeGeneration] Creating drag cubes for part 'advSasModule'
[LOG 17:45:17.109] PartLoader: Compiling Part 'Squad/Parts/Command/inlineReactionWheel/inlineReactionWheel/sasModule'
[LOG 17:45:17.111] PartLoader: Part 'Squad/Parts/Command/inlineReactionWheel/inlineReactionWheel/sasModule' has no database record. Creating.
[LOG 17:45:17.111] [DragCubeSystem]: Drag cubes not found or cannot be read for part Part. Generating New drag cubes.
[LOG 17:45:17.111] [KSPCF/DragCubeGeneration] Creating drag cubes for part 'sasModule'
[LOG 17:45:17.115] PartLoader: Compiling Part 'Squad/Parts/Command/Mk1-3Pod/mk1-3/mk1-3pod'
[LOG 17:45:17.131] PartLoader: Part 'Squad/Parts/Command/Mk1-3Pod/mk1-3/mk1-3pod' has no database record. Creating.
[LOG 17:45:17.131] [DragCubeSystem]: Drag cubes not found or cannot be read for part Part. Generating New drag cubes.
[LOG 17:45:17.131] [KSPCF/DragCubeGeneration] Creating drag cubes for part 'mk1-3pod'
[LOG 17:45:17.142] PartLoader: Compiling Part 'Squad/Parts/Command/mk1Cockpits/mk1Cockpit/Mark1Cockpit'
[WRN 17:45:17.145] [Part]: Cannot have ModuleCargoPart and ModuleInventoryPart on same Part [Mark1Cockpit'. Removed ModuleCargoPart
[LOG 17:45:17.149] PartLoader: Part 'Squad/Parts/Command/mk1Cockpits/mk1Cockpit/Mark1Cockpit' has no database record. Creating.
[LOG 17:45:17.149] [DragCubeSystem]: Drag cubes not found or cannot be read for part Part. Generating New drag cubes.
[LOG 17:45:17.149] [KSPCF/DragCubeGeneration] Creating drag cubes for part 'Mark1Cockpit'
[LOG 17:45:17.155] PartLoader: Compiling Part 'Squad/Parts/Command/mk1Cockpits/mk1CrewCabin/MK1CrewCabin'
[WRN 17:45:17.157] [Part]: Cannot have ModuleCargoPart and ModuleInventoryPart on same Part [MK1CrewCabin'. Removed ModuleCargoPart
[LOG 17:45:17.160] PartLoader: Part 'Squad/Parts/Command/mk1Cockpits/mk1CrewCabin/MK1CrewCabin' has no database record. Creating.
[LOG 17:45:17.160] [DragCubeSystem]: Drag cubes not found or cannot be read for part Part. Generating New drag cubes.
[LOG 17:45:17.160] [KSPCF/DragCubeGeneration] Creating drag cubes for part 'MK1CrewCabin'
[LOG 17:45:17.166] PartLoader: Compiling Part 'Squad/Parts/Command/mk1Cockpits/mk1InlineCockpit/Mark2Cockpit'
[WRN 17:45:17.169] [Part]: Cannot have ModuleCargoPart and ModuleInventoryPart on same Part [Mark2Cockpit'. Removed ModuleCargoPart
[LOG 17:45:17.177] PartLoader: Part 'Squad/Parts/Command/mk1Cockpits/mk1InlineCockpit/Mark2Cockpit' has no database record. Creating.
[LOG 17:45:17.177] [DragCubeSystem]: Drag cubes not found or cannot be read for part Part. Generating New drag cubes.
[LOG 17:45:17.177] [KSPCF/DragCubeGeneration] Creating drag cubes for part 'Mark2Cockpit'
[LOG 17:45:17.182] PartLoader: Compiling Part 'Squad/Parts/Command/mk1LanderCan/mk1LanderCan/landerCabinSmall'
[WRN 17:45:17.184] [Part]: Cannot have ModuleCargoPart and ModuleInventoryPart on same Part [landerCabinSmall'. Removed ModuleCargoPart
[LOG 17:45:17.189] PartLoader: Part 'Squad/Parts/Command/mk1LanderCan/mk1LanderCan/landerCabinSmall' has no database record. Creating.
[LOG 17:45:17.189] [DragCubeSystem]: Drag cubes not found or cannot be read for part Part. Generating New drag cubes.
[LOG 17:45:17.189] [KSPCF/DragCubeGeneration] Creating drag cubes for part 'landerCabinSmall'
[LOG 17:45:17.196] PartLoader: Compiling Part 'Squad/Parts/Command/mk1pod_v2/mk1Pod_v2/mk1pod_v2'
[WRN 17:45:17.198] [Part]: Cannot have ModuleCargoPart and ModuleInventoryPart on same Part [mk1pod.v2'. Removed ModuleCargoPart
[LOG 17:45:17.201] PartLoader: Part 'Squad/Parts/Command/mk1pod_v2/mk1Pod_v2/mk1pod_v2' has no database record. Creating.
[LOG 17:45:17.201] [DragCubeSystem]: Drag cubes not found or cannot be read for part Part. Generating New drag cubes.
[LOG 17:45:17.201] [KSPCF/DragCubeGeneration] Creating drag cubes for part 'mk1pod.v2'
[LOG 17:45:17.213] PartLoader: Compiling Part 'Squad/Parts/Command/mk2CockpitInline/mk2CockpitInline/mk2Cockpit_Inline'
[WRN 17:45:17.216] [Part]: Cannot have ModuleCargoPart and ModuleInventoryPart on same Part [mk2Cockpit.Inline'. Removed ModuleCargoPart
[LOG 17:45:17.219] PartLoader: Part 'Squad/Parts/Command/mk2CockpitInline/mk2CockpitInline/mk2Cockpit_Inline' has no database record. Creating.
[LOG 17:45:17.219] [DragCubeSystem]: Drag cubes not found or cannot be read for part Part. Generating New drag cubes.
[LOG 17:45:17.219] [KSPCF/DragCubeGeneration] Creating drag cubes for part 'mk2Cockpit.Inline'
[LOG 17:45:17.230] PartLoader: Compiling Part 'Squad/Parts/Command/mk2CockpitStandard/mk2CockpitStandard/mk2Cockpit_Standard'
[WRN 17:45:17.232] [Part]: Cannot have ModuleCargoPart and ModuleInventoryPart on same Part [mk2Cockpit.Standard'. Removed ModuleCargoPart
[LOG 17:45:17.234] PartLoader: Part 'Squad/Parts/Command/mk2CockpitStandard/mk2CockpitStandard/mk2Cockpit_Standard' has no database record. Creating.
[LOG 17:45:17.234] [DragCubeSystem]: Drag cubes not found or cannot be read for part Part. Generating New drag cubes.
[LOG 17:45:17.234] [KSPCF/DragCubeGeneration] Creating drag cubes for part 'mk2Cockpit.Standard'
[LOG 17:45:17.242] PartLoader: Compiling Part 'Squad/Parts/Command/mk2DroneCore/mk2Dronecore/mk2DroneCore'
[LOG 17:45:17.246] PartLoader: Part 'Squad/Parts/Command/mk2DroneCore/mk2Dronecore/mk2DroneCore' has no database record. Creating.
[LOG 17:45:17.246] PartLoader: Compiling Part 'Squad/Parts/Command/mk2LanderCan/mk2LanderCan/mk2LanderCabin'
[WRN 17:45:17.254] [Part]: Cannot have ModuleCargoPart and ModuleInventoryPart on same Part [mk2LanderCabin'. Removed ModuleCargoPart
[LOG 17:45:17.259] PartLoader: Part 'Squad/Parts/Command/mk2LanderCan/mk2LanderCan/mk2LanderCabin' has no database record. Creating.
[LOG 17:45:17.259] [DragCubeSystem]: Drag cubes not found or cannot be read for part Part. Generating New drag cubes.
[LOG 17:45:17.259] [KSPCF/DragCubeGeneration] Creating drag cubes for part 'mk2LanderCabin'
[LOG 17:45:17.267] PartLoader: Compiling Part 'Squad/Parts/Command/mk2LanderCan_v2/mk2LanderCan_v2/mk2LanderCabin_v2'
[WRN 17:45:17.269] [Part]: Cannot have ModuleCargoPart and ModuleInventoryPart on same Part [mk2LanderCabin.v2'. Removed ModuleCargoPart
[LOG 17:45:17.272] PartLoader: Part 'Squad/Parts/Command/mk2LanderCan_v2/mk2LanderCan_v2/mk2LanderCabin_v2' has no database record. Creating.
[LOG 17:45:17.272] [DragCubeSystem]: Drag cubes not found or cannot be read for part Part. Generating New drag cubes.
[LOG 17:45:17.272] [KSPCF/DragCubeGeneration] Creating drag cubes for part 'mk2LanderCabin.v2'
[LOG 17:45:17.280] PartLoader: Compiling Part 'Squad/Parts/Command/mk3CockpitShuttle/mk3CockpitShuttle/mk3Cockpit_Shuttle'
[LOG 17:45:17.284] PartLoader: Part 'Squad/Parts/Command/mk3CockpitShuttle/mk3CockpitShuttle/mk3Cockpit_Shuttle' has no database record. Creating.
[LOG 17:45:17.284] [DragCubeSystem]: Drag cubes not found or cannot be read for part Part. Generating New drag cubes.
[LOG 17:45:17.284] [KSPCF/DragCubeGeneration] Creating drag cubes for part 'mk3Cockpit.Shuttle'
[LOG 17:45:17.291] PartLoader: Compiling Part 'Squad/Parts/Command/MpoProbe/MpoProbe/MpoProbe'
[LOG 17:45:17.295] PartLoader: Part 'Squad/Parts/Command/MpoProbe/MpoProbe/MpoProbe' has no database record. Creating.
[LOG 17:45:17.295] [DragCubeSystem]: Drag cubes not found or cannot be read for part Part. Generating New drag cubes.
[LOG 17:45:17.295] [KSPCF/DragCubeGeneration] Creating drag cubes for part 'MpoProbe'
[LOG 17:45:17.304] PartLoader: Compiling Part 'Squad/Parts/Command/MtmStage/MTM_Stage/MtmStage'
[LOG 17:45:17.307] PartLoader: Part 'Squad/Parts/Command/MtmStage/MTM_Stage/MtmStage' has no database record. Creating.
[LOG 17:45:17.307] [DragCubeSystem]: Drag cubes not found or cannot be read for part Part. Generating New drag cubes.
[LOG 17:45:17.307] [KSPCF/DragCubeGeneration] Creating drag cubes for part 'MtmStage'
[LOG 17:45:17.313] PartLoader: Compiling Part 'Squad/Parts/Command/probeCoreCube/probeCoreCube/probeCoreCube'
[LOG 17:45:17.315] PartLoader: Part 'Squad/Parts/Command/probeCoreCube/probeCoreCube/probeCoreCube' has no database record. Creating.
[LOG 17:45:17.317] PartLoader: Compiling Part 'Squad/Parts/Command/probeCoreHex/probeCoreHex/probeCoreHex'
[LOG 17:45:17.319] PartLoader: Part 'Squad/Parts/Command/probeCoreHex/probeCoreHex/probeCoreHex' has no database record. Creating.
[LOG 17:45:17.320] [DragCubeSystem]: Drag cubes not found or cannot be read for part Part. Generating New drag cubes.
[LOG 17:45:17.320] [KSPCF/DragCubeGeneration] Creating drag cubes for part 'probeCoreHex'
[LOG 17:45:17.326] PartLoader: Compiling Part 'Squad/Parts/Command/probeCoreHex_v2/probeCoreHex_v2/probeCoreHex_v2'
[LOG 17:45:17.329] PartLoader: Part 'Squad/Parts/Command/probeCoreHex_v2/probeCoreHex_v2/probeCoreHex_v2' has no database record. Creating.
[LOG 17:45:17.329] [DragCubeSystem]: Drag cubes not found or cannot be read for part Part. Generating New drag cubes.
[LOG 17:45:17.329] [KSPCF/DragCubeGeneration] Creating drag cubes for part 'probeCoreHex.v2'
[LOG 17:45:17.336] PartLoader: Compiling Part 'Squad/Parts/Command/probeCoreOcto2_v2/probeCoreOcto2_v2/probeCoreOcto2_v2'
[LOG 17:45:17.340] PartLoader: Part 'Squad/Parts/Command/probeCoreOcto2_v2/probeCoreOcto2_v2/probeCoreOcto2_v2' has no database record. Creating.
[LOG 17:45:17.340] [DragCubeSystem]: Drag cubes not found or cannot be read for part Part. Generating New drag cubes.
[LOG 17:45:17.341] [KSPCF/DragCubeGeneration] Creating drag cubes for part 'probeCoreOcto2.v2'
[LOG 17:45:17.346] PartLoader: Compiling Part 'Squad/Parts/Command/probeCoreOcto_v2/probeCoreOcto_v2/probeCoreOcto_v2'
[LOG 17:45:17.349] PartLoader: Part 'Squad/Parts/Command/probeCoreOcto_v2/probeCoreOcto_v2/probeCoreOcto_v2' has no database record. Creating.
[LOG 17:45:17.349] [DragCubeSystem]: Drag cubes not found or cannot be read for part Part. Generating New drag cubes.
[LOG 17:45:17.349] [KSPCF/DragCubeGeneration] Creating drag cubes for part 'probeCoreOcto.v2'
[LOG 17:45:17.354] PartLoader: Compiling Part 'Squad/Parts/Command/probeRoverBody/probeRoverBody/roverBody'
[LOG 17:45:17.358] PartLoader: Part 'Squad/Parts/Command/probeRoverBody/probeRoverBody/roverBody' has no database record. Creating.
[LOG 17:45:17.358] [DragCubeSystem]: Drag cubes not found or cannot be read for part Part. Generating New drag cubes.
[LOG 17:45:17.358] [KSPCF/DragCubeGeneration] Creating drag cubes for part 'roverBody'
[LOG 17:45:17.363] PartLoader: Compiling Part 'Squad/Parts/Command/probeRoverBody_v2/probeRoverBody_v2/roverBody_v2'
[LOG 17:45:17.367] PartLoader: Part 'Squad/Parts/Command/probeRoverBody_v2/probeRoverBody_v2/roverBody_v2' has no database record. Creating.
[LOG 17:45:17.367] [DragCubeSystem]: Drag cubes not found or cannot be read for part Part. Generating New drag cubes.
[LOG 17:45:17.368] [KSPCF/DragCubeGeneration] Creating drag cubes for part 'roverBody.v2'
[LOG 17:45:17.391] PartLoader: Compiling Part 'Squad/Parts/Command/probeStackLarge/probeStackLarge/probeStackLarge'
[LOG 17:45:17.395] PartLoader: Part 'Squad/Parts/Command/probeStackLarge/probeStackLarge/probeStackLarge' has no database record. Creating.
[LOG 17:45:17.395] [DragCubeSystem]: Drag cubes not found or cannot be read for part Part. Generating New drag cubes.
[LOG 17:45:17.395] [KSPCF/DragCubeGeneration] Creating drag cubes for part 'probeStackLarge'
[LOG 17:45:17.401] PartLoader: Compiling Part 'Squad/Parts/Command/probeStackSmall/probeStackSmall/probeStackSmall'
[LOG 17:45:17.405] PartLoader: Part 'Squad/Parts/Command/probeStackSmall/probeStackSmall/probeStackSmall' has no database record. Creating.
[LOG 17:45:17.405] [DragCubeSystem]: Drag cubes not found or cannot be read for part Part. Generating New drag cubes.
[LOG 17:45:17.405] [KSPCF/DragCubeGeneration] Creating drag cubes for part 'probeStackSmall'
[LOG 17:45:17.410] PartLoader: Compiling Part 'Squad/Parts/Command/probeStackSphere_v2/probeStackSphere_v2/probeCoreSphere_v2'
[LOG 17:45:17.413] PartLoader: Part 'Squad/Parts/Command/probeStackSphere_v2/probeStackSphere_v2/probeCoreSphere_v2' has no database record. Creating.
[LOG 17:45:17.413] PartLoader: Compiling Part 'Squad/Parts/CompoundParts/FuelLine/fuelLine/fuelLine'
[LOG 17:45:17.428] PartLoader: Part 'Squad/Parts/CompoundParts/FuelLine/fuelLine/fuelLine' has no database record. Creating.
[LOG 17:45:17.428] [DragCubeSystem]: Drag cubes not found or cannot be read for part CompoundPart. Generating New drag cubes.
[LOG 17:45:17.428] [KSPCF/DragCubeGeneration] Creating drag cubes for part 'fuelLine'
[LOG 17:45:17.435] PartLoader: Compiling Part 'Squad/Parts/CompoundParts/strutConnector/strutConnector/strutConnector'
[LOG 17:45:17.439] PartLoader: Part 'Squad/Parts/CompoundParts/strutConnector/strutConnector/strutConnector' has no database record. Creating.
[LOG 17:45:17.439] [DragCubeSystem]: Drag cubes not found or cannot be read for part CompoundPart. Generating New drag cubes.
[LOG 17:45:17.439] [KSPCF/DragCubeGeneration] Creating drag cubes for part 'strutConnector'
[LOG 17:45:17.445] PartLoader: Compiling Part 'Squad/Parts/Coupling/Decoupler_0/Decoupler_0'
[LOG 17:45:17.450] PartLoader: Part 'Squad/Parts/Coupling/Decoupler_0/Decoupler_0' has no database record. Creating.
[LOG 17:45:17.450] PartLoader: Compiling Part 'Squad/Parts/Coupling/Decoupler_1/Decoupler_1'
[LOG 17:45:17.454] PartLoader: Part 'Squad/Parts/Coupling/Decoupler_1/Decoupler_1' has no database record. Creating.
[LOG 17:45:17.454] PartLoader: Compiling Part 'Squad/Parts/Coupling/Decoupler_2/Decoupler_2'
[LOG 17:45:17.457] PartLoader: Part 'Squad/Parts/Coupling/Decoupler_2/Decoupler_2' has no database record. Creating.
[LOG 17:45:17.457] PartLoader: Compiling Part 'Squad/Parts/Coupling/Decoupler_3/Decoupler_3'
[LOG 17:45:17.459] PartLoader: Part 'Squad/Parts/Coupling/Decoupler_3/Decoupler_3' has no database record. Creating.
[LOG 17:45:17.460] PartLoader: Compiling Part 'Squad/Parts/Coupling/Separator_0/Separator_0'
[LOG 17:45:17.462] PartLoader: Part 'Squad/Parts/Coupling/Separator_0/Separator_0' has no database record. Creating.
[LOG 17:45:17.462] PartLoader: Compiling Part 'Squad/Parts/Coupling/Separator_1/Separator_1'
[LOG 17:45:17.465] PartLoader: Part 'Squad/Parts/Coupling/Separator_1/Separator_1' has no database record. Creating.
[LOG 17:45:17.465] PartLoader: Compiling Part 'Squad/Parts/Coupling/Separator_2/Separator_2'
[LOG 17:45:17.468] PartLoader: Part 'Squad/Parts/Coupling/Separator_2/Separator_2' has no database record. Creating.
[LOG 17:45:17.468] PartLoader: Compiling Part 'Squad/Parts/Coupling/Separator_3/Separator_3'
[LOG 17:45:17.470] PartLoader: Part 'Squad/Parts/Coupling/Separator_3/Separator_3' has no database record. Creating.
[LOG 17:45:17.471] PartLoader: Compiling Part 'Squad/Parts/Electrical/10CSolarPanels/OX-10C/solarPanelOX10C'
[LOG 17:45:17.479] PartLoader: Part 'Squad/Parts/Electrical/10CSolarPanels/OX-10C/solarPanelOX10C' has no database record. Creating.
[LOG 17:45:17.479] [DragCubeSystem]: Drag cubes not found or cannot be read for part Part. Generating New drag cubes.
[LOG 17:45:17.479] [KSPCF/DragCubeGeneration] Creating drag cubes for part 'solarPanelOX10C'
[LOG 17:45:17.502] PartLoader: Compiling Part 'Squad/Parts/Electrical/10CSolarPanels/SP-10C/solarPanelSP10C'
[LOG 17:45:17.505] PartLoader: Part 'Squad/Parts/Electrical/10CSolarPanels/SP-10C/solarPanelSP10C' has no database record. Creating.
[LOG 17:45:17.505] [DragCubeSystem]: Drag cubes not found or cannot be read for part Part. Generating New drag cubes.
[LOG 17:45:17.505] [KSPCF/DragCubeGeneration] Creating drag cubes for part 'solarPanelSP10C'
[LOG 17:45:17.528] PartLoader: Compiling Part 'Squad/Parts/Electrical/10LSolarPanels/OX-10L/solarPanelOX10L'
[LOG 17:45:17.531] PartLoader: Part 'Squad/Parts/Electrical/10LSolarPanels/OX-10L/solarPanelOX10L' has no database record. Creating.
[LOG 17:45:17.531] [DragCubeSystem]: Drag cubes not found or cannot be read for part Part. Generating New drag cubes.
[LOG 17:45:17.531] [KSPCF/DragCubeGeneration] Creating drag cubes for part 'solarPanelOX10L'
[LOG 17:45:17.551] PartLoader: Compiling Part 'Squad/Parts/Electrical/10LSolarPanels/SP-10L/solarPanelSP10L'
[LOG 17:45:17.554] PartLoader: Part 'Squad/Parts/Electrical/10LSolarPanels/SP-10L/solarPanelSP10L' has no database record. Creating.
[LOG 17:45:17.554] [DragCubeSystem]: Drag cubes not found or cannot be read for part Part. Generating New drag cubes.
[LOG 17:45:17.554] [KSPCF/DragCubeGeneration] Creating drag cubes for part 'solarPanelSP10L'
[LOG 17:45:17.574] PartLoader: Compiling Part 'Squad/Parts/Electrical/1x6ShroudSolarPanels/1x6ShroudSolarPanels/solarPanels2'
[LOG 17:45:17.577] PartLoader: Part 'Squad/Parts/Electrical/1x6ShroudSolarPanels/1x6ShroudSolarPanels/solarPanels2' has no database record. Creating.
[LOG 17:45:17.577] [DragCubeSystem]: Drag cubes not found or cannot be read for part Part. Generating New drag cubes.
[LOG 17:45:17.577] [KSPCF/DragCubeGeneration] Creating drag cubes for part 'solarPanels2'
[LOG 17:45:17.607] PartLoader: Compiling Part 'Squad/Parts/Electrical/1x6SolarPanels/1x6SolarPanels/solarPanels4'
[LOG 17:45:17.610] PartLoader: Part 'Squad/Parts/Electrical/1x6SolarPanels/1x6SolarPanels/solarPanels4' has no database record. Creating.
[LOG 17:45:17.610] [DragCubeSystem]: Drag cubes not found or cannot be read for part Part. Generating New drag cubes.
[LOG 17:45:17.610] [KSPCF/DragCubeGeneration] Creating drag cubes for part 'solarPanels4'
[LOG 17:45:17.630] PartLoader: Compiling Part 'Squad/Parts/Electrical/3x2ShroudSolarPanels/3x2ShroudSolarPanels/solarPanels1'
[LOG 17:45:17.632] PartLoader: Part 'Squad/Parts/Electrical/3x2ShroudSolarPanels/3x2ShroudSolarPanels/solarPanels1' has no database record. Creating.
[LOG 17:45:17.632] [DragCubeSystem]: Drag cubes not found or cannot be read for part Part. Generating New drag cubes.
[LOG 17:45:17.632] [KSPCF/DragCubeGeneration] Creating drag cubes for part 'solarPanels1'
[LOG 17:45:17.651] PartLoader: Compiling Part 'Squad/Parts/Electrical/3x2SolarPanels/3x2SolarPanels/solarPanels3'
[LOG 17:45:17.654] PartLoader: Part 'Squad/Parts/Electrical/3x2SolarPanels/3x2SolarPanels/solarPanels3' has no database record. Creating.
[LOG 17:45:17.654] [DragCubeSystem]: Drag cubes not found or cannot be read for part Part. Generating New drag cubes.
[LOG 17:45:17.654] [KSPCF/DragCubeGeneration] Creating drag cubes for part 'solarPanels3'
[LOG 17:45:17.672] PartLoader: Compiling Part 'Squad/Parts/Electrical/gigantorXlSolarArray/gigantorXlSolarArray/largeSolarPanel'
[LOG 17:45:17.675] PartLoader: Part 'Squad/Parts/Electrical/gigantorXlSolarArray/gigantorXlSolarArray/largeSolarPanel' has no database record. Creating.
[LOG 17:45:17.675] [DragCubeSystem]: Drag cubes not found or cannot be read for part Part. Generating New drag cubes.
[LOG 17:45:17.675] [KSPCF/DragCubeGeneration] Creating drag cubes for part 'largeSolarPanel'
[LOG 17:45:17.696] PartLoader: Compiling Part 'Squad/Parts/Electrical/radialFlatSolarPanel/radialFlatSolarPanel/solarPanels5'
[LOG 17:45:17.698] PartLoader: Part 'Squad/Parts/Electrical/radialFlatSolarPanel/radialFlatSolarPanel/solarPanels5' has no database record. Creating.
[LOG 17:45:17.698] [DragCubeSystem]: Drag cubes not found or cannot be read for part Part. Generating New drag cubes.
[LOG 17:45:17.698] [KSPCF/DragCubeGeneration] Creating drag cubes for part 'solarPanels5'
[LOG 17:45:17.708] PartLoader: Compiling Part 'Squad/Parts/Electrical/RTG/RTG/rtg'
[LOG 17:45:17.715] PartLoader: Part 'Squad/Parts/Electrical/RTG/RTG/rtg' has no database record. Creating.
[LOG 17:45:17.715] [DragCubeSystem]: Drag cubes not found or cannot be read for part Part. Generating New drag cubes.
[LOG 17:45:17.715] [KSPCF/DragCubeGeneration] Creating drag cubes for part 'rtg'
[LOG 17:45:17.722] PartLoader: Compiling Part 'Squad/Parts/Electrical/z-100Battery/z-100Battery/batteryPack'
[LOG 17:45:17.724] PartLoader: Part 'Squad/Parts/Electrical/z-100Battery/z-100Battery/batteryPack' has no database record. Creating.
[LOG 17:45:17.724] [DragCubeSystem]: Drag cubes not found or cannot be read for part Part. Generating New drag cubes.
[LOG 17:45:17.724] [KSPCF/DragCubeGeneration] Creating drag cubes for part 'batteryPack'
[LOG 17:45:17.731] PartLoader: Compiling Part 'Squad/Parts/Electrical/z-1kBattery/z-1kBattery/batteryBank'
[LOG 17:45:17.733] PartLoader: Part 'Squad/Parts/Electrical/z-1kBattery/z-1kBattery/batteryBank' has no database record. Creating.
[LOG 17:45:17.733] [DragCubeSystem]: Drag cubes not found or cannot be read for part Part. Generating New drag cubes.
[LOG 17:45:17.733] [KSPCF/DragCubeGeneration] Creating drag cubes for part 'batteryBank'
[LOG 17:45:17.737] PartLoader: Compiling Part 'Squad/Parts/Electrical/z-200Battery/z-200Battery/batteryBankMini'
[LOG 17:45:17.739] PartLoader: Part 'Squad/Parts/Electrical/z-200Battery/z-200Battery/batteryBankMini' has no database record. Creating.
[LOG 17:45:17.739] [DragCubeSystem]: Drag cubes not found or cannot be read for part Part. Generating New drag cubes.
[LOG 17:45:17.739] [KSPCF/DragCubeGeneration] Creating drag cubes for part 'batteryBankMini'
[LOG 17:45:17.744] PartLoader: Compiling Part 'Squad/Parts/Electrical/z-400Battery/z-400Battery/ksp_r_largeBatteryPack'
[LOG 17:45:17.746] PartLoader: Part 'Squad/Parts/Electrical/z-400Battery/z-400Battery/ksp_r_largeBatteryPack' has no database record. Creating.
[LOG 17:45:17.746] [DragCubeSystem]: Drag cubes not found or cannot be read for part Part. Generating New drag cubes.
[LOG 17:45:17.746] [KSPCF/DragCubeGeneration] Creating drag cubes for part 'ksp.r.largeBatteryPack'
[LOG 17:45:17.751] PartLoader: Compiling Part 'Squad/Parts/Electrical/z-4kBattery/z-4kBattery/batteryBankLarge'
[LOG 17:45:17.752] PartLoader: Part 'Squad/Parts/Electrical/z-4kBattery/z-4kBattery/batteryBankLarge' has no database record. Creating.
[LOG 17:45:17.752] [DragCubeSystem]: Drag cubes not found or cannot be read for part Part. Generating New drag cubes.
[LOG 17:45:17.752] [KSPCF/DragCubeGeneration] Creating drag cubes for part 'batteryBankLarge'
[LOG 17:45:17.756] PartLoader: Compiling Part 'Squad/Parts/Engine/ionEngine/ionEngine/ionEngine'
[LOG 17:45:17.767] PartLoader: Part 'Squad/Parts/Engine/ionEngine/ionEngine/ionEngine' has no database record. Creating.
[LOG 17:45:17.767] [DragCubeSystem]: Drag cubes not found or cannot be read for part Part. Generating New drag cubes.
[LOG 17:45:17.767] [KSPCF/DragCubeGeneration] Creating drag cubes for part 'ionEngine'
[LOG 17:45:17.776] PartLoader: Compiling Part 'Squad/Parts/Engine/jetEngines/jetEngineAfterburning/turboJet'
[LOG 17:45:17.794] PartLoader: Part 'Squad/Parts/Engine/jetEngines/jetEngineAfterburning/turboJet' has no database record. Creating.
[LOG 17:45:17.794] [DragCubeSystem]: Drag cubes not found or cannot be read for part Part. Generating New drag cubes.
[LOG 17:45:17.794] [KSPCF/DragCubeGeneration] Creating drag cubes for part 'turboJet'
[LOG 17:45:17.802] PartLoader: Compiling Part 'Squad/Parts/Engine/jetEngines/jetEngineBasic/JetEngine'
[LOG 17:45:17.808] PartLoader: Part 'Squad/Parts/Engine/jetEngines/jetEngineBasic/JetEngine' has no database record. Creating.
[LOG 17:45:17.808] [DragCubeSystem]: Drag cubes not found or cannot be read for part Part. Generating New drag cubes.
[LOG 17:45:17.808] [KSPCF/DragCubeGeneration] Creating drag cubes for part 'JetEngine'
[LOG 17:45:17.824] PartLoader: Compiling Part 'Squad/Parts/Engine/jetEngines/jetEngineBig/turboFanSize2'
[LOG 17:45:17.830] PartLoader: Part 'Squad/Parts/Engine/jetEngines/jetEngineBig/turboFanSize2' has no database record. Creating.
[LOG 17:45:17.830] [DragCubeSystem]: Drag cubes not found or cannot be read for part Part. Generating New drag cubes.
[LOG 17:45:17.830] [KSPCF/DragCubeGeneration] Creating drag cubes for part 'turboFanSize2'
[LOG 17:45:17.848] PartLoader: Compiling Part 'Squad/Parts/Engine/jetEngines/jetEngineTurbo/turboFanEngine'
[LOG 17:45:17.854] PartLoader: Part 'Squad/Parts/Engine/jetEngines/jetEngineTurbo/turboFanEngine' has no database record. Creating.
[LOG 17:45:17.854] [DragCubeSystem]: Drag cubes not found or cannot be read for part Part. Generating New drag cubes.
[LOG 17:45:17.854] [KSPCF/DragCubeGeneration] Creating drag cubes for part 'turboFanEngine'
[LOG 17:45:17.861] PartLoader: Compiling Part 'Squad/Parts/Engine/liquidEngine24-77/liquidEngine24-77/smallRadialEngine'
[LOG 17:45:17.864] PartLoader: Part 'Squad/Parts/Engine/liquidEngine24-77/liquidEngine24-77/smallRadialEngine' has no database record. Creating.
[LOG 17:45:17.864] [DragCubeSystem]: Drag cubes not found or cannot be read for part Part. Generating New drag cubes.
[LOG 17:45:17.864] [KSPCF/DragCubeGeneration] Creating drag cubes for part 'smallRadialEngine'
[LOG 17:45:17.872] PartLoader: Compiling Part 'Squad/Parts/Engine/liquidEngine24-77_v2/liquidEngine24-77_v2/smallRadialEngine_v2'
[LOG 17:45:17.877] PartLoader: Part 'Squad/Parts/Engine/liquidEngine24-77_v2/liquidEngine24-77_v2/smallRadialEngine_v2' has no database record. Creating.
[LOG 17:45:17.877] [DragCubeSystem]: Drag cubes not found or cannot be read for part Part. Generating New drag cubes.
[LOG 17:45:17.877] [KSPCF/DragCubeGeneration] Creating drag cubes for part 'smallRadialEngine.v2'
[LOG 17:45:17.886] PartLoader: Compiling Part 'Squad/Parts/Engine/liquidEngine48-7S_v2/liquidEngine48-7S_v2/liquidEngineMini_v2'
[LOG 17:45:17.891] PartLoader: Part 'Squad/Parts/Engine/liquidEngine48-7S_v2/liquidEngine48-7S_v2/liquidEngineMini_v2' has no database record. Creating.
[LOG 17:45:17.892] [DragCubeSystem]: Drag cubes not found or cannot be read for part Part. Generating New drag cubes.
[LOG 17:45:17.892] [KSPCF/DragCubeGeneration] Creating drag cubes for part 'liquidEngineMini.v2'
[LOG 17:45:17.930] PartLoader: Compiling Part 'Squad/Parts/Engine/liquidEngineAerospike/liquidEngineAerospike/toroidalAerospike'
[LOG 17:45:17.941] PartLoader: Part 'Squad/Parts/Engine/liquidEngineAerospike/liquidEngineAerospike/toroidalAerospike' has no database record. Creating.
[LOG 17:45:17.941] [DragCubeSystem]: Drag cubes not found or cannot be read for part Part. Generating New drag cubes.
[LOG 17:45:17.941] [KSPCF/DragCubeGeneration] Creating drag cubes for part 'toroidalAerospike'
[LOG 17:45:17.959] PartLoader: Compiling Part 'Squad/Parts/Engine/liquidEngineLV-1_v2/liquidEngineLV-1R _v2/radialEngineMini_v2'
[LOG 17:45:17.964] PartLoader: Part 'Squad/Parts/Engine/liquidEngineLV-1_v2/liquidEngineLV-1R _v2/radialEngineMini_v2' has no database record. Creating.
[LOG 17:45:17.964] [DragCubeSystem]: Drag cubes not found or cannot be read for part Part. Generating New drag cubes.
[LOG 17:45:17.964] [KSPCF/DragCubeGeneration] Creating drag cubes for part 'radialEngineMini.v2'
[LOG 17:45:17.985] PartLoader: Compiling Part 'Squad/Parts/Engine/liquidEngineLV-1_v2/liquidEngineLV-1_v2/microEngine_v2'
[LOG 17:45:17.989] PartLoader: Part 'Squad/Parts/Engine/liquidEngineLV-1_v2/liquidEngineLV-1_v2/microEngine_v2' has no database record. Creating.
[LOG 17:45:17.989] [DragCubeSystem]: Drag cubes not found or cannot be read for part Part. Generating New drag cubes.
[LOG 17:45:17.989] [KSPCF/DragCubeGeneration] Creating drag cubes for part 'microEngine.v2'
[LOG 17:45:18.008] PartLoader: Compiling Part 'Squad/Parts/Engine/liquidEngineLV-909_v2/liquidEngineLV-909_v2/liquidEngine3_v2'
[LOG 17:45:18.017] PartLoader: Part 'Squad/Parts/Engine/liquidEngineLV-909_v2/liquidEngineLV-909_v2/liquidEngine3_v2' has no database record. Creating.
[LOG 17:45:18.017] [DragCubeSystem]: Drag cubes not found or cannot be read for part Part. Generating New drag cubes.
[LOG 17:45:18.017] [KSPCF/DragCubeGeneration] Creating drag cubes for part 'liquidEngine3.v2'
[LOG 17:45:18.062] PartLoader: Compiling Part 'Squad/Parts/Engine/liquidEngineLV-N/liquidEngineLV-N/nuclearEngine'
[LOG 17:45:18.068] PartLoader: Part 'Squad/Parts/Engine/liquidEngineLV-N/liquidEngineLV-N/nuclearEngine' has no database record. Creating.
[LOG 17:45:18.068] [DragCubeSystem]: Drag cubes not found or cannot be read for part Part. Generating New drag cubes.
[LOG 17:45:18.068] [KSPCF/DragCubeGeneration] Part 'nuclearEngine' has defined a procedural drag cube setup
[LOG 17:45:18.069] PartLoader: Compiling Part 'Squad/Parts/Engine/liquidEngineLV-T30/liquidEngineLV-T30/liquidEngine'
[LOG 17:45:18.073] PartLoader: Part 'Squad/Parts/Engine/liquidEngineLV-T30/liquidEngineLV-T30/liquidEngine' has no database record. Creating.
[LOG 17:45:18.073] [DragCubeSystem]: Drag cubes not found or cannot be read for part Part. Generating New drag cubes.
[LOG 17:45:18.073] [KSPCF/DragCubeGeneration] Creating drag cubes for part 'liquidEngine'
[LOG 17:45:18.090] PartLoader: Compiling Part 'Squad/Parts/Engine/liquidEngineLV-T30_v2/liquidEngineLV-T30_v2/liquidEngine_v2'
[LOG 17:45:18.095] PartLoader: Part 'Squad/Parts/Engine/liquidEngineLV-T30_v2/liquidEngineLV-T30_v2/liquidEngine_v2' has no database record. Creating.
[LOG 17:45:18.095] PartLoader: Compiling Part 'Squad/Parts/Engine/liquidEngineLV-T45/liquidEngineLV-T45/liquidEngine2'
[LOG 17:45:18.100] PartLoader: Part 'Squad/Parts/Engine/liquidEngineLV-T45/liquidEngineLV-T45/liquidEngine2' has no database record. Creating.
[LOG 17:45:18.100] [DragCubeSystem]: Drag cubes not found or cannot be read for part Part. Generating New drag cubes.
[LOG 17:45:18.100] [KSPCF/DragCubeGeneration] Creating drag cubes for part 'liquidEngine2'
[LOG 17:45:18.119] PartLoader: Compiling Part 'Squad/Parts/Engine/liquidEngineLV-T45_v2/liquidEngineLV-T45_v2/liquidEngine2_v2'
[LOG 17:45:18.125] PartLoader: Part 'Squad/Parts/Engine/liquidEngineLV-T45_v2/liquidEngineLV-T45_v2/liquidEngine2_v2' has no database record. Creating.
[LOG 17:45:18.127] PartLoader: Compiling Part 'Squad/Parts/Engine/liquidEngineMainsail_v2/liquidEngineMainsail_v2/liquidEngineMainsail_v2'
[LOG 17:45:18.134] PartLoader: Part 'Squad/Parts/Engine/liquidEngineMainsail_v2/liquidEngineMainsail_v2/liquidEngineMainsail_v2' has no database record. Creating.
[LOG 17:45:18.134] [DragCubeSystem]: Drag cubes not found or cannot be read for part Part. Generating New drag cubes.
[LOG 17:45:18.134] [KSPCF/DragCubeGeneration] Creating drag cubes for part 'liquidEngineMainsail.v2'
[LOG 17:45:18.174] PartLoader: Compiling Part 'Squad/Parts/Engine/liquidEngineMk55/liquidEngineMk55/radialLiquidEngine1-2'
[LOG 17:45:18.179] PartLoader: Part 'Squad/Parts/Engine/liquidEngineMk55/liquidEngineMk55/radialLiquidEngine1-2' has no database record. Creating.
[LOG 17:45:18.179] [DragCubeSystem]: Drag cubes not found or cannot be read for part Part. Generating New drag cubes.
[LOG 17:45:18.179] [KSPCF/DragCubeGeneration] Creating drag cubes for part 'radialLiquidEngine1-2'
[LOG 17:45:18.185] PartLoader: Compiling Part 'Squad/Parts/Engine/liquidEnginePoodle_v2/liquidEnginePoodle_v2/liquidEngine2-2_v2'
[LOG 17:45:18.191] PartLoader: Part 'Squad/Parts/Engine/liquidEnginePoodle_v2/liquidEnginePoodle_v2/liquidEngine2-2_v2' has no database record. Creating.
[LOG 17:45:18.192] PartLoader: Compiling Part 'Squad/Parts/Engine/liquidEngineSkipper_v2/skipperLiquidEngine_v2/engineLargeSkipper_v2'
[LOG 17:45:18.197] PartLoader: Part 'Squad/Parts/Engine/liquidEngineSkipper_v2/skipperLiquidEngine_v2/engineLargeSkipper_v2' has no database record. Creating.
[LOG 17:45:18.197] [DragCubeSystem]: Drag cubes not found or cannot be read for part Part. Generating New drag cubes.
[LOG 17:45:18.197] [KSPCF/DragCubeGeneration] Creating drag cubes for part 'engineLargeSkipper.v2'
[LOG 17:45:18.235] PartLoader: Compiling Part 'Squad/Parts/Engine/liquidEngineSSME/SSME/SSME'
[LOG 17:45:18.240] PartLoader: Part 'Squad/Parts/Engine/liquidEngineSSME/SSME/SSME' has no database record. Creating.
[LOG 17:45:18.240] [DragCubeSystem]: Drag cubes not found or cannot be read for part Part. Generating New drag cubes.
[LOG 17:45:18.240] [KSPCF/DragCubeGeneration] Creating drag cubes for part 'SSME'
[LOG 17:45:18.256] PartLoader: Compiling Part 'Squad/Parts/Engine/MassiveSRB/part/MassiveBooster'
[LOG 17:45:18.262] PartLoader: Part 'Squad/Parts/Engine/MassiveSRB/part/MassiveBooster' has no database record. Creating.
[LOG 17:45:18.262] [DragCubeSystem]: Drag cubes not found or cannot be read for part Part. Generating New drag cubes.
[LOG 17:45:18.262] [KSPCF/DragCubeGeneration] Creating drag cubes for part 'MassiveBooster'
[LOG 17:45:18.267] PartLoader: Compiling Part 'Squad/Parts/Engine/miniJet/SmallJetEngine/miniJetEngine'
[LOG 17:45:18.271] PartLoader: Part 'Squad/Parts/Engine/miniJet/SmallJetEngine/miniJetEngine' has no database record. Creating.
[LOG 17:45:18.271] [DragCubeSystem]: Drag cubes not found or cannot be read for part Part. Generating New drag cubes.
[LOG 17:45:18.271] [KSPCF/DragCubeGeneration] Creating drag cubes for part 'miniJetEngine'
[LOG 17:45:18.276] PartLoader: Compiling Part 'Squad/Parts/Engine/OMSEngine/omsEngine/omsEngine'
[LOG 17:45:18.280] PartLoader: Part 'Squad/Parts/Engine/OMSEngine/omsEngine/omsEngine' has no database record. Creating.
[LOG 17:45:18.280] [DragCubeSystem]: Drag cubes not found or cannot be read for part Part. Generating New drag cubes.
[LOG 17:45:18.280] [KSPCF/DragCubeGeneration] Creating drag cubes for part 'omsEngine'
[LOG 17:45:18.285] PartLoader: Compiling Part 'Squad/Parts/Engine/rapierEngine/rapierEngine/RAPIER'
[LOG 17:45:18.291] PartLoader: Part 'Squad/Parts/Engine/rapierEngine/rapierEngine/RAPIER' has no database record. Creating.
[LOG 17:45:18.291] [DragCubeSystem]: Drag cubes not found or cannot be read for part Part. Generating New drag cubes.
[LOG 17:45:18.291] [KSPCF/DragCubeGeneration] Creating drag cubes for part 'RAPIER'
[LOG 17:45:18.297] PartLoader: Compiling Part 'Squad/Parts/Engine/Size1_SRBs/solidBoosterRT-10_v2/solidBooster_v2'
[LOG 17:45:18.302] PartLoader: Part 'Squad/Parts/Engine/Size1_SRBs/solidBoosterRT-10_v2/solidBooster_v2' has no database record. Creating.
[LOG 17:45:18.302] [DragCubeSystem]: Drag cubes not found or cannot be read for part Part. Generating New drag cubes.
[LOG 17:45:18.302] [KSPCF/DragCubeGeneration] Creating drag cubes for part 'solidBooster.v2'
[LOG 17:45:18.317] PartLoader: Compiling Part 'Squad/Parts/Engine/Size1_SRBs/solidBoosterRT-5_v2/solidBooster_sm_v2'
[LOG 17:45:18.322] PartLoader: Part 'Squad/Parts/Engine/Size1_SRBs/solidBoosterRT-5_v2/solidBooster_sm_v2' has no database record. Creating.
[LOG 17:45:18.322] [DragCubeSystem]: Drag cubes not found or cannot be read for part Part. Generating New drag cubes.
[LOG 17:45:18.322] [KSPCF/DragCubeGeneration] Creating drag cubes for part 'solidBooster.sm.v2'
[LOG 17:45:18.341] PartLoader: Compiling Part 'Squad/Parts/Engine/Size2LFB/part/Size2LFB'
[LOG 17:45:18.346] PartLoader: Part 'Squad/Parts/Engine/Size2LFB/part/Size2LFB' has no database record. Creating.
[LOG 17:45:18.347] [DragCubeSystem]: Drag cubes not found or cannot be read for part Part. Generating New drag cubes.
[LOG 17:45:18.347] [KSPCF/DragCubeGeneration] Creating drag cubes for part 'Size2LFB'
[LOG 17:45:18.353] PartLoader: Compiling Part 'Squad/Parts/Engine/Size2LFB_v2/part/Size2LFB_v2'
[LOG 17:45:18.357] PartLoader: Part 'Squad/Parts/Engine/Size2LFB_v2/part/Size2LFB_v2' has no database record. Creating.
[LOG 17:45:18.357] [DragCubeSystem]: Drag cubes not found or cannot be read for part Part. Generating New drag cubes.
[LOG 17:45:18.357] [KSPCF/DragCubeGeneration] Creating drag cubes for part 'Size2LFB.v2'
[LOG 17:45:18.363] PartLoader: Compiling Part 'Squad/Parts/Engine/Size3AdvancedEngine/part/Size3AdvancedEngine'
[LOG 17:45:18.368] PartLoader: Part 'Squad/Parts/Engine/Size3AdvancedEngine/part/Size3AdvancedEngine' has no database record. Creating.
[LOG 17:45:18.368] [DragCubeSystem]: Drag cubes not found or cannot be read for part Part. Generating New drag cubes.
[LOG 17:45:18.368] [KSPCF/DragCubeGeneration] Creating drag cubes for part 'Size3AdvancedEngine'
[LOG 17:45:18.386] PartLoader: Compiling Part 'Squad/Parts/Engine/Size3EngineCluster/part/Size3EngineCluster'
[LOG 17:45:18.391] PartLoader: Part 'Squad/Parts/Engine/Size3EngineCluster/part/Size3EngineCluster' has no database record. Creating.
[LOG 17:45:18.391] [DragCubeSystem]: Drag cubes not found or cannot be read for part Part. Generating New drag cubes.
[LOG 17:45:18.391] [KSPCF/DragCubeGeneration] Creating drag cubes for part 'Size3EngineCluster'
[LOG 17:45:18.398] PartLoader: Compiling Part 'Squad/Parts/Engine/solidBoosterBACC/solidBoosterBACC/solidBooster1-1'
[LOG 17:45:18.402] PartLoader: Part 'Squad/Parts/Engine/solidBoosterBACC/solidBoosterBACC/solidBooster1-1' has no database record. Creating.
[LOG 17:45:18.402] [DragCubeSystem]: Drag cubes not found or cannot be read for part Part. Generating New drag cubes.
[LOG 17:45:18.402] [KSPCF/DragCubeGeneration] Creating drag cubes for part 'solidBooster1-1'
[LOG 17:45:18.409] PartLoader: Compiling Part 'Squad/Parts/Engine/solidBoosterS2-17/solidBoosterS2-17/Thoroughbred'
[LOG 17:45:18.416] PartLoader: Part 'Squad/Parts/Engine/solidBoosterS2-17/solidBoosterS2-17/Thoroughbred' has no database record. Creating.
[LOG 17:45:18.416] [DragCubeSystem]: Drag cubes not found or cannot be read for part Part. Generating New drag cubes.
[LOG 17:45:18.416] [KSPCF/DragCubeGeneration] Creating drag cubes for part 'Thoroughbred'
[LOG 17:45:18.425] PartLoader: Compiling Part 'Squad/Parts/Engine/solidBoosterS2-33/solidBoosterS2-33/Clydesdale'
[LOG 17:45:18.430] PartLoader: Part 'Squad/Parts/Engine/solidBoosterS2-33/solidBoosterS2-33/Clydesdale' has no database record. Creating.
[LOG 17:45:18.430] [DragCubeSystem]: Drag cubes not found or cannot be read for part Part. Generating New drag cubes.
[LOG 17:45:18.430] [KSPCF/DragCubeGeneration] Creating drag cubes for part 'Clydesdale'
[LOG 17:45:18.438] PartLoader: Compiling Part 'Squad/Parts/Engine/solidBoosterSep/solidBoosterSep/sepMotor1'
[LOG 17:45:18.440] [ModuleCargoPart]: Setting stackableQuantity to 1 as sepMotor1 contains resources
[LOG 17:45:18.445] PartLoader: Part 'Squad/Parts/Engine/solidBoosterSep/solidBoosterSep/sepMotor1' has no database record. Creating.
[LOG 17:45:18.445] [DragCubeSystem]: Drag cubes not found or cannot be read for part Part. Generating New drag cubes.
[LOG 17:45:18.445] [KSPCF/DragCubeGeneration] Creating drag cubes for part 'sepMotor1'
[LOG 17:45:18.453] PartLoader: Compiling Part 'Squad/Parts/Engine/SolidBoostersF/SolidBoosterF3S0/Shrimp'
[LOG 17:45:18.458] PartLoader: Part 'Squad/Parts/Engine/SolidBoostersF/SolidBoosterF3S0/Shrimp' has no database record. Creating.
[LOG 17:45:18.458] [DragCubeSystem]: Drag cubes not found or cannot be read for part Part. Generating New drag cubes.
[LOG 17:45:18.458] [KSPCF/DragCubeGeneration] Creating drag cubes for part 'Shrimp'
[LOG 17:45:18.463] PartLoader: Compiling Part 'Squad/Parts/Engine/SolidBoostersF/SolidBoosterFM1/Mite'
[LOG 17:45:18.468] PartLoader: Part 'Squad/Parts/Engine/SolidBoostersF/SolidBoosterFM1/Mite' has no database record. Creating.
[LOG 17:45:18.468] [DragCubeSystem]: Drag cubes not found or cannot be read for part Part. Generating New drag cubes.
[LOG 17:45:18.468] [KSPCF/DragCubeGeneration] Creating drag cubes for part 'Mite'
[LOG 17:45:18.475] PartLoader: Compiling Part 'Squad/Parts/FuelTank/adapterTanks/Mk3-Mk2/adapterMk3-Mk2'
[LOG 17:45:18.477] PartLoader: Part 'Squad/Parts/FuelTank/adapterTanks/Mk3-Mk2/adapterMk3-Mk2' has no database record. Creating.
[LOG 17:45:18.477] [DragCubeSystem]: Drag cubes not found or cannot be read for part Part. Generating New drag cubes.
[LOG 17:45:18.477] [KSPCF/DragCubeGeneration] Creating drag cubes for part 'adapterMk3-Mk2'
[LOG 17:45:18.484] PartLoader: Compiling Part 'Squad/Parts/FuelTank/adapterTanks/Mk3-ShuttleAdapter/adapterEngines'
[LOG 17:45:18.491] PartLoader: Part 'Squad/Parts/FuelTank/adapterTanks/Mk3-ShuttleAdapter/adapterEngines' has no database record. Creating.
[LOG 17:45:18.491] [DragCubeSystem]: Drag cubes not found or cannot be read for part Part. Generating New drag cubes.
[LOG 17:45:18.491] [KSPCF/DragCubeGeneration] Creating drag cubes for part 'adapterEngines'
[LOG 17:45:18.497] PartLoader: Compiling Part 'Squad/Parts/FuelTank/adapterTanks/Mk3-Size2/adapterMk3-Size2'
[LOG 17:45:18.500] PartLoader: Part 'Squad/Parts/FuelTank/adapterTanks/Mk3-Size2/adapterMk3-Size2' has no database record. Creating.
[LOG 17:45:18.500] [DragCubeSystem]: Drag cubes not found or cannot be read for part Part. Generating New drag cubes.
[LOG 17:45:18.500] [KSPCF/DragCubeGeneration] Creating drag cubes for part 'adapterMk3-Size2'
[LOG 17:45:18.507] PartLoader: Compiling Part 'Squad/Parts/FuelTank/adapterTanks/Mk3-Size2Slant/adapterMk3-Size2Slant'
[LOG 17:45:18.509] PartLoader: Part 'Squad/Parts/FuelTank/adapterTanks/Mk3-Size2Slant/adapterMk3-Size2Slant' has no database record. Creating.
[LOG 17:45:18.509] [DragCubeSystem]: Drag cubes not found or cannot be read for part Part. Generating New drag cubes.
[LOG 17:45:18.509] [KSPCF/DragCubeGeneration] Creating drag cubes for part 'adapterMk3-Size2Slant'
[LOG 17:45:18.514] PartLoader: Compiling Part 'Squad/Parts/FuelTank/adapterTanks/Size2-Mk2/adapterSize2-Mk2'
[LOG 17:45:18.516] PartLoader: Part 'Squad/Parts/FuelTank/adapterTanks/Size2-Mk2/adapterSize2-Mk2' has no database record. Creating.
[LOG 17:45:18.516] [DragCubeSystem]: Drag cubes not found or cannot be read for part Part. Generating New drag cubes.
[LOG 17:45:18.516] [KSPCF/DragCubeGeneration] Creating drag cubes for part 'adapterSize2-Mk2'
[LOG 17:45:18.530] PartLoader: Compiling Part 'Squad/Parts/FuelTank/adapterTanks/Size2-Size1/adapterSize2-Size1'
[LOG 17:45:18.531] PartLoader: Part 'Squad/Parts/FuelTank/adapterTanks/Size2-Size1/adapterSize2-Size1' has no database record. Creating.
[LOG 17:45:18.531] [DragCubeSystem]: Drag cubes not found or cannot be read for part Part. Generating New drag cubes.
[LOG 17:45:18.531] [KSPCF/DragCubeGeneration] Creating drag cubes for part 'adapterSize2-Size1'
[LOG 17:45:18.536] PartLoader: Compiling Part 'Squad/Parts/FuelTank/adapterTanks/Size2-Size1Slant/adapterSize2-Size1Slant'
[LOG 17:45:18.538] PartLoader: Part 'Squad/Parts/FuelTank/adapterTanks/Size2-Size1Slant/adapterSize2-Size1Slant' has no database record. Creating.
[LOG 17:45:18.538] [DragCubeSystem]: Drag cubes not found or cannot be read for part Part. Generating New drag cubes.
[LOG 17:45:18.538] [KSPCF/DragCubeGeneration] Creating drag cubes for part 'adapterSize2-Size1Slant'
[LOG 17:45:18.542] PartLoader: Compiling Part 'Squad/Parts/FuelTank/adapterTanks/Size3-Mk3/adapterSize3-Mk3'
[LOG 17:45:18.544] PartLoader: Part 'Squad/Parts/FuelTank/adapterTanks/Size3-Mk3/adapterSize3-Mk3' has no database record. Creating.
[LOG 17:45:18.544] [DragCubeSystem]: Drag cubes not found or cannot be read for part Part. Generating New drag cubes.
[LOG 17:45:18.544] [KSPCF/DragCubeGeneration] Creating drag cubes for part 'adapterSize3-Mk3'
[LOG 17:45:18.548] PartLoader: Compiling Part 'Squad/Parts/FuelTank/drainTankFTE-1/ReleaseValve/ReleaseValve'
[LOG 17:45:18.557] PartLoader: Part 'Squad/Parts/FuelTank/drainTankFTE-1/ReleaseValve/ReleaseValve' has no database record. Creating.
[LOG 17:45:18.557] [DragCubeSystem]: Drag cubes not found or cannot be read for part Part. Generating New drag cubes.
[LOG 17:45:18.557] [KSPCF/DragCubeGeneration] Creating drag cubes for part 'ReleaseValve'
[LOG 17:45:18.563] PartLoader: Compiling Part 'Squad/Parts/FuelTank/FoilTanks/RadialTank_Capsule/externalTankCapsule'
[LOG 17:45:18.565] PartLoader: Part 'Squad/Parts/FuelTank/FoilTanks/RadialTank_Capsule/externalTankCapsule' has no database record. Creating.
[LOG 17:45:18.565] [DragCubeSystem]: Drag cubes not found or cannot be read for part Part. Generating New drag cubes.
[LOG 17:45:18.565] [KSPCF/DragCubeGeneration] Creating drag cubes for part 'externalTankCapsule'
[LOG 17:45:18.571] PartLoader: Compiling Part 'Squad/Parts/FuelTank/FoilTanks/RadialTank_Round/externalTankRound'
[LOG 17:45:18.573] PartLoader: Part 'Squad/Parts/FuelTank/FoilTanks/RadialTank_Round/externalTankRound' has no database record. Creating.
[LOG 17:45:18.573] [DragCubeSystem]: Drag cubes not found or cannot be read for part Part. Generating New drag cubes.
[LOG 17:45:18.573] [KSPCF/DragCubeGeneration] Creating drag cubes for part 'externalTankRound'
[LOG 17:45:18.577] PartLoader: Compiling Part 'Squad/Parts/FuelTank/FoilTanks/ToroidTank/externalTankToroid'
[LOG 17:45:18.579] PartLoader: Part 'Squad/Parts/FuelTank/FoilTanks/ToroidTank/externalTankToroid' has no database record. Creating.
[LOG 17:45:18.579] [DragCubeSystem]: Drag cubes not found or cannot be read for part Part. Generating New drag cubes.
[LOG 17:45:18.579] [KSPCF/DragCubeGeneration] Creating drag cubes for part 'externalTankToroid'
[LOG 17:45:18.585] PartLoader: Compiling Part 'Squad/Parts/FuelTank/fuelTankOscarB/fuelTankOscarB/miniFuelTank'
[LOG 17:45:18.586] PartLoader: Part 'Squad/Parts/FuelTank/fuelTankOscarB/fuelTankOscarB/miniFuelTank' has no database record. Creating.
[LOG 17:45:18.586] [DragCubeSystem]: Drag cubes not found or cannot be read for part Part. Generating New drag cubes.
[LOG 17:45:18.586] [KSPCF/DragCubeGeneration] Creating drag cubes for part 'miniFuelTank'
[LOG 17:45:18.593] PartLoader: Compiling Part 'Squad/Parts/FuelTank/miniFuselage/miniFuselage/miniFuselage'
[LOG 17:45:18.595] PartLoader: Part 'Squad/Parts/FuelTank/miniFuselage/miniFuselage/miniFuselage' has no database record. Creating.
[LOG 17:45:18.595] [DragCubeSystem]: Drag cubes not found or cannot be read for part Part. Generating New drag cubes.
[LOG 17:45:18.595] [KSPCF/DragCubeGeneration] Creating drag cubes for part 'miniFuselage'
[LOG 17:45:18.601] PartLoader: Compiling Part 'Squad/Parts/FuelTank/mk2Adapters/bicoupler/mk2_1m_Bicoupler'
[LOG 17:45:18.603] PartLoader: Part 'Squad/Parts/FuelTank/mk2Adapters/bicoupler/mk2_1m_Bicoupler' has no database record. Creating.
[LOG 17:45:18.603] [DragCubeSystem]: Drag cubes not found or cannot be read for part Part. Generating New drag cubes.
[LOG 17:45:18.603] [KSPCF/DragCubeGeneration] Creating drag cubes for part 'mk2.1m.Bicoupler'
[LOG 17:45:18.609] PartLoader: Compiling Part 'Squad/Parts/FuelTank/mk2Adapters/long/mk2_1m_AdapterLong'
[LOG 17:45:18.610] PartLoader: Part 'Squad/Parts/FuelTank/mk2Adapters/long/mk2_1m_AdapterLong' has no database record. Creating.
[LOG 17:45:18.610] [DragCubeSystem]: Drag cubes not found or cannot be read for part Part. Generating New drag cubes.
[LOG 17:45:18.610] [KSPCF/DragCubeGeneration] Creating drag cubes for part 'mk2.1m.AdapterLong'
[LOG 17:45:18.615] PartLoader: Compiling Part 'Squad/Parts/FuelTank/mk2Adapters/standard/mk2SpacePlaneAdapter'
[LOG 17:45:18.616] PartLoader: Part 'Squad/Parts/FuelTank/mk2Adapters/standard/mk2SpacePlaneAdapter' has no database record. Creating.
[LOG 17:45:18.616] [DragCubeSystem]: Drag cubes not found or cannot be read for part Part. Generating New drag cubes.
[LOG 17:45:18.616] [KSPCF/DragCubeGeneration] Creating drag cubes for part 'mk2SpacePlaneAdapter'
[LOG 17:45:18.621] PartLoader: Compiling Part 'Squad/Parts/FuelTank/mk2FuselageLong/LFO_long/mk2FuselageLongLFO'
[LOG 17:45:18.623] PartLoader: Part 'Squad/Parts/FuelTank/mk2FuselageLong/LFO_long/mk2FuselageLongLFO' has no database record. Creating.
[LOG 17:45:18.623] [DragCubeSystem]: Drag cubes not found or cannot be read for part Part. Generating New drag cubes.
[LOG 17:45:18.623] [KSPCF/DragCubeGeneration] Creating drag cubes for part 'mk2FuselageLongLFO'
[LOG 17:45:18.629] PartLoader: Compiling Part 'Squad/Parts/FuelTank/mk2FuselageLong/L_long/mk2Fuselage'
[LOG 17:45:18.630] PartLoader: Part 'Squad/Parts/FuelTank/mk2FuselageLong/L_long/mk2Fuselage' has no database record. Creating.
[LOG 17:45:18.630] [DragCubeSystem]: Drag cubes not found or cannot be read for part Part. Generating New drag cubes.
[LOG 17:45:18.630] [KSPCF/DragCubeGeneration] Creating drag cubes for part 'mk2Fuselage'
[LOG 17:45:18.635] PartLoader: Compiling Part 'Squad/Parts/FuelTank/mk2FuselageShort/LFO_short/mk2FuselageShortLFO'
[LOG 17:45:18.637] PartLoader: Part 'Squad/Parts/FuelTank/mk2FuselageShort/LFO_short/mk2FuselageShortLFO' has no database record. Creating.
[LOG 17:45:18.637] [DragCubeSystem]: Drag cubes not found or cannot be read for part Part. Generating New drag cubes.
[LOG 17:45:18.637] [KSPCF/DragCubeGeneration] Creating drag cubes for part 'mk2FuselageShortLFO'
[LOG 17:45:18.642] PartLoader: Compiling Part 'Squad/Parts/FuelTank/mk2FuselageShort/L_short/mk2FuselageShortLiquid'
[LOG 17:45:18.644] PartLoader: Part 'Squad/Parts/FuelTank/mk2FuselageShort/L_short/mk2FuselageShortLiquid' has no database record. Creating.
[LOG 17:45:18.644] [DragCubeSystem]: Drag cubes not found or cannot be read for part Part. Generating New drag cubes.
[LOG 17:45:18.644] [KSPCF/DragCubeGeneration] Creating drag cubes for part 'mk2FuselageShortLiquid'
[LOG 17:45:18.649] PartLoader: Compiling Part 'Squad/Parts/FuelTank/mk2FuselageShort/Mono_short/mk2FuselageShortMono'
[LOG 17:45:18.651] PartLoader: Part 'Squad/Parts/FuelTank/mk2FuselageShort/Mono_short/mk2FuselageShortMono' has no database record. Creating.
[LOG 17:45:18.651] [DragCubeSystem]: Drag cubes not found or cannot be read for part Part. Generating New drag cubes.
[LOG 17:45:18.651] [KSPCF/DragCubeGeneration] Creating drag cubes for part 'mk2FuselageShortMono'
[LOG 17:45:18.656] PartLoader: Compiling Part 'Squad/Parts/FuelTank/mk3Fuselage/CREW/mk3CrewCabin'
[LOG 17:45:18.658] PartLoader: Part 'Squad/Parts/FuelTank/mk3Fuselage/CREW/mk3CrewCabin' has no database record. Creating.
[LOG 17:45:18.658] [DragCubeSystem]: Drag cubes not found or cannot be read for part Part. Generating New drag cubes.
[LOG 17:45:18.658] [KSPCF/DragCubeGeneration] Creating drag cubes for part 'mk3CrewCabin'
[LOG 17:45:18.663] PartLoader: Compiling Part 'Squad/Parts/FuelTank/mk3Fuselage/LFO_100/mk3FuselageLFO_100'
[LOG 17:45:18.666] PartLoader: Part 'Squad/Parts/FuelTank/mk3Fuselage/LFO_100/mk3FuselageLFO_100' has no database record. Creating.
[LOG 17:45:18.666] [DragCubeSystem]: Drag cubes not found or cannot be read for part Part. Generating New drag cubes.
[LOG 17:45:18.666] [KSPCF/DragCubeGeneration] Creating drag cubes for part 'mk3FuselageLFO.100'
[LOG 17:45:18.670] PartLoader: Compiling Part 'Squad/Parts/FuelTank/mk3Fuselage/LFO_25/mk3FuselageLFO_25'
[LOG 17:45:18.671] PartLoader: Part 'Squad/Parts/FuelTank/mk3Fuselage/LFO_25/mk3FuselageLFO_25' has no database record. Creating.
[LOG 17:45:18.671] [DragCubeSystem]: Drag cubes not found or cannot be read for part Part. Generating New drag cubes.
[LOG 17:45:18.671] [KSPCF/DragCubeGeneration] Creating drag cubes for part 'mk3FuselageLFO.25'
[LOG 17:45:18.676] PartLoader: Compiling Part 'Squad/Parts/FuelTank/mk3Fuselage/LFO_50/mk3FuselageLFO_50'
[LOG 17:45:18.678] PartLoader: Part 'Squad/Parts/FuelTank/mk3Fuselage/LFO_50/mk3FuselageLFO_50' has no database record. Creating.
[LOG 17:45:18.678] [DragCubeSystem]: Drag cubes not found or cannot be read for part Part. Generating New drag cubes.
[LOG 17:45:18.678] [KSPCF/DragCubeGeneration] Creating drag cubes for part 'mk3FuselageLFO.50'
[LOG 17:45:18.682] PartLoader: Compiling Part 'Squad/Parts/FuelTank/mk3Fuselage/LF_100/mk3FuselageLF_100'
[LOG 17:45:18.683] PartLoader: Part 'Squad/Parts/FuelTank/mk3Fuselage/LF_100/mk3FuselageLF_100' has no database record. Creating.
[LOG 17:45:18.683] [DragCubeSystem]: Drag cubes not found or cannot be read for part Part. Generating New drag cubes.
[LOG 17:45:18.683] [KSPCF/DragCubeGeneration] Creating drag cubes for part 'mk3FuselageLF.100'
[LOG 17:45:18.687] PartLoader: Compiling Part 'Squad/Parts/FuelTank/mk3Fuselage/LF_25/mk3FuselageLF_25'
[LOG 17:45:18.689] PartLoader: Part 'Squad/Parts/FuelTank/mk3Fuselage/LF_25/mk3FuselageLF_25' has no database record. Creating.
[LOG 17:45:18.689] [DragCubeSystem]: Drag cubes not found or cannot be read for part Part. Generating New drag cubes.
[LOG 17:45:18.689] [KSPCF/DragCubeGeneration] Creating drag cubes for part 'mk3FuselageLF.25'
[LOG 17:45:18.693] PartLoader: Compiling Part 'Squad/Parts/FuelTank/mk3Fuselage/LF_50/mk3FuselageLF_50'
[LOG 17:45:18.694] PartLoader: Part 'Squad/Parts/FuelTank/mk3Fuselage/LF_50/mk3FuselageLF_50' has no database record. Creating.
[LOG 17:45:18.694] [DragCubeSystem]: Drag cubes not found or cannot be read for part Part. Generating New drag cubes.
[LOG 17:45:18.694] [KSPCF/DragCubeGeneration] Creating drag cubes for part 'mk3FuselageLF.50'
[LOG 17:45:18.700] PartLoader: Compiling Part 'Squad/Parts/FuelTank/mk3Fuselage/MONO/mk3FuselageMONO'
[LOG 17:45:18.702] PartLoader: Part 'Squad/Parts/FuelTank/mk3Fuselage/MONO/mk3FuselageMONO' has no database record. Creating.
[LOG 17:45:18.702] [DragCubeSystem]: Drag cubes not found or cannot be read for part Part. Generating New drag cubes.
[LOG 17:45:18.702] [KSPCF/DragCubeGeneration] Creating drag cubes for part 'mk3FuselageMONO'
[LOG 17:45:18.706] PartLoader: Compiling Part 'Squad/Parts/FuelTank/RCSFuelTankR1/RCSFuelTankR1/RCSTank1-2'
[LOG 17:45:18.707] PartLoader: Part 'Squad/Parts/FuelTank/RCSFuelTankR1/RCSFuelTankR1/RCSTank1-2' has no database record. Creating.
[LOG 17:45:18.707] [DragCubeSystem]: Drag cubes not found or cannot be read for part Part. Generating New drag cubes.
[LOG 17:45:18.707] [KSPCF/DragCubeGeneration] Creating drag cubes for part 'RCSTank1-2'
[LOG 17:45:18.712] PartLoader: Compiling Part 'Squad/Parts/FuelTank/RCSFuelTankR10/RCSFuelTankR10/rcsTankMini'
[LOG 17:45:18.714] PartLoader: Part 'Squad/Parts/FuelTank/RCSFuelTankR10/RCSFuelTankR10/rcsTankMini' has no database record. Creating.
[LOG 17:45:18.714] [DragCubeSystem]: Drag cubes not found or cannot be read for part Part. Generating New drag cubes.
[LOG 17:45:18.714] [KSPCF/DragCubeGeneration] Creating drag cubes for part 'rcsTankMini'
[LOG 17:45:18.719] PartLoader: Compiling Part 'Squad/Parts/FuelTank/RCSFuelTankR25/RCSFuelTankR25/RCSFuelTank'
[LOG 17:45:18.720] PartLoader: Part 'Squad/Parts/FuelTank/RCSFuelTankR25/RCSFuelTankR25/RCSFuelTank' has no database record. Creating.
[LOG 17:45:18.720] [DragCubeSystem]: Drag cubes not found or cannot be read for part Part. Generating New drag cubes.
[LOG 17:45:18.720] [KSPCF/DragCubeGeneration] Creating drag cubes for part 'RCSFuelTank'
[LOG 17:45:18.725] PartLoader: Compiling Part 'Squad/Parts/FuelTank/RCSTankRadial/radialRCSTank/radialRCSTank'
[LOG 17:45:18.727] PartLoader: Part 'Squad/Parts/FuelTank/RCSTankRadial/radialRCSTank/radialRCSTank' has no database record. Creating.
[LOG 17:45:18.727] [DragCubeSystem]: Drag cubes not found or cannot be read for part Part. Generating New drag cubes.
[LOG 17:45:18.728] [KSPCF/DragCubeGeneration] Creating drag cubes for part 'radialRCSTank'
[LOG 17:45:18.732] PartLoader: Compiling Part 'Squad/Parts/FuelTank/RCStankRadialLong/RCSTankRadialLong/rcsTankRadialLong'
[LOG 17:45:18.735] PartLoader: Part 'Squad/Parts/FuelTank/RCStankRadialLong/RCSTankRadialLong/rcsTankRadialLong' has no database record. Creating.
[LOG 17:45:18.735] [DragCubeSystem]: Drag cubes not found or cannot be read for part Part. Generating New drag cubes.
[LOG 17:45:18.735] [KSPCF/DragCubeGeneration] Creating drag cubes for part 'rcsTankRadialLong'
[LOG 17:45:18.741] PartLoader: Compiling Part 'Squad/Parts/FuelTank/RockomaxTanks/Rockomax16/Rockomax16_BW'
[LOG 17:45:18.743] PartLoader: Part 'Squad/Parts/FuelTank/RockomaxTanks/Rockomax16/Rockomax16_BW' has no database record. Creating.
[LOG 17:45:18.743] [DragCubeSystem]: Drag cubes not found or cannot be read for part Part. Generating New drag cubes.
[LOG 17:45:18.743] [KSPCF/DragCubeGeneration] Creating drag cubes for part 'Rockomax16.BW'
[LOG 17:45:18.748] PartLoader: Compiling Part 'Squad/Parts/FuelTank/RockomaxTanks/Rockomax32/Rockomax32_BW'
[LOG 17:45:18.750] PartLoader: Part 'Squad/Parts/FuelTank/RockomaxTanks/Rockomax32/Rockomax32_BW' has no database record. Creating.
[LOG 17:45:18.750] [DragCubeSystem]: Drag cubes not found or cannot be read for part Part. Generating New drag cubes.
[LOG 17:45:18.750] [KSPCF/DragCubeGeneration] Creating drag cubes for part 'Rockomax32.BW'
[LOG 17:45:18.772] PartLoader: Compiling Part 'Squad/Parts/FuelTank/RockomaxTanks/Rockomax64/Rockomax64_BW'
[LOG 17:45:18.774] PartLoader: Part 'Squad/Parts/FuelTank/RockomaxTanks/Rockomax64/Rockomax64_BW' has no database record. Creating.
[LOG 17:45:18.774] [DragCubeSystem]: Drag cubes not found or cannot be read for part Part. Generating New drag cubes.
[LOG 17:45:18.774] [KSPCF/DragCubeGeneration] Creating drag cubes for part 'Rockomax64.BW'
[LOG 17:45:18.790] PartLoader: Compiling Part 'Squad/Parts/FuelTank/RockomaxTanks/Rockomax8/Rockomax8BW'
[LOG 17:45:18.791] PartLoader: Part 'Squad/Parts/FuelTank/RockomaxTanks/Rockomax8/Rockomax8BW' has no database record. Creating.
[LOG 17:45:18.791] [DragCubeSystem]: Drag cubes not found or cannot be read for part Part. Generating New drag cubes.
[LOG 17:45:18.791] [KSPCF/DragCubeGeneration] Creating drag cubes for part 'Rockomax8BW'
[LOG 17:45:18.806] PartLoader: Compiling Part 'Squad/Parts/FuelTank/Size1_Tanks/fuelTankT100/fuelTankSmallFlat'
[LOG 17:45:18.809] PartLoader: Part 'Squad/Parts/FuelTank/Size1_Tanks/fuelTankT100/fuelTankSmallFlat' has no database record. Creating.
[LOG 17:45:18.809] [DragCubeSystem]: Drag cubes not found or cannot be read for part Part. Generating New drag cubes.
[LOG 17:45:18.809] [KSPCF/DragCubeGeneration] Creating drag cubes for part 'fuelTankSmallFlat'
[LOG 17:45:18.813] PartLoader: Compiling Part 'Squad/Parts/FuelTank/Size1_Tanks/fuelTankT200/fuelTankSmall'
[LOG 17:45:18.815] PartLoader: Part 'Squad/Parts/FuelTank/Size1_Tanks/fuelTankT200/fuelTankSmall' has no database record. Creating.
[LOG 17:45:18.815] [DragCubeSystem]: Drag cubes not found or cannot be read for part Part. Generating New drag cubes.
[LOG 17:45:18.815] [KSPCF/DragCubeGeneration] Creating drag cubes for part 'fuelTankSmall'
[LOG 17:45:18.819] PartLoader: Compiling Part 'Squad/Parts/FuelTank/Size1_Tanks/fuelTankT400/fuelTank'
[LOG 17:45:18.821] PartLoader: Part 'Squad/Parts/FuelTank/Size1_Tanks/fuelTankT400/fuelTank' has no database record. Creating.
[LOG 17:45:18.821] [DragCubeSystem]: Drag cubes not found or cannot be read for part Part. Generating New drag cubes.
[LOG 17:45:18.821] [KSPCF/DragCubeGeneration] Creating drag cubes for part 'fuelTank'
[LOG 17:45:18.825] PartLoader: Compiling Part 'Squad/Parts/FuelTank/Size1_Tanks/fuelTankT800/fuelTank_long'
[LOG 17:45:18.827] PartLoader: Part 'Squad/Parts/FuelTank/Size1_Tanks/fuelTankT800/fuelTank_long' has no database record. Creating.
[LOG 17:45:18.827] [DragCubeSystem]: Drag cubes not found or cannot be read for part Part. Generating New drag cubes.
[LOG 17:45:18.827] [KSPCF/DragCubeGeneration] Creating drag cubes for part 'fuelTank.long'
[LOG 17:45:18.831] PartLoader: Compiling Part 'Squad/Parts/FuelTank/Size3Tanks/large/Size3LargeTank'
[LOG 17:45:18.833] PartLoader: Part 'Squad/Parts/FuelTank/Size3Tanks/large/Size3LargeTank' has no database record. Creating.
[LOG 17:45:18.833] [DragCubeSystem]: Drag cubes not found or cannot be read for part Part. Generating New drag cubes.
[LOG 17:45:18.833] [KSPCF/DragCubeGeneration] Creating drag cubes for part 'Size3LargeTank'
[LOG 17:45:18.837] PartLoader: Compiling Part 'Squad/Parts/FuelTank/Size3Tanks/medium/Size3MediumTank'
[LOG 17:45:18.839] PartLoader: Part 'Squad/Parts/FuelTank/Size3Tanks/medium/Size3MediumTank' has no database record. Creating.
[LOG 17:45:18.839] [DragCubeSystem]: Drag cubes not found or cannot be read for part Part. Generating New drag cubes.
[LOG 17:45:18.839] [KSPCF/DragCubeGeneration] Creating drag cubes for part 'Size3MediumTank'
[LOG 17:45:18.844] PartLoader: Compiling Part 'Squad/Parts/FuelTank/Size3Tanks/small/Size3SmallTank'
[LOG 17:45:18.845] PartLoader: Part 'Squad/Parts/FuelTank/Size3Tanks/small/Size3SmallTank' has no database record. Creating.
[LOG 17:45:18.845] [DragCubeSystem]: Drag cubes not found or cannot be read for part Part. Generating New drag cubes.
[LOG 17:45:18.845] [KSPCF/DragCubeGeneration] Creating drag cubes for part 'Size3SmallTank'
[LOG 17:45:18.850] PartLoader: Compiling Part 'Squad/Parts/FuelTank/xenonTank/xenonTank/xenonTank'
[LOG 17:45:18.852] PartLoader: Part 'Squad/Parts/FuelTank/xenonTank/xenonTank/xenonTank' has no database record. Creating.
[LOG 17:45:18.852] [DragCubeSystem]: Drag cubes not found or cannot be read for part Part. Generating New drag cubes.
[LOG 17:45:18.852] [KSPCF/DragCubeGeneration] Creating drag cubes for part 'xenonTank'
[LOG 17:45:18.855] PartLoader: Compiling Part 'Squad/Parts/FuelTank/xenonTankLarge/xenonTankLarge/xenonTankLarge'
[LOG 17:45:18.857] PartLoader: Part 'Squad/Parts/FuelTank/xenonTankLarge/xenonTankLarge/xenonTankLarge' has no database record. Creating.
[LOG 17:45:18.857] [DragCubeSystem]: Drag cubes not found or cannot be read for part Part. Generating New drag cubes.
[LOG 17:45:18.857] [KSPCF/DragCubeGeneration] Creating drag cubes for part 'xenonTankLarge'
[LOG 17:45:18.861] PartLoader: Compiling Part 'Squad/Parts/FuelTank/xenonTankRadial/xenonTankRadial/xenonTankRadial'
[LOG 17:45:18.863] PartLoader: Part 'Squad/Parts/FuelTank/xenonTankRadial/xenonTankRadial/xenonTankRadial' has no database record. Creating.
[LOG 17:45:18.863] [DragCubeSystem]: Drag cubes not found or cannot be read for part Part. Generating New drag cubes.
[LOG 17:45:18.863] [KSPCF/DragCubeGeneration] Creating drag cubes for part 'xenonTankRadial'
[LOG 17:45:18.867] PartLoader: Compiling Part 'Squad/Parts/Misc/AsteroidDay/CamSat/InfraredTelescope'
[LOG 17:45:18.871] PartLoader: Part 'Squad/Parts/Misc/AsteroidDay/CamSat/InfraredTelescope' has no database record. Creating.
[LOG 17:45:18.871] [DragCubeSystem]: Drag cubes not found or cannot be read for part Part. Generating New drag cubes.
[LOG 17:45:18.871] [KSPCF/DragCubeGeneration] Creating drag cubes for part 'InfraredTelescope'
[LOG 17:45:18.877] PartLoader: Compiling Part 'Squad/Parts/Misc/AsteroidDay/HECS2/HECS2_ProbeCore'
[LOG 17:45:18.881] PartLoader: Part 'Squad/Parts/Misc/AsteroidDay/HECS2/HECS2_ProbeCore' has no database record. Creating.
[LOG 17:45:18.881] [DragCubeSystem]: Drag cubes not found or cannot be read for part Part. Generating New drag cubes.
[LOG 17:45:18.881] [KSPCF/DragCubeGeneration] Creating drag cubes for part 'HECS2.ProbeCore'
[LOG 17:45:18.885] PartLoader: Compiling Part 'Squad/Parts/Misc/AsteroidDay/HighGainAntenna/HighGainAntenna'
[LOG 17:45:18.890] PartLoader: Part 'Squad/Parts/Misc/AsteroidDay/HighGainAntenna/HighGainAntenna' has no database record. Creating.
[LOG 17:45:18.890] [DragCubeSystem]: Drag cubes not found or cannot be read for part Part. Generating New drag cubes.
[LOG 17:45:18.890] [KSPCF/DragCubeGeneration] Creating drag cubes for part 'HighGainAntenna'
[LOG 17:45:18.905] PartLoader: Compiling Part 'Squad/Parts/Misc/AsteroidDay/LgRadialSolar/LgRadialSolarPanel'
[LOG 17:45:18.908] PartLoader: Part 'Squad/Parts/Misc/AsteroidDay/LgRadialSolar/LgRadialSolarPanel' has no database record. Creating.
[LOG 17:45:18.908] [DragCubeSystem]: Drag cubes not found or cannot be read for part Part. Generating New drag cubes.
[LOG 17:45:18.908] [KSPCF/DragCubeGeneration] Creating drag cubes for part 'LgRadialSolarPanel'
[LOG 17:45:18.916] PartLoader: Compiling Part 'Squad/Parts/Misc/PotatoComet/part/PotatoComet'
[LOG 17:45:18.924] PartLoader: Part 'Squad/Parts/Misc/PotatoComet/part/PotatoComet' has no database record. Creating.
[LOG 17:45:18.924] PartLoader: Compiling Part 'Squad/Parts/Misc/PotatoRoid/part/PotatoRoid'
[LOG 17:45:18.930] PartLoader: Part 'Squad/Parts/Misc/PotatoRoid/part/PotatoRoid' has no database record. Creating.
[LOG 17:45:18.930] PartLoader: Compiling Part 'Squad/Parts/Prebuilt/flag/flag'
[LOG 17:45:18.932] PartLoader: Compiling Part 'Squad/Parts/Prebuilt/kerbalEVA/kerbalEVA'
[LOG 17:45:18.948] PartLoader: Compiling Part 'Squad/Parts/Prebuilt/kerbalEVAfemale/kerbalEVAfemale'
[LOG 17:45:18.953] PartLoader: Compiling Part 'Squad/Parts/Prebuilt/kerbalEVASlimSuit/kerbalEVASlimSuit'
[LOG 17:45:18.956] PartLoader: Compiling Part 'Squad/Parts/Prebuilt/kerbalEVASlimSuitFemale/kerbalEVASlimSuitFemale'
[LOG 17:45:18.960] PartLoader: Compiling Part 'Squad/Parts/Resources/FuelCell/FuelCell/FuelCell'
[LOG 17:45:18.966] PartLoader: Part 'Squad/Parts/Resources/FuelCell/FuelCell/FuelCell' has no database record. Creating.
[LOG 17:45:18.966] [DragCubeSystem]: Drag cubes not found or cannot be read for part Part. Generating New drag cubes.
[LOG 17:45:18.966] [KSPCF/DragCubeGeneration] Creating drag cubes for part 'FuelCell'
[LOG 17:45:18.975] PartLoader: Compiling Part 'Squad/Parts/Resources/FuelCell/FuelCellArray/FuelCellArray'
[LOG 17:45:18.977] PartLoader: Part 'Squad/Parts/Resources/FuelCell/FuelCellArray/FuelCellArray' has no database record. Creating.
[LOG 17:45:18.977] [DragCubeSystem]: Drag cubes not found or cannot be read for part Part. Generating New drag cubes.
[LOG 17:45:18.977] [KSPCF/DragCubeGeneration] Creating drag cubes for part 'FuelCellArray'
[LOG 17:45:18.983] PartLoader: Compiling Part 'Squad/Parts/Resources/ISRU/ISRU/ISRU'
[LOG 17:45:18.989] PartLoader: Part 'Squad/Parts/Resources/ISRU/ISRU/ISRU' has no database record. Creating.
[LOG 17:45:18.989] [DragCubeSystem]: Drag cubes not found or cannot be read for part Part. Generating New drag cubes.
[LOG 17:45:18.989] [KSPCF/DragCubeGeneration] Creating drag cubes for part 'ISRU'
[LOG 17:45:19.005] PartLoader: Compiling Part 'Squad/Parts/Resources/LargeTank/LargeTank/LargeTank'
[LOG 17:45:19.012] PartLoader: Part 'Squad/Parts/Resources/LargeTank/LargeTank/LargeTank' has no database record. Creating.
[LOG 17:45:19.012] [DragCubeSystem]: Drag cubes not found or cannot be read for part Part. Generating New drag cubes.
[LOG 17:45:19.012] [KSPCF/DragCubeGeneration] Creating drag cubes for part 'LargeTank'
[LOG 17:45:19.017] PartLoader: Compiling Part 'Squad/Parts/Resources/MiniDrill/MiniDrill/MiniDrill'
[LOG 17:45:19.030] PartLoader: Part 'Squad/Parts/Resources/MiniDrill/MiniDrill/MiniDrill' has no database record. Creating.
[LOG 17:45:19.030] [DragCubeSystem]: Drag cubes not found or cannot be read for part Part. Generating New drag cubes.
[LOG 17:45:19.030] [KSPCF/DragCubeGeneration] Creating drag cubes for part 'MiniDrill'
[LOG 17:45:19.066] PartLoader: Compiling Part 'Squad/Parts/Resources/MiniISRU/MiniISRU/MiniISRU'
[LOG 17:45:19.069] PartLoader: Part 'Squad/Parts/Resources/MiniISRU/MiniISRU/MiniISRU' has no database record. Creating.
[LOG 17:45:19.069] [DragCubeSystem]: Drag cubes not found or cannot be read for part Part. Generating New drag cubes.
[LOG 17:45:19.069] [KSPCF/DragCubeGeneration] Creating drag cubes for part 'MiniISRU'
[LOG 17:45:19.075] PartLoader: Compiling Part 'Squad/Parts/Resources/OrbitalScanner/OrbitalScanner/OrbitalScanner'
[LOG 17:45:19.082] PartLoader: Part 'Squad/Parts/Resources/OrbitalScanner/OrbitalScanner/OrbitalScanner' has no database record. Creating.
[LOG 17:45:19.082] [DragCubeSystem]: Drag cubes not found or cannot be read for part Part. Generating New drag cubes.
[LOG 17:45:19.082] [KSPCF/DragCubeGeneration] Creating drag cubes for part 'OrbitalScanner'
[LOG 17:45:19.097] PartLoader: Compiling Part 'Squad/Parts/Resources/RadialDrill/RadialDrill/RadialDrill'
[LOG 17:45:19.101] PartLoader: Part 'Squad/Parts/Resources/RadialDrill/RadialDrill/RadialDrill' has no database record. Creating.
[LOG 17:45:19.101] [DragCubeSystem]: Drag cubes not found or cannot be read for part Part. Generating New drag cubes.
[LOG 17:45:19.101] [KSPCF/DragCubeGeneration] Creating drag cubes for part 'RadialDrill'
[LOG 17:45:19.134] PartLoader: Compiling Part 'Squad/Parts/Resources/RadialTank/RadialTank/RadialOreTank'
[LOG 17:45:19.136] PartLoader: Part 'Squad/Parts/Resources/RadialTank/RadialTank/RadialOreTank' has no database record. Creating.
[LOG 17:45:19.136] [DragCubeSystem]: Drag cubes not found or cannot be read for part Part. Generating New drag cubes.
[LOG 17:45:19.136] [KSPCF/DragCubeGeneration] Creating drag cubes for part 'RadialOreTank'
[LOG 17:45:19.141] PartLoader: Compiling Part 'Squad/Parts/Resources/SmallTank/SmallTank/SmallTank'
[LOG 17:45:19.143] PartLoader: Part 'Squad/Parts/Resources/SmallTank/SmallTank/SmallTank' has no database record. Creating.
[LOG 17:45:19.143] [DragCubeSystem]: Drag cubes not found or cannot be read for part Part. Generating New drag cubes.
[LOG 17:45:19.143] [KSPCF/DragCubeGeneration] Creating drag cubes for part 'SmallTank'
[LOG 17:45:19.147] PartLoader: Compiling Part 'Squad/Parts/Resources/SurfaceScanner/SurfaceScanner/SurfaceScanner'
[LOG 17:45:19.155] PartLoader: Part 'Squad/Parts/Resources/SurfaceScanner/SurfaceScanner/SurfaceScanner' has no database record. Creating.
[LOG 17:45:19.155] [DragCubeSystem]: Drag cubes not found or cannot be read for part Part. Generating New drag cubes.
[LOG 17:45:19.155] [KSPCF/DragCubeGeneration] Creating drag cubes for part 'SurfaceScanner'
[LOG 17:45:19.162] PartLoader: Compiling Part 'Squad/Parts/Resources/SurveyScanner/SurveyScanner/SurveyScanner'
[LOG 17:45:19.168] PartLoader: Part 'Squad/Parts/Resources/SurveyScanner/SurveyScanner/SurveyScanner' has no database record. Creating.
[LOG 17:45:19.168] [DragCubeSystem]: Drag cubes not found or cannot be read for part Part. Generating New drag cubes.
[LOG 17:45:19.168] [KSPCF/DragCubeGeneration] Creating drag cubes for part 'SurveyScanner'
[LOG 17:45:19.182] PartLoader: Compiling Part 'Squad/Parts/Science/AtmosphereSensor/sensorAtmosphere/sensorAtmosphere'
[LOG 17:45:19.184] PartLoader: Part 'Squad/Parts/Science/AtmosphereSensor/sensorAtmosphere/sensorAtmosphere' has no database record. Creating.
[LOG 17:45:19.185] [DragCubeSystem]: Drag cubes not found or cannot be read for part Part. Generating New drag cubes.
[LOG 17:45:19.185] [KSPCF/DragCubeGeneration] Creating drag cubes for part 'sensorAtmosphere'
[LOG 17:45:19.189] PartLoader: Compiling Part 'Squad/Parts/Science/GooExperiment/gooExperiment/GooExperiment'
[LOG 17:45:19.193] PartLoader: Part 'Squad/Parts/Science/GooExperiment/gooExperiment/GooExperiment' has no database record. Creating.
[LOG 17:45:19.193] [DragCubeSystem]: Drag cubes not found or cannot be read for part Part. Generating New drag cubes.
[LOG 17:45:19.193] [KSPCF/DragCubeGeneration] Creating drag cubes for part 'GooExperiment'
[LOG 17:45:19.208] PartLoader: Compiling Part 'Squad/Parts/Science/LargeCrewedLab/largeCrewedLab/Large_Crewed_Lab'
[LOG 17:45:19.218] PartLoader: Part 'Squad/Parts/Science/LargeCrewedLab/largeCrewedLab/Large_Crewed_Lab' has no database record. Creating.
[LOG 17:45:19.218] [DragCubeSystem]: Drag cubes not found or cannot be read for part Part. Generating New drag cubes.
[LOG 17:45:19.218] [KSPCF/DragCubeGeneration] Creating drag cubes for part 'Large.Crewed.Lab'
[LOG 17:45:19.224] PartLoader: Compiling Part 'Squad/Parts/Science/Magnetometer/Magnetometer/Magnetometer'
[LOG 17:45:19.230] PartLoader: Part 'Squad/Parts/Science/Magnetometer/Magnetometer/Magnetometer' has no database record. Creating.
[LOG 17:45:19.230] [DragCubeSystem]: Drag cubes not found or cannot be read for part Part. Generating New drag cubes.
[LOG 17:45:19.230] [KSPCF/DragCubeGeneration] Creating drag cubes for part 'Magnetometer'
[LOG 17:45:19.247] PartLoader: Compiling Part 'Squad/Parts/Science/MaterialBay/materialBay/science_module'
[LOG 17:45:19.250] PartLoader: Part 'Squad/Parts/Science/MaterialBay/materialBay/science_module' has no database record. Creating.
[LOG 17:45:19.250] [DragCubeSystem]: Drag cubes not found or cannot be read for part Part. Generating New drag cubes.
[LOG 17:45:19.250] [KSPCF/DragCubeGeneration] Creating drag cubes for part 'science.module'
[LOG 17:45:19.266] PartLoader: Compiling Part 'Squad/Parts/Science/ScienceBox/ScienceBox/ScienceBox'
[LOG 17:45:19.268] PartLoader: Part 'Squad/Parts/Science/ScienceBox/ScienceBox/ScienceBox' has no database record. Creating.
[LOG 17:45:19.268] [DragCubeSystem]: Drag cubes not found or cannot be read for part Part. Generating New drag cubes.
[LOG 17:45:19.268] [KSPCF/DragCubeGeneration] Creating drag cubes for part 'ScienceBox'
[LOG 17:45:19.272] PartLoader: Compiling Part 'Squad/Parts/Science/sensorAccelerometer/sensorAccelerometer/sensorAccelerometer'
[LOG 17:45:19.277] PartLoader: Part 'Squad/Parts/Science/sensorAccelerometer/sensorAccelerometer/sensorAccelerometer' has no database record. Creating.
[LOG 17:45:19.277] [DragCubeSystem]: Drag cubes not found or cannot be read for part Part. Generating New drag cubes.
[LOG 17:45:19.277] [KSPCF/DragCubeGeneration] Creating drag cubes for part 'sensorAccelerometer'
[LOG 17:45:19.282] PartLoader: Compiling Part 'Squad/Parts/Science/sensorBarometer/sensorBarometer/sensorBarometer'
[LOG 17:45:19.284] PartLoader: Part 'Squad/Parts/Science/sensorBarometer/sensorBarometer/sensorBarometer' has no database record. Creating.
[LOG 17:45:19.284] [DragCubeSystem]: Drag cubes not found or cannot be read for part Part. Generating New drag cubes.
[LOG 17:45:19.284] [KSPCF/DragCubeGeneration] Creating drag cubes for part 'sensorBarometer'
[LOG 17:45:19.288] PartLoader: Compiling Part 'Squad/Parts/Science/sensorGravimeter/sensorGravimeter/sensorGravimeter'
[LOG 17:45:19.290] PartLoader: Part 'Squad/Parts/Science/sensorGravimeter/sensorGravimeter/sensorGravimeter' has no database record. Creating.
[LOG 17:45:19.290] [DragCubeSystem]: Drag cubes not found or cannot be read for part Part. Generating New drag cubes.
[LOG 17:45:19.290] [KSPCF/DragCubeGeneration] Creating drag cubes for part 'sensorGravimeter'
[LOG 17:45:19.296] PartLoader: Compiling Part 'Squad/Parts/Science/sensorThermometer/sensorThermometer/sensorThermometer'
[LOG 17:45:19.298] PartLoader: Part 'Squad/Parts/Science/sensorThermometer/sensorThermometer/sensorThermometer' has no database record. Creating.
[LOG 17:45:19.298] [DragCubeSystem]: Drag cubes not found or cannot be read for part Part. Generating New drag cubes.
[LOG 17:45:19.298] [KSPCF/DragCubeGeneration] Creating drag cubes for part 'sensorThermometer'
[LOG 17:45:19.302] PartLoader: Compiling Part 'Squad/Parts/Structural/FLAdapters/adapterSmallMiniShort/adapterSmallMiniShort'
[LOG 17:45:19.304] PartLoader: Part 'Squad/Parts/Structural/FLAdapters/adapterSmallMiniShort/adapterSmallMiniShort' has no database record. Creating.
[LOG 17:45:19.304] [DragCubeSystem]: Drag cubes not found or cannot be read for part Part. Generating New drag cubes.
[LOG 17:45:19.304] [KSPCF/DragCubeGeneration] Creating drag cubes for part 'adapterSmallMiniShort'
[LOG 17:45:19.308] PartLoader: Compiling Part 'Squad/Parts/Structural/FLAdapters/adapterSmallMiniTall/adapterSmallMiniTall'
[LOG 17:45:19.310] PartLoader: Part 'Squad/Parts/Structural/FLAdapters/adapterSmallMiniTall/adapterSmallMiniTall' has no database record. Creating.
[LOG 17:45:19.310] [DragCubeSystem]: Drag cubes not found or cannot be read for part Part. Generating New drag cubes.
[LOG 17:45:19.310] [KSPCF/DragCubeGeneration] Creating drag cubes for part 'adapterSmallMiniTall'
[LOG 17:45:19.314] PartLoader: Compiling Part 'Squad/Parts/Structural/mk1Parts/engineBodyRadial/radialEngineBody'
[LOG 17:45:19.316] PartLoader: Part 'Squad/Parts/Structural/mk1Parts/engineBodyRadial/radialEngineBody' has no database record. Creating.
[LOG 17:45:19.316] [DragCubeSystem]: Drag cubes not found or cannot be read for part Part. Generating New drag cubes.
[LOG 17:45:19.316] [KSPCF/DragCubeGeneration] Creating drag cubes for part 'radialEngineBody'
[LOG 17:45:19.321] PartLoader: Compiling Part 'Squad/Parts/Structural/mk1Parts/engineNacelle/nacelleBody'
[LOG 17:45:19.323] PartLoader: Part 'Squad/Parts/Structural/mk1Parts/engineNacelle/nacelleBody' has no database record. Creating.
[LOG 17:45:19.323] [DragCubeSystem]: Drag cubes not found or cannot be read for part Part. Generating New drag cubes.
[LOG 17:45:19.323] [KSPCF/DragCubeGeneration] Creating drag cubes for part 'nacelleBody'
[LOG 17:45:19.327] PartLoader: Compiling Part 'Squad/Parts/Structural/mk1Parts/mk1Fuselage/MK1Fuselage'
[LOG 17:45:19.329] PartLoader: Part 'Squad/Parts/Structural/mk1Parts/mk1Fuselage/MK1Fuselage' has no database record. Creating.
[LOG 17:45:19.330] [DragCubeSystem]: Drag cubes not found or cannot be read for part Part. Generating New drag cubes.
[LOG 17:45:19.330] [KSPCF/DragCubeGeneration] Creating drag cubes for part 'MK1Fuselage'
[LOG 17:45:19.336] PartLoader: Compiling Part 'Squad/Parts/Structural/mk1Parts/mk1FuselageIntake/MK1IntakeFuselage'
[LOG 17:45:19.338] PartLoader: Part 'Squad/Parts/Structural/mk1Parts/mk1FuselageIntake/MK1IntakeFuselage' has no database record. Creating.
[LOG 17:45:19.338] [DragCubeSystem]: Drag cubes not found or cannot be read for part Part. Generating New drag cubes.
[LOG 17:45:19.338] [KSPCF/DragCubeGeneration] Creating drag cubes for part 'MK1IntakeFuselage'
[LOG 17:45:19.343] PartLoader: Compiling Part 'Squad/Parts/Structural/mk1Parts/mk1Structural/Mk1FuselageStructural'
[LOG 17:45:19.344] PartLoader: Part 'Squad/Parts/Structural/mk1Parts/mk1Structural/Mk1FuselageStructural' has no database record. Creating.
[LOG 17:45:19.344] PartLoader: Compiling Part 'Squad/Parts/Structural/Size3To2Adapter_v2/Size2to3_v2/Size3To2Adapter_v2'
[LOG 17:45:19.347] PartLoader: Part 'Squad/Parts/Structural/Size3To2Adapter_v2/Size2to3_v2/Size3To2Adapter_v2' has no database record. Creating.
[LOG 17:45:19.347] PartLoader: Compiling Part 'Squad/Parts/Structural/stackAdapters/adapterLargeSmallBi/adapterLargeSmallBi'
[LOG 17:45:19.349] PartLoader: Part 'Squad/Parts/Structural/stackAdapters/adapterLargeSmallBi/adapterLargeSmallBi' has no database record. Creating.
[LOG 17:45:19.349] [DragCubeSystem]: Drag cubes not found or cannot be read for part Part. Generating New drag cubes.
[LOG 17:45:19.349] [KSPCF/DragCubeGeneration] Creating drag cubes for part 'adapterLargeSmallBi'
[LOG 17:45:19.354] PartLoader: Compiling Part 'Squad/Parts/Structural/stackAdapters/adapterLargeSmallQuad/adapterLargeSmallQuad'
[LOG 17:45:19.356] PartLoader: Part 'Squad/Parts/Structural/stackAdapters/adapterLargeSmallQuad/adapterLargeSmallQuad' has no database record. Creating.
[LOG 17:45:19.356] [DragCubeSystem]: Drag cubes not found or cannot be read for part Part. Generating New drag cubes.
[LOG 17:45:19.356] [KSPCF/DragCubeGeneration] Creating drag cubes for part 'adapterLargeSmallQuad'
[LOG 17:45:19.360] PartLoader: Compiling Part 'Squad/Parts/Structural/stackAdapters/adapterLargeSmallTri/adapterLargeSmallTri'
[LOG 17:45:19.362] PartLoader: Part 'Squad/Parts/Structural/stackAdapters/adapterLargeSmallTri/adapterLargeSmallTri' has no database record. Creating.
[LOG 17:45:19.362] [DragCubeSystem]: Drag cubes not found or cannot be read for part Part. Generating New drag cubes.
[LOG 17:45:19.362] [KSPCF/DragCubeGeneration] Creating drag cubes for part 'adapterLargeSmallTri'
[LOG 17:45:19.367] PartLoader: Compiling Part 'Squad/Parts/Structural/stationHub/stationHub/stationHub'
[LOG 17:45:19.369] PartLoader: Part 'Squad/Parts/Structural/stationHub/stationHub/stationHub' has no database record. Creating.
[LOG 17:45:19.369] [DragCubeSystem]: Drag cubes not found or cannot be read for part Part. Generating New drag cubes.
[LOG 17:45:19.369] [KSPCF/DragCubeGeneration] Creating drag cubes for part 'stationHub'
[LOG 17:45:19.373] PartLoader: Compiling Part 'Squad/Parts/Structural/structuralIBeam200/structuralIBeam200/structuralIBeam2'
[LOG 17:45:19.375] PartLoader: Part 'Squad/Parts/Structural/structuralIBeam200/structuralIBeam200/structuralIBeam2' has no database record. Creating.
[LOG 17:45:19.375] [DragCubeSystem]: Drag cubes not found or cannot be read for part Part. Generating New drag cubes.
[LOG 17:45:19.375] [KSPCF/DragCubeGeneration] Creating drag cubes for part 'structuralIBeam2'
[LOG 17:45:19.379] PartLoader: Compiling Part 'Squad/Parts/Structural/structuralIBeam200Pocket/structuralIBeam200Pocket/structuralIBeam3'
[LOG 17:45:19.381] PartLoader: Part 'Squad/Parts/Structural/structuralIBeam200Pocket/structuralIBeam200Pocket/structuralIBeam3' has no database record. Creating.
[LOG 17:45:19.381] [DragCubeSystem]: Drag cubes not found or cannot be read for part Part. Generating New drag cubes.
[LOG 17:45:19.381] [KSPCF/DragCubeGeneration] Creating drag cubes for part 'structuralIBeam3'
[LOG 17:45:19.385] PartLoader: Compiling Part 'Squad/Parts/Structural/structuralIBeam650/structuralIBeam650/structuralIBeam1'
[LOG 17:45:19.386] PartLoader: Part 'Squad/Parts/Structural/structuralIBeam650/structuralIBeam650/structuralIBeam1' has no database record. Creating.
[LOG 17:45:19.386] [DragCubeSystem]: Drag cubes not found or cannot be read for part Part. Generating New drag cubes.
[LOG 17:45:19.386] [KSPCF/DragCubeGeneration] Creating drag cubes for part 'structuralIBeam1'
[LOG 17:45:19.390] PartLoader: Compiling Part 'Squad/Parts/Structural/structuralMicronode/structuralMicronode/structuralMiniNode'
[LOG 17:45:19.391] PartLoader: Part 'Squad/Parts/Structural/structuralMicronode/structuralMicronode/structuralMiniNode' has no database record. Creating.
[LOG 17:45:19.391] [DragCubeSystem]: Drag cubes not found or cannot be read for part Part. Generating New drag cubes.
[LOG 17:45:19.391] [KSPCF/DragCubeGeneration] Creating drag cubes for part 'structuralMiniNode'
[LOG 17:45:19.396] PartLoader: Compiling Part 'Squad/Parts/Structural/structuralPanel1x1/structuralPanel1x1/structuralPanel1'
[LOG 17:45:19.397] PartLoader: Part 'Squad/Parts/Structural/structuralPanel1x1/structuralPanel1x1/structuralPanel1' has no database record. Creating.
[LOG 17:45:19.397] [DragCubeSystem]: Drag cubes not found or cannot be read for part Part. Generating New drag cubes.
[LOG 17:45:19.397] [KSPCF/DragCubeGeneration] Creating drag cubes for part 'structuralPanel1'
[LOG 17:45:19.402] PartLoader: Compiling Part 'Squad/Parts/Structural/structuralPanel2x2/structuralPanel2x2/structuralPanel2'
[LOG 17:45:19.403] PartLoader: Part 'Squad/Parts/Structural/structuralPanel2x2/structuralPanel2x2/structuralPanel2' has no database record. Creating.
[LOG 17:45:19.403] [DragCubeSystem]: Drag cubes not found or cannot be read for part Part. Generating New drag cubes.
[LOG 17:45:19.403] [KSPCF/DragCubeGeneration] Creating drag cubes for part 'structuralPanel2'
[LOG 17:45:19.408] PartLoader: Compiling Part 'Squad/Parts/Structural/structuralPylons/smallHardpoint/smallHardpoint'
[LOG 17:45:19.411] PartLoader: Part 'Squad/Parts/Structural/structuralPylons/smallHardpoint/smallHardpoint' has no database record. Creating.
[LOG 17:45:19.411] [DragCubeSystem]: Drag cubes not found or cannot be read for part Part. Generating New drag cubes.
[LOG 17:45:19.411] [KSPCF/DragCubeGeneration] Creating drag cubes for part 'smallHardpoint'
[LOG 17:45:19.415] PartLoader: Compiling Part 'Squad/Parts/Structural/structuralPylons/structuralPylon/structuralPylon'
[LOG 17:45:19.417] PartLoader: Part 'Squad/Parts/Structural/structuralPylons/structuralPylon/structuralPylon' has no database record. Creating.
[LOG 17:45:19.417] [DragCubeSystem]: Drag cubes not found or cannot be read for part Part. Generating New drag cubes.
[LOG 17:45:19.417] [KSPCF/DragCubeGeneration] Creating drag cubes for part 'structuralPylon'
[LOG 17:45:19.421] PartLoader: Compiling Part 'Squad/Parts/Structural/strutCubicOcto/strutCubicOcto/strutCube'
[LOG 17:45:19.422] PartLoader: Part 'Squad/Parts/Structural/strutCubicOcto/strutCubicOcto/strutCube' has no database record. Creating.
[LOG 17:45:19.422] [DragCubeSystem]: Drag cubes not found or cannot be read for part Part. Generating New drag cubes.
[LOG 17:45:19.422] [KSPCF/DragCubeGeneration] Creating drag cubes for part 'strutCube'
[LOG 17:45:19.428] PartLoader: Compiling Part 'Squad/Parts/Structural/strutOcto/strutOcto/strutOcto'
[LOG 17:45:19.429] PartLoader: Part 'Squad/Parts/Structural/strutOcto/strutOcto/strutOcto' has no database record. Creating.
[LOG 17:45:19.429] [DragCubeSystem]: Drag cubes not found or cannot be read for part Part. Generating New drag cubes.
[LOG 17:45:19.429] [KSPCF/DragCubeGeneration] Creating drag cubes for part 'strutOcto'
[LOG 17:45:19.433] PartLoader: Compiling Part 'Squad/Parts/Structural/trussGirderAdapter/trussGirderAdapter/trussAdapter'
[LOG 17:45:19.434] PartLoader: Part 'Squad/Parts/Structural/trussGirderAdapter/trussGirderAdapter/trussAdapter' has no database record. Creating.
[LOG 17:45:19.434] [DragCubeSystem]: Drag cubes not found or cannot be read for part Part. Generating New drag cubes.
[LOG 17:45:19.435] [KSPCF/DragCubeGeneration] Creating drag cubes for part 'trussAdapter'
[LOG 17:45:19.442] PartLoader: Compiling Part 'Squad/Parts/Structural/trussGirderL/trussGirderL/trussPiece1x'
[LOG 17:45:19.443] PartLoader: Part 'Squad/Parts/Structural/trussGirderL/trussGirderL/trussPiece1x' has no database record. Creating.
[LOG 17:45:19.443] [DragCubeSystem]: Drag cubes not found or cannot be read for part Part. Generating New drag cubes.
[LOG 17:45:19.443] [KSPCF/DragCubeGeneration] Creating drag cubes for part 'trussPiece1x'
[LOG 17:45:19.447] PartLoader: Compiling Part 'Squad/Parts/Structural/trussGirderXL/trussGirderXL/trussPiece3x'
[LOG 17:45:19.448] PartLoader: Part 'Squad/Parts/Structural/trussGirderXL/trussGirderXL/trussPiece3x' has no database record. Creating.
[LOG 17:45:19.448] [DragCubeSystem]: Drag cubes not found or cannot be read for part Part. Generating New drag cubes.
[LOG 17:45:19.448] [KSPCF/DragCubeGeneration] Creating drag cubes for part 'trussPiece3x'
[LOG 17:45:19.452] PartLoader: Compiling Part 'Squad/Parts/Thermal/FoldingRadiators/foldingRadLarge/foldingRadLarge'
[LOG 17:45:19.461] PartLoader: Part 'Squad/Parts/Thermal/FoldingRadiators/foldingRadLarge/foldingRadLarge' has no database record. Creating.
[LOG 17:45:19.462] PartLoader: Compiling Part 'Squad/Parts/Thermal/FoldingRadiators/foldingRadMed/foldingRadMed'
[LOG 17:45:19.465] PartLoader: Part 'Squad/Parts/Thermal/FoldingRadiators/foldingRadMed/foldingRadMed' has no database record. Creating.
[LOG 17:45:19.465] PartLoader: Compiling Part 'Squad/Parts/Thermal/FoldingRadiators/foldingRadSmall/foldingRadSmall'
[LOG 17:45:19.467] PartLoader: Part 'Squad/Parts/Thermal/FoldingRadiators/foldingRadSmall/foldingRadSmall' has no database record. Creating.
[LOG 17:45:19.468] PartLoader: Compiling Part 'Squad/Parts/Thermal/RadiatorPanels/radPanelEdge/radPanelEdge'
[LOG 17:45:19.470] PartLoader: Part 'Squad/Parts/Thermal/RadiatorPanels/radPanelEdge/radPanelEdge' has no database record. Creating.
[LOG 17:45:19.470] [DragCubeSystem]: Drag cubes not found or cannot be read for part Part. Generating New drag cubes.
[LOG 17:45:19.470] [KSPCF/DragCubeGeneration] Creating drag cubes for part 'radPanelEdge'
[LOG 17:45:19.477] PartLoader: Compiling Part 'Squad/Parts/Thermal/RadiatorPanels/radPanelLg/radPanelLg'
[LOG 17:45:19.479] PartLoader: Part 'Squad/Parts/Thermal/RadiatorPanels/radPanelLg/radPanelLg' has no database record. Creating.
[LOG 17:45:19.479] [DragCubeSystem]: Drag cubes not found or cannot be read for part Part. Generating New drag cubes.
[LOG 17:45:19.480] [KSPCF/DragCubeGeneration] Creating drag cubes for part 'radPanelLg'
[LOG 17:45:19.484] PartLoader: Compiling Part 'Squad/Parts/Thermal/RadiatorPanels/radPanelSm/radPanelSm'
[LOG 17:45:19.485] PartLoader: Part 'Squad/Parts/Thermal/RadiatorPanels/radPanelSm/radPanelSm' has no database record. Creating.
[LOG 17:45:19.485] [DragCubeSystem]: Drag cubes not found or cannot be read for part Part. Generating New drag cubes.
[LOG 17:45:19.485] [KSPCF/DragCubeGeneration] Creating drag cubes for part 'radPanelSm'
[LOG 17:45:19.490] PartLoader: Compiling Part 'Squad/Parts/Utility/commDish88-88/commDish88-88/commDish'
[LOG 17:45:19.494] PartLoader: Part 'Squad/Parts/Utility/commDish88-88/commDish88-88/commDish' has no database record. Creating.
[LOG 17:45:19.494] [DragCubeSystem]: Drag cubes not found or cannot be read for part Part. Generating New drag cubes.
[LOG 17:45:19.494] [KSPCF/DragCubeGeneration] Creating drag cubes for part 'commDish'
[LOG 17:45:19.513] PartLoader: Compiling Part 'Squad/Parts/Utility/commsAntennaDTS-M1/commsAntennaDTS-M1/mediumDishAntenna'
[LOG 17:45:19.517] PartLoader: Part 'Squad/Parts/Utility/commsAntennaDTS-M1/commsAntennaDTS-M1/mediumDishAntenna' has no database record. Creating.
[LOG 17:45:19.517] [DragCubeSystem]: Drag cubes not found or cannot be read for part Part. Generating New drag cubes.
[LOG 17:45:19.517] [KSPCF/DragCubeGeneration] Creating drag cubes for part 'mediumDishAntenna'
[LOG 17:45:19.532] PartLoader: Compiling Part 'Squad/Parts/Utility/commsDish16/commsAntenna16/longAntenna'
[LOG 17:45:19.535] PartLoader: Part 'Squad/Parts/Utility/commsDish16/commsAntenna16/longAntenna' has no database record. Creating.
[LOG 17:45:19.535] [DragCubeSystem]: Drag cubes not found or cannot be read for part Part. Generating New drag cubes.
[LOG 17:45:19.535] [KSPCF/DragCubeGeneration] Creating drag cubes for part 'longAntenna'
[LOG 17:45:19.550] PartLoader: Compiling Part 'Squad/Parts/Utility/decouplerRadialHDM/decouplerRadialHDM/radialDecoupler1-2'
[LOG 17:45:19.555] PartLoader: Part 'Squad/Parts/Utility/decouplerRadialHDM/decouplerRadialHDM/radialDecoupler1-2' has no database record. Creating.
[LOG 17:45:19.555] [DragCubeSystem]: Drag cubes not found or cannot be read for part Part. Generating New drag cubes.
[LOG 17:45:19.555] [KSPCF/DragCubeGeneration] Creating drag cubes for part 'radialDecoupler1-2'
[LOG 17:45:19.561] PartLoader: Compiling Part 'Squad/Parts/Utility/decouplerRadialTT-38K/decouplerRadialTT-38K/radialDecoupler'
[LOG 17:45:19.566] PartLoader: Part 'Squad/Parts/Utility/decouplerRadialTT-38K/decouplerRadialTT-38K/radialDecoupler' has no database record. Creating.
[LOG 17:45:19.566] [DragCubeSystem]: Drag cubes not found or cannot be read for part Part. Generating New drag cubes.
[LOG 17:45:19.566] [KSPCF/DragCubeGeneration] Creating drag cubes for part 'radialDecoupler'
[LOG 17:45:19.573] PartLoader: Compiling Part 'Squad/Parts/Utility/decouplerRadialTT-70/decouplerRadialTT-70/radialDecoupler2'
[LOG 17:45:19.576] PartLoader: Part 'Squad/Parts/Utility/decouplerRadialTT-70/decouplerRadialTT-70/radialDecoupler2' has no database record. Creating.
[LOG 17:45:19.576] [DragCubeSystem]: Drag cubes not found or cannot be read for part Part. Generating New drag cubes.
[LOG 17:45:19.576] [KSPCF/DragCubeGeneration] Creating drag cubes for part 'radialDecoupler2'
[LOG 17:45:19.581] PartLoader: Compiling Part 'Squad/Parts/Utility/DirectAntennas/C16S/SurfAntenna'
[LOG 17:45:19.583] PartLoader: Part 'Squad/Parts/Utility/DirectAntennas/C16S/SurfAntenna' has no database record. Creating.
[LOG 17:45:19.583] [DragCubeSystem]: Drag cubes not found or cannot be read for part Part. Generating New drag cubes.
[LOG 17:45:19.583] [KSPCF/DragCubeGeneration] Creating drag cubes for part 'SurfAntenna'
[LOG 17:45:19.588] PartLoader: Compiling Part 'Squad/Parts/Utility/DirectAntennas/HG-5/HighGainAntenna5'
[LOG 17:45:19.591] PartLoader: Part 'Squad/Parts/Utility/DirectAntennas/HG-5/HighGainAntenna5' has no database record. Creating.
[LOG 17:45:19.591] [DragCubeSystem]: Drag cubes not found or cannot be read for part Part. Generating New drag cubes.
[LOG 17:45:19.591] [KSPCF/DragCubeGeneration] Creating drag cubes for part 'HighGainAntenna5'
[LOG 17:45:19.609] PartLoader: Compiling Part 'Squad/Parts/Utility/DirectAntennas/HG-5_v2/HighGainAntenna5_v2'
[LOG 17:45:19.612] PartLoader: Part 'Squad/Parts/Utility/DirectAntennas/HG-5_v2/HighGainAntenna5_v2' has no database record. Creating.
[LOG 17:45:19.612] [DragCubeSystem]: Drag cubes not found or cannot be read for part Part. Generating New drag cubes.
[LOG 17:45:19.613] [KSPCF/DragCubeGeneration] Creating drag cubes for part 'HighGainAntenna5.v2'
[LOG 17:45:19.650] PartLoader: Compiling Part 'Squad/Parts/Utility/dockingPort/dockingPort/dockingPort2'
[LOG 17:45:19.658] PartLoader: Part 'Squad/Parts/Utility/dockingPort/dockingPort/dockingPort2' has no database record. Creating.
[LOG 17:45:19.658] [DragCubeSystem]: Drag cubes not found or cannot be read for part Part. Generating New drag cubes.
[LOG 17:45:19.658] [KSPCF/DragCubeGeneration] Creating drag cubes for part 'dockingPort2'
[LOG 17:45:19.665] PartLoader: Compiling Part 'Squad/Parts/Utility/dockingPortInline/dockingPortInline/dockingPortLateral'
[LOG 17:45:19.668] PartLoader: Part 'Squad/Parts/Utility/dockingPortInline/dockingPortInline/dockingPortLateral' has no database record. Creating.
[LOG 17:45:19.668] [DragCubeSystem]: Drag cubes not found or cannot be read for part Part. Generating New drag cubes.
[LOG 17:45:19.668] [KSPCF/DragCubeGeneration] Creating drag cubes for part 'dockingPortLateral'
[LOG 17:45:19.684] PartLoader: Compiling Part 'Squad/Parts/Utility/dockingPortJr/dockingPortJr/dockingPort3'
[LOG 17:45:19.686] PartLoader: Part 'Squad/Parts/Utility/dockingPortJr/dockingPortJr/dockingPort3' has no database record. Creating.
[LOG 17:45:19.686] [DragCubeSystem]: Drag cubes not found or cannot be read for part Part. Generating New drag cubes.
[LOG 17:45:19.687] [KSPCF/DragCubeGeneration] Creating drag cubes for part 'dockingPort3'
[LOG 17:45:19.691] PartLoader: Compiling Part 'Squad/Parts/Utility/dockingPortShielded/dockingPortShielded/dockingPort1'
[LOG 17:45:19.695] PartLoader: Part 'Squad/Parts/Utility/dockingPortShielded/dockingPortShielded/dockingPort1' has no database record. Creating.
[LOG 17:45:19.695] [DragCubeSystem]: Drag cubes not found or cannot be read for part Part. Generating New drag cubes.
[LOG 17:45:19.695] [KSPCF/DragCubeGeneration] Creating drag cubes for part 'dockingPort1'
[LOG 17:45:19.709] PartLoader: Compiling Part 'Squad/Parts/Utility/dockingPortSr/dockingPortSr/dockingPortLarge'
[LOG 17:45:19.713] PartLoader: Part 'Squad/Parts/Utility/dockingPortSr/dockingPortSr/dockingPortLarge' has no database record. Creating.
[LOG 17:45:19.713] [DragCubeSystem]: Drag cubes not found or cannot be read for part Part. Generating New drag cubes.
[LOG 17:45:19.713] [KSPCF/DragCubeGeneration] Creating drag cubes for part 'dockingPortLarge'
[LOG 17:45:19.718] PartLoader: Compiling Part 'Squad/Parts/Utility/Fireworks/fireworksLauncherBig/fireworksLauncherBig'
[LOG 17:45:19.725] PartLoader: Part 'Squad/Parts/Utility/Fireworks/fireworksLauncherBig/fireworksLauncherBig' has no database record. Creating.
[LOG 17:45:19.725] [DragCubeSystem]: Drag cubes not found or cannot be read for part Part. Generating New drag cubes.
[LOG 17:45:19.725] [KSPCF/DragCubeGeneration] Creating drag cubes for part 'fireworksLauncherBig'
[LOG 17:45:19.731] PartLoader: Compiling Part 'Squad/Parts/Utility/Fireworks/fireworksLauncherSmall/fireworksLauncherSmall'
[LOG 17:45:19.735] PartLoader: Part 'Squad/Parts/Utility/Fireworks/fireworksLauncherSmall/fireworksLauncherSmall' has no database record. Creating.
[LOG 17:45:19.735] [DragCubeSystem]: Drag cubes not found or cannot be read for part Part. Generating New drag cubes.
[LOG 17:45:19.735] [KSPCF/DragCubeGeneration] Creating drag cubes for part 'fireworksLauncherSmall'
[LOG 17:45:19.741] PartLoader: Compiling Part 'Squad/Parts/Utility/flags/flagFlat/flagFlat/flagPartFlat'
[LOG 17:45:19.746] PartLoader: Part 'Squad/Parts/Utility/flags/flagFlat/flagFlat/flagPartFlat' has no database record. Creating.
[LOG 17:45:19.746] [DragCubeSystem]: Drag cubes not found or cannot be read for part Part. Generating New drag cubes.
[LOG 17:45:19.746] [KSPCF/DragCubeGeneration] Creating drag cubes for part 'flagPartFlat'
[LOG 17:45:19.751] PartLoader: Compiling Part 'Squad/Parts/Utility/flags/flagSize0/flagSize0/flagPartSize0'
[LOG 17:45:19.754] PartLoader: Part 'Squad/Parts/Utility/flags/flagSize0/flagSize0/flagPartSize0' has no database record. Creating.
[LOG 17:45:19.754] [DragCubeSystem]: Drag cubes not found or cannot be read for part Part. Generating New drag cubes.
[LOG 17:45:19.754] [KSPCF/DragCubeGeneration] Creating drag cubes for part 'flagPartSize0'
[LOG 17:45:19.759] PartLoader: Compiling Part 'Squad/Parts/Utility/flags/flagSize1/flagSize1/flagPartSize1'
[LOG 17:45:19.762] PartLoader: Part 'Squad/Parts/Utility/flags/flagSize1/flagSize1/flagPartSize1' has no database record. Creating.
[LOG 17:45:19.762] [DragCubeSystem]: Drag cubes not found or cannot be read for part Part. Generating New drag cubes.
[LOG 17:45:19.762] [KSPCF/DragCubeGeneration] Creating drag cubes for part 'flagPartSize1'
[LOG 17:45:19.766] PartLoader: Compiling Part 'Squad/Parts/Utility/flags/flagSize2/flagSize2/flagPartSize2'
[LOG 17:45:19.769] PartLoader: Part 'Squad/Parts/Utility/flags/flagSize2/flagSize2/flagPartSize2' has no database record. Creating.
[LOG 17:45:19.769] [DragCubeSystem]: Drag cubes not found or cannot be read for part Part. Generating New drag cubes.
[LOG 17:45:19.769] [KSPCF/DragCubeGeneration] Creating drag cubes for part 'flagPartSize2'
[LOG 17:45:19.777] PartLoader: Compiling Part 'Squad/Parts/Utility/flags/flagSize3/flagSize3/flagPartSize3'
[LOG 17:45:19.781] PartLoader: Part 'Squad/Parts/Utility/flags/flagSize3/flagSize3/flagPartSize3' has no database record. Creating.
[LOG 17:45:19.781] [DragCubeSystem]: Drag cubes not found or cannot be read for part Part. Generating New drag cubes.
[LOG 17:45:19.781] [KSPCF/DragCubeGeneration] Creating drag cubes for part 'flagPartSize3'
[LOG 17:45:19.786] PartLoader: Compiling Part 'Squad/Parts/Utility/GrapplingDevice/part/GrapplingDevice'
[LOG 17:45:19.794] PartLoader: Part 'Squad/Parts/Utility/GrapplingDevice/part/GrapplingDevice' has no database record. Creating.
[LOG 17:45:19.794] [DragCubeSystem]: Drag cubes not found or cannot be read for part Part. Generating New drag cubes.
[LOG 17:45:19.794] [KSPCF/DragCubeGeneration] Creating drag cubes for part 'GrapplingDevice'
[LOG 17:45:19.812] PartLoader: Compiling Part 'Squad/Parts/Utility/ladderRadial/ladderRadial/ladder1'
[LOG 17:45:19.814] PartLoader: Part 'Squad/Parts/Utility/ladderRadial/ladderRadial/ladder1' has no database record. Creating.
[LOG 17:45:19.814] [DragCubeSystem]: Drag cubes not found or cannot be read for part Part. Generating New drag cubes.
[LOG 17:45:19.814] [KSPCF/DragCubeGeneration] Creating drag cubes for part 'ladder1'
[LOG 17:45:19.818] PartLoader: Compiling Part 'Squad/Parts/Utility/ladderTelescopic/ladderTelescopic/telescopicLadder'
[LOG 17:45:19.821] PartLoader: Part 'Squad/Parts/Utility/ladderTelescopic/ladderTelescopic/telescopicLadder' has no database record. Creating.
[LOG 17:45:19.822] [DragCubeSystem]: Drag cubes not found or cannot be read for part Part. Generating New drag cubes.
[LOG 17:45:19.822] [KSPCF/DragCubeGeneration] Creating drag cubes for part 'telescopicLadder'
[LOG 17:45:19.837] PartLoader: Compiling Part 'Squad/Parts/Utility/ladderTelescopicBay/ladderTelescopicBay/telescopicLadderBay'
[LOG 17:45:19.846] PartLoader: Part 'Squad/Parts/Utility/ladderTelescopicBay/ladderTelescopicBay/telescopicLadderBay' has no database record. Creating.
[LOG 17:45:19.846] [DragCubeSystem]: Drag cubes not found or cannot be read for part Part. Generating New drag cubes.
[LOG 17:45:19.846] [KSPCF/DragCubeGeneration] Creating drag cubes for part 'telescopicLadderBay'
[LOG 17:45:19.862] PartLoader: Compiling Part 'Squad/Parts/Utility/landingLegLT-1/landingLegLT-1/landingLeg1'
[LOG 17:45:19.879] PartLoader: Part 'Squad/Parts/Utility/landingLegLT-1/landingLegLT-1/landingLeg1' has no database record. Creating.
[LOG 17:45:19.879] [DragCubeSystem]: Drag cubes not found or cannot be read for part Part. Generating New drag cubes.
[LOG 17:45:19.879] [KSPCF/DragCubeGeneration] Creating drag cubes for part 'landingLeg1'
[LOG 17:45:19.895] PartLoader: Compiling Part 'Squad/Parts/Utility/landingLegLT-2/landingLegLT-2/landingLeg1-2'
[LOG 17:45:19.900] PartLoader: Part 'Squad/Parts/Utility/landingLegLT-2/landingLegLT-2/landingLeg1-2' has no database record. Creating.
[LOG 17:45:19.900] [DragCubeSystem]: Drag cubes not found or cannot be read for part Part. Generating New drag cubes.
[LOG 17:45:19.900] [KSPCF/DragCubeGeneration] Creating drag cubes for part 'landingLeg1-2'
[LOG 17:45:19.915] PartLoader: Compiling Part 'Squad/Parts/Utility/landingLegLT-5/landingLegLT-5/miniLandingLeg'
[LOG 17:45:19.919] PartLoader: Part 'Squad/Parts/Utility/landingLegLT-5/landingLegLT-5/miniLandingLeg' has no database record. Creating.
[LOG 17:45:19.919] [DragCubeSystem]: Drag cubes not found or cannot be read for part Part. Generating New drag cubes.
[LOG 17:45:19.919] [KSPCF/DragCubeGeneration] Creating drag cubes for part 'miniLandingLeg'
[LOG 17:45:19.933] PartLoader: Compiling Part 'Squad/Parts/Utility/launchClamp1/launchClamp1/launchClamp1'
[LOG 17:45:19.938] PartLoader: Part 'Squad/Parts/Utility/launchClamp1/launchClamp1/launchClamp1' has no database record. Creating.
[LOG 17:45:19.938] [DragCubeSystem]: Drag cubes not found or cannot be read for part Part. Generating New drag cubes.
[LOG 17:45:19.939] [KSPCF/DragCubeGeneration] Creating drag cubes for part 'launchClamp1'
[LOG 17:45:19.945] PartLoader: Compiling Part 'Squad/Parts/Utility/launchEscapeSystem/part/LaunchEscapeSystem'
[LOG 17:45:19.948] PartLoader: Part 'Squad/Parts/Utility/launchEscapeSystem/part/LaunchEscapeSystem' has no database record. Creating.
[LOG 17:45:19.948] [DragCubeSystem]: Drag cubes not found or cannot be read for part Part. Generating New drag cubes.
[LOG 17:45:19.948] [KSPCF/DragCubeGeneration] Creating drag cubes for part 'LaunchEscapeSystem'
[LOG 17:45:19.953] PartLoader: Compiling Part 'Squad/Parts/Utility/Lights/domeLight1/domeLight1'
[LOG 17:45:19.956] PartLoader: Part 'Squad/Parts/Utility/Lights/domeLight1/domeLight1' has no database record. Creating.
[LOG 17:45:19.956] [DragCubeSystem]: Drag cubes not found or cannot be read for part Part. Generating New drag cubes.
[LOG 17:45:19.956] [KSPCF/DragCubeGeneration] Creating drag cubes for part 'domeLight1'
[LOG 17:45:19.961] PartLoader: Compiling Part 'Squad/Parts/Utility/Lights/groundLight1/groundLight1'
[LOG 17:45:19.964] PartLoader: Part 'Squad/Parts/Utility/Lights/groundLight1/groundLight1' has no database record. Creating.
[LOG 17:45:19.964] [DragCubeSystem]: Drag cubes not found or cannot be read for part Part. Generating New drag cubes.
[LOG 17:45:19.964] [KSPCF/DragCubeGeneration] Creating drag cubes for part 'groundLight1'
[LOG 17:45:19.970] PartLoader: Compiling Part 'Squad/Parts/Utility/Lights/groundLight2/groundLight2'
[LOG 17:45:19.972] PartLoader: Part 'Squad/Parts/Utility/Lights/groundLight2/groundLight2' has no database record. Creating.
[LOG 17:45:19.972] [DragCubeSystem]: Drag cubes not found or cannot be read for part Part. Generating New drag cubes.
[LOG 17:45:19.972] [KSPCF/DragCubeGeneration] Creating drag cubes for part 'groundLight2'
[LOG 17:45:19.977] PartLoader: Compiling Part 'Squad/Parts/Utility/Lights/navLight1/navLight1'
[LOG 17:45:19.980] PartLoader: Part 'Squad/Parts/Utility/Lights/navLight1/navLight1' has no database record. Creating.
[LOG 17:45:19.980] [DragCubeSystem]: Drag cubes not found or cannot be read for part Part. Generating New drag cubes.
[LOG 17:45:19.980] [KSPCF/DragCubeGeneration] Creating drag cubes for part 'navLight1'
[LOG 17:45:19.988] PartLoader: Compiling Part 'Squad/Parts/Utility/Lights/spotLight1/spotLight3'
[LOG 17:45:19.994] PartLoader: Part 'Squad/Parts/Utility/Lights/spotLight1/spotLight3' has no database record. Creating.
[LOG 17:45:19.994] [DragCubeSystem]: Drag cubes not found or cannot be read for part Part. Generating New drag cubes.
[LOG 17:45:19.994] [KSPCF/DragCubeGeneration] Creating drag cubes for part 'spotLight3'
[LOG 17:45:20.005] PartLoader: Compiling Part 'Squad/Parts/Utility/Lights/stripLight1/stripLight1'
[LOG 17:45:20.008] PartLoader: Part 'Squad/Parts/Utility/Lights/stripLight1/stripLight1' has no database record. Creating.
[LOG 17:45:20.009] [DragCubeSystem]: Drag cubes not found or cannot be read for part Part. Generating New drag cubes.
[LOG 17:45:20.009] [KSPCF/DragCubeGeneration] Creating drag cubes for part 'stripLight1'
[LOG 17:45:20.016] PartLoader: Compiling Part 'Squad/Parts/Utility/linearVernorRCS/linearRCS/linearRcs'
[LOG 17:45:20.021] PartLoader: Part 'Squad/Parts/Utility/linearVernorRCS/linearRCS/linearRcs' has no database record. Creating.
[LOG 17:45:20.021] [DragCubeSystem]: Drag cubes not found or cannot be read for part Part. Generating New drag cubes.
[LOG 17:45:20.021] [KSPCF/DragCubeGeneration] Creating drag cubes for part 'linearRcs'
[LOG 17:45:20.027] PartLoader: Compiling Part 'Squad/Parts/Utility/linearVernorRCS/vernorEngine/vernierEngine'
[LOG 17:45:20.030] PartLoader: Part 'Squad/Parts/Utility/linearVernorRCS/vernorEngine/vernierEngine' has no database record. Creating.
[LOG 17:45:20.030] [DragCubeSystem]: Drag cubes not found or cannot be read for part Part. Generating New drag cubes.
[LOG 17:45:20.030] [KSPCF/DragCubeGeneration] Creating drag cubes for part 'vernierEngine'
[LOG 17:45:20.035] PartLoader: Compiling Part 'Squad/Parts/Utility/mk2CargoBay/BayL/mk2CargoBayL'
[LOG 17:45:20.037] PartLoader: Part 'Squad/Parts/Utility/mk2CargoBay/BayL/mk2CargoBayL' has no database record. Creating.
[LOG 17:45:20.037] PartLoader: Compiling Part 'Squad/Parts/Utility/mk2CargoBay/BayS/mk2CargoBayS'
[LOG 17:45:20.040] PartLoader: Part 'Squad/Parts/Utility/mk2CargoBay/BayS/mk2CargoBayS' has no database record. Creating.
[LOG 17:45:20.040] PartLoader: Compiling Part 'Squad/Parts/Utility/mk2CrewCabin/mk2CrewCabin/mk2CrewCabin'
[WRN 17:45:20.042] [Part]: Cannot have ModuleCargoPart and ModuleInventoryPart on same Part [mk2CrewCabin'. Removed ModuleCargoPart
[LOG 17:45:20.044] PartLoader: Part 'Squad/Parts/Utility/mk2CrewCabin/mk2CrewCabin/mk2CrewCabin' has no database record. Creating.
[LOG 17:45:20.044] [DragCubeSystem]: Drag cubes not found or cannot be read for part Part. Generating New drag cubes.
[LOG 17:45:20.044] [KSPCF/DragCubeGeneration] Creating drag cubes for part 'mk2CrewCabin'
[LOG 17:45:20.051] PartLoader: Compiling Part 'Squad/Parts/Utility/mk2DockingPort/mk2DockingPort/mk2DockingPort'
[LOG 17:45:20.055] PartLoader: Part 'Squad/Parts/Utility/mk2DockingPort/mk2DockingPort/mk2DockingPort' has no database record. Creating.
[LOG 17:45:20.055] PartLoader: Compiling Part 'Squad/Parts/Utility/mk3CargoBay/long/mk3CargoBayL'
[LOG 17:45:20.057] PartLoader: Part 'Squad/Parts/Utility/mk3CargoBay/long/mk3CargoBayL' has no database record. Creating.
[LOG 17:45:20.057] PartLoader: Compiling Part 'Squad/Parts/Utility/mk3CargoBay/medium/mk3CargoBayM'
[LOG 17:45:20.059] PartLoader: Part 'Squad/Parts/Utility/mk3CargoBay/medium/mk3CargoBayM' has no database record. Creating.
[LOG 17:45:20.059] PartLoader: Compiling Part 'Squad/Parts/Utility/mk3CargoBay/ramp/mk3CargoRamp'
[LOG 17:45:20.061] PartLoader: Part 'Squad/Parts/Utility/mk3CargoBay/ramp/mk3CargoRamp' has no database record. Creating.
[LOG 17:45:20.062] PartLoader: Compiling Part 'Squad/Parts/Utility/mk3CargoBay/short/mk3CargoBayS'
[LOG 17:45:20.064] PartLoader: Part 'Squad/Parts/Utility/mk3CargoBay/short/mk3CargoBayS' has no database record. Creating.
[LOG 17:45:20.064] PartLoader: Compiling Part 'Squad/Parts/Utility/parachuteMk1/parachuteMk1/parachuteSingle'
[LOG 17:45:20.070] PartLoader: Part 'Squad/Parts/Utility/parachuteMk1/parachuteMk1/parachuteSingle' has no database record. Creating.
[LOG 17:45:20.070] [DragCubeSystem]: Drag cubes not found or cannot be read for part Part. Generating New drag cubes.
[LOG 17:45:20.070] [KSPCF/DragCubeGeneration] Creating drag cubes for part 'parachuteSingle'
[LOG 17:45:20.093] PartLoader: Compiling Part 'Squad/Parts/Utility/parachuteMk12-R/parachuteMk12-R/radialDrogue'
[LOG 17:45:20.096] PartLoader: Part 'Squad/Parts/Utility/parachuteMk12-R/parachuteMk12-R/radialDrogue' has no database record. Creating.
[LOG 17:45:20.096] [DragCubeSystem]: Drag cubes not found or cannot be read for part Part. Generating New drag cubes.
[LOG 17:45:20.096] [KSPCF/DragCubeGeneration] Creating drag cubes for part 'radialDrogue'
[LOG 17:45:20.117] PartLoader: Compiling Part 'Squad/Parts/Utility/parachuteMk16-XL/parachuteMk16-XL/parachuteLarge'
[LOG 17:45:20.123] PartLoader: Part 'Squad/Parts/Utility/parachuteMk16-XL/parachuteMk16-XL/parachuteLarge' has no database record. Creating.
[LOG 17:45:20.123] [DragCubeSystem]: Drag cubes not found or cannot be read for part Part. Generating New drag cubes.
[LOG 17:45:20.123] [KSPCF/DragCubeGeneration] Creating drag cubes for part 'parachuteLarge'
[LOG 17:45:20.147] PartLoader: Compiling Part 'Squad/Parts/Utility/parachuteMk2-R/parachuteMk2-R/parachuteRadial'
[LOG 17:45:20.154] PartLoader: Part 'Squad/Parts/Utility/parachuteMk2-R/parachuteMk2-R/parachuteRadial' has no database record. Creating.
[LOG 17:45:20.154] [DragCubeSystem]: Drag cubes not found or cannot be read for part Part. Generating New drag cubes.
[LOG 17:45:20.154] [KSPCF/DragCubeGeneration] Creating drag cubes for part 'parachuteRadial'
[LOG 17:45:20.174] PartLoader: Compiling Part 'Squad/Parts/Utility/parachuteMk25/parachuteMk25/parachuteDrogue'
[LOG 17:45:20.176] PartLoader: Part 'Squad/Parts/Utility/parachuteMk25/parachuteMk25/parachuteDrogue' has no database record. Creating.
[LOG 17:45:20.176] [DragCubeSystem]: Drag cubes not found or cannot be read for part Part. Generating New drag cubes.
[LOG 17:45:20.176] [KSPCF/DragCubeGeneration] Creating drag cubes for part 'parachuteDrogue'
[LOG 17:45:20.197] PartLoader: Compiling Part 'Squad/Parts/Utility/radialAttachmentPoint/radialAttachmentPoint/stackPoint1'
[LOG 17:45:20.199] PartLoader: Part 'Squad/Parts/Utility/radialAttachmentPoint/radialAttachmentPoint/stackPoint1' has no database record. Creating.
[LOG 17:45:20.199] [DragCubeSystem]: Drag cubes not found or cannot be read for part Part. Generating New drag cubes.
[LOG 17:45:20.199] [KSPCF/DragCubeGeneration] Creating drag cubes for part 'stackPoint1'
[LOG 17:45:20.203] PartLoader: Compiling Part 'Squad/Parts/Utility/rcsBlockRV-105_v2/rcsBlockRV-105/RCSBlock_v2'
[LOG 17:45:20.207] PartLoader: Part 'Squad/Parts/Utility/rcsBlockRV-105_v2/rcsBlockRV-105/RCSBlock_v2' has no database record. Creating.
[LOG 17:45:20.207] [DragCubeSystem]: Drag cubes not found or cannot be read for part Part. Generating New drag cubes.
[LOG 17:45:20.207] [KSPCF/DragCubeGeneration] Creating drag cubes for part 'RCSBlock.v2'
[LOG 17:45:20.241] PartLoader: Compiling Part 'Squad/Parts/Utility/rcsBlockRV-105_v2/RCSblock_01_small/RCSblock_01_small'
[LOG 17:45:20.245] PartLoader: Part 'Squad/Parts/Utility/rcsBlockRV-105_v2/RCSblock_01_small/RCSblock_01_small' has no database record. Creating.
[LOG 17:45:20.245] [DragCubeSystem]: Drag cubes not found or cannot be read for part Part. Generating New drag cubes.
[LOG 17:45:20.245] [KSPCF/DragCubeGeneration] Creating drag cubes for part 'RCSblock.01.small'
[LOG 17:45:20.279] PartLoader: Compiling Part 'Squad/Parts/Utility/rcsSmallLinear/RCSLinearSmall/RCSLinearSmall'
[LOG 17:45:20.282] PartLoader: Part 'Squad/Parts/Utility/rcsSmallLinear/RCSLinearSmall/RCSLinearSmall' has no database record. Creating.
[LOG 17:45:20.282] [DragCubeSystem]: Drag cubes not found or cannot be read for part Part. Generating New drag cubes.
[LOG 17:45:20.282] [KSPCF/DragCubeGeneration] Creating drag cubes for part 'RCSLinearSmall'
[LOG 17:45:20.297] PartLoader: Compiling Part 'Squad/Parts/Utility/RelayAntennas/RA-100/RelayAntenna100'
[LOG 17:45:20.299] PartLoader: Part 'Squad/Parts/Utility/RelayAntennas/RA-100/RelayAntenna100' has no database record. Creating.
[LOG 17:45:20.299] [DragCubeSystem]: Drag cubes not found or cannot be read for part Part. Generating New drag cubes.
[LOG 17:45:20.299] [KSPCF/DragCubeGeneration] Creating drag cubes for part 'RelayAntenna100'
[LOG 17:45:20.304] PartLoader: Compiling Part 'Squad/Parts/Utility/RelayAntennas/RA-5/RelayAntenna5'
[LOG 17:45:20.307] PartLoader: Part 'Squad/Parts/Utility/RelayAntennas/RA-5/RelayAntenna5' has no database record. Creating.
[LOG 17:45:20.307] [DragCubeSystem]: Drag cubes not found or cannot be read for part Part. Generating New drag cubes.
[LOG 17:45:20.307] [KSPCF/DragCubeGeneration] Creating drag cubes for part 'RelayAntenna5'
[LOG 17:45:20.311] PartLoader: Compiling Part 'Squad/Parts/Utility/RelayAntennas/RA-50/RelayAntenna50'
[LOG 17:45:20.313] PartLoader: Part 'Squad/Parts/Utility/RelayAntennas/RA-50/RelayAntenna50' has no database record. Creating.
[LOG 17:45:20.313] [DragCubeSystem]: Drag cubes not found or cannot be read for part Part. Generating New drag cubes.
[LOG 17:45:20.313] [KSPCF/DragCubeGeneration] Creating drag cubes for part 'RelayAntenna50'
[LOG 17:45:20.318] PartLoader: Compiling Part 'Squad/Parts/Utility/rockomaxAdapters/largeAdapter/largeAdapter'
[LOG 17:45:20.320] PartLoader: Part 'Squad/Parts/Utility/rockomaxAdapters/largeAdapter/largeAdapter' has no database record. Creating.
[LOG 17:45:20.320] [DragCubeSystem]: Drag cubes not found or cannot be read for part Part. Generating New drag cubes.
[LOG 17:45:20.320] [KSPCF/DragCubeGeneration] Creating drag cubes for part 'largeAdapter'
[LOG 17:45:20.324] PartLoader: Compiling Part 'Squad/Parts/Utility/rockomaxAdapters/largeAdapterShort/largeAdapter2'
[LOG 17:45:20.326] PartLoader: Part 'Squad/Parts/Utility/rockomaxAdapters/largeAdapterShort/largeAdapter2' has no database record. Creating.
[LOG 17:45:20.326] [DragCubeSystem]: Drag cubes not found or cannot be read for part Part. Generating New drag cubes.
[LOG 17:45:20.326] [KSPCF/DragCubeGeneration] Creating drag cubes for part 'largeAdapter2'
[LOG 17:45:20.333] PartLoader: Compiling Part 'Squad/Parts/Utility/ServiceBay_v2/ServiceBay_125_v2/ServiceBay_125_v2'
[LOG 17:45:20.336] PartLoader: Part 'Squad/Parts/Utility/ServiceBay_v2/ServiceBay_125_v2/ServiceBay_125_v2' has no database record. Creating.
[LOG 17:45:20.336] [DragCubeSystem]: Drag cubes not found or cannot be read for part Part. Generating New drag cubes.
[LOG 17:45:20.336] [KSPCF/DragCubeGeneration] Creating drag cubes for part 'ServiceBay.125.v2'
[LOG 17:45:20.350] PartLoader: Compiling Part 'Squad/Parts/Utility/ServiceBay_v2/ServiceBay_250_v2/ServiceBay_250_v2'
[LOG 17:45:20.353] PartLoader: Part 'Squad/Parts/Utility/ServiceBay_v2/ServiceBay_250_v2/ServiceBay_250_v2' has no database record. Creating.
[LOG 17:45:20.353] [DragCubeSystem]: Drag cubes not found or cannot be read for part Part. Generating New drag cubes.
[LOG 17:45:20.353] [KSPCF/DragCubeGeneration] Creating drag cubes for part 'ServiceBay.250.v2'
[LOG 17:45:20.366] PartLoader: Compiling Part 'Squad/Parts/Utility/smallClaw/smallClaw/smallClaw'
[LOG 17:45:20.371] PartLoader: Part 'Squad/Parts/Utility/smallClaw/smallClaw/smallClaw' has no database record. Creating.
[LOG 17:45:20.371] [DragCubeSystem]: Drag cubes not found or cannot be read for part Part. Generating New drag cubes.
[LOG 17:45:20.371] [KSPCF/DragCubeGeneration] Creating drag cubes for part 'smallClaw'
[LOG 17:45:20.388] PartLoader: Compiling Part 'Squad/Parts/Utility/spotLightMk1/spotLightMk1/spotLight1'
[LOG 17:45:20.391] PartLoader: Part 'Squad/Parts/Utility/spotLightMk1/spotLightMk1/spotLight1' has no database record. Creating.
[LOG 17:45:20.391] [DragCubeSystem]: Drag cubes not found or cannot be read for part Part. Generating New drag cubes.
[LOG 17:45:20.391] [KSPCF/DragCubeGeneration] Creating drag cubes for part 'spotLight1'
[LOG 17:45:20.396] PartLoader: Compiling Part 'Squad/Parts/Utility/spotLightMk1_v2/spotLightMk1_v2/spotLight1_v2'
[LOG 17:45:20.399] PartLoader: Part 'Squad/Parts/Utility/spotLightMk1_v2/spotLightMk1_v2/spotLight1_v2' has no database record. Creating.
[LOG 17:45:20.399] [DragCubeSystem]: Drag cubes not found or cannot be read for part Part. Generating New drag cubes.
[LOG 17:45:20.399] [KSPCF/DragCubeGeneration] Creating drag cubes for part 'spotLight1.v2'
[LOG 17:45:20.404] PartLoader: Compiling Part 'Squad/Parts/Utility/spotLightMk2/spotLightMk2/spotLight2'
[LOG 17:45:20.406] PartLoader: Part 'Squad/Parts/Utility/spotLightMk2/spotLightMk2/spotLight2' has no database record. Creating.
[LOG 17:45:20.406] [DragCubeSystem]: Drag cubes not found or cannot be read for part Part. Generating New drag cubes.
[LOG 17:45:20.406] [KSPCF/DragCubeGeneration] Creating drag cubes for part 'spotLight2'
[LOG 17:45:20.410] PartLoader: Compiling Part 'Squad/Parts/Utility/spotLightMk2_v2/spotLightMk2_v2/spotLight2_v2'
[LOG 17:45:20.412] PartLoader: Part 'Squad/Parts/Utility/spotLightMk2_v2/spotLightMk2_v2/spotLight2_v2' has no database record. Creating.
[LOG 17:45:20.412] [DragCubeSystem]: Drag cubes not found or cannot be read for part Part. Generating New drag cubes.
[LOG 17:45:20.412] [KSPCF/DragCubeGeneration] Creating drag cubes for part 'spotLight2.v2'
[LOG 17:45:20.418] PartLoader: Compiling Part 'Squad/Parts/Utility/stackCouplers/stackBiCoupler_v2/stackBiCoupler_v2'
[LOG 17:45:20.420] PartLoader: Part 'Squad/Parts/Utility/stackCouplers/stackBiCoupler_v2/stackBiCoupler_v2' has no database record. Creating.
[LOG 17:45:20.420] [DragCubeSystem]: Drag cubes not found or cannot be read for part Part. Generating New drag cubes.
[LOG 17:45:20.420] [KSPCF/DragCubeGeneration] Creating drag cubes for part 'stackBiCoupler.v2'
[LOG 17:45:20.424] PartLoader: Compiling Part 'Squad/Parts/Utility/stackCouplers/stackQuadCoupler/stackQuadCoupler'
[LOG 17:45:20.426] PartLoader: Part 'Squad/Parts/Utility/stackCouplers/stackQuadCoupler/stackQuadCoupler' has no database record. Creating.
[LOG 17:45:20.426] [DragCubeSystem]: Drag cubes not found or cannot be read for part Part. Generating New drag cubes.
[LOG 17:45:20.426] [KSPCF/DragCubeGeneration] Creating drag cubes for part 'stackQuadCoupler'
[LOG 17:45:20.431] PartLoader: Compiling Part 'Squad/Parts/Utility/stackCouplers/stackTriCoupler_v2/stackTriCoupler_v2'
[LOG 17:45:20.433] PartLoader: Part 'Squad/Parts/Utility/stackCouplers/stackTriCoupler_v2/stackTriCoupler_v2' has no database record. Creating.
[LOG 17:45:20.433] [DragCubeSystem]: Drag cubes not found or cannot be read for part Part. Generating New drag cubes.
[LOG 17:45:20.433] [KSPCF/DragCubeGeneration] Creating drag cubes for part 'stackTriCoupler.v2'
[LOG 17:45:20.438] PartLoader: Compiling Part 'Squad/Parts/Wheel/LandingGear/GearExtraLarge/GearLarge'
[LOG 17:45:20.447] PartLoader: Part 'Squad/Parts/Wheel/LandingGear/GearExtraLarge/GearLarge' has no database record. Creating.
[LOG 17:45:20.447] [DragCubeSystem]: Drag cubes not found or cannot be read for part Part. Generating New drag cubes.
[LOG 17:45:20.447] [KSPCF/DragCubeGeneration] Creating drag cubes for part 'GearLarge'
[LOG 17:45:20.464] PartLoader: Compiling Part 'Squad/Parts/Wheel/LandingGear/GearFixed/GearFixed'
[LOG 17:45:20.467] PartLoader: Part 'Squad/Parts/Wheel/LandingGear/GearFixed/GearFixed' has no database record. Creating.
[LOG 17:45:20.467] [DragCubeSystem]: Drag cubes not found or cannot be read for part Part. Generating New drag cubes.
[LOG 17:45:20.467] [KSPCF/DragCubeGeneration] Creating drag cubes for part 'GearFixed'
[LOG 17:45:20.472] PartLoader: Compiling Part 'Squad/Parts/Wheel/LandingGear/GearFree/GearFree'
[LOG 17:45:20.478] PartLoader: Part 'Squad/Parts/Wheel/LandingGear/GearFree/GearFree' has no database record. Creating.
[LOG 17:45:20.478] [DragCubeSystem]: Drag cubes not found or cannot be read for part Part. Generating New drag cubes.
[LOG 17:45:20.478] [KSPCF/DragCubeGeneration] Creating drag cubes for part 'GearFree'
[LOG 17:45:20.484] PartLoader: Compiling Part 'Squad/Parts/Wheel/LandingGear/GearLarge/GearMedium'
[LOG 17:45:20.490] PartLoader: Part 'Squad/Parts/Wheel/LandingGear/GearLarge/GearMedium' has no database record. Creating.
[LOG 17:45:20.490] [DragCubeSystem]: Drag cubes not found or cannot be read for part Part. Generating New drag cubes.
[LOG 17:45:20.490] [KSPCF/DragCubeGeneration] Creating drag cubes for part 'GearMedium'
[LOG 17:45:20.507] PartLoader: Compiling Part 'Squad/Parts/Wheel/LandingGear/GearMedium/GearSmall'
[LOG 17:45:20.514] PartLoader: Part 'Squad/Parts/Wheel/LandingGear/GearMedium/GearSmall' has no database record. Creating.
[LOG 17:45:20.514] [DragCubeSystem]: Drag cubes not found or cannot be read for part Part. Generating New drag cubes.
[LOG 17:45:20.514] [KSPCF/DragCubeGeneration] Creating drag cubes for part 'GearSmall'
[LOG 17:45:20.531] PartLoader: Compiling Part 'Squad/Parts/Wheel/LandingGear/GearSmall/SmallGearBay'
[LOG 17:45:20.538] PartLoader: Part 'Squad/Parts/Wheel/LandingGear/GearSmall/SmallGearBay' has no database record. Creating.
[LOG 17:45:20.538] [DragCubeSystem]: Drag cubes not found or cannot be read for part Part. Generating New drag cubes.
[LOG 17:45:20.538] [KSPCF/DragCubeGeneration] Creating drag cubes for part 'SmallGearBay'
[LOG 17:45:20.556] PartLoader: Compiling Part 'Squad/Parts/Wheel/roverWheelM1/roverWheelM1/roverWheel1'
[LOG 17:45:20.563] PartLoader: Part 'Squad/Parts/Wheel/roverWheelM1/roverWheelM1/roverWheel1' has no database record. Creating.
[LOG 17:45:20.563] [DragCubeSystem]: Drag cubes not found or cannot be read for part Part. Generating New drag cubes.
[LOG 17:45:20.563] [KSPCF/DragCubeGeneration] Creating drag cubes for part 'roverWheel1'
[LOG 17:45:20.569] PartLoader: Compiling Part 'Squad/Parts/Wheel/roverWheelS2/roverWheelS2/roverWheel2'
[LOG 17:45:20.574] PartLoader: Part 'Squad/Parts/Wheel/roverWheelS2/roverWheelS2/roverWheel2' has no database record. Creating.
[LOG 17:45:20.579] [DragCubeSystem]: Drag cubes not found or cannot be read for part Part. Generating New drag cubes.
[LOG 17:45:20.579] [KSPCF/DragCubeGeneration] Creating drag cubes for part 'roverWheel2'
[LOG 17:45:20.586] PartLoader: Compiling Part 'Squad/Parts/Wheel/roverWheelTR-2L/roverWheelTR-2L/wheelMed'
[LOG 17:45:20.591] PartLoader: Part 'Squad/Parts/Wheel/roverWheelTR-2L/roverWheelTR-2L/wheelMed' has no database record. Creating.
[LOG 17:45:20.591] [DragCubeSystem]: Drag cubes not found or cannot be read for part Part. Generating New drag cubes.
[LOG 17:45:20.591] [KSPCF/DragCubeGeneration] Creating drag cubes for part 'wheelMed'
[LOG 17:45:20.596] PartLoader: Compiling Part 'Squad/Parts/Wheel/roverWheelXL3/roverWheelXL3/roverWheel3'
[LOG 17:45:20.603] PartLoader: Part 'Squad/Parts/Wheel/roverWheelXL3/roverWheelXL3/roverWheel3' has no database record. Creating.
[LOG 17:45:20.603] [DragCubeSystem]: Drag cubes not found or cannot be read for part Part. Generating New drag cubes.
[LOG 17:45:20.603] [KSPCF/DragCubeGeneration] Creating drag cubes for part 'roverWheel3'
[LOG 17:45:20.609] PartLoader: Compiling Part 'SquadExpansion/MakingHistory/Parts/Aero/protectiveRocketNoseMk16/rocketNoseCone_size4/rocketNoseConeSize4'
[LOG 17:45:20.611] PartLoader: Part 'SquadExpansion/MakingHistory/Parts/Aero/protectiveRocketNoseMk16/rocketNoseCone_size4/rocketNoseConeSize4' has no database record. Creating.
[LOG 17:45:20.611] [DragCubeSystem]: Drag cubes not found or cannot be read for part Part. Generating New drag cubes.
[LOG 17:45:20.611] [KSPCF/DragCubeGeneration] Creating drag cubes for part 'rocketNoseConeSize4'
[LOG 17:45:20.616] PartLoader: Compiling Part 'SquadExpansion/MakingHistory/Parts/Aero/protectiveRocketNoseMk5A/Size_1_5_Cone/Size_1_5_Cone'
[LOG 17:45:20.618] PartLoader: Part 'SquadExpansion/MakingHistory/Parts/Aero/protectiveRocketNoseMk5A/Size_1_5_Cone/Size_1_5_Cone' has no database record. Creating.
[LOG 17:45:20.618] [DragCubeSystem]: Drag cubes not found or cannot be read for part Part. Generating New drag cubes.
[LOG 17:45:20.618] [KSPCF/DragCubeGeneration] Creating drag cubes for part 'Size.1.5.Cone'
[LOG 17:45:20.624] PartLoader: Compiling Part 'SquadExpansion/MakingHistory/Parts/Coupling/Decoupler_1p5/Decoupler_1p5'
[LOG 17:45:20.627] PartLoader: Part 'SquadExpansion/MakingHistory/Parts/Coupling/Decoupler_1p5/Decoupler_1p5' has no database record. Creating.
[LOG 17:45:20.627] PartLoader: Compiling Part 'SquadExpansion/MakingHistory/Parts/Coupling/Decoupler_4/Decoupler_4'
[LOG 17:45:20.629] PartLoader: Part 'SquadExpansion/MakingHistory/Parts/Coupling/Decoupler_4/Decoupler_4' has no database record. Creating.
[LOG 17:45:20.630] PartLoader: Compiling Part 'SquadExpansion/MakingHistory/Parts/Coupling/EnginePlate_1p5/EnginePlate1p5'
[LOG 17:45:20.637] PartLoader: Part 'SquadExpansion/MakingHistory/Parts/Coupling/EnginePlate_1p5/EnginePlate1p5' has no database record. Creating.
[LOG 17:45:20.637] [DragCubeSystem]: Drag cubes not found or cannot be read for part Part. Generating New drag cubes.
[LOG 17:45:20.637] [KSPCF/DragCubeGeneration] Part 'EnginePlate1p5' has defined a procedural drag cube setup
[LOG 17:45:20.637] PartLoader: Compiling Part 'SquadExpansion/MakingHistory/Parts/Coupling/EnginePlate_2/EnginePlate2'
[LOG 17:45:20.640] PartLoader: Part 'SquadExpansion/MakingHistory/Parts/Coupling/EnginePlate_2/EnginePlate2' has no database record. Creating.
[LOG 17:45:20.640] [DragCubeSystem]: Drag cubes not found or cannot be read for part Part. Generating New drag cubes.
[LOG 17:45:20.640] [KSPCF/DragCubeGeneration] Part 'EnginePlate2' has defined a procedural drag cube setup
[LOG 17:45:20.640] PartLoader: Compiling Part 'SquadExpansion/MakingHistory/Parts/Coupling/EnginePlate_3/EnginePlate3'
[LOG 17:45:20.644] PartLoader: Part 'SquadExpansion/MakingHistory/Parts/Coupling/EnginePlate_3/EnginePlate3' has no database record. Creating.
[LOG 17:45:20.644] [DragCubeSystem]: Drag cubes not found or cannot be read for part Part. Generating New drag cubes.
[LOG 17:45:20.644] [KSPCF/DragCubeGeneration] Part 'EnginePlate3' has defined a procedural drag cube setup
[LOG 17:45:20.644] PartLoader: Compiling Part 'SquadExpansion/MakingHistory/Parts/Coupling/EnginePlate_4/EnginePlate4'
[LOG 17:45:20.647] PartLoader: Part 'SquadExpansion/MakingHistory/Parts/Coupling/EnginePlate_4/EnginePlate4' has no database record. Creating.
[LOG 17:45:20.647] [DragCubeSystem]: Drag cubes not found or cannot be read for part Part. Generating New drag cubes.
[LOG 17:45:20.647] [KSPCF/DragCubeGeneration] Part 'EnginePlate4' has defined a procedural drag cube setup
[LOG 17:45:20.647] PartLoader: Compiling Part 'SquadExpansion/MakingHistory/Parts/Coupling/EnginePlate_5/EnginePlate5'
[LOG 17:45:20.651] PartLoader: Part 'SquadExpansion/MakingHistory/Parts/Coupling/EnginePlate_5/EnginePlate5' has no database record. Creating.
[LOG 17:45:20.651] [DragCubeSystem]: Drag cubes not found or cannot be read for part Part. Generating New drag cubes.
[LOG 17:45:20.651] [KSPCF/DragCubeGeneration] Part 'EnginePlate5' has defined a procedural drag cube setup
[LOG 17:45:20.651] PartLoader: Compiling Part 'SquadExpansion/MakingHistory/Parts/Coupling/InflatableAirlock/InflatableAirlock'
[LOG 17:45:20.654] PartLoader: Part 'SquadExpansion/MakingHistory/Parts/Coupling/InflatableAirlock/InflatableAirlock' has no database record. Creating.
[LOG 17:45:20.654] [DragCubeSystem]: Drag cubes not found or cannot be read for part Part. Generating New drag cubes.
[LOG 17:45:20.654] [KSPCF/DragCubeGeneration] Creating drag cubes for part 'InflatableAirlock'
[LOG 17:45:20.670] PartLoader: Compiling Part 'SquadExpansion/MakingHistory/Parts/Coupling/Separator_1p5/Separator_1p5'
[LOG 17:45:20.673] PartLoader: Part 'SquadExpansion/MakingHistory/Parts/Coupling/Separator_1p5/Separator_1p5' has no database record. Creating.
[LOG 17:45:20.674] PartLoader: Compiling Part 'SquadExpansion/MakingHistory/Parts/Coupling/Separator_4/Separator_4'
[LOG 17:45:20.679] PartLoader: Part 'SquadExpansion/MakingHistory/Parts/Coupling/Separator_4/Separator_4' has no database record. Creating.
[LOG 17:45:20.679] PartLoader: Compiling Part 'SquadExpansion/MakingHistory/Parts/Coupling/Size1p5_Strut_Decoupler/Size1p5_Strut_Decoupler'
[LOG 17:45:20.682] PartLoader: Part 'SquadExpansion/MakingHistory/Parts/Coupling/Size1p5_Strut_Decoupler/Size1p5_Strut_Decoupler' has no database record. Creating.
[LOG 17:45:20.682] PartLoader: Compiling Part 'SquadExpansion/MakingHistory/Parts/Engine/LiquidEngineKE-1/LiquidEngineKE-1'
[LOG 17:45:20.688] PartLoader: Part 'SquadExpansion/MakingHistory/Parts/Engine/LiquidEngineKE-1/LiquidEngineKE-1' has no database record. Creating.
[LOG 17:45:20.688] [DragCubeSystem]: Drag cubes not found or cannot be read for part Part. Generating New drag cubes.
[LOG 17:45:20.688] [KSPCF/DragCubeGeneration] Creating drag cubes for part 'LiquidEngineKE-1'
[LOG 17:45:20.787] PartLoader: Compiling Part 'SquadExpansion/MakingHistory/Parts/Engine/LiquidEngineLV-T91/LiquidEngineLV-T91'
[LOG 17:45:20.793] PartLoader: Part 'SquadExpansion/MakingHistory/Parts/Engine/LiquidEngineLV-T91/LiquidEngineLV-T91' has no database record. Creating.
[LOG 17:45:20.793] [DragCubeSystem]: Drag cubes not found or cannot be read for part Part. Generating New drag cubes.
[LOG 17:45:20.793] [KSPCF/DragCubeGeneration] Creating drag cubes for part 'LiquidEngineLV-T91'
[LOG 17:45:20.826] PartLoader: Compiling Part 'SquadExpansion/MakingHistory/Parts/Engine/LiquidEngineLV-TX87/LiquidEngineLV-TX87'
[LOG 17:45:20.832] PartLoader: Part 'SquadExpansion/MakingHistory/Parts/Engine/LiquidEngineLV-TX87/LiquidEngineLV-TX87' has no database record. Creating.
[LOG 17:45:20.832] [DragCubeSystem]: Drag cubes not found or cannot be read for part Part. Generating New drag cubes.
[LOG 17:45:20.832] [KSPCF/DragCubeGeneration] Creating drag cubes for part 'LiquidEngineLV-TX87'
[LOG 17:45:20.863] PartLoader: Compiling Part 'SquadExpansion/MakingHistory/Parts/Engine/LiquidEngineRE-I2/LiquidEngineRE-I2'
[LOG 17:45:20.869] PartLoader: Part 'SquadExpansion/MakingHistory/Parts/Engine/LiquidEngineRE-I2/LiquidEngineRE-I2' has no database record. Creating.
[LOG 17:45:20.869] [DragCubeSystem]: Drag cubes not found or cannot be read for part Part. Generating New drag cubes.
[LOG 17:45:20.869] [KSPCF/DragCubeGeneration] Creating drag cubes for part 'LiquidEngineRE-I2'
[LOG 17:45:20.901] PartLoader: Compiling Part 'SquadExpansion/MakingHistory/Parts/Engine/LiquidEngineRE-J10/LiquidEngineRE-J10'
[LOG 17:45:20.907] PartLoader: Part 'SquadExpansion/MakingHistory/Parts/Engine/LiquidEngineRE-J10/LiquidEngineRE-J10' has no database record. Creating.
[LOG 17:45:20.907] [DragCubeSystem]: Drag cubes not found or cannot be read for part Part. Generating New drag cubes.
[LOG 17:45:20.907] [KSPCF/DragCubeGeneration] Creating drag cubes for part 'LiquidEngineRE-J10'
[LOG 17:45:20.937] PartLoader: Compiling Part 'SquadExpansion/MakingHistory/Parts/Engine/LiquidEngineRK-7/LiquidEngineRK-7'
[LOG 17:45:20.942] PartLoader: Part 'SquadExpansion/MakingHistory/Parts/Engine/LiquidEngineRK-7/LiquidEngineRK-7' has no database record. Creating.
[LOG 17:45:20.942] [DragCubeSystem]: Drag cubes not found or cannot be read for part Part. Generating New drag cubes.
[LOG 17:45:20.942] [KSPCF/DragCubeGeneration] Creating drag cubes for part 'LiquidEngineRK-7'
[LOG 17:45:20.981] PartLoader: Compiling Part 'SquadExpansion/MakingHistory/Parts/Engine/LiquidEngineRV-1/LiquidEngineRV-1'
[LOG 17:45:20.985] PartLoader: Part 'SquadExpansion/MakingHistory/Parts/Engine/LiquidEngineRV-1/LiquidEngineRV-1' has no database record. Creating.
[LOG 17:45:20.985] [DragCubeSystem]: Drag cubes not found or cannot be read for part Part. Generating New drag cubes.
[LOG 17:45:20.985] [KSPCF/DragCubeGeneration] Creating drag cubes for part 'LiquidEngineRV-1'
[LOG 17:45:20.992] PartLoader: Compiling Part 'SquadExpansion/MakingHistory/Parts/Engine/solidBoosterTHK/solidBoosterTHK/Pollux'
[LOG 17:45:20.995] PartLoader: Part 'SquadExpansion/MakingHistory/Parts/Engine/solidBoosterTHK/solidBoosterTHK/Pollux' has no database record. Creating.
[LOG 17:45:20.995] [DragCubeSystem]: Drag cubes not found or cannot be read for part Part. Generating New drag cubes.
[LOG 17:45:20.995] [KSPCF/DragCubeGeneration] Creating drag cubes for part 'Pollux'
[LOG 17:45:21.000] PartLoader: Compiling Part 'SquadExpansion/MakingHistory/Parts/FuelTank/MonoPropMini/monopropMiniSphere'
[LOG 17:45:21.002] PartLoader: Part 'SquadExpansion/MakingHistory/Parts/FuelTank/MonoPropMini/monopropMiniSphere' has no database record. Creating.
[LOG 17:45:21.002] [DragCubeSystem]: Drag cubes not found or cannot be read for part Part. Generating New drag cubes.
[LOG 17:45:21.002] [KSPCF/DragCubeGeneration] Creating drag cubes for part 'monopropMiniSphere'
[LOG 17:45:21.008] PartLoader: Compiling Part 'SquadExpansion/MakingHistory/Parts/FuelTank/Size1p5_Monoprop/Size1p5_Monoprop'
[LOG 17:45:21.010] PartLoader: Part 'SquadExpansion/MakingHistory/Parts/FuelTank/Size1p5_Monoprop/Size1p5_Monoprop' has no database record. Creating.
[LOG 17:45:21.010] [DragCubeSystem]: Drag cubes not found or cannot be read for part Part. Generating New drag cubes.
[LOG 17:45:21.010] [KSPCF/DragCubeGeneration] Creating drag cubes for part 'Size1p5.Monoprop'
[LOG 17:45:21.016] PartLoader: Compiling Part 'SquadExpansion/MakingHistory/Parts/FuelTank/Size1p5_Size0_Adapter_01/Size1p5_Size0_Adapter_01'
[LOG 17:45:21.017] PartLoader: Part 'SquadExpansion/MakingHistory/Parts/FuelTank/Size1p5_Size0_Adapter_01/Size1p5_Size0_Adapter_01' has no database record. Creating.
[LOG 17:45:21.017] [DragCubeSystem]: Drag cubes not found or cannot be read for part Part. Generating New drag cubes.
[LOG 17:45:21.017] [KSPCF/DragCubeGeneration] Creating drag cubes for part 'Size1p5.Size0.Adapter.01'
[LOG 17:45:21.022] PartLoader: Compiling Part 'SquadExpansion/MakingHistory/Parts/FuelTank/Size1p5_Size1_Adapter_01/Size1p5_Size1_Adapter_01'
[LOG 17:45:21.024] PartLoader: Part 'SquadExpansion/MakingHistory/Parts/FuelTank/Size1p5_Size1_Adapter_01/Size1p5_Size1_Adapter_01' has no database record. Creating.
[LOG 17:45:21.024] [DragCubeSystem]: Drag cubes not found or cannot be read for part Part. Generating New drag cubes.
[LOG 17:45:21.024] [KSPCF/DragCubeGeneration] Creating drag cubes for part 'Size1p5.Size1.Adapter.01'
[LOG 17:45:21.030] PartLoader: Compiling Part 'SquadExpansion/MakingHistory/Parts/FuelTank/Size1p5_Size1_Adapter_02/Size1p5_Size1_Adapter_02'
[LOG 17:45:21.031] PartLoader: Part 'SquadExpansion/MakingHistory/Parts/FuelTank/Size1p5_Size1_Adapter_02/Size1p5_Size1_Adapter_02' has no database record. Creating.
[LOG 17:45:21.031] [DragCubeSystem]: Drag cubes not found or cannot be read for part Part. Generating New drag cubes.
[LOG 17:45:21.031] [KSPCF/DragCubeGeneration] Creating drag cubes for part 'Size1p5.Size1.Adapter.02'
[LOG 17:45:21.036] PartLoader: Compiling Part 'SquadExpansion/MakingHistory/Parts/FuelTank/Size1p5_Size2_Adapter_01/Size1p5_Size2_Adapter_01'
[LOG 17:45:21.037] PartLoader: Part 'SquadExpansion/MakingHistory/Parts/FuelTank/Size1p5_Size2_Adapter_01/Size1p5_Size2_Adapter_01' has no database record. Creating.
[LOG 17:45:21.037] [DragCubeSystem]: Drag cubes not found or cannot be read for part Part. Generating New drag cubes.
[LOG 17:45:21.038] [KSPCF/DragCubeGeneration] Creating drag cubes for part 'Size1p5.Size2.Adapter.01'
[LOG 17:45:21.044] PartLoader: Compiling Part 'SquadExpansion/MakingHistory/Parts/FuelTank/Size1p5_Tank_01/Size1p5_Tank_01'
[LOG 17:45:21.046] PartLoader: Part 'SquadExpansion/MakingHistory/Parts/FuelTank/Size1p5_Tank_01/Size1p5_Tank_01' has no database record. Creating.
[LOG 17:45:21.046] [DragCubeSystem]: Drag cubes not found or cannot be read for part Part. Generating New drag cubes.
[LOG 17:45:21.046] [KSPCF/DragCubeGeneration] Creating drag cubes for part 'Size1p5.Tank.01'
[LOG 17:45:21.051] PartLoader: Compiling Part 'SquadExpansion/MakingHistory/Parts/FuelTank/Size1p5_Tank_02/Size1p5_Tank_02'
[LOG 17:45:21.053] PartLoader: Part 'SquadExpansion/MakingHistory/Parts/FuelTank/Size1p5_Tank_02/Size1p5_Tank_02' has no database record. Creating.
[LOG 17:45:21.053] [DragCubeSystem]: Drag cubes not found or cannot be read for part Part. Generating New drag cubes.
[LOG 17:45:21.053] [KSPCF/DragCubeGeneration] Creating drag cubes for part 'Size1p5.Tank.02'
[LOG 17:45:21.059] PartLoader: Compiling Part 'SquadExpansion/MakingHistory/Parts/FuelTank/Size1p5_Tank_03/Size1p5_Tank_03'
[LOG 17:45:21.061] PartLoader: Part 'SquadExpansion/MakingHistory/Parts/FuelTank/Size1p5_Tank_03/Size1p5_Tank_03' has no database record. Creating.
[LOG 17:45:21.061] [DragCubeSystem]: Drag cubes not found or cannot be read for part Part. Generating New drag cubes.
[LOG 17:45:21.061] [KSPCF/DragCubeGeneration] Creating drag cubes for part 'Size1p5.Tank.03'
[LOG 17:45:21.066] PartLoader: Compiling Part 'SquadExpansion/MakingHistory/Parts/FuelTank/Size1p5_Tank_04/Size1p5_Tank_04'
[LOG 17:45:21.068] PartLoader: Part 'SquadExpansion/MakingHistory/Parts/FuelTank/Size1p5_Tank_04/Size1p5_Tank_04' has no database record. Creating.
[LOG 17:45:21.068] [DragCubeSystem]: Drag cubes not found or cannot be read for part Part. Generating New drag cubes.
[LOG 17:45:21.068] [KSPCF/DragCubeGeneration] Creating drag cubes for part 'Size1p5.Tank.04'
[LOG 17:45:21.073] PartLoader: Compiling Part 'SquadExpansion/MakingHistory/Parts/FuelTank/Size1p5_Tank_05/Size1p5_Tank_05'
[LOG 17:45:21.077] PartLoader: Part 'SquadExpansion/MakingHistory/Parts/FuelTank/Size1p5_Tank_05/Size1p5_Tank_05' has no database record. Creating.
[LOG 17:45:21.077] [DragCubeSystem]: Drag cubes not found or cannot be read for part Part. Generating New drag cubes.
[LOG 17:45:21.077] [KSPCF/DragCubeGeneration] Creating drag cubes for part 'Size1p5.Tank.05'
[LOG 17:45:21.084] PartLoader: Compiling Part 'SquadExpansion/MakingHistory/Parts/FuelTank/Size3_Size4_Adapter_01/Size3_Size4_Adapter_01'
[LOG 17:45:21.086] PartLoader: Part 'SquadExpansion/MakingHistory/Parts/FuelTank/Size3_Size4_Adapter_01/Size3_Size4_Adapter_01' has no database record. Creating.
[LOG 17:45:21.086] [DragCubeSystem]: Drag cubes not found or cannot be read for part Part. Generating New drag cubes.
[LOG 17:45:21.086] [KSPCF/DragCubeGeneration] Creating drag cubes for part 'Size3.Size4.Adapter.01'
[LOG 17:45:21.091] PartLoader: Compiling Part 'SquadExpansion/MakingHistory/Parts/FuelTank/Size4_EngineAdapter_01/Size4_EngineAdapter_01'
[LOG 17:45:21.093] PartLoader: Part 'SquadExpansion/MakingHistory/Parts/FuelTank/Size4_EngineAdapter_01/Size4_EngineAdapter_01' has no database record. Creating.
[LOG 17:45:21.093] [DragCubeSystem]: Drag cubes not found or cannot be read for part Part. Generating New drag cubes.
[LOG 17:45:21.093] [KSPCF/DragCubeGeneration] Creating drag cubes for part 'Size4.EngineAdapter.01'
[LOG 17:45:21.099] PartLoader: Compiling Part 'SquadExpansion/MakingHistory/Parts/FuelTank/Size4_Tank_01/Size4_Tank_01'
[LOG 17:45:21.100] PartLoader: Part 'SquadExpansion/MakingHistory/Parts/FuelTank/Size4_Tank_01/Size4_Tank_01' has no database record. Creating.
[LOG 17:45:21.100] [DragCubeSystem]: Drag cubes not found or cannot be read for part Part. Generating New drag cubes.
[LOG 17:45:21.100] [KSPCF/DragCubeGeneration] Creating drag cubes for part 'Size4.Tank.01'
[LOG 17:45:21.105] PartLoader: Compiling Part 'SquadExpansion/MakingHistory/Parts/FuelTank/Size4_Tank_02/Size4_Tank_02'
[LOG 17:45:21.107] PartLoader: Part 'SquadExpansion/MakingHistory/Parts/FuelTank/Size4_Tank_02/Size4_Tank_02' has no database record. Creating.
[LOG 17:45:21.107] [DragCubeSystem]: Drag cubes not found or cannot be read for part Part. Generating New drag cubes.
[LOG 17:45:21.107] [KSPCF/DragCubeGeneration] Creating drag cubes for part 'Size4.Tank.02'
[LOG 17:45:21.112] PartLoader: Compiling Part 'SquadExpansion/MakingHistory/Parts/FuelTank/Size4_Tank_03/Size4_Tank_03'
[LOG 17:45:21.114] PartLoader: Part 'SquadExpansion/MakingHistory/Parts/FuelTank/Size4_Tank_03/Size4_Tank_03' has no database record. Creating.
[LOG 17:45:21.114] [DragCubeSystem]: Drag cubes not found or cannot be read for part Part. Generating New drag cubes.
[LOG 17:45:21.114] [KSPCF/DragCubeGeneration] Creating drag cubes for part 'Size4.Tank.03'
[LOG 17:45:21.119] PartLoader: Compiling Part 'SquadExpansion/MakingHistory/Parts/FuelTank/Size4_Tank_04/Size4_Tank_04'
[LOG 17:45:21.121] PartLoader: Part 'SquadExpansion/MakingHistory/Parts/FuelTank/Size4_Tank_04/Size4_Tank_04' has no database record. Creating.
[LOG 17:45:21.121] [DragCubeSystem]: Drag cubes not found or cannot be read for part Part. Generating New drag cubes.
[LOG 17:45:21.121] [KSPCF/DragCubeGeneration] Creating drag cubes for part 'Size4.Tank.04'
[LOG 17:45:21.125] PartLoader: Compiling Part 'SquadExpansion/MakingHistory/Parts/Ground/RoverWheel/roverWheelM1-F'
[LOG 17:45:21.130] PartLoader: Part 'SquadExpansion/MakingHistory/Parts/Ground/RoverWheel/roverWheelM1-F' has no database record. Creating.
[LOG 17:45:21.130] [DragCubeSystem]: Drag cubes not found or cannot be read for part Part. Generating New drag cubes.
[LOG 17:45:21.130] [KSPCF/DragCubeGeneration] Creating drag cubes for part 'roverWheelM1-F'
[LOG 17:45:21.148] PartLoader: Compiling Part 'SquadExpansion/MakingHistory/Parts/Payload/fairingSize1p5/fairingSize1p5'
[LOG 17:45:21.154] PartLoader: Part 'SquadExpansion/MakingHistory/Parts/Payload/fairingSize1p5/fairingSize1p5' has no database record. Creating.
[LOG 17:45:21.154] [DragCubeSystem]: Drag cubes not found or cannot be read for part Part. Generating New drag cubes.
[LOG 17:45:21.154] [KSPCF/DragCubeGeneration] Creating drag cubes for part 'fairingSize1p5'
[LOG 17:45:21.161] PartLoader: Compiling Part 'SquadExpansion/MakingHistory/Parts/Payload/fairingSize4/fairingSize4'
[LOG 17:45:21.166] PartLoader: Part 'SquadExpansion/MakingHistory/Parts/Payload/fairingSize4/fairingSize4' has no database record. Creating.
[LOG 17:45:21.166] [DragCubeSystem]: Drag cubes not found or cannot be read for part Part. Generating New drag cubes.
[LOG 17:45:21.166] [KSPCF/DragCubeGeneration] Creating drag cubes for part 'fairingSize4'
[LOG 17:45:21.172] PartLoader: Compiling Part 'SquadExpansion/MakingHistory/Parts/Payload/Size1to0ServiceModule/Size1to0ServiceModule'
[LOG 17:45:21.177] PartLoader: Part 'SquadExpansion/MakingHistory/Parts/Payload/Size1to0ServiceModule/Size1to0ServiceModule' has no database record. Creating.
[LOG 17:45:21.177] [DragCubeSystem]: Drag cubes not found or cannot be read for part Part. Generating New drag cubes.
[LOG 17:45:21.177] [KSPCF/DragCubeGeneration] Part 'Size1to0ServiceModule' has defined a procedural drag cube setup
[LOG 17:45:21.177] PartLoader: Compiling Part 'SquadExpansion/MakingHistory/Parts/Payload/SM18/ServiceModule18'
[LOG 17:45:21.181] PartLoader: Part 'SquadExpansion/MakingHistory/Parts/Payload/SM18/ServiceModule18' has no database record. Creating.
[LOG 17:45:21.181] [DragCubeSystem]: Drag cubes not found or cannot be read for part Part. Generating New drag cubes.
[LOG 17:45:21.181] [KSPCF/DragCubeGeneration] Part 'ServiceModule18' has defined a procedural drag cube setup
[LOG 17:45:21.181] PartLoader: Compiling Part 'SquadExpansion/MakingHistory/Parts/Payload/SM25/ServiceModule25'
[LOG 17:45:21.184] PartLoader: Part 'SquadExpansion/MakingHistory/Parts/Payload/SM25/ServiceModule25' has no database record. Creating.
[LOG 17:45:21.184] [DragCubeSystem]: Drag cubes not found or cannot be read for part Part. Generating New drag cubes.
[LOG 17:45:21.184] [KSPCF/DragCubeGeneration] Part 'ServiceModule25' has defined a procedural drag cube setup
[LOG 17:45:21.185] PartLoader: Compiling Part 'SquadExpansion/MakingHistory/Parts/Pods/KV1Pod/kv1Pod'
[WRN 17:45:21.187] [Part]: Cannot have ModuleCargoPart and ModuleInventoryPart on same Part [kv1Pod'. Removed ModuleCargoPart
[LOG 17:45:21.190] PartLoader: Part 'SquadExpansion/MakingHistory/Parts/Pods/KV1Pod/kv1Pod' has no database record. Creating.
[LOG 17:45:21.191] PartLoader: Compiling Part 'SquadExpansion/MakingHistory/Parts/Pods/KV2Pod/kv2Pod'
[WRN 17:45:21.193] [Part]: Cannot have ModuleCargoPart and ModuleInventoryPart on same Part [kv2Pod'. Removed ModuleCargoPart
[LOG 17:45:21.195] PartLoader: Part 'SquadExpansion/MakingHistory/Parts/Pods/KV2Pod/kv2Pod' has no database record. Creating.
[LOG 17:45:21.196] PartLoader: Compiling Part 'SquadExpansion/MakingHistory/Parts/Pods/KV3Pod/kv3Pod'
[WRN 17:45:21.198] [Part]: Cannot have ModuleCargoPart and ModuleInventoryPart on same Part [kv3Pod'. Removed ModuleCargoPart
[LOG 17:45:21.200] PartLoader: Part 'SquadExpansion/MakingHistory/Parts/Pods/KV3Pod/kv3Pod' has no database record. Creating.
[LOG 17:45:21.202] PartLoader: Compiling Part 'SquadExpansion/MakingHistory/Parts/Pods/Mk2Pod/Mk2Pod'
[WRN 17:45:21.204] [Part]: Cannot have ModuleCargoPart and ModuleInventoryPart on same Part [Mk2Pod'. Removed ModuleCargoPart
[LOG 17:45:21.205] PartLoader: Part 'SquadExpansion/MakingHistory/Parts/Pods/Mk2Pod/Mk2Pod' has no database record. Creating.
[LOG 17:45:21.205] [DragCubeSystem]: Drag cubes not found or cannot be read for part Part. Generating New drag cubes.
[LOG 17:45:21.206] [KSPCF/DragCubeGeneration] Creating drag cubes for part 'Mk2Pod'
[LOG 17:45:21.213] PartLoader: Compiling Part 'SquadExpansion/MakingHistory/Parts/Pods/Size1_5_Lander/MEMLander'
[WRN 17:45:21.217] [Part]: Cannot add ModuleCargoPart as this Part 'MEMLander' already has a ModuleInventoryPart PartModule and they are mutually exclusive.
[LOG 17:45:21.219] PartLoader: Part 'SquadExpansion/MakingHistory/Parts/Pods/Size1_5_Lander/MEMLander' has no database record. Creating.
[LOG 17:45:21.219] [DragCubeSystem]: Drag cubes not found or cannot be read for part Part. Generating New drag cubes.
[LOG 17:45:21.219] [KSPCF/DragCubeGeneration] Creating drag cubes for part 'MEMLander'
[LOG 17:45:21.227] PartLoader: Compiling Part 'SquadExpansion/MakingHistory/Parts/Prebuilt/kerbalEVAfemaleVintage/kerbalEVAfemaleVintage'
[LOG 17:45:21.230] PartLoader: Compiling Part 'SquadExpansion/MakingHistory/Parts/Prebuilt/kerbalEVAVintage/kerbalEVAVintage'
[LOG 17:45:21.234] PartLoader: Compiling Part 'SquadExpansion/MakingHistory/Parts/Structural/EquiTriangle0/EquiTriangle0'
[LOG 17:45:21.237] PartLoader: Part 'SquadExpansion/MakingHistory/Parts/Structural/EquiTriangle0/EquiTriangle0' has no database record. Creating.
[LOG 17:45:21.237] [DragCubeSystem]: Drag cubes not found or cannot be read for part Part. Generating New drag cubes.
[LOG 17:45:21.237] [KSPCF/DragCubeGeneration] Creating drag cubes for part 'EquiTriangle0'
[LOG 17:45:21.244] PartLoader: Compiling Part 'SquadExpansion/MakingHistory/Parts/Structural/EquiTriangle1/EquiTriangle1'
[LOG 17:45:21.246] PartLoader: Part 'SquadExpansion/MakingHistory/Parts/Structural/EquiTriangle1/EquiTriangle1' has no database record. Creating.
[LOG 17:45:21.246] [DragCubeSystem]: Drag cubes not found or cannot be read for part Part. Generating New drag cubes.
[LOG 17:45:21.246] [KSPCF/DragCubeGeneration] Creating drag cubes for part 'EquiTriangle1'
[LOG 17:45:21.252] PartLoader: Compiling Part 'SquadExpansion/MakingHistory/Parts/Structural/EquiTriangle1p5/EquiTriangle1p5'
[LOG 17:45:21.254] PartLoader: Part 'SquadExpansion/MakingHistory/Parts/Structural/EquiTriangle1p5/EquiTriangle1p5' has no database record. Creating.
[LOG 17:45:21.254] [DragCubeSystem]: Drag cubes not found or cannot be read for part Part. Generating New drag cubes.
[LOG 17:45:21.254] [KSPCF/DragCubeGeneration] Creating drag cubes for part 'EquiTriangle1p5'
[LOG 17:45:21.259] PartLoader: Compiling Part 'SquadExpansion/MakingHistory/Parts/Structural/EquiTriangle2/EquiTriangle2'
[LOG 17:45:21.261] PartLoader: Part 'SquadExpansion/MakingHistory/Parts/Structural/EquiTriangle2/EquiTriangle2' has no database record. Creating.
[LOG 17:45:21.261] [DragCubeSystem]: Drag cubes not found or cannot be read for part Part. Generating New drag cubes.
[LOG 17:45:21.261] [KSPCF/DragCubeGeneration] Creating drag cubes for part 'EquiTriangle2'
[LOG 17:45:21.265] PartLoader: Compiling Part 'SquadExpansion/MakingHistory/Parts/Structural/Panel0/Panel0'
[LOG 17:45:21.267] PartLoader: Part 'SquadExpansion/MakingHistory/Parts/Structural/Panel0/Panel0' has no database record. Creating.
[LOG 17:45:21.267] [DragCubeSystem]: Drag cubes not found or cannot be read for part Part. Generating New drag cubes.
[LOG 17:45:21.267] [KSPCF/DragCubeGeneration] Creating drag cubes for part 'Panel0'
[LOG 17:45:21.272] PartLoader: Compiling Part 'SquadExpansion/MakingHistory/Parts/Structural/Panel1/Panel1'
[LOG 17:45:21.274] PartLoader: Part 'SquadExpansion/MakingHistory/Parts/Structural/Panel1/Panel1' has no database record. Creating.
[LOG 17:45:21.274] [DragCubeSystem]: Drag cubes not found or cannot be read for part Part. Generating New drag cubes.
[LOG 17:45:21.274] [KSPCF/DragCubeGeneration] Creating drag cubes for part 'Panel1'
[LOG 17:45:21.278] PartLoader: Compiling Part 'SquadExpansion/MakingHistory/Parts/Structural/Panel1p5/Panel1p5'
[LOG 17:45:21.281] PartLoader: Part 'SquadExpansion/MakingHistory/Parts/Structural/Panel1p5/Panel1p5' has no database record. Creating.
[LOG 17:45:21.281] [DragCubeSystem]: Drag cubes not found or cannot be read for part Part. Generating New drag cubes.
[LOG 17:45:21.281] [KSPCF/DragCubeGeneration] Creating drag cubes for part 'Panel1p5'
[LOG 17:45:21.287] PartLoader: Compiling Part 'SquadExpansion/MakingHistory/Parts/Structural/Panel2/Panel2'
[LOG 17:45:21.289] PartLoader: Part 'SquadExpansion/MakingHistory/Parts/Structural/Panel2/Panel2' has no database record. Creating.
[LOG 17:45:21.289] [DragCubeSystem]: Drag cubes not found or cannot be read for part Part. Generating New drag cubes.
[LOG 17:45:21.289] [KSPCF/DragCubeGeneration] Creating drag cubes for part 'Panel2'
[LOG 17:45:21.294] PartLoader: Compiling Part 'SquadExpansion/MakingHistory/Parts/Structural/Triangle0/Triangle0'
[LOG 17:45:21.296] PartLoader: Part 'SquadExpansion/MakingHistory/Parts/Structural/Triangle0/Triangle0' has no database record. Creating.
[LOG 17:45:21.296] [DragCubeSystem]: Drag cubes not found or cannot be read for part Part. Generating New drag cubes.
[LOG 17:45:21.296] [KSPCF/DragCubeGeneration] Creating drag cubes for part 'Triangle0'
[LOG 17:45:21.300] PartLoader: Compiling Part 'SquadExpansion/MakingHistory/Parts/Structural/Triangle1/Triangle1'
[LOG 17:45:21.302] PartLoader: Part 'SquadExpansion/MakingHistory/Parts/Structural/Triangle1/Triangle1' has no database record. Creating.
[LOG 17:45:21.302] [DragCubeSystem]: Drag cubes not found or cannot be read for part Part. Generating New drag cubes.
[LOG 17:45:21.302] [KSPCF/DragCubeGeneration] Creating drag cubes for part 'Triangle1'
[LOG 17:45:21.307] PartLoader: Compiling Part 'SquadExpansion/MakingHistory/Parts/Structural/Triangle1p5/Triangle1p5'
[LOG 17:45:21.309] PartLoader: Part 'SquadExpansion/MakingHistory/Parts/Structural/Triangle1p5/Triangle1p5' has no database record. Creating.
[LOG 17:45:21.309] [DragCubeSystem]: Drag cubes not found or cannot be read for part Part. Generating New drag cubes.
[LOG 17:45:21.309] [KSPCF/DragCubeGeneration] Creating drag cubes for part 'Triangle1p5'
[LOG 17:45:21.314] PartLoader: Compiling Part 'SquadExpansion/MakingHistory/Parts/Structural/Triangle2/Triangle2'
[LOG 17:45:21.316] PartLoader: Part 'SquadExpansion/MakingHistory/Parts/Structural/Triangle2/Triangle2' has no database record. Creating.
[LOG 17:45:21.316] [DragCubeSystem]: Drag cubes not found or cannot be read for part Part. Generating New drag cubes.
[LOG 17:45:21.316] [KSPCF/DragCubeGeneration] Creating drag cubes for part 'Triangle2'
[LOG 17:45:21.322] PartLoader: Compiling Part 'SquadExpansion/MakingHistory/Parts/Structural/Tube1/Tube1'
[LOG 17:45:21.325] PartLoader: Part 'SquadExpansion/MakingHistory/Parts/Structural/Tube1/Tube1' has no database record. Creating.
[LOG 17:45:21.325] PartLoader: Compiling Part 'SquadExpansion/MakingHistory/Parts/Structural/Tube1p5/Tube1p5'
[LOG 17:45:21.328] PartLoader: Part 'SquadExpansion/MakingHistory/Parts/Structural/Tube1p5/Tube1p5' has no database record. Creating.
[LOG 17:45:21.328] PartLoader: Compiling Part 'SquadExpansion/MakingHistory/Parts/Structural/Tube2/Tube2'
[LOG 17:45:21.331] PartLoader: Part 'SquadExpansion/MakingHistory/Parts/Structural/Tube2/Tube2' has no database record. Creating.
[LOG 17:45:21.331] PartLoader: Compiling Part 'SquadExpansion/MakingHistory/Parts/Structural/Tube3/Tube3'
[LOG 17:45:21.332] PartLoader: Part 'SquadExpansion/MakingHistory/Parts/Structural/Tube3/Tube3' has no database record. Creating.
[LOG 17:45:21.332] PartLoader: Compiling Part 'SquadExpansion/MakingHistory/Parts/Structural/Tube4/Tube4'
[LOG 17:45:21.335] PartLoader: Part 'SquadExpansion/MakingHistory/Parts/Structural/Tube4/Tube4' has no database record. Creating.
[LOG 17:45:21.335] PartLoader: Compiling Part 'SquadExpansion/MakingHistory/Parts/Thermal/HeatShield1p5/HeatShield1p5'
[LOG 17:45:21.339] PartLoader: Part 'SquadExpansion/MakingHistory/Parts/Thermal/HeatShield1p5/HeatShield1p5' has no database record. Creating.
[LOG 17:45:21.339] [DragCubeSystem]: Drag cubes not found or cannot be read for part Part. Generating New drag cubes.
[LOG 17:45:21.339] [KSPCF/DragCubeGeneration] Creating drag cubes for part 'HeatShield1p5'
[LOG 17:45:21.356] PartLoader: Compiling Part 'SquadExpansion/MakingHistory/Parts/Utility/flags/flagSize1p5/flagSize1p5/flagPartSize1p5'
[LOG 17:45:21.359] PartLoader: Part 'SquadExpansion/MakingHistory/Parts/Utility/flags/flagSize1p5/flagSize1p5/flagPartSize1p5' has no database record. Creating.
[LOG 17:45:21.359] [DragCubeSystem]: Drag cubes not found or cannot be read for part Part. Generating New drag cubes.
[LOG 17:45:21.359] [KSPCF/DragCubeGeneration] Creating drag cubes for part 'flagPartSize1p5'
[LOG 17:45:21.364] PartLoader: Compiling Part 'SquadExpansion/MakingHistory/Parts/Utility/flags/flagSize4/flagSize4/flagPartSize4'
[LOG 17:45:21.367] PartLoader: Part 'SquadExpansion/MakingHistory/Parts/Utility/flags/flagSize4/flagSize4/flagPartSize4' has no database record. Creating.
[LOG 17:45:21.367] [DragCubeSystem]: Drag cubes not found or cannot be read for part Part. Generating New drag cubes.
[LOG 17:45:21.367] [KSPCF/DragCubeGeneration] Creating drag cubes for part 'flagPartSize4'
[LOG 17:45:21.373] PartLoader: Compiling Part 'SquadExpansion/Serenity/Parts/Aero/FanShroud_01/FanShroud_01'
[LOG 17:45:21.379] PartLoader: Part 'SquadExpansion/Serenity/Parts/Aero/FanShroud_01/FanShroud_01' has no database record. Creating.
[LOG 17:45:21.379] [DragCubeSystem]: Drag cubes not found or cannot be read for part Part. Generating New drag cubes.
[LOG 17:45:21.379] [KSPCF/DragCubeGeneration] Creating drag cubes for part 'FanShroud.01'
[LOG 17:45:21.385] PartLoader: Compiling Part 'SquadExpansion/Serenity/Parts/Aero/FanShroud_02/FanShroud_02'
[LOG 17:45:21.388] PartLoader: Part 'SquadExpansion/Serenity/Parts/Aero/FanShroud_02/FanShroud_02' has no database record. Creating.
[LOG 17:45:21.388] [DragCubeSystem]: Drag cubes not found or cannot be read for part Part. Generating New drag cubes.
[LOG 17:45:21.388] [KSPCF/DragCubeGeneration] Creating drag cubes for part 'FanShroud.02'
[LOG 17:45:21.393] PartLoader: Compiling Part 'SquadExpansion/Serenity/Parts/Aero/FanShroud_03/FanShroud_03'
[LOG 17:45:21.395] PartLoader: Part 'SquadExpansion/Serenity/Parts/Aero/FanShroud_03/FanShroud_03' has no database record. Creating.
[LOG 17:45:21.395] [DragCubeSystem]: Drag cubes not found or cannot be read for part Part. Generating New drag cubes.
[LOG 17:45:21.395] [KSPCF/DragCubeGeneration] Creating drag cubes for part 'FanShroud.03'
[LOG 17:45:21.399] PartLoader: Compiling Part 'SquadExpansion/Serenity/Parts/Aero/noseconeTiny/noseconeTiny'
[LOG 17:45:21.401] PartLoader: Part 'SquadExpansion/Serenity/Parts/Aero/noseconeTiny/noseconeTiny' has no database record. Creating.
[LOG 17:45:21.401] [DragCubeSystem]: Drag cubes not found or cannot be read for part Part. Generating New drag cubes.
[LOG 17:45:21.401] [KSPCF/DragCubeGeneration] Creating drag cubes for part 'noseconeTiny'
[LOG 17:45:21.405] PartLoader: Compiling Part 'SquadExpansion/Serenity/Parts/Aero/noseconeVS/noseconeVS'
[LOG 17:45:21.408] PartLoader: Part 'SquadExpansion/Serenity/Parts/Aero/noseconeVS/noseconeVS' has no database record. Creating.
[LOG 17:45:21.408] [DragCubeSystem]: Drag cubes not found or cannot be read for part Part. Generating New drag cubes.
[LOG 17:45:21.408] [KSPCF/DragCubeGeneration] Creating drag cubes for part 'noseconeVS'
[LOG 17:45:21.412] PartLoader: Compiling Part 'SquadExpansion/Serenity/Parts/DeployedScience/centralStation/DeployedCentralStation'
[LOG 17:45:21.421] PartLoader: Part 'SquadExpansion/Serenity/Parts/DeployedScience/centralStation/DeployedCentralStation' has no database record. Creating.
[LOG 17:45:21.422] [DragCubeSystem]: Drag cubes not found or cannot be read for part Part. Generating New drag cubes.
[LOG 17:45:21.422] [KSPCF/DragCubeGeneration] Creating drag cubes for part 'DeployedCentralStation'
[LOG 17:45:21.471] PartLoader: Compiling Part 'SquadExpansion/Serenity/Parts/DeployedScience/gooObservation/DeployedGoExOb'
[LOG 17:45:21.479] PartLoader: Part 'SquadExpansion/Serenity/Parts/DeployedScience/gooObservation/DeployedGoExOb' has no database record. Creating.
[LOG 17:45:21.479] [DragCubeSystem]: Drag cubes not found or cannot be read for part Part. Generating New drag cubes.
[LOG 17:45:21.479] [KSPCF/DragCubeGeneration] Creating drag cubes for part 'DeployedGoExOb'
[LOG 17:45:21.520] PartLoader: Compiling Part 'SquadExpansion/Serenity/Parts/DeployedScience/ionCollector/DeployedIONExp'
[LOG 17:45:21.524] PartLoader: Part 'SquadExpansion/Serenity/Parts/DeployedScience/ionCollector/DeployedIONExp' has no database record. Creating.
[LOG 17:45:21.524] [DragCubeSystem]: Drag cubes not found or cannot be read for part Part. Generating New drag cubes.
[LOG 17:45:21.524] [KSPCF/DragCubeGeneration] Creating drag cubes for part 'DeployedIONExp'
[LOG 17:45:21.543] PartLoader: Compiling Part 'SquadExpansion/Serenity/Parts/DeployedScience/rtg/DeployedRTG'
[LOG 17:45:21.557] PartLoader: Part 'SquadExpansion/Serenity/Parts/DeployedScience/rtg/DeployedRTG' has no database record. Creating.
[LOG 17:45:21.558] [DragCubeSystem]: Drag cubes not found or cannot be read for part Part. Generating New drag cubes.
[LOG 17:45:21.558] [KSPCF/DragCubeGeneration] Creating drag cubes for part 'DeployedRTG'
[LOG 17:45:21.581] PartLoader: Compiling Part 'SquadExpansion/Serenity/Parts/DeployedScience/satDish/DeployedSatDish'
[LOG 17:45:21.587] PartLoader: Part 'SquadExpansion/Serenity/Parts/DeployedScience/satDish/DeployedSatDish' has no database record. Creating.
[LOG 17:45:21.588] [DragCubeSystem]: Drag cubes not found or cannot be read for part Part. Generating New drag cubes.
[LOG 17:45:21.588] [KSPCF/DragCubeGeneration] Creating drag cubes for part 'DeployedSatDish'
[LOG 17:45:21.605] PartLoader: Compiling Part 'SquadExpansion/Serenity/Parts/DeployedScience/seismicSensor/DeployedSeismicSensor'
[LOG 17:45:21.608] PartLoader: Part 'SquadExpansion/Serenity/Parts/DeployedScience/seismicSensor/DeployedSeismicSensor' has no database record. Creating.
[LOG 17:45:21.608] [DragCubeSystem]: Drag cubes not found or cannot be read for part Part. Generating New drag cubes.
[LOG 17:45:21.608] [KSPCF/DragCubeGeneration] Creating drag cubes for part 'DeployedSeismicSensor'
[LOG 17:45:21.625] PartLoader: Compiling Part 'SquadExpansion/Serenity/Parts/DeployedScience/solarPanel/DeployedSolarPanel'
[LOG 17:45:21.628] PartLoader: Part 'SquadExpansion/Serenity/Parts/DeployedScience/solarPanel/DeployedSolarPanel' has no database record. Creating.
[LOG 17:45:21.628] [DragCubeSystem]: Drag cubes not found or cannot be read for part Part. Generating New drag cubes.
[LOG 17:45:21.628] [KSPCF/DragCubeGeneration] Creating drag cubes for part 'DeployedSolarPanel'
[LOG 17:45:21.647] PartLoader: Compiling Part 'SquadExpansion/Serenity/Parts/DeployedScience/weatherStation/DeployedWeatherStn'
[LOG 17:45:21.650] PartLoader: Part 'SquadExpansion/Serenity/Parts/DeployedScience/weatherStation/DeployedWeatherStn' has no database record. Creating.
[LOG 17:45:21.650] [DragCubeSystem]: Drag cubes not found or cannot be read for part Part. Generating New drag cubes.
[LOG 17:45:21.650] [KSPCF/DragCubeGeneration] Creating drag cubes for part 'DeployedWeatherStn'
[LOG 17:45:21.683] PartLoader: Compiling Part 'SquadExpansion/Serenity/Parts/Prebuilt/kerbalEVA/kerbalEVA'
[LOG 17:45:21.684] PartLoader: Compiling Part 'SquadExpansion/Serenity/Parts/Prebuilt/kerbalEVAfemale/kerbalEVAfemale'
[LOG 17:45:21.685] PartLoader: Compiling Part 'SquadExpansion/Serenity/Parts/Prebuilt/kerbalEVAfemaleFuture/kerbalEVAfemaleFuture'
[LOG 17:45:21.689] PartLoader: Compiling Part 'SquadExpansion/Serenity/Parts/Prebuilt/kerbalEVAfemaleVintage/kerbalEVAfemaleVintage'
[LOG 17:45:21.690] PartLoader: Compiling Part 'SquadExpansion/Serenity/Parts/Prebuilt/kerbalEVAFuture/kerbalEVAFuture'
[LOG 17:45:21.694] PartLoader: Compiling Part 'SquadExpansion/Serenity/Parts/Prebuilt/kerbalEVASlimSuit/kerbalEVASlimSuit'
[LOG 17:45:21.694] PartLoader: Compiling Part 'SquadExpansion/Serenity/Parts/Prebuilt/kerbalEVASlimSuitFemale/kerbalEVASlimSuitFemale'
[LOG 17:45:21.696] PartLoader: Compiling Part 'SquadExpansion/Serenity/Parts/Prebuilt/kerbalEVAVintage/kerbalEVAVintage'
[LOG 17:45:21.698] PartLoader: Compiling Part 'SquadExpansion/Serenity/Parts/Propellers/largeFanBlade/largeFanBlade'
[LOG 17:45:21.701] PartLoader: Part 'SquadExpansion/Serenity/Parts/Propellers/largeFanBlade/largeFanBlade' has no database record. Creating.
[LOG 17:45:21.701] [DragCubeSystem]: Drag cubes not found or cannot be read for part Part. Generating New drag cubes.
[LOG 17:45:21.701] [KSPCF/DragCubeGeneration] Creating drag cubes for part 'largeFanBlade'
[LOG 17:45:21.723] PartLoader: Compiling Part 'SquadExpansion/Serenity/Parts/Propellers/largeHeliBlade/largeHeliBlade'
[LOG 17:45:21.726] PartLoader: Part 'SquadExpansion/Serenity/Parts/Propellers/largeHeliBlade/largeHeliBlade' has no database record. Creating.
[LOG 17:45:21.726] [DragCubeSystem]: Drag cubes not found or cannot be read for part Part. Generating New drag cubes.
[LOG 17:45:21.726] [KSPCF/DragCubeGeneration] Creating drag cubes for part 'largeHeliBlade'
[LOG 17:45:21.747] PartLoader: Compiling Part 'SquadExpansion/Serenity/Parts/Propellers/largePropeller/largePropeller'
[LOG 17:45:21.751] PartLoader: Part 'SquadExpansion/Serenity/Parts/Propellers/largePropeller/largePropeller' has no database record. Creating.
[LOG 17:45:21.751] [DragCubeSystem]: Drag cubes not found or cannot be read for part Part. Generating New drag cubes.
[LOG 17:45:21.751] [KSPCF/DragCubeGeneration] Creating drag cubes for part 'largePropeller'
[LOG 17:45:21.773] PartLoader: Compiling Part 'SquadExpansion/Serenity/Parts/Propellers/mediumFanBlade/mediumFanBlade'
[LOG 17:45:21.777] PartLoader: Part 'SquadExpansion/Serenity/Parts/Propellers/mediumFanBlade/mediumFanBlade' has no database record. Creating.
[LOG 17:45:21.777] [DragCubeSystem]: Drag cubes not found or cannot be read for part Part. Generating New drag cubes.
[LOG 17:45:21.777] [KSPCF/DragCubeGeneration] Creating drag cubes for part 'mediumFanBlade'
[LOG 17:45:21.800] PartLoader: Compiling Part 'SquadExpansion/Serenity/Parts/Propellers/mediumHeliBlade/mediumHeliBlade'
[LOG 17:45:21.804] PartLoader: Part 'SquadExpansion/Serenity/Parts/Propellers/mediumHeliBlade/mediumHeliBlade' has no database record. Creating.
[LOG 17:45:21.804] [DragCubeSystem]: Drag cubes not found or cannot be read for part Part. Generating New drag cubes.
[LOG 17:45:21.804] [KSPCF/DragCubeGeneration] Creating drag cubes for part 'mediumHeliBlade'
[LOG 17:45:21.824] PartLoader: Compiling Part 'SquadExpansion/Serenity/Parts/Propellers/mediumPropeller/mediumPropeller'
[LOG 17:45:21.828] PartLoader: Part 'SquadExpansion/Serenity/Parts/Propellers/mediumPropeller/mediumPropeller' has no database record. Creating.
[LOG 17:45:21.828] [DragCubeSystem]: Drag cubes not found or cannot be read for part Part. Generating New drag cubes.
[LOG 17:45:21.828] [KSPCF/DragCubeGeneration] Creating drag cubes for part 'mediumPropeller'
[LOG 17:45:21.850] PartLoader: Compiling Part 'SquadExpansion/Serenity/Parts/Propellers/smallFanBlade/smallFanBlade'
[LOG 17:45:21.854] PartLoader: Part 'SquadExpansion/Serenity/Parts/Propellers/smallFanBlade/smallFanBlade' has no database record. Creating.
[LOG 17:45:21.854] [DragCubeSystem]: Drag cubes not found or cannot be read for part Part. Generating New drag cubes.
[LOG 17:45:21.854] [KSPCF/DragCubeGeneration] Creating drag cubes for part 'smallFanBlade'
[LOG 17:45:21.875] PartLoader: Compiling Part 'SquadExpansion/Serenity/Parts/Propellers/smallHeliBlade/smallHeliBlade'
[LOG 17:45:21.878] PartLoader: Part 'SquadExpansion/Serenity/Parts/Propellers/smallHeliBlade/smallHeliBlade' has no database record. Creating.
[LOG 17:45:21.878] [DragCubeSystem]: Drag cubes not found or cannot be read for part Part. Generating New drag cubes.
[LOG 17:45:21.878] [KSPCF/DragCubeGeneration] Creating drag cubes for part 'smallHeliBlade'
[LOG 17:45:21.899] PartLoader: Compiling Part 'SquadExpansion/Serenity/Parts/Propellers/smallPropeller/smallPropeller'
[LOG 17:45:21.902] PartLoader: Part 'SquadExpansion/Serenity/Parts/Propellers/smallPropeller/smallPropeller' has no database record. Creating.
[LOG 17:45:21.903] [DragCubeSystem]: Drag cubes not found or cannot be read for part Part. Generating New drag cubes.
[LOG 17:45:21.903] [KSPCF/DragCubeGeneration] Creating drag cubes for part 'smallPropeller'
[LOG 17:45:21.924] PartLoader: Compiling Part 'SquadExpansion/Serenity/Parts/Robotics/hinge_01/hinge_01'
[LOG 17:45:21.935] PartLoader: Part 'SquadExpansion/Serenity/Parts/Robotics/hinge_01/hinge_01' has no database record. Creating.
[LOG 17:45:21.935] [DragCubeSystem]: Drag cubes not found or cannot be read for part Part. Generating New drag cubes.
[LOG 17:45:21.935] [KSPCF/DragCubeGeneration] Creating drag cubes for part 'hinge.01'
[LOG 17:45:21.942] PartLoader: Compiling Part 'SquadExpansion/Serenity/Parts/Robotics/hinge_01_s/hinge_01_s'
[LOG 17:45:21.948] PartLoader: Part 'SquadExpansion/Serenity/Parts/Robotics/hinge_01_s/hinge_01_s' has no database record. Creating.
[LOG 17:45:21.948] [DragCubeSystem]: Drag cubes not found or cannot be read for part Part. Generating New drag cubes.
[LOG 17:45:21.948] [KSPCF/DragCubeGeneration] Creating drag cubes for part 'hinge.01.s'
[LOG 17:45:21.954] PartLoader: Compiling Part 'SquadExpansion/Serenity/Parts/Robotics/hinge_03/hinge_03'
[LOG 17:45:21.960] PartLoader: Part 'SquadExpansion/Serenity/Parts/Robotics/hinge_03/hinge_03' has no database record. Creating.
[LOG 17:45:21.960] PartLoader: Compiling Part 'SquadExpansion/Serenity/Parts/Robotics/hinge_03_s/hinge_03_s'
[LOG 17:45:21.964] PartLoader: Part 'SquadExpansion/Serenity/Parts/Robotics/hinge_03_s/hinge_03_s' has no database record. Creating.
[LOG 17:45:21.964] PartLoader: Compiling Part 'SquadExpansion/Serenity/Parts/Robotics/hinge_04/hinge_04'
[LOG 17:45:21.968] PartLoader: Part 'SquadExpansion/Serenity/Parts/Robotics/hinge_04/hinge_04' has no database record. Creating.
[LOG 17:45:21.969] PartLoader: Compiling Part 'SquadExpansion/Serenity/Parts/Robotics/piston_01/piston_01'
[LOG 17:45:21.976] PartLoader: Part 'SquadExpansion/Serenity/Parts/Robotics/piston_01/piston_01' has no database record. Creating.
[LOG 17:45:21.976] PartLoader: Compiling Part 'SquadExpansion/Serenity/Parts/Robotics/piston_02/piston_02'
[LOG 17:45:21.979] PartLoader: Part 'SquadExpansion/Serenity/Parts/Robotics/piston_02/piston_02' has no database record. Creating.
[LOG 17:45:21.980] PartLoader: Compiling Part 'SquadExpansion/Serenity/Parts/Robotics/piston_03/piston_03'
[LOG 17:45:21.984] PartLoader: Part 'SquadExpansion/Serenity/Parts/Robotics/piston_03/piston_03' has no database record. Creating.
[LOG 17:45:21.984] PartLoader: Compiling Part 'SquadExpansion/Serenity/Parts/Robotics/piston_04/piston_04'
[LOG 17:45:21.988] PartLoader: Part 'SquadExpansion/Serenity/Parts/Robotics/piston_04/piston_04' has no database record. Creating.
[LOG 17:45:21.990] PartLoader: Compiling Part 'SquadExpansion/Serenity/Parts/Robotics/RotorEngine_02/RotorEngine_02'
[LOG 17:45:21.996] PartLoader: Part 'SquadExpansion/Serenity/Parts/Robotics/RotorEngine_02/RotorEngine_02' has no database record. Creating.
[LOG 17:45:21.996] [DragCubeSystem]: Drag cubes not found or cannot be read for part Part. Generating New drag cubes.
[LOG 17:45:21.996] [KSPCF/DragCubeGeneration] Creating drag cubes for part 'RotorEngine.02'
[LOG 17:45:22.002] PartLoader: Compiling Part 'SquadExpansion/Serenity/Parts/Robotics/RotorEngine_03/RotorEngine_03'
[LOG 17:45:22.006] PartLoader: Part 'SquadExpansion/Serenity/Parts/Robotics/RotorEngine_03/RotorEngine_03' has no database record. Creating.
[LOG 17:45:22.006] [DragCubeSystem]: Drag cubes not found or cannot be read for part Part. Generating New drag cubes.
[LOG 17:45:22.006] [KSPCF/DragCubeGeneration] Creating drag cubes for part 'RotorEngine.03'
[LOG 17:45:22.012] PartLoader: Compiling Part 'SquadExpansion/Serenity/Parts/Robotics/rotor_01/rotor_01'
[LOG 17:45:22.015] PartLoader: Part 'SquadExpansion/Serenity/Parts/Robotics/rotor_01/rotor_01' has no database record. Creating.
[LOG 17:45:22.015] [DragCubeSystem]: Drag cubes not found or cannot be read for part Part. Generating New drag cubes.
[LOG 17:45:22.015] [KSPCF/DragCubeGeneration] Creating drag cubes for part 'rotor.01'
[LOG 17:45:22.024] PartLoader: Compiling Part 'SquadExpansion/Serenity/Parts/Robotics/rotor_01s/rotor_01s'
[LOG 17:45:22.027] PartLoader: Part 'SquadExpansion/Serenity/Parts/Robotics/rotor_01s/rotor_01s' has no database record. Creating.
[LOG 17:45:22.028] [DragCubeSystem]: Drag cubes not found or cannot be read for part Part. Generating New drag cubes.
[LOG 17:45:22.028] [KSPCF/DragCubeGeneration] Creating drag cubes for part 'rotor.01s'
[LOG 17:45:22.033] PartLoader: Compiling Part 'SquadExpansion/Serenity/Parts/Robotics/rotor_02/rotor_02'
[LOG 17:45:22.037] PartLoader: Part 'SquadExpansion/Serenity/Parts/Robotics/rotor_02/rotor_02' has no database record. Creating.
[LOG 17:45:22.037] [DragCubeSystem]: Drag cubes not found or cannot be read for part Part. Generating New drag cubes.
[LOG 17:45:22.037] [KSPCF/DragCubeGeneration] Creating drag cubes for part 'rotor.02'
[LOG 17:45:22.042] PartLoader: Compiling Part 'SquadExpansion/Serenity/Parts/Robotics/rotor_02s/rotor_02s'
[LOG 17:45:22.046] PartLoader: Part 'SquadExpansion/Serenity/Parts/Robotics/rotor_02s/rotor_02s' has no database record. Creating.
[LOG 17:45:22.046] [DragCubeSystem]: Drag cubes not found or cannot be read for part Part. Generating New drag cubes.
[LOG 17:45:22.046] [KSPCF/DragCubeGeneration] Creating drag cubes for part 'rotor.02s'
[LOG 17:45:22.050] PartLoader: Compiling Part 'SquadExpansion/Serenity/Parts/Robotics/rotor_03/rotor_03'
[LOG 17:45:22.054] PartLoader: Part 'SquadExpansion/Serenity/Parts/Robotics/rotor_03/rotor_03' has no database record. Creating.
[LOG 17:45:22.054] [DragCubeSystem]: Drag cubes not found or cannot be read for part Part. Generating New drag cubes.
[LOG 17:45:22.054] [KSPCF/DragCubeGeneration] Creating drag cubes for part 'rotor.03'
[LOG 17:45:22.060] PartLoader: Compiling Part 'SquadExpansion/Serenity/Parts/Robotics/rotor_03s/rotor_03s'
[LOG 17:45:22.065] PartLoader: Part 'SquadExpansion/Serenity/Parts/Robotics/rotor_03s/rotor_03s' has no database record. Creating.
[LOG 17:45:22.065] [DragCubeSystem]: Drag cubes not found or cannot be read for part Part. Generating New drag cubes.
[LOG 17:45:22.065] [KSPCF/DragCubeGeneration] Creating drag cubes for part 'rotor.03s'
[LOG 17:45:22.069] PartLoader: Compiling Part 'SquadExpansion/Serenity/Parts/Robotics/rotoServo_00/rotoServo_00'
[LOG 17:45:22.076] PartLoader: Part 'SquadExpansion/Serenity/Parts/Robotics/rotoServo_00/rotoServo_00' has no database record. Creating.
[LOG 17:45:22.076] [DragCubeSystem]: Drag cubes not found or cannot be read for part Part. Generating New drag cubes.
[LOG 17:45:22.076] [KSPCF/DragCubeGeneration] Creating drag cubes for part 'rotoServo.00'
[LOG 17:45:22.083] PartLoader: Compiling Part 'SquadExpansion/Serenity/Parts/Robotics/rotoServo_02/rotoServo_02'
[LOG 17:45:22.087] PartLoader: Part 'SquadExpansion/Serenity/Parts/Robotics/rotoServo_02/rotoServo_02' has no database record. Creating.
[LOG 17:45:22.087] [DragCubeSystem]: Drag cubes not found or cannot be read for part Part. Generating New drag cubes.
[LOG 17:45:22.087] [KSPCF/DragCubeGeneration] Creating drag cubes for part 'rotoServo.02'
[LOG 17:45:22.093] PartLoader: Compiling Part 'SquadExpansion/Serenity/Parts/Robotics/rotoServo_03/rotoServo_03'
[LOG 17:45:22.097] PartLoader: Part 'SquadExpansion/Serenity/Parts/Robotics/rotoServo_03/rotoServo_03' has no database record. Creating.
[LOG 17:45:22.097] [DragCubeSystem]: Drag cubes not found or cannot be read for part Part. Generating New drag cubes.
[LOG 17:45:22.097] [KSPCF/DragCubeGeneration] Creating drag cubes for part 'rotoServo.03'
[LOG 17:45:22.102] PartLoader: Compiling Part 'SquadExpansion/Serenity/Parts/Robotics/rotoServo_04/rotoServo_04'
[LOG 17:45:22.106] PartLoader: Part 'SquadExpansion/Serenity/Parts/Robotics/rotoServo_04/rotoServo_04' has no database record. Creating.
[LOG 17:45:22.106] [DragCubeSystem]: Drag cubes not found or cannot be read for part Part. Generating New drag cubes.
[LOG 17:45:22.106] [KSPCF/DragCubeGeneration] Creating drag cubes for part 'rotoServo.04'
[LOG 17:45:22.111] PartLoader: Compiling Part 'SquadExpansion/Serenity/Parts/Robotics/Controllers/KAL1000/controller1000'
[LOG 17:45:22.118] PartLoader: Part 'SquadExpansion/Serenity/Parts/Robotics/Controllers/KAL1000/controller1000' has no database record. Creating.
[LOG 17:45:22.118] [DragCubeSystem]: Drag cubes not found or cannot be read for part Part. Generating New drag cubes.
[LOG 17:45:22.118] [KSPCF/DragCubeGeneration] Creating drag cubes for part 'controller1000'
[LOG 17:45:22.123] PartLoader: Compiling Part 'SquadExpansion/Serenity/Parts/Science/RobotArmScanner/RobotArmScanner_S1/RobotArmScanner_S1'
[LOG 17:45:22.131] PartLoader: Part 'SquadExpansion/Serenity/Parts/Science/RobotArmScanner/RobotArmScanner_S1/RobotArmScanner_S1' has no database record. Creating.
[LOG 17:45:22.131] [DragCubeSystem]: Drag cubes not found or cannot be read for part Part. Generating New drag cubes.
[LOG 17:45:22.131] [KSPCF/DragCubeGeneration] Creating drag cubes for part 'RobotArmScanner.S1'
[LOG 17:45:22.151] PartLoader: Compiling Part 'SquadExpansion/Serenity/Parts/Science/RobotArmScanner/RobotArmScanner_S2/RobotArmScanner_S2'
[LOG 17:45:22.156] PartLoader: Part 'SquadExpansion/Serenity/Parts/Science/RobotArmScanner/RobotArmScanner_S2/RobotArmScanner_S2' has no database record. Creating.
[LOG 17:45:22.156] [DragCubeSystem]: Drag cubes not found or cannot be read for part Part. Generating New drag cubes.
[LOG 17:45:22.156] [KSPCF/DragCubeGeneration] Creating drag cubes for part 'RobotArmScanner.S2'
[LOG 17:45:22.176] PartLoader: Compiling Part 'SquadExpansion/Serenity/Parts/Science/RobotArmScanner/RobotArmScanner_S3/RobotArmScanner_S3'
[LOG 17:45:22.180] PartLoader: Part 'SquadExpansion/Serenity/Parts/Science/RobotArmScanner/RobotArmScanner_S3/RobotArmScanner_S3' has no database record. Creating.
[LOG 17:45:22.180] [DragCubeSystem]: Drag cubes not found or cannot be read for part Part. Generating New drag cubes.
[LOG 17:45:22.180] [KSPCF/DragCubeGeneration] Creating drag cubes for part 'RobotArmScanner.S3'
[LOG 17:45:22.201] PartLoader: Compiling Part 'SquadExpansion/Serenity/Parts/Structural/gripPads/lGripPad/lGripPad'
[LOG 17:45:22.207] PartLoader: Part 'SquadExpansion/Serenity/Parts/Structural/gripPads/lGripPad/lGripPad' has no database record. Creating.
[LOG 17:45:22.207] [DragCubeSystem]: Drag cubes not found or cannot be read for part Part. Generating New drag cubes.
[LOG 17:45:22.207] [KSPCF/DragCubeGeneration] Creating drag cubes for part 'lGripPad'
[LOG 17:45:22.222] PartLoader: Compiling Part 'SquadExpansion/Serenity/Parts/Structural/gripPads/lGripStrip/lGripStrip'
[LOG 17:45:22.224] PartLoader: Part 'SquadExpansion/Serenity/Parts/Structural/gripPads/lGripStrip/lGripStrip' has no database record. Creating.
[LOG 17:45:22.224] [DragCubeSystem]: Drag cubes not found or cannot be read for part Part. Generating New drag cubes.
[LOG 17:45:22.224] [KSPCF/DragCubeGeneration] Creating drag cubes for part 'lGripStrip'
[LOG 17:45:22.228] PartLoader: Compiling Part 'SquadExpansion/Serenity/Parts/Structural/gripPads/mGripPad/mGripPad'
[LOG 17:45:22.234] PartLoader: Part 'SquadExpansion/Serenity/Parts/Structural/gripPads/mGripPad/mGripPad' has no database record. Creating.
[LOG 17:45:22.234] [DragCubeSystem]: Drag cubes not found or cannot be read for part Part. Generating New drag cubes.
[LOG 17:45:22.234] [KSPCF/DragCubeGeneration] Creating drag cubes for part 'mGripPad'
[LOG 17:45:22.250] PartLoader: Compiling Part 'SquadExpansion/Serenity/Parts/Structural/gripPads/sGripPad/sGripPad'
[LOG 17:45:22.254] PartLoader: Part 'SquadExpansion/Serenity/Parts/Structural/gripPads/sGripPad/sGripPad' has no database record. Creating.
[LOG 17:45:22.254] [DragCubeSystem]: Drag cubes not found or cannot be read for part Part. Generating New drag cubes.
[LOG 17:45:22.254] [KSPCF/DragCubeGeneration] Creating drag cubes for part 'sGripPad'
[LOG 17:45:22.272] PartLoader: Compiling Part 'SquadExpansion/Serenity/Parts/Structural/gripPads/sGripStrip/sGripStrip'
[LOG 17:45:22.278] PartLoader: Part 'SquadExpansion/Serenity/Parts/Structural/gripPads/sGripStrip/sGripStrip' has no database record. Creating.
[LOG 17:45:22.278] [DragCubeSystem]: Drag cubes not found or cannot be read for part Part. Generating New drag cubes.
[LOG 17:45:22.278] [KSPCF/DragCubeGeneration] Creating drag cubes for part 'sGripStrip'
[LOG 17:45:22.284] PartLoader: Compiling Internal Prop 'Squad/Props/AltimeterThreeHands/prop/AltimeterThreeHands'
[LOG 17:45:22.287] PartLoader: Compiling Internal Prop 'Squad/Props/AtmosphereDepth/prop/AtmosphereDepth'
[LOG 17:45:22.288] PartLoader: Compiling Internal Prop 'Squad/Props/AxisIndicator/pitchConfig/AxisIndicatorPitch'
[LOG 17:45:22.289] PartLoader: Compiling Internal Prop 'Squad/Props/AxisIndicator/rollConfig/AxisIndicatorRoll'
[LOG 17:45:22.290] PartLoader: Compiling Internal Prop 'Squad/Props/AxisIndicator/yawConfig/AxisIndicatorYaw'
[LOG 17:45:22.291] PartLoader: Compiling Internal Prop 'Squad/Props/buttonsGeneric/circularButton/genericCircularButton'
[LOG 17:45:22.292] PartLoader: Compiling Internal Prop 'Squad/Props/buttonsGeneric/clusterButtons/genericClusterButtons'
[LOG 17:45:22.292] PartLoader: Compiling Internal Prop 'Squad/Props/buttonsGeneric/clusterButtons2/genericClusterButtons2'
[LOG 17:45:22.292] PartLoader: Compiling Internal Prop 'Squad/Props/buttonsGeneric/clusterKnob/genericClusterKnobs'
[LOG 17:45:22.293] PartLoader: Compiling Internal Prop 'Squad/Props/buttonsGeneric/clusterKnob2/genericClusterKnobs2'
[LOG 17:45:22.293] PartLoader: Compiling Internal Prop 'Squad/Props/buttonsGeneric/clusterMixed/genericClusterMixed'
[LOG 17:45:22.293] PartLoader: Compiling Internal Prop 'Squad/Props/buttonsGeneric/clusterSwitches01/genericClusterSwitches01'
[LOG 17:45:22.293] PartLoader: Compiling Internal Prop 'Squad/Props/buttonsGeneric/clusterSwitches02/genericClusterSwitches02'
[LOG 17:45:22.294] PartLoader: Compiling Internal Prop 'Squad/Props/buttonsGeneric/clusterSwitches03/genericClusterSwitches03'
[LOG 17:45:22.294] PartLoader: Compiling Internal Prop 'Squad/Props/buttonsGeneric/clusterSwitches04/genericClusterSwitches04'
[LOG 17:45:22.294] PartLoader: Compiling Internal Prop 'Squad/Props/buttonsGeneric/clusterSwitches05/genericClusterSwitches05'
[LOG 17:45:22.294] PartLoader: Compiling Internal Prop 'Squad/Props/buttonsGeneric/clusterSwitches06/genericClusterSwitches06'
[LOG 17:45:22.295] PartLoader: Compiling Internal Prop 'Squad/Props/buttonsGeneric/clusterSwitches07/genericClusterSwitches07'
[LOG 17:45:22.295] PartLoader: Compiling Internal Prop 'Squad/Props/buttonsGeneric/directionalKnob/genericDirectionalKnob'
[LOG 17:45:22.295] PartLoader: Compiling Internal Prop 'Squad/Props/buttonsGeneric/directionalKnob2/genericDirectionalKnob2'
[LOG 17:45:22.295] PartLoader: Compiling Internal Prop 'Squad/Props/buttonsGeneric/pullSwitch/genericPullSwitch'
[LOG 17:45:22.295] PartLoader: Compiling Internal Prop 'Squad/Props/buttonsGeneric/squareButton/genericSquareButton'
[LOG 17:45:22.295] PartLoader: Compiling Internal Prop 'Squad/Props/buttonsGeneric/standingSwitch/genericStandingSwitch'
[LOG 17:45:22.296] PartLoader: Compiling Internal Prop 'Squad/Props/buttonsGeneric/switch/genericSwitch'
[LOG 17:45:22.296] PartLoader: Compiling Internal Prop 'Squad/Props/buttonsGeneric/switchWithGuards/genericSwitchWithGuards'
[LOG 17:45:22.296] PartLoader: Compiling Internal Prop 'Squad/Props/ButtonSquare/prop/ButtonSquare'
[LOG 17:45:22.298] PartLoader: Compiling Internal Prop 'Squad/Props/circularButton/prop/circularButton'
[LOG 17:45:22.298] PartLoader: Compiling Internal Prop 'Squad/Props/Compass/prop/Compass'
[LOG 17:45:22.299] PartLoader: Compiling Internal Prop 'Squad/Props/directionalKnob/prop/directionalKnob'
[LOG 17:45:22.299] PartLoader: Compiling Internal Prop 'Squad/Props/directionalKnob2/prop/directionalKnob2'
[LOG 17:45:22.299] PartLoader: Compiling Internal Prop 'Squad/Props/IndicatorPanel/prop/IndicatorPanel'
[LOG 17:45:22.301] PartLoader: Compiling Internal Prop 'Squad/Props/IVANavBall/prop/NavBall'
[LOG 17:45:22.303] PartLoader: Compiling Internal Prop 'Squad/Props/IVANavBallNoBase/prop/NavBallNoBase'
[LOG 17:45:22.303] PartLoader: Compiling Internal Prop 'Squad/Props/ledPanelSpeed/prop/ledPanelSpeed'
[LOG 17:45:22.304] PartLoader: Compiling Internal Prop 'Squad/Props/Monitor/DockingMode/MonitorDockingMode'
[LOG 17:45:22.305] PartLoader: Compiling Internal Prop 'Squad/Props/NavBall/prop/NavBall'
[LOG 17:45:22.305] PartLoader: Compiling Internal Prop 'Squad/Props/PropsGeneric/Button_DockingMode/Button_DockingMode'
[LOG 17:45:22.305] PartLoader: Compiling Internal Prop 'Squad/Props/PropsGeneric/CargoBagA/CargoBagA'
[LOG 17:45:22.306] PartLoader: Compiling Internal Prop 'Squad/Props/PropsGeneric/CargoBagB/CargoBagB'
[LOG 17:45:22.306] PartLoader: Compiling Internal Prop 'Squad/Props/PropsGeneric/CargoBagC/CargoBagC'
[LOG 17:45:22.307] PartLoader: Compiling Internal Prop 'Squad/Props/PropsGeneric/Hatch_Plane/Hatch_Plane'
[LOG 17:45:22.307] PartLoader: Compiling Internal Prop 'Squad/Props/PropsGeneric/Hatch_Plane_Curve90/Hatch_Plane_Curve90'
[LOG 17:45:22.307] PartLoader: Compiling Internal Prop 'Squad/Props/PropsGeneric/Hatch_Plane_Frame/Hatch_Plane_Frame'
[LOG 17:45:22.307] PartLoader: Compiling Internal Prop 'Squad/Props/PropsGeneric/Seat_Passenger/Seat_Passenger'
[LOG 17:45:22.308] PartLoader: Compiling Internal Prop 'Squad/Props/PropsGeneric/Seat_Pilot/Seat_Pilot'
[LOG 17:45:22.308] PartLoader: Compiling Internal Prop 'Squad/Props/PropsGeneric/Seat_Pilot_Helmet/Seat_Pilot_Helmet'
[LOG 17:45:22.308] PartLoader: Compiling Internal Prop 'Squad/Props/PropsGeneric/SideStick/SideStick'
[LOG 17:45:22.308] PartLoader: Compiling Internal Prop 'Squad/Props/pullSwitch/prop/pullSwitch'
[LOG 17:45:22.309] PartLoader: Compiling Internal Prop 'Squad/Props/radarAltitude/prop/RadarAltimeter'
[LOG 17:45:22.310] PartLoader: Compiling Internal Prop 'Squad/Props/squareButton/prop/squareButton'
[LOG 17:45:22.310] PartLoader: Compiling Internal Prop 'Squad/Props/standingSwitch/prop/standingSwitch'
[LOG 17:45:22.310] PartLoader: Compiling Internal Prop 'Squad/Props/switch/prop/switch'
[LOG 17:45:22.310] PartLoader: Compiling Internal Prop 'Squad/Props/switchGuard/prop/switchGuard'
[LOG 17:45:22.311] PartLoader: Compiling Internal Prop 'Squad/Props/switchWithGuards/prop/switchWithGuards'
[LOG 17:45:22.311] PartLoader: Compiling Internal Prop 'Squad/Props/throttle/prop/throttle'
[LOG 17:45:22.312] PartLoader: Compiling Internal Prop 'Squad/Props/VSI/prop/VSI'
[LOG 17:45:22.313] PartLoader: Compiling Internal Space 'Squad/Spaces/crewCabinInternals/internal/crewCabinInternals'
[LOG 17:45:22.317] PartLoader: Compiling Internal Space 'Squad/Spaces/cupolaInternal/internal/cupolaInternal'
[LOG 17:45:22.324] PartLoader: Compiling Internal Space 'Squad/Spaces/GenericSpace1/internal/GenericSpace1'
[LOG 17:45:22.324] PartLoader: Compiling Internal Space 'Squad/Spaces/GenericSpace3/internal/GenericSpace3'
[LOG 17:45:22.326] PartLoader: Compiling Internal Space 'Squad/Spaces/landerCabinInternals/internal/landerCabinInternals'
[LOG 17:45:22.328] PartLoader: Compiling Internal Space 'Squad/Spaces/landerCabinSmallInternal/internal/landerCabinSmallInternal'
[LOG 17:45:22.330] PartLoader: Compiling Internal Space 'Squad/Spaces/LargeCrewedLabInternals/internal/Mobile_Processing_Lab_Int'
[LOG 17:45:22.331] PartLoader: Compiling Internal Space 'Squad/Spaces/Mk1-3/internal/Mk1-3'
[LOG 17:45:22.334] PartLoader: Compiling Internal Space 'Squad/Spaces/mk1CabinInternal/internal/mk1CabinInternal'
[LOG 17:45:22.336] PartLoader: Compiling Internal Space 'Squad/Spaces/mk1CockpitInternal/internal/mk1CockpitInternal'
[LOG 17:45:22.339] PartLoader: Compiling Internal Space 'Squad/Spaces/mk1InlineInternal/internal/mk1InlineInternal'
[LOG 17:45:22.344] PartLoader: Compiling Internal Space 'Squad/Spaces/mk1PodCockpit/internal/mk1PodCockpit'
[LOG 17:45:22.346] PartLoader: Compiling Internal Space 'Squad/Spaces/mk1pod_IVA/mk1pod_Internal/mk1pod_IVA'
[LOG 17:45:22.350] PartLoader: Compiling Internal Space 'Squad/Spaces/mk2CockpitStandardInternal/internal/mk2CockpitStandardInternals'
[LOG 17:45:22.356] PartLoader: Compiling Internal Space 'Squad/Spaces/Mk2CrewCabinInternal/internal_MK2_CrewCab/MK2_CrewCab_Int'
[LOG 17:45:22.358] PartLoader: Compiling Internal Space 'Squad/Spaces/mk2InlineInternal/internal/mk2InlineInternal'
[LOG 17:45:22.363] PartLoader: Compiling Internal Space 'Squad/Spaces/mk2LanderCanInternal/internal/mk2LanderCanInternal'
[LOG 17:45:22.366] PartLoader: Compiling Internal Space 'Squad/Spaces/MK3CockpitInternal/internal_MK3/MK3_Cockpit_Int'
[LOG 17:45:22.372] PartLoader: Compiling Internal Space 'Squad/Spaces/MK3_CrewCab_Int/internal_MK3_CrewCab/MK3_CrewCab_Int'
[LOG 17:45:22.373] InternalSeat: Cannot find portraitCamera of name 'Camera_Left003'
[LOG 17:45:22.376] PartLoader: Compiling Internal Space 'Squad/Spaces/Placeholder/internal/Placeholder'
[LOG 17:45:22.380] PartLoader: Compiling Internal Space 'Squad/Spaces/PodCockpit/internal/PodCockpit'
[LOG 17:45:22.384] PartLoader: Compiling Internal Space 'SquadExpansion/MakingHistory/Spaces/KVPods/Airlock_Internal/Airlock_IVA'
[LOG 17:45:22.384] PartLoader: Compiling Internal Space 'SquadExpansion/MakingHistory/Spaces/KVPods/KV1_Internal/KV1_IVA'
[LOG 17:45:22.387] PartLoader: Compiling Internal Space 'SquadExpansion/MakingHistory/Spaces/KVPods/KV2_Internal/KV2_IVA'
[LOG 17:45:22.390] PartLoader: Compiling Internal Space 'SquadExpansion/MakingHistory/Spaces/KVPods/KV3_Internal/KV3_IVA'
[LOG 17:45:22.393] PartLoader: Compiling Internal Space 'SquadExpansion/MakingHistory/Spaces/MEM/MEM_IVA/MEM_IVA'
[LOG 17:45:22.397] PartLoader: Compiling Internal Space 'SquadExpansion/MakingHistory/Spaces/Mk2Pod/Mk2Pod_Internal/MK2POD_IVA'
[LOG 17:45:22.455] Assets:
[LOG 17:45:22.455] anim_missionsapp_idle.anim
[LOG 17:45:22.456] anim_missionsapp_idle_warning.anim
[LOG 17:45:22.456] anim_missionsapp_warning.anim
[LOG 17:45:22.456] anim_missionssapp.anim
[LOG 17:45:22.456] animcontroller_missionsappmaster.controller
[LOG 17:45:22.456] app_bg.tif
[LOG 17:45:22.456] app_bottom_gray.tif
[LOG 17:45:22.456] app_divider_pulldown_body.tif
[LOG 17:45:22.456] app_divider_pulldown_footer.tif
[LOG 17:45:22.456] app_divider_pulldown_header.tif
[LOG 17:45:22.456] app_divider_pulldown_header_over.tif
[LOG 17:45:22.456] app_header_gray.tif
[LOG 17:45:22.456] app_missions_icon_active.tif
[LOG 17:45:22.456] app_missions_icon_complete.tif
[LOG 17:45:22.457] app_missions_icon_failed.tif
[LOG 17:45:22.457] app_missions_icon_inactive.tif
[LOG 17:45:22.457] spritesheet_missionsapp.tif
[LOG 17:45:22.457] spritesheet_missionsappwarning.tif
[LOG 17:45:22.457] missionbriefingdialog.prefab
[LOG 17:45:22.457] missionbriefingtag.prefab
[LOG 17:45:22.457] awardwidget.prefab
[LOG 17:45:22.457] missionenddialog.prefab
[LOG 17:45:22.457] missionitemwidget.prefab
[LOG 17:45:22.457] missionplaybutton.prefab
[LOG 17:45:22.457] missionplaydialog.prefab
[LOG 17:45:22.457] missionsteamitemwidget.prefab
[LOG 17:45:22.457] missionvalidationdialog.prefab
[LOG 17:45:22.457] validationentry.prefab
[LOG 17:45:22.457] comettoken.fbx
[LOG 17:45:22.457] comettoken.jpg
[LOG 17:45:22.457] placementegizmo_comet.mat
[LOG 17:45:22.457] placementegizmo_comet_tail.mat
[LOG 17:45:22.457] femalevintagepreview.prefab
[LOG 17:45:22.457] malevintagepreview.prefab
[LOG 17:45:22.457] checkpointentrywidget.prefab
[LOG 17:45:22.457] crewmanagementdialog.prefab
[LOG 17:45:22.457] listitem_vesseltitle.prefab
[LOG 17:45:22.457] missionbrowser.prefab
[LOG 17:45:22.457] missioncheckpointbrowser.prefab
[LOG 17:45:22.457] missioncrewlistitem.prefab
[LOG 17:45:22.457] missionentrywidget.prefab
[LOG 17:45:22.457] missiontemplateentrywidget.prefab
[LOG 17:45:22.457] partcategorizerbutton.prefab
[LOG 17:45:22.457] partselectorbrowser.prefab
[LOG 17:45:22.457] partselectorentry.prefab
[LOG 17:45:22.457] gaputil_vesselframe.prefab
[LOG 17:45:22.457] meguiconnector.prefab
[LOG 17:45:22.457] meguinode.prefab
[LOG 17:45:22.457] meguinodecategorybutton.prefab
[LOG 17:45:22.457] meguinodeicon.prefab
[LOG 17:45:22.457] meguinodeicongroup.prefab
[LOG 17:45:22.457] meguiscrollviewitem.prefab
[LOG 17:45:22.457] meiconloaderbasicnode.prefab
[LOG 17:45:22.457] meiconloadergap.prefab
[LOG 17:45:22.457] meiconloadernodecategorizer.prefab
[LOG 17:45:22.457] menodecanvas.prefab
[LOG 17:45:22.457] missioneditorscreen.prefab
[LOG 17:45:22.457] nodelisttooltip.prefab
[LOG 17:45:22.457] nodelisttooltipextinfolistspacer.prefab
[LOG 17:45:22.457] orbitgizmo.prefab
[LOG 17:45:22.457] biomeshighlight.shader
[LOG 17:45:22.457] projector-surfacegizmo.shader
[LOG 17:45:22.457] scaledplanetbiomeshighlight.shader
[LOG 17:45:22.457] sprites-alwaysover.shader
[LOG 17:45:22.458] ui-unlit-infinite.shader
[LOG 17:45:22.458] ui-unlit-solid.shader
[LOG 17:45:22.458] assetgraph_connectionpoint_inputmark.png
[LOG 17:45:22.458] assetgraph_inputbg.png
[LOG 17:45:22.458] boldly.png
[LOG 17:45:22.458] carpool.png
[LOG 17:45:22.458] frugal.png
[LOG 17:45:22.458] homesick.png
[LOG 17:45:22.458] keys.png
[LOG 17:45:22.458] saint.png
[LOG 17:45:22.458] sinner.png
[LOG 17:45:22.458] thespot.png
[LOG 17:45:22.458] timekeeper.png
[LOG 17:45:22.458] helmetbronze.png
[LOG 17:45:22.458] helmetgold.png
[LOG 17:45:22.458] helmetsilver.png
[LOG 17:45:22.458] action-part-resource-drain.png
[LOG 17:45:22.458] change-part-resource-levels.png
[LOG 17:45:22.458] create-asteroid.png
[LOG 17:45:22.458] create-kerbal.png
[LOG 17:45:22.458] create-vessel.png
[LOG 17:45:22.458] crew-assignment.png
[LOG 17:45:22.458] dialog-message.png
[LOG 17:45:22.458] display-message.png
[LOG 17:45:22.458] fail-part.png
[LOG 17:45:22.458] fly-through.png
[LOG 17:45:22.458] funds-recovery.png
[LOG 17:45:22.458] generic-node.png
[LOG 17:45:22.458] go-to.png
[LOG 17:45:22.458] kerbal-boarded.png
[LOG 17:45:22.458] kerbal-recovery.png
[LOG 17:45:22.458] kerbal-rescue.png
[LOG 17:45:22.458] launch-site.png
[LOG 17:45:22.458] leave-soi.png
[LOG 17:45:22.458] orbit.png
[LOG 17:45:22.458] part-explode.png
[LOG 17:45:22.458] plant-flag.png
[LOG 17:45:22.458] reach-soi.png
[LOG 17:45:22.458] repair-part.png
[LOG 17:45:22.458] resource-amount.png
[LOG 17:45:22.458] resource-recovery.png
[LOG 17:45:22.458] science-experiment.png
[LOG 17:45:22.458] score.png
[LOG 17:45:22.459] take-tourist.png
[LOG 17:45:22.459] test-altitude.png
[LOG 17:45:22.459] test-eva.png
[LOG 17:45:22.459] test-grapple.png
[LOG 17:45:22.459] time-of-flight.png
[LOG 17:45:22.459] time-of-mission.png
[LOG 17:45:22.459] time-since-node.png
[LOG 17:45:22.459] vessel-crashed.png
[LOG 17:45:22.459] vessel-crew-count.png
[LOG 17:45:22.459] vessel-explode.png
[LOG 17:45:22.459] vessel-flying.png
[LOG 17:45:22.459] vessel-landed.png
[LOG 17:45:22.459] vessel-mass.png
[LOG 17:45:22.459] vessel-splashed.png
[LOG 17:45:22.459] vessel-stage-activated.png
[LOG 17:45:22.459] vessel-stage.png
[LOG 17:45:22.459] arrange-graph.png
[LOG 17:45:22.459] builderbuttons_briefing.png
[LOG 17:45:22.459] builderbuttons_reset.png
[LOG 17:45:22.459] builderbuttons_trackingstation.png
[LOG 17:45:22.459] frame-graph.png
[LOG 17:45:22.459] lock.png
[LOG 17:45:22.459] maximize.png
[LOG 17:45:22.459] minimize.png
[LOG 17:45:22.459] pin.png
[LOG 17:45:22.459] pin_down.png
[LOG 17:45:22.459] redo.png
[LOG 17:45:22.459] reset.png
[LOG 17:45:22.459] tracking-station.png
[LOG 17:45:22.459] undo.png
[LOG 17:45:22.459] visible-in-gap.png
[LOG 17:45:22.459] location.png
[LOG 17:45:22.459] logic.png
[LOG 17:45:22.459] science.png
[LOG 17:45:22.459] utility.png
[LOG 17:45:22.459] vessel.png
[LOG 17:45:22.459] eye.png
[LOG 17:45:22.459] iconmb.png
[LOG 17:45:22.459] me_btn_generic_normal.tif
[LOG 17:45:22.459] me_button_generic_normal.tif
[LOG 17:45:22.459] nodecat_bg.png
[LOG 17:45:22.459] nodecat_divider.tif
[LOG 17:45:22.459] nodecat_divider_bottom.tif
[LOG 17:45:22.459] pholderwarningicon.png
[LOG 17:45:22.459] reseticon.png
[LOG 17:45:22.459] validityindicator.controller
[LOG 17:45:22.459] validtyinidicatorpulse.anim
[LOG 17:45:22.459] broadorbittoggle button.png
[LOG 17:45:22.459] maneuvertoggle button.png
[LOG 17:45:22.459] orbitalgizmoicons.png
[LOG 17:45:22.459] reset orbit button.png
[LOG 17:45:22.459] nodelabel.prefab
[LOG 17:45:22.460] kerbaleva_female_exp.prefab
[LOG 17:45:22.460] kerbaleva_rd_exp.prefab
[LOG 17:45:22.460] missioneditorevabody.mat
[LOG 17:45:22.460] missioneditorevabodyalternate.mat
[LOG 17:45:22.460] missioneditorevabodybrown.mat
[LOG 17:45:22.460] missioneditorevaeyeballs.mat
[LOG 17:45:22.460] missioneditorevaeyes.mat
[LOG 17:45:22.460] missioneditorevahead.mat
[LOG 17:45:22.460] missioneditorevahelmet.mat
[LOG 17:45:22.460] missioneditorevahelmetred.mat
[LOG 17:45:22.460] missioneditorevajetpack.mat
[LOG 17:45:22.460] missioneditorevalight.mat
[LOG 17:45:22.460] kbevafemalevintage.prefab
[LOG 17:45:22.460] kbevavintage.prefab
[LOG 17:45:22.460] evalight.fbx
[LOG 17:45:22.460] kbeva@new.fbx
[LOG 17:45:22.460] kbeva@newfem.fbx
[LOG 17:45:22.460] mevahelmetlight.fbx
[LOG 17:45:22.460] evajetpackscondary.dds
[LOG 17:45:22.460] evajetpacksecondary_n.dds
[LOG 17:45:22.460] evalight.png
[LOG 17:45:22.460] kerbalmainnrm.dds
[LOG 17:45:22.460] me_suit_difuse_blue.dds
[LOG 17:45:22.460] me_suit_difuse_low_polybrown.dds
[LOG 17:45:22.460] me_suit_difuse_orange.dds
[LOG 17:45:22.460] kerbalfemalevintage.prefab
[LOG 17:45:22.460] kerbalmalevintage.prefab
[LOG 17:45:22.460] evahelmet.mat
[LOG 17:45:22.460] evatexture.mat
[LOG 17:45:22.460] kerbalgirl_06_basecolor.mat
[LOG 17:45:22.460] kerbalhead.mat
[LOG 17:45:22.460] lambert6.mat
[LOG 17:45:22.460] mat_eyeballs.mat
[LOG 17:45:22.460] mat_eyes01.mat
[LOG 17:45:22.460] material #4.mat
[LOG 17:45:22.460] mesh_female_kerbalastronaut01_kerbalgirl_export_15_lambert20.mat
[LOG 17:45:22.460] mesh_female_kerbalastronaut01_kerbalgirl_export_15_lambert21.mat
[LOG 17:45:22.460] kbfemale_iva_mecanim.fbx
[LOG 17:45:22.460] kbiva_mecanim.fbx
[LOG 17:45:22.460] kerbalicon_eva_female_vintage.tif
[LOG 17:45:22.460] kerbalicon_eva_vintage.tif
[LOG 17:45:22.460] kerbalicon_suit_female_vintage.tif
[LOG 17:45:22.460] kerbalicon_suit_orange_female_vintage.tif
[LOG 17:45:22.460] kerbalicon_suit_orange_vintage.tif
[LOG 17:45:22.460] kerbalicon_suit_vintage.tif
[LOG 17:45:22.460] gap_celestialbody_camerasetup.prefab
[LOG 17:45:22.460] gap_celestialbody_collisionsphere.prefab
[LOG 17:45:22.460] gap_celestialbody_surfacegizmo_area.prefab
[LOG 17:45:22.460] gap_celestialbody_surfacegizmo_basic.prefab
[LOG 17:45:22.461] gap_celestialbody_surfacegizmo_icon.prefab
[LOG 17:45:22.461] gap_celestialbody_surfacegizmo_vessel.prefab
[LOG 17:45:22.461] gap_celestialbody_surfacegizmo_volume.prefab
[LOG 17:45:22.461] gap_proceduralasteroid.prefab
[LOG 17:45:22.461] gap_proceduralcomet.prefab
[LOG 17:45:22.461] gapbuttonprefab.prefab
[LOG 17:45:22.461] gapkerbal_femaleveteran.prefab
[LOG 17:45:22.461] gapkerbal_femaleveteran_vintage.prefab
[LOG 17:45:22.461] gapkerbal_male_slimsuit.prefab
[LOG 17:45:22.461] gapkerbal_maleveteran.prefab
[LOG 17:45:22.461] gapkerbal_maleveteran_vintage.prefab
[LOG 17:45:22.461] gapscrollablesidebarbutton.prefab
[LOG 17:45:22.461] gapsidebarbutton.prefab
[LOG 17:45:22.461] gaptoggleprefab.prefab
[LOG 17:45:22.461] gaputil_biselector.prefab
[LOG 17:45:22.461] gaputil_celestialbody.prefab
[LOG 17:45:22.461] vesseldisplay_camerasetup.prefab
[LOG 17:45:22.461] desert_airfield.prefab
[LOG 17:45:22.461] desert_groundobjects.prefab
[LOG 17:45:22.461] desert_launch_site.prefab
[LOG 17:45:22.461] larkes.prefab
[LOG 17:45:22.461] floor bottom.mat
[LOG 17:45:22.461] floor top.mat
[LOG 17:45:22.461] legs.mat
[LOG 17:45:22.461] ramp.mat
[LOG 17:45:22.461] stairs grid lights pivot.mat
[LOG 17:45:22.461] supports 1.mat
[LOG 17:45:22.461] supports 2.mat
[LOG 17:45:22.461] tunnels.mat
[LOG 17:45:22.461] floor bottom.dds
[LOG 17:45:22.461] floor top.dds
[LOG 17:45:22.461] floor top_normal.dds
[LOG 17:45:22.461] legs.dds
[LOG 17:45:22.461] ramp.dds
[LOG 17:45:22.461] stairs grid lights pivot.dds
[LOG 17:45:22.461] supports 1.dds
[LOG 17:45:22.461] supports 2.dds
[LOG 17:45:22.461] tunnels.dds
[LOG 17:45:22.461] diffuse.mat
[LOG 17:45:22.461] floor bottom_base_color.mat
[LOG 17:45:22.461] floor top_base_color.mat
[LOG 17:45:22.461] legs_base_color.mat
[LOG 17:45:22.461] ramp_base_color.mat
[LOG 17:45:22.461] stairs grid lights pivot_base_colormodpsd.mat
[LOG 17:45:22.461] stairs_grid_lights_pivot_base_color.mat
[LOG 17:45:22.461] supports 1_base_color.mat
[LOG 17:45:22.461] supports 2_base_color.mat
[LOG 17:45:22.461] tunnels_base_color.mat
[LOG 17:45:22.461] mobilelaunchpad_19.fbx
[LOG 17:45:22.461] pontoons.fbx
[LOG 17:45:22.462] pontoons_diffuse.dds
[LOG 17:45:22.462] ramp_normal.png
[LOG 17:45:22.462] 1001_base_color.mat
[LOG 17:45:22.462] desert groundtransition.mat
[LOG 17:45:22.462] desert groundtransition_highquality.mat
[LOG 17:45:22.462] desert groundtransition_lowquality.mat
[LOG 17:45:22.462] desert groundtransition_mediumquality.mat
[LOG 17:45:22.462] desert groundtransition_ultraquality.mat
[LOG 17:45:22.462] desert runway sand.mat
[LOG 17:45:22.462] desert runway stone.mat
[LOG 17:45:22.462] mobilelaunchpad.prefab
[LOG 17:45:22.462] woomerang_groundobjects.prefab
[LOG 17:45:22.462] woomerang_launch_site.prefab
[LOG 17:45:22.462] Scenes:
[LOG 17:45:22.462] kspMissionEditor.unity
[LOG 17:45:29.092] Assets:
[LOG 17:45:29.092] appanim_missionsapp.prefab
[LOG 17:45:29.092] cascading_body_missionheader.prefab
[LOG 17:45:29.092] cascading_body_missioninfo.prefab
[LOG 17:45:29.092] cascading_body_missionobjective.prefab
[LOG 17:45:29.092] cascading_body_missionsvesselheader.prefab
[LOG 17:45:29.092] cascading_body_missionsvesselitem.prefab
[LOG 17:45:29.092] cascading_body_settingsbutton.prefab
[LOG 17:45:29.092] cascading_body_settingstoggle.prefab
[LOG 17:45:29.092] missionsapp.prefab
[LOG 17:45:29.092] axislimitline.prefab
[LOG 17:45:29.092] controlleraction.prefab
[LOG 17:45:29.092] controlleraxis.prefab
[LOG 17:45:29.092] controllerwindow.prefab
[LOG 17:45:29.092] curvepanelpoint.prefab
[LOG 17:45:29.092] curvepanelpointaction.prefab
[LOG 17:45:29.092] axis_align_ends.png
[LOG 17:45:29.092] axis_clamp_values.png
[LOG 17:45:29.093] axis_copy.png
[LOG 17:45:29.093] axis_flip_horizontal.png
[LOG 17:45:29.093] axis_flip_vertical.png
[LOG 17:45:29.093] axis_move_down-trackrow.png
[LOG 17:45:29.093] axis_move_down.png
[LOG 17:45:29.093] axis_move_up-trackrow.png
[LOG 17:45:29.093] axis_move_up.png
[LOG 17:45:29.093] axis_paste.png
[LOG 17:45:29.093] axis_preset_flat.png
[LOG 17:45:29.093] axis_preset_sawtooth.png
[LOG 17:45:29.093] axis_preset_sine.png
[LOG 17:45:29.093] axis_preset_square.png
[LOG 17:45:29.093] axis_preset_triangle.png
[LOG 17:45:29.093] axis_select_all.png
[LOG 17:45:29.093] background_squared_inset.png
[LOG 17:45:29.093] close.png
[LOG 17:45:29.093] direction_forward.png
[LOG 17:45:29.093] direction_reverse.png
[LOG 17:45:29.093] edit.png
[LOG 17:45:29.093] fieldlimitline.png
[LOG 17:45:29.093] keyframe_add.png
[LOG 17:45:29.093] keyframe_clamp_value.png
[LOG 17:45:29.093] keyframe_delete.png
[LOG 17:45:29.093] keyframe_linear.png
[LOG 17:45:29.093] keyframe_smooth.png
[LOG 17:45:29.093] keyframe_step_backward.png
[LOG 17:45:29.093] keyframe_step_forward.png
[LOG 17:45:29.093] line.png
[LOG 17:45:29.093] line_dashed.png
[LOG 17:45:29.093] loop_pingpong.png
[LOG 17:45:29.093] loop_playonce.png
[LOG 17:45:29.093] loop_repeat.png
[LOG 17:45:29.093] node.png
[LOG 17:45:29.093] node_circle.png
[LOG 17:45:29.093] node_square.png
[LOG 17:45:29.093] pause.png
[LOG 17:45:29.093] play.png
[LOG 17:45:29.093] pointer.png
[LOG 17:45:29.093] remove-axis.png
[LOG 17:45:29.093] remove_key.png
[LOG 17:45:29.093] resize_icon.png
[LOG 17:45:29.093] sequence_resize_button_states.png
[LOG 17:45:29.093] sequence_resize_maintain.png
[LOG 17:45:29.093] sequence_resize_scale.png
[LOG 17:45:29.093] sequence_speed.png
[LOG 17:45:29.094] tracking_editor_button_states.png
[LOG 17:45:29.094] femalefuturepreview.prefab
[LOG 17:45:29.094] malefuturepreview.prefab
[LOG 17:45:29.094] kbfemale@controlpanel_a.fbx
[LOG 17:45:29.094] kbfemale@controlpanel_b.fbx
[LOG 17:45:29.094] kbfemale@controlpanel_c.fbx
[LOG 17:45:29.094] kbfemale@rocksample.fbx
[LOG 17:45:29.094] hammerfemale.fbx
[LOG 17:45:29.094] hammermale.fbx
[LOG 17:45:29.094] kbeva@controlpanel_a.fbx
[LOG 17:45:29.094] kbeva@controlpanel_b.fbx
[LOG 17:45:29.094] kbeva@controlpanel_c.fbx
[LOG 17:45:29.094] kbeva@rocksample.fbx
[LOG 17:45:29.094] kerbaleva_female_future.prefab
[LOG 17:45:29.094] kerbaleva_rd_future.prefab
[LOG 17:45:29.094] futureevabody.mat
[LOG 17:45:29.094] futureevabodyalternate.mat
[LOG 17:45:29.094] futureevajetpack.mat
[LOG 17:45:29.094] futureevalight.mat
[LOG 17:45:29.094] futurehelmet.mat
[LOG 17:45:29.094] kbevafemalefuture.prefab
[LOG 17:45:29.094] kbevafuture.prefab
[LOG 17:45:29.094] kbeva@new.fbx
[LOG 17:45:29.094] kbeva@newfem.fbx
[LOG 17:45:29.094] mevahelmetlight.fbx
[LOG 17:45:29.094] serenityfemaleeva.fbx
[LOG 17:45:29.094] serenityflares.fbx
[LOG 17:45:29.094] serenitymaleeva.fbx
[LOG 17:45:29.094] evajetpacknrm.dds
[LOG 17:45:29.094] futuresuit_diffuse_orange.dds
[LOG 17:45:29.094] futuresuit_diffuse_whiteblue.dds
[LOG 17:45:29.094] futuresuit_diffuse_whiteorange.dds
[LOG 17:45:29.094] futuresuit_emissive.dds
[LOG 17:45:29.094] futuresuit_evalight.png
[LOG 17:45:29.094] futuresuitmainnrm.dds
[LOG 17:45:29.094] ksp_ig_jetpack_diffuse.jpg
[LOG 17:45:29.094] kerbalfemalefuture.prefab
[LOG 17:45:29.094] kerbalmalefuture.prefab
[LOG 17:45:29.094] futuresuit_diffuse.mat
[LOG 17:45:29.094] serenityfemaleiva.fbx
[LOG 17:45:29.094] serenitymaleiva.fbx
[LOG 17:45:29.094] kerbalicon_eva_female_future.tif
[LOG 17:45:29.094] kerbalicon_eva_future.tif
[LOG 17:45:29.094] kerbalicon_suit_female_future.tif
[LOG 17:45:29.094] kerbalicon_suit_future.tif
[LOG 17:45:29.094] kerbalicon_suit_orange_female_future.tif
[LOG 17:45:29.094] kerbalicon_suit_orange_future.tif
[LOG 17:45:29.094] bottom_emissor.mat
[LOG 17:45:29.094] burst_emissor.mat
[LOG 17:45:29.094] burstprojectiles_emissor.mat
[LOG 17:45:29.094] constantburst_emissor.mat
[LOG 17:45:29.094] snowflakes_emissor.mat
[LOG 17:45:29.094] vapor_emissor.mat
[LOG 17:45:29.094] base_0.mat
[LOG 17:45:29.094] base_1.mat
[LOG 17:45:29.094] base_2.mat
[LOG 17:45:29.094] base_3_1.mat
[LOG 17:45:29.094] base_3_2.mat
[LOG 17:45:29.094] vapor.mat
[LOG 17:45:29.094] burst.png
[LOG 17:45:29.094] cloud2.png
[LOG 17:45:29.094] v1.png
[LOG 17:45:29.094] v2.png
[LOG 17:45:29.094] v3.png
[LOG 17:45:29.094] v5.png
[LOG 17:45:29.094] gapkerbal_female_future.prefab
[LOG 17:45:29.094] gapkerbal_male_future.prefab
[LOG 17:45:29.094] hammerfemale.prefab
[LOG 17:45:29.094] hammermale.prefab
[LOG 17:45:29.096] bopgravelpile.prefab
[LOG 17:45:29.096] bopgravelpile.fbx
[LOG 17:45:29.096] bop_gravel pile_d.mat
[LOG 17:45:29.096] lambert1.mat
[LOG 17:45:29.096] bop_gravel pile_d.png
[LOG 17:45:29.096] bop_gravel pile_d.tga
[LOG 17:45:29.096] bop_gravel pile_n.png
[LOG 17:45:29.096] bop_gravel pile_s.png
[LOG 17:45:29.096] drescrater.prefab
[LOG 17:45:29.096] dresmeteorite.prefab
[LOG 17:45:29.096] drescrater.fbx
[LOG 17:45:29.096] dresmeteorite.fbx
[LOG 17:45:29.096] dres_crater_d.mat
[LOG 17:45:29.096] dres_meteorite_d.mat
[LOG 17:45:29.096] lambert1.mat
[LOG 17:45:29.096] dres_crater_d.tga
[LOG 17:45:29.096] dres_crater_n.png
[LOG 17:45:29.096] dres_meteorite_d.tga
[LOG 17:45:29.096] dres_meteorite_n.png
[LOG 17:45:29.096] dunablueberries.prefab
[LOG 17:45:29.096] dunadune.prefab
[LOG 17:45:29.096] dunameteorite.prefab
[LOG 17:45:29.096] dunastone.prefab
[LOG 17:45:29.096] dunaasteroid.fbx
[LOG 17:45:29.096] dunablueberries.fbx
[LOG 17:45:29.096] dunadune.fbx
[LOG 17:45:29.096] dunastone.fbx
[LOG 17:45:29.096] duna_asteroid_d.mat
[LOG 17:45:29.096] duna_dune_d.mat
[LOG 17:45:29.096] duna_stone_d.mat
[LOG 17:45:29.096] dune_blueberries_d.mat
[LOG 17:45:29.096] lambert1.mat
[LOG 17:45:29.096] duna_asteroid_d.tga
[LOG 17:45:29.096] duna_asteroid_n.png
[LOG 17:45:29.096] duna_dune_d.tga
[LOG 17:45:29.096] duna_dune_n.tga
[LOG 17:45:29.096] duna_stone_d.tga
[LOG 17:45:29.096] duna_stone_n.png
[LOG 17:45:29.096] dune_blueberries_d.tga
[LOG 17:45:29.096] dune_blueberries_n.png
[LOG 17:45:29.096] eelooberg.prefab
[LOG 17:45:29.096] eeloobrownboulder.prefab
[LOG 17:45:29.096] eelooicechunk.prefab
[LOG 17:45:29.096] eelooberg.fbx
[LOG 17:45:29.096] eelooboulder.fbx
[LOG 17:45:29.096] eelooicechunk.fbx
[LOG 17:45:29.097] eeloo_alien_glacier_d.mat
[LOG 17:45:29.097] eeloo_brown_ boulder_d.mat
[LOG 17:45:29.097] eeloo_ice chunk_d.mat
[LOG 17:45:29.097] lambert1.mat
[LOG 17:45:29.097] eeloo_alien_glacier_d.tga
[LOG 17:45:29.097] eeloo_alien_glacier_e.tga
[LOG 17:45:29.097] eeloo_alien_glacier_n.png
[LOG 17:45:29.097] eeloo_brown_ boulder_d.tga
[LOG 17:45:29.097] eeloo_brown_ boulder_n.png
[LOG 17:45:29.097] eeloo_ice chunk_d.tga
[LOG 17:45:29.097] eeloo_ice chunk_e.tga
[LOG 17:45:29.097] eeloo_ice chunk_n.png
[LOG 17:45:29.097] eeloo_ice chunk_s.tga
[LOG 17:45:29.097] evebasaltformation.prefab
[LOG 17:45:29.097] evepancakedome.prefab
[LOG 17:45:29.097] evevolcanicrock.prefab
[LOG 17:45:29.097] evebasaltformation.fbx
[LOG 17:45:29.097] evepancakeformation.fbx
[LOG 17:45:29.097] evevolcanicrock.fbx
[LOG 17:45:29.097] eve basalt formation_d.mat
[LOG 17:45:29.097] eve pancake formation_d.mat
[LOG 17:45:29.097] eve volcanic rock_d.mat
[LOG 17:45:29.097] lambert1.mat
[LOG 17:45:29.097] eve basalt formation_d.tga
[LOG 17:45:29.097] eve basalt formation_n.tga
[LOG 17:45:29.097] eve pancake formation_d.tga
[LOG 17:45:29.097] eve pancake formation_e.png
[LOG 17:45:29.097] eve pancake formation_n.png
[LOG 17:45:29.097] eve volcanic rock_d.tga
[LOG 17:45:29.097] eve volcanic rock_n.png
[LOG 17:45:29.097] gillyridgeline.fbx
[LOG 17:45:29.097] gilly ridegeline_d.mat
[LOG 17:45:29.097] lambert1.mat
[LOG 17:45:29.097] gillyridgeline.prefab
[LOG 17:45:29.097] gilly ridegeline_d.tga
[LOG 17:45:29.097] gilly ridegeline_n.png
[LOG 17:45:29.097] dunaejecta.prefab
[LOG 17:45:29.097] ikedunaejecta.fbx
[LOG 17:45:29.097] ike_duna_ejecta_mat.mat
[LOG 17:45:29.097] ike duna ejecta_d.tga
[LOG 17:45:29.097] ike duna ejecta_n.png
[LOG 17:45:29.097] kerbinbaobabtree.fbx
[LOG 17:45:29.098] kerbinquartz.fbx
[LOG 17:45:29.098] baobaptree.mat
[LOG 17:45:29.098] kerbin_baobab_tree_d.mat
[LOG 17:45:29.098] kerbin_boabob_tree_d.mat
[LOG 17:45:29.098] kerbin_giant_quartz_d.mat
[LOG 17:45:29.098] lambert1.mat
[LOG 17:45:29.098] lambert2.mat
[LOG 17:45:29.098] kerbinbaobabtree.prefab
[LOG 17:45:29.098] kerbinquartz.prefab
[LOG 17:45:29.098] kerbin_baobab_tree_alpha.png
[LOG 17:45:29.098] kerbin_baobab_tree_d.tga
[LOG 17:45:29.098] kerbin_baobab_tree_n.png
[LOG 17:45:29.098] kerbin_giant_quartz_d.tga
[LOG 17:45:29.098] kerbin_giant_quartz_e.tga
[LOG 17:45:29.098] kerbin_giant_quartz_n.tga
[LOG 17:45:29.098] kerbin_giant_quartz_s.tga
[LOG 17:45:29.098] laytheboulder.fbx
[LOG 17:45:29.098] laythegeyser.fbx
[LOG 17:45:29.098] laythestone.fbx
[LOG 17:45:29.098] lambert1.mat
[LOG 17:45:29.098] laythe_boulder_d.mat
[LOG 17:45:29.098] laythe_geyser_d.mat
[LOG 17:45:29.098] laythe_stone_d.mat
[LOG 17:45:29.098] laytheboulder.prefab
[LOG 17:45:29.098] laythegeyser.prefab
[LOG 17:45:29.098] laythestone.prefab
[LOG 17:45:29.098] laythe_boulder_d.tga
[LOG 17:45:29.098] laythe_boulder_n.png
[LOG 17:45:29.098] laythe_geyser_d.tga
[LOG 17:45:29.098] laythe_geyser_n.png
[LOG 17:45:29.098] laythe_stone_d.tga
[LOG 17:45:29.098] laythe_stone_n.png
[LOG 17:45:29.098] greensandstone.fbx
[LOG 17:45:29.098] lambert1.mat
[LOG 17:45:29.098] minmus_green_sandstone_d.mat
[LOG 17:45:29.098] minmus_olivine_formation_d.mat
[LOG 17:45:29.098] minmusolivineformation.fbx
[LOG 17:45:29.098] minmus_greensandstone.prefab
[LOG 17:45:29.098] minmus_olivineformation.prefab
[LOG 17:45:29.098] minmus_green_sandstone_d.tga
[LOG 17:45:29.098] minmus_green_sandstone_n.png
[LOG 17:45:29.098] minmus_olivine_formation_d.tga
[LOG 17:45:29.098] minmus_olivine_formation_n.png
[LOG 17:45:29.098] lambert1.mat
[LOG 17:45:29.099] moho wrinkleridge_d.mat
[LOG 17:45:29.099] moho_stone_d.mat
[LOG 17:45:29.099] mohostone.fbx
[LOG 17:45:29.099] mohowrinkleridge.fbx
[LOG 17:45:29.099] mohostone.prefab
[LOG 17:45:29.099] mohowrinkleridge.prefab
[LOG 17:45:29.099] moho wrinkleridge_d.tga
[LOG 17:45:29.099] moho wrinkleridge_e.png
[LOG 17:45:29.099] moho wrinkleridge_n.png
[LOG 17:45:29.099] moho_stone_d.tga
[LOG 17:45:29.099] moho_stone_n.png
[LOG 17:45:29.099] lambert1.mat
[LOG 17:45:29.099] mun_crater_d.mat
[LOG 17:45:29.099] mun_large_crater_d.mat
[LOG 17:45:29.099] mun_stone_d.mat
[LOG 17:45:29.099] muncrater.fbx
[LOG 17:45:29.099] munlargecrater.fbx
[LOG 17:45:29.099] munstone.fbx
[LOG 17:45:29.099] muncrater.prefab
[LOG 17:45:29.099] munlargecrater.prefab
[LOG 17:45:29.099] munstone.prefab
[LOG 17:45:29.099] mun_crater_d.tga
[LOG 17:45:29.099] mun_crater_n.png
[LOG 17:45:29.099] mun_large_crater_d.tga
[LOG 17:45:29.099] mun_large_crater_n.png
[LOG 17:45:29.099] mun_stone_d.tga
[LOG 17:45:29.099] mun_stone_n.png
[LOG 17:45:29.099] lambert1.mat
[LOG 17:45:29.099] pol_yellowstone_d.mat
[LOG 17:45:29.099] polyellowstone.fbx
[LOG 17:45:29.099] pol_yellowstones.prefab
[LOG 17:45:29.099] pol_yellowstone_d.png
[LOG 17:45:29.099] pol_yellowstone_n.png
[LOG 17:45:29.099] lambert1.mat
[LOG 17:45:29.099] tylo_checkerboard_d.mat
[LOG 17:45:29.099] tylo_dark boulder_d.mat
[LOG 17:45:29.099] tylo_light_d.mat
[LOG 17:45:29.099] tyloboulder.fbx
[LOG 17:45:29.099] tylocheckerboard.fbx
[LOG 17:45:29.099] tylolightstone.fbx
[LOG 17:45:29.099] tylo_ checkerboard_n.png
[LOG 17:45:29.099] tylo_checkerboard_d.png
[LOG 17:45:29.099] tylo_dark boulder_d.tga
[LOG 17:45:29.099] tylo_dark boulder_n.png
[LOG 17:45:29.099] tylo_light_d.tga
[LOG 17:45:29.099] tylo_light_n.png
[LOG 17:45:29.099] tylocheckerboard.prefab
[LOG 17:45:29.099] tylodarkboulder.prefab
[LOG 17:45:29.099] tylolightstone.prefab
[LOG 17:45:29.099] cryovolcano_d.mat
[LOG 17:45:29.099] lambert1.mat
[LOG 17:45:29.099] vallicechunk_d.mat
[LOG 17:45:29.099] vallstone_d.mat
[LOG 17:45:29.099] vall_cryovolcano.fbx
[LOG 17:45:29.099] vall_icechunk.fbx
[LOG 17:45:29.099] vall_stone.fbx
[LOG 17:45:29.099] cryovolcano_d.tga
[LOG 17:45:29.099] cryovolcano_e.png
[LOG 17:45:29.099] cryovolcano_n.jpg
[LOG 17:45:29.099] cryovolcano_s.jpg
[LOG 17:45:29.099] vallicechunk_d.jpg
[LOG 17:45:29.099] vallicechunk_e.jpg
[LOG 17:45:29.099] vallicechunk_n.jpg
[LOG 17:45:29.099] vallicechunk_s.jpg
[LOG 17:45:29.099] vallstone_d.jpg
[LOG 17:45:29.099] vallstone_e.jpg
[LOG 17:45:29.099] vallstone_n.jpg
[LOG 17:45:29.099] vallstone_s.jpg
[LOG 17:45:29.100] vallcryovolcano.prefab
[LOG 17:45:29.100] vallicechunk.prefab
[LOG 17:45:29.100] vallstone.prefab
[LOG 17:45:29.100] vfx_spark.mat
[LOG 17:45:29.100] vfx_welding_flare.mat
[LOG 17:45:29.100] cometdustmaterial.mat
[LOG 17:45:29.100] cometgeysermat.mat
[LOG 17:45:29.107] GetTypesOfModulesImplementingInterface2: Found 69 types with IPartModuleAdjuster interface in 8 assemblies.
[LOG 17:45:29.113] GetSubclassesOfParentClass: Found 0 types with ModuleActiveRadiator parent in 8 assemblies.
[LOG 17:45:29.119] GetSubclassesOfParentClass: Found 0 types with ModuleAlternator parent in 8 assemblies.
[LOG 17:45:29.124] GetSubclassesOfParentClass: Found 1 types with ModuleControlSurface parent in 8 assemblies.
[LOG 17:45:29.129] GetSubclassesOfParentClass: Found 0 types with ModuleDataTransmitter parent in 8 assemblies.
[LOG 17:45:29.134] GetSubclassesOfParentClass: Found 0 types with ModuleDeployableSolarPanel parent in 8 assemblies.
[LOG 17:45:29.139] GetSubclassesOfParentClass: Found 1 types with ModuleEngines parent in 8 assemblies.
[LOG 17:45:29.144] GetSubclassesOfParentClass: Found 0 types with ModuleGenerator parent in 8 assemblies.
[LOG 17:45:29.148] GetSubclassesOfParentClass: Found 0 types with ModuleGimbal parent in 8 assemblies.
[LOG 17:45:29.153] GetSubclassesOfParentClass: Found 2 types with ModuleLiftingSurface parent in 8 assemblies.
[LOG 17:45:29.158] GetSubclassesOfParentClass: Found 0 types with ModuleLight parent in 8 assemblies.
[LOG 17:45:29.163] GetSubclassesOfParentClass: Found 0 types with ModuleReactionWheel parent in 8 assemblies.
[LOG 17:45:29.168] GetSubclassesOfParentClass: Found 0 types with ModuleSAS parent in 8 assemblies.
[LOG 17:45:29.172] GetSubclassesOfParentClass: Found 0 types with ModuleWheelBrakes parent in 8 assemblies.
[LOG 17:45:29.178] GetSubclassesOfParentClass: Found 1 types with ModuleWheelMotor parent in 8 assemblies.
[LOG 17:45:29.178] GetSubclassesOfParentClass: Using cached results for ModuleActiveRadiator
[LOG 17:45:29.184] GetSubclassesOfParentClass: Found 0 types with ModuleAnchoredDecoupler parent in 8 assemblies.
[LOG 17:45:29.189] GetSubclassesOfParentClass: Found 0 types with ModuleCargoBay parent in 8 assemblies.
[LOG 17:45:29.189] GetSubclassesOfParentClass: Using cached results for ModuleControlSurface
[LOG 17:45:29.189] GetSubclassesOfParentClass: Using cached results for ModuleDataTransmitter
[LOG 17:45:29.194] GetSubclassesOfParentClass: Found 0 types with ModuleDecouple parent in 8 assemblies.
[LOG 17:45:29.198] GetSubclassesOfParentClass: Found 4 types with ModuleDeployablePart parent in 8 assemblies.
[LOG 17:45:29.203] GetSubclassesOfParentClass: Found 0 types with ModuleDockingNode parent in 8 assemblies.
[LOG 17:45:29.203] GetSubclassesOfParentClass: Using cached results for ModuleEngines
[LOG 17:45:29.207] GetSubclassesOfParentClass: Found 0 types with CModuleFuelLine parent in 8 assemblies.
[LOG 17:45:29.213] GetSubclassesOfParentClass: Found 0 types with ModuleGPS parent in 8 assemblies.
[LOG 17:45:29.218] GetSubclassesOfParentClass: Found 0 types with ModuleGrappleNode parent in 8 assemblies.
[LOG 17:45:29.218] GetSubclassesOfParentClass: Using cached results for ModuleGrappleNode
[LOG 17:45:29.223] GetSubclassesOfParentClass: Found 0 types with ModuleKerbNetAccess parent in 8 assemblies.
[LOG 17:45:29.223] GetSubclassesOfParentClass: Using cached results for ModuleLight
[LOG 17:45:29.223] GetSubclassesOfParentClass: Using cached results for ModuleLight
[LOG 17:45:29.228] GetSubclassesOfParentClass: Found 0 types with ModuleProbeControlPoint parent in 8 assemblies.
[LOG 17:45:29.233] GetSubclassesOfParentClass: Found 1 types with ModuleRCS parent in 8 assemblies.
[LOG 17:45:29.233] GetSubclassesOfParentClass: Using cached results for ModuleRCS
[LOG 17:45:29.233] GetSubclassesOfParentClass: Using cached results for ModuleReactionWheel
[LOG 17:45:29.233] GetSubclassesOfParentClass: Using cached results for ModuleReactionWheel
[LOG 17:45:29.237] GetSubclassesOfParentClass: Found 0 types with ModuleResourceIntake parent in 8 assemblies.
[LOG 17:45:29.241] GetSubclassesOfParentClass: Found 0 types with ModuleScienceExperiment parent in 8 assemblies.
[LOG 17:45:29.246] GetSubclassesOfParentClass: Found 0 types with ModuleToggleCrossfeed parent in 8 assemblies.
[LOG 17:45:29.250] GetSubclassesOfParentClass: Found 0 types with ModuleWheelDeployment parent in 8 assemblies.
[LOG 17:45:29.268] ExpansionsLoader: Expansions loaded in 6.815s
[LOG 17:45:29.268] Loading Systems: Elapsed time is 39.72605s
[LOG 17:45:32.561] [AddonLoader]: Instantiating addon 'KSPCFFastLoaderPSystemSetup' from assembly 'KSPCommunityFixes'
[LOG 17:45:32.811] [Agent]: Found 19 agent mentality types
[LOG 17:45:32.813] [AgentList]: 31 agents parsed and loaded.
[LOG 17:45:32.843] [UIMasterController]: HideUI
[LOG 17:45:32.906] [CelestialBody]: Kerbin's solar day length is 1d, 0h, 0m long. sidereal day length is 5h, 59m, 9s long
[LOG 17:45:37.306] [UIMasterController]: HideUI
[LOG 17:45:37.311] [HighLogic]: =========================== Scene Change : From LOADING to MAINMENU =====================
[LOG 17:45:37.751] [AddonLoader]: Instantiating addon 'ContractDefs' from assembly 'KSP'
[LOG 17:45:37.767] [AddonLoader]: Instantiating addon 'KSPCFFastLoaderReport' from assembly 'KSPCommunityFixes'
[LOG 17:45:37.786] [UIMasterController]: ShowUI
[LOG 17:45:37.977] [GameParameters]: Loaded custom parameter class CommNetParams.
[LOG 17:45:37.978] [GameParameters]: Loaded custom parameter class MissionParamsGeneral.
[LOG 17:45:37.978] [GameParameters]: Loaded custom parameter class MissionParamsFacilities.
[LOG 17:45:37.978] [GameParameters]: Loaded custom parameter class MissionParamsExtras.
[LOG 17:45:37.979] [GameParameters]: Loaded custom parameter class AdvancedParams.
[LOG 17:45:37.996] [ReflectionUtil]: Found 40 types with UpgradeModule attribute in 8 assemblies.
[LOG 17:45:38.004] [KSPCF:FastLoader] Intel(R) Core(TM) Ultra 7 155H | 32265 MB | Intel(R) Arc(TM) Pro Graphics (18391 MB)
Total loading time to main menu : 51.697s
- Configs and assemblies loaded in 10.665s
- Configs reload done in 1.036s
- Configs translated in 0.008s
- 2332 assets loaded in 15.652s :
  - 86 audio assets (79.689 MiB) in 0.453s, 175.911 MiB/s
  - 1619 texture assets (1.293 GiB) in 11.791s, 112.304 MiB/s
  - 626 model assets (64.41 MiB) in 3.407s, 18.906 MiB/s
- Asset bundles loaded in 0.390s
- GameDatabase (configs, resources, traits, upgrades...) loaded in 0.049s
- Built-in parts copied in 0.017s
- Part and internal configs extracted in 0.001s
- 483 parts and 1927 modules compiled in 6.550s
  - 4.0 modules/part, 13.561 ms/part, 3.399 ms/module
  - PartIcon compilation : 0.753s
- 27 internal spaces and 56 props compiled in 0.117s
- 2 DLC (Making History, Breaking Ground) loaded in 6.841s
- Planetary system loaded in 5.617s
[LOG 17:45:38.006] Texture queries : 1709, slow path : 1 (0.06 %)
[LOG 17:45:38.010] [ModuleManager] Total loading Time = 41.205s
[LOG 17:45:38.066] [ScenarioTypes]: List Created 23 scenario types loaded from 8 loaded assemblies.
[WRN 17:45:38.072] File 'C:/Users/lhervier/Perso/ksp-dev/KSP_x64_Data/../Missions/MissionScoreInfo.cfg' does not exist
[LOG 17:45:38.074] [ApplicationLauncher] Awake False
[LOG 17:45:38.076] [ApplicationLauncher] SpawnSimpleLayout: VerticalTopDown
[LOG 17:45:38.086] [UiApp] Awake: 
[LOG 17:45:38.086] [ApplicationLauncher] OnSceneLoadedGUIReady: scene MAINMENU ShouldBeVisible() True ShouldBeOnTop() True iIsPositionedAtTop True
[LOG 17:45:38.111] [UIApp] Adding  to Application Launcher
[LOG 17:45:38.114] [ApplicationLauncher] SetHidden: 
[LOG 17:45:38.119] [MessageSystem] OnAppInitialized
[LOG 17:45:38.120] [MessageSystem] Reposition 0.0447618 6354
[LOG 17:46:09.113] [KSPUpgradePipeline]: claude (1.12.5) is up to date.
[LOG 17:46:09.119] [ExperienceSystem]: Found 0 trait types
[LOG 17:46:09.124] [ExperienceSystem]: Found 20 effect types
[LOG 17:46:09.146] [ScenarioTypes]: List Created 23 scenario types loaded from 8 loaded assemblies.
[LOG 17:46:09.168] Game State Saved to saves/claude/persistent
[LOG 17:46:09.179] [MessageSystem] Load Messages
[LOG 17:46:09.181] [UIMasterController]: HideUI
[LOG 17:46:09.183] [HighLogic]: =========================== Scene Change : From MAINMENU to SPACECENTER =====================
[LOG 17:46:09.449] [AddonLoader]: Instantiating addon 'CustomConfigsManager' from assembly 'ModuleManager'
[LOG 17:46:11.307] [UIMasterController]: ShowUI
[LOG 17:46:11.509] [SceneLoadSpeedBoost] Save loaded from disk in 2ms
[LOG 17:46:11.518] GetSubclassesOfParentClass: Found 7 types with AlarmTypeBase parent in 8 assemblies.
[LOG 17:46:11.524] Loading Depletion Nodes
[LOG 17:46:11.524] DepNodeCount:  0
[LOG 17:46:11.524] Loading Biome Nodes
[LOG 17:46:11.524] BiomeNodeCount:  0
[LOG 17:46:11.524] Loading Planet Nodes
[LOG 17:46:11.524] PlanetNodeCount:  0
[LOG 17:46:11.534] [ScenarioDestructibles]: Loading... 0 objects registered
[LOG 17:46:11.623] [UiApp] Awake: KSPedia
[LOG 17:46:11.623] [UiApp] Awake: Missions App
[LOG 17:46:11.623] [UiApp] Awake: AlarmClock
[LOG 17:46:11.624] [GenericAppFrame] Reposition 0 14130
[LOG 17:46:11.625] [ApplicationLauncher] OnSceneLoadedGUIReady: scene SPACECENTER ShouldBeVisible() True ShouldBeOnTop() False iIsPositionedAtTop True
[LOG 17:46:11.625] [ApplicationLauncher] SpawnSimpleLayout: HorizontalRightLeft
[LOG 17:46:11.628] [ApplicationLauncher] SetVisible: 
[LOG 17:46:11.728] [UIApp] OnDestroy: Contracts
[LOG 17:46:11.734] [MessageSystem] Reposition 0.02 14131
[LOG 17:46:11.734] [GenericAppFrame] Reposition 0.02 14131
[LOG 17:46:11.734] [GenericAppFrame] Reposition 0.02 14131
[LOG 17:46:11.828] [UIApp] Adding AlarmClock to Application Launcher
[LOG 17:46:11.830] [UIApp] Adding Missions App to Application Launcher
[LOG 17:46:11.871] [GenericAppFrame] Reposition 0.1246121 14137
[LOG 17:46:11.874] [MissionsApp] OnAppStarted(): id: -382856
[LOG 17:46:11.874] MissionsApp does not execute in this game mode, destroying this instance
[LOG 17:46:11.874] [UIApp] OnDestroy: Missions App
[LOG 17:46:11.883] [UIApp] Adding KSPedia to Application Launcher
[LOG 17:46:12.448] Game Paused!
[LOG 17:46:12.449] [UIMasterController]: ShowUI
[LOG 17:46:15.387] [KSPUpgradePipeline]: claude (1.12.5) is up to date.
[LOG 17:46:15.394] [ScenarioTypes]: List Created 23 scenario types loaded from 8 loaded assemblies.
[LOG 17:46:15.395] [MessageSystem] Load Messages
[LOG 17:46:15.398] [UIMasterController]: HideUI
[LOG 17:46:15.404] [HighLogic]: =========================== Scene Change : From SPACECENTER to FLIGHT =====================
[LOG 17:46:15.407] Game Unpaused!
[LOG 17:46:15.648] [UIApp] OnDestroy: KSPedia
[LOG 17:46:15.648] [UIApp] OnDestroy: AlarmClock
[LOG 17:46:15.651] [KSPCF:MemoryLeaks] Removed a onPlanetariumTargetChange callback owned by a destroyed Assembly-CSharp:CommNetVessel instance
[LOG 17:46:15.656] [KSPCF:MemoryLeaks] Leaving scene "SpaceCenter", cleaned 5 memory leaks in 0.007s. GameEvents callbacks : 471. Allocated memory : 675.891 MiB (managed heap), 2.196 GiB (unmanaged)
[LOG 17:46:15.663] UICanvasPrefabSpawner FlightUI spawning Flight
[LOG 17:46:15.685] UICanvasPrefabSpawner FlightUI spawning VesselLabels
[LOG 17:46:15.685] [UiApp] Awake: ResourceDisplay
[LOG 17:46:15.736] [AddonLoader]: Instantiating addon 'AeroGUI' from assembly 'KSP'
[LOG 17:46:15.745] [AddonLoader]: Instantiating addon 'TerrainPrecisionFixDiagMod' from assembly 'TerrainPrecisionFixDiagMod'
[LOG 17:46:15.747] [PlanetariumCamera]: Focus: Kerbin
[LOG 17:46:15.748] [UIMasterController]: HideUI
[LOG 17:46:15.955] [UIMasterController]: HideUI
[LOG 17:46:15.955] ------------------- initializing flight mode... ------------------
[LOG 17:46:15.956] GetSubclassesOfParentClass: Using cached results for AlarmTypeBase
[LOG 17:46:15.956] Loading Depletion Nodes
[LOG 17:46:15.956] DepNodeCount:  0
[LOG 17:46:15.956] Loading Biome Nodes
[LOG 17:46:15.956] BiomeNodeCount:  0
[LOG 17:46:15.956] Loading Planet Nodes
[LOG 17:46:15.956] PlanetNodeCount:  0
[LOG 17:46:15.958] [ScenarioDestructibles]: Loading... 0 objects registered
[LOG 17:46:15.985] Target vessel index: 7  vessel count: 11
[LOG 17:46:15.986] [FLIGHT GLOBALS]: Switching To Vessel Diag3-Rover ---------------------- 
[LOG 17:46:15.987] setting new dominant body: Kerbin
FlightGlobals.mainBody: Kerbin
[LOG 17:46:15.988] Reference Frame: Rotating
[LOG 17:46:16.019] [Diag3-Rover]: landed - waiting for ground contact to resume physics...
[LOG 17:46:16.027] Camera Mode: AUTO
[LOG 17:46:17.720] all systems started
[LOG 17:46:17.897] [Vaisseau sans nom]: landed - waiting for ground contact to resume physics...
[LOG 17:46:17.958] [UiApp] Awake: CurrencyWidgetsApp
[LOG 17:46:17.958] [UiApp] Awake: ResourceDisplay
[LOG 17:46:17.958] [UiApp] Awake: KSPedia
[LOG 17:46:17.958] [UiApp] Awake: Missions App
[LOG 17:46:17.958] [UiApp] Awake: DeltaVApp
[LOG 17:46:17.959] [UiApp] Awake: ActionGroupsApp
[LOG 17:46:17.959] [UiApp] Awake: Construction
[LOG 17:46:17.959] [UiApp] Awake: Cargo
[LOG 17:46:17.959] [UiApp] Awake: AlarmClock
[LOG 17:46:17.959] [UiApp] Awake: ManeuverTool
[LOG 17:46:17.959] [ApplicationLauncher] OnSceneLoadedGUIReady: scene FLIGHT ShouldBeVisible() True ShouldBeOnTop() True iIsPositionedAtTop False
[LOG 17:46:17.959] [ApplicationLauncher] SpawnSimpleLayout: VerticalTopDown
[LOG 17:46:17.962] [KnowledgeBase] OnAppLauncherReady 14391
[LOG 17:46:17.972] [UIApp] OnDestroy: Contracts
[LOG 17:46:18.002] [FlightIntegrator]: Reloaded drag cube for zeroed cube root part trussPiece3x (Diag3-Rover) on vessel Diag3-Rover
[LOG 17:46:18.020] [MessageSystem] Reposition 0.02 14392
[LOG 17:46:18.020] [GenericAppFrame] Reposition 0.02 14392
[LOG 17:46:18.020] [GenericAppFrame] Reposition 0.02 14392
[LOG 17:46:18.036] [FlightIntegrator]: Reloaded drag cube for zeroed cube root part fuelTankSmallFlat (Vaisseau sans nom) on vessel Vaisseau sans nom
[LOG 17:46:18.101] [PlanetariumCamera]: Focus: Diag3-Rover
[LOG 17:46:18.119] [UIApp] Adding ResourceDisplay to Application Launcher
[LOG 17:46:18.120] [UIApp] Adding ResourceDisplay to Application Launcher
[LOG 17:46:18.130] [ResourceDisplay] OnAppStarted(): id: -406302
[LOG 17:46:18.131] [GenericAppFrame] Reposition 0.1283717 14396
[LOG 17:46:18.131] [ResourceDisplay] OnAppStarted(): id: 264296
[LOG 17:46:18.131] ResourceDisplay already exist, destroying this instance
[LOG 17:46:18.131] [UIApp] OnDestroy: ResourceDisplay
[LOG 17:46:18.144] [UIApp] Adding AlarmClock to Application Launcher
[LOG 17:46:18.144] [UIApp] Adding ActionGroupsApp to Application Launcher
[LOG 17:46:18.145] [UIApp] Adding Missions App to Application Launcher
[LOG 17:46:18.146] CURRENCY WIDGET False False False
[LOG 17:46:18.148] [UIApp] OnDestroy: CurrencyWidgetsApp
[LOG 17:46:18.165] [GenericAppFrame] Reposition 0.1534488 14398
[LOG 17:46:18.166] [ActionGroupsApp] OnAppStarted(): id: -406326
[LOG 17:46:18.168] [GenericAppFrame] Reposition 0.1534488 14398
[LOG 17:46:18.169] [UIApp] Adding DeltaVApp to Application Launcher
[LOG 17:46:18.170] [MissionsApp] OnAppStarted(): id: -406314
[LOG 17:46:18.170] MissionsApp does not execute in this game mode, destroying this instance
[LOG 17:46:18.170] [UIApp] OnDestroy: Missions App
[LOG 17:46:18.180] [GenericAppFrame] Reposition 0.1773819 14399
[LOG 17:46:18.189] [UIApp] Adding Cargo to Application Launcher
[LOG 17:46:18.190] [UIApp] Adding Construction to Application Launcher
[LOG 17:46:18.192] [UIApp] Adding KSPedia to Application Launcher
[WRN 17:46:18.199] HighlightingSystem : Framebuffer depth data is not available and can't be used to occlude highlighting. Highlighting occluders enabled.
[LOG 17:46:18.232] [UIApp] Adding ManeuverTool to Application Launcher
[LOG 17:46:18.236] [ApplicationLauncher] SetHidden: 
[LOG 17:46:18.256] [GenericAppFrame] Reposition 0.2479197 14402
[LOG 17:46:18.263] [ManeuverTool]: Found 1 transfer types
[LOG 17:46:18.311] Flight State Captured
[LOG 17:46:18.314] Saving Achievements Tree...
[LOG 17:46:18.314] Saving Achievements Tree...
[LOG 17:46:18.316] [MessageSystem] Save Messages
[LOG 17:46:18.339] Game State Saved as persistent
[LOG 17:46:19.250] Unpacking Diag3-Rover
[LOG 17:46:19.274] [UIMasterController]: ShowUI
[LOG 17:46:27.803] [FLIGHT GLOBALS]: Switching To Vessel Vaisseau sans nom ---------------------- 
[LOG 17:46:27.806] Packing Diag3-Rover for orbit
[LOG 17:46:27.808] [PlanetariumCamera]: Focus: Vaisseau sans nom
[LOG 17:46:27.813] Camera Mode: AUTO
[LOG 17:46:27.934] Unpacking Vaisseau sans nom
[LOG 17:46:53.436] Game Paused!
[LOG 17:46:53.437] [UIMasterController]: ShowUI
[LOG 17:46:54.431] [SceneLoadSpeedBoost] Save loaded from disk in 5ms
[LOG 17:46:55.892] [KSPUpgradePipeline]: claude (1.12.5) is up to date.
[LOG 17:46:55.901] [ScenarioTypes]: List Created 23 scenario types loaded from 8 loaded assemblies.
[LOG 17:46:55.902] [MessageSystem] Load Messages
[LOG 17:46:55.903] [UIMasterController]: HideUI
[LOG 17:46:55.945] [HighLogic]: =========================== Scene Change : From FLIGHT to FLIGHT =====================
[LOG 17:46:55.946] Game Unpaused!
[LOG 17:46:56.063] [PlanetariumCamera]: Focus: Kerbin
[LOG 17:46:56.065] [UIApp] OnDestroy: DeltaVApp
[LOG 17:46:56.066] KbApp.OnDestroy Planet Resources
[LOG 17:46:56.066] [UIApp] OnDestroy: ActionGroupsApp
[LOG 17:46:56.067] [UIApp] OnDestroy: ResourceDisplay
[LOG 17:46:56.068] KbApp.OnDestroy Planet Parameters
[LOG 17:46:56.069] [UIApp] OnDestroy: Cargo
[LOG 17:46:56.069] KbApp.OnDestroy Vessel Crew
[LOG 17:46:56.070] KbApp.OnDestroy Planet Info
[LOG 17:46:56.070] [UIApp] OnDestroy: ManeuverTool
[LOG 17:46:56.071] KbApp.OnDestroy Unowned Info
[LOG 17:46:56.071] [UIApp] OnDestroy: AlarmClock
[LOG 17:46:56.071] KbApp.OnDestroy NullName
[LOG 17:46:56.071] [UIApp] OnDestroy: Construction
[LOG 17:46:56.073] KbApp.OnDestroy Vessel Info
[LOG 17:46:56.081] [UIApp] OnDestroy: KSPedia
[LOG 17:46:56.082] [KSPCF:MemoryLeaks] Removed a onVesselChange callback owned by a destroyed Assembly-CSharp:ModuleDeployableSolarPanel instance
[LOG 17:46:56.082] [KSPCF:MemoryLeaks] Removed a onVesselChange callback owned by a destroyed Assembly-CSharp:ModuleDeployableSolarPanel instance
[LOG 17:46:56.082] [KSPCF:MemoryLeaks] Removed a onVesselChange callback owned by a destroyed Assembly-CSharp:ModuleDeployableSolarPanel instance
[LOG 17:46:56.082] [KSPCF:MemoryLeaks] Removed a onVesselChange callback owned by a destroyed Assembly-CSharp:ModuleDeployableSolarPanel instance
[LOG 17:46:56.082] [KSPCF:MemoryLeaks] Removed a onVesselChange callback owned by a destroyed Assembly-CSharp:ModuleDeployableSolarPanel instance
[LOG 17:46:56.082] [KSPCF:MemoryLeaks] Removed a onVesselChange callback owned by a destroyed Assembly-CSharp:ModuleDeployableSolarPanel instance
[LOG 17:46:56.082] [KSPCF:MemoryLeaks] Removed a OnMapExited callback owned by a destroyed Assembly-CSharp:NavBallToggle instance
[LOG 17:46:56.082] [KSPCF:MemoryLeaks] Removed a OnGameSettingsApplied callback owned by a destroyed Assembly-CSharp:VesselAutopilotUI instance
[LOG 17:46:56.082] [KSPCF:MemoryLeaks] Removed a onPartActionUICreate callback owned by a destroyed Assembly-CSharp:ModuleInventoryPart instance
[LOG 17:46:56.083] [KSPCF:MemoryLeaks] Removed a onModuleInventoryChanged callback owned by a destroyed Assembly-CSharp:ModuleInventoryPart instance
[LOG 17:46:56.083] [KSPCF:MemoryLeaks] Removed a OnDestructibleLoaded callback owned by a destroyed Assembly-CSharp:RunwayCollisionHandler instance
[LOG 17:46:56.083] [KSPCF:MemoryLeaks] Removed a OnClick callback owned by a destroyed Assembly-CSharp:EVAConstructionModeEditor instance
[LOG 17:46:56.083] [KSPCF:MemoryLeaks] Removed a TimingManager.Instance.timing5.onLateUpdate callback owned by a destroyed Assembly-CSharp:MapView instance
[LOG 17:46:56.083] [KSPCF:MemoryLeaks] Leaving scene "Flight", cleaned 75 memory leaks in 0.002s. GameEvents callbacks : 528. Allocated memory : 703.477 MiB (managed heap), 2.194 GiB (unmanaged)
[LOG 17:46:56.089] UICanvasPrefabSpawner FlightUI spawning Flight
[LOG 17:46:56.103] UICanvasPrefabSpawner FlightUI spawning VesselLabels
[LOG 17:46:56.103] [UiApp] Awake: ResourceDisplay
[LOG 17:46:56.161] [AddonLoader]: Instantiating addon 'AeroGUI' from assembly 'KSP'
[LOG 17:46:56.168] [AddonLoader]: Instantiating addon 'TerrainPrecisionFixDiagMod' from assembly 'TerrainPrecisionFixDiagMod'
[LOG 17:46:56.169] [PlanetariumCamera]: Focus: Kerbin
[LOG 17:46:56.169] [UIMasterController]: HideUI
[LOG 17:46:56.388] [UIMasterController]: HideUI
[LOG 17:46:56.388] ------------------- initializing flight mode... ------------------
[LOG 17:46:56.389] GetSubclassesOfParentClass: Using cached results for AlarmTypeBase
[LOG 17:46:56.389] Loading Depletion Nodes
[LOG 17:46:56.389] DepNodeCount:  0
[LOG 17:46:56.389] Loading Biome Nodes
[LOG 17:46:56.389] BiomeNodeCount:  0
[LOG 17:46:56.389] Loading Planet Nodes
[LOG 17:46:56.389] PlanetNodeCount:  0
[LOG 17:46:56.390] [ScenarioDestructibles]: Loading... 0 objects registered
[LOG 17:46:56.414] Target vessel index: 7  vessel count: 11
[LOG 17:46:56.414] [FLIGHT GLOBALS]: Switching To Vessel Diag3-Rover ---------------------- 
[LOG 17:46:56.415] setting new dominant body: Kerbin
FlightGlobals.mainBody: Kerbin
[LOG 17:46:56.415] Reference Frame: Rotating
[LOG 17:46:56.436] [Diag3-Rover]: landed - waiting for ground contact to resume physics...
[LOG 17:46:56.437] Camera Mode: AUTO
[LOG 17:46:58.132] all systems started
[LOG 17:46:58.220] [Vaisseau sans nom]: landed - waiting for ground contact to resume physics...
[LOG 17:46:58.241] [UiApp] Awake: CurrencyWidgetsApp
[LOG 17:46:58.241] [UiApp] Awake: ResourceDisplay
[LOG 17:46:58.241] [UiApp] Awake: KSPedia
[LOG 17:46:58.241] [UiApp] Awake: Missions App
[LOG 17:46:58.241] [UiApp] Awake: DeltaVApp
[LOG 17:46:58.241] [UiApp] Awake: ActionGroupsApp
[LOG 17:46:58.241] [UiApp] Awake: Construction
[LOG 17:46:58.241] [UiApp] Awake: Cargo
[LOG 17:46:58.241] [UiApp] Awake: AlarmClock
[LOG 17:46:58.241] [UiApp] Awake: ManeuverTool
[LOG 17:46:58.241] [ApplicationLauncher] OnSceneLoadedGUIReady: scene FLIGHT ShouldBeVisible() True ShouldBeOnTop() True iIsPositionedAtTop True
[LOG 17:46:58.243] [KnowledgeBase] OnAppLauncherReady 17139
[LOG 17:46:58.249] [UIApp] OnDestroy: Contracts
[LOG 17:46:58.275] [FlightIntegrator]: Reloaded drag cube for zeroed cube root part trussPiece3x (Diag3-Rover) on vessel Diag3-Rover
[LOG 17:46:58.278] [MessageSystem] Reposition 0.02 17140
[LOG 17:46:58.278] [GenericAppFrame] Reposition 0.02 17140
[LOG 17:46:58.278] [GenericAppFrame] Reposition 0.02 17140
[LOG 17:46:58.333] [FlightIntegrator]: Reloaded drag cube for zeroed cube root part fuelTankSmallFlat (Vaisseau sans nom) on vessel Vaisseau sans nom
[LOG 17:46:58.338] [PlanetariumCamera]: Focus: Diag3-Rover
[LOG 17:46:58.351] [UIApp] Adding ResourceDisplay to Application Launcher
[LOG 17:46:58.351] [UIApp] Adding ResourceDisplay to Application Launcher
[LOG 17:46:58.360] [ResourceDisplay] OnAppStarted(): id: -450828
[LOG 17:46:58.360] [GenericAppFrame] Reposition 0.0992975 17144
[LOG 17:46:58.360] [ResourceDisplay] OnAppStarted(): id: 264428
[LOG 17:46:58.360] ResourceDisplay already exist, destroying this instance
[LOG 17:46:58.361] [UIApp] OnDestroy: ResourceDisplay
[LOG 17:46:58.371] [UIApp] Adding AlarmClock to Application Launcher
[LOG 17:46:58.372] [UIApp] Adding ActionGroupsApp to Application Launcher
[LOG 17:46:58.373] [UIApp] Adding Missions App to Application Launcher
[LOG 17:46:58.373] CURRENCY WIDGET False False False
[LOG 17:46:58.376] [UIApp] OnDestroy: CurrencyWidgetsApp
[LOG 17:46:58.395] [GenericAppFrame] Reposition 0.1247318 17146
[LOG 17:46:58.396] [ActionGroupsApp] OnAppStarted(): id: -450852
[LOG 17:46:58.396] [GenericAppFrame] Reposition 0.1247318 17146
[LOG 17:46:58.396] [UIApp] Adding DeltaVApp to Application Launcher
[LOG 17:46:58.398] [MissionsApp] OnAppStarted(): id: -450840
[LOG 17:46:58.398] MissionsApp does not execute in this game mode, destroying this instance
[LOG 17:46:58.398] [UIApp] OnDestroy: Missions App
[LOG 17:46:58.408] [GenericAppFrame] Reposition 0.1470874 17147
[LOG 17:46:58.417] [UIApp] Adding Cargo to Application Launcher
[LOG 17:46:58.417] [UIApp] Adding Construction to Application Launcher
[LOG 17:46:58.418] [UIApp] Adding KSPedia to Application Launcher
[LOG 17:46:58.429] [UIApp] Adding ManeuverTool to Application Launcher
[LOG 17:46:58.431] [ApplicationLauncher] SetHidden: 
[LOG 17:46:58.465] [GenericAppFrame] Reposition 0.2006835 17150
[LOG 17:46:58.472] [ManeuverTool]: Found 1 transfer types
[LOG 17:46:58.514] Flight State Captured
[LOG 17:46:58.514] Saving Achievements Tree...
[LOG 17:46:58.514] Saving Achievements Tree...
[LOG 17:46:58.515] [MessageSystem] Save Messages
[LOG 17:46:58.541] Game State Saved as persistent
[LOG 17:46:59.450] Unpacking Diag3-Rover
[LOG 17:46:59.464] [UIMasterController]: ShowUI
[LOG 17:47:05.604] [FLIGHT GLOBALS]: Switching To Vessel Vaisseau sans nom ---------------------- 
[LOG 17:47:05.604] Packing Diag3-Rover for orbit
[LOG 17:47:05.605] [PlanetariumCamera]: Focus: Vaisseau sans nom
[LOG 17:47:05.609] Camera Mode: AUTO
[LOG 17:47:05.722] Unpacking Vaisseau sans nom
[LOG 17:47:09.551] Game Paused!
[LOG 17:47:09.551] [UIMasterController]: ShowUI
[LOG 17:47:10.427] [SceneLoadSpeedBoost] Save loaded from disk in 7ms
[LOG 17:47:11.775] [KSPUpgradePipeline]: claude (1.12.5) is up to date.
[LOG 17:47:11.793] [ScenarioTypes]: List Created 23 scenario types loaded from 8 loaded assemblies.
[LOG 17:47:11.793] [MessageSystem] Load Messages
[LOG 17:47:11.793] [UIMasterController]: HideUI
[LOG 17:47:11.834] [HighLogic]: =========================== Scene Change : From FLIGHT to FLIGHT =====================
[LOG 17:47:11.834] Game Unpaused!
[LOG 17:47:11.947] [UIApp] OnDestroy: KSPedia
[LOG 17:47:11.947] [UIApp] OnDestroy: Cargo
[LOG 17:47:11.948] KbApp.OnDestroy Vessel Info
[LOG 17:47:11.948] [PlanetariumCamera]: Focus: Kerbin
[LOG 17:47:11.948] KbApp.OnDestroy Planet Info
[LOG 17:47:11.948] [UIApp] OnDestroy: ResourceDisplay
[LOG 17:47:11.948] [UIApp] OnDestroy: DeltaVApp
[LOG 17:47:11.948] [UIApp] OnDestroy: AlarmClock
[LOG 17:47:11.948] KbApp.OnDestroy Unowned Info
[LOG 17:47:11.949] KbApp.OnDestroy Vessel Crew
[LOG 17:47:11.949] [UIApp] OnDestroy: Construction
[LOG 17:47:11.949] KbApp.OnDestroy Planet Parameters
[LOG 17:47:11.949] [UIApp] OnDestroy: ManeuverTool
[LOG 17:47:11.949] KbApp.OnDestroy NullName
[LOG 17:47:11.950] [UIApp] OnDestroy: ActionGroupsApp
[LOG 17:47:11.950] KbApp.OnDestroy Planet Resources
[LOG 17:47:11.951] [KSPCF:MemoryLeaks] Removed a onVesselChange callback owned by a destroyed Assembly-CSharp:ModuleDeployableSolarPanel instance
[LOG 17:47:11.951] [KSPCF:MemoryLeaks] Removed a onVesselChange callback owned by a destroyed Assembly-CSharp:ModuleDeployableSolarPanel instance
[LOG 17:47:11.951] [KSPCF:MemoryLeaks] Removed a onVesselChange callback owned by a destroyed Assembly-CSharp:ModuleDeployableSolarPanel instance
[LOG 17:47:11.951] [KSPCF:MemoryLeaks] Removed a onVesselChange callback owned by a destroyed Assembly-CSharp:ModuleDeployableSolarPanel instance
[LOG 17:47:11.951] [KSPCF:MemoryLeaks] Removed a onVesselChange callback owned by a destroyed Assembly-CSharp:ModuleDeployableSolarPanel instance
[LOG 17:47:11.951] [KSPCF:MemoryLeaks] Removed a onVesselChange callback owned by a destroyed Assembly-CSharp:ModuleDeployableSolarPanel instance
[LOG 17:47:11.951] [KSPCF:MemoryLeaks] Removed a OnMapExited callback owned by a destroyed Assembly-CSharp:NavBallToggle instance
[LOG 17:47:11.951] [KSPCF:MemoryLeaks] Removed a OnGameSettingsApplied callback owned by a destroyed Assembly-CSharp:VesselAutopilotUI instance
[LOG 17:47:11.951] [KSPCF:MemoryLeaks] Removed a onPartActionUICreate callback owned by a destroyed Assembly-CSharp:ModuleInventoryPart instance
[LOG 17:47:11.951] [KSPCF:MemoryLeaks] Removed a onModuleInventoryChanged callback owned by a destroyed Assembly-CSharp:ModuleInventoryPart instance
[LOG 17:47:11.952] [KSPCF:MemoryLeaks] Removed a OnDestructibleLoaded callback owned by a destroyed Assembly-CSharp:RunwayCollisionHandler instance
[LOG 17:47:11.952] [KSPCF:MemoryLeaks] Removed a OnClick callback owned by a destroyed Assembly-CSharp:EVAConstructionModeEditor instance
[LOG 17:47:11.952] [KSPCF:MemoryLeaks] Removed a TimingManager.Instance.timing5.onLateUpdate callback owned by a destroyed Assembly-CSharp:MapView instance
[LOG 17:47:11.952] [KSPCF:MemoryLeaks] Leaving scene "Flight", cleaned 75 memory leaks in 0.002s. GameEvents callbacks : 528. Allocated memory : 675.527 MiB (managed heap), 2.196 GiB (unmanaged)
[LOG 17:47:11.957] UICanvasPrefabSpawner FlightUI spawning Flight
[LOG 17:47:11.970] UICanvasPrefabSpawner FlightUI spawning VesselLabels
[LOG 17:47:11.970] [UiApp] Awake: ResourceDisplay
[LOG 17:47:12.024] [AddonLoader]: Instantiating addon 'AeroGUI' from assembly 'KSP'
[LOG 17:47:12.033] [AddonLoader]: Instantiating addon 'TerrainPrecisionFixDiagMod' from assembly 'TerrainPrecisionFixDiagMod'
[LOG 17:47:12.033] [PlanetariumCamera]: Focus: Kerbin
[LOG 17:47:12.033] [UIMasterController]: HideUI
[LOG 17:47:12.254] [UIMasterController]: HideUI
[LOG 17:47:12.254] ------------------- initializing flight mode... ------------------
[LOG 17:47:12.254] GetSubclassesOfParentClass: Using cached results for AlarmTypeBase
[LOG 17:47:12.255] Loading Depletion Nodes
[LOG 17:47:12.255] DepNodeCount:  0
[LOG 17:47:12.255] Loading Biome Nodes
[LOG 17:47:12.255] BiomeNodeCount:  0
[LOG 17:47:12.255] Loading Planet Nodes
[LOG 17:47:12.255] PlanetNodeCount:  0
[LOG 17:47:12.255] [ScenarioDestructibles]: Loading... 0 objects registered
[LOG 17:47:12.278] Target vessel index: 7  vessel count: 11
[LOG 17:47:12.278] [FLIGHT GLOBALS]: Switching To Vessel Diag3-Rover ---------------------- 
[LOG 17:47:12.279] setting new dominant body: Kerbin
FlightGlobals.mainBody: Kerbin
[LOG 17:47:12.279] Reference Frame: Rotating
[LOG 17:47:12.300] [Diag3-Rover]: landed - waiting for ground contact to resume physics...
[LOG 17:47:12.301] Camera Mode: AUTO
[LOG 17:47:13.998] all systems started
[LOG 17:47:14.087] [Vaisseau sans nom]: landed - waiting for ground contact to resume physics...
[LOG 17:47:14.109] [UiApp] Awake: CurrencyWidgetsApp
[LOG 17:47:14.109] [UiApp] Awake: ResourceDisplay
[LOG 17:47:14.109] [UiApp] Awake: KSPedia
[LOG 17:47:14.109] [UiApp] Awake: Missions App
[LOG 17:47:14.109] [UiApp] Awake: DeltaVApp
[LOG 17:47:14.109] [UiApp] Awake: ActionGroupsApp
[LOG 17:47:14.109] [UiApp] Awake: Construction
[LOG 17:47:14.109] [UiApp] Awake: Cargo
[LOG 17:47:14.109] [UiApp] Awake: AlarmClock
[LOG 17:47:14.109] [UiApp] Awake: ManeuverTool
[LOG 17:47:14.109] [ApplicationLauncher] OnSceneLoadedGUIReady: scene FLIGHT ShouldBeVisible() True ShouldBeOnTop() True iIsPositionedAtTop True
[LOG 17:47:14.111] [KnowledgeBase] OnAppLauncherReady 18059
[LOG 17:47:14.117] [UIApp] OnDestroy: Contracts
[LOG 17:47:14.142] [FlightIntegrator]: Reloaded drag cube for zeroed cube root part trussPiece3x (Diag3-Rover) on vessel Diag3-Rover
[LOG 17:47:14.145] [MessageSystem] Reposition 0.02 18060
[LOG 17:47:14.145] [GenericAppFrame] Reposition 0.02 18060
[LOG 17:47:14.145] [GenericAppFrame] Reposition 0.02 18060
[LOG 17:47:14.196] [FlightIntegrator]: Reloaded drag cube for zeroed cube root part fuelTankSmallFlat (Vaisseau sans nom) on vessel Vaisseau sans nom
[LOG 17:47:14.200] [PlanetariumCamera]: Focus: Diag3-Rover
[LOG 17:47:14.212] [UIApp] Adding ResourceDisplay to Application Launcher
[LOG 17:47:14.214] [UIApp] Adding ResourceDisplay to Application Launcher
[LOG 17:47:14.222] [ResourceDisplay] OnAppStarted(): id: -495170
[LOG 17:47:14.223] [GenericAppFrame] Reposition 0.1007871 18064
[LOG 17:47:14.223] [ResourceDisplay] OnAppStarted(): id: 264560
[LOG 17:47:14.223] ResourceDisplay already exist, destroying this instance
[LOG 17:47:14.223] [UIApp] OnDestroy: ResourceDisplay
[LOG 17:47:14.232] [UIApp] Adding AlarmClock to Application Launcher
[LOG 17:47:14.234] [UIApp] Adding ActionGroupsApp to Application Launcher
[LOG 17:47:14.235] [UIApp] Adding Missions App to Application Launcher
[LOG 17:47:14.236] CURRENCY WIDGET False False False
[LOG 17:47:14.237] [UIApp] OnDestroy: CurrencyWidgetsApp
[LOG 17:47:14.257] [GenericAppFrame] Reposition 0.1256976 18066
[LOG 17:47:14.259] [ActionGroupsApp] OnAppStarted(): id: -495194
[LOG 17:47:14.259] [GenericAppFrame] Reposition 0.1256976 18066
[LOG 17:47:14.259] [UIApp] Adding DeltaVApp to Application Launcher
[LOG 17:47:14.260] [MissionsApp] OnAppStarted(): id: -495182
[LOG 17:47:14.260] MissionsApp does not execute in this game mode, destroying this instance
[LOG 17:47:14.260] [UIApp] OnDestroy: Missions App
[LOG 17:47:14.270] [GenericAppFrame] Reposition 0.1476903 18067
[LOG 17:47:14.279] [UIApp] Adding Cargo to Application Launcher
[LOG 17:47:14.280] [UIApp] Adding Construction to Application Launcher
[LOG 17:47:14.281] [UIApp] Adding KSPedia to Application Launcher
[LOG 17:47:14.296] [UIApp] Adding ManeuverTool to Application Launcher
[LOG 17:47:14.297] [ApplicationLauncher] SetHidden: 
[LOG 17:47:14.310] [GenericAppFrame] Reposition 0.186266 18070
[LOG 17:47:14.318] [ManeuverTool]: Found 1 transfer types
[LOG 17:47:14.358] Flight State Captured
[LOG 17:47:14.358] Saving Achievements Tree...
[LOG 17:47:14.358] Saving Achievements Tree...
[LOG 17:47:14.359] [MessageSystem] Save Messages
[LOG 17:47:14.382] Game State Saved as persistent
[LOG 17:47:15.299] Unpacking Diag3-Rover
[LOG 17:47:15.310] [UIMasterController]: ShowUI
[LOG 17:47:19.701] [FLIGHT GLOBALS]: Switching To Vessel Vaisseau sans nom ---------------------- 
[LOG 17:47:19.701] Packing Diag3-Rover for orbit
[LOG 17:47:19.702] [PlanetariumCamera]: Focus: Vaisseau sans nom
[LOG 17:47:19.707] Camera Mode: AUTO
[LOG 17:47:19.820] Unpacking Vaisseau sans nom
[LOG 17:47:24.028] Game Paused!
[LOG 17:47:24.028] [UIMasterController]: ShowUI
[LOG 17:47:27.488] [SceneLoadSpeedBoost] Save loaded from disk in 10ms
[LOG 17:47:28.587] [KSPUpgradePipeline]: claude (1.12.5) is up to date.
[LOG 17:47:28.596] [ScenarioTypes]: List Created 23 scenario types loaded from 8 loaded assemblies.
[LOG 17:47:28.596] [MessageSystem] Load Messages
[LOG 17:47:28.597] [UIMasterController]: HideUI
[LOG 17:47:28.642] [HighLogic]: =========================== Scene Change : From FLIGHT to FLIGHT =====================
[LOG 17:47:28.644] Game Unpaused!
[LOG 17:47:28.766] KbApp.OnDestroy NullName
[LOG 17:47:28.766] [UIApp] OnDestroy: Cargo
[LOG 17:47:28.766] [UIApp] OnDestroy: DeltaVApp
[LOG 17:47:28.766] KbApp.OnDestroy Unowned Info
[LOG 17:47:28.766] KbApp.OnDestroy Planet Info
[LOG 17:47:28.767] KbApp.OnDestroy Planet Resources
[LOG 17:47:28.767] [UIApp] OnDestroy: ResourceDisplay
[LOG 17:47:28.767] [PlanetariumCamera]: Focus: Kerbin
[LOG 17:47:28.767] [UIApp] OnDestroy: Construction
[LOG 17:47:28.768] [UIApp] OnDestroy: ManeuverTool
[LOG 17:47:28.768] [UIApp] OnDestroy: ActionGroupsApp
[LOG 17:47:28.769] [UIApp] OnDestroy: KSPedia
[LOG 17:47:28.769] KbApp.OnDestroy Vessel Crew
[LOG 17:47:28.769] [UIApp] OnDestroy: AlarmClock
[LOG 17:47:28.769] KbApp.OnDestroy Planet Parameters
[LOG 17:47:28.769] KbApp.OnDestroy Vessel Info
[LOG 17:47:28.770] [KSPCF:MemoryLeaks] Removed a onVesselChange callback owned by a destroyed Assembly-CSharp:ModuleDeployableSolarPanel instance
[LOG 17:47:28.770] [KSPCF:MemoryLeaks] Removed a onVesselChange callback owned by a destroyed Assembly-CSharp:ModuleDeployableSolarPanel instance
[LOG 17:47:28.770] [KSPCF:MemoryLeaks] Removed a onVesselChange callback owned by a destroyed Assembly-CSharp:ModuleDeployableSolarPanel instance
[LOG 17:47:28.770] [KSPCF:MemoryLeaks] Removed a onVesselChange callback owned by a destroyed Assembly-CSharp:ModuleDeployableSolarPanel instance
[LOG 17:47:28.770] [KSPCF:MemoryLeaks] Removed a onVesselChange callback owned by a destroyed Assembly-CSharp:ModuleDeployableSolarPanel instance
[LOG 17:47:28.770] [KSPCF:MemoryLeaks] Removed a onVesselChange callback owned by a destroyed Assembly-CSharp:ModuleDeployableSolarPanel instance
[LOG 17:47:28.771] [KSPCF:MemoryLeaks] Removed a OnMapExited callback owned by a destroyed Assembly-CSharp:NavBallToggle instance
[LOG 17:47:28.771] [KSPCF:MemoryLeaks] Removed a OnGameSettingsApplied callback owned by a destroyed Assembly-CSharp:VesselAutopilotUI instance
[LOG 17:47:28.771] [KSPCF:MemoryLeaks] Removed a onPartActionUICreate callback owned by a destroyed Assembly-CSharp:ModuleInventoryPart instance
[LOG 17:47:28.771] [KSPCF:MemoryLeaks] Removed a onModuleInventoryChanged callback owned by a destroyed Assembly-CSharp:ModuleInventoryPart instance
[LOG 17:47:28.771] [KSPCF:MemoryLeaks] Removed a OnDestructibleLoaded callback owned by a destroyed Assembly-CSharp:RunwayCollisionHandler instance
[LOG 17:47:28.771] [KSPCF:MemoryLeaks] Removed a OnClick callback owned by a destroyed Assembly-CSharp:EVAConstructionModeEditor instance
[LOG 17:47:28.772] [KSPCF:MemoryLeaks] Removed a TimingManager.Instance.timing5.onLateUpdate callback owned by a destroyed Assembly-CSharp:MapView instance
[LOG 17:47:28.772] [KSPCF:MemoryLeaks] Leaving scene "Flight", cleaned 75 memory leaks in 0.002s. GameEvents callbacks : 528. Allocated memory : 685.938 MiB (managed heap), 2.198 GiB (unmanaged)
[LOG 17:47:28.777] UICanvasPrefabSpawner FlightUI spawning Flight
[LOG 17:47:28.790] UICanvasPrefabSpawner FlightUI spawning VesselLabels
[LOG 17:47:28.790] [UiApp] Awake: ResourceDisplay
[LOG 17:47:28.848] [AddonLoader]: Instantiating addon 'AeroGUI' from assembly 'KSP'
[LOG 17:47:28.856] [AddonLoader]: Instantiating addon 'TerrainPrecisionFixDiagMod' from assembly 'TerrainPrecisionFixDiagMod'
[LOG 17:47:28.856] [PlanetariumCamera]: Focus: Kerbin
[LOG 17:47:28.856] [UIMasterController]: HideUI
[LOG 17:47:29.075] [UIMasterController]: HideUI
[LOG 17:47:29.075] ------------------- initializing flight mode... ------------------
[LOG 17:47:29.076] GetSubclassesOfParentClass: Using cached results for AlarmTypeBase
[LOG 17:47:29.076] Loading Depletion Nodes
[LOG 17:47:29.076] DepNodeCount:  0
[LOG 17:47:29.076] Loading Biome Nodes
[LOG 17:47:29.076] BiomeNodeCount:  0
[LOG 17:47:29.076] Loading Planet Nodes
[LOG 17:47:29.076] PlanetNodeCount:  0
[LOG 17:47:29.077] [ScenarioDestructibles]: Loading... 0 objects registered
[LOG 17:47:29.102] Target vessel index: 7  vessel count: 11
[LOG 17:47:29.102] [FLIGHT GLOBALS]: Switching To Vessel Diag3-Rover ---------------------- 
[LOG 17:47:29.102] setting new dominant body: Kerbin
FlightGlobals.mainBody: Kerbin
[LOG 17:47:29.102] Reference Frame: Rotating
[LOG 17:47:29.124] [Diag3-Rover]: landed - waiting for ground contact to resume physics...
[LOG 17:47:29.125] Camera Mode: AUTO
[LOG 17:47:30.852] all systems started
[LOG 17:47:30.941] [Vaisseau sans nom]: landed - waiting for ground contact to resume physics...
[LOG 17:47:30.962] [UiApp] Awake: CurrencyWidgetsApp
[LOG 17:47:30.962] [UiApp] Awake: ResourceDisplay
[LOG 17:47:30.963] [UiApp] Awake: KSPedia
[LOG 17:47:30.963] [UiApp] Awake: Missions App
[LOG 17:47:30.963] [UiApp] Awake: DeltaVApp
[LOG 17:47:30.963] [UiApp] Awake: ActionGroupsApp
[LOG 17:47:30.963] [UiApp] Awake: Construction
[LOG 17:47:30.963] [UiApp] Awake: Cargo
[LOG 17:47:30.963] [UiApp] Awake: AlarmClock
[LOG 17:47:30.963] [UiApp] Awake: ManeuverTool
[LOG 17:47:30.963] [ApplicationLauncher] OnSceneLoadedGUIReady: scene FLIGHT ShouldBeVisible() True ShouldBeOnTop() True iIsPositionedAtTop True
[LOG 17:47:30.964] [KnowledgeBase] OnAppLauncherReady 19079
[LOG 17:47:30.972] [UIApp] OnDestroy: Contracts
[LOG 17:47:30.997] [FlightIntegrator]: Reloaded drag cube for zeroed cube root part trussPiece3x (Diag3-Rover) on vessel Diag3-Rover
[LOG 17:47:31.000] [MessageSystem] Reposition 0.02 19080
[LOG 17:47:31.000] [GenericAppFrame] Reposition 0.02 19080
[LOG 17:47:31.000] [GenericAppFrame] Reposition 0.02 19080
[LOG 17:47:31.053] [FlightIntegrator]: Reloaded drag cube for zeroed cube root part fuelTankSmallFlat (Vaisseau sans nom) on vessel Vaisseau sans nom
[LOG 17:47:31.056] [PlanetariumCamera]: Focus: Diag3-Rover
[LOG 17:47:31.070] [UIApp] Adding ResourceDisplay to Application Launcher
[LOG 17:47:31.070] [UIApp] Adding ResourceDisplay to Application Launcher
[LOG 17:47:31.079] [ResourceDisplay] OnAppStarted(): id: -539464
[LOG 17:47:31.079] [GenericAppFrame] Reposition 0.1006591 19084
[LOG 17:47:31.080] [ResourceDisplay] OnAppStarted(): id: 264692
[LOG 17:47:31.080] ResourceDisplay already exist, destroying this instance
[LOG 17:47:31.080] [UIApp] OnDestroy: ResourceDisplay
[LOG 17:47:31.090] [UIApp] Adding AlarmClock to Application Launcher
[LOG 17:47:31.091] [UIApp] Adding ActionGroupsApp to Application Launcher
[LOG 17:47:31.092] [UIApp] Adding Missions App to Application Launcher
[LOG 17:47:31.093] CURRENCY WIDGET False False False
[LOG 17:47:31.094] [UIApp] OnDestroy: CurrencyWidgetsApp
[LOG 17:47:31.116] [GenericAppFrame] Reposition 0.1253672 19086
[LOG 17:47:31.117] [ActionGroupsApp] OnAppStarted(): id: -539488
[LOG 17:47:31.118] [GenericAppFrame] Reposition 0.1253672 19086
[LOG 17:47:31.118] [UIApp] Adding DeltaVApp to Application Launcher
[LOG 17:47:31.119] [MissionsApp] OnAppStarted(): id: -539476
[LOG 17:47:31.119] MissionsApp does not execute in this game mode, destroying this instance
[LOG 17:47:31.119] [UIApp] OnDestroy: Missions App
[LOG 17:47:31.129] [GenericAppFrame] Reposition 0.149861 19087
[LOG 17:47:31.139] [UIApp] Adding Cargo to Application Launcher
[LOG 17:47:31.140] [UIApp] Adding Construction to Application Launcher
[LOG 17:47:31.140] [UIApp] Adding KSPedia to Application Launcher
[LOG 17:47:31.149] [UIApp] Adding ManeuverTool to Application Launcher
[LOG 17:47:31.150] [ApplicationLauncher] SetHidden: 
[LOG 17:47:31.178] [GenericAppFrame] Reposition 0.1959728 19090
[LOG 17:47:31.185] [ManeuverTool]: Found 1 transfer types
[LOG 17:47:31.226] Flight State Captured
[LOG 17:47:31.227] Saving Achievements Tree...
[LOG 17:47:31.227] Saving Achievements Tree...
[LOG 17:47:31.227] [MessageSystem] Save Messages
[LOG 17:47:31.251] Game State Saved as persistent
[LOG 17:47:32.173] Unpacking Diag3-Rover
[LOG 17:47:32.189] [UIMasterController]: ShowUI
[LOG 17:47:38.651] [FLIGHT GLOBALS]: Switching To Vessel Vaisseau sans nom ---------------------- 
[LOG 17:47:38.651] Packing Diag3-Rover for orbit
[LOG 17:47:38.651] [PlanetariumCamera]: Focus: Vaisseau sans nom
[LOG 17:47:38.656] Camera Mode: AUTO
[LOG 17:47:38.771] Unpacking Vaisseau sans nom
[LOG 17:47:44.628] Game Paused!
[LOG 17:47:44.628] [UIMasterController]: ShowUI
[LOG 17:47:47.169] [SceneLoadSpeedBoost] Save loaded from disk in 12ms
[LOG 17:47:48.871] [KSPUpgradePipeline]: claude (1.12.5) is up to date.
[LOG 17:47:48.880] [ScenarioTypes]: List Created 23 scenario types loaded from 8 loaded assemblies.
[LOG 17:47:48.880] [MessageSystem] Load Messages
[LOG 17:47:48.880] [UIMasterController]: HideUI
[LOG 17:47:48.923] [HighLogic]: =========================== Scene Change : From FLIGHT to FLIGHT =====================
[LOG 17:47:48.924] Game Unpaused!
[LOG 17:47:49.034] [UIApp] OnDestroy: ActionGroupsApp
[LOG 17:47:49.035] KbApp.OnDestroy Unowned Info
[LOG 17:47:49.035] [UIApp] OnDestroy: AlarmClock
[LOG 17:47:49.036] [PlanetariumCamera]: Focus: Kerbin
[LOG 17:47:49.036] [UIApp] OnDestroy: ResourceDisplay
[LOG 17:47:49.036] KbApp.OnDestroy NullName
[LOG 17:47:49.037] [UIApp] OnDestroy: ManeuverTool
[LOG 17:47:49.037] KbApp.OnDestroy Vessel Crew
[LOG 17:47:49.038] [UIApp] OnDestroy: Construction
[LOG 17:47:49.038] KbApp.OnDestroy Planet Resources
[LOG 17:47:49.039] KbApp.OnDestroy Planet Info
[LOG 17:47:49.039] [UIApp] OnDestroy: KSPedia
[LOG 17:47:49.040] [UIApp] OnDestroy: DeltaVApp
[LOG 17:47:49.040] KbApp.OnDestroy Planet Parameters
[LOG 17:47:49.040] [UIApp] OnDestroy: Cargo
[LOG 17:47:49.040] KbApp.OnDestroy Vessel Info
[LOG 17:47:49.042] [KSPCF:MemoryLeaks] Removed a onVesselChange callback owned by a destroyed Assembly-CSharp:ModuleDeployableSolarPanel instance
[LOG 17:47:49.042] [KSPCF:MemoryLeaks] Removed a onVesselChange callback owned by a destroyed Assembly-CSharp:ModuleDeployableSolarPanel instance
[LOG 17:47:49.042] [KSPCF:MemoryLeaks] Removed a onVesselChange callback owned by a destroyed Assembly-CSharp:ModuleDeployableSolarPanel instance
[LOG 17:47:49.042] [KSPCF:MemoryLeaks] Removed a onVesselChange callback owned by a destroyed Assembly-CSharp:ModuleDeployableSolarPanel instance
[LOG 17:47:49.042] [KSPCF:MemoryLeaks] Removed a onVesselChange callback owned by a destroyed Assembly-CSharp:ModuleDeployableSolarPanel instance
[LOG 17:47:49.042] [KSPCF:MemoryLeaks] Removed a onVesselChange callback owned by a destroyed Assembly-CSharp:ModuleDeployableSolarPanel instance
[LOG 17:47:49.043] [KSPCF:MemoryLeaks] Removed a OnMapExited callback owned by a destroyed Assembly-CSharp:NavBallToggle instance
[LOG 17:47:49.043] [KSPCF:MemoryLeaks] Removed a OnGameSettingsApplied callback owned by a destroyed Assembly-CSharp:VesselAutopilotUI instance
[LOG 17:47:49.043] [KSPCF:MemoryLeaks] Removed a onPartActionUICreate callback owned by a destroyed Assembly-CSharp:ModuleInventoryPart instance
[LOG 17:47:49.044] [KSPCF:MemoryLeaks] Removed a onModuleInventoryChanged callback owned by a destroyed Assembly-CSharp:ModuleInventoryPart instance
[LOG 17:47:49.044] [KSPCF:MemoryLeaks] Removed a OnDestructibleLoaded callback owned by a destroyed Assembly-CSharp:RunwayCollisionHandler instance
[LOG 17:47:49.044] [KSPCF:MemoryLeaks] Removed a OnClick callback owned by a destroyed Assembly-CSharp:EVAConstructionModeEditor instance
[LOG 17:47:49.044] [KSPCF:MemoryLeaks] Removed a TimingManager.Instance.timing5.onLateUpdate callback owned by a destroyed Assembly-CSharp:MapView instance
[LOG 17:47:49.044] [KSPCF:MemoryLeaks] Leaving scene "Flight", cleaned 75 memory leaks in 0.002s. GameEvents callbacks : 528. Allocated memory : 701.902 MiB (managed heap), 2.2 GiB (unmanaged)
[LOG 17:47:49.049] UICanvasPrefabSpawner FlightUI spawning Flight
[LOG 17:47:49.062] UICanvasPrefabSpawner FlightUI spawning VesselLabels
[LOG 17:47:49.062] [UiApp] Awake: ResourceDisplay
[LOG 17:47:49.118] [AddonLoader]: Instantiating addon 'AeroGUI' from assembly 'KSP'
[LOG 17:47:49.126] [AddonLoader]: Instantiating addon 'TerrainPrecisionFixDiagMod' from assembly 'TerrainPrecisionFixDiagMod'
[LOG 17:47:49.126] [PlanetariumCamera]: Focus: Kerbin
[LOG 17:47:49.126] [UIMasterController]: HideUI
[LOG 17:47:49.349] [UIMasterController]: HideUI
[LOG 17:47:49.349] ------------------- initializing flight mode... ------------------
[LOG 17:47:49.349] GetSubclassesOfParentClass: Using cached results for AlarmTypeBase
[LOG 17:47:49.350] Loading Depletion Nodes
[LOG 17:47:49.350] DepNodeCount:  0
[LOG 17:47:49.350] Loading Biome Nodes
[LOG 17:47:49.350] BiomeNodeCount:  0
[LOG 17:47:49.350] Loading Planet Nodes
[LOG 17:47:49.350] PlanetNodeCount:  0
[LOG 17:47:49.351] [ScenarioDestructibles]: Loading... 0 objects registered
[LOG 17:47:49.376] Target vessel index: 7  vessel count: 11
[LOG 17:47:49.376] [FLIGHT GLOBALS]: Switching To Vessel Diag3-Rover ---------------------- 
[LOG 17:47:49.376] setting new dominant body: Kerbin
FlightGlobals.mainBody: Kerbin
[LOG 17:47:49.376] Reference Frame: Rotating
[LOG 17:47:49.397] [Diag3-Rover]: landed - waiting for ground contact to resume physics...
[LOG 17:47:49.398] Camera Mode: AUTO
[LOG 17:47:51.133] all systems started
[LOG 17:47:51.220] [Vaisseau sans nom]: landed - waiting for ground contact to resume physics...
[LOG 17:47:51.241] [UiApp] Awake: CurrencyWidgetsApp
[LOG 17:47:51.241] [UiApp] Awake: ResourceDisplay
[LOG 17:47:51.241] [UiApp] Awake: KSPedia
[LOG 17:47:51.241] [UiApp] Awake: Missions App
[LOG 17:47:51.241] [UiApp] Awake: DeltaVApp
[LOG 17:47:51.241] [UiApp] Awake: ActionGroupsApp
[LOG 17:47:51.242] [UiApp] Awake: Construction
[LOG 17:47:51.242] [UiApp] Awake: Cargo
[LOG 17:47:51.242] [UiApp] Awake: AlarmClock
[LOG 17:47:51.242] [UiApp] Awake: ManeuverTool
[LOG 17:47:51.242] [ApplicationLauncher] OnSceneLoadedGUIReady: scene FLIGHT ShouldBeVisible() True ShouldBeOnTop() True iIsPositionedAtTop True
[LOG 17:47:51.244] [KnowledgeBase] OnAppLauncherReady 20299
[LOG 17:47:51.250] [UIApp] OnDestroy: Contracts
[LOG 17:47:51.275] [FlightIntegrator]: Reloaded drag cube for zeroed cube root part trussPiece3x (Diag3-Rover) on vessel Diag3-Rover
[LOG 17:47:51.278] [MessageSystem] Reposition 0.02 20300
[LOG 17:47:51.278] [GenericAppFrame] Reposition 0.02 20300
[LOG 17:47:51.278] [GenericAppFrame] Reposition 0.02 20300
[LOG 17:47:51.331] [FlightIntegrator]: Reloaded drag cube for zeroed cube root part fuelTankSmallFlat (Vaisseau sans nom) on vessel Vaisseau sans nom
[LOG 17:47:51.334] [PlanetariumCamera]: Focus: Diag3-Rover
[LOG 17:47:51.347] [UIApp] Adding ResourceDisplay to Application Launcher
[LOG 17:47:51.348] [UIApp] Adding ResourceDisplay to Application Launcher
[LOG 17:47:51.357] [ResourceDisplay] OnAppStarted(): id: -583736
[LOG 17:47:51.358] [GenericAppFrame] Reposition 0.0999825 20304
[LOG 17:47:51.358] [ResourceDisplay] OnAppStarted(): id: 264824
[LOG 17:47:51.358] ResourceDisplay already exist, destroying this instance
[LOG 17:47:51.358] [UIApp] OnDestroy: ResourceDisplay
[LOG 17:47:51.367] [UIApp] Adding AlarmClock to Application Launcher
[LOG 17:47:51.368] [UIApp] Adding ActionGroupsApp to Application Launcher
[LOG 17:47:51.369] [UIApp] Adding Missions App to Application Launcher
[LOG 17:47:51.370] CURRENCY WIDGET False False False
[LOG 17:47:51.372] [UIApp] OnDestroy: CurrencyWidgetsApp
[LOG 17:47:51.392] [GenericAppFrame] Reposition 0.1254198 20306
[LOG 17:47:51.395] [ActionGroupsApp] OnAppStarted(): id: -583760
[LOG 17:47:51.395] [GenericAppFrame] Reposition 0.1254198 20306
[LOG 17:47:51.396] [UIApp] Adding DeltaVApp to Application Launcher
[LOG 17:47:51.397] [MissionsApp] OnAppStarted(): id: -583748
[LOG 17:47:51.397] MissionsApp does not execute in this game mode, destroying this instance
[LOG 17:47:51.397] [UIApp] OnDestroy: Missions App
[LOG 17:47:51.406] [GenericAppFrame] Reposition 0.1484971 20307
[LOG 17:47:51.414] [UIApp] Adding Cargo to Application Launcher
[LOG 17:47:51.415] [UIApp] Adding Construction to Application Launcher
[LOG 17:47:51.416] [UIApp] Adding KSPedia to Application Launcher
[LOG 17:47:51.429] [UIApp] Adding ManeuverTool to Application Launcher
[LOG 17:47:51.431] [ApplicationLauncher] SetHidden: 
[LOG 17:47:51.461] [GenericAppFrame] Reposition 0.2006017 20310
[LOG 17:47:51.471] [ManeuverTool]: Found 1 transfer types
[LOG 17:47:51.514] Flight State Captured
[LOG 17:47:51.514] Saving Achievements Tree...
[LOG 17:47:51.514] Saving Achievements Tree...
[LOG 17:47:51.515] [MessageSystem] Save Messages
[LOG 17:47:51.550] Game State Saved as persistent
[LOG 17:47:52.469] Unpacking Diag3-Rover
[LOG 17:47:52.481] [UIMasterController]: ShowUI
[LOG 17:47:57.465] [FLIGHT GLOBALS]: Switching To Vessel Vaisseau sans nom ---------------------- 
[LOG 17:47:57.466] Packing Diag3-Rover for orbit
[LOG 17:47:57.466] [PlanetariumCamera]: Focus: Vaisseau sans nom
[LOG 17:47:57.471] Camera Mode: AUTO
[LOG 17:47:57.590] Unpacking Vaisseau sans nom
[LOG 17:48:03.377] Game Paused!
[LOG 17:48:03.377] [UIMasterController]: ShowUI
[LOG 17:48:04.172] [SceneLoadSpeedBoost] Save loaded from disk in 15ms
[LOG 17:48:05.235] [KSPUpgradePipeline]: claude (1.12.5) is up to date.
[LOG 17:48:05.242] [ScenarioTypes]: List Created 23 scenario types loaded from 8 loaded assemblies.
[LOG 17:48:05.242] [MessageSystem] Load Messages
[LOG 17:48:05.243] [UIMasterController]: HideUI
[LOG 17:48:05.284] [HighLogic]: =========================== Scene Change : From FLIGHT to FLIGHT =====================
[LOG 17:48:05.285] Game Unpaused!
[LOG 17:48:05.399] KbApp.OnDestroy NullName
[LOG 17:48:05.399] [UIApp] OnDestroy: ActionGroupsApp
[LOG 17:48:05.399] [UIApp] OnDestroy: DeltaVApp
[LOG 17:48:05.400] KbApp.OnDestroy Vessel Info
[LOG 17:48:05.400] [UIApp] OnDestroy: Cargo
[LOG 17:48:05.400] [UIApp] OnDestroy: Construction
[LOG 17:48:05.400] [PlanetariumCamera]: Focus: Kerbin
[LOG 17:48:05.400] [UIApp] OnDestroy: AlarmClock
[LOG 17:48:05.400] KbApp.OnDestroy Planet Parameters
[LOG 17:48:05.400] KbApp.OnDestroy Unowned Info
[LOG 17:48:05.401] KbApp.OnDestroy Planet Info
[LOG 17:48:05.401] KbApp.OnDestroy Planet Resources
[LOG 17:48:05.402] [UIApp] OnDestroy: KSPedia
[LOG 17:48:05.402] [UIApp] OnDestroy: ResourceDisplay
[LOG 17:48:05.402] KbApp.OnDestroy Vessel Crew
[LOG 17:48:05.402] [UIApp] OnDestroy: ManeuverTool
[LOG 17:48:05.403] [KSPCF:MemoryLeaks] Removed a onVesselChange callback owned by a destroyed Assembly-CSharp:ModuleDeployableSolarPanel instance
[LOG 17:48:05.403] [KSPCF:MemoryLeaks] Removed a onVesselChange callback owned by a destroyed Assembly-CSharp:ModuleDeployableSolarPanel instance
[LOG 17:48:05.403] [KSPCF:MemoryLeaks] Removed a onVesselChange callback owned by a destroyed Assembly-CSharp:ModuleDeployableSolarPanel instance
[LOG 17:48:05.403] [KSPCF:MemoryLeaks] Removed a onVesselChange callback owned by a destroyed Assembly-CSharp:ModuleDeployableSolarPanel instance
[LOG 17:48:05.403] [KSPCF:MemoryLeaks] Removed a onVesselChange callback owned by a destroyed Assembly-CSharp:ModuleDeployableSolarPanel instance
[LOG 17:48:05.403] [KSPCF:MemoryLeaks] Removed a onVesselChange callback owned by a destroyed Assembly-CSharp:ModuleDeployableSolarPanel instance
[LOG 17:48:05.403] [KSPCF:MemoryLeaks] Removed a OnMapExited callback owned by a destroyed Assembly-CSharp:NavBallToggle instance
[LOG 17:48:05.403] [KSPCF:MemoryLeaks] Removed a OnGameSettingsApplied callback owned by a destroyed Assembly-CSharp:VesselAutopilotUI instance
[LOG 17:48:05.403] [KSPCF:MemoryLeaks] Removed a onPartActionUICreate callback owned by a destroyed Assembly-CSharp:ModuleInventoryPart instance
[LOG 17:48:05.404] [KSPCF:MemoryLeaks] Removed a onModuleInventoryChanged callback owned by a destroyed Assembly-CSharp:ModuleInventoryPart instance
[LOG 17:48:05.404] [KSPCF:MemoryLeaks] Removed a OnDestructibleLoaded callback owned by a destroyed Assembly-CSharp:RunwayCollisionHandler instance
[LOG 17:48:05.404] [KSPCF:MemoryLeaks] Removed a OnClick callback owned by a destroyed Assembly-CSharp:EVAConstructionModeEditor instance
[LOG 17:48:05.404] [KSPCF:MemoryLeaks] Removed a TimingManager.Instance.timing5.onLateUpdate callback owned by a destroyed Assembly-CSharp:MapView instance
[LOG 17:48:05.404] [KSPCF:MemoryLeaks] Leaving scene "Flight", cleaned 75 memory leaks in 0.002s. GameEvents callbacks : 528. Allocated memory : 678.262 MiB (managed heap), 2.202 GiB (unmanaged)
[LOG 17:48:05.409] UICanvasPrefabSpawner FlightUI spawning Flight
[LOG 17:48:05.422] UICanvasPrefabSpawner FlightUI spawning VesselLabels
[LOG 17:48:05.423] [UiApp] Awake: ResourceDisplay
[LOG 17:48:05.478] [AddonLoader]: Instantiating addon 'AeroGUI' from assembly 'KSP'
[LOG 17:48:05.486] [AddonLoader]: Instantiating addon 'TerrainPrecisionFixDiagMod' from assembly 'TerrainPrecisionFixDiagMod'
[LOG 17:48:05.487] [PlanetariumCamera]: Focus: Kerbin
[LOG 17:48:05.487] [UIMasterController]: HideUI
[LOG 17:48:05.700] [UIMasterController]: HideUI
[LOG 17:48:05.700] ------------------- initializing flight mode... ------------------
[LOG 17:48:05.700] GetSubclassesOfParentClass: Using cached results for AlarmTypeBase
[LOG 17:48:05.701] Loading Depletion Nodes
[LOG 17:48:05.701] DepNodeCount:  0
[LOG 17:48:05.701] Loading Biome Nodes
[LOG 17:48:05.701] BiomeNodeCount:  0
[LOG 17:48:05.701] Loading Planet Nodes
[LOG 17:48:05.701] PlanetNodeCount:  0
[LOG 17:48:05.701] [ScenarioDestructibles]: Loading... 0 objects registered
[LOG 17:48:05.729] Target vessel index: 7  vessel count: 11
[LOG 17:48:05.730] [FLIGHT GLOBALS]: Switching To Vessel Diag3-Rover ---------------------- 
[LOG 17:48:05.730] setting new dominant body: Kerbin
FlightGlobals.mainBody: Kerbin
[LOG 17:48:05.730] Reference Frame: Rotating
[LOG 17:48:05.751] [Diag3-Rover]: landed - waiting for ground contact to resume physics...
[LOG 17:48:05.751] Camera Mode: AUTO
[LOG 17:48:07.470] all systems started
[LOG 17:48:07.557] [Vaisseau sans nom]: landed - waiting for ground contact to resume physics...
[LOG 17:48:07.579] [UiApp] Awake: CurrencyWidgetsApp
[LOG 17:48:07.580] [UiApp] Awake: ResourceDisplay
[LOG 17:48:07.580] [UiApp] Awake: KSPedia
[LOG 17:48:07.580] [UiApp] Awake: Missions App
[LOG 17:48:07.580] [UiApp] Awake: DeltaVApp
[LOG 17:48:07.580] [UiApp] Awake: ActionGroupsApp
[LOG 17:48:07.580] [UiApp] Awake: Construction
[LOG 17:48:07.580] [UiApp] Awake: Cargo
[LOG 17:48:07.580] [UiApp] Awake: AlarmClock
[LOG 17:48:07.580] [UiApp] Awake: ManeuverTool
[LOG 17:48:07.580] [ApplicationLauncher] OnSceneLoadedGUIReady: scene FLIGHT ShouldBeVisible() True ShouldBeOnTop() True iIsPositionedAtTop True
[LOG 17:48:07.581] [KnowledgeBase] OnAppLauncherReady 21235
[LOG 17:48:07.589] [UIApp] OnDestroy: Contracts
[LOG 17:48:07.615] [FlightIntegrator]: Reloaded drag cube for zeroed cube root part trussPiece3x (Diag3-Rover) on vessel Diag3-Rover
[LOG 17:48:07.617] [MessageSystem] Reposition 0.02 21236
[LOG 17:48:07.617] [GenericAppFrame] Reposition 0.02 21236
[LOG 17:48:07.617] [GenericAppFrame] Reposition 0.02 21236
[LOG 17:48:07.668] [FlightIntegrator]: Reloaded drag cube for zeroed cube root part fuelTankSmallFlat (Vaisseau sans nom) on vessel Vaisseau sans nom
[LOG 17:48:07.671] [PlanetariumCamera]: Focus: Diag3-Rover
[LOG 17:48:07.684] [UIApp] Adding ResourceDisplay to Application Launcher
[LOG 17:48:07.685] [UIApp] Adding ResourceDisplay to Application Launcher
[LOG 17:48:07.694] [ResourceDisplay] OnAppStarted(): id: -627980
[LOG 17:48:07.694] [GenericAppFrame] Reposition 0.1001338 21240
[LOG 17:48:07.695] [ResourceDisplay] OnAppStarted(): id: 264956
[LOG 17:48:07.695] ResourceDisplay already exist, destroying this instance
[LOG 17:48:07.695] [UIApp] OnDestroy: ResourceDisplay
[LOG 17:48:07.706] [UIApp] Adding AlarmClock to Application Launcher
[LOG 17:48:07.708] [UIApp] Adding ActionGroupsApp to Application Launcher
[LOG 17:48:07.709] [UIApp] Adding Missions App to Application Launcher
[LOG 17:48:07.710] CURRENCY WIDGET False False False
[LOG 17:48:07.712] [UIApp] OnDestroy: CurrencyWidgetsApp
[LOG 17:48:07.735] [GenericAppFrame] Reposition 0.1273758 21242
[LOG 17:48:07.737] [ActionGroupsApp] OnAppStarted(): id: -628004
[LOG 17:48:07.738] [GenericAppFrame] Reposition 0.1273758 21242
[LOG 17:48:07.738] [UIApp] Adding DeltaVApp to Application Launcher
[LOG 17:48:07.739] [MissionsApp] OnAppStarted(): id: -627992
[LOG 17:48:07.739] MissionsApp does not execute in this game mode, destroying this instance
[LOG 17:48:07.739] [UIApp] OnDestroy: Missions App
[LOG 17:48:07.750] [GenericAppFrame] Reposition 0.1553136 21243
[LOG 17:48:07.759] [UIApp] Adding Cargo to Application Launcher
[LOG 17:48:07.760] [UIApp] Adding Construction to Application Launcher
[LOG 17:48:07.761] [UIApp] Adding KSPedia to Application Launcher
[LOG 17:48:07.769] [UIApp] Adding ManeuverTool to Application Launcher
[LOG 17:48:07.771] [ApplicationLauncher] SetHidden: 
[LOG 17:48:07.788] [GenericAppFrame] Reposition 0.1916032 21246
[LOG 17:48:07.795] [ManeuverTool]: Found 1 transfer types
[LOG 17:48:07.836] Flight State Captured
[LOG 17:48:07.837] Saving Achievements Tree...
[LOG 17:48:07.837] Saving Achievements Tree...
[LOG 17:48:07.837] [MessageSystem] Save Messages
[LOG 17:48:07.863] Game State Saved as persistent
[LOG 17:48:08.789] Unpacking Diag3-Rover
[LOG 17:48:08.804] [UIMasterController]: ShowUI
[LOG 17:48:13.510] [FLIGHT GLOBALS]: Switching To Vessel Vaisseau sans nom ---------------------- 
[LOG 17:48:13.510] Packing Diag3-Rover for orbit
[LOG 17:48:13.511] [PlanetariumCamera]: Focus: Vaisseau sans nom
[LOG 17:48:13.517] Camera Mode: AUTO
[LOG 17:48:13.628] Unpacking Vaisseau sans nom
[LOG 17:48:28.148] Game Paused!
[LOG 17:48:28.148] [UIMasterController]: ShowUI
[LOG 17:48:29.253] [SceneLoadSpeedBoost] Save loaded from disk in 18ms
[LOG 17:48:30.939] [KSPUpgradePipeline]: claude (1.12.5) is up to date.
[LOG 17:48:30.948] [ScenarioTypes]: List Created 23 scenario types loaded from 8 loaded assemblies.
[LOG 17:48:30.948] [MessageSystem] Load Messages
[LOG 17:48:30.949] [UIMasterController]: HideUI
[LOG 17:48:30.992] [HighLogic]: =========================== Scene Change : From FLIGHT to FLIGHT =====================
[LOG 17:48:30.992] Game Unpaused!
[LOG 17:48:31.107] KbApp.OnDestroy Planet Info
[LOG 17:48:31.107] [PlanetariumCamera]: Focus: Kerbin
[LOG 17:48:31.108] KbApp.OnDestroy Planet Resources
[LOG 17:48:31.108] KbApp.OnDestroy Planet Parameters
[LOG 17:48:31.108] [UIApp] OnDestroy: ManeuverTool
[LOG 17:48:31.109] [UIApp] OnDestroy: Construction
[LOG 17:48:31.109] [UIApp] OnDestroy: ActionGroupsApp
[LOG 17:48:31.109] [UIApp] OnDestroy: AlarmClock
[LOG 17:48:31.110] [UIApp] OnDestroy: DeltaVApp
[LOG 17:48:31.110] KbApp.OnDestroy Vessel Info
[LOG 17:48:31.110] [UIApp] OnDestroy: ResourceDisplay
[LOG 17:48:31.110] [UIApp] OnDestroy: Cargo
[LOG 17:48:31.110] KbApp.OnDestroy NullName
[LOG 17:48:31.111] [UIApp] OnDestroy: KSPedia
[LOG 17:48:31.111] KbApp.OnDestroy Vessel Crew
[LOG 17:48:31.111] KbApp.OnDestroy Unowned Info
[LOG 17:48:31.112] [KSPCF:MemoryLeaks] Removed a onVesselChange callback owned by a destroyed Assembly-CSharp:ModuleDeployableSolarPanel instance
[LOG 17:48:31.112] [KSPCF:MemoryLeaks] Removed a onVesselChange callback owned by a destroyed Assembly-CSharp:ModuleDeployableSolarPanel instance
[LOG 17:48:31.112] [KSPCF:MemoryLeaks] Removed a onVesselChange callback owned by a destroyed Assembly-CSharp:ModuleDeployableSolarPanel instance
[LOG 17:48:31.112] [KSPCF:MemoryLeaks] Removed a onVesselChange callback owned by a destroyed Assembly-CSharp:ModuleDeployableSolarPanel instance
[LOG 17:48:31.112] [KSPCF:MemoryLeaks] Removed a onVesselChange callback owned by a destroyed Assembly-CSharp:ModuleDeployableSolarPanel instance
[LOG 17:48:31.112] [KSPCF:MemoryLeaks] Removed a onVesselChange callback owned by a destroyed Assembly-CSharp:ModuleDeployableSolarPanel instance
[LOG 17:48:31.112] [KSPCF:MemoryLeaks] Removed a OnMapExited callback owned by a destroyed Assembly-CSharp:NavBallToggle instance
[LOG 17:48:31.112] [KSPCF:MemoryLeaks] Removed a OnGameSettingsApplied callback owned by a destroyed Assembly-CSharp:VesselAutopilotUI instance
[LOG 17:48:31.112] [KSPCF:MemoryLeaks] Removed a onPartActionUICreate callback owned by a destroyed Assembly-CSharp:ModuleInventoryPart instance
[LOG 17:48:31.113] [KSPCF:MemoryLeaks] Removed a onModuleInventoryChanged callback owned by a destroyed Assembly-CSharp:ModuleInventoryPart instance
[LOG 17:48:31.113] [KSPCF:MemoryLeaks] Removed a OnDestructibleLoaded callback owned by a destroyed Assembly-CSharp:RunwayCollisionHandler instance
[LOG 17:48:31.113] [KSPCF:MemoryLeaks] Removed a OnClick callback owned by a destroyed Assembly-CSharp:EVAConstructionModeEditor instance
[LOG 17:48:31.113] [KSPCF:MemoryLeaks] Removed a TimingManager.Instance.timing5.onLateUpdate callback owned by a destroyed Assembly-CSharp:MapView instance
[LOG 17:48:31.113] [KSPCF:MemoryLeaks] Leaving scene "Flight", cleaned 75 memory leaks in 0.002s. GameEvents callbacks : 528. Allocated memory : 691.98 MiB (managed heap), 2.215 GiB (unmanaged)
[LOG 17:48:31.117] UICanvasPrefabSpawner FlightUI spawning Flight
[LOG 17:48:31.131] UICanvasPrefabSpawner FlightUI spawning VesselLabels
[LOG 17:48:31.131] [UiApp] Awake: ResourceDisplay
[LOG 17:48:31.185] [AddonLoader]: Instantiating addon 'AeroGUI' from assembly 'KSP'
[LOG 17:48:31.193] [AddonLoader]: Instantiating addon 'TerrainPrecisionFixDiagMod' from assembly 'TerrainPrecisionFixDiagMod'
[LOG 17:48:31.193] [PlanetariumCamera]: Focus: Kerbin
[LOG 17:48:31.194] [UIMasterController]: HideUI
[LOG 17:48:31.411] [UIMasterController]: HideUI
[LOG 17:48:31.413] ------------------- initializing flight mode... ------------------
[LOG 17:48:31.413] GetSubclassesOfParentClass: Using cached results for AlarmTypeBase
[LOG 17:48:31.414] Loading Depletion Nodes
[LOG 17:48:31.414] DepNodeCount:  0
[LOG 17:48:31.414] Loading Biome Nodes
[LOG 17:48:31.414] BiomeNodeCount:  0
[LOG 17:48:31.414] Loading Planet Nodes
[LOG 17:48:31.414] PlanetNodeCount:  0
[LOG 17:48:31.415] [ScenarioDestructibles]: Loading... 0 objects registered
[LOG 17:48:31.439] Target vessel index: 7  vessel count: 11
[LOG 17:48:31.439] [FLIGHT GLOBALS]: Switching To Vessel Diag3-Rover ---------------------- 
[LOG 17:48:31.439] setting new dominant body: Kerbin
FlightGlobals.mainBody: Kerbin
[LOG 17:48:31.439] Reference Frame: Rotating
[LOG 17:48:31.461] [Diag3-Rover]: landed - waiting for ground contact to resume physics...
[LOG 17:48:31.461] Camera Mode: AUTO
[LOG 17:48:33.198] all systems started
[LOG 17:48:33.285] [Vaisseau sans nom]: landed - waiting for ground contact to resume physics...
[LOG 17:48:33.306] [UiApp] Awake: CurrencyWidgetsApp
[LOG 17:48:33.306] [UiApp] Awake: ResourceDisplay
[LOG 17:48:33.306] [UiApp] Awake: KSPedia
[LOG 17:48:33.306] [UiApp] Awake: Missions App
[LOG 17:48:33.306] [UiApp] Awake: DeltaVApp
[LOG 17:48:33.306] [UiApp] Awake: ActionGroupsApp
[LOG 17:48:33.306] [UiApp] Awake: Construction
[LOG 17:48:33.306] [UiApp] Awake: Cargo
[LOG 17:48:33.306] [UiApp] Awake: AlarmClock
[LOG 17:48:33.306] [UiApp] Awake: ManeuverTool
[LOG 17:48:33.306] [ApplicationLauncher] OnSceneLoadedGUIReady: scene FLIGHT ShouldBeVisible() True ShouldBeOnTop() True iIsPositionedAtTop True
[LOG 17:48:33.308] [KnowledgeBase] OnAppLauncherReady 22881
[LOG 17:48:33.315] [UIApp] OnDestroy: Contracts
[LOG 17:48:33.336] [FlightIntegrator]: Reloaded drag cube for zeroed cube root part trussPiece3x (Diag3-Rover) on vessel Diag3-Rover
[LOG 17:48:33.339] [MessageSystem] Reposition 0.02 22882
[LOG 17:48:33.339] [GenericAppFrame] Reposition 0.02 22882
[LOG 17:48:33.339] [GenericAppFrame] Reposition 0.02 22882
[LOG 17:48:33.396] [FlightIntegrator]: Reloaded drag cube for zeroed cube root part fuelTankSmallFlat (Vaisseau sans nom) on vessel Vaisseau sans nom
[LOG 17:48:33.400] [PlanetariumCamera]: Focus: Diag3-Rover
[LOG 17:48:33.415] [UIApp] Adding ResourceDisplay to Application Launcher
[LOG 17:48:33.416] [UIApp] Adding ResourceDisplay to Application Launcher
[LOG 17:48:33.426] [ResourceDisplay] OnAppStarted(): id: -672230
[LOG 17:48:33.427] [GenericAppFrame] Reposition 0.1028329 22886
[LOG 17:48:33.427] [ResourceDisplay] OnAppStarted(): id: 265088
[LOG 17:48:33.427] ResourceDisplay already exist, destroying this instance
[LOG 17:48:33.427] [UIApp] OnDestroy: ResourceDisplay
[LOG 17:48:33.442] [UIApp] Adding AlarmClock to Application Launcher
[LOG 17:48:33.443] [UIApp] Adding ActionGroupsApp to Application Launcher
[LOG 17:48:33.443] [UIApp] Adding Missions App to Application Launcher
[LOG 17:48:33.444] CURRENCY WIDGET False False False
[LOG 17:48:33.446] [UIApp] OnDestroy: CurrencyWidgetsApp
[LOG 17:48:33.464] [GenericAppFrame] Reposition 0.1327768 22888
[LOG 17:48:33.466] [ActionGroupsApp] OnAppStarted(): id: -672254
[LOG 17:48:33.466] [GenericAppFrame] Reposition 0.1327768 22888
[LOG 17:48:33.466] [UIApp] Adding DeltaVApp to Application Launcher
[LOG 17:48:33.467] [MissionsApp] OnAppStarted(): id: -672242
[LOG 17:48:33.467] MissionsApp does not execute in this game mode, destroying this instance
[LOG 17:48:33.467] [UIApp] OnDestroy: Missions App
[LOG 17:48:33.477] [GenericAppFrame] Reposition 0.1532085 22889
[LOG 17:48:33.489] [UIApp] Adding Cargo to Application Launcher
[LOG 17:48:33.490] [UIApp] Adding Construction to Application Launcher
[LOG 17:48:33.491] [UIApp] Adding KSPedia to Application Launcher
[LOG 17:48:33.507] [UIApp] Adding ManeuverTool to Application Launcher
[LOG 17:48:33.509] [ApplicationLauncher] SetHidden: 
[LOG 17:48:33.526] [GenericAppFrame] Reposition 0.1991613 22892
[LOG 17:48:33.533] [ManeuverTool]: Found 1 transfer types
[LOG 17:48:33.573] Flight State Captured
[LOG 17:48:33.573] Saving Achievements Tree...
[LOG 17:48:33.573] Saving Achievements Tree...
[LOG 17:48:33.573] [MessageSystem] Save Messages
[LOG 17:48:33.595] Game State Saved as persistent
[LOG 17:48:34.526] Unpacking Diag3-Rover
[LOG 17:48:34.540] [UIMasterController]: ShowUI
[LOG 17:48:39.033] [FLIGHT GLOBALS]: Switching To Vessel Vaisseau sans nom ---------------------- 
[LOG 17:48:39.033] Packing Diag3-Rover for orbit
[LOG 17:48:39.034] [PlanetariumCamera]: Focus: Vaisseau sans nom
[LOG 17:48:39.039] Camera Mode: AUTO
[LOG 17:48:39.151] Unpacking Vaisseau sans nom
[LOG 17:49:53.525] Game Paused!
[LOG 17:49:53.525] [UIMasterController]: ShowUI
[LOG 17:49:54.518] Game Unpaused!
[LOG 17:49:55.537] [FLIGHT GLOBALS]: Switching To Vessel Diag3-Rover ---------------------- 
[LOG 17:49:55.537] Packing Vaisseau sans nom for orbit
[LOG 17:49:55.537] [PlanetariumCamera]: Focus: Diag3-Rover
[LOG 17:49:55.543] Camera Mode: AUTO
[LOG 17:49:55.564] Unpacking Diag3-Rover
[LOG 17:49:57.226] Game Paused!
[LOG 17:49:57.227] [UIMasterController]: ShowUI
[LOG 17:50:02.094] Flight State Captured
[LOG 17:50:02.094] Saving Achievements Tree...
[LOG 17:50:02.094] Saving Achievements Tree...
[LOG 17:50:02.094] [MessageSystem] Save Messages
[LOG 17:50:02.099] Game State Saved to saves/claude/x
[LOG 17:50:02.126] Game State Saved to saves/claude/persistent
[LOG 17:50:02.136] Game Unpaused!
[LOG 17:50:02.743] Game Paused!
[LOG 17:50:02.743] [UIMasterController]: ShowUI
[LOG 17:50:06.730] [KSPUpgradePipeline]: claude (1.12.5) is up to date.
[LOG 17:50:06.740] [ScenarioTypes]: List Created 23 scenario types loaded from 8 loaded assemblies.
[LOG 17:50:06.740] [MessageSystem] Load Messages
[LOG 17:50:06.741] [UIMasterController]: HideUI
[LOG 17:50:06.786] [HighLogic]: =========================== Scene Change : From FLIGHT to FLIGHT =====================
[LOG 17:50:06.786] Game Unpaused!
[LOG 17:50:06.900] KbApp.OnDestroy Vessel Info
[LOG 17:50:06.901] [UIApp] OnDestroy: Cargo
[LOG 17:50:06.901] [UIApp] OnDestroy: Construction
[LOG 17:50:06.901] KbApp.OnDestroy Vessel Crew
[LOG 17:50:06.902] [UIApp] OnDestroy: DeltaVApp
[LOG 17:50:06.902] KbApp.OnDestroy Planet Parameters
[LOG 17:50:06.902] [PlanetariumCamera]: Focus: Kerbin
[LOG 17:50:06.902] KbApp.OnDestroy Planet Resources
[LOG 17:50:06.902] [UIApp] OnDestroy: ResourceDisplay
[LOG 17:50:06.903] KbApp.OnDestroy Unowned Info
[LOG 17:50:06.903] [UIApp] OnDestroy: ActionGroupsApp
[LOG 17:50:06.903] [UIApp] OnDestroy: AlarmClock
[LOG 17:50:06.903] [UIApp] OnDestroy: ManeuverTool
[LOG 17:50:06.903] KbApp.OnDestroy Planet Info
[LOG 17:50:06.903] KbApp.OnDestroy NullName
[LOG 17:50:06.904] [UIApp] OnDestroy: KSPedia
[LOG 17:50:06.904] [KSPCF:MemoryLeaks] Removed a onVesselChange callback owned by a destroyed Assembly-CSharp:ModuleDeployableSolarPanel instance
[LOG 17:50:06.905] [KSPCF:MemoryLeaks] Removed a onVesselChange callback owned by a destroyed Assembly-CSharp:ModuleDeployableSolarPanel instance
[LOG 17:50:06.905] [KSPCF:MemoryLeaks] Removed a onVesselChange callback owned by a destroyed Assembly-CSharp:ModuleDeployableSolarPanel instance
[LOG 17:50:06.905] [KSPCF:MemoryLeaks] Removed a onVesselChange callback owned by a destroyed Assembly-CSharp:ModuleDeployableSolarPanel instance
[LOG 17:50:06.905] [KSPCF:MemoryLeaks] Removed a onVesselChange callback owned by a destroyed Assembly-CSharp:ModuleDeployableSolarPanel instance
[LOG 17:50:06.905] [KSPCF:MemoryLeaks] Removed a onVesselChange callback owned by a destroyed Assembly-CSharp:ModuleDeployableSolarPanel instance
[LOG 17:50:06.906] [KSPCF:MemoryLeaks] Removed a OnMapExited callback owned by a destroyed Assembly-CSharp:NavBallToggle instance
[LOG 17:50:06.906] [KSPCF:MemoryLeaks] Removed a OnGameSettingsApplied callback owned by a destroyed Assembly-CSharp:VesselAutopilotUI instance
[LOG 17:50:06.906] [KSPCF:MemoryLeaks] Removed a onPartActionUICreate callback owned by a destroyed Assembly-CSharp:ModuleInventoryPart instance
[LOG 17:50:06.906] [KSPCF:MemoryLeaks] Removed a onModuleInventoryChanged callback owned by a destroyed Assembly-CSharp:ModuleInventoryPart instance
[LOG 17:50:06.906] [KSPCF:MemoryLeaks] Removed a OnEVAConstructionMode callback owned by a destroyed Assembly-CSharp:ModuleCargoPart instance
[LOG 17:50:06.906] [KSPCF:MemoryLeaks] Removed a OnEVAConstructionMode callback owned by a destroyed Assembly-CSharp:ModuleCargoPart instance
[LOG 17:50:06.906] [KSPCF:MemoryLeaks] Removed a OnEVAConstructionMode callback owned by a destroyed Assembly-CSharp:ModuleCargoPart instance
[LOG 17:50:06.906] [KSPCF:MemoryLeaks] Removed a OnEVAConstructionMode callback owned by a destroyed Assembly-CSharp:ModuleCargoPart instance
[LOG 17:50:06.906] [KSPCF:MemoryLeaks] Removed a OnEVAConstructionMode callback owned by a destroyed Assembly-CSharp:ModuleCargoPart instance
[LOG 17:50:06.906] [KSPCF:MemoryLeaks] Removed a OnEVAConstructionMode callback owned by a destroyed Assembly-CSharp:ModuleCargoPart instance
[LOG 17:50:06.906] [KSPCF:MemoryLeaks] Removed a OnEVAConstructionMode callback owned by a destroyed Assembly-CSharp:ModuleCargoPart instance
[LOG 17:50:06.906] [KSPCF:MemoryLeaks] Removed a OnEVAConstructionMode callback owned by a destroyed Assembly-CSharp:ModuleCargoPart instance
[LOG 17:50:06.907] [KSPCF:MemoryLeaks] Removed a OnEVAConstructionMode callback owned by a destroyed Assembly-CSharp:ModuleCargoPart instance
[LOG 17:50:06.907] [KSPCF:MemoryLeaks] Removed a OnEVAConstructionMode callback owned by a destroyed Assembly-CSharp:ModuleCargoPart instance
[LOG 17:50:06.907] [KSPCF:MemoryLeaks] Removed a OnEVAConstructionMode callback owned by a destroyed Assembly-CSharp:ModuleCargoPart instance
[LOG 17:50:06.907] [KSPCF:MemoryLeaks] Removed a OnEVAConstructionMode callback owned by a destroyed Assembly-CSharp:ModuleCargoPart instance
[LOG 17:50:06.907] [KSPCF:MemoryLeaks] Removed a OnEVAConstructionMode callback owned by a destroyed Assembly-CSharp:ModuleCargoPart instance
[LOG 17:50:06.907] [KSPCF:MemoryLeaks] Removed a OnEVAConstructionMode callback owned by a destroyed Assembly-CSharp:ModuleCargoPart instance
[LOG 17:50:06.907] [KSPCF:MemoryLeaks] Removed a OnEVAConstructionMode callback owned by a destroyed Assembly-CSharp:ModuleCargoPart instance
[LOG 17:50:06.907] [KSPCF:MemoryLeaks] Removed a OnEVAConstructionMode callback owned by a destroyed Assembly-CSharp:ModuleCargoPart instance
[LOG 17:50:06.907] [KSPCF:MemoryLeaks] Removed a OnEVAConstructionMode callback owned by a destroyed Assembly-CSharp:ModuleCargoPart instance
[LOG 17:50:06.907] [KSPCF:MemoryLeaks] Removed a OnEVAConstructionMode callback owned by a destroyed Assembly-CSharp:ModuleCargoPart instance
[LOG 17:50:06.907] [KSPCF:MemoryLeaks] Removed a OnDestructibleLoaded callback owned by a destroyed Assembly-CSharp:RunwayCollisionHandler instance
[LOG 17:50:06.907] [KSPCF:MemoryLeaks] Removed a OnClick callback owned by a destroyed Assembly-CSharp:EVAConstructionModeEditor instance
[LOG 17:50:06.907] [KSPCF:MemoryLeaks] Removed a TimingManager.Instance.timing5.onLateUpdate callback owned by a destroyed Assembly-CSharp:MapView instance
[LOG 17:50:06.907] [KSPCF:MemoryLeaks] Leaving scene "Flight", cleaned 93 memory leaks in 0.002s. GameEvents callbacks : 531. Allocated memory : 705.605 MiB (managed heap), 2.219 GiB (unmanaged)
[LOG 17:50:06.912] UICanvasPrefabSpawner FlightUI spawning Flight
[LOG 17:50:06.924] UICanvasPrefabSpawner FlightUI spawning VesselLabels
[LOG 17:50:06.924] [UiApp] Awake: ResourceDisplay
[LOG 17:50:06.979] [AddonLoader]: Instantiating addon 'AeroGUI' from assembly 'KSP'
[LOG 17:50:06.987] [AddonLoader]: Instantiating addon 'TerrainPrecisionFixDiagMod' from assembly 'TerrainPrecisionFixDiagMod'
[LOG 17:50:06.987] [PlanetariumCamera]: Focus: Kerbin
[LOG 17:50:06.987] [UIMasterController]: HideUI
[LOG 17:50:07.207] [UIMasterController]: HideUI
[LOG 17:50:07.207] ------------------- initializing flight mode... ------------------
[LOG 17:50:07.207] GetSubclassesOfParentClass: Using cached results for AlarmTypeBase
[LOG 17:50:07.208] Loading Depletion Nodes
[LOG 17:50:07.208] DepNodeCount:  0
[LOG 17:50:07.208] Loading Biome Nodes
[LOG 17:50:07.208] BiomeNodeCount:  0
[LOG 17:50:07.208] Loading Planet Nodes
[LOG 17:50:07.208] PlanetNodeCount:  0
[LOG 17:50:07.209] [ScenarioDestructibles]: Loading... 0 objects registered
[LOG 17:50:07.232] Target vessel index: 7  vessel count: 11
[LOG 17:50:07.233] [FLIGHT GLOBALS]: Switching To Vessel Diag3-Rover ---------------------- 
[LOG 17:50:07.233] setting new dominant body: Kerbin
FlightGlobals.mainBody: Kerbin
[LOG 17:50:07.233] Reference Frame: Rotating
[LOG 17:50:07.255] [Diag3-Rover]: landed - waiting for ground contact to resume physics...
[LOG 17:50:07.256] Camera Mode: AUTO
[LOG 17:50:08.941] all systems started
[LOG 17:50:09.054] [Vaisseau sans nom]: landed - waiting for ground contact to resume physics...
[LOG 17:50:09.081] [UiApp] Awake: CurrencyWidgetsApp
[LOG 17:50:09.081] [UiApp] Awake: ResourceDisplay
[LOG 17:50:09.081] [UiApp] Awake: KSPedia
[LOG 17:50:09.081] [UiApp] Awake: Missions App
[LOG 17:50:09.081] [UiApp] Awake: DeltaVApp
[LOG 17:50:09.081] [UiApp] Awake: ActionGroupsApp
[LOG 17:50:09.081] [UiApp] Awake: Construction
[LOG 17:50:09.081] [UiApp] Awake: Cargo
[LOG 17:50:09.081] [UiApp] Awake: AlarmClock
[LOG 17:50:09.081] [UiApp] Awake: ManeuverTool
[LOG 17:50:09.081] [ApplicationLauncher] OnSceneLoadedGUIReady: scene FLIGHT ShouldBeVisible() True ShouldBeOnTop() True iIsPositionedAtTop True
[LOG 17:50:09.082] [KnowledgeBase] OnAppLauncherReady 29694
[LOG 17:50:09.091] [UIApp] OnDestroy: Contracts
[LOG 17:50:09.119] [FlightIntegrator]: Reloaded drag cube for zeroed cube root part trussPiece3x (Diag3-Rover) on vessel Diag3-Rover
[LOG 17:50:09.123] [MessageSystem] Reposition 0.02 29695
[LOG 17:50:09.123] [GenericAppFrame] Reposition 0.02 29695
[LOG 17:50:09.123] [GenericAppFrame] Reposition 0.02 29695
[LOG 17:50:09.196] [FlightIntegrator]: Reloaded drag cube for zeroed cube root part fuelTankSmallFlat (Vaisseau sans nom) on vessel Vaisseau sans nom
[LOG 17:50:09.200] [PlanetariumCamera]: Focus: Diag3-Rover
[LOG 17:50:09.218] [UIApp] Adding ResourceDisplay to Application Launcher
[LOG 17:50:09.220] [UIApp] Adding ResourceDisplay to Application Launcher
[LOG 17:50:09.230] [ResourceDisplay] OnAppStarted(): id: -721084
[LOG 17:50:09.231] [GenericAppFrame] Reposition 0.1144668 29699
[LOG 17:50:09.231] [ResourceDisplay] OnAppStarted(): id: 265220
[LOG 17:50:09.231] ResourceDisplay already exist, destroying this instance
[LOG 17:50:09.231] [UIApp] OnDestroy: ResourceDisplay
[LOG 17:50:09.246] [UIApp] Adding AlarmClock to Application Launcher
[LOG 17:50:09.247] [UIApp] Adding ActionGroupsApp to Application Launcher
[LOG 17:50:09.248] [UIApp] Adding Missions App to Application Launcher
[LOG 17:50:09.249] CURRENCY WIDGET False False False
[LOG 17:50:09.252] [UIApp] OnDestroy: CurrencyWidgetsApp
[LOG 17:50:09.278] [GenericAppFrame] Reposition 0.144963 29701
[LOG 17:50:09.280] [ActionGroupsApp] OnAppStarted(): id: -721108
[LOG 17:50:09.280] [GenericAppFrame] Reposition 0.144963 29701
[LOG 17:50:09.280] [UIApp] Adding DeltaVApp to Application Launcher
[LOG 17:50:09.281] [MissionsApp] OnAppStarted(): id: -721096
[LOG 17:50:09.281] MissionsApp does not execute in this game mode, destroying this instance
[LOG 17:50:09.281] [UIApp] OnDestroy: Missions App
[LOG 17:50:09.290] [GenericAppFrame] Reposition 0.1729534 29702
[LOG 17:50:09.306] [UIApp] Adding Cargo to Application Launcher
[LOG 17:50:09.307] [UIApp] Adding Construction to Application Launcher
[LOG 17:50:09.308] [UIApp] Adding KSPedia to Application Launcher
[LOG 17:50:09.322] [UIApp] Adding ManeuverTool to Application Launcher
[LOG 17:50:09.323] [ApplicationLauncher] SetHidden: 
[LOG 17:50:09.349] [GenericAppFrame] Reposition 0.2290284 29705
[LOG 17:50:09.355] [ManeuverTool]: Found 1 transfer types
[LOG 17:50:09.388] Flight State Captured
[LOG 17:50:09.388] Saving Achievements Tree...
[LOG 17:50:09.388] Saving Achievements Tree...
[LOG 17:50:09.388] [MessageSystem] Save Messages
[LOG 17:50:09.412] Game State Saved as persistent
[LOG 17:50:10.378] Unpacking Diag3-Rover
[LOG 17:50:10.391] [UIMasterController]: ShowUI
[LOG 17:50:13.668] [FLIGHT GLOBALS]: Switching To Vessel Vaisseau sans nom ---------------------- 
[LOG 17:50:13.668] Packing Diag3-Rover for orbit
[LOG 17:50:13.668] [PlanetariumCamera]: Focus: Vaisseau sans nom
[LOG 17:50:13.673] Camera Mode: AUTO
[LOG 17:50:13.790] Unpacking Vaisseau sans nom
[LOG 17:51:29.142] Game Paused!
[LOG 17:51:29.142] [UIMasterController]: ShowUI
[LOG 17:51:29.955] [SceneLoadSpeedBoost] Save loaded from disk in 2ms
[LOG 17:51:32.713] [KSPUpgradePipeline]: claude (1.12.5) is up to date.
[LOG 17:51:32.722] [ScenarioTypes]: List Created 23 scenario types loaded from 8 loaded assemblies.
[LOG 17:51:32.722] [MessageSystem] Load Messages
[LOG 17:51:32.723] [UIMasterController]: HideUI
[LOG 17:51:32.766] [HighLogic]: =========================== Scene Change : From FLIGHT to FLIGHT =====================
[LOG 17:51:32.766] Game Unpaused!
[LOG 17:51:32.883] KbApp.OnDestroy Planet Resources
[LOG 17:51:32.883] KbApp.OnDestroy Vessel Info
[LOG 17:51:32.883] [UIApp] OnDestroy: Construction
[LOG 17:51:32.883] [UIApp] OnDestroy: AlarmClock
[LOG 17:51:32.883] KbApp.OnDestroy NullName
[LOG 17:51:32.883] KbApp.OnDestroy Planet Parameters
[LOG 17:51:32.884] [UIApp] OnDestroy: ManeuverTool
[LOG 17:51:32.884] [UIApp] OnDestroy: ActionGroupsApp
[LOG 17:51:32.885] KbApp.OnDestroy Vessel Crew
[LOG 17:51:32.885] [UIApp] OnDestroy: ResourceDisplay
[LOG 17:51:32.885] KbApp.OnDestroy Planet Info
[LOG 17:51:32.885] KbApp.OnDestroy Unowned Info
[LOG 17:51:32.885] [UIApp] OnDestroy: DeltaVApp
[LOG 17:51:32.886] [UIApp] OnDestroy: Cargo
[LOG 17:51:32.886] [PlanetariumCamera]: Focus: Kerbin
[LOG 17:51:32.886] [UIApp] OnDestroy: KSPedia
[LOG 17:51:32.887] [KSPCF:MemoryLeaks] Removed a onVesselChange callback owned by a destroyed Assembly-CSharp:ModuleDeployableSolarPanel instance
[LOG 17:51:32.887] [KSPCF:MemoryLeaks] Removed a onVesselChange callback owned by a destroyed Assembly-CSharp:ModuleDeployableSolarPanel instance
[LOG 17:51:32.887] [KSPCF:MemoryLeaks] Removed a onVesselChange callback owned by a destroyed Assembly-CSharp:ModuleDeployableSolarPanel instance
[LOG 17:51:32.887] [KSPCF:MemoryLeaks] Removed a onVesselChange callback owned by a destroyed Assembly-CSharp:ModuleDeployableSolarPanel instance
[LOG 17:51:32.887] [KSPCF:MemoryLeaks] Removed a onVesselChange callback owned by a destroyed Assembly-CSharp:ModuleDeployableSolarPanel instance
[LOG 17:51:32.887] [KSPCF:MemoryLeaks] Removed a onVesselChange callback owned by a destroyed Assembly-CSharp:ModuleDeployableSolarPanel instance
[LOG 17:51:32.887] [KSPCF:MemoryLeaks] Removed a OnMapExited callback owned by a destroyed Assembly-CSharp:NavBallToggle instance
[LOG 17:51:32.888] [KSPCF:MemoryLeaks] Removed a OnGameSettingsApplied callback owned by a destroyed Assembly-CSharp:VesselAutopilotUI instance
[LOG 17:51:32.888] [KSPCF:MemoryLeaks] Removed a onPartActionUICreate callback owned by a destroyed Assembly-CSharp:ModuleInventoryPart instance
[LOG 17:51:32.888] [KSPCF:MemoryLeaks] Removed a onModuleInventoryChanged callback owned by a destroyed Assembly-CSharp:ModuleInventoryPart instance
[LOG 17:51:32.888] [KSPCF:MemoryLeaks] Removed a OnDestructibleLoaded callback owned by a destroyed Assembly-CSharp:RunwayCollisionHandler instance
[LOG 17:51:32.888] [KSPCF:MemoryLeaks] Removed a OnClick callback owned by a destroyed Assembly-CSharp:EVAConstructionModeEditor instance
[LOG 17:51:32.888] [KSPCF:MemoryLeaks] Removed a TimingManager.Instance.timing5.onLateUpdate callback owned by a destroyed Assembly-CSharp:MapView instance
[LOG 17:51:32.888] [KSPCF:MemoryLeaks] Leaving scene "Flight", cleaned 75 memory leaks in 0.002s. GameEvents callbacks : 528. Allocated memory : 676.438 MiB (managed heap), 2.218 GiB (unmanaged)
[LOG 17:51:32.893] UICanvasPrefabSpawner FlightUI spawning Flight
[LOG 17:51:32.907] UICanvasPrefabSpawner FlightUI spawning VesselLabels
[LOG 17:51:32.908] [UiApp] Awake: ResourceDisplay
[LOG 17:51:32.966] [AddonLoader]: Instantiating addon 'AeroGUI' from assembly 'KSP'
[LOG 17:51:32.974] [AddonLoader]: Instantiating addon 'TerrainPrecisionFixDiagMod' from assembly 'TerrainPrecisionFixDiagMod'
[LOG 17:51:32.974] [PlanetariumCamera]: Focus: Kerbin
[LOG 17:51:32.974] [UIMasterController]: HideUI
[LOG 17:51:33.195] [UIMasterController]: HideUI
[LOG 17:51:33.195] ------------------- initializing flight mode... ------------------
[LOG 17:51:33.195] GetSubclassesOfParentClass: Using cached results for AlarmTypeBase
[LOG 17:51:33.196] Loading Depletion Nodes
[LOG 17:51:33.196] DepNodeCount:  0
[LOG 17:51:33.196] Loading Biome Nodes
[LOG 17:51:33.196] BiomeNodeCount:  0
[LOG 17:51:33.196] Loading Planet Nodes
[LOG 17:51:33.196] PlanetNodeCount:  0
[LOG 17:51:33.196] [ScenarioDestructibles]: Loading... 0 objects registered
[LOG 17:51:33.220] Target vessel index: 7  vessel count: 11
[LOG 17:51:33.220] [FLIGHT GLOBALS]: Switching To Vessel Diag3-Rover ---------------------- 
[LOG 17:51:33.220] setting new dominant body: Kerbin
FlightGlobals.mainBody: Kerbin
[LOG 17:51:33.220] Reference Frame: Rotating
[LOG 17:51:33.242] [Diag3-Rover]: landed - waiting for ground contact to resume physics...
[LOG 17:51:33.243] Camera Mode: AUTO
[LOG 17:51:34.921] all systems started
[LOG 17:51:35.010] [Vaisseau sans nom]: landed - waiting for ground contact to resume physics...
[LOG 17:51:35.032] [UiApp] Awake: CurrencyWidgetsApp
[LOG 17:51:35.032] [UiApp] Awake: ResourceDisplay
[LOG 17:51:35.032] [UiApp] Awake: KSPedia
[LOG 17:51:35.032] [UiApp] Awake: Missions App
[LOG 17:51:35.033] [UiApp] Awake: DeltaVApp
[LOG 17:51:35.033] [UiApp] Awake: ActionGroupsApp
[LOG 17:51:35.033] [UiApp] Awake: Construction
[LOG 17:51:35.033] [UiApp] Awake: Cargo
[LOG 17:51:35.033] [UiApp] Awake: AlarmClock
[LOG 17:51:35.033] [UiApp] Awake: ManeuverTool
[LOG 17:51:35.033] [ApplicationLauncher] OnSceneLoadedGUIReady: scene FLIGHT ShouldBeVisible() True ShouldBeOnTop() True iIsPositionedAtTop True
[LOG 17:51:35.035] [KnowledgeBase] OnAppLauncherReady 35827
[LOG 17:51:35.042] [UIApp] OnDestroy: Contracts
[LOG 17:51:35.076] [FlightIntegrator]: Reloaded drag cube for zeroed cube root part trussPiece3x (Diag3-Rover) on vessel Diag3-Rover
[LOG 17:51:35.079] [MessageSystem] Reposition 0.02 35828
[LOG 17:51:35.079] [GenericAppFrame] Reposition 0.02 35828
[LOG 17:51:35.079] [GenericAppFrame] Reposition 0.02 35828
[LOG 17:51:35.130] [FlightIntegrator]: Reloaded drag cube for zeroed cube root part fuelTankSmallFlat (Vaisseau sans nom) on vessel Vaisseau sans nom
[LOG 17:51:35.134] [PlanetariumCamera]: Focus: Diag3-Rover
[LOG 17:51:35.147] [UIApp] Adding ResourceDisplay to Application Launcher
[LOG 17:51:35.148] [UIApp] Adding ResourceDisplay to Application Launcher
[LOG 17:51:35.155] [ResourceDisplay] OnAppStarted(): id: -765372
[LOG 17:51:35.156] [GenericAppFrame] Reposition 0.0994425 35832
[LOG 17:51:35.156] [ResourceDisplay] OnAppStarted(): id: 265352
[LOG 17:51:35.156] ResourceDisplay already exist, destroying this instance
[LOG 17:51:35.156] [UIApp] OnDestroy: ResourceDisplay
[LOG 17:51:35.168] [UIApp] Adding AlarmClock to Application Launcher
[LOG 17:51:35.169] [UIApp] Adding ActionGroupsApp to Application Launcher
[LOG 17:51:35.170] [UIApp] Adding Missions App to Application Launcher
[LOG 17:51:35.171] CURRENCY WIDGET False False False
[LOG 17:51:35.173] [UIApp] OnDestroy: CurrencyWidgetsApp
[LOG 17:51:35.191] [GenericAppFrame] Reposition 0.1256445 35834
[LOG 17:51:35.193] [ActionGroupsApp] OnAppStarted(): id: -765396
[LOG 17:51:35.193] [GenericAppFrame] Reposition 0.1256445 35834
[LOG 17:51:35.193] [UIApp] Adding DeltaVApp to Application Launcher
[LOG 17:51:35.194] [MissionsApp] OnAppStarted(): id: -765384
[LOG 17:51:35.195] MissionsApp does not execute in this game mode, destroying this instance
[LOG 17:51:35.195] [UIApp] OnDestroy: Missions App
[LOG 17:51:35.203] [GenericAppFrame] Reposition 0.1465126 35835
[LOG 17:51:35.213] [UIApp] Adding Cargo to Application Launcher
[LOG 17:51:35.213] [UIApp] Adding Construction to Application Launcher
[LOG 17:51:35.215] [UIApp] Adding KSPedia to Application Launcher
[LOG 17:51:35.228] [UIApp] Adding ManeuverTool to Application Launcher
[LOG 17:51:35.230] [ApplicationLauncher] SetHidden: 
[LOG 17:51:35.248] [GenericAppFrame] Reposition 0.1875717 35838
[LOG 17:51:35.254] [ManeuverTool]: Found 1 transfer types
[LOG 17:51:35.294] Flight State Captured
[LOG 17:51:35.294] Saving Achievements Tree...
[LOG 17:51:35.294] Saving Achievements Tree...
[LOG 17:51:35.295] [MessageSystem] Save Messages
[LOG 17:51:35.319] Game State Saved as persistent
[LOG 17:51:36.247] Unpacking Diag3-Rover
[LOG 17:51:36.257] [UIMasterController]: ShowUI
[LOG 17:51:40.073] [FLIGHT GLOBALS]: Switching To Vessel Vaisseau sans nom ---------------------- 
[LOG 17:51:40.074] Packing Diag3-Rover for orbit
[LOG 17:51:40.074] [PlanetariumCamera]: Focus: Vaisseau sans nom
[LOG 17:51:40.079] Camera Mode: AUTO
[LOG 17:51:40.191] Unpacking Vaisseau sans nom
[LOG 17:51:44.006] Game Paused!
[LOG 17:51:44.007] [UIMasterController]: ShowUI
[LOG 17:51:44.829] [SceneLoadSpeedBoost] Save loaded from disk in 24ms
[LOG 17:51:46.054] [KSPUpgradePipeline]: claude (1.12.5) is up to date.
[LOG 17:51:46.065] [ScenarioTypes]: List Created 23 scenario types loaded from 8 loaded assemblies.
[LOG 17:51:46.065] [MessageSystem] Load Messages
[LOG 17:51:46.066] [UIMasterController]: HideUI
[LOG 17:51:46.110] [HighLogic]: =========================== Scene Change : From FLIGHT to FLIGHT =====================
[LOG 17:51:46.111] Game Unpaused!
[LOG 17:51:46.240] [PlanetariumCamera]: Focus: Kerbin
[LOG 17:51:46.240] KbApp.OnDestroy Vessel Info
[LOG 17:51:46.240] [UIApp] OnDestroy: Construction
[LOG 17:51:46.240] [UIApp] OnDestroy: AlarmClock
[LOG 17:51:46.240] [UIApp] OnDestroy: ManeuverTool
[LOG 17:51:46.241] [UIApp] OnDestroy: ActionGroupsApp
[LOG 17:51:46.241] [UIApp] OnDestroy: KSPedia
[LOG 17:51:46.241] KbApp.OnDestroy Planet Info
[LOG 17:51:46.242] KbApp.OnDestroy Planet Parameters
[LOG 17:51:46.242] KbApp.OnDestroy Vessel Crew
[LOG 17:51:46.242] KbApp.OnDestroy Unowned Info
[LOG 17:51:46.242] KbApp.OnDestroy Planet Resources
[LOG 17:51:46.242] [UIApp] OnDestroy: ResourceDisplay
[LOG 17:51:46.242] [UIApp] OnDestroy: DeltaVApp
[LOG 17:51:46.242] KbApp.OnDestroy NullName
[LOG 17:51:46.242] [UIApp] OnDestroy: Cargo
[LOG 17:51:46.243] [KSPCF:MemoryLeaks] Removed a onVesselChange callback owned by a destroyed Assembly-CSharp:ModuleDeployableSolarPanel instance
[LOG 17:51:46.243] [KSPCF:MemoryLeaks] Removed a onVesselChange callback owned by a destroyed Assembly-CSharp:ModuleDeployableSolarPanel instance
[LOG 17:51:46.243] [KSPCF:MemoryLeaks] Removed a onVesselChange callback owned by a destroyed Assembly-CSharp:ModuleDeployableSolarPanel instance
[LOG 17:51:46.243] [KSPCF:MemoryLeaks] Removed a onVesselChange callback owned by a destroyed Assembly-CSharp:ModuleDeployableSolarPanel instance
[LOG 17:51:46.243] [KSPCF:MemoryLeaks] Removed a onVesselChange callback owned by a destroyed Assembly-CSharp:ModuleDeployableSolarPanel instance
[LOG 17:51:46.243] [KSPCF:MemoryLeaks] Removed a onVesselChange callback owned by a destroyed Assembly-CSharp:ModuleDeployableSolarPanel instance
[LOG 17:51:46.244] [KSPCF:MemoryLeaks] Removed a OnMapExited callback owned by a destroyed Assembly-CSharp:NavBallToggle instance
[LOG 17:51:46.244] [KSPCF:MemoryLeaks] Removed a OnGameSettingsApplied callback owned by a destroyed Assembly-CSharp:VesselAutopilotUI instance
[LOG 17:51:46.244] [KSPCF:MemoryLeaks] Removed a onPartActionUICreate callback owned by a destroyed Assembly-CSharp:ModuleInventoryPart instance
[LOG 17:51:46.244] [KSPCF:MemoryLeaks] Removed a onModuleInventoryChanged callback owned by a destroyed Assembly-CSharp:ModuleInventoryPart instance
[LOG 17:51:46.244] [KSPCF:MemoryLeaks] Removed a OnDestructibleLoaded callback owned by a destroyed Assembly-CSharp:RunwayCollisionHandler instance
[LOG 17:51:46.245] [KSPCF:MemoryLeaks] Removed a OnClick callback owned by a destroyed Assembly-CSharp:EVAConstructionModeEditor instance
[LOG 17:51:46.245] [KSPCF:MemoryLeaks] Removed a TimingManager.Instance.timing5.onLateUpdate callback owned by a destroyed Assembly-CSharp:MapView instance
[LOG 17:51:46.245] [KSPCF:MemoryLeaks] Leaving scene "Flight", cleaned 75 memory leaks in 0.002s. GameEvents callbacks : 528. Allocated memory : 676.008 MiB (managed heap), 2.219 GiB (unmanaged)
[LOG 17:51:46.251] UICanvasPrefabSpawner FlightUI spawning Flight
[LOG 17:51:46.263] UICanvasPrefabSpawner FlightUI spawning VesselLabels
[LOG 17:51:46.263] [UiApp] Awake: ResourceDisplay
[LOG 17:51:46.319] [AddonLoader]: Instantiating addon 'AeroGUI' from assembly 'KSP'
[LOG 17:51:46.326] [AddonLoader]: Instantiating addon 'TerrainPrecisionFixDiagMod' from assembly 'TerrainPrecisionFixDiagMod'
[LOG 17:51:46.327] [PlanetariumCamera]: Focus: Kerbin
[LOG 17:51:46.327] [UIMasterController]: HideUI
[LOG 17:51:46.543] [UIMasterController]: HideUI
[LOG 17:51:46.543] ------------------- initializing flight mode... ------------------
[LOG 17:51:46.544] GetSubclassesOfParentClass: Using cached results for AlarmTypeBase
[LOG 17:51:46.544] Loading Depletion Nodes
[LOG 17:51:46.544] DepNodeCount:  0
[LOG 17:51:46.544] Loading Biome Nodes
[LOG 17:51:46.544] BiomeNodeCount:  0
[LOG 17:51:46.544] Loading Planet Nodes
[LOG 17:51:46.544] PlanetNodeCount:  0
[LOG 17:51:46.545] [ScenarioDestructibles]: Loading... 0 objects registered
[LOG 17:51:46.570] Target vessel index: 7  vessel count: 11
[LOG 17:51:46.570] [FLIGHT GLOBALS]: Switching To Vessel Diag3-Rover ---------------------- 
[LOG 17:51:46.570] setting new dominant body: Kerbin
FlightGlobals.mainBody: Kerbin
[LOG 17:51:46.570] Reference Frame: Rotating
[LOG 17:51:46.592] [Diag3-Rover]: landed - waiting for ground contact to resume physics...
[LOG 17:51:46.593] Camera Mode: AUTO
[LOG 17:51:48.265] all systems started
[LOG 17:51:48.349] [Vaisseau sans nom]: landed - waiting for ground contact to resume physics...
[LOG 17:51:48.370] [UiApp] Awake: CurrencyWidgetsApp
[LOG 17:51:48.370] [UiApp] Awake: ResourceDisplay
[LOG 17:51:48.370] [UiApp] Awake: KSPedia
[LOG 17:51:48.370] [UiApp] Awake: Missions App
[LOG 17:51:48.371] [UiApp] Awake: DeltaVApp
[LOG 17:51:48.371] [UiApp] Awake: ActionGroupsApp
[LOG 17:51:48.371] [UiApp] Awake: Construction
[LOG 17:51:48.371] [UiApp] Awake: Cargo
[LOG 17:51:48.371] [UiApp] Awake: AlarmClock
[LOG 17:51:48.371] [UiApp] Awake: ManeuverTool
[LOG 17:51:48.371] [ApplicationLauncher] OnSceneLoadedGUIReady: scene FLIGHT ShouldBeVisible() True ShouldBeOnTop() True iIsPositionedAtTop True
[LOG 17:51:48.372] [KnowledgeBase] OnAppLauncherReady 36564
[LOG 17:51:48.379] [UIApp] OnDestroy: Contracts
[LOG 17:51:48.406] [FlightIntegrator]: Reloaded drag cube for zeroed cube root part trussPiece3x (Diag3-Rover) on vessel Diag3-Rover
[LOG 17:51:48.408] [MessageSystem] Reposition 0.02 36565
[LOG 17:51:48.408] [GenericAppFrame] Reposition 0.02 36565
[LOG 17:51:48.408] [GenericAppFrame] Reposition 0.02 36565
[LOG 17:51:48.459] [FlightIntegrator]: Reloaded drag cube for zeroed cube root part fuelTankSmallFlat (Vaisseau sans nom) on vessel Vaisseau sans nom
[LOG 17:51:48.463] [PlanetariumCamera]: Focus: Diag3-Rover
[LOG 17:51:48.478] [UIApp] Adding ResourceDisplay to Application Launcher
[LOG 17:51:48.478] [UIApp] Adding ResourceDisplay to Application Launcher
[LOG 17:51:48.486] [ResourceDisplay] OnAppStarted(): id: -809620
[LOG 17:51:48.487] [GenericAppFrame] Reposition 0.1017272 36569
[LOG 17:51:48.487] [ResourceDisplay] OnAppStarted(): id: 265484
[LOG 17:51:48.487] ResourceDisplay already exist, destroying this instance
[LOG 17:51:48.487] [UIApp] OnDestroy: ResourceDisplay
[LOG 17:51:48.498] [UIApp] Adding AlarmClock to Application Launcher
[LOG 17:51:48.498] [UIApp] Adding ActionGroupsApp to Application Launcher
[LOG 17:51:48.499] [UIApp] Adding Missions App to Application Launcher
[LOG 17:51:48.500] CURRENCY WIDGET False False False
[LOG 17:51:48.502] [UIApp] OnDestroy: CurrencyWidgetsApp
[LOG 17:51:48.519] [GenericAppFrame] Reposition 0.1253326 36571
[LOG 17:51:48.521] [ActionGroupsApp] OnAppStarted(): id: -809644
[LOG 17:51:48.521] [GenericAppFrame] Reposition 0.1253326 36571
[LOG 17:51:48.521] [UIApp] Adding DeltaVApp to Application Launcher
[LOG 17:51:48.523] [MissionsApp] OnAppStarted(): id: -809632
[LOG 17:51:48.523] MissionsApp does not execute in this game mode, destroying this instance
[LOG 17:51:48.523] [UIApp] OnDestroy: Missions App
[LOG 17:51:48.532] [GenericAppFrame] Reposition 0.1465601 36572
[LOG 17:51:48.542] [UIApp] Adding Cargo to Application Launcher
[LOG 17:51:48.543] [UIApp] Adding Construction to Application Launcher
[LOG 17:51:48.544] [UIApp] Adding KSPedia to Application Launcher
[LOG 17:51:48.559] [UIApp] Adding ManeuverTool to Application Launcher
[LOG 17:51:48.561] [ApplicationLauncher] SetHidden: 
[LOG 17:51:48.578] [GenericAppFrame] Reposition 0.1888787 36575
[LOG 17:51:48.584] [ManeuverTool]: Found 1 transfer types
[LOG 17:51:48.622] Flight State Captured
[LOG 17:51:48.622] Saving Achievements Tree...
[LOG 17:51:48.622] Saving Achievements Tree...
[LOG 17:51:48.623] [MessageSystem] Save Messages
[LOG 17:51:48.647] Game State Saved as persistent
[LOG 17:51:49.563] Unpacking Diag3-Rover
[LOG 17:51:49.578] [UIMasterController]: ShowUI
[LOG 17:51:53.024] [FLIGHT GLOBALS]: Switching To Vessel Vaisseau sans nom ---------------------- 
[LOG 17:51:53.025] Packing Diag3-Rover for orbit
[LOG 17:51:53.025] [PlanetariumCamera]: Focus: Vaisseau sans nom
[LOG 17:51:53.031] Camera Mode: AUTO
[LOG 17:51:53.152] Unpacking Vaisseau sans nom
[LOG 17:52:00.372] Game Paused!
[LOG 17:52:00.372] [UIMasterController]: ShowUI
[LOG 17:52:01.083] [SceneLoadSpeedBoost] Save loaded from disk in 27ms
[LOG 17:52:02.427] [KSPUpgradePipeline]: claude (1.12.5) is up to date.
[LOG 17:52:02.444] [ScenarioTypes]: List Created 23 scenario types loaded from 8 loaded assemblies.
[LOG 17:52:02.444] [MessageSystem] Load Messages
[LOG 17:52:02.446] [UIMasterController]: HideUI
[LOG 17:52:02.496] [HighLogic]: =========================== Scene Change : From FLIGHT to FLIGHT =====================
[LOG 17:52:02.497] Game Unpaused!
[LOG 17:52:02.617] KbApp.OnDestroy Planet Info
[LOG 17:52:02.618] [UIApp] OnDestroy: AlarmClock
[LOG 17:52:02.620] [UIApp] OnDestroy: KSPedia
[LOG 17:52:02.620] [PlanetariumCamera]: Focus: Kerbin
[LOG 17:52:02.620] KbApp.OnDestroy Vessel Info
[LOG 17:52:02.620] KbApp.OnDestroy Unowned Info
[LOG 17:52:02.620] [UIApp] OnDestroy: ActionGroupsApp
[LOG 17:52:02.621] [UIApp] OnDestroy: ResourceDisplay
[LOG 17:52:02.621] KbApp.OnDestroy Vessel Crew
[LOG 17:52:02.621] KbApp.OnDestroy Planet Parameters
[LOG 17:52:02.621] [UIApp] OnDestroy: Cargo
[LOG 17:52:02.621] [UIApp] OnDestroy: Construction
[LOG 17:52:02.621] KbApp.OnDestroy Planet Resources
[LOG 17:52:02.621] [UIApp] OnDestroy: DeltaVApp
[LOG 17:52:02.621] [UIApp] OnDestroy: ManeuverTool
[LOG 17:52:02.622] KbApp.OnDestroy NullName
[LOG 17:52:02.623] [KSPCF:MemoryLeaks] Removed a onVesselChange callback owned by a destroyed Assembly-CSharp:ModuleDeployableSolarPanel instance
[LOG 17:52:02.623] [KSPCF:MemoryLeaks] Removed a onVesselChange callback owned by a destroyed Assembly-CSharp:ModuleDeployableSolarPanel instance
[LOG 17:52:02.623] [KSPCF:MemoryLeaks] Removed a onVesselChange callback owned by a destroyed Assembly-CSharp:ModuleDeployableSolarPanel instance
[LOG 17:52:02.623] [KSPCF:MemoryLeaks] Removed a onVesselChange callback owned by a destroyed Assembly-CSharp:ModuleDeployableSolarPanel instance
[LOG 17:52:02.623] [KSPCF:MemoryLeaks] Removed a onVesselChange callback owned by a destroyed Assembly-CSharp:ModuleDeployableSolarPanel instance
[LOG 17:52:02.623] [KSPCF:MemoryLeaks] Removed a onVesselChange callback owned by a destroyed Assembly-CSharp:ModuleDeployableSolarPanel instance
[LOG 17:52:02.623] [KSPCF:MemoryLeaks] Removed a OnMapExited callback owned by a destroyed Assembly-CSharp:NavBallToggle instance
[LOG 17:52:02.623] [KSPCF:MemoryLeaks] Removed a OnGameSettingsApplied callback owned by a destroyed Assembly-CSharp:VesselAutopilotUI instance
[LOG 17:52:02.623] [KSPCF:MemoryLeaks] Removed a onPartActionUICreate callback owned by a destroyed Assembly-CSharp:ModuleInventoryPart instance
[LOG 17:52:02.624] [KSPCF:MemoryLeaks] Removed a onModuleInventoryChanged callback owned by a destroyed Assembly-CSharp:ModuleInventoryPart instance
[LOG 17:52:02.624] [KSPCF:MemoryLeaks] Removed a OnDestructibleLoaded callback owned by a destroyed Assembly-CSharp:RunwayCollisionHandler instance
[LOG 17:52:02.624] [KSPCF:MemoryLeaks] Removed a OnClick callback owned by a destroyed Assembly-CSharp:EVAConstructionModeEditor instance
[LOG 17:52:02.624] [KSPCF:MemoryLeaks] Removed a TimingManager.Instance.timing5.onLateUpdate callback owned by a destroyed Assembly-CSharp:MapView instance
[LOG 17:52:02.624] [KSPCF:MemoryLeaks] Leaving scene "Flight", cleaned 75 memory leaks in 0.002s. GameEvents callbacks : 528. Allocated memory : 679.93 MiB (managed heap), 2.22 GiB (unmanaged)
[LOG 17:52:02.630] UICanvasPrefabSpawner FlightUI spawning Flight
[LOG 17:52:02.645] UICanvasPrefabSpawner FlightUI spawning VesselLabels
[LOG 17:52:02.645] [UiApp] Awake: ResourceDisplay
[LOG 17:52:02.710] [AddonLoader]: Instantiating addon 'AeroGUI' from assembly 'KSP'
[LOG 17:52:02.717] [AddonLoader]: Instantiating addon 'TerrainPrecisionFixDiagMod' from assembly 'TerrainPrecisionFixDiagMod'
[LOG 17:52:02.717] [PlanetariumCamera]: Focus: Kerbin
[LOG 17:52:02.718] [UIMasterController]: HideUI
[LOG 17:52:02.951] [UIMasterController]: HideUI
[LOG 17:52:02.951] ------------------- initializing flight mode... ------------------
[LOG 17:52:02.952] GetSubclassesOfParentClass: Using cached results for AlarmTypeBase
[LOG 17:52:02.953] Loading Depletion Nodes
[LOG 17:52:02.953] DepNodeCount:  0
[LOG 17:52:02.953] Loading Biome Nodes
[LOG 17:52:02.953] BiomeNodeCount:  0
[LOG 17:52:02.953] Loading Planet Nodes
[LOG 17:52:02.953] PlanetNodeCount:  0
[LOG 17:52:02.954] [ScenarioDestructibles]: Loading... 0 objects registered
[LOG 17:52:02.981] Target vessel index: 7  vessel count: 11
[LOG 17:52:02.981] [FLIGHT GLOBALS]: Switching To Vessel Diag3-Rover ---------------------- 
[LOG 17:52:02.981] setting new dominant body: Kerbin
FlightGlobals.mainBody: Kerbin
[LOG 17:52:02.981] Reference Frame: Rotating
[LOG 17:52:03.003] [Diag3-Rover]: landed - waiting for ground contact to resume physics...
[LOG 17:52:03.004] Camera Mode: AUTO
[LOG 17:52:04.683] all systems started
[LOG 17:52:04.778] [Vaisseau sans nom]: landed - waiting for ground contact to resume physics...
[LOG 17:52:04.800] [UiApp] Awake: CurrencyWidgetsApp
[LOG 17:52:04.800] [UiApp] Awake: ResourceDisplay
[LOG 17:52:04.800] [UiApp] Awake: KSPedia
[LOG 17:52:04.800] [UiApp] Awake: Missions App
[LOG 17:52:04.800] [UiApp] Awake: DeltaVApp
[LOG 17:52:04.800] [UiApp] Awake: ActionGroupsApp
[LOG 17:52:04.800] [UiApp] Awake: Construction
[LOG 17:52:04.800] [UiApp] Awake: Cargo
[LOG 17:52:04.800] [UiApp] Awake: AlarmClock
[LOG 17:52:04.800] [UiApp] Awake: ManeuverTool
[LOG 17:52:04.800] [ApplicationLauncher] OnSceneLoadedGUIReady: scene FLIGHT ShouldBeVisible() True ShouldBeOnTop() True iIsPositionedAtTop True
[LOG 17:52:04.801] [KnowledgeBase] OnAppLauncherReady 37549
[LOG 17:52:04.808] [UIApp] OnDestroy: Contracts
[LOG 17:52:04.836] [FlightIntegrator]: Reloaded drag cube for zeroed cube root part trussPiece3x (Diag3-Rover) on vessel Diag3-Rover
[LOG 17:52:04.840] [MessageSystem] Reposition 0.02 37550
[LOG 17:52:04.840] [GenericAppFrame] Reposition 0.02 37550
[LOG 17:52:04.840] [GenericAppFrame] Reposition 0.02 37550
[LOG 17:52:04.901] [FlightIntegrator]: Reloaded drag cube for zeroed cube root part fuelTankSmallFlat (Vaisseau sans nom) on vessel Vaisseau sans nom
[LOG 17:52:04.905] [PlanetariumCamera]: Focus: Diag3-Rover
[LOG 17:52:04.920] [UIApp] Adding ResourceDisplay to Application Launcher
[LOG 17:52:04.921] [UIApp] Adding ResourceDisplay to Application Launcher
[LOG 17:52:04.931] [ResourceDisplay] OnAppStarted(): id: -853872
[LOG 17:52:04.932] [GenericAppFrame] Reposition 0.1059102 37554
[LOG 17:52:04.932] [ResourceDisplay] OnAppStarted(): id: 265616
[LOG 17:52:04.932] ResourceDisplay already exist, destroying this instance
[LOG 17:52:04.932] [UIApp] OnDestroy: ResourceDisplay
[LOG 17:52:04.943] [UIApp] Adding AlarmClock to Application Launcher
[LOG 17:52:04.944] [UIApp] Adding ActionGroupsApp to Application Launcher
[LOG 17:52:04.945] [UIApp] Adding Missions App to Application Launcher
[LOG 17:52:04.945] CURRENCY WIDGET False False False
[LOG 17:52:04.948] [UIApp] OnDestroy: CurrencyWidgetsApp
[LOG 17:52:04.970] [GenericAppFrame] Reposition 0.1325535 37556
[LOG 17:52:04.973] [ActionGroupsApp] OnAppStarted(): id: -853896
[LOG 17:52:04.974] [GenericAppFrame] Reposition 0.1325535 37556
[LOG 17:52:04.974] [UIApp] Adding DeltaVApp to Application Launcher
[LOG 17:52:04.975] [MissionsApp] OnAppStarted(): id: -853884
[LOG 17:52:04.975] MissionsApp does not execute in this game mode, destroying this instance
[LOG 17:52:04.975] [UIApp] OnDestroy: Missions App
[LOG 17:52:04.985] [GenericAppFrame] Reposition 0.1594876 37557
[LOG 17:52:04.997] [UIApp] Adding Cargo to Application Launcher
[LOG 17:52:04.998] [UIApp] Adding Construction to Application Launcher
[LOG 17:52:05.000] [UIApp] Adding KSPedia to Application Launcher
[LOG 17:52:05.011] [UIApp] Adding ManeuverTool to Application Launcher
[LOG 17:52:05.012] [ApplicationLauncher] SetHidden: 
[LOG 17:52:05.036] [GenericAppFrame] Reposition 0.2057816 37560
[LOG 17:52:05.045] [ManeuverTool]: Found 1 transfer types
[LOG 17:52:05.084] Flight State Captured
[LOG 17:52:05.084] Saving Achievements Tree...
[LOG 17:52:05.084] Saving Achievements Tree...
[LOG 17:52:05.085] [MessageSystem] Save Messages
[LOG 17:52:05.109] Game State Saved as persistent
[LOG 17:52:06.050] Unpacking Diag3-Rover
[LOG 17:52:06.063] [UIMasterController]: ShowUI
[LOG 17:52:08.841] [FLIGHT GLOBALS]: Switching To Vessel Vaisseau sans nom ---------------------- 
[LOG 17:52:08.842] Packing Diag3-Rover for orbit
[LOG 17:52:08.842] [PlanetariumCamera]: Focus: Vaisseau sans nom
[LOG 17:52:08.848] Camera Mode: AUTO
[LOG 17:52:08.962] Unpacking Vaisseau sans nom
[LOG 17:53:12.992] Game Paused!
[LOG 17:53:12.992] [UIMasterController]: ShowUI
[LOG 17:53:25.680] Game Unpaused!
[LOG 17:53:26.743] [FLIGHT GLOBALS]: Switching To Vessel Diag3-Rover ---------------------- 
[LOG 17:53:26.744] Packing Vaisseau sans nom for orbit
[LOG 17:53:26.744] [PlanetariumCamera]: Focus: Diag3-Rover
[LOG 17:53:26.749] Camera Mode: AUTO
[LOG 17:53:26.769] Unpacking Diag3-Rover
[LOG 17:53:27.985] Game Paused!
[LOG 17:53:27.985] [UIMasterController]: ShowUI
[LOG 17:53:35.357] Flight State Captured
[LOG 17:53:35.357] Saving Achievements Tree...
[LOG 17:53:35.357] Saving Achievements Tree...
[LOG 17:53:35.357] [MessageSystem] Save Messages
[LOG 17:53:35.362] Game State Saved to saves/claude/approach3-kerbin
[LOG 17:53:35.388] Game State Saved to saves/claude/persistent
[LOG 17:53:35.399] Game Unpaused!
[LOG 17:53:39.181] Game Paused!
[LOG 17:53:39.181] [UIMasterController]: ShowUI
[LOG 17:54:19.961] [KSPUpgradePipeline]: claude (1.12.5) is up to date.
[LOG 17:54:19.970] [ScenarioTypes]: List Created 23 scenario types loaded from 8 loaded assemblies.
[LOG 17:54:19.970] [MessageSystem] Load Messages
[LOG 17:54:19.972] [UIMasterController]: HideUI
[LOG 17:54:20.016] [HighLogic]: =========================== Scene Change : From FLIGHT to FLIGHT =====================
[LOG 17:54:20.016] Game Unpaused!
[LOG 17:54:20.135] [UIApp] OnDestroy: ResourceDisplay
[LOG 17:54:20.136] KbApp.OnDestroy Unowned Info
[LOG 17:54:20.136] [PlanetariumCamera]: Focus: Kerbin
[LOG 17:54:20.136] KbApp.OnDestroy Vessel Crew
[LOG 17:54:20.136] KbApp.OnDestroy Vessel Info
[LOG 17:54:20.136] [UIApp] OnDestroy: KSPedia
[LOG 17:54:20.136] KbApp.OnDestroy NullName
[LOG 17:54:20.137] [UIApp] OnDestroy: ManeuverTool
[LOG 17:54:20.137] [UIApp] OnDestroy: Construction
[LOG 17:54:20.137] KbApp.OnDestroy Planet Info
[LOG 17:54:20.139] [UIApp] OnDestroy: DeltaVApp
[LOG 17:54:20.139] KbApp.OnDestroy Planet Resources
[LOG 17:54:20.139] KbApp.OnDestroy Planet Parameters
[LOG 17:54:20.139] [UIApp] OnDestroy: ActionGroupsApp
[LOG 17:54:20.139] [UIApp] OnDestroy: Cargo
[LOG 17:54:20.139] [UIApp] OnDestroy: AlarmClock
[LOG 17:54:20.141] [KSPCF:MemoryLeaks] Removed a onVesselChange callback owned by a destroyed Assembly-CSharp:ModuleDeployableSolarPanel instance
[LOG 17:54:20.141] [KSPCF:MemoryLeaks] Removed a onVesselChange callback owned by a destroyed Assembly-CSharp:ModuleDeployableSolarPanel instance
[LOG 17:54:20.141] [KSPCF:MemoryLeaks] Removed a onVesselChange callback owned by a destroyed Assembly-CSharp:ModuleDeployableSolarPanel instance
[LOG 17:54:20.141] [KSPCF:MemoryLeaks] Removed a onVesselChange callback owned by a destroyed Assembly-CSharp:ModuleDeployableSolarPanel instance
[LOG 17:54:20.141] [KSPCF:MemoryLeaks] Removed a onVesselChange callback owned by a destroyed Assembly-CSharp:ModuleDeployableSolarPanel instance
[LOG 17:54:20.141] [KSPCF:MemoryLeaks] Removed a onVesselChange callback owned by a destroyed Assembly-CSharp:ModuleDeployableSolarPanel instance
[LOG 17:54:20.141] [KSPCF:MemoryLeaks] Removed a OnMapExited callback owned by a destroyed Assembly-CSharp:NavBallToggle instance
[LOG 17:54:20.141] [KSPCF:MemoryLeaks] Removed a OnGameSettingsApplied callback owned by a destroyed Assembly-CSharp:VesselAutopilotUI instance
[LOG 17:54:20.141] [KSPCF:MemoryLeaks] Removed a onPartActionUICreate callback owned by a destroyed Assembly-CSharp:ModuleInventoryPart instance
[LOG 17:54:20.142] [KSPCF:MemoryLeaks] Removed a onModuleInventoryChanged callback owned by a destroyed Assembly-CSharp:ModuleInventoryPart instance
[LOG 17:54:20.142] [KSPCF:MemoryLeaks] Removed a OnEVAConstructionMode callback owned by a destroyed Assembly-CSharp:ModuleCargoPart instance
[LOG 17:54:20.142] [KSPCF:MemoryLeaks] Removed a OnEVAConstructionMode callback owned by a destroyed Assembly-CSharp:ModuleCargoPart instance
[LOG 17:54:20.142] [KSPCF:MemoryLeaks] Removed a OnEVAConstructionMode callback owned by a destroyed Assembly-CSharp:ModuleCargoPart instance
[LOG 17:54:20.142] [KSPCF:MemoryLeaks] Removed a OnEVAConstructionMode callback owned by a destroyed Assembly-CSharp:ModuleCargoPart instance
[LOG 17:54:20.142] [KSPCF:MemoryLeaks] Removed a OnEVAConstructionMode callback owned by a destroyed Assembly-CSharp:ModuleCargoPart instance
[LOG 17:54:20.142] [KSPCF:MemoryLeaks] Removed a OnEVAConstructionMode callback owned by a destroyed Assembly-CSharp:ModuleCargoPart instance
[LOG 17:54:20.142] [KSPCF:MemoryLeaks] Removed a OnEVAConstructionMode callback owned by a destroyed Assembly-CSharp:ModuleCargoPart instance
[LOG 17:54:20.142] [KSPCF:MemoryLeaks] Removed a OnEVAConstructionMode callback owned by a destroyed Assembly-CSharp:ModuleCargoPart instance
[LOG 17:54:20.142] [KSPCF:MemoryLeaks] Removed a OnEVAConstructionMode callback owned by a destroyed Assembly-CSharp:ModuleCargoPart instance
[LOG 17:54:20.142] [KSPCF:MemoryLeaks] Removed a OnEVAConstructionMode callback owned by a destroyed Assembly-CSharp:ModuleCargoPart instance
[LOG 17:54:20.142] [KSPCF:MemoryLeaks] Removed a OnEVAConstructionMode callback owned by a destroyed Assembly-CSharp:ModuleCargoPart instance
[LOG 17:54:20.142] [KSPCF:MemoryLeaks] Removed a OnEVAConstructionMode callback owned by a destroyed Assembly-CSharp:ModuleCargoPart instance
[LOG 17:54:20.142] [KSPCF:MemoryLeaks] Removed a OnEVAConstructionMode callback owned by a destroyed Assembly-CSharp:ModuleCargoPart instance
[LOG 17:54:20.142] [KSPCF:MemoryLeaks] Removed a OnEVAConstructionMode callback owned by a destroyed Assembly-CSharp:ModuleCargoPart instance
[LOG 17:54:20.142] [KSPCF:MemoryLeaks] Removed a OnEVAConstructionMode callback owned by a destroyed Assembly-CSharp:ModuleCargoPart instance
[LOG 17:54:20.142] [KSPCF:MemoryLeaks] Removed a OnEVAConstructionMode callback owned by a destroyed Assembly-CSharp:ModuleCargoPart instance
[LOG 17:54:20.142] [KSPCF:MemoryLeaks] Removed a OnEVAConstructionMode callback owned by a destroyed Assembly-CSharp:ModuleCargoPart instance
[LOG 17:54:20.142] [KSPCF:MemoryLeaks] Removed a OnEVAConstructionMode callback owned by a destroyed Assembly-CSharp:ModuleCargoPart instance
[LOG 17:54:20.142] [KSPCF:MemoryLeaks] Removed a OnDestructibleLoaded callback owned by a destroyed Assembly-CSharp:RunwayCollisionHandler instance
[LOG 17:54:20.143] [KSPCF:MemoryLeaks] Removed a OnClick callback owned by a destroyed Assembly-CSharp:EVAConstructionModeEditor instance
[LOG 17:54:20.143] [KSPCF:MemoryLeaks] Removed a TimingManager.Instance.timing5.onLateUpdate callback owned by a destroyed Assembly-CSharp:MapView instance
[LOG 17:54:20.143] [KSPCF:MemoryLeaks] Leaving scene "Flight", cleaned 93 memory leaks in 0.002s. GameEvents callbacks : 531. Allocated memory : 733.898 MiB (managed heap), 2.222 GiB (unmanaged)
[LOG 17:54:20.148] UICanvasPrefabSpawner FlightUI spawning Flight
[LOG 17:54:20.160] UICanvasPrefabSpawner FlightUI spawning VesselLabels
[LOG 17:54:20.161] [UiApp] Awake: ResourceDisplay
[LOG 17:54:20.220] [AddonLoader]: Instantiating addon 'AeroGUI' from assembly 'KSP'
[LOG 17:54:20.227] [AddonLoader]: Instantiating addon 'TerrainPrecisionFixDiagMod' from assembly 'TerrainPrecisionFixDiagMod'
[LOG 17:54:20.228] [PlanetariumCamera]: Focus: Kerbin
[LOG 17:54:20.228] [UIMasterController]: HideUI
[LOG 17:54:20.451] [UIMasterController]: HideUI
[LOG 17:54:20.452] ------------------- initializing flight mode... ------------------
[LOG 17:54:20.452] GetSubclassesOfParentClass: Using cached results for AlarmTypeBase
[LOG 17:54:20.453] Loading Depletion Nodes
[LOG 17:54:20.453] DepNodeCount:  0
[LOG 17:54:20.453] Loading Biome Nodes
[LOG 17:54:20.453] BiomeNodeCount:  0
[LOG 17:54:20.453] Loading Planet Nodes
[LOG 17:54:20.453] PlanetNodeCount:  0
[LOG 17:54:20.454] [ScenarioDestructibles]: Loading... 0 objects registered
[LOG 17:54:20.479] Target vessel index: 7  vessel count: 11
[LOG 17:54:20.479] [FLIGHT GLOBALS]: Switching To Vessel Diag3-Rover ---------------------- 
[LOG 17:54:20.479] setting new dominant body: Kerbin
FlightGlobals.mainBody: Kerbin
[LOG 17:54:20.479] Reference Frame: Rotating
[LOG 17:54:20.500] [Diag3-Rover]: landed - waiting for ground contact to resume physics...
[LOG 17:54:20.501] Camera Mode: AUTO
[LOG 17:54:22.172] all systems started
[LOG 17:54:22.258] [Vaisseau sans nom]: landed - waiting for ground contact to resume physics...
[LOG 17:54:22.279] [UiApp] Awake: CurrencyWidgetsApp
[LOG 17:54:22.279] [UiApp] Awake: ResourceDisplay
[LOG 17:54:22.279] [UiApp] Awake: KSPedia
[LOG 17:54:22.279] [UiApp] Awake: Missions App
[LOG 17:54:22.279] [UiApp] Awake: DeltaVApp
[LOG 17:54:22.279] [UiApp] Awake: ActionGroupsApp
[LOG 17:54:22.279] [UiApp] Awake: Construction
[LOG 17:54:22.279] [UiApp] Awake: Cargo
[LOG 17:54:22.279] [UiApp] Awake: AlarmClock
[LOG 17:54:22.279] [UiApp] Awake: ManeuverTool
[LOG 17:54:22.279] [ApplicationLauncher] OnSceneLoadedGUIReady: scene FLIGHT ShouldBeVisible() True ShouldBeOnTop() True iIsPositionedAtTop True
[LOG 17:54:22.281] [KnowledgeBase] OnAppLauncherReady 46698
[LOG 17:54:22.289] [UIApp] OnDestroy: Contracts
[LOG 17:54:22.313] [FlightIntegrator]: Reloaded drag cube for zeroed cube root part trussPiece3x (Diag3-Rover) on vessel Diag3-Rover
[LOG 17:54:22.316] [MessageSystem] Reposition 0.02 46699
[LOG 17:54:22.316] [GenericAppFrame] Reposition 0.02 46699
[LOG 17:54:22.316] [GenericAppFrame] Reposition 0.02 46699
[LOG 17:54:22.366] [FlightIntegrator]: Reloaded drag cube for zeroed cube root part fuelTankSmallFlat (Vaisseau sans nom) on vessel Vaisseau sans nom
[LOG 17:54:22.370] [PlanetariumCamera]: Focus: Diag3-Rover
[LOG 17:54:22.383] [UIApp] Adding ResourceDisplay to Application Launcher
[LOG 17:54:22.384] [UIApp] Adding ResourceDisplay to Application Launcher
[LOG 17:54:22.392] [ResourceDisplay] OnAppStarted(): id: -902868
[LOG 17:54:22.393] [GenericAppFrame] Reposition 0.1007244 46703
[LOG 17:54:22.393] [ResourceDisplay] OnAppStarted(): id: 265748
[LOG 17:54:22.393] ResourceDisplay already exist, destroying this instance
[LOG 17:54:22.393] [UIApp] OnDestroy: ResourceDisplay
[LOG 17:54:22.407] [UIApp] Adding AlarmClock to Application Launcher
[LOG 17:54:22.409] [UIApp] Adding ActionGroupsApp to Application Launcher
[LOG 17:54:22.410] [UIApp] Adding Missions App to Application Launcher
[LOG 17:54:22.410] CURRENCY WIDGET False False False
[LOG 17:54:22.412] [UIApp] OnDestroy: CurrencyWidgetsApp
[LOG 17:54:22.433] [GenericAppFrame] Reposition 0.1290545 46705
[LOG 17:54:22.435] [ActionGroupsApp] OnAppStarted(): id: -902892
[LOG 17:54:22.435] [GenericAppFrame] Reposition 0.1290545 46705
[LOG 17:54:22.436] [UIApp] Adding DeltaVApp to Application Launcher
[LOG 17:54:22.436] [MissionsApp] OnAppStarted(): id: -902880
[LOG 17:54:22.436] MissionsApp does not execute in this game mode, destroying this instance
[LOG 17:54:22.436] [UIApp] OnDestroy: Missions App
[LOG 17:54:22.444] [GenericAppFrame] Reposition 0.1518103 46706
[LOG 17:54:22.453] [UIApp] Adding Cargo to Application Launcher
[LOG 17:54:22.454] [UIApp] Adding Construction to Application Launcher
[LOG 17:54:22.455] [UIApp] Adding KSPedia to Application Launcher
[LOG 17:54:22.464] [UIApp] Adding ManeuverTool to Application Launcher
[LOG 17:54:22.465] [ApplicationLauncher] SetHidden: 
[LOG 17:54:22.482] [GenericAppFrame] Reposition 0.1862329 46709
[LOG 17:54:22.489] [ManeuverTool]: Found 1 transfer types
[LOG 17:54:22.529] Flight State Captured
[LOG 17:54:22.529] Saving Achievements Tree...
[LOG 17:54:22.529] Saving Achievements Tree...
[LOG 17:54:22.529] [MessageSystem] Save Messages
[LOG 17:54:22.552] Game State Saved as persistent
[LOG 17:54:23.497] Unpacking Diag3-Rover
[LOG 17:54:23.515] [UIMasterController]: ShowUI
[LOG 17:54:26.199] [FLIGHT GLOBALS]: Switching To Vessel Vaisseau sans nom ---------------------- 
[LOG 17:54:26.199] Packing Diag3-Rover for orbit
[LOG 17:54:26.200] [PlanetariumCamera]: Focus: Vaisseau sans nom
[LOG 17:54:26.205] Camera Mode: AUTO
[LOG 17:54:26.318] Unpacking Vaisseau sans nom
[LOG 17:54:30.980] Game Paused!
[LOG 17:54:30.980] [UIMasterController]: ShowUI
[LOG 17:54:31.713] [SceneLoadSpeedBoost] Save loaded from disk in 8ms
[LOG 17:54:33.516] [KSPUpgradePipeline]: claude (1.12.5) is up to date.
[LOG 17:54:33.525] [ScenarioTypes]: List Created 23 scenario types loaded from 8 loaded assemblies.
[LOG 17:54:33.525] [MessageSystem] Load Messages
[LOG 17:54:33.526] [UIMasterController]: HideUI
[LOG 17:54:33.572] [HighLogic]: =========================== Scene Change : From FLIGHT to FLIGHT =====================
[LOG 17:54:33.573] Game Unpaused!
[LOG 17:54:33.690] [UIApp] OnDestroy: Cargo
[LOG 17:54:33.690] [UIApp] OnDestroy: KSPedia
[LOG 17:54:33.690] [UIApp] OnDestroy: ManeuverTool
[LOG 17:54:33.690] KbApp.OnDestroy Planet Info
[LOG 17:54:33.690] [UIApp] OnDestroy: ResourceDisplay
[LOG 17:54:33.691] [UIApp] OnDestroy: Construction
[LOG 17:54:33.691] KbApp.OnDestroy Unowned Info
[LOG 17:54:33.691] [PlanetariumCamera]: Focus: Kerbin
[LOG 17:54:33.692] [UIApp] OnDestroy: AlarmClock
[LOG 17:54:33.692] KbApp.OnDestroy Planet Resources
[LOG 17:54:33.692] KbApp.OnDestroy Vessel Info
[LOG 17:54:33.692] KbApp.OnDestroy NullName
[LOG 17:54:33.692] [UIApp] OnDestroy: DeltaVApp
[LOG 17:54:33.692] [UIApp] OnDestroy: ActionGroupsApp
[LOG 17:54:33.692] KbApp.OnDestroy Planet Parameters
[LOG 17:54:33.692] KbApp.OnDestroy Vessel Crew
[LOG 17:54:33.693] [KSPCF:MemoryLeaks] Removed a onVesselChange callback owned by a destroyed Assembly-CSharp:ModuleDeployableSolarPanel instance
[LOG 17:54:33.693] [KSPCF:MemoryLeaks] Removed a onVesselChange callback owned by a destroyed Assembly-CSharp:ModuleDeployableSolarPanel instance
[LOG 17:54:33.693] [KSPCF:MemoryLeaks] Removed a onVesselChange callback owned by a destroyed Assembly-CSharp:ModuleDeployableSolarPanel instance
[LOG 17:54:33.693] [KSPCF:MemoryLeaks] Removed a onVesselChange callback owned by a destroyed Assembly-CSharp:ModuleDeployableSolarPanel instance
[LOG 17:54:33.693] [KSPCF:MemoryLeaks] Removed a onVesselChange callback owned by a destroyed Assembly-CSharp:ModuleDeployableSolarPanel instance
[LOG 17:54:33.694] [KSPCF:MemoryLeaks] Removed a onVesselChange callback owned by a destroyed Assembly-CSharp:ModuleDeployableSolarPanel instance
[LOG 17:54:33.694] [KSPCF:MemoryLeaks] Removed a OnMapExited callback owned by a destroyed Assembly-CSharp:NavBallToggle instance
[LOG 17:54:33.694] [KSPCF:MemoryLeaks] Removed a OnGameSettingsApplied callback owned by a destroyed Assembly-CSharp:VesselAutopilotUI instance
[LOG 17:54:33.694] [KSPCF:MemoryLeaks] Removed a onPartActionUICreate callback owned by a destroyed Assembly-CSharp:ModuleInventoryPart instance
[LOG 17:54:33.694] [KSPCF:MemoryLeaks] Removed a onModuleInventoryChanged callback owned by a destroyed Assembly-CSharp:ModuleInventoryPart instance
[LOG 17:54:33.695] [KSPCF:MemoryLeaks] Removed a OnDestructibleLoaded callback owned by a destroyed Assembly-CSharp:RunwayCollisionHandler instance
[LOG 17:54:33.695] [KSPCF:MemoryLeaks] Removed a OnClick callback owned by a destroyed Assembly-CSharp:EVAConstructionModeEditor instance
[LOG 17:54:33.695] [KSPCF:MemoryLeaks] Removed a TimingManager.Instance.timing5.onLateUpdate callback owned by a destroyed Assembly-CSharp:MapView instance
[LOG 17:54:33.695] [KSPCF:MemoryLeaks] Leaving scene "Flight", cleaned 75 memory leaks in 0.002s. GameEvents callbacks : 528. Allocated memory : 701.859 MiB (managed heap), 2.221 GiB (unmanaged)
[LOG 17:54:33.700] UICanvasPrefabSpawner FlightUI spawning Flight
[LOG 17:54:33.712] UICanvasPrefabSpawner FlightUI spawning VesselLabels
[LOG 17:54:33.713] [UiApp] Awake: ResourceDisplay
[LOG 17:54:33.767] [AddonLoader]: Instantiating addon 'AeroGUI' from assembly 'KSP'
[LOG 17:54:33.775] [AddonLoader]: Instantiating addon 'TerrainPrecisionFixDiagMod' from assembly 'TerrainPrecisionFixDiagMod'
[LOG 17:54:33.775] [PlanetariumCamera]: Focus: Kerbin
[LOG 17:54:33.776] [UIMasterController]: HideUI
[LOG 17:54:33.986] [UIMasterController]: HideUI
[LOG 17:54:33.986] ------------------- initializing flight mode... ------------------
[LOG 17:54:33.986] GetSubclassesOfParentClass: Using cached results for AlarmTypeBase
[LOG 17:54:33.987] Loading Depletion Nodes
[LOG 17:54:33.987] DepNodeCount:  0
[LOG 17:54:33.987] Loading Biome Nodes
[LOG 17:54:33.987] BiomeNodeCount:  0
[LOG 17:54:33.987] Loading Planet Nodes
[LOG 17:54:33.987] PlanetNodeCount:  0
[LOG 17:54:33.988] [ScenarioDestructibles]: Loading... 0 objects registered
[LOG 17:54:34.014] Target vessel index: 7  vessel count: 11
[LOG 17:54:34.014] [FLIGHT GLOBALS]: Switching To Vessel Diag3-Rover ---------------------- 
[LOG 17:54:34.014] setting new dominant body: Kerbin
FlightGlobals.mainBody: Kerbin
[LOG 17:54:34.014] Reference Frame: Rotating
[LOG 17:54:34.036] [Diag3-Rover]: landed - waiting for ground contact to resume physics...
[LOG 17:54:34.037] Camera Mode: AUTO
[LOG 17:54:35.708] all systems started
[LOG 17:54:35.796] [Vaisseau sans nom]: landed - waiting for ground contact to resume physics...
[LOG 17:54:35.820] [UiApp] Awake: CurrencyWidgetsApp
[LOG 17:54:35.820] [UiApp] Awake: ResourceDisplay
[LOG 17:54:35.820] [UiApp] Awake: KSPedia
[LOG 17:54:35.820] [UiApp] Awake: Missions App
[LOG 17:54:35.820] [UiApp] Awake: DeltaVApp
[LOG 17:54:35.820] [UiApp] Awake: ActionGroupsApp
[LOG 17:54:35.820] [UiApp] Awake: Construction
[LOG 17:54:35.820] [UiApp] Awake: Cargo
[LOG 17:54:35.820] [UiApp] Awake: AlarmClock
[LOG 17:54:35.820] [UiApp] Awake: ManeuverTool
[LOG 17:54:35.820] [ApplicationLauncher] OnSceneLoadedGUIReady: scene FLIGHT ShouldBeVisible() True ShouldBeOnTop() True iIsPositionedAtTop True
[LOG 17:54:35.822] [KnowledgeBase] OnAppLauncherReady 47488
[LOG 17:54:35.829] [UIApp] OnDestroy: Contracts
[LOG 17:54:35.855] [FlightIntegrator]: Reloaded drag cube for zeroed cube root part trussPiece3x (Diag3-Rover) on vessel Diag3-Rover
[LOG 17:54:35.857] [MessageSystem] Reposition 0.02 47489
[LOG 17:54:35.857] [GenericAppFrame] Reposition 0.02 47489
[LOG 17:54:35.857] [GenericAppFrame] Reposition 0.02 47489
[LOG 17:54:35.908] [FlightIntegrator]: Reloaded drag cube for zeroed cube root part fuelTankSmallFlat (Vaisseau sans nom) on vessel Vaisseau sans nom
[LOG 17:54:35.912] [PlanetariumCamera]: Focus: Diag3-Rover
[LOG 17:54:35.925] [UIApp] Adding ResourceDisplay to Application Launcher
[LOG 17:54:35.925] [UIApp] Adding ResourceDisplay to Application Launcher
[LOG 17:54:35.933] [ResourceDisplay] OnAppStarted(): id: -947164
[LOG 17:54:35.933] [GenericAppFrame] Reposition 0.0992636 47493
[LOG 17:54:35.933] [ResourceDisplay] OnAppStarted(): id: 265880
[LOG 17:54:35.933] ResourceDisplay already exist, destroying this instance
[LOG 17:54:35.933] [UIApp] OnDestroy: ResourceDisplay
[LOG 17:54:35.946] [UIApp] Adding AlarmClock to Application Launcher
[LOG 17:54:35.947] [UIApp] Adding ActionGroupsApp to Application Launcher
[LOG 17:54:35.948] [UIApp] Adding Missions App to Application Launcher
[LOG 17:54:35.949] CURRENCY WIDGET False False False
[LOG 17:54:35.950] [UIApp] OnDestroy: CurrencyWidgetsApp
[LOG 17:54:35.969] [GenericAppFrame] Reposition 0.1256356 47495
[LOG 17:54:35.970] [ActionGroupsApp] OnAppStarted(): id: -947188
[LOG 17:54:35.971] [GenericAppFrame] Reposition 0.1256356 47495
[LOG 17:54:35.971] [UIApp] Adding DeltaVApp to Application Launcher
[LOG 17:54:35.972] [MissionsApp] OnAppStarted(): id: -947176
[LOG 17:54:35.972] MissionsApp does not execute in this game mode, destroying this instance
[LOG 17:54:35.972] [UIApp] OnDestroy: Missions App
[LOG 17:54:35.981] [GenericAppFrame] Reposition 0.1462815 47496
[LOG 17:54:35.990] [UIApp] Adding Cargo to Application Launcher
[LOG 17:54:35.991] [UIApp] Adding Construction to Application Launcher
[LOG 17:54:35.992] [UIApp] Adding KSPedia to Application Launcher
[LOG 17:54:36.005] [UIApp] Adding ManeuverTool to Application Launcher
[LOG 17:54:36.006] [ApplicationLauncher] SetHidden: 
[LOG 17:54:36.024] [GenericAppFrame] Reposition 0.1867541 47499
[LOG 17:54:36.030] [ManeuverTool]: Found 1 transfer types
[LOG 17:54:36.073] Flight State Captured
[LOG 17:54:36.074] Saving Achievements Tree...
[LOG 17:54:36.074] Saving Achievements Tree...
[LOG 17:54:36.074] [MessageSystem] Save Messages
[LOG 17:54:36.099] Game State Saved as persistent
[LOG 17:54:37.023] Unpacking Diag3-Rover
[LOG 17:54:37.041] [UIMasterController]: ShowUI
[LOG 17:54:40.005] [FLIGHT GLOBALS]: Switching To Vessel Vaisseau sans nom ---------------------- 
[LOG 17:54:40.005] Packing Diag3-Rover for orbit
[LOG 17:54:40.006] [PlanetariumCamera]: Focus: Vaisseau sans nom
[LOG 17:54:40.011] Camera Mode: AUTO
[LOG 17:54:40.127] Unpacking Vaisseau sans nom
[LOG 17:54:45.431] Game Paused!
[LOG 17:54:45.431] [UIMasterController]: ShowUI
[LOG 17:54:46.252] [SceneLoadSpeedBoost] Save loaded from disk in 11ms
[LOG 17:54:47.294] [KSPUpgradePipeline]: claude (1.12.5) is up to date.
[LOG 17:54:47.303] [ScenarioTypes]: List Created 23 scenario types loaded from 8 loaded assemblies.
[LOG 17:54:47.303] [MessageSystem] Load Messages
[LOG 17:54:47.304] [UIMasterController]: HideUI
[LOG 17:54:47.348] [HighLogic]: =========================== Scene Change : From FLIGHT to FLIGHT =====================
[LOG 17:54:47.348] Game Unpaused!
[LOG 17:54:47.463] KbApp.OnDestroy Unowned Info
[LOG 17:54:47.463] KbApp.OnDestroy NullName
[LOG 17:54:47.463] [UIApp] OnDestroy: ManeuverTool
[LOG 17:54:47.463] [UIApp] OnDestroy: DeltaVApp
[LOG 17:54:47.463] [UIApp] OnDestroy: ActionGroupsApp
[LOG 17:54:47.463] KbApp.OnDestroy Vessel Info
[LOG 17:54:47.463] [UIApp] OnDestroy: Construction
[LOG 17:54:47.464] [UIApp] OnDestroy: Cargo
[LOG 17:54:47.464] [UIApp] OnDestroy: AlarmClock
[LOG 17:54:47.464] KbApp.OnDestroy Vessel Crew
[LOG 17:54:47.464] [UIApp] OnDestroy: ResourceDisplay
[LOG 17:54:47.464] [PlanetariumCamera]: Focus: Kerbin
[LOG 17:54:47.466] KbApp.OnDestroy Planet Resources
[LOG 17:54:47.466] KbApp.OnDestroy Planet Info
[LOG 17:54:47.466] KbApp.OnDestroy Planet Parameters
[LOG 17:54:47.466] [UIApp] OnDestroy: KSPedia
[LOG 17:54:47.467] [KSPCF:MemoryLeaks] Removed a onVesselChange callback owned by a destroyed Assembly-CSharp:ModuleDeployableSolarPanel instance
[LOG 17:54:47.467] [KSPCF:MemoryLeaks] Removed a onVesselChange callback owned by a destroyed Assembly-CSharp:ModuleDeployableSolarPanel instance
[LOG 17:54:47.467] [KSPCF:MemoryLeaks] Removed a onVesselChange callback owned by a destroyed Assembly-CSharp:ModuleDeployableSolarPanel instance
[LOG 17:54:47.467] [KSPCF:MemoryLeaks] Removed a onVesselChange callback owned by a destroyed Assembly-CSharp:ModuleDeployableSolarPanel instance
[LOG 17:54:47.467] [KSPCF:MemoryLeaks] Removed a onVesselChange callback owned by a destroyed Assembly-CSharp:ModuleDeployableSolarPanel instance
[LOG 17:54:47.467] [KSPCF:MemoryLeaks] Removed a onVesselChange callback owned by a destroyed Assembly-CSharp:ModuleDeployableSolarPanel instance
[LOG 17:54:47.467] [KSPCF:MemoryLeaks] Removed a OnMapExited callback owned by a destroyed Assembly-CSharp:NavBallToggle instance
[LOG 17:54:47.467] [KSPCF:MemoryLeaks] Removed a OnGameSettingsApplied callback owned by a destroyed Assembly-CSharp:VesselAutopilotUI instance
[LOG 17:54:47.467] [KSPCF:MemoryLeaks] Removed a onPartActionUICreate callback owned by a destroyed Assembly-CSharp:ModuleInventoryPart instance
[LOG 17:54:47.468] [KSPCF:MemoryLeaks] Removed a onModuleInventoryChanged callback owned by a destroyed Assembly-CSharp:ModuleInventoryPart instance
[LOG 17:54:47.468] [KSPCF:MemoryLeaks] Removed a OnDestructibleLoaded callback owned by a destroyed Assembly-CSharp:RunwayCollisionHandler instance
[LOG 17:54:47.468] [KSPCF:MemoryLeaks] Removed a OnClick callback owned by a destroyed Assembly-CSharp:EVAConstructionModeEditor instance
[LOG 17:54:47.468] [KSPCF:MemoryLeaks] Removed a TimingManager.Instance.timing5.onLateUpdate callback owned by a destroyed Assembly-CSharp:MapView instance
[LOG 17:54:47.468] [KSPCF:MemoryLeaks] Leaving scene "Flight", cleaned 75 memory leaks in 0.002s. GameEvents callbacks : 528. Allocated memory : 677.238 MiB (managed heap), 2.221 GiB (unmanaged)
[LOG 17:54:47.473] UICanvasPrefabSpawner FlightUI spawning Flight
[LOG 17:54:47.486] UICanvasPrefabSpawner FlightUI spawning VesselLabels
[LOG 17:54:47.487] [UiApp] Awake: ResourceDisplay
[LOG 17:54:47.546] [AddonLoader]: Instantiating addon 'AeroGUI' from assembly 'KSP'
[LOG 17:54:47.554] [AddonLoader]: Instantiating addon 'TerrainPrecisionFixDiagMod' from assembly 'TerrainPrecisionFixDiagMod'
[LOG 17:54:47.554] [PlanetariumCamera]: Focus: Kerbin
[LOG 17:54:47.554] [UIMasterController]: HideUI
[LOG 17:54:47.777] [UIMasterController]: HideUI
[LOG 17:54:47.777] ------------------- initializing flight mode... ------------------
[LOG 17:54:47.777] GetSubclassesOfParentClass: Using cached results for AlarmTypeBase
[LOG 17:54:47.778] Loading Depletion Nodes
[LOG 17:54:47.778] DepNodeCount:  0
[LOG 17:54:47.778] Loading Biome Nodes
[LOG 17:54:47.778] BiomeNodeCount:  0
[LOG 17:54:47.778] Loading Planet Nodes
[LOG 17:54:47.778] PlanetNodeCount:  0
[LOG 17:54:47.779] [ScenarioDestructibles]: Loading... 0 objects registered
[LOG 17:54:47.804] Target vessel index: 7  vessel count: 11
[LOG 17:54:47.804] [FLIGHT GLOBALS]: Switching To Vessel Diag3-Rover ---------------------- 
[LOG 17:54:47.804] setting new dominant body: Kerbin
FlightGlobals.mainBody: Kerbin
[LOG 17:54:47.804] Reference Frame: Rotating
[LOG 17:54:47.825] [Diag3-Rover]: landed - waiting for ground contact to resume physics...
[LOG 17:54:47.825] Camera Mode: AUTO
[LOG 17:54:49.495] all systems started
[LOG 17:54:49.584] [Vaisseau sans nom]: landed - waiting for ground contact to resume physics...
[LOG 17:54:49.605] [UiApp] Awake: CurrencyWidgetsApp
[LOG 17:54:49.605] [UiApp] Awake: ResourceDisplay
[LOG 17:54:49.605] [UiApp] Awake: KSPedia
[LOG 17:54:49.606] [UiApp] Awake: Missions App
[LOG 17:54:49.606] [UiApp] Awake: DeltaVApp
[LOG 17:54:49.606] [UiApp] Awake: ActionGroupsApp
[LOG 17:54:49.606] [UiApp] Awake: Construction
[LOG 17:54:49.606] [UiApp] Awake: Cargo
[LOG 17:54:49.606] [UiApp] Awake: AlarmClock
[LOG 17:54:49.606] [UiApp] Awake: ManeuverTool
[LOG 17:54:49.606] [ApplicationLauncher] OnSceneLoadedGUIReady: scene FLIGHT ShouldBeVisible() True ShouldBeOnTop() True iIsPositionedAtTop True
[LOG 17:54:49.607] [KnowledgeBase] OnAppLauncherReady 48300
[LOG 17:54:49.615] [UIApp] OnDestroy: Contracts
[LOG 17:54:49.645] [FlightIntegrator]: Reloaded drag cube for zeroed cube root part trussPiece3x (Diag3-Rover) on vessel Diag3-Rover
[LOG 17:54:49.649] [MessageSystem] Reposition 0.02 48301
[LOG 17:54:49.649] [GenericAppFrame] Reposition 0.02 48301
[LOG 17:54:49.649] [GenericAppFrame] Reposition 0.02 48301
[LOG 17:54:49.702] [FlightIntegrator]: Reloaded drag cube for zeroed cube root part fuelTankSmallFlat (Vaisseau sans nom) on vessel Vaisseau sans nom
[LOG 17:54:49.705] [PlanetariumCamera]: Focus: Diag3-Rover
[LOG 17:54:49.719] [UIApp] Adding ResourceDisplay to Application Launcher
[LOG 17:54:49.720] [UIApp] Adding ResourceDisplay to Application Launcher
[LOG 17:54:49.728] [ResourceDisplay] OnAppStarted(): id: -991452
[LOG 17:54:49.728] [GenericAppFrame] Reposition 0.1003006 48305
[LOG 17:54:49.729] [ResourceDisplay] OnAppStarted(): id: 266012
[LOG 17:54:49.729] ResourceDisplay already exist, destroying this instance
[LOG 17:54:49.729] [UIApp] OnDestroy: ResourceDisplay
[LOG 17:54:49.740] [UIApp] Adding AlarmClock to Application Launcher
[LOG 17:54:49.741] [UIApp] Adding ActionGroupsApp to Application Launcher
[LOG 17:54:49.741] [UIApp] Adding Missions App to Application Launcher
[LOG 17:54:49.743] CURRENCY WIDGET False False False
[LOG 17:54:49.745] [UIApp] OnDestroy: CurrencyWidgetsApp
[LOG 17:54:49.765] [GenericAppFrame] Reposition 0.1265603 48307
[LOG 17:54:49.766] [ActionGroupsApp] OnAppStarted(): id: -991476
[LOG 17:54:49.767] [GenericAppFrame] Reposition 0.1265603 48307
[LOG 17:54:49.767] [UIApp] Adding DeltaVApp to Application Launcher
[LOG 17:54:49.768] [MissionsApp] OnAppStarted(): id: -991464
[LOG 17:54:49.768] MissionsApp does not execute in this game mode, destroying this instance
[LOG 17:54:49.768] [UIApp] OnDestroy: Missions App
[LOG 17:54:49.777] [GenericAppFrame] Reposition 0.1490322 48308
[LOG 17:54:49.787] [UIApp] Adding Cargo to Application Launcher
[LOG 17:54:49.788] [UIApp] Adding Construction to Application Launcher
[LOG 17:54:49.788] [UIApp] Adding KSPedia to Application Launcher
[LOG 17:54:49.797] [UIApp] Adding ManeuverTool to Application Launcher
[LOG 17:54:49.798] [ApplicationLauncher] SetHidden: 
[LOG 17:54:49.816] [GenericAppFrame] Reposition 0.1854509 48311
[LOG 17:54:49.823] [ManeuverTool]: Found 1 transfer types
[LOG 17:54:49.864] Flight State Captured
[LOG 17:54:49.864] Saving Achievements Tree...
[LOG 17:54:49.864] Saving Achievements Tree...
[LOG 17:54:49.864] [MessageSystem] Save Messages
[LOG 17:54:49.880] Game State Saved as persistent
[LOG 17:54:50.789] Unpacking Diag3-Rover
[LOG 17:54:50.805] [UIMasterController]: ShowUI
[LOG 17:54:54.501] [FLIGHT GLOBALS]: Switching To Vessel Vaisseau sans nom ---------------------- 
[LOG 17:54:54.501] Packing Diag3-Rover for orbit
[LOG 17:54:54.502] [PlanetariumCamera]: Focus: Vaisseau sans nom
[LOG 17:54:54.507] Camera Mode: AUTO
[LOG 17:54:54.619] Unpacking Vaisseau sans nom
[LOG 17:54:58.248] Game Paused!
[LOG 17:54:58.248] [UIMasterController]: ShowUI
[LOG 17:55:01.676] [SceneLoadSpeedBoost] Save loaded from disk in 13ms
[LOG 17:55:03.143] [KSPUpgradePipeline]: claude (1.12.5) is up to date.
[LOG 17:55:03.151] [ScenarioTypes]: List Created 23 scenario types loaded from 8 loaded assemblies.
[LOG 17:55:03.152] [MessageSystem] Load Messages
[LOG 17:55:03.152] [UIMasterController]: HideUI
[LOG 17:55:03.198] [HighLogic]: =========================== Scene Change : From FLIGHT to FLIGHT =====================
[LOG 17:55:03.198] Game Unpaused!
[LOG 17:55:03.310] KbApp.OnDestroy Vessel Crew
[LOG 17:55:03.310] [UIApp] OnDestroy: ManeuverTool
[LOG 17:55:03.311] KbApp.OnDestroy NullName
[LOG 17:55:03.311] KbApp.OnDestroy Planet Info
[LOG 17:55:03.311] [UIApp] OnDestroy: ActionGroupsApp
[LOG 17:55:03.312] [PlanetariumCamera]: Focus: Kerbin
[LOG 17:55:03.313] [UIApp] OnDestroy: DeltaVApp
[LOG 17:55:03.313] KbApp.OnDestroy Planet Parameters
[LOG 17:55:03.313] [UIApp] OnDestroy: Cargo
[LOG 17:55:03.314] [UIApp] OnDestroy: ResourceDisplay
[LOG 17:55:03.314] KbApp.OnDestroy Planet Resources
[LOG 17:55:03.314] [UIApp] OnDestroy: Construction
[LOG 17:55:03.315] KbApp.OnDestroy Unowned Info
[LOG 17:55:03.315] [UIApp] OnDestroy: KSPedia
[LOG 17:55:03.315] KbApp.OnDestroy Vessel Info
[LOG 17:55:03.315] [UIApp] OnDestroy: AlarmClock
[LOG 17:55:03.317] [KSPCF:MemoryLeaks] Removed a onVesselChange callback owned by a destroyed Assembly-CSharp:ModuleDeployableSolarPanel instance
[LOG 17:55:03.317] [KSPCF:MemoryLeaks] Removed a onVesselChange callback owned by a destroyed Assembly-CSharp:ModuleDeployableSolarPanel instance
[LOG 17:55:03.317] [KSPCF:MemoryLeaks] Removed a onVesselChange callback owned by a destroyed Assembly-CSharp:ModuleDeployableSolarPanel instance
[LOG 17:55:03.317] [KSPCF:MemoryLeaks] Removed a onVesselChange callback owned by a destroyed Assembly-CSharp:ModuleDeployableSolarPanel instance
[LOG 17:55:03.317] [KSPCF:MemoryLeaks] Removed a onVesselChange callback owned by a destroyed Assembly-CSharp:ModuleDeployableSolarPanel instance
[LOG 17:55:03.317] [KSPCF:MemoryLeaks] Removed a onVesselChange callback owned by a destroyed Assembly-CSharp:ModuleDeployableSolarPanel instance
[LOG 17:55:03.318] [KSPCF:MemoryLeaks] Removed a OnMapExited callback owned by a destroyed Assembly-CSharp:NavBallToggle instance
[LOG 17:55:03.318] [KSPCF:MemoryLeaks] Removed a OnGameSettingsApplied callback owned by a destroyed Assembly-CSharp:VesselAutopilotUI instance
[LOG 17:55:03.318] [KSPCF:MemoryLeaks] Removed a onPartActionUICreate callback owned by a destroyed Assembly-CSharp:ModuleInventoryPart instance
[LOG 17:55:03.318] [KSPCF:MemoryLeaks] Removed a onModuleInventoryChanged callback owned by a destroyed Assembly-CSharp:ModuleInventoryPart instance
[LOG 17:55:03.318] [KSPCF:MemoryLeaks] Removed a OnDestructibleLoaded callback owned by a destroyed Assembly-CSharp:RunwayCollisionHandler instance
[LOG 17:55:03.318] [KSPCF:MemoryLeaks] Removed a OnClick callback owned by a destroyed Assembly-CSharp:EVAConstructionModeEditor instance
[LOG 17:55:03.319] [KSPCF:MemoryLeaks] Removed a TimingManager.Instance.timing5.onLateUpdate callback owned by a destroyed Assembly-CSharp:MapView instance
[LOG 17:55:03.319] [KSPCF:MemoryLeaks] Leaving scene "Flight", cleaned 75 memory leaks in 0.002s. GameEvents callbacks : 528. Allocated memory : 684.742 MiB (managed heap), 2.222 GiB (unmanaged)
[LOG 17:55:03.324] UICanvasPrefabSpawner FlightUI spawning Flight
[LOG 17:55:03.337] UICanvasPrefabSpawner FlightUI spawning VesselLabels
[LOG 17:55:03.338] [UiApp] Awake: ResourceDisplay
[LOG 17:55:03.394] [AddonLoader]: Instantiating addon 'AeroGUI' from assembly 'KSP'
[LOG 17:55:03.402] [AddonLoader]: Instantiating addon 'TerrainPrecisionFixDiagMod' from assembly 'TerrainPrecisionFixDiagMod'
[LOG 17:55:03.402] [PlanetariumCamera]: Focus: Kerbin
[LOG 17:55:03.403] [UIMasterController]: HideUI
[LOG 17:55:03.623] [UIMasterController]: HideUI
[LOG 17:55:03.623] ------------------- initializing flight mode... ------------------
[LOG 17:55:03.623] GetSubclassesOfParentClass: Using cached results for AlarmTypeBase
[LOG 17:55:03.624] Loading Depletion Nodes
[LOG 17:55:03.624] DepNodeCount:  0
[LOG 17:55:03.624] Loading Biome Nodes
[LOG 17:55:03.624] BiomeNodeCount:  0
[LOG 17:55:03.624] Loading Planet Nodes
[LOG 17:55:03.624] PlanetNodeCount:  0
[LOG 17:55:03.625] [ScenarioDestructibles]: Loading... 0 objects registered
[LOG 17:55:03.649] Target vessel index: 7  vessel count: 11
[LOG 17:55:03.650] [FLIGHT GLOBALS]: Switching To Vessel Diag3-Rover ---------------------- 
[LOG 17:55:03.650] setting new dominant body: Kerbin
FlightGlobals.mainBody: Kerbin
[LOG 17:55:03.650] Reference Frame: Rotating
[LOG 17:55:03.670] [Diag3-Rover]: landed - waiting for ground contact to resume physics...
[LOG 17:55:03.670] Camera Mode: AUTO
[LOG 17:55:05.363] all systems started
[LOG 17:55:05.453] [Vaisseau sans nom]: landed - waiting for ground contact to resume physics...
[LOG 17:55:05.475] [UiApp] Awake: CurrencyWidgetsApp
[LOG 17:55:05.475] [UiApp] Awake: ResourceDisplay
[LOG 17:55:05.476] [UiApp] Awake: KSPedia
[LOG 17:55:05.476] [UiApp] Awake: Missions App
[LOG 17:55:05.476] [UiApp] Awake: DeltaVApp
[LOG 17:55:05.476] [UiApp] Awake: ActionGroupsApp
[LOG 17:55:05.476] [UiApp] Awake: Construction
[LOG 17:55:05.476] [UiApp] Awake: Cargo
[LOG 17:55:05.476] [UiApp] Awake: AlarmClock
[LOG 17:55:05.476] [UiApp] Awake: ManeuverTool
[LOG 17:55:05.476] [ApplicationLauncher] OnSceneLoadedGUIReady: scene FLIGHT ShouldBeVisible() True ShouldBeOnTop() True iIsPositionedAtTop True
[LOG 17:55:05.477] [KnowledgeBase] OnAppLauncherReady 49273
[LOG 17:55:05.484] [UIApp] OnDestroy: Contracts
[LOG 17:55:05.505] [FlightIntegrator]: Reloaded drag cube for zeroed cube root part trussPiece3x (Diag3-Rover) on vessel Diag3-Rover
[LOG 17:55:05.510] [MessageSystem] Reposition 0.02 49274
[LOG 17:55:05.510] [GenericAppFrame] Reposition 0.02 49274
[LOG 17:55:05.510] [GenericAppFrame] Reposition 0.02 49274
[LOG 17:55:05.563] [FlightIntegrator]: Reloaded drag cube for zeroed cube root part fuelTankSmallFlat (Vaisseau sans nom) on vessel Vaisseau sans nom
[LOG 17:55:05.567] [PlanetariumCamera]: Focus: Diag3-Rover
[LOG 17:55:05.580] [UIApp] Adding ResourceDisplay to Application Launcher
[LOG 17:55:05.581] [UIApp] Adding ResourceDisplay to Application Launcher
[LOG 17:55:05.590] [ResourceDisplay] OnAppStarted(): id: -1035754
[LOG 17:55:05.591] [GenericAppFrame] Reposition 0.101105 49278
[LOG 17:55:05.591] [ResourceDisplay] OnAppStarted(): id: 266144
[LOG 17:55:05.591] ResourceDisplay already exist, destroying this instance
[LOG 17:55:05.591] [UIApp] OnDestroy: ResourceDisplay
[LOG 17:55:05.601] [UIApp] Adding AlarmClock to Application Launcher
[LOG 17:55:05.602] [UIApp] Adding ActionGroupsApp to Application Launcher
[LOG 17:55:05.603] [UIApp] Adding Missions App to Application Launcher
[LOG 17:55:05.603] CURRENCY WIDGET False False False
[LOG 17:55:05.605] [UIApp] OnDestroy: CurrencyWidgetsApp
[LOG 17:55:05.625] [GenericAppFrame] Reposition 0.1265636 49280
[LOG 17:55:05.628] [ActionGroupsApp] OnAppStarted(): id: -1035778
[LOG 17:55:05.629] [GenericAppFrame] Reposition 0.1265636 49280
[LOG 17:55:05.629] [UIApp] Adding DeltaVApp to Application Launcher
[LOG 17:55:05.630] [MissionsApp] OnAppStarted(): id: -1035766
[LOG 17:55:05.630] MissionsApp does not execute in this game mode, destroying this instance
[LOG 17:55:05.630] [UIApp] OnDestroy: Missions App
[LOG 17:55:05.639] [GenericAppFrame] Reposition 0.1494715 49281
[LOG 17:55:05.648] [UIApp] Adding Cargo to Application Launcher
[LOG 17:55:05.649] [UIApp] Adding Construction to Application Launcher
[LOG 17:55:05.650] [UIApp] Adding KSPedia to Application Launcher
[LOG 17:55:05.660] [UIApp] Adding ManeuverTool to Application Launcher
[LOG 17:55:05.661] [ApplicationLauncher] SetHidden: 
[LOG 17:55:05.680] [GenericAppFrame] Reposition 0.1869737 49284
[LOG 17:55:05.687] [ManeuverTool]: Found 1 transfer types
[LOG 17:55:05.727] Flight State Captured
[LOG 17:55:05.727] Saving Achievements Tree...
[LOG 17:55:05.727] Saving Achievements Tree...
[LOG 17:55:05.727] [MessageSystem] Save Messages
[LOG 17:55:05.752] Game State Saved as persistent
[LOG 17:55:06.659] Unpacking Diag3-Rover
[LOG 17:55:06.672] [UIMasterController]: ShowUI
[LOG 17:55:12.317] [FLIGHT GLOBALS]: Switching To Vessel Vaisseau sans nom ---------------------- 
[LOG 17:55:12.317] Packing Diag3-Rover for orbit
[LOG 17:55:12.317] [PlanetariumCamera]: Focus: Vaisseau sans nom
[LOG 17:55:12.322] Camera Mode: AUTO
[LOG 17:55:12.433] Unpacking Vaisseau sans nom
[LOG 17:55:23.009] Game Paused!
[LOG 17:55:23.009] [UIMasterController]: ShowUI
[LOG 17:55:23.731] [SceneLoadSpeedBoost] Save loaded from disk in 16ms
[LOG 17:55:25.363] [KSPUpgradePipeline]: claude (1.12.5) is up to date.
[LOG 17:55:25.371] [ScenarioTypes]: List Created 23 scenario types loaded from 8 loaded assemblies.
[LOG 17:55:25.371] [MessageSystem] Load Messages
[LOG 17:55:25.372] [UIMasterController]: HideUI
[LOG 17:55:25.417] [HighLogic]: =========================== Scene Change : From FLIGHT to FLIGHT =====================
[LOG 17:55:25.418] Game Unpaused!
[LOG 17:55:25.532] KbApp.OnDestroy Vessel Info
[LOG 17:55:25.532] [UIApp] OnDestroy: Construction
[LOG 17:55:25.533] KbApp.OnDestroy NullName
[LOG 17:55:25.533] [UIApp] OnDestroy: Cargo
[LOG 17:55:25.533] [UIApp] OnDestroy: ResourceDisplay
[LOG 17:55:25.533] KbApp.OnDestroy Unowned Info
[LOG 17:55:25.533] KbApp.OnDestroy Vessel Crew
[LOG 17:55:25.534] [UIApp] OnDestroy: ActionGroupsApp
[LOG 17:55:25.534] KbApp.OnDestroy Planet Info
[LOG 17:55:25.534] [PlanetariumCamera]: Focus: Kerbin
[LOG 17:55:25.535] [UIApp] OnDestroy: DeltaVApp
[LOG 17:55:25.535] [UIApp] OnDestroy: KSPedia
[LOG 17:55:25.535] [UIApp] OnDestroy: ManeuverTool
[LOG 17:55:25.535] KbApp.OnDestroy Planet Resources
[LOG 17:55:25.535] [UIApp] OnDestroy: AlarmClock
[LOG 17:55:25.535] KbApp.OnDestroy Planet Parameters
[LOG 17:55:25.536] [KSPCF:MemoryLeaks] Removed a onVesselChange callback owned by a destroyed Assembly-CSharp:ModuleDeployableSolarPanel instance
[LOG 17:55:25.536] [KSPCF:MemoryLeaks] Removed a onVesselChange callback owned by a destroyed Assembly-CSharp:ModuleDeployableSolarPanel instance
[LOG 17:55:25.536] [KSPCF:MemoryLeaks] Removed a onVesselChange callback owned by a destroyed Assembly-CSharp:ModuleDeployableSolarPanel instance
[LOG 17:55:25.536] [KSPCF:MemoryLeaks] Removed a onVesselChange callback owned by a destroyed Assembly-CSharp:ModuleDeployableSolarPanel instance
[LOG 17:55:25.536] [KSPCF:MemoryLeaks] Removed a onVesselChange callback owned by a destroyed Assembly-CSharp:ModuleDeployableSolarPanel instance
[LOG 17:55:25.536] [KSPCF:MemoryLeaks] Removed a onVesselChange callback owned by a destroyed Assembly-CSharp:ModuleDeployableSolarPanel instance
[LOG 17:55:25.536] [KSPCF:MemoryLeaks] Removed a OnMapExited callback owned by a destroyed Assembly-CSharp:NavBallToggle instance
[LOG 17:55:25.536] [KSPCF:MemoryLeaks] Removed a OnGameSettingsApplied callback owned by a destroyed Assembly-CSharp:VesselAutopilotUI instance
[LOG 17:55:25.537] [KSPCF:MemoryLeaks] Removed a onPartActionUICreate callback owned by a destroyed Assembly-CSharp:ModuleInventoryPart instance
[LOG 17:55:25.537] [KSPCF:MemoryLeaks] Removed a onModuleInventoryChanged callback owned by a destroyed Assembly-CSharp:ModuleInventoryPart instance
[LOG 17:55:25.537] [KSPCF:MemoryLeaks] Removed a OnDestructibleLoaded callback owned by a destroyed Assembly-CSharp:RunwayCollisionHandler instance
[LOG 17:55:25.537] [KSPCF:MemoryLeaks] Removed a OnClick callback owned by a destroyed Assembly-CSharp:EVAConstructionModeEditor instance
[LOG 17:55:25.538] [KSPCF:MemoryLeaks] Removed a TimingManager.Instance.timing5.onLateUpdate callback owned by a destroyed Assembly-CSharp:MapView instance
[LOG 17:55:25.538] [KSPCF:MemoryLeaks] Leaving scene "Flight", cleaned 75 memory leaks in 0.002s. GameEvents callbacks : 528. Allocated memory : 718.227 MiB (managed heap), 2.222 GiB (unmanaged)
[LOG 17:55:25.543] UICanvasPrefabSpawner FlightUI spawning Flight
[LOG 17:55:25.556] UICanvasPrefabSpawner FlightUI spawning VesselLabels
[LOG 17:55:25.556] [UiApp] Awake: ResourceDisplay
[LOG 17:55:25.610] [AddonLoader]: Instantiating addon 'AeroGUI' from assembly 'KSP'
[LOG 17:55:25.618] [AddonLoader]: Instantiating addon 'TerrainPrecisionFixDiagMod' from assembly 'TerrainPrecisionFixDiagMod'
[LOG 17:55:25.618] [PlanetariumCamera]: Focus: Kerbin
[LOG 17:55:25.618] [UIMasterController]: HideUI
[LOG 17:55:25.833] [UIMasterController]: HideUI
[LOG 17:55:25.833] ------------------- initializing flight mode... ------------------
[LOG 17:55:25.834] GetSubclassesOfParentClass: Using cached results for AlarmTypeBase
[LOG 17:55:25.834] Loading Depletion Nodes
[LOG 17:55:25.834] DepNodeCount:  0
[LOG 17:55:25.834] Loading Biome Nodes
[LOG 17:55:25.834] BiomeNodeCount:  0
[LOG 17:55:25.834] Loading Planet Nodes
[LOG 17:55:25.834] PlanetNodeCount:  0
[LOG 17:55:25.835] [ScenarioDestructibles]: Loading... 0 objects registered
[LOG 17:55:25.860] Target vessel index: 7  vessel count: 11
[LOG 17:55:25.860] [FLIGHT GLOBALS]: Switching To Vessel Diag3-Rover ---------------------- 
[LOG 17:55:25.861] setting new dominant body: Kerbin
FlightGlobals.mainBody: Kerbin
[LOG 17:55:25.861] Reference Frame: Rotating
[LOG 17:55:25.882] [Diag3-Rover]: landed - waiting for ground contact to resume physics...
[LOG 17:55:25.882] Camera Mode: AUTO
[LOG 17:55:27.548] all systems started
[LOG 17:55:27.638] [Vaisseau sans nom]: landed - waiting for ground contact to resume physics...
[LOG 17:55:27.660] [UiApp] Awake: CurrencyWidgetsApp
[LOG 17:55:27.661] [UiApp] Awake: ResourceDisplay
[LOG 17:55:27.661] [UiApp] Awake: KSPedia
[LOG 17:55:27.661] [UiApp] Awake: Missions App
[LOG 17:55:27.661] [UiApp] Awake: DeltaVApp
[LOG 17:55:27.661] [UiApp] Awake: ActionGroupsApp
[LOG 17:55:27.661] [UiApp] Awake: Construction
[LOG 17:55:27.661] [UiApp] Awake: Cargo
[LOG 17:55:27.661] [UiApp] Awake: AlarmClock
[LOG 17:55:27.661] [UiApp] Awake: ManeuverTool
[LOG 17:55:27.661] [ApplicationLauncher] OnSceneLoadedGUIReady: scene FLIGHT ShouldBeVisible() True ShouldBeOnTop() True iIsPositionedAtTop True
[LOG 17:55:27.662] [KnowledgeBase] OnAppLauncherReady 50726
[LOG 17:55:27.671] [UIApp] OnDestroy: Contracts
[LOG 17:55:27.696] [FlightIntegrator]: Reloaded drag cube for zeroed cube root part trussPiece3x (Diag3-Rover) on vessel Diag3-Rover
[LOG 17:55:27.699] [MessageSystem] Reposition 0.02 50727
[LOG 17:55:27.699] [GenericAppFrame] Reposition 0.02 50727
[LOG 17:55:27.699] [GenericAppFrame] Reposition 0.02 50727
[LOG 17:55:27.750] [FlightIntegrator]: Reloaded drag cube for zeroed cube root part fuelTankSmallFlat (Vaisseau sans nom) on vessel Vaisseau sans nom
[LOG 17:55:27.754] [PlanetariumCamera]: Focus: Diag3-Rover
[LOG 17:55:27.767] [UIApp] Adding ResourceDisplay to Application Launcher
[LOG 17:55:27.768] [UIApp] Adding ResourceDisplay to Application Launcher
[LOG 17:55:27.775] [ResourceDisplay] OnAppStarted(): id: -1080048
[LOG 17:55:27.776] [GenericAppFrame] Reposition 0.0990288 50731
[LOG 17:55:27.776] [ResourceDisplay] OnAppStarted(): id: 266276
[LOG 17:55:27.776] ResourceDisplay already exist, destroying this instance
[LOG 17:55:27.776] [UIApp] OnDestroy: ResourceDisplay
[LOG 17:55:27.789] [UIApp] Adding AlarmClock to Application Launcher
[LOG 17:55:27.789] [UIApp] Adding ActionGroupsApp to Application Launcher
[LOG 17:55:27.791] [UIApp] Adding Missions App to Application Launcher
[LOG 17:55:27.792] CURRENCY WIDGET False False False
[LOG 17:55:27.794] [UIApp] OnDestroy: CurrencyWidgetsApp
[LOG 17:55:27.814] [GenericAppFrame] Reposition 0.1270651 50733
[LOG 17:55:27.815] [ActionGroupsApp] OnAppStarted(): id: -1080072
[LOG 17:55:27.816] [GenericAppFrame] Reposition 0.1270651 50733
[LOG 17:55:27.816] [UIApp] Adding DeltaVApp to Application Launcher
[LOG 17:55:27.817] [MissionsApp] OnAppStarted(): id: -1080060
[LOG 17:55:27.817] MissionsApp does not execute in this game mode, destroying this instance
[LOG 17:55:27.817] [UIApp] OnDestroy: Missions App
[LOG 17:55:27.827] [GenericAppFrame] Reposition 0.1491315 50734
[LOG 17:55:27.834] [UIApp] Adding Cargo to Application Launcher
[LOG 17:55:27.835] [UIApp] Adding Construction to Application Launcher
[LOG 17:55:27.836] [UIApp] Adding KSPedia to Application Launcher
[LOG 17:55:27.848] [UIApp] Adding ManeuverTool to Application Launcher
[LOG 17:55:27.849] [ApplicationLauncher] SetHidden: 
[LOG 17:55:27.866] [GenericAppFrame] Reposition 0.1866163 50737
[LOG 17:55:27.873] [ManeuverTool]: Found 1 transfer types
[LOG 17:55:27.914] Flight State Captured
[LOG 17:55:27.914] Saving Achievements Tree...
[LOG 17:55:27.914] Saving Achievements Tree...
[LOG 17:55:27.914] [MessageSystem] Save Messages
[LOG 17:55:27.939] Game State Saved as persistent
[LOG 17:55:28.870] Unpacking Diag3-Rover
[LOG 17:55:28.884] [UIMasterController]: ShowUI
[LOG 17:55:33.516] [FLIGHT GLOBALS]: Switching To Vessel Vaisseau sans nom ---------------------- 
[LOG 17:55:33.517] Packing Diag3-Rover for orbit
[LOG 17:55:33.517] [PlanetariumCamera]: Focus: Vaisseau sans nom
[LOG 17:55:33.522] Camera Mode: AUTO
[LOG 17:55:33.637] Unpacking Vaisseau sans nom
[LOG 17:55:35.178] Game Paused!
[LOG 17:55:35.178] [UIMasterController]: ShowUI
[LOG 17:55:39.164] [SceneLoadSpeedBoost] Save loaded from disk in 18ms
[LOG 17:55:40.181] [KSPUpgradePipeline]: claude (1.12.5) is up to date.
[LOG 17:55:40.191] [ScenarioTypes]: List Created 23 scenario types loaded from 8 loaded assemblies.
[LOG 17:55:40.191] [MessageSystem] Load Messages
[LOG 17:55:40.192] [UIMasterController]: HideUI
[LOG 17:55:40.237] [HighLogic]: =========================== Scene Change : From FLIGHT to FLIGHT =====================
[LOG 17:55:40.238] Game Unpaused!
[LOG 17:55:40.353] KbApp.OnDestroy Planet Info
[LOG 17:55:40.353] [UIApp] OnDestroy: ActionGroupsApp
[LOG 17:55:40.354] KbApp.OnDestroy Vessel Crew
[LOG 17:55:40.354] KbApp.OnDestroy Planet Parameters
[LOG 17:55:40.354] [PlanetariumCamera]: Focus: Kerbin
[LOG 17:55:40.355] [UIApp] OnDestroy: ManeuverTool
[LOG 17:55:40.355] [UIApp] OnDestroy: AlarmClock
[LOG 17:55:40.355] [UIApp] OnDestroy: KSPedia
[LOG 17:55:40.355] [UIApp] OnDestroy: Cargo
[LOG 17:55:40.356] KbApp.OnDestroy Unowned Info
[LOG 17:55:40.356] KbApp.OnDestroy Vessel Info
[LOG 17:55:40.356] KbApp.OnDestroy NullName
[LOG 17:55:40.356] [UIApp] OnDestroy: Construction
[LOG 17:55:40.357] [UIApp] OnDestroy: DeltaVApp
[LOG 17:55:40.357] [UIApp] OnDestroy: ResourceDisplay
[LOG 17:55:40.357] KbApp.OnDestroy Planet Resources
[LOG 17:55:40.358] [KSPCF:MemoryLeaks] Removed a onVesselChange callback owned by a destroyed Assembly-CSharp:ModuleDeployableSolarPanel instance
[LOG 17:55:40.358] [KSPCF:MemoryLeaks] Removed a onVesselChange callback owned by a destroyed Assembly-CSharp:ModuleDeployableSolarPanel instance
[LOG 17:55:40.358] [KSPCF:MemoryLeaks] Removed a onVesselChange callback owned by a destroyed Assembly-CSharp:ModuleDeployableSolarPanel instance
[LOG 17:55:40.358] [KSPCF:MemoryLeaks] Removed a onVesselChange callback owned by a destroyed Assembly-CSharp:ModuleDeployableSolarPanel instance
[LOG 17:55:40.358] [KSPCF:MemoryLeaks] Removed a onVesselChange callback owned by a destroyed Assembly-CSharp:ModuleDeployableSolarPanel instance
[LOG 17:55:40.358] [KSPCF:MemoryLeaks] Removed a onVesselChange callback owned by a destroyed Assembly-CSharp:ModuleDeployableSolarPanel instance
[LOG 17:55:40.358] [KSPCF:MemoryLeaks] Removed a OnMapExited callback owned by a destroyed Assembly-CSharp:NavBallToggle instance
[LOG 17:55:40.358] [KSPCF:MemoryLeaks] Removed a OnGameSettingsApplied callback owned by a destroyed Assembly-CSharp:VesselAutopilotUI instance
[LOG 17:55:40.359] [KSPCF:MemoryLeaks] Removed a onPartActionUICreate callback owned by a destroyed Assembly-CSharp:ModuleInventoryPart instance
[LOG 17:55:40.359] [KSPCF:MemoryLeaks] Removed a onModuleInventoryChanged callback owned by a destroyed Assembly-CSharp:ModuleInventoryPart instance
[LOG 17:55:40.359] [KSPCF:MemoryLeaks] Removed a OnDestructibleLoaded callback owned by a destroyed Assembly-CSharp:RunwayCollisionHandler instance
[LOG 17:55:40.359] [KSPCF:MemoryLeaks] Removed a OnClick callback owned by a destroyed Assembly-CSharp:EVAConstructionModeEditor instance
[LOG 17:55:40.359] [KSPCF:MemoryLeaks] Removed a TimingManager.Instance.timing5.onLateUpdate callback owned by a destroyed Assembly-CSharp:MapView instance
[LOG 17:55:40.359] [KSPCF:MemoryLeaks] Leaving scene "Flight", cleaned 75 memory leaks in 0.002s. GameEvents callbacks : 528. Allocated memory : 703.262 MiB (managed heap), 2.222 GiB (unmanaged)
[LOG 17:55:40.364] UICanvasPrefabSpawner FlightUI spawning Flight
[LOG 17:55:40.377] UICanvasPrefabSpawner FlightUI spawning VesselLabels
[LOG 17:55:40.377] [UiApp] Awake: ResourceDisplay
[LOG 17:55:40.432] [AddonLoader]: Instantiating addon 'AeroGUI' from assembly 'KSP'
[LOG 17:55:40.440] [AddonLoader]: Instantiating addon 'TerrainPrecisionFixDiagMod' from assembly 'TerrainPrecisionFixDiagMod'
[LOG 17:55:40.441] [PlanetariumCamera]: Focus: Kerbin
[LOG 17:55:40.441] [UIMasterController]: HideUI
[LOG 17:55:40.657] [UIMasterController]: HideUI
[LOG 17:55:40.657] ------------------- initializing flight mode... ------------------
[LOG 17:55:40.658] GetSubclassesOfParentClass: Using cached results for AlarmTypeBase
[LOG 17:55:40.658] Loading Depletion Nodes
[LOG 17:55:40.658] DepNodeCount:  0
[LOG 17:55:40.658] Loading Biome Nodes
[LOG 17:55:40.658] BiomeNodeCount:  0
[LOG 17:55:40.658] Loading Planet Nodes
[LOG 17:55:40.658] PlanetNodeCount:  0
[LOG 17:55:40.659] [ScenarioDestructibles]: Loading... 0 objects registered
[LOG 17:55:40.684] Target vessel index: 7  vessel count: 11
[LOG 17:55:40.686] [FLIGHT GLOBALS]: Switching To Vessel Diag3-Rover ---------------------- 
[LOG 17:55:40.686] setting new dominant body: Kerbin
FlightGlobals.mainBody: Kerbin
[LOG 17:55:40.686] Reference Frame: Rotating
[LOG 17:55:40.706] [Diag3-Rover]: landed - waiting for ground contact to resume physics...
[LOG 17:55:40.707] Camera Mode: AUTO
[LOG 17:55:42.378] all systems started
[LOG 17:55:42.467] [Vaisseau sans nom]: landed - waiting for ground contact to resume physics...
[LOG 17:55:42.488] [UiApp] Awake: CurrencyWidgetsApp
[LOG 17:55:42.489] [UiApp] Awake: ResourceDisplay
[LOG 17:55:42.489] [UiApp] Awake: KSPedia
[LOG 17:55:42.489] [UiApp] Awake: Missions App
[LOG 17:55:42.489] [UiApp] Awake: DeltaVApp
[LOG 17:55:42.489] [UiApp] Awake: ActionGroupsApp
[LOG 17:55:42.489] [UiApp] Awake: Construction
[LOG 17:55:42.489] [UiApp] Awake: Cargo
[LOG 17:55:42.489] [UiApp] Awake: AlarmClock
[LOG 17:55:42.489] [UiApp] Awake: ManeuverTool
[LOG 17:55:42.489] [ApplicationLauncher] OnSceneLoadedGUIReady: scene FLIGHT ShouldBeVisible() True ShouldBeOnTop() True iIsPositionedAtTop True
[LOG 17:55:42.490] [KnowledgeBase] OnAppLauncherReady 51608
[LOG 17:55:42.499] [UIApp] OnDestroy: Contracts
[LOG 17:55:42.525] [FlightIntegrator]: Reloaded drag cube for zeroed cube root part trussPiece3x (Diag3-Rover) on vessel Diag3-Rover
[LOG 17:55:42.527] [MessageSystem] Reposition 0.02 51609
[LOG 17:55:42.527] [GenericAppFrame] Reposition 0.02 51609
[LOG 17:55:42.528] [GenericAppFrame] Reposition 0.02 51609
[LOG 17:55:42.582] [FlightIntegrator]: Reloaded drag cube for zeroed cube root part fuelTankSmallFlat (Vaisseau sans nom) on vessel Vaisseau sans nom
[LOG 17:55:42.585] [PlanetariumCamera]: Focus: Diag3-Rover
[LOG 17:55:42.597] [UIApp] Adding ResourceDisplay to Application Launcher
[LOG 17:55:42.598] [UIApp] Adding ResourceDisplay to Application Launcher
[LOG 17:55:42.607] [ResourceDisplay] OnAppStarted(): id: -1124336
[LOG 17:55:42.607] [GenericAppFrame] Reposition 0.1004289 51613
[LOG 17:55:42.607] [ResourceDisplay] OnAppStarted(): id: 266408
[LOG 17:55:42.607] ResourceDisplay already exist, destroying this instance
[LOG 17:55:42.607] [UIApp] OnDestroy: ResourceDisplay
[LOG 17:55:42.617] [UIApp] Adding AlarmClock to Application Launcher
[LOG 17:55:42.618] [UIApp] Adding ActionGroupsApp to Application Launcher
[LOG 17:55:42.619] [UIApp] Adding Missions App to Application Launcher
[LOG 17:55:42.619] CURRENCY WIDGET False False False
[LOG 17:55:42.621] [UIApp] OnDestroy: CurrencyWidgetsApp
[LOG 17:55:42.641] [GenericAppFrame] Reposition 0.1243767 51615
[LOG 17:55:42.643] [ActionGroupsApp] OnAppStarted(): id: -1124360
[LOG 17:55:42.644] [GenericAppFrame] Reposition 0.1243767 51615
[LOG 17:55:42.644] [UIApp] Adding DeltaVApp to Application Launcher
[LOG 17:55:42.645] [MissionsApp] OnAppStarted(): id: -1124348
[LOG 17:55:42.645] MissionsApp does not execute in this game mode, destroying this instance
[LOG 17:55:42.645] [UIApp] OnDestroy: Missions App
[LOG 17:55:42.654] [GenericAppFrame] Reposition 0.1472224 51616
[LOG 17:55:42.663] [UIApp] Adding Cargo to Application Launcher
[LOG 17:55:42.664] [UIApp] Adding Construction to Application Launcher
[LOG 17:55:42.664] [UIApp] Adding KSPedia to Application Launcher
[LOG 17:55:42.674] [UIApp] Adding ManeuverTool to Application Launcher
[LOG 17:55:42.675] [ApplicationLauncher] SetHidden: 
[LOG 17:55:42.694] [GenericAppFrame] Reposition 0.1842105 51619
[LOG 17:55:42.701] [ManeuverTool]: Found 1 transfer types
[LOG 17:55:42.740] Flight State Captured
[LOG 17:55:42.740] Saving Achievements Tree...
[LOG 17:55:42.740] Saving Achievements Tree...
[LOG 17:55:42.741] [MessageSystem] Save Messages
[LOG 17:55:42.766] Game State Saved as persistent
[LOG 17:55:43.669] Unpacking Diag3-Rover
[LOG 17:55:43.681] [UIMasterController]: ShowUI
[LOG 17:55:45.926] [FLIGHT GLOBALS]: Switching To Vessel Vaisseau sans nom ---------------------- 
[LOG 17:55:45.926] Packing Diag3-Rover for orbit
[LOG 17:55:45.927] [PlanetariumCamera]: Focus: Vaisseau sans nom
[LOG 17:55:45.932] Camera Mode: AUTO
[LOG 17:55:46.052] Unpacking Vaisseau sans nom
[LOG 17:55:49.809] Game Paused!
[LOG 17:55:49.809] [UIMasterController]: ShowUI
[LOG 17:55:50.486] [SceneLoadSpeedBoost] Save loaded from disk in 21ms
[LOG 17:55:51.940] [KSPUpgradePipeline]: claude (1.12.5) is up to date.
[LOG 17:55:51.949] [ScenarioTypes]: List Created 23 scenario types loaded from 8 loaded assemblies.
[LOG 17:55:51.949] [MessageSystem] Load Messages
[LOG 17:55:51.950] [UIMasterController]: HideUI
[LOG 17:55:51.995] [HighLogic]: =========================== Scene Change : From FLIGHT to FLIGHT =====================
[LOG 17:55:51.996] Game Unpaused!
[LOG 17:55:52.124] [UIApp] OnDestroy: Construction
[LOG 17:55:52.124] [UIApp] OnDestroy: ResourceDisplay
[LOG 17:55:52.124] [UIApp] OnDestroy: ActionGroupsApp
[LOG 17:55:52.124] [UIApp] OnDestroy: AlarmClock
[LOG 17:55:52.124] KbApp.OnDestroy Planet Resources
[LOG 17:55:52.124] KbApp.OnDestroy NullName
[LOG 17:55:52.124] KbApp.OnDestroy Vessel Info
[LOG 17:55:52.124] [UIApp] OnDestroy: KSPedia
[LOG 17:55:52.125] [UIApp] OnDestroy: ManeuverTool
[LOG 17:55:52.125] [UIApp] OnDestroy: DeltaVApp
[LOG 17:55:52.125] [PlanetariumCamera]: Focus: Kerbin
[LOG 17:55:52.126] KbApp.OnDestroy Unowned Info
[LOG 17:55:52.126] [UIApp] OnDestroy: Cargo
[LOG 17:55:52.126] KbApp.OnDestroy Vessel Crew
[LOG 17:55:52.126] KbApp.OnDestroy Planet Parameters
[LOG 17:55:52.126] KbApp.OnDestroy Planet Info
[LOG 17:55:52.127] [KSPCF:MemoryLeaks] Removed a onVesselChange callback owned by a destroyed Assembly-CSharp:ModuleDeployableSolarPanel instance
[LOG 17:55:52.127] [KSPCF:MemoryLeaks] Removed a onVesselChange callback owned by a destroyed Assembly-CSharp:ModuleDeployableSolarPanel instance
[LOG 17:55:52.127] [KSPCF:MemoryLeaks] Removed a onVesselChange callback owned by a destroyed Assembly-CSharp:ModuleDeployableSolarPanel instance
[LOG 17:55:52.127] [KSPCF:MemoryLeaks] Removed a onVesselChange callback owned by a destroyed Assembly-CSharp:ModuleDeployableSolarPanel instance
[LOG 17:55:52.127] [KSPCF:MemoryLeaks] Removed a onVesselChange callback owned by a destroyed Assembly-CSharp:ModuleDeployableSolarPanel instance
[LOG 17:55:52.127] [KSPCF:MemoryLeaks] Removed a onVesselChange callback owned by a destroyed Assembly-CSharp:ModuleDeployableSolarPanel instance
[LOG 17:55:52.127] [KSPCF:MemoryLeaks] Removed a OnMapExited callback owned by a destroyed Assembly-CSharp:NavBallToggle instance
[LOG 17:55:52.127] [KSPCF:MemoryLeaks] Removed a OnGameSettingsApplied callback owned by a destroyed Assembly-CSharp:VesselAutopilotUI instance
[LOG 17:55:52.127] [KSPCF:MemoryLeaks] Removed a onPartActionUICreate callback owned by a destroyed Assembly-CSharp:ModuleInventoryPart instance
[LOG 17:55:52.127] [KSPCF:MemoryLeaks] Removed a onModuleInventoryChanged callback owned by a destroyed Assembly-CSharp:ModuleInventoryPart instance
[LOG 17:55:52.128] [KSPCF:MemoryLeaks] Removed a OnDestructibleLoaded callback owned by a destroyed Assembly-CSharp:RunwayCollisionHandler instance
[LOG 17:55:52.128] [KSPCF:MemoryLeaks] Removed a OnClick callback owned by a destroyed Assembly-CSharp:EVAConstructionModeEditor instance
[LOG 17:55:52.128] [KSPCF:MemoryLeaks] Removed a TimingManager.Instance.timing5.onLateUpdate callback owned by a destroyed Assembly-CSharp:MapView instance
[LOG 17:55:52.128] [KSPCF:MemoryLeaks] Leaving scene "Flight", cleaned 75 memory leaks in 0.002s. GameEvents callbacks : 528. Allocated memory : 677.012 MiB (managed heap), 2.223 GiB (unmanaged)
[LOG 17:55:52.133] UICanvasPrefabSpawner FlightUI spawning Flight
[LOG 17:55:52.146] UICanvasPrefabSpawner FlightUI spawning VesselLabels
[LOG 17:55:52.147] [UiApp] Awake: ResourceDisplay
[LOG 17:55:52.203] [AddonLoader]: Instantiating addon 'AeroGUI' from assembly 'KSP'
[LOG 17:55:52.211] [AddonLoader]: Instantiating addon 'TerrainPrecisionFixDiagMod' from assembly 'TerrainPrecisionFixDiagMod'
[LOG 17:55:52.211] [PlanetariumCamera]: Focus: Kerbin
[LOG 17:55:52.212] [UIMasterController]: HideUI
[LOG 17:55:52.427] [UIMasterController]: HideUI
[LOG 17:55:52.427] ------------------- initializing flight mode... ------------------
[LOG 17:55:52.427] GetSubclassesOfParentClass: Using cached results for AlarmTypeBase
[LOG 17:55:52.428] Loading Depletion Nodes
[LOG 17:55:52.428] DepNodeCount:  0
[LOG 17:55:52.428] Loading Biome Nodes
[LOG 17:55:52.428] BiomeNodeCount:  0
[LOG 17:55:52.428] Loading Planet Nodes
[LOG 17:55:52.428] PlanetNodeCount:  0
[LOG 17:55:52.429] [ScenarioDestructibles]: Loading... 0 objects registered
[LOG 17:55:52.452] Target vessel index: 7  vessel count: 11
[LOG 17:55:52.453] [FLIGHT GLOBALS]: Switching To Vessel Diag3-Rover ---------------------- 
[LOG 17:55:52.453] setting new dominant body: Kerbin
FlightGlobals.mainBody: Kerbin
[LOG 17:55:52.453] Reference Frame: Rotating
[LOG 17:55:52.474] [Diag3-Rover]: landed - waiting for ground contact to resume physics...
[LOG 17:55:52.474] Camera Mode: AUTO
[LOG 17:55:54.138] all systems started
[LOG 17:55:54.226] [Vaisseau sans nom]: landed - waiting for ground contact to resume physics...
[LOG 17:55:54.248] [UiApp] Awake: CurrencyWidgetsApp
[LOG 17:55:54.248] [UiApp] Awake: ResourceDisplay
[LOG 17:55:54.248] [UiApp] Awake: KSPedia
[LOG 17:55:54.249] [UiApp] Awake: Missions App
[LOG 17:55:54.249] [UiApp] Awake: DeltaVApp
[LOG 17:55:54.249] [UiApp] Awake: ActionGroupsApp
[LOG 17:55:54.249] [UiApp] Awake: Construction
[LOG 17:55:54.249] [UiApp] Awake: Cargo
[LOG 17:55:54.249] [UiApp] Awake: AlarmClock
[LOG 17:55:54.249] [UiApp] Awake: ManeuverTool
[LOG 17:55:54.249] [ApplicationLauncher] OnSceneLoadedGUIReady: scene FLIGHT ShouldBeVisible() True ShouldBeOnTop() True iIsPositionedAtTop True
[LOG 17:55:54.250] [KnowledgeBase] OnAppLauncherReady 52280
[LOG 17:55:54.259] [UIApp] OnDestroy: Contracts
[LOG 17:55:54.289] [FlightIntegrator]: Reloaded drag cube for zeroed cube root part trussPiece3x (Diag3-Rover) on vessel Diag3-Rover
[LOG 17:55:54.292] [MessageSystem] Reposition 0.02 52281
[LOG 17:55:54.292] [GenericAppFrame] Reposition 0.02 52281
[LOG 17:55:54.292] [GenericAppFrame] Reposition 0.02 52281
[LOG 17:55:54.345] [FlightIntegrator]: Reloaded drag cube for zeroed cube root part fuelTankSmallFlat (Vaisseau sans nom) on vessel Vaisseau sans nom
[LOG 17:55:54.349] [PlanetariumCamera]: Focus: Diag3-Rover
[LOG 17:55:54.362] [UIApp] Adding ResourceDisplay to Application Launcher
[LOG 17:55:54.363] [UIApp] Adding ResourceDisplay to Application Launcher
[LOG 17:55:54.370] [ResourceDisplay] OnAppStarted(): id: -1168590
[LOG 17:55:54.371] [GenericAppFrame] Reposition 0.0995128 52285
[LOG 17:55:54.371] [ResourceDisplay] OnAppStarted(): id: 266540
[LOG 17:55:54.371] ResourceDisplay already exist, destroying this instance
[LOG 17:55:54.371] [UIApp] OnDestroy: ResourceDisplay
[LOG 17:55:54.384] [UIApp] Adding AlarmClock to Application Launcher
[LOG 17:55:54.385] [UIApp] Adding ActionGroupsApp to Application Launcher
[LOG 17:55:54.386] [UIApp] Adding Missions App to Application Launcher
[LOG 17:55:54.386] CURRENCY WIDGET False False False
[LOG 17:55:54.388] [UIApp] OnDestroy: CurrencyWidgetsApp
[LOG 17:55:54.408] [GenericAppFrame] Reposition 0.1254608 52287
[LOG 17:55:54.410] [ActionGroupsApp] OnAppStarted(): id: -1168614
[LOG 17:55:54.410] [GenericAppFrame] Reposition 0.1254608 52287
[LOG 17:55:54.410] [UIApp] Adding DeltaVApp to Application Launcher
[LOG 17:55:54.411] [MissionsApp] OnAppStarted(): id: -1168602
[LOG 17:55:54.411] MissionsApp does not execute in this game mode, destroying this instance
[LOG 17:55:54.411] [UIApp] OnDestroy: Missions App
[LOG 17:55:54.420] [GenericAppFrame] Reposition 0.1481458 52288
[LOG 17:55:54.428] [UIApp] Adding Cargo to Application Launcher
[LOG 17:55:54.429] [UIApp] Adding Construction to Application Launcher
[LOG 17:55:54.430] [UIApp] Adding KSPedia to Application Launcher
[LOG 17:55:54.442] [UIApp] Adding ManeuverTool to Application Launcher
[LOG 17:55:54.443] [ApplicationLauncher] SetHidden: 
[LOG 17:55:54.462] [GenericAppFrame] Reposition 0.187421 52291
[LOG 17:55:54.472] [ManeuverTool]: Found 1 transfer types
[LOG 17:55:54.510] Flight State Captured
[LOG 17:55:54.510] Saving Achievements Tree...
[LOG 17:55:54.510] Saving Achievements Tree...
[LOG 17:55:54.510] [MessageSystem] Save Messages
[LOG 17:55:54.528] Game State Saved as persistent
[LOG 17:55:55.466] Unpacking Diag3-Rover
[LOG 17:55:55.475] [UIMasterController]: ShowUI
[LOG 17:55:59.028] [FLIGHT GLOBALS]: Switching To Vessel Vaisseau sans nom ---------------------- 
[LOG 17:55:59.028] Packing Diag3-Rover for orbit
[LOG 17:55:59.029] [PlanetariumCamera]: Focus: Vaisseau sans nom
[LOG 17:55:59.034] Camera Mode: AUTO
[LOG 17:55:59.147] Unpacking Vaisseau sans nom
[LOG 17:56:00.770] Game Paused!
[LOG 17:56:00.770] [UIMasterController]: ShowUI
[LOG 17:56:01.298] [SceneLoadSpeedBoost] Save loaded from disk in 23ms
[LOG 17:56:03.677] [KSPUpgradePipeline]: claude (1.12.5) is up to date.
[LOG 17:56:03.686] [ScenarioTypes]: List Created 23 scenario types loaded from 8 loaded assemblies.
[LOG 17:56:03.686] [MessageSystem] Load Messages
[LOG 17:56:03.687] [UIMasterController]: HideUI
[LOG 17:56:03.733] [HighLogic]: =========================== Scene Change : From FLIGHT to FLIGHT =====================
[LOG 17:56:03.733] Game Unpaused!
[LOG 17:56:03.848] [UIApp] OnDestroy: DeltaVApp
[LOG 17:56:03.848] [UIApp] OnDestroy: Construction
[LOG 17:56:03.848] [UIApp] OnDestroy: AlarmClock
[LOG 17:56:03.848] KbApp.OnDestroy Planet Parameters
[LOG 17:56:03.848] [UIApp] OnDestroy: Cargo
[LOG 17:56:03.848] KbApp.OnDestroy NullName
[LOG 17:56:03.849] KbApp.OnDestroy Planet Info
[LOG 17:56:03.849] [UIApp] OnDestroy: ResourceDisplay
[LOG 17:56:03.849] KbApp.OnDestroy Vessel Info
[LOG 17:56:03.849] [PlanetariumCamera]: Focus: Kerbin
[LOG 17:56:03.850] [UIApp] OnDestroy: ManeuverTool
[LOG 17:56:03.850] [UIApp] OnDestroy: ActionGroupsApp
[LOG 17:56:03.850] [UIApp] OnDestroy: KSPedia
[LOG 17:56:03.850] KbApp.OnDestroy Unowned Info
[LOG 17:56:03.850] KbApp.OnDestroy Planet Resources
[LOG 17:56:03.850] KbApp.OnDestroy Vessel Crew
[LOG 17:56:03.851] [KSPCF:MemoryLeaks] Removed a onVesselChange callback owned by a destroyed Assembly-CSharp:ModuleDeployableSolarPanel instance
[LOG 17:56:03.851] [KSPCF:MemoryLeaks] Removed a onVesselChange callback owned by a destroyed Assembly-CSharp:ModuleDeployableSolarPanel instance
[LOG 17:56:03.851] [KSPCF:MemoryLeaks] Removed a onVesselChange callback owned by a destroyed Assembly-CSharp:ModuleDeployableSolarPanel instance
[LOG 17:56:03.851] [KSPCF:MemoryLeaks] Removed a onVesselChange callback owned by a destroyed Assembly-CSharp:ModuleDeployableSolarPanel instance
[LOG 17:56:03.851] [KSPCF:MemoryLeaks] Removed a onVesselChange callback owned by a destroyed Assembly-CSharp:ModuleDeployableSolarPanel instance
[LOG 17:56:03.851] [KSPCF:MemoryLeaks] Removed a onVesselChange callback owned by a destroyed Assembly-CSharp:ModuleDeployableSolarPanel instance
[LOG 17:56:03.851] [KSPCF:MemoryLeaks] Removed a OnMapExited callback owned by a destroyed Assembly-CSharp:NavBallToggle instance
[LOG 17:56:03.852] [KSPCF:MemoryLeaks] Removed a OnGameSettingsApplied callback owned by a destroyed Assembly-CSharp:VesselAutopilotUI instance
[LOG 17:56:03.852] [KSPCF:MemoryLeaks] Removed a onPartActionUICreate callback owned by a destroyed Assembly-CSharp:ModuleInventoryPart instance
[LOG 17:56:03.852] [KSPCF:MemoryLeaks] Removed a onModuleInventoryChanged callback owned by a destroyed Assembly-CSharp:ModuleInventoryPart instance
[LOG 17:56:03.852] [KSPCF:MemoryLeaks] Removed a OnDestructibleLoaded callback owned by a destroyed Assembly-CSharp:RunwayCollisionHandler instance
[LOG 17:56:03.852] [KSPCF:MemoryLeaks] Removed a OnClick callback owned by a destroyed Assembly-CSharp:EVAConstructionModeEditor instance
[LOG 17:56:03.852] [KSPCF:MemoryLeaks] Removed a TimingManager.Instance.timing5.onLateUpdate callback owned by a destroyed Assembly-CSharp:MapView instance
[LOG 17:56:03.852] [KSPCF:MemoryLeaks] Leaving scene "Flight", cleaned 75 memory leaks in 0.002s. GameEvents callbacks : 528. Allocated memory : 685.094 MiB (managed heap), 2.225 GiB (unmanaged)
[LOG 17:56:03.858] UICanvasPrefabSpawner FlightUI spawning Flight
[LOG 17:56:03.870] UICanvasPrefabSpawner FlightUI spawning VesselLabels
[LOG 17:56:03.871] [UiApp] Awake: ResourceDisplay
[LOG 17:56:03.927] [AddonLoader]: Instantiating addon 'AeroGUI' from assembly 'KSP'
[LOG 17:56:03.934] [AddonLoader]: Instantiating addon 'TerrainPrecisionFixDiagMod' from assembly 'TerrainPrecisionFixDiagMod'
[LOG 17:56:03.936] [PlanetariumCamera]: Focus: Kerbin
[LOG 17:56:03.936] [UIMasterController]: HideUI
[LOG 17:56:04.153] [UIMasterController]: HideUI
[LOG 17:56:04.153] ------------------- initializing flight mode... ------------------
[LOG 17:56:04.154] GetSubclassesOfParentClass: Using cached results for AlarmTypeBase
[LOG 17:56:04.154] Loading Depletion Nodes
[LOG 17:56:04.154] DepNodeCount:  0
[LOG 17:56:04.154] Loading Biome Nodes
[LOG 17:56:04.154] BiomeNodeCount:  0
[LOG 17:56:04.154] Loading Planet Nodes
[LOG 17:56:04.154] PlanetNodeCount:  0
[LOG 17:56:04.156] [ScenarioDestructibles]: Loading... 0 objects registered
[LOG 17:56:04.179] Target vessel index: 7  vessel count: 11
[LOG 17:56:04.179] [FLIGHT GLOBALS]: Switching To Vessel Diag3-Rover ---------------------- 
[LOG 17:56:04.181] setting new dominant body: Kerbin
FlightGlobals.mainBody: Kerbin
[LOG 17:56:04.181] Reference Frame: Rotating
[LOG 17:56:04.202] [Diag3-Rover]: landed - waiting for ground contact to resume physics...
[LOG 17:56:04.202] Camera Mode: AUTO
[LOG 17:56:05.856] all systems started
[LOG 17:56:05.944] [Vaisseau sans nom]: landed - waiting for ground contact to resume physics...
[LOG 17:56:05.967] [UiApp] Awake: CurrencyWidgetsApp
[LOG 17:56:05.968] [UiApp] Awake: ResourceDisplay
[LOG 17:56:05.968] [UiApp] Awake: KSPedia
[LOG 17:56:05.968] [UiApp] Awake: Missions App
[LOG 17:56:05.968] [UiApp] Awake: DeltaVApp
[LOG 17:56:05.968] [UiApp] Awake: ActionGroupsApp
[LOG 17:56:05.968] [UiApp] Awake: Construction
[LOG 17:56:05.968] [UiApp] Awake: Cargo
[LOG 17:56:05.968] [UiApp] Awake: AlarmClock
[LOG 17:56:05.968] [UiApp] Awake: ManeuverTool
[LOG 17:56:05.968] [ApplicationLauncher] OnSceneLoadedGUIReady: scene FLIGHT ShouldBeVisible() True ShouldBeOnTop() True iIsPositionedAtTop True
[LOG 17:56:05.969] [KnowledgeBase] OnAppLauncherReady 52928
[LOG 17:56:05.977] [UIApp] OnDestroy: Contracts
[LOG 17:56:06.004] [FlightIntegrator]: Reloaded drag cube for zeroed cube root part trussPiece3x (Diag3-Rover) on vessel Diag3-Rover
[LOG 17:56:06.008] [MessageSystem] Reposition 0.02 52929
[LOG 17:56:06.008] [GenericAppFrame] Reposition 0.02 52929
[LOG 17:56:06.008] [GenericAppFrame] Reposition 0.02 52929
[LOG 17:56:06.059] [FlightIntegrator]: Reloaded drag cube for zeroed cube root part fuelTankSmallFlat (Vaisseau sans nom) on vessel Vaisseau sans nom
[LOG 17:56:06.062] [PlanetariumCamera]: Focus: Diag3-Rover
[LOG 17:56:06.075] [UIApp] Adding ResourceDisplay to Application Launcher
[LOG 17:56:06.076] [UIApp] Adding ResourceDisplay to Application Launcher
[LOG 17:56:06.085] [ResourceDisplay] OnAppStarted(): id: -1212890
[LOG 17:56:06.085] [GenericAppFrame] Reposition 0.1004033 52933
[LOG 17:56:06.086] [ResourceDisplay] OnAppStarted(): id: 266672
[LOG 17:56:06.086] ResourceDisplay already exist, destroying this instance
[LOG 17:56:06.086] [UIApp] OnDestroy: ResourceDisplay
[LOG 17:56:06.095] [UIApp] Adding AlarmClock to Application Launcher
[LOG 17:56:06.096] [UIApp] Adding ActionGroupsApp to Application Launcher
[LOG 17:56:06.097] [UIApp] Adding Missions App to Application Launcher
[LOG 17:56:06.097] CURRENCY WIDGET False False False
[LOG 17:56:06.099] [UIApp] OnDestroy: CurrencyWidgetsApp
[LOG 17:56:06.119] [GenericAppFrame] Reposition 0.124354 52935
[LOG 17:56:06.121] [ActionGroupsApp] OnAppStarted(): id: -1212914
[LOG 17:56:06.121] [GenericAppFrame] Reposition 0.124354 52935
[LOG 17:56:06.122] [UIApp] Adding DeltaVApp to Application Launcher
[LOG 17:56:06.123] [MissionsApp] OnAppStarted(): id: -1212902
[LOG 17:56:06.123] MissionsApp does not execute in this game mode, destroying this instance
[LOG 17:56:06.123] [UIApp] OnDestroy: Missions App
[LOG 17:56:06.131] [GenericAppFrame] Reposition 0.1464676 52936
[LOG 17:56:06.140] [UIApp] Adding Cargo to Application Launcher
[LOG 17:56:06.141] [UIApp] Adding Construction to Application Launcher
[LOG 17:56:06.142] [UIApp] Adding KSPedia to Application Launcher
[LOG 17:56:06.154] [UIApp] Adding ManeuverTool to Application Launcher
[LOG 17:56:06.156] [ApplicationLauncher] SetHidden: 
[LOG 17:56:06.172] [GenericAppFrame] Reposition 0.1852973 52939
[LOG 17:56:06.179] [ManeuverTool]: Found 1 transfer types
[LOG 17:56:06.222] Flight State Captured
[LOG 17:56:06.222] Saving Achievements Tree...
[LOG 17:56:06.222] Saving Achievements Tree...
[LOG 17:56:06.222] [MessageSystem] Save Messages
[LOG 17:56:06.246] Game State Saved as persistent
[LOG 17:56:07.169] Unpacking Diag3-Rover
[LOG 17:56:07.179] [UIMasterController]: ShowUI
[LOG 17:56:10.743] [FLIGHT GLOBALS]: Switching To Vessel Vaisseau sans nom ---------------------- 
[LOG 17:56:10.743] Packing Diag3-Rover for orbit
[LOG 17:56:10.743] [PlanetariumCamera]: Focus: Vaisseau sans nom
[LOG 17:56:10.749] Camera Mode: AUTO
[LOG 17:56:10.860] Unpacking Vaisseau sans nom
[LOG 17:56:17.970] Game Paused!
[LOG 17:56:17.970] [UIMasterController]: ShowUI
[LOG 17:56:18.670] [SceneLoadSpeedBoost] Save loaded from disk in 26ms
[LOG 17:56:19.924] [KSPUpgradePipeline]: claude (1.12.5) is up to date.
[LOG 17:56:19.933] [ScenarioTypes]: List Created 23 scenario types loaded from 8 loaded assemblies.
[LOG 17:56:19.933] [MessageSystem] Load Messages
[LOG 17:56:19.934] [UIMasterController]: HideUI
[LOG 17:56:19.978] [HighLogic]: =========================== Scene Change : From FLIGHT to FLIGHT =====================
[LOG 17:56:19.979] Game Unpaused!
[LOG 17:56:20.095] KbApp.OnDestroy Unowned Info
[LOG 17:56:20.096] [UIApp] OnDestroy: Cargo
[LOG 17:56:20.096] [UIApp] OnDestroy: AlarmClock
[LOG 17:56:20.096] [UIApp] OnDestroy: ResourceDisplay
[LOG 17:56:20.096] [UIApp] OnDestroy: Construction
[LOG 17:56:20.097] [UIApp] OnDestroy: ManeuverTool
[LOG 17:56:20.097] [PlanetariumCamera]: Focus: Kerbin
[LOG 17:56:20.097] KbApp.OnDestroy Vessel Crew
[LOG 17:56:20.097] KbApp.OnDestroy Vessel Info
[LOG 17:56:20.098] KbApp.OnDestroy NullName
[LOG 17:56:20.098] KbApp.OnDestroy Planet Parameters
[LOG 17:56:20.098] [UIApp] OnDestroy: KSPedia
[LOG 17:56:20.098] [UIApp] OnDestroy: DeltaVApp
[LOG 17:56:20.099] [UIApp] OnDestroy: ActionGroupsApp
[LOG 17:56:20.099] KbApp.OnDestroy Planet Resources
[LOG 17:56:20.099] KbApp.OnDestroy Planet Info
[LOG 17:56:20.100] [KSPCF:MemoryLeaks] Removed a onVesselChange callback owned by a destroyed Assembly-CSharp:ModuleDeployableSolarPanel instance
[LOG 17:56:20.100] [KSPCF:MemoryLeaks] Removed a onVesselChange callback owned by a destroyed Assembly-CSharp:ModuleDeployableSolarPanel instance
[LOG 17:56:20.100] [KSPCF:MemoryLeaks] Removed a onVesselChange callback owned by a destroyed Assembly-CSharp:ModuleDeployableSolarPanel instance
[LOG 17:56:20.100] [KSPCF:MemoryLeaks] Removed a onVesselChange callback owned by a destroyed Assembly-CSharp:ModuleDeployableSolarPanel instance
[LOG 17:56:20.100] [KSPCF:MemoryLeaks] Removed a onVesselChange callback owned by a destroyed Assembly-CSharp:ModuleDeployableSolarPanel instance
[LOG 17:56:20.100] [KSPCF:MemoryLeaks] Removed a onVesselChange callback owned by a destroyed Assembly-CSharp:ModuleDeployableSolarPanel instance
[LOG 17:56:20.101] [KSPCF:MemoryLeaks] Removed a OnMapExited callback owned by a destroyed Assembly-CSharp:NavBallToggle instance
[LOG 17:56:20.101] [KSPCF:MemoryLeaks] Removed a OnGameSettingsApplied callback owned by a destroyed Assembly-CSharp:VesselAutopilotUI instance
[LOG 17:56:20.101] [KSPCF:MemoryLeaks] Removed a onPartActionUICreate callback owned by a destroyed Assembly-CSharp:ModuleInventoryPart instance
[LOG 17:56:20.101] [KSPCF:MemoryLeaks] Removed a onModuleInventoryChanged callback owned by a destroyed Assembly-CSharp:ModuleInventoryPart instance
[LOG 17:56:20.101] [KSPCF:MemoryLeaks] Removed a OnDestructibleLoaded callback owned by a destroyed Assembly-CSharp:RunwayCollisionHandler instance
[LOG 17:56:20.101] [KSPCF:MemoryLeaks] Removed a OnClick callback owned by a destroyed Assembly-CSharp:EVAConstructionModeEditor instance
[LOG 17:56:20.101] [KSPCF:MemoryLeaks] Removed a TimingManager.Instance.timing5.onLateUpdate callback owned by a destroyed Assembly-CSharp:MapView instance
[LOG 17:56:20.101] [KSPCF:MemoryLeaks] Leaving scene "Flight", cleaned 75 memory leaks in 0.002s. GameEvents callbacks : 528. Allocated memory : 709.273 MiB (managed heap), 2.225 GiB (unmanaged)
[LOG 17:56:20.107] UICanvasPrefabSpawner FlightUI spawning Flight
[LOG 17:56:20.119] UICanvasPrefabSpawner FlightUI spawning VesselLabels
[LOG 17:56:20.120] [UiApp] Awake: ResourceDisplay
[LOG 17:56:20.174] [AddonLoader]: Instantiating addon 'AeroGUI' from assembly 'KSP'
[LOG 17:56:20.183] [AddonLoader]: Instantiating addon 'TerrainPrecisionFixDiagMod' from assembly 'TerrainPrecisionFixDiagMod'
[LOG 17:56:20.183] [PlanetariumCamera]: Focus: Kerbin
[LOG 17:56:20.183] [UIMasterController]: HideUI
[LOG 17:56:20.397] [UIMasterController]: HideUI
[LOG 17:56:20.398] ------------------- initializing flight mode... ------------------
[LOG 17:56:20.398] GetSubclassesOfParentClass: Using cached results for AlarmTypeBase
[LOG 17:56:20.399] Loading Depletion Nodes
[LOG 17:56:20.399] DepNodeCount:  0
[LOG 17:56:20.399] Loading Biome Nodes
[LOG 17:56:20.399] BiomeNodeCount:  0
[LOG 17:56:20.399] Loading Planet Nodes
[LOG 17:56:20.399] PlanetNodeCount:  0
[LOG 17:56:20.400] [ScenarioDestructibles]: Loading... 0 objects registered
[LOG 17:56:20.427] Target vessel index: 7  vessel count: 11
[LOG 17:56:20.428] [FLIGHT GLOBALS]: Switching To Vessel Diag3-Rover ---------------------- 
[LOG 17:56:20.428] setting new dominant body: Kerbin
FlightGlobals.mainBody: Kerbin
[LOG 17:56:20.428] Reference Frame: Rotating
[LOG 17:56:20.449] [Diag3-Rover]: landed - waiting for ground contact to resume physics...
[LOG 17:56:20.449] Camera Mode: AUTO
[LOG 17:56:22.115] all systems started
[LOG 17:56:22.204] [Vaisseau sans nom]: landed - waiting for ground contact to resume physics...
[LOG 17:56:22.225] [UiApp] Awake: CurrencyWidgetsApp
[LOG 17:56:22.225] [UiApp] Awake: ResourceDisplay
[LOG 17:56:22.225] [UiApp] Awake: KSPedia
[LOG 17:56:22.225] [UiApp] Awake: Missions App
[LOG 17:56:22.225] [UiApp] Awake: DeltaVApp
[LOG 17:56:22.225] [UiApp] Awake: ActionGroupsApp
[LOG 17:56:22.225] [UiApp] Awake: Construction
[LOG 17:56:22.225] [UiApp] Awake: Cargo
[LOG 17:56:22.225] [UiApp] Awake: AlarmClock
[LOG 17:56:22.225] [UiApp] Awake: ManeuverTool
[LOG 17:56:22.226] [ApplicationLauncher] OnSceneLoadedGUIReady: scene FLIGHT ShouldBeVisible() True ShouldBeOnTop() True iIsPositionedAtTop True
[LOG 17:56:22.227] [KnowledgeBase] OnAppLauncherReady 53904
[LOG 17:56:22.236] [UIApp] OnDestroy: Contracts
[LOG 17:56:22.263] [FlightIntegrator]: Reloaded drag cube for zeroed cube root part trussPiece3x (Diag3-Rover) on vessel Diag3-Rover
[LOG 17:56:22.265] [MessageSystem] Reposition 0.02 53905
[LOG 17:56:22.265] [GenericAppFrame] Reposition 0.02 53905
[LOG 17:56:22.265] [GenericAppFrame] Reposition 0.02 53905
[LOG 17:56:22.316] [FlightIntegrator]: Reloaded drag cube for zeroed cube root part fuelTankSmallFlat (Vaisseau sans nom) on vessel Vaisseau sans nom
[LOG 17:56:22.320] [PlanetariumCamera]: Focus: Diag3-Rover
[LOG 17:56:22.332] [UIApp] Adding ResourceDisplay to Application Launcher
[LOG 17:56:22.333] [UIApp] Adding ResourceDisplay to Application Launcher
[LOG 17:56:22.341] [ResourceDisplay] OnAppStarted(): id: -1257168
[LOG 17:56:22.341] [GenericAppFrame] Reposition 0.09932 53909
[LOG 17:56:22.341] [ResourceDisplay] OnAppStarted(): id: 266804
[LOG 17:56:22.341] ResourceDisplay already exist, destroying this instance
[LOG 17:56:22.341] [UIApp] OnDestroy: ResourceDisplay
[LOG 17:56:22.354] [UIApp] Adding AlarmClock to Application Launcher
[LOG 17:56:22.355] [UIApp] Adding ActionGroupsApp to Application Launcher
[LOG 17:56:22.356] [UIApp] Adding Missions App to Application Launcher
[LOG 17:56:22.357] CURRENCY WIDGET False False False
[LOG 17:56:22.359] [UIApp] OnDestroy: CurrencyWidgetsApp
[LOG 17:56:22.380] [GenericAppFrame] Reposition 0.1272801 53911
[LOG 17:56:22.382] [ActionGroupsApp] OnAppStarted(): id: -1257192
[LOG 17:56:22.382] [GenericAppFrame] Reposition 0.1272801 53911
[LOG 17:56:22.382] [UIApp] Adding DeltaVApp to Application Launcher
[LOG 17:56:22.383] [MissionsApp] OnAppStarted(): id: -1257180
[LOG 17:56:22.383] MissionsApp does not execute in this game mode, destroying this instance
[LOG 17:56:22.383] [UIApp] OnDestroy: Missions App
[LOG 17:56:22.393] [GenericAppFrame] Reposition 0.1499561 53912
[LOG 17:56:22.400] [UIApp] Adding Cargo to Application Launcher
[LOG 17:56:22.401] [UIApp] Adding Construction to Application Launcher
[LOG 17:56:22.402] [UIApp] Adding KSPedia to Application Launcher
[LOG 17:56:22.412] [UIApp] Adding ManeuverTool to Application Launcher
[LOG 17:56:22.414] [ApplicationLauncher] SetHidden: 
[LOG 17:56:22.433] [GenericAppFrame] Reposition 0.1874063 53915
[LOG 17:56:22.440] [ManeuverTool]: Found 1 transfer types
[LOG 17:56:22.481] Flight State Captured
[LOG 17:56:22.482] Saving Achievements Tree...
[LOG 17:56:22.482] Saving Achievements Tree...
[LOG 17:56:22.482] [MessageSystem] Save Messages
[LOG 17:56:22.507] Game State Saved as persistent
[LOG 17:56:23.439] Unpacking Diag3-Rover
[LOG 17:56:23.454] [UIMasterController]: ShowUI
[LOG 17:56:27.353] [FLIGHT GLOBALS]: Switching To Vessel Vaisseau sans nom ---------------------- 
[LOG 17:56:27.353] Packing Diag3-Rover for orbit
[LOG 17:56:27.354] [PlanetariumCamera]: Focus: Vaisseau sans nom
[LOG 17:56:27.358] Camera Mode: AUTO
[LOG 17:56:27.469] Unpacking Vaisseau sans nom
[LOG 17:56:31.075] Game Paused!
[LOG 17:56:31.075] [UIMasterController]: ShowUI
[LOG 17:56:31.758] [SceneLoadSpeedBoost] Save loaded from disk in 29ms
[LOG 17:56:33.763] [KSPUpgradePipeline]: claude (1.12.5) is up to date.
[LOG 17:56:33.771] [ScenarioTypes]: List Created 23 scenario types loaded from 8 loaded assemblies.
[LOG 17:56:33.771] [MessageSystem] Load Messages
[LOG 17:56:33.772] [UIMasterController]: HideUI
[LOG 17:56:33.816] [HighLogic]: =========================== Scene Change : From FLIGHT to FLIGHT =====================
[LOG 17:56:33.817] Game Unpaused!
[LOG 17:56:33.933] KbApp.OnDestroy NullName
[LOG 17:56:33.933] KbApp.OnDestroy Vessel Info
[LOG 17:56:33.933] [UIApp] OnDestroy: DeltaVApp
[LOG 17:56:33.933] [UIApp] OnDestroy: AlarmClock
[LOG 17:56:33.933] KbApp.OnDestroy Planet Parameters
[LOG 17:56:33.933] [UIApp] OnDestroy: ManeuverTool
[LOG 17:56:33.933] [UIApp] OnDestroy: ActionGroupsApp
[LOG 17:56:33.934] [PlanetariumCamera]: Focus: Kerbin
[LOG 17:56:33.934] KbApp.OnDestroy Planet Resources
[LOG 17:56:33.934] KbApp.OnDestroy Vessel Crew
[LOG 17:56:33.934] KbApp.OnDestroy Planet Info
[LOG 17:56:33.934] [UIApp] OnDestroy: ResourceDisplay
[LOG 17:56:33.934] [UIApp] OnDestroy: KSPedia
[LOG 17:56:33.934] [UIApp] OnDestroy: Cargo
[LOG 17:56:33.935] KbApp.OnDestroy Unowned Info
[LOG 17:56:33.935] [UIApp] OnDestroy: Construction
[LOG 17:56:33.936] [KSPCF:MemoryLeaks] Removed a onVesselChange callback owned by a destroyed Assembly-CSharp:ModuleDeployableSolarPanel instance
[LOG 17:56:33.936] [KSPCF:MemoryLeaks] Removed a onVesselChange callback owned by a destroyed Assembly-CSharp:ModuleDeployableSolarPanel instance
[LOG 17:56:33.936] [KSPCF:MemoryLeaks] Removed a onVesselChange callback owned by a destroyed Assembly-CSharp:ModuleDeployableSolarPanel instance
[LOG 17:56:33.936] [KSPCF:MemoryLeaks] Removed a onVesselChange callback owned by a destroyed Assembly-CSharp:ModuleDeployableSolarPanel instance
[LOG 17:56:33.937] [KSPCF:MemoryLeaks] Removed a onVesselChange callback owned by a destroyed Assembly-CSharp:ModuleDeployableSolarPanel instance
[LOG 17:56:33.937] [KSPCF:MemoryLeaks] Removed a onVesselChange callback owned by a destroyed Assembly-CSharp:ModuleDeployableSolarPanel instance
[LOG 17:56:33.937] [KSPCF:MemoryLeaks] Removed a OnMapExited callback owned by a destroyed Assembly-CSharp:NavBallToggle instance
[LOG 17:56:33.937] [KSPCF:MemoryLeaks] Removed a OnGameSettingsApplied callback owned by a destroyed Assembly-CSharp:VesselAutopilotUI instance
[LOG 17:56:33.937] [KSPCF:MemoryLeaks] Removed a onPartActionUICreate callback owned by a destroyed Assembly-CSharp:ModuleInventoryPart instance
[LOG 17:56:33.937] [KSPCF:MemoryLeaks] Removed a onModuleInventoryChanged callback owned by a destroyed Assembly-CSharp:ModuleInventoryPart instance
[LOG 17:56:33.938] [KSPCF:MemoryLeaks] Removed a OnDestructibleLoaded callback owned by a destroyed Assembly-CSharp:RunwayCollisionHandler instance
[LOG 17:56:33.938] [KSPCF:MemoryLeaks] Removed a OnClick callback owned by a destroyed Assembly-CSharp:EVAConstructionModeEditor instance
[LOG 17:56:33.938] [KSPCF:MemoryLeaks] Removed a TimingManager.Instance.timing5.onLateUpdate callback owned by a destroyed Assembly-CSharp:MapView instance
[LOG 17:56:33.938] [KSPCF:MemoryLeaks] Leaving scene "Flight", cleaned 75 memory leaks in 0.002s. GameEvents callbacks : 528. Allocated memory : 698.703 MiB (managed heap), 2.225 GiB (unmanaged)
[LOG 17:56:33.943] UICanvasPrefabSpawner FlightUI spawning Flight
[LOG 17:56:33.956] UICanvasPrefabSpawner FlightUI spawning VesselLabels
[LOG 17:56:33.956] [UiApp] Awake: ResourceDisplay
[LOG 17:56:34.012] [AddonLoader]: Instantiating addon 'AeroGUI' from assembly 'KSP'
[LOG 17:56:34.020] [AddonLoader]: Instantiating addon 'TerrainPrecisionFixDiagMod' from assembly 'TerrainPrecisionFixDiagMod'
[LOG 17:56:34.020] [PlanetariumCamera]: Focus: Kerbin
[LOG 17:56:34.020] [UIMasterController]: HideUI
[LOG 17:56:34.237] [UIMasterController]: HideUI
[LOG 17:56:34.237] ------------------- initializing flight mode... ------------------
[LOG 17:56:34.237] GetSubclassesOfParentClass: Using cached results for AlarmTypeBase
[LOG 17:56:34.238] Loading Depletion Nodes
[LOG 17:56:34.238] DepNodeCount:  0
[LOG 17:56:34.238] Loading Biome Nodes
[LOG 17:56:34.238] BiomeNodeCount:  0
[LOG 17:56:34.238] Loading Planet Nodes
[LOG 17:56:34.238] PlanetNodeCount:  0
[LOG 17:56:34.239] [ScenarioDestructibles]: Loading... 0 objects registered
[LOG 17:56:34.266] Target vessel index: 7  vessel count: 11
[LOG 17:56:34.266] [FLIGHT GLOBALS]: Switching To Vessel Diag3-Rover ---------------------- 
[LOG 17:56:34.266] setting new dominant body: Kerbin
FlightGlobals.mainBody: Kerbin
[LOG 17:56:34.266] Reference Frame: Rotating
[LOG 17:56:34.287] [Diag3-Rover]: landed - waiting for ground contact to resume physics...
[LOG 17:56:34.288] Camera Mode: AUTO
[LOG 17:56:35.952] all systems started
[LOG 17:56:36.040] [Vaisseau sans nom]: landed - waiting for ground contact to resume physics...
[LOG 17:56:36.062] [UiApp] Awake: CurrencyWidgetsApp
[LOG 17:56:36.062] [UiApp] Awake: ResourceDisplay
[LOG 17:56:36.062] [UiApp] Awake: KSPedia
[LOG 17:56:36.062] [UiApp] Awake: Missions App
[LOG 17:56:36.062] [UiApp] Awake: DeltaVApp
[LOG 17:56:36.062] [UiApp] Awake: ActionGroupsApp
[LOG 17:56:36.062] [UiApp] Awake: Construction
[LOG 17:56:36.062] [UiApp] Awake: Cargo
[LOG 17:56:36.063] [UiApp] Awake: AlarmClock
[LOG 17:56:36.063] [UiApp] Awake: ManeuverTool
[LOG 17:56:36.063] [ApplicationLauncher] OnSceneLoadedGUIReady: scene FLIGHT ShouldBeVisible() True ShouldBeOnTop() True iIsPositionedAtTop True
[LOG 17:56:36.064] [KnowledgeBase] OnAppLauncherReady 54703
[LOG 17:56:36.072] [UIApp] OnDestroy: Contracts
[LOG 17:56:36.099] [FlightIntegrator]: Reloaded drag cube for zeroed cube root part trussPiece3x (Diag3-Rover) on vessel Diag3-Rover
[LOG 17:56:36.102] [MessageSystem] Reposition 0.02 54704
[LOG 17:56:36.102] [GenericAppFrame] Reposition 0.02 54704
[LOG 17:56:36.102] [GenericAppFrame] Reposition 0.02 54704
[LOG 17:56:36.158] [FlightIntegrator]: Reloaded drag cube for zeroed cube root part fuelTankSmallFlat (Vaisseau sans nom) on vessel Vaisseau sans nom
[LOG 17:56:36.162] [PlanetariumCamera]: Focus: Diag3-Rover
[LOG 17:56:36.175] [UIApp] Adding ResourceDisplay to Application Launcher
[LOG 17:56:36.176] [UIApp] Adding ResourceDisplay to Application Launcher
[LOG 17:56:36.186] [ResourceDisplay] OnAppStarted(): id: -1301468
[LOG 17:56:36.187] [GenericAppFrame] Reposition 0.1032536 54708
[LOG 17:56:36.187] [ResourceDisplay] OnAppStarted(): id: 266936
[LOG 17:56:36.187] ResourceDisplay already exist, destroying this instance
[LOG 17:56:36.187] [UIApp] OnDestroy: ResourceDisplay
[LOG 17:56:36.197] [UIApp] Adding AlarmClock to Application Launcher
[LOG 17:56:36.198] [UIApp] Adding ActionGroupsApp to Application Launcher
[LOG 17:56:36.199] [UIApp] Adding Missions App to Application Launcher
[LOG 17:56:36.199] CURRENCY WIDGET False False False
[LOG 17:56:36.202] [UIApp] OnDestroy: CurrencyWidgetsApp
[LOG 17:56:36.223] [GenericAppFrame] Reposition 0.1281633 54710
[LOG 17:56:36.226] [ActionGroupsApp] OnAppStarted(): id: -1301492
[LOG 17:56:36.226] [GenericAppFrame] Reposition 0.1281633 54710
[LOG 17:56:36.226] [UIApp] Adding DeltaVApp to Application Launcher
[LOG 17:56:36.227] [MissionsApp] OnAppStarted(): id: -1301480
[LOG 17:56:36.227] MissionsApp does not execute in this game mode, destroying this instance
[LOG 17:56:36.227] [UIApp] OnDestroy: Missions App
[LOG 17:56:36.237] [GenericAppFrame] Reposition 0.1541073 54711
[LOG 17:56:36.247] [UIApp] Adding Cargo to Application Launcher
[LOG 17:56:36.248] [UIApp] Adding Construction to Application Launcher
[LOG 17:56:36.249] [UIApp] Adding KSPedia to Application Launcher
[LOG 17:56:36.256] [UIApp] Adding ManeuverTool to Application Launcher
[LOG 17:56:36.257] [ApplicationLauncher] SetHidden: 
[LOG 17:56:36.279] [GenericAppFrame] Reposition 0.1917716 54714
[LOG 17:56:36.286] [ManeuverTool]: Found 1 transfer types
[LOG 17:56:36.324] Flight State Captured
[LOG 17:56:36.324] Saving Achievements Tree...
[LOG 17:56:36.324] Saving Achievements Tree...
[LOG 17:56:36.325] [MessageSystem] Save Messages
[LOG 17:56:36.347] Game State Saved as persistent
[LOG 17:56:37.289] Unpacking Diag3-Rover
[LOG 17:56:37.303] [UIMasterController]: ShowUI
[LOG 17:56:40.764] [FLIGHT GLOBALS]: Switching To Vessel Vaisseau sans nom ---------------------- 
[LOG 17:56:40.764] Packing Diag3-Rover for orbit
[LOG 17:56:40.765] [PlanetariumCamera]: Focus: Vaisseau sans nom
[LOG 17:56:40.769] Camera Mode: AUTO
[LOG 17:56:40.884] Unpacking Vaisseau sans nom
